"2800 WALKER RD, Hilliard, OH, 43026",Explicit Blacklist
"2881 WALKER RD, Hilliard, OH, 43026",Explicit Blacklist
"2897 WALKER RD, Hilliard, OH, 43026",Explicit Blacklist
"2898 WALKER RD, Hilliard, OH, 43026",Explicit Blacklist
"2900 WALKER RD, Hilliard, OH, 43026",Explicit Blacklist
"3131 MILL RUN DR, Columbus, OH, 43026",Explicit Blacklist
"3311 MILL MEADOW DR, Hilliard, OH, 43026",Commercial (Flex/Light Dist)
"3315 MILL MEADOW DR, Hilliard, OH, 43026",Commercial (Flex/Light Dist)
"3333 MILL MEADOW DR, Hilliard, OH, 43026",Commercial (Tennis Club)
"3436 HERITAGE CLUB DR, Hilliard, OH, 43026",Commercial (Retail)
"3438 HERITAGE CLUB DR, Hilliard, OH, 43026",Commercial (Retail)
"3440 HERITAGE CLUB DR, Hilliard, OH, 43026",Commercial (Retail)
"3599 PARK MILL RUN DR, Hilliard, OH, 43026",Commercial,Retail/Mixed
"3600 PARK MILL RUN DR, Columbus, OH, 43026",Commercial,Retail/Mixed
"3665 PARK MILL RUN DR, Hilliard, OH, 43026",Commercial,Retail/Mixed
"3675 PARK MILL RUN DR, Hilliard, OH, 43026",Commercial,Retail/Mixed
"3681 PARK MILL RUN DR, Hilliard, OH, 43026",Commercial,Retail/Mixed
"3687 PARK MILL RUN DR, Hilliard, OH, 43026",Commercial,Retail/Mixed
"3727 PARK MILL RUN DR, Hilliard, OH, 43026",Commercial,Retail/Mixed
"3730 MUNICIPAL WAY, Hilliard, OH, 43026",Government,Bulk_Rule
"3740 MUNICIPAL WAY, Hilliard, OH, 43026",Government,Bulk_Rule
"3747 PARK MILL RUN DR, Hilliard, OH, 43026",Commercial,Retail/Mixed
"3750 MUNICIPAL WAY, Hilliard, OH, 43026",Government,Bulk_Rule
"3750 VETERANS MEMORIAL DR, Hilliard, OH, 43026",Government,Park/Govt
"3760 MUNICIPAL WAY, Hilliard, OH, 43026",Government,Bulk_Rule
"3767 PARK MILL RUN DR, Hilliard, OH, 43026",Commercial,Retail/Mixed
"3769 PARK MILL RUN DR, Hilliard, OH, 43026",Commercial,Retail/Mixed
"3770 MUNICIPAL WAY, Hilliard, OH, 43026",Government,Bulk_Rule
"3770 VETERANS MEMORIAL DR, Hilliard, OH, 43026",Government,Park/Govt
"3771 PARK MILL RUN DR, Hilliard, OH, 43026",Commercial,Retail/Mixed
"3773 PARK MILL RUN DR, Hilliard, OH, 43026",Commercial,Retail/Mixed
"3775 TRUEMAN CT, Hilliard, OH, 43026",Commercial,Medical/Office
"3777 PARK MILL RUN DR, Hilliard, OH, 43026",Commercial,Retail/Mixed
"3777 TRUEMAN CT, Hilliard, OH, 43026",Commercial,Medical/Office
"3779 TRUEMAN CT, Hilliard, OH, 43026",Commercial,Medical/Office
"3780 MUNICIPAL WAY, Hilliard, OH, 43026",Government,Bulk_Rule
"3780 VETERANS MEMORIAL DR, Hilliard, OH, 43026",Government,Park/Govt
"3781 PARK MILL RUN DR, Hilliard, OH, 43026",Commercial,Retail/Mixed
"3783 VETERANS MEMORIAL DR, Hilliard, OH, 43026",Government,Park/Govt
"3785 PARK MILL RUN DR, Hilliard, OH, 43026",Commercial,Retail/Mixed
"3790 MUNICIPAL WAY, Hilliard, OH, 43026",Government,Bulk_Rule
"3790 VETERANS MEMORIAL DR, Hilliard, OH, 43026",Government,Park/Govt
"3791 PARK MILL RUN DR, Hilliard, OH, 43026",Commercial,Retail/Mixed
"3799 PARK MILL RUN DR, Hilliard, OH, 43026",Commercial,Retail/Mixed
"3800 MUNICIPAL WAY, Hilliard, OH, 43026",Government,Bulk_Rule
"3800 VETERANS MEMORIAL DR, Hilliard, OH, 43026",Government,Park/Govt
"3803 VETERANS MEMORIAL DR, Hilliard, OH, 43026",Government,Park/Govt
"3810 VETERANS MEMORIAL DR, Hilliard, OH, 43026",Government,Park/Govt
"3813 MUNICIPAL WAY, Hilliard, OH, 43026",Government,Bulk_Rule
"3815 MUNICIPAL WAY, Hilliard, OH, 43026",Government,Bulk_Rule
"3850 LYMAN DR, Hilliard, OH, 43026",Commercial/Industrial Street
"3900 LYMAN DR, Hilliard, OH, 43026",Commercial/Industrial Street
"3910 LYMAN DR, Hilliard, OH, 43026",Commercial/Industrial Street
"3940 LYMAN DR, Hilliard, OH, 43026",Commercial/Industrial Street
"3949 LYMAN DR, Hilliard, OH, 43026",Commercial/Industrial Street
"3950 LYMAN DR, Hilliard, OH, 43026",Commercial/Industrial Street
"4000 LYMAN DR, Hilliard, OH, 43026",Commercial/Industrial Street
"4029 WEAVER CT E, Hilliard, OH, 43026",Commercial/Industrial Street
"4038 WEAVER CT E, Hilliard, OH, 43026",Commercial/Industrial Street
"4039 LYMAN DR, Hilliard, OH, 43026",Commercial/Industrial Street
"4077 WEAVER CT S, Hilliard, OH, 43026",Commercial/Industrial Street
"4079 LYMAN DR, Hilliard, OH, 43026",Commercial/Industrial Street
"4080 LYMAN DR, Hilliard, OH, 43026",Commercial/Industrial Street
"4090 LYMAN CT, Hilliard, OH, 43026",Commercial/Industrial Street
"4090 WEAVER CT S, Hilliard, OH, 43026",Commercial/Industrial Street
"4105 LYMAN DR, Hilliard, OH, 43026",Commercial/Industrial Street
"4121 WEAVER CT E, Hilliard, OH, 43026",Commercial/Industrial Street
"4125 WEAVER CT E, Hilliard, OH, 43026",Commercial/Industrial Street
"4129 WEAVER CT E, Hilliard, OH, 43026",Commercial/Industrial Street
"4130 LYMAN DR, Hilliard, OH, 43026",Commercial/Industrial Street
"4130 WEAVER CT S, Hilliard, OH, 43026",Commercial/Industrial Street
"4133 WEAVER CT E, Hilliard, OH, 43026",Commercial/Industrial Street
"4138 WEAVER CT E, Hilliard, OH, 43026",Commercial/Industrial Street
"4143 WEAVER CT S, Hilliard, OH, 43026",Commercial/Industrial Street
"4150 LYMAN DR, Hilliard, OH, 43026",Commercial/Industrial Street
"4150 WEAVER CT S, Hilliard, OH, 43026",Commercial/Industrial Street
"4157 LYMAN DR, Hilliard, OH, 43026",Commercial/Industrial Street
"4159 LYMAN DR, Hilliard, OH, 43026",Commercial/Industrial Street
"4160 WEAVER CT S, Hilliard, OH, 43026",Commercial/Industrial Street
"4161 LYMAN DR, Hilliard, OH, 43026",Commercial/Industrial Street
"4163 LYMAN DR, Hilliard, OH, 43026",Commercial/Industrial Street
"4165 LYMAN DR, Hilliard, OH, 43026",Commercial/Industrial Street
"4167 LYMAN DR, Hilliard, OH, 43026",Commercial/Industrial Street
"4169 LYMAN DR, Hilliard, OH, 43026",Commercial/Industrial Street
"4170 WEAVER CT S, Hilliard, OH, 43026",Commercial/Industrial Street
"4171 LYMAN DR, Hilliard, OH, 43026",Commercial/Industrial Street
"4173 LYMAN DR, Hilliard, OH, 43026",Commercial/Industrial Street
"4175 LYMAN DR, Hilliard, OH, 43026",Commercial/Industrial Street
"4177 LYMAN DR, Hilliard, OH, 43026",Commercial/Industrial Street
"4179 LYMAN DR, Hilliard, OH, 43026",Commercial/Industrial Street
"4180 WEAVER CT S, Hilliard, OH, 43026",Commercial/Industrial Street
"4181 LYMAN DR, Hilliard, OH, 43026",Commercial/Industrial Street
"4190 WEAVER CT S, Hilliard, OH, 43026",Commercial/Industrial Street
"4192 WEAVER CT S, Hilliard, OH, 43026",Commercial/Industrial Street
"4194 LYMAN CT, Hilliard, OH, 43026",Commercial/Industrial Street
"4199 WEAVER CT S, Hilliard, OH, 43026",Commercial/Industrial Street
"4200 LYMAN CT, Hilliard, OH, 43026",Commercial/Industrial Street
"4200 WEAVER CT S, Hilliard, OH, 43026",Commercial/Industrial Street
"3635 DATA POINT CT, Columbus, OH, 43026",Commercial/Industrial Street
"3639 RIDGE MILL DR, Columbus, OH, 43026",Commercial/Industrial Street
"3641 RIDGE MILL DR, Columbus, OH, 43026",Commercial/Industrial Street
"3643 RIDGE MILL DR, Columbus, OH, 43026",Commercial/Industrial Street
"3645 RIDGE MILL DR, Columbus, OH, 43026",Commercial/Industrial Street
"3647 RIDGE MILL DR, Columbus, OH, 43026",Commercial/Industrial Street
"3651 RIDGE MILL DR, Columbus, OH, 43026",Commercial/Industrial Street
"3655 RIDGE MILL DR, Columbus, OH, 43026",Commercial/Industrial Street
"3659 RIDGE MILL DR, Columbus, OH, 43026",Commercial/Industrial Street
"3660 RIDGE MILL DR, Columbus, OH, 43026",Commercial/Industrial Street
"3663 RIDGE MILL DR, Columbus, OH, 43026",Commercial/Industrial Street
"3667 RIDGE MILL DR, Columbus, OH, 43026",Commercial/Industrial Street
"3671 RIDGE MILL DR, Columbus, OH, 43026",Commercial/Industrial Street
"3675 RIDGE MILL DR, Columbus, OH, 43026",Commercial/Industrial Street
"3691 RIDGE MILL DR, Columbus, OH, 43026",Commercial/Industrial Street
"3700 RIDGE MILL DR, Columbus, OH, 43026",Commercial/Industrial Street
"3710 RIDGE MILL DR, Columbus, OH, 43026",Commercial/Industrial Street
"3712 RIDGE MILL DR, Columbus, OH, 43026",Commercial/Industrial Street
"3714 RIDGE MILL DR, Columbus, OH, 43026",Commercial/Industrial Street
"3716 RIDGE MILL DR, Columbus, OH, 43026",Commercial/Industrial Street
"3718 RIDGE MILL DR, Columbus, OH, 43026",Commercial/Industrial Street
"3720 RIDGE MILL DR, Columbus, OH, 43026",Commercial/Industrial Street
"3721 RIDGE MILL DR, Columbus, OH, 43026",Commercial/Industrial Street
"3730 RIDGE MILL DR, Columbus, OH, 43026",Commercial/Industrial Street
"3731 RIDGE MILL DR, Columbus, OH, 43026",Commercial/Industrial Street
"3734 RIDGE MILL DR, Columbus, OH, 43026",Commercial/Industrial Street
"3740 RIDGE MILL DR, Columbus, OH, 43026",Commercial/Industrial Street
"3750 RIDGE MILL DR, Columbus, OH, 43026",Commercial/Industrial Street
"3755 RIDGE MILL DR, Columbus, OH, 43026",Commercial/Industrial Street
"3757 RIDGE MILL DR, Columbus, OH, 43026",Commercial/Industrial Street
"3759 RIDGE MILL DR, Columbus, OH, 43026",Commercial/Industrial Street
"3760 RIDGE MILL DR, Columbus, OH, 43026",Commercial/Industrial Street
"3761 RIDGE MILL DR, Columbus, OH, 43026",Commercial/Industrial Street
"3763 RIDGE MILL DR, Columbus, OH, 43026",Commercial/Industrial Street
"3765 RIDGE MILL DR, Columbus, OH, 43026",Commercial/Industrial Street
"3767 RIDGE MILL DR, Columbus, OH, 43026",Commercial/Industrial Street
"3769 RIDGE MILL DR, Columbus, OH, 43026",Commercial/Industrial Street
"3770 RIDGE MILL DR, Columbus, OH, 43026",Commercial/Industrial Street
"3771 RIDGE MILL DR, Columbus, OH, 43026",Commercial/Industrial Street
"3773 RIDGE MILL DR, Columbus, OH, 43026",Commercial/Industrial Street
"3775 RIDGE MILL DR, Columbus, OH, 43026",Commercial/Industrial Street
"3777 RIDGE MILL DR, Columbus, OH, 43026",Commercial/Industrial Street
"3779 RIDGE MILL DR, Columbus, OH, 43026",Commercial/Industrial Street
"3780 RIDGE MILL DR, Columbus, OH, 43026",Commercial/Industrial Street
"3781 RIDGE MILL DR, Columbus, OH, 43026",Commercial/Industrial Street
"3783 RIDGE MILL DR, Columbus, OH, 43026",Commercial/Industrial Street
"3785 RIDGE MILL DR, Columbus, OH, 43026",Commercial/Industrial Street
"3787 RIDGE MILL DR, Columbus, OH, 43026",Commercial/Industrial Street
"3789 RIDGE MILL DR, Columbus, OH, 43026",Commercial/Industrial Street
"3791 RIDGE MILL DR, Columbus, OH, 43026",Commercial/Industrial Street
"3793 RIDGE MILL DR, Columbus, OH, 43026",Commercial/Industrial Street
"3795 RIDGE MILL DR, Columbus, OH, 43026",Commercial/Industrial Street
"3797 RIDGE MILL DR, Columbus, OH, 43026",Commercial/Industrial Street
"3799 RIDGE MILL DR, Columbus, OH, 43026",Commercial/Industrial Street
"3823 MUNICIPAL WAY, Hilliard, OH, 43026",Commercial/Industrial Street
"3825 MUNICIPAL WAY, Hilliard, OH, 43026",Commercial/Industrial Street
"3827 MUNICIPAL WAY, Hilliard, OH, 43026",Commercial/Industrial Street
"3831 PARK MILL RUN DR, Hilliard, OH, 43026",Commercial/Industrial Street
"3841 PARK MILL RUN DR, Hilliard, OH, 43026",Commercial/Industrial Street
"3861 PARK MILL RUN DR, Hilliard, OH, 43026",Commercial/Industrial Street
"3880 PARK MILL RUN DR, Columbus, OH, 43026",Commercial/Industrial Street
"3555 FISHINGER BLVD 13, Columbus, OH, 43026",Commercial/Industrial Street
"3582 FISHINGER BLVD D, Columbus, OH, 43026",Commercial/Industrial Street
"3586 FISHINGER BLVD C, Columbus, OH, 43026",Commercial/Industrial Street
"3590 FISHINGER BLVD B, Columbus, OH, 43026",Commercial/Industrial Street
"3592 FISHINGER BLVD E, Columbus, OH, 43026",Commercial/Industrial Street
"3600 FISHINGER BLVD A, Columbus, OH, 43026",Commercial/Industrial Street
"3823 TRUEMAN CT, Hilliard, OH, 43026",Commercial/Industrial Street
"3825 TRUEMAN CT, Hilliard, OH, 43026",Commercial/Industrial Street
"3827 TRUEMAN CT, Hilliard, OH, 43026",Commercial/Industrial Street
"3830 TRUEMAN CT, Hilliard, OH, 43026",Commercial/Industrial Street
"3831 TRUEMAN CT, Hilliard, OH, 43026",Commercial/Industrial Street
"3837 VETERANS MEMORIAL DR, Hilliard, OH, 43026",Commercial/Industrial Street
"3839 TRUEMAN CT, Hilliard, OH, 43026",Commercial/Industrial Street
"3839 VETERANS MEMORIAL DR, Hilliard, OH, 43026",Commercial/Industrial Street
"3841 TRUEMAN CT, Hilliard, OH, 43026",Commercial/Industrial Street
"3843 TRUEMAN CT, Hilliard, OH, 43026",Commercial/Industrial Street
"3845 TRUEMAN CT, Hilliard, OH, 43026",Commercial/Industrial Street
"3845 VETERANS MEMORIAL DR, Hilliard, OH, 43026",Commercial/Industrial Street
"3847 VETERANS MEMORIAL DR, Hilliard, OH, 43026",Commercial/Industrial Street
"3850 VETERANS MEMORIAL DR, Hilliard, OH, 43026",Commercial/Industrial Street
"3852 VETERANS MEMORIAL DR, Hilliard, OH, 43026",Commercial/Industrial Street
"3853 TRUEMAN CT, Hilliard, OH, 43026",Commercial/Industrial Street
"3854 VETERANS MEMORIAL DR, Hilliard, OH, 43026",Commercial/Industrial Street
"3855 TRUEMAN CT, Hilliard, OH, 43026",Commercial/Industrial Street
"3857 TRUEMAN CT, Hilliard, OH, 43026",Commercial/Industrial Street
"3859 TRUEMAN CT, Hilliard, OH, 43026",Commercial/Industrial Street
"3861 TRUEMAN CT, Hilliard, OH, 43026",Commercial/Industrial Street
"3863 TRUEMAN CT, Hilliard, OH, 43026",Commercial/Industrial Street
"3871 VETERANS MEMORIAL DR, Hilliard, OH, 43026",Commercial/Industrial Street
"3879 VETERANS MEMORIAL DR, Hilliard, OH, 43026",Commercial/Industrial Street
"3883 VETERANS MEMORIAL DR, Hilliard, OH, 43026",Commercial/Industrial Street
"3721 FISHINGER RD, Columbus, OH, 43026",Commercial Street (FISHINGER RD)
"3880 BROWN PARK DR, Hilliard, OH, 43026",Commercial Street (BROWN PARK DR)
"3906 BROWN PARK DR, Hilliard, OH, 43026",Commercial Street (BROWN PARK DR)
"3914 BROWN PARK DR, Hilliard, OH, 43026",Commercial Street (BROWN PARK DR)
"3927 BROWN PARK DR, Hilliard, OH, 43026",Commercial Street (BROWN PARK DR)
"3932 BROWN PARK DR, Hilliard, OH, 43026",Commercial Street (BROWN PARK DR)
"3955 BROWN PARK DR, Hilliard, OH, 43026",Commercial Street (BROWN PARK DR)
"3956 BROWN PARK DR, Hilliard, OH, 43026",Commercial Street (BROWN PARK DR)
"3958 BROWN PARK DR, Hilliard, OH, 43026",Commercial Street (BROWN PARK DR)
"3960 BROWN PARK DR, Hilliard, OH, 43026",Commercial Street (BROWN PARK DR)
"3962 BROWN PARK DR, Hilliard, OH, 43026",Commercial Street (BROWN PARK DR)
"3964 BROWN PARK DR, Hilliard, OH, 43026",Commercial Street (BROWN PARK DR)
"3966 BROWN PARK DR, Hilliard, OH, 43026",Commercial Street (BROWN PARK DR)
"3968 BROWN PARK DR, Hilliard, OH, 43026",Commercial Street (BROWN PARK DR)
"3970 BROWN PARK DR, Hilliard, OH, 43026",Commercial Street (BROWN PARK DR)
"3972 BROWN PARK DR, Hilliard, OH, 43026",Commercial Street (BROWN PARK DR)
"3974 BROWN PARK DR, Hilliard, OH, 43026",Commercial Street (BROWN PARK DR)
"3975 BROWN PARK DR, Hilliard, OH, 43026",Commercial Street (BROWN PARK DR)
"3993 BROWN PARK DR, Hilliard, OH, 43026",Commercial Street (BROWN PARK DR)
"3885 BERRY LEAF LN, Hilliard, OH, 43026",Commercial Street (BERRY LEAF LN)
"3905 BERRY LEAF LN, Hilliard, OH, 43026",Commercial Street (BERRY LEAF LN)
"3913 BERRY LEAF LN, Hilliard, OH, 43026",Commercial Street (BERRY LEAF LN)
"3915 BERRY LEAF LN, Hilliard, OH, 43026",Commercial Street (BERRY LEAF LN)
"3919 BERRY LEAF LN, Hilliard, OH, 43026",Commercial Street (BERRY LEAF LN)
"3925 BERRY LEAF LN, Hilliard, OH, 43026",Commercial Street (BERRY LEAF LN)
"3927 BERRY LEAF LN, Hilliard, OH, 43026",Commercial Street (BERRY LEAF LN)
"3929 TRUEMAN BLVD, Hilliard, OH, 43026",Commercial Street (TRUEMAN BLVD)
"3930 COLUMBIA ST, Hilliard, OH, 43026",Commercial Street (COLUMBIA ST)
"3931 BERRY LEAF LN, Hilliard, OH, 43026",Commercial Street (BERRY LEAF LN)
"3933 COLUMBIA ST, Hilliard, OH, 43026",Commercial Street (COLUMBIA ST)
"3933 TRUEMAN BLVD, Hilliard, OH, 43026",Commercial Street (TRUEMAN BLVD)
"3935 COLUMBIA ST, Hilliard, OH, 43026",Commercial Street (COLUMBIA ST)
"3935 TRUEMAN BLVD, Hilliard, OH, 43026",Commercial Street (TRUEMAN BLVD)
"3936 COLUMBIA ST, Hilliard, OH, 43026",Commercial Street (COLUMBIA ST)
"3940 COLUMBIA ST, Hilliard, OH, 43026",Commercial Street (COLUMBIA ST)
"3949 COLUMBIA ST, Hilliard, OH, 43026",Commercial Street (COLUMBIA ST)
"3949 TRUEMAN BLVD, Hilliard, OH, 43026",Commercial Street (TRUEMAN BLVD)
"3958 COLUMBIA ST, Hilliard, OH, 43026",Commercial Street (COLUMBIA ST)
"3961 TRUEMAN BLVD, Hilliard, OH, 43026",Commercial Street (TRUEMAN BLVD)
"3965 TRUEMAN BLVD, Hilliard, OH, 43026",Commercial Street (TRUEMAN BLVD)
"3966 COLUMBIA ST, Hilliard, OH, 43026",Commercial Street (COLUMBIA ST)
"3967 TRUEMAN BLVD, Hilliard, OH, 43026",Commercial Street (TRUEMAN BLVD)
"3969 TRUEMAN BLVD, Hilliard, OH, 43026",Commercial Street (TRUEMAN BLVD)
"3971 TRUEMAN BLVD, Hilliard, OH, 43026",Commercial Street (TRUEMAN BLVD)
"3973 TRUEMAN BLVD, Hilliard, OH, 43026",Commercial Street (TRUEMAN BLVD)
"3975 TRUEMAN BLVD, Hilliard, OH, 43026",Commercial Street (TRUEMAN BLVD)
"3977 TRUEMAN BLVD, Hilliard, OH, 43026",Commercial Street (TRUEMAN BLVD)
"3986 TRUEPOINTE BLVD, Hilliard, OH, 43026",Commercial Street (TRUEPOINTE BLVD)
"3988 TRUEPOINTE BLVD, Hilliard, OH, 43026",Commercial Street (TRUEPOINTE BLVD)
"3990 COLUMBIA ST, Hilliard, OH, 43026",Commercial Street (COLUMBIA ST)
"3990 TRUEPOINTE BLVD, Hilliard, OH, 43026",Commercial Street (TRUEPOINTE BLVD)
"3996 COLUMBIA ST, Hilliard, OH, 43026",Commercial Street (COLUMBIA ST)
"3997 TRUEPOINTE BLVD E101, Hilliard, OH, 43026",Commercial Street (TRUEPOINTE BLVD)
"3997 TRUEPOINTE BLVD, Hilliard, OH, 43026",Commercial Street (TRUEPOINTE BLVD)
"3998 TRUEPOINTE BLVD, Hilliard, OH, 43026",Commercial Street (TRUEPOINTE BLVD)
"4002 COLUMBIA ST, Hilliard, OH, 43026",Commercial Street (COLUMBIA ST)
"4007 COLUMBIA ST, Hilliard, OH, 43026",Commercial Street (COLUMBIA ST)
"4010 COLUMBIA ST, Hilliard, OH, 43026",Commercial Street (COLUMBIA ST)
"4022 GREEN STRIPE LN, Hilliard, OH, 43026",Commercial Street (GREEN STRIPE LN)
"4024 GREEN STRIPE LN, Hilliard, OH, 43026",Commercial Street (GREEN STRIPE LN)
"4030 COLUMBIA ST, Hilliard, OH, 43026",Commercial Street (COLUMBIA ST)
"4041 LEPPERT RD, Hilliard, OH, 43026",Commercial Street (LEPPERT RD)
"4044 COLUMBIA ST, Hilliard, OH, 43026",Commercial Street (COLUMBIA ST)
"4048 COLUMBIA ST, Hilliard, OH, 43026",Commercial Street (COLUMBIA ST)
"4050 COLUMBIA ST, Hilliard, OH, 43026",Commercial Street (COLUMBIA ST)
"4051 LEPPERT RD, Hilliard, OH, 43026",Commercial Street (LEPPERT RD)
"4055 COLUMBIA ST, Hilliard, OH, 43026",Commercial Street (COLUMBIA ST)
"4061 LEPPERT RD, Hilliard, OH, 43026",Commercial Street (LEPPERT RD)
"4062 COLUMBIA ST, Hilliard, OH, 43026",Commercial Street (COLUMBIA ST)
"4071 COLUMBIA ST, Hilliard, OH, 43026",Commercial Street (COLUMBIA ST)
"4073 LEPPERT RD, Hilliard, OH, 43026",Commercial Street (LEPPERT RD)
"4076 LEPPERT RD, Hilliard, OH, 43026",Commercial Street (LEPPERT RD)
"4077 COLUMBIA ST, Hilliard, OH, 43026",Commercial Street (COLUMBIA ST)
"4079 LEPPERT RD, Hilliard, OH, 43026",Commercial Street (LEPPERT RD)
"4081 COLUMBIA ST, Hilliard, OH, 43026",Commercial Street (COLUMBIA ST)
"4083 TRUEMAN BLVD, Hilliard, OH, 43026",Commercial Street (TRUEMAN BLVD)
"4085 COLUMBIA ST, Hilliard, OH, 43026",Commercial Street (COLUMBIA ST)
"4087 TRUEMAN BLVD, Hilliard, OH, 43026",Commercial Street (TRUEMAN BLVD)
"4089 COLUMBIA ST, Hilliard, OH, 43026",Commercial Street (COLUMBIA ST)
"4091 LEPPERT RD, Hilliard, OH, 43026",Commercial Street (LEPPERT RD)
"4091 TRUEMAN BLVD, Hilliard, OH, 43026",Commercial Street (TRUEMAN BLVD)
"4093 TRUEMAN BLVD, Hilliard, OH, 43026",Commercial Street (TRUEMAN BLVD)
"4099 TRUEMAN BLVD, Hilliard, OH, 43026",Commercial Street (TRUEMAN BLVD)
"4100 COLUMBIA ST, Hilliard, OH, 43026",Commercial Street (COLUMBIA ST)
"4101 TRUEMAN BLVD, Hilliard, OH, 43026",Commercial Street (TRUEMAN BLVD)
"4103 LEPPERT RD, Hilliard, OH, 43026",Commercial Street (LEPPERT RD)
"4105 TRUEMAN BLVD, Hilliard, OH, 43026",Commercial Street (TRUEMAN BLVD)
"4113 LEPPERT RD, Hilliard, OH, 43026",Commercial Street (LEPPERT RD)
"4125 LEPPERT RD, Hilliard, OH, 43026",Commercial Street (LEPPERT RD)
"4135 LEPPERT RD, Hilliard, OH, 43026",Commercial Street (LEPPERT RD)
"4147 LEPPERT RD, Hilliard, OH, 43026",Commercial Street (LEPPERT RD)
"4160 TRUEMAN BLVD, Hilliard, OH, 43026",Commercial Street (TRUEMAN BLVD)
"4162 COLUMBIA ST, Hilliard, OH, 43026",Commercial Street (COLUMBIA ST)
"4200 LEPPERT RD, Hilliard, OH, 43026",Commercial Street (LEPPERT RD)
"4210 LEPPERT RD, Hilliard, OH, 43026",Commercial Street (LEPPERT RD)
"4211 LEPPERT RD, Hilliard, OH, 43026",Commercial Street (LEPPERT RD)
"4211 TRUEMAN BLVD, Hilliard, OH, 43026",Commercial Street (TRUEMAN BLVD)
"4214 LEPPERT RD, Hilliard, OH, 43026",Commercial Street (LEPPERT RD)
"4220 LEPPERT RD, Hilliard, OH, 43026",Commercial Street (LEPPERT RD)
"3993 COSGRAY RD, Hilliard, OH, 43026",Commercial Street (COSGRAY RD)
"4078 ANSON DR, Hilliard, OH, 43026",Commercial Street (ANSON DR)
"4080 ANSON DR, Hilliard, OH, 43026",Commercial Street (ANSON DR)
"4081 DUBLIN RD, Hilliard, OH, 43026",Commercial Street (DUBLIN RD)
"4082 ANSON DR, Hilliard, OH, 43026",Commercial Street (ANSON DR)
"4084 ANSON DR, Hilliard, OH, 43026",Commercial Street (ANSON DR)
"4086 ANSON DR, Hilliard, OH, 43026",Commercial Street (ANSON DR)
"4088 ANSON DR, Hilliard, OH, 43026",Commercial Street (ANSON DR)
"4090 ANSON DR, Hilliard, OH, 43026",Commercial Street (ANSON DR)
"4092 ANSON DR, Hilliard, OH, 43026",Commercial Street (ANSON DR)
"4094 ANSON DR, Hilliard, OH, 43026",Commercial Street (ANSON DR)
"4096 ANSON DR, Hilliard, OH, 43026",Commercial Street (ANSON DR)
"4098 ANSON DR, Hilliard, OH, 43026",Commercial Street (ANSON DR)
"4100 ANSON DR, Hilliard, OH, 43026",Commercial Street (ANSON DR)
"4102 ANSON DR, Hilliard, OH, 43026",Commercial Street (ANSON DR)
"4104 ANSON DR, Hilliard, OH, 43026",Commercial Street (ANSON DR)
"4106 ANSON DR, Hilliard, OH, 43026",Commercial Street (ANSON DR)
"4108 ANSON DR, Hilliard, OH, 43026",Commercial Street (ANSON DR)
"4110 ANSON DR, Hilliard, OH, 43026",Commercial Street (ANSON DR)
"4112 ANSON DR, Hilliard, OH, 43026",Commercial Street (ANSON DR)
"4114 ANSON DR, Hilliard, OH, 43026",Commercial Street (ANSON DR)
"4116 ANSON DR, Hilliard, OH, 43026",Commercial Street (ANSON DR)
"4118 ANSON DR, Hilliard, OH, 43026",Commercial Street (ANSON DR)
"4120 ANSON DR, Hilliard, OH, 43026",Commercial Street (ANSON DR)
"4122 ANSON DR, Hilliard, OH, 43026",Commercial Street (ANSON DR)
"4124 ANSON DR, Hilliard, OH, 43026",Commercial Street (ANSON DR)
"4126 ANSON DR, Hilliard, OH, 43026",Commercial Street (ANSON DR)
"4128 ANSON DR, Hilliard, OH, 43026",Commercial Street (ANSON DR)
"4130 ANSON DR, Hilliard, OH, 43026",Commercial Street (ANSON DR)
"4132 ANSON DR, Hilliard, OH, 43026",Commercial Street (ANSON DR)
"4134 ANSON DR, Hilliard, OH, 43026",Commercial Street (ANSON DR)
"4135 KAYE DR, Hilliard, OH, 43026",Commercial Street (KAYE DR)
"4136 ANSON DR, Hilliard, OH, 43026",Commercial Street (ANSON DR)
"4138 ANSON DR, Hilliard, OH, 43026",Commercial Street (ANSON DR)
"4140 ANSON DR, Hilliard, OH, 43026",Commercial Street (ANSON DR)
"4142 ANSON DR, Hilliard, OH, 43026",Commercial Street (ANSON DR)
"4143 KAYE DR, Hilliard, OH, 43026",Commercial Street (KAYE DR)
"4144 ANSON DR, Hilliard, OH, 43026",Commercial Street (ANSON DR)
"4146 ANSON DR, Hilliard, OH, 43026",Commercial Street (ANSON DR)
"4147 KAYE DR, Hilliard, OH, 43026",Commercial Street (KAYE DR)
"4148 ANSON DR, Hilliard, OH, 43026",Commercial Street (ANSON DR)
"4150 ANSON DR, Hilliard, OH, 43026",Commercial Street (ANSON DR)
"4152 ANSON DR, Hilliard, OH, 43026",Commercial Street (ANSON DR)
"4154 ANSON DR, Hilliard, OH, 43026",Commercial Street (ANSON DR)
"4155 KAYE DR, Hilliard, OH, 43026",Commercial Street (KAYE DR)
"4156 ANSON DR, Hilliard, OH, 43026",Commercial Street (ANSON DR)
"4158 ANSON DR, Hilliard, OH, 43026",Commercial Street (ANSON DR)
"4160 ANSON DR, Hilliard, OH, 43026",Commercial Street (ANSON DR)
"4161 DUBLIN RD, Hilliard, OH, 43026",Commercial Street (DUBLIN RD)
"4162 ANSON DR, Hilliard, OH, 43026",Commercial Street (ANSON DR)
"4164 ANSON DR, Hilliard, OH, 43026",Commercial Street (ANSON DR)
"4166 ANSON DR, Hilliard, OH, 43026",Commercial Street (ANSON DR)
"4168 ANSON DR, Hilliard, OH, 43026",Commercial Street (ANSON DR)
"4170 ANSON DR, Hilliard, OH, 43026",Commercial Street (ANSON DR)
"4172 ANSON DR, Hilliard, OH, 43026",Commercial Street (ANSON DR)
"4174 ANSON DR, Hilliard, OH, 43026",Commercial Street (ANSON DR)
"4176 ANSON DR, Hilliard, OH, 43026",Commercial Street (ANSON DR)
"4178 ANSON DR, Hilliard, OH, 43026",Commercial Street (ANSON DR)
"4180 ANSON DR, Hilliard, OH, 43026",Commercial Street (ANSON DR)
"4181 DUBLIN RD, Hilliard, OH, 43026",Commercial Street (DUBLIN RD)
"4190 ANSON DR, Hilliard, OH, 43026",Commercial Street (ANSON DR)
"4192 ANSON DR, Hilliard, OH, 43026",Commercial Street (ANSON DR)
"4211 DUBLIN RD, Hilliard, OH, 43026",Commercial Street (DUBLIN RD)
"4157 AVERY RD, Hilliard, OH, 43026",Commercial/Industrial Street
"4161 AVERY RD, Hilliard, OH, 43026",Commercial/Industrial Street
"4164 AVERY RD, Hilliard, OH, 43026",Commercial/Industrial Street
"4180 AVERY RD, Hilliard, OH, 43026",Commercial/Industrial Street
"4195 AVERY RD, Hilliard, OH, 43026",Commercial/Industrial Street
"4196 AVERY RD, Hilliard, OH, 43026",Commercial/Industrial Street
"4199 AVERY RD, Hilliard, OH, 43026",Commercial/Industrial Street
"4209 AVERY RD, Hilliard, OH, 43026",Commercial/Industrial Street
"4215 AVERY RD, Hilliard, OH, 43026",Commercial/Industrial Street
"4222 AVERY RD, Hilliard, OH, 43026",Commercial/Industrial Street
"4225 LEPPERT RD, Hilliard, OH, 43026",Commercial/Industrial Street
"4226 LEPPERT RD, Hilliard, OH, 43026",Commercial/Industrial Street
"4228 AVERY RD, Hilliard, OH, 43026",Commercial/Industrial Street
"4230 TRUEMAN BLVD, Hilliard, OH, 43026",Commercial/Industrial Street
"4233 LEPPERT RD, Hilliard, OH, 43026",Commercial/Industrial Street
"4235 AVERY RD, Hilliard, OH, 43026",Commercial/Industrial Street
"4235 DUBLIN RD, Hilliard, OH, 43026",Commercial/Industrial Street
"4237 DUBLIN RD, Hilliard, OH, 43026",Commercial/Industrial Street
"4238 LYMAN DR, Hilliard, OH, 43026",Commercial/Industrial Street
"4241 DUBLIN RD, Hilliard, OH, 43026",Commercial/Industrial Street
"4243 DUBLIN RD, Hilliard, OH, 43026",Commercial/Industrial Street
"4244 AVERY RD, Hilliard, OH, 43026",Commercial/Industrial Street
"4244 LEPPERT RD, Hilliard, OH, 43026",Commercial/Industrial Street
"4245 LEPPERT RD, Hilliard, OH, 43026",Commercial/Industrial Street
"4248 COSGRAY RD, Hilliard, OH, 43026",Commercial/Industrial Street
"4249 COSGRAY RD, Hilliard, OH, 43026",Commercial/Industrial Street
"4252 LYMAN DR, Hilliard, OH, 43026",Commercial/Industrial Street
"4253 LEPPERT RD, Hilliard, OH, 43026",Commercial/Industrial Street
"4260 WEAVER CT N, Hilliard, OH, 43026",Commercial/Industrial Street
"4261 DUBLIN RD, Hilliard, OH, 43026",Commercial/Industrial Street
"4265 LEPPERT RD, Hilliard, OH, 43026",Commercial/Industrial Street
"4271 WEAVER CT N, Hilliard, OH, 43026",Commercial/Industrial Street
"4275 LEPPERT RD, Hilliard, OH, 43026",Commercial/Industrial Street
"4277 LYMAN DR, Hilliard, OH, 43026",Commercial/Industrial Street
"4278 AVERY RD, Hilliard, OH, 43026",Commercial/Industrial Street
"4280 WEAVER CT N, Hilliard, OH, 43026",Commercial/Industrial Street
"4280 WEAVER CT, Hilliard, OH, 43026",Commercial/Industrial Street
"4281 AVERY RD, Hilliard, OH, 43026",Commercial/Industrial Street
"4283 AVERY RD, Hilliard, OH, 43026",Commercial/Industrial Street
"4284 AVERY RD, Hilliard, OH, 43026",Commercial/Industrial Street
"4286 WEAVER CT N, Hilliard, OH, 43026",Commercial/Industrial Street
"4291 DUBLIN RD, Hilliard, OH, 43026",Commercial/Industrial Street
"4297 AVERY RD, Hilliard, OH, 43026",Commercial/Industrial Street
"4297 TRUEMAN BLVD, Hilliard, OH, 43026",Commercial/Industrial Street
"4299 TRUEMAN BLVD, Hilliard, OH, 43026",Commercial/Industrial Street
"4300 AVERY RD, Hilliard, OH, 43026",Commercial/Industrial Street
"4300 LYMAN DR, Hilliard, OH, 43026",Commercial/Industrial Street
"4301 COSGRAY RD, Hilliard, OH, 43026",Commercial/Industrial Street
"4301 LYMAN DR, Hilliard, OH, 43026",Commercial/Industrial Street
"4302 ALL SEASONS DR, Hilliard, OH, 43026",Commercial/Industrial Street
"4303 AVERY RD, Hilliard, OH, 43026",Commercial/Industrial Street
"4305 DUBLIN RD, Hilliard, OH, 43026",Commercial/Industrial Street
"4306 ALL SEASONS DR, Hilliard, OH, 43026",Commercial/Industrial Street
"4310 ALL SEASONS DR, Hilliard, OH, 43026",Commercial/Industrial Street
"4311 ANSON DR, Hilliard, OH, 43026",Commercial/Industrial Street
"4311 COSGRAY RD, Hilliard, OH, 43026",Commercial/Industrial Street
"4314 ALL SEASONS DR, Hilliard, OH, 43026",Commercial/Industrial Street
"4315 COSGRAY RD, Hilliard, OH, 43026",Commercial/Industrial Street
"4317 AVERY RD, Hilliard, OH, 43026",Commercial/Industrial Street
"4318 ALL SEASONS DR, Hilliard, OH, 43026",Commercial/Industrial Street
"4319 COSGRAY RD, Hilliard, OH, 43026",Commercial/Industrial Street
"4321 DUBLIN RD, Hilliard, OH, 43026",Commercial/Industrial Street
"4322 ALL SEASONS DR, Hilliard, OH, 43026",Commercial/Industrial Street
"4323 COSGRAY RD, Hilliard, OH, 43026",Commercial/Industrial Street
"4326 ALL SEASONS DR, Hilliard, OH, 43026",Commercial/Industrial Street
"4327 COSGRAY RD, Hilliard, OH, 43026",Commercial/Industrial Street
"4333 AVERY RD, Hilliard, OH, 43026",Commercial/Industrial Street
"4333 COSGRAY RD, Hilliard, OH, 43026",Commercial/Industrial Street
"4334 ALL SEASONS DR, Hilliard, OH, 43026",Commercial/Industrial Street
"4335 DUBLIN RD, Hilliard, OH, 43026",Commercial/Industrial Street
"4337 AVERY RD, Hilliard, OH, 43026",Commercial/Industrial Street
"4337 COSGRAY RD, Hilliard, OH, 43026",Commercial/Industrial Street
"4338 ALL SEASONS DR, Hilliard, OH, 43026",Commercial/Industrial Street
"4340 LEPPERT RD, Hilliard, OH, 43026",Commercial/Industrial Street
"4340 LYMAN DR, Hilliard, OH, 43026",Commercial/Industrial Street
"4341 COSGRAY RD, Hilliard, OH, 43026",Commercial/Industrial Street
"4341 DUBLIN RD, Hilliard, OH, 43026",Commercial/Industrial Street
"4341 LEPPERT RD, Hilliard, OH, 43026",Commercial/Industrial Street
"4342 ALL SEASONS DR, Hilliard, OH, 43026",Commercial/Industrial Street
"4342 LYMAN DR, Hilliard, OH, 43026",Commercial/Industrial Street
"4343 ALL SEASONS DR, Hilliard, OH, 43026",Commercial/Industrial Street
"4343 AVERY RD, Hilliard, OH, 43026",Commercial/Industrial Street
"4343 DUBLIN RD, Hilliard, OH, 43026",Commercial/Industrial Street
"4343 WEAVER CT N, Hilliard, OH, 43026",Commercial/Industrial Street
"4344 LYMAN DR, Hilliard, OH, 43026",Commercial/Industrial Street
"4345 COSGRAY RD, Hilliard, OH, 43026",Commercial/Industrial Street
"4346 ALL SEASONS DR, Hilliard, OH, 43026",Commercial/Industrial Street
"4347 DUBLIN RD, Hilliard, OH, 43026",Commercial/Industrial Street
"4349 AVERY RD, Hilliard, OH, 43026",Commercial/Industrial Street
"4349 LEPPERT RD, Hilliard, OH, 43026",Commercial/Industrial Street
"4350 ALL SEASONS DR, Hilliard, OH, 43026",Commercial/Industrial Street
"4350 WEAVER CT N, Hilliard, OH, 43026",Commercial/Industrial Street
"4351 COSGRAY RD, Hilliard, OH, 43026",Commercial/Industrial Street
"4354 ALL SEASONS DR, Hilliard, OH, 43026",Commercial/Industrial Street
"4355 AVERY RD, Hilliard, OH, 43026",Commercial/Industrial Street
"4358 ALL SEASONS DR, Hilliard, OH, 43026",Commercial/Industrial Street
"4358 WEAVER CT, Hilliard, OH, 43026",Commercial/Industrial Street
"4360 ALL SEASONS DR, Hilliard, OH, 43026",Commercial/Industrial Street
"4361 LEPPERT RD, Hilliard, OH, 43026",Commercial/Industrial Street
"4363 ALL SEASONS DR, Hilliard, OH, 43026",Commercial/Industrial Street
"4363 LYMAN DR, Hilliard, OH, 43026",Commercial/Industrial Street
"4364 ALL SEASONS DR, Hilliard, OH, 43026",Commercial/Industrial Street
"4367 AVERY RD, Hilliard, OH, 43026",Commercial/Industrial Street
"4368 ALL SEASONS DR, Hilliard, OH, 43026",Commercial/Industrial Street
"4370 LEPPERT RD, Hilliard, OH, 43026",Commercial/Industrial Street
"4371 LEPPERT RD, Hilliard, OH, 43026",Commercial/Industrial Street
"4372 ALL SEASONS DR, Hilliard, OH, 43026",Commercial/Industrial Street
"4376 ALL SEASONS DR, Hilliard, OH, 43026",Commercial/Industrial Street
"4379 AVERY RD, Hilliard, OH, 43026",Commercial/Industrial Street
"4379 LEPPERT RD, Hilliard, OH, 43026",Commercial/Industrial Street
"4380 ALL SEASONS DR, Hilliard, OH, 43026",Commercial/Industrial Street
"4384 ALL SEASONS DR, Hilliard, OH, 43026",Commercial/Industrial Street
"4387 AVERY RD, Hilliard, OH, 43026",Commercial/Industrial Street
"4387 WEAVER CT N, Hilliard, OH, 43026",Commercial/Industrial Street
"4388 ALL SEASONS DR, Hilliard, OH, 43026",Commercial/Industrial Street
"4389 LEPPERT RD, Hilliard, OH, 43026",Commercial/Industrial Street
"4389 WEAVER CT N, Hilliard, OH, 43026",Commercial/Industrial Street
"4391 WEAVER CT N, Hilliard, OH, 43026",Commercial/Industrial Street
"4392 ALL SEASONS DR, Hilliard, OH, 43026",Commercial/Industrial Street
"4393 WEAVER CT N, Hilliard, OH, 43026",Commercial/Industrial Street
"4395 WEAVER CT N, Hilliard, OH, 43026",Commercial/Industrial Street
"4396 ALL SEASONS DR, Hilliard, OH, 43026",Commercial/Industrial Street
"4397 WEAVER CT N, Hilliard, OH, 43026",Commercial/Industrial Street
"4399 LEPPERT RD, Hilliard, OH, 43026",Commercial/Industrial Street
"4399 WEAVER CT N, Hilliard, OH, 43026",Commercial/Industrial Street
"4401 LYMAN DR, Hilliard, OH, 43026",Commercial/Industrial Street
"4401 WEAVER CT N, Hilliard, OH, 43026",Commercial/Industrial Street
"4409 LEPPERT RD, Hilliard, OH, 43026",Commercial/Industrial Street
"4410 AVERY RD, Hilliard, OH, 43026",Commercial/Industrial Street
"4411 AVERY RD, Hilliard, OH, 43026",Commercial/Industrial Street
"4418 LEPPERT RD, Hilliard, OH, 43026",Commercial/Industrial Street
"4421 LEPPERT RD, Hilliard, OH, 43026",Commercial/Industrial Street
"4422 LEPPERT RD, Hilliard, OH, 43026",Commercial/Industrial Street
"4425 KAYE DR, Hilliard, OH, 43026",Commercial/Industrial Street
"4429 KAYE DR, Hilliard, OH, 43026",Commercial/Industrial Street
"4430 LEPPERT RD, Hilliard, OH, 43026",Commercial/Industrial Street
"4431 LEPPERT RD, Hilliard, OH, 43026",Commercial/Industrial Street
"4439 LEPPERT RD, Hilliard, OH, 43026",Commercial/Industrial Street
"4445 LEPPERT RD, Hilliard, OH, 43026",Commercial/Industrial Street
"4445 WEAVER CT N, Hilliard, OH, 43026",Commercial/Industrial Street
"4448 AVERY RD, Hilliard, OH, 43026",Commercial/Industrial Street
"4450 LEPPERT RD, Hilliard, OH, 43026",Commercial/Industrial Street
"4454 AVERY RD, Hilliard, OH, 43026",Commercial/Industrial Street
"4455 AVERY RD, Hilliard, OH, 43026",Commercial/Industrial Street
"4417 GENEROSITY WAY, Hilliard, OH, 43026",Commercial/Industrial Street
"4428 GENEROSITY WAY, Hilliard, OH, 43026",Commercial/Industrial Street
"4455 DUBLIN RD, Hilliard, OH, 43026",Commercial/Industrial Street
"4459 TRUEMAN BLVD, Hilliard, OH, 43026",Commercial/Industrial Street
"4463 KAYE DR, Hilliard, OH, 43026",Commercial/Industrial Street
"4465 AVERY RD, Hilliard, OH, 43026",Commercial/Industrial Street
"4470 LEPPERT RD, Hilliard, OH, 43026",Commercial/Industrial Street
"4471 COSGRAY RD, Hilliard, OH, 43026",Commercial/Industrial Street
"4475 DUBLIN RD, Hilliard, OH, 43026",Commercial/Industrial Street
"4479 GENEROSITY WAY, Hilliard, OH, 43026",Commercial/Industrial Street
"4495 AVERY RD, Hilliard, OH, 43026",Commercial/Industrial Street
"4496 SUTPHEN CT, Hilliard, OH, 43026",Commercial/Industrial Street
"4498 WATHEN DR, Hilliard, OH, 43026",Commercial/Industrial Street
"4500 SUTPHEN CT BLDG 1, Hilliard, OH, 43026",Commercial/Industrial Street
"4500 SUTPHEN CT BLDG 2, Hilliard, OH, 43026",Commercial/Industrial Street
"4500 SUTPHEN CT BLDG 3, Hilliard, OH, 43026",Commercial/Industrial Street
"4500 SUTPHEN CT BLDG 4, Hilliard, OH, 43026",Commercial/Industrial Street
"4501 COSGRAY RD ROW, Hilliard, OH, 43026",Commercial/Industrial Street
"4501 GENEROSITY WAY, Hilliard, OH, 43026",Commercial/Industrial Street
"4501 SUTPHEN CT, Hilliard, OH, 43026",Commercial/Industrial Street
"4507 AVERY RD, Hilliard, OH, 43026",Commercial/Industrial Street
"4515 AVERY RD, Hilliard, OH, 43026",Commercial/Industrial Street
"4523 AVERY RD, Hilliard, OH, 43026",Commercial/Industrial Street
"4528 GENEROSITY WAY, Hilliard, OH, 43026",Commercial/Industrial Street
"4530 GENEROSITY WAY, Hilliard, OH, 43026",Commercial/Industrial Street
"4531 GENEROSITY WAY, Hilliard, OH, 43026",Commercial/Industrial Street
"4532 DUBLIN RD, Hilliard, OH, 43026",Commercial/Industrial Street
"4535 GENEROSITY WAY, Hilliard, OH, 43026",Commercial/Industrial Street
"4544 DUBLIN RD, Hilliard, OH, 43026",Commercial/Industrial Street
"4555 LYMAN DR, Hilliard, OH, 43026",Commercial/Industrial Street
"4568 WATHEN DR, Hilliard, OH, 43026",Commercial/Industrial Street
"4570 WATHEN DR, Hilliard, OH, 43026",Commercial/Industrial Street
"4577 LYMAN DR, Hilliard, OH, 43026",Commercial/Industrial Street
"4579 SUTPHEN CT, Hilliard, OH, 43026",Commercial/Industrial Street
"4580 COSGRAY RD, Hilliard, OH, 43026",Commercial/Industrial Street
"4593 TRUEMAN BLVD, Hilliard, OH, 43026",Commercial/Industrial Street
"4594 COSGRAY RD, Hilliard, OH, 43026",Commercial/Industrial Street
"4595 TRUEMAN BLVD, Hilliard, OH, 43026",Commercial/Industrial Street
"4596 COSGRAY RD, Hilliard, OH, 43026",Commercial/Industrial Street
"4597 LEPPERT RD, Hilliard, OH, 43026",Commercial/Industrial Street
"4598 COSGRAY RD, Hilliard, OH, 43026",Commercial/Industrial Street
"4599 COSGRAY RD, Hilliard, OH, 43026",Commercial/Industrial Street
"4600 AVERY RD, Hilliard, OH, 43026",Commercial/Industrial Street
"4600 COSGRAY RD, Hilliard, OH, 43026",Commercial/Industrial Street
"4600 NORTHWEST PKWY, Hilliard, OH, 43026",Commercial/Industrial Street
"4601 COSGRAY RD, Hilliard, OH, 43026",Commercial/Industrial Street
"4601 LEPPERT RD, Hilliard, OH, 43026",Commercial/Industrial Street
"4601 LYMAN DR, Hilliard, OH, 43026",Commercial/Industrial Street
"4601 NORTHWEST PKWY, Hilliard, OH, 43026",Commercial/Industrial Street
"4603 NORTHWEST PKWY, Hilliard, OH, 43026",Commercial/Industrial Street
"4605 NORTHWEST PKWY, Hilliard, OH, 43026",Commercial/Industrial Street
"4607 NORTHWEST PKWY, Hilliard, OH, 43026",Commercial/Industrial Street
"4609 NORTHWEST PKWY, Hilliard, OH, 43026",Commercial/Industrial Street
"4611 NORTHWEST PKWY, Hilliard, OH, 43026",Commercial/Industrial Street
"4611 TRUEMAN BLVD, Hilliard, OH, 43026",Commercial/Industrial Street
"4612 COSGRAY RD, Hilliard, OH, 43026",Commercial/Industrial Street
"4613 NORTHWEST PKWY, Hilliard, OH, 43026",Commercial/Industrial Street
"4615 LIBRARY WAY, Hilliard, OH, 43026",Commercial/Industrial Street
"4617 LEPPERT RD, Hilliard, OH, 43026",Commercial/Industrial Street
"4618 COSGRAY RD, Hilliard, OH, 43026",Commercial/Industrial Street
"4619 NORTHWEST PKWY, Hilliard, OH, 43026",Commercial/Industrial Street
"4621 LYMAN DR, Hilliard, OH, 43026",Commercial/Industrial Street
"4621 NORTHWEST PKWY, Hilliard, OH, 43026",Commercial/Industrial Street
"4623 NORTHWEST PKWY, Hilliard, OH, 43026",Commercial/Industrial Street
"4623 TRUEMAN BLVD, Hilliard, OH, 43026",Commercial/Industrial Street
"4625 NORTHWEST PKWY, Hilliard, OH, 43026",Commercial/Industrial Street
"4627 NORTHWEST PKWY, Hilliard, OH, 43026",Commercial/Industrial Street
"4627 TRUEMAN BLVD, Hilliard, OH, 43026",Commercial/Industrial Street
"4629 NORTHWEST PKWY, Hilliard, OH, 43026",Commercial/Industrial Street
"4631 NORTHWEST PKWY, Hilliard, OH, 43026",Commercial/Industrial Street
"4500 CEMETERY RD, Hilliard, OH, 43026",Commercial/Institutional
"4500 HICKORY CHASE WAY, Hilliard, OH, 43026",Commercial/Institutional
"4504 HICKORY CHASE WAY, Hilliard, OH, 43026",Commercial/Institutional
"4510 HICKORY CHASE WAY, Hilliard, OH, 43026",Commercial/Institutional
"4522 HICKORY CHASE WAY, Hilliard, OH, 43026",Commercial/Institutional
"4582 HICKORY CHASE WAY, Hilliard, OH, 43026",Commercial/Institutional
"4635 NORTHWEST PKWY, Hilliard, OH, 43026",Commercial/Industrial Street
"4635 TRUEMAN BLVD APT 100, Hilliard, OH, 43026",Commercial/Industrial Street
"4635 TRUEMAN BLVD APT 111, Hilliard, OH, 43026",Commercial/Industrial Street
"4637 NORTHWEST PKWY, Hilliard, OH, 43026",Commercial/Industrial Street
"4638 COSGRAY RD, Hilliard, OH, 43026",Commercial/Industrial Street
"4639 NORTHWEST PKWY, Hilliard, OH, 43026",Commercial/Industrial Street
"4640 COSGRAY RD, Hilliard, OH, 43026",Commercial/Industrial Street
"4640 TRUEMAN BLVD, Hilliard, OH, 43026",Commercial/Industrial Street
"4641 NORTHWEST PKWY, Hilliard, OH, 43026",Commercial/Industrial Street
"4642 COSGRAY RD, Hilliard, OH, 43026",Commercial/Industrial Street
"4643 NORTHWEST PKWY, Hilliard, OH, 43026",Commercial/Industrial Street
"4643 TRUEMAN BLVD, Hilliard, OH, 43026",Commercial/Industrial Street
"4645 NORTHWEST PKWY, Hilliard, OH, 43026",Commercial/Industrial Street
"4647 NORTHWEST PKWY, Hilliard, OH, 43026",Commercial/Industrial Street
"4653 NORTHWEST PKWY, Hilliard, OH, 43026",Commercial/Industrial Street
"4655 NORTHWEST PKWY, Hilliard, OH, 43026",Commercial/Industrial Street
"4657 NORTHWEST PKWY, Hilliard, OH, 43026",Commercial/Industrial Street
"4659 NORTHWEST PKWY, Hilliard, OH, 43026",Commercial/Industrial Street
"4660 TRUEMAN BLVD, Hilliard, OH, 43026",Commercial/Industrial Street
"4661 NORTHWEST PKWY, Hilliard, OH, 43026",Commercial/Industrial Street
"4662 COSGRAY RD, Hilliard, OH, 43026",Commercial/Industrial Street
"4663 NORTHWEST PKWY, Hilliard, OH, 43026",Commercial/Industrial Street
"4665 NORTHWEST PKWY, Hilliard, OH, 43026",Commercial/Industrial Street
"4671 NORTHWEST PKWY, Hilliard, OH, 43026",Commercial/Industrial Street
"4673 NORTHWEST PKWY, Hilliard, OH, 43026",Commercial/Industrial Street
"4675 COSGRAY RD, Hilliard, OH, 43026",Commercial/Industrial Street
"4675 NORTHWEST PKWY, Hilliard, OH, 43026",Commercial/Industrial Street
"4677 NORTHWEST PKWY, Hilliard, OH, 43026",Commercial/Industrial Street
"4678 COSGRAY RD, Hilliard, OH, 43026",Commercial/Industrial Street
"4679 NORTHWEST PKWY, Hilliard, OH, 43026",Commercial/Industrial Street
"4680 LIBRARY WAY, Hilliard, OH, 43026",Commercial/Industrial Street
"4681 NORTHWEST PKWY, Hilliard, OH, 43026",Commercial/Industrial Street
"4683 NORTHWEST PKWY, Hilliard, OH, 43026",Commercial/Industrial Street
"4684 COSGRAY RD, Hilliard, OH, 43026",Commercial/Industrial Street
"4686 COSGRAY RD, Hilliard, OH, 43026",Commercial/Industrial Street
"4689 NORTHWEST PKWY, Hilliard, OH, 43026",Commercial/Industrial Street
"4691 NORTHWEST PKWY, Hilliard, OH, 43026",Commercial/Industrial Street
"4693 NORTHWEST PKWY, Hilliard, OH, 43026",Commercial/Industrial Street
"4695 NORTHWEST PKWY, Hilliard, OH, 43026",Commercial/Industrial Street
"4696 COSGRAY RD, Hilliard, OH, 43026",Commercial/Industrial Street
"4697 NORTHWEST PKWY, Hilliard, OH, 43026",Commercial/Industrial Street
"4699 NORTHWEST PKWY, Hilliard, OH, 43026",Commercial/Industrial Street
"4701 LEPPERT RD, Hilliard, OH, 43026",Commercial/Industrial Street
"4701 NORTHWEST PKWY, Hilliard, OH, 43026",Commercial/Industrial Street
"4702 COSGRAY RD, Hilliard, OH, 43026",Commercial/Industrial Street
"4731 NORTHWEST PKWY, Hilliard, OH, 43026",Commercial/Industrial Street
"4741 NORTHWEST PKWY, Hilliard, OH, 43026",Commercial/Industrial Street
"4746 AVERY RD, Hilliard, OH, 43026",Commercial/Industrial Street
"4749 NORTHWEST PKWY, Hilliard, OH, 43026",Commercial/Industrial Street
"4751 NORTHWEST PKWY, Hilliard, OH, 43026",Commercial/Industrial Street
"4752 COSGRAY RD, Hilliard, OH, 43026",Commercial/Industrial Street
"4756 NORTHWEST PKWY, Hilliard, OH, 43026",Commercial/Industrial Street
"4760 COSGRAY RD, Hilliard, OH, 43026",Commercial/Industrial Street
"4762 LEPPERT RD, Hilliard, OH, 43026",Commercial/Industrial Street
"4763 AVERY RD, Hilliard, OH, 43026",Commercial/Industrial Street
"4766 COSGRAY RD, Hilliard, OH, 43026",Commercial/Industrial Street
"4770 NORTHWEST PKWY, Hilliard, OH, 43026",Commercial/Industrial Street
"4777 LEPPERT RD, Hilliard, OH, 43026",Commercial/Industrial Street
"4787 COSGRAY RD, Columbus, OH, 43026",Commercial/Industrial Street
"4790 COSGRAY RD, Columbus, OH, 43026",Commercial/Industrial Street
"4809 COSGRAY RD, Columbus, OH, 43026",Commercial/Industrial Street
"4811 NORTHWEST PKWY, Hilliard, OH, 43026",Commercial/Industrial Street
"4816 COSGRAY RD, Columbus, OH, 43026",Commercial/Industrial Street
"4826 COSGRAY RD, Columbus, OH, 43026",Commercial/Industrial Street
"4835 COSGRAY RD, Columbus, OH, 43026",Commercial/Industrial Street
"4841 NORTHWEST PKWY, Hilliard, OH, 43026",Commercial/Industrial Street
"4847 NORTHWEST PKWY, Hilliard, OH, 43026",Commercial/Industrial Street
"4849 LEPPERT RD, Hilliard, OH, 43026",Commercial/Industrial Street
"4852 LEPPERT RD, Hilliard, OH, 43026",Commercial/Industrial Street
"4853 COSGRAY RD, Columbus, OH, 43026",Commercial/Industrial Street
"4869 COSGRAY RD, Columbus, OH, 43026",Commercial/Industrial Street
"4875 COSGRAY RD, Columbus, OH, 43026",Commercial/Industrial Street
"4895 COSGRAY RD, Columbus, OH, 43026",Commercial/Industrial Street
"4896 COSGRAY RD, Columbus, OH, 43026",Commercial/Industrial Street
"4898 COSGRAY RD, Columbus, OH, 43026",Commercial/Industrial Street
"4900 COSGRAY RD, Columbus, OH, 43026",Commercial/Industrial Street
"4908 COSGRAY RD, Columbus, OH, 43026",Commercial/Industrial Street
"4919 COSGRAY RD, Columbus, OH, 43026",Commercial/Industrial Street
"4932 COSGRAY RD, Columbus, OH, 43026",Commercial/Industrial Street
"4949 EDWARDS FARMS RD, Hilliard, OH, 43026",Commercial/Institutional
"4999 EDWARDS FARMS RD, Columbus, OH, 43026",Commercial/Institutional
"5091 HAYDEN RUN RD, Hilliard, OH, 43026",Commercial/Institutional
"5095 HAYDEN RUN RD, Hilliard, OH, 43026",Commercial/Institutional
"5097 HAYDEN RUN RD, Hilliard, OH, 43026",Commercial/Institutional
"5099 HAYDEN RUN RD, Hilliard, OH, 43026",Commercial/Institutional
"5100 HAYDEN RUN RD, Hilliard, OH, 43026",Commercial/Institutional
"5101 HAYDEN RUN RD, Hilliard, OH, 43026",Commercial/Institutional
"5105 HAYDEN RUN RD, Hilliard, OH, 43026",Commercial/Institutional
"5171 NORTHWEST PKWY, Hilliard, OH, 43026",Commercial/Industrial Street
"5181 NORTHWEST PKWY, Hilliard, OH, 43026",Commercial/Industrial Street
"5370 GRACE ST, Hilliard, OH, 43026",Commercial/Tax Exempt
"5100 DAVIDSON RD, Hilliard, OH, 43026",Institutional - School
"5375 GRACE ST, Hilliard, OH, 43026",Institutional - LifeWise
"5432 WESTCHESTER WOODS BLVD, Columbus, OH, 43026",Commercial/Mixed
"5454 WESTCHESTER WOODS BLVD, Columbus, OH, 43026",Commercial/Mixed
"5488 1/2 ROBERTS RD, Columbus, OH, 43026",Commercial
"5526 RENNER RD, Columbus, OH, 43026",Commercial - Retail
"5561 WESTCHESTER WOODS BLVD, Columbus, OH, 43026",Commercial/Mixed
"5563 WESTCHESTER WOODS BLVD, Columbus, OH, 43026",Commercial/Mixed
"5604 RENNER RD, Columbus, OH, 43026",Commercial/Ambiguous
"5608 RENNER RD, Columbus, OH, 43026",Commercial/Ambiguous
"5612 RENNER RD, Columbus, OH, 43026",Commercial/Ambiguous
"5776 1/2 HEIRSHIP CT CATV, Columbus, OH, 43026",Explicit Blacklist
"5781 LONERISE LN CATV, Columbus, OH, 43026",Explicit Blacklist
"5730 HAYDEN RUN RD, Columbus, OH, 43026",Commercial/Auto Repair
"6042 LAKEFRONT AVE CATV, Columbus, OH, 43026",Explicit Blacklist
"5794 RENNER RD, Columbus, OH, 43026",Commercial/Ambiguous
"4465 CEMETERY RD, Hilliard, OH, 43026",Exclude (Ambiguous/Commercial corridor)
"4469 CEMETERY RD, Hilliard, OH, 43026",Exclude (Ambiguous/Commercial corridor)
"4473 CEMETERY RD, Hilliard, OH, 43026",Exclude (Ambiguous/Commercial corridor)
"4479 CEMETERY RD, Hilliard, OH, 43026",Exclude (Ambiguous/Commercial corridor)
"4481 CEMETERY RD, Hilliard, OH, 43026",Exclude (Ambiguous/Commercial corridor)
"4489 CEMETERY RD, Hilliard, OH, 43026",Exclude (Ambiguous/Commercial corridor)
"4498 CEMETERY RD, Hilliard, OH, 43026",Exclude (Ambiguous/Commercial corridor)
"4502 CEMETERY RD, Hilliard, OH, 43026",Exclude (Ambiguous/Commercial corridor)
"4506 CEMETERY RD, Hilliard, OH, 43026",Exclude (Ambiguous/Commercial corridor)
"4508 CEMETERY RD, Hilliard, OH, 43026",Exclude (Ambiguous/Commercial corridor)
"4510 CEMETERY RD, Hilliard, OH, 43026",Exclude (Ambiguous/Commercial corridor)
"4512 CEMETERY RD, Hilliard, OH, 43026",Exclude (Ambiguous/Commercial corridor)
"4514 CEMETERY RD, Hilliard, OH, 43026",Exclude (Ambiguous/Commercial corridor)
"4525 CEMETERY RD, Hilliard, OH, 43026",Exclude (Ambiguous/Commercial corridor)
"4555 CEMETERY RD, Hilliard, OH, 43026",Exclude (Ambiguous/Commercial corridor)
"4556 CEMETERY RD, Hilliard, OH, 43026",Exclude (Ambiguous/Commercial corridor)
"4558 CEMETERY RD, Hilliard, OH, 43026",Exclude (Ambiguous/Commercial corridor)
"4566 CEMETERY RD, Hilliard, OH, 43026",Exclude (Ambiguous/Commercial corridor)
"4599 CEMETERY RD, Hilliard, OH, 43026",Exclude (Ambiguous/Commercial corridor)
"4625 CEMETERY RD, Hilliard, OH, 43026",Exclude (Ambiguous/Commercial corridor)
"4640 CEMETERY RD, Hilliard, OH, 43026",Exclude (Ambiguous/Commercial corridor)
"4647 CEMETERY RD, Hilliard, OH, 43026",Exclude (Ambiguous/Commercial corridor)
"4652 CEMETERY RD, Hilliard, OH, 43026",Exclude (Ambiguous/Commercial corridor)
"4656 CEMETERY RD, Hilliard, OH, 43026",Exclude (Ambiguous/Commercial corridor)
"4660 CEMETERY RD, Hilliard, OH, 43026",Exclude (Ambiguous/Commercial corridor)
"4668 CEMETERY RD, Hilliard, OH, 43026",Exclude (Ambiguous/Commercial corridor)
"4673 CEMETERY RD, Hilliard, OH, 43026",Exclude (Ambiguous/Commercial corridor)
"4682 CEMETERY RD, Hilliard, OH, 43026",Exclude (Ambiguous/Commercial corridor)
"4695 CEMETERY RD, Hilliard, OH, 43026",Exclude (Ambiguous/Commercial corridor)
"4698 CEMETERY RD, Hilliard, OH, 43026",Exclude (Ambiguous/Commercial corridor)
"4707 CEMETERY RD, Hilliard, OH, 43026",Exclude (Ambiguous/Commercial corridor)
"4714 CEMETERY RD, Hilliard, OH, 43026",Exclude (Ambiguous/Commercial corridor)
"4720 CEMETERY RD, Hilliard, OH, 43026",Exclude (Ambiguous/Commercial corridor)
"4726 CEMETERY RD, Hilliard, OH, 43026",Exclude (Ambiguous/Commercial corridor)
"4728 CEMETERY RD, Hilliard, OH, 43026",Exclude (Ambiguous/Commercial corridor)
"4729 CEMETERY RD, Hilliard, OH, 43026",Exclude (Ambiguous/Commercial corridor)
"4737 CEMETERY RD, Hilliard, OH, 43026",Exclude (Ambiguous/Commercial corridor)
"4738 CEMETERY RD, Hilliard, OH, 43026",Exclude (Ambiguous/Commercial corridor)
"4772 CEMETERY RD, Hilliard, OH, 43026",Exclude (Ambiguous/Commercial corridor)
"4777 CEMETERY RD, Hilliard, OH, 43026",Exclude (Ambiguous/Commercial corridor)
"4790 CEMETERY RD, Hilliard, OH, 43026",Exclude (Ambiguous/Commercial corridor)
"4791 CEMETERY RD, Hilliard, OH, 43026",Exclude (Ambiguous/Commercial corridor)
"4801 CEMETERY RD, Hilliard, OH, 43026",Exclude (Ambiguous/Commercial corridor)
"4807 CEMETERY RD, Hilliard, OH, 43026",Exclude (Ambiguous/Commercial corridor)
"4821 CEMETERY RD, Hilliard, OH, 43026",Exclude (Ambiguous/Commercial corridor)
"4827 CEMETERY RD, Hilliard, OH, 43026",Exclude (Ambiguous/Commercial corridor)
"4832 CEMETERY RD, Hilliard, OH, 43026",Exclude (Ambiguous/Commercial corridor)
"4840 CEMETERY RD, Hilliard, OH, 43026",Exclude (Ambiguous/Commercial corridor)
"4850 DAVIDSON RD, Hilliard, OH, 43026",Institutional/School Zone
"4860 CEMETERY RD, Hilliard, OH, 43026",Exclude (Ambiguous/Commercial corridor)
"4876 CEMETERY RD, Hilliard, OH, 43026",Exclude (Ambiguous/Commercial corridor)
"4928 CEMETERY RD, Hilliard, OH, 43026",Exclude (Ambiguous/Commercial corridor)
"4939 CEMETERY RD, Hilliard, OH, 43026",Exclude (Ambiguous/Commercial corridor)
"4947 CEMETERY RD, Hilliard, OH, 43026",Exclude (Ambiguous/Commercial corridor)
"4985 CEMETERY RD, Hilliard, OH, 43026",Exclude (Ambiguous/Commercial corridor)
"4989 CEMETERY RD, Hilliard, OH, 43026",Exclude (Ambiguous/Commercial corridor)
"4991 CEMETERY RD, Hilliard, OH, 43026",Exclude (Ambiguous/Commercial corridor)
"4993 EDWARDS FARMS RD, Columbus, OH, 43026",Industrial/Flex
"5001 CEMETERY RD, Hilliard, OH, 43026",Exclude (Ambiguous/Commercial corridor)
"5006 CEMETERY RD, Hilliard, OH, 43026",Exclude (Ambiguous/Commercial corridor)
"5009 CEMETERY RD, Hilliard, OH, 43026",Exclude (Ambiguous/Commercial corridor)
"5049 CEMETERY RD, Hilliard, OH, 43026",Exclude (Ambiguous/Commercial corridor)
"5060 CEMETERY RD, Hilliard, OH, 43026",Exclude (Ambiguous/Commercial corridor)
"5062 CEMETERY RD, Hilliard, OH, 43026",Exclude (Ambiguous/Commercial corridor)
"5066 CEMETERY RD, Hilliard, OH, 43026",Exclude (Ambiguous/Commercial corridor)
"5068 CEMETERY RD, Hilliard, OH, 43026",Exclude (Ambiguous/Commercial corridor)
"5094 DAVIDSON RD, Hilliard, OH, 43026",Institutional/School Zone
"5106 DAVIDSON RD, Hilliard, OH, 43026",Institutional/School Zone
"5109 HAYDEN RUN RD, Hilliard, OH, 43026",Exclude (Mixed/Commercial Range)
"5113 HAYDEN RUN RD, Hilliard, OH, 43026",Exclude (Mixed/Commercial Range)
"5117 HAYDEN RUN RD, Hilliard, OH, 43026",Exclude (Mixed/Commercial Range)
"5121 HAYDEN RUN RD, Hilliard, OH, 43026",Exclude (Mixed/Commercial Range)
"5125 HAYDEN RUN RD, Hilliard, OH, 43026",Exclude (Mixed/Commercial Range)
"5188 HAYDEN RUN RD, Hilliard, OH, 43026",Exclude (Mixed/Commercial Range)
"5224 CEMETERY RD, Hilliard, OH, 43026",Exclude (Ambiguous/Commercial corridor)
"5225 CEMETERY RD, Hilliard, OH, 43026",Exclude (Ambiguous/Commercial corridor)
"5228 CEMETERY RD, Hilliard, OH, 43026",Exclude (Ambiguous/Commercial corridor)
"5242 CEMETERY RD, Hilliard, OH, 43026",Exclude (Ambiguous/Commercial corridor)
"5242 CENTER ST, Hilliard, OH, 43026",Exclude (Mixed Use/Ambiguous)
"5246 CEMETERY RD, Hilliard, OH, 43026",Exclude (Ambiguous/Commercial corridor)
"5250 CEMETERY RD, Hilliard, OH, 43026",Exclude (Ambiguous/Commercial corridor)
"5250 CENTER ST, Hilliard, OH, 43026",Exclude (Mixed Use/Ambiguous)
"5252 CENTER ST, Hilliard, OH, 43026",Exclude (Mixed Use/Ambiguous)
"5253 HAYDEN RUN RD, Hilliard, OH, 43026",Exclude (Mixed/Commercial Range)
"5254 CENTER ST, Hilliard, OH, 43026",Exclude (Mixed Use/Ambiguous)
"5260 CENTER ST, Hilliard, OH, 43026",Exclude (Mixed Use/Ambiguous)
"5266 CENTER ST, Hilliard, OH, 43026",Exclude (Mixed Use/Ambiguous)
"5280 CENTER ST, Hilliard, OH, 43026",Exclude (Mixed Use/Ambiguous)
"5286 CENTER ST, Hilliard, OH, 43026",Exclude (Mixed Use/Ambiguous)
"5300 CEMETERY RD, Hilliard, OH, 43026",Exclude (Ambiguous/Commercial corridor)
"5310 CEMETERY RD, Hilliard, OH, 43026",Exclude (Ambiguous/Commercial corridor)
"5310 CENTER ST, Hilliard, OH, 43026",Exclude (Mixed Use/Ambiguous)
"5314 CENTER ST, Hilliard, OH, 43026",Exclude (Mixed Use/Ambiguous)
"5316 CENTER ST, Hilliard, OH, 43026",Exclude (Mixed Use/Ambiguous)
"5323 CEMETERY RD, Hilliard, OH, 43026",Exclude (Ambiguous/Commercial corridor)
"5344 CENTER ST, Hilliard, OH, 43026",Exclude (Mixed Use/Ambiguous)
"5346 CENTER ST, Hilliard, OH, 43026",Exclude (Mixed Use/Ambiguous)
"5354 CEMETERY RD, Hilliard, OH, 43026",Exclude (Ambiguous/Commercial corridor)
"5370 CEMETERY RD, Hilliard, OH, 43026",Exclude (Ambiguous/Commercial corridor)
"5372 CENTER ST, Hilliard, OH, 43026",Exclude (Mixed Use/Ambiguous)
"5383 CEMETERY RD, Hilliard, OH, 43026",Exclude (Ambiguous/Commercial corridor)
"5390 CEMETERY RD, Hilliard, OH, 43026",Exclude (Ambiguous/Commercial corridor)
"5390 CENTER ST, Hilliard, OH, 43026",Exclude (Mixed Use/Ambiguous)
"5393 CEMETERY RD, Hilliard, OH, 43026",Exclude (Ambiguous/Commercial corridor)
"5425 CENTER ST, Hilliard, OH, 43026",Exclude (Mixed Use/Ambiguous)
"5462 CENTER ST, Hilliard, OH, 43026",Exclude (Mixed Use/Ambiguous)
"5467 CENTER ST, Hilliard, OH, 43026",Exclude (Mixed Use/Ambiguous)
"5478 CENTER ST, Hilliard, OH, 43026",Exclude (Mixed Use/Ambiguous)
"5490 HAYDEN RUN RD, Hilliard, OH, 43026",Exclude (Mixed/Commercial Range)
"5522 CENTER ST, Hilliard, OH, 43026",Exclude (Mixed Use/Ambiguous)
"5580 HAYDEN RUN RD, Columbus, OH, 43026",Exclude (Mixed/Commercial Range)
"5587 HAYDEN RUN RD, Hilliard, OH, 43026",Exclude (Mixed/Commercial Range)
"5599 HAYDEN RUN RD, Hilliard, OH, 43026",Exclude (Mixed/Commercial Range)
"5606 HAYDEN RUN RD, Columbus, OH, 43026",Exclude (Mixed/Commercial Range)
"5609 HAYDEN RUN RD, Hilliard, OH, 43026",Exclude (Mixed/Commercial Range)
"5617 HAYDEN RUN RD, Hilliard, OH, 43026",Exclude (Mixed/Commercial Range)
"5620 HAYDEN RUN RD, Columbus, OH, 43026",Exclude (Mixed/Commercial Range)
"5637 HAYDEN RUN RD, Hilliard, OH, 43026",Exclude (Mixed/Commercial Range)
"5638 HAYDEN RUN RD, Columbus, OH, 43026",Exclude (Mixed/Commercial Range)
"7042 FEDER RD, Hilliard, OH, 43026",Commercial/Industrial Street
"9060 BEACH RD, Hilliard, OH, 43026",Commercial/Industrial Street
"6397 HAYDEN RUN RD, Columbus, OH, 43026",Exclude (Manual Review Fallback)
"6407 VERDURA DR, Columbus, OH, 43026",Exclude (Unknown Street)
"6408 VERDURA DR, Columbus, OH, 43026",Exclude (Unknown Street)
"6533 HAYDEN RUN RD, Columbus, OH, 43026",Exclude (Manual Review Fallback)
"6614 MAJOR WAY, Hilliard, OH, 43026",Exclude (Manual Review Fallback)
"6624 MAJOR WAY, Hilliard, OH, 43026",Exclude (Manual Review Fallback)
"6634 MAJOR WAY, Hilliard, OH, 43026",Exclude (Manual Review Fallback)
"6644 MAJOR WAY, Hilliard, OH, 43026",Exclude (Manual Review Fallback)
"6649 SCIOTO DARBY CREEK RD, Hilliard, OH, 43026",Exclude (Major Road/Mixed)
"6654 MAJOR WAY, Hilliard, OH, 43026",Exclude (Manual Review Fallback)
"6655 SCIOTO DARBY CREEK RD, Hilliard, OH, 43026",Exclude (Major Road/Mixed)
"6661 SCIOTO DARBY CREEK RD, Hilliard, OH, 43026",Exclude (Major Road/Mixed)
"6664 MAJOR WAY, Hilliard, OH, 43026",Exclude (Manual Review Fallback)
"6667 SCIOTO DARBY CREEK RD, Hilliard, OH, 43026",Exclude (Major Road/Mixed)
"6671 MAJOR WAY, Hilliard, OH, 43026",Exclude (Manual Review Fallback)
"6673 SCIOTO DARBY CREEK RD, Hilliard, OH, 43026",Exclude (Major Road/Mixed)
"6674 MAJOR WAY, Hilliard, OH, 43026",Exclude (Manual Review Fallback)
"6676 SCIOTO DARBY CREEK RD, Hilliard, OH, 43026",Exclude (Major Road/Mixed)
"6677 SCIOTO DARBY CREEK RD, Hilliard, OH, 43026",Exclude (Major Road/Mixed)
"6680 SCIOTO DARBY CREEK RD, Hilliard, OH, 43026",Exclude (Major Road/Mixed)
"6681 MAJOR WAY, Hilliard, OH, 43026",Exclude (Manual Review Fallback)
"6684 MAJOR WAY, Hilliard, OH, 43026",Exclude (Manual Review Fallback)
"6691 MAJOR WAY, Hilliard, OH, 43026",Exclude (Manual Review Fallback)
"6694 MAJOR WAY, Hilliard, OH, 43026",Exclude (Manual Review Fallback)
"6749 HAYDEN RUN RD, Columbus, OH, 43026",Exclude (Manual Review Fallback)
"6759 HAYDEN RUN RD, Columbus, OH, 43026",Exclude (Manual Review Fallback)
"6771 HAYDEN RUN RD, Columbus, OH, 43026",Exclude (Manual Review Fallback)
"6813 HAYDEN RUN RD, Columbus, OH, 43026",Exclude (Manual Review Fallback)
"6816 SCIOTO DARBY CREEK RD, Hilliard, OH, 43026",Exclude (Major Road/Mixed)
"6817 SCIOTO DARBY CREEK RD, Hilliard, OH, 43026",Exclude (Major Road/Mixed)
"6825 SCIOTO DARBY CREEK RD, Hilliard, OH, 43026",Exclude (Major Road/Mixed)
"6833 SCIOTO DARBY CREEK RD, Hilliard, OH, 43026",Exclude (Major Road/Mixed)
"6843 SCIOTO DARBY CREEK RD, Hilliard, OH, 43026",Exclude (Major Road/Mixed)
"6875 HAYDEN RUN RD, Columbus, OH, 43026",Exclude (Manual Review Fallback)
"6901 SCIOTO DARBY CREEK RD, Hilliard, OH, 43026",Exclude (Major Road/Mixed)
"6911 HAYDEN RUN RD, Hilliard, OH, 43026",Exclude (Manual Review Fallback)
"6921 HAYDEN RUN RD, Hilliard, OH, 43026",Exclude (Manual Review Fallback)
"6943 SCIOTO DARBY CREEK RD, Hilliard, OH, 43026",Exclude (Major Road/Mixed)
"6958 HAYDEN RUN RD, Columbus, OH, 43026",Exclude (Manual Review Fallback)
"6981 SCIOTO DARBY CREEK RD, Hilliard, OH, 43026",Exclude (Major Road/Mixed)
"6991 HAYDEN RUN RD, Columbus, OH, 43026",Exclude (Manual Review Fallback)
"7019 HAYDEN RUN RD, Columbus, OH, 43026",Exclude (Manual Review Fallback)
"7041 HAYDEN RUN RD, Columbus, OH, 43026",Exclude (Manual Review Fallback)
"7055 HAYDEN RUN RD, Columbus, OH, 43026",Exclude (Manual Review Fallback)
"7107 SCIOTO DARBY CREEK RD, Hilliard, OH, 43026",Exclude (Major Road/Mixed)
"7147 HAYDEN RUN RD, Hilliard, OH, 43026",Exclude (Manual Review Fallback)
"7207 SCIOTO DARBY CREEK RD, Hilliard, OH, 43026",Exclude (Major Road/Mixed)
"7220 HAYDEN RUN RD, Hilliard, OH, 43026",Exclude (Manual Review Fallback)
"7222 HAYDEN RUN RD, Hilliard, OH, 43026",Exclude (Manual Review Fallback)
"7235 HAYDEN RUN RD, Hilliard, OH, 43026",Exclude (Manual Review Fallback)
"7262 HAYDEN RUN RD, Hilliard, OH, 43026",Exclude (Manual Review Fallback)
"7286 HAYDEN RUN RD, Hilliard, OH, 43026",Exclude (Manual Review Fallback)
"7290 HAYDEN RUN RD, Hilliard, OH, 43026",Exclude (Manual Review Fallback)
"7300 HAYDEN RUN RD, Hilliard, OH, 43026",Exclude (Manual Review Fallback)
"7310 HAYDEN RUN RD, Hilliard, OH, 43026",Exclude (Manual Review Fallback)
"7318 HAYDEN RUN RD, Hilliard, OH, 43026",Exclude (Manual Review Fallback)
"7345 HAYDEN RUN RD, Hilliard, OH, 43026",Exclude (Manual Review Fallback)
"7380 SCIOTO DARBY CREEK RD, Hilliard, OH, 43026",Exclude (Major Road/Mixed)
"7380 SCIOTO DARBY CRK RD, Hilliard, OH, 43026",Exclude (Major Road/Mixed)
"7387 HAYDEN RUN RD, Hilliard, OH, 43026",Exclude (Manual Review Fallback)
"7395 HAYDEN RUN RD, Hilliard, OH, 43026",Exclude (Manual Review Fallback)
"7400 SCIOTO DARBY CREEK RD, Hilliard, OH, 43026",Exclude (Major Road/Mixed)
"7417 HAYDEN RUN RD, Hilliard, OH, 43026",Exclude (Manual Review Fallback)
"7555 SCIOTO DARBY CREEK RD, Hilliard, OH, 43026",Exclude (Major Road/Mixed)
"7611 SCIOTO DARBY CREEK RD, Hilliard, OH, 43026",Exclude (Major Road/Mixed)
"7642 HAYDEN RUN RD, Hilliard, OH, 43026",Exclude (Manual Review Fallback)
"7711 HAYDEN RUN RD, Hilliard, OH, 43026",Exclude (Manual Review Fallback)
"7723 HAYDEN RUN RD, Hilliard, OH, 43026",Exclude (Manual Review Fallback)
"7731 HAYDEN RUN RD, Hilliard, OH, 43026",Exclude (Manual Review Fallback)
"7739 HAYDEN RUN RD, Hilliard, OH, 43026",Exclude (Manual Review Fallback)
"7747 HAYDEN RUN RD, Hilliard, OH, 43026",Exclude (Manual Review Fallback)
"7797 HAYDEN RUN RD, Hilliard, OH, 43026",Exclude (Manual Review Fallback)
"7800 SCIOTO DARBY CREEK RD, Hilliard, OH, 43026",Exclude (Major Road/Mixed)
"7822 SCIOTO DARBY CREEK RD, Hilliard, OH, 43026",Exclude (Major Road/Mixed)
"7860 SCIOTO DARBY CREEK RD, Hilliard, OH, 43026",Exclude (Major Road/Mixed)
"7920 SCIOTO DARBY CREEK RD, Hilliard, OH, 43026",Exclude (Major Road/Mixed)
"8205 SCIOTO DARBY CREEK RD, Hilliard, OH, 43026",Exclude (Major Road/Mixed)
"8215 SCIOTO DARBY CREEK RD, Hilliard, OH, 43026",Exclude (Major Road/Mixed)
"8253 SCIOTO DARBY CREEK RD, Hilliard, OH, 43026",Exclude (Major Road/Mixed)
"8303 SCIOTO DARBY CREEK RD, Hilliard, OH, 43026",Exclude (Major Road/Mixed)
"8333 SCIOTO DARBY CREEK RD, Hilliard, OH, 43026",Exclude (Major Road/Mixed)
"8363 SCIOTO DARBY CREEK RD, Hilliard, OH, 43026",Exclude (Major Road/Mixed)
"8370 SCIOTO DARBY CREEK RD, Hilliard, OH, 43026",Exclude (Major Road/Mixed)
"8419 SCIOTO DARBY CREEK RD, Hilliard, OH, 43026",Exclude (Major Road/Mixed)
"8465 HAYDEN RUN RD, Hilliard, OH, 43026",Exclude (Manual Review Fallback)
"8475 SCIOTO DARBY CREEK RD, Hilliard, OH, 43026",Exclude (Major Road/Mixed)
"8500 SCIOTO DARBY CREEK RD, Hilliard, OH, 43026",Exclude (Major Road/Mixed)
"8567 SCIOTO DARBY CREEK RD, Hilliard, OH, 43026",Exclude (Major Road/Mixed)
"8631 HAYDEN RUN RD, Hilliard, OH, 43026",Exclude (Manual Review Fallback)
"8733 HAYDEN RUN RD, Hilliard, OH, 43026",Exclude (Manual Review Fallback)
"8765 HAYDEN RUN RD, Hilliard, OH, 43026",Exclude (Manual Review Fallback)
"8877 SCIOTO DARBY CREEK RD, Hilliard, OH, 43026",Exclude (Major Road/Mixed)
"9008 SCIOTO DARBY CREEK RD, Hilliard, OH, 43026",Exclude (Major Road/Mixed)
"9157 SCIOTO DARBY CREEK RD, Hilliard, OH, 43026",Exclude (Major Road/Mixed)
"9169 SCIOTO DARBY CREEK RD, Hilliard, OH, 43026",Exclude (Major Road/Mixed)
"9183 SCIOTO DARBY CREEK RD, Hilliard, OH, 43026",Exclude (Major Road/Mixed)
"9355 SCIOTO DARBY CREEK RD, Hilliard, OH, 43026",Exclude (Major Road/Mixed)
"9447 HAYDEN RUN RD, Hilliard, OH, 43026",Exclude (Manual Review Fallback)
"9501 SCIOTO DARBY CREEK RD, Hilliard, OH, 43026",Exclude (Major Road/Mixed)
"2800 WALKER RD, Hilliard, OH, 43026",Explicit Blacklist
"2881 WALKER RD, Hilliard, OH, 43026",Explicit Blacklist
"2900 WALKER RD, Hilliard, OH, 43026",Explicit Blacklist
"3131 MILL RUN DR, Columbus, OH, 43026",Explicit Blacklist
"3311 MILL MEADOW DR, Hilliard, OH, 43026",Commercial/Industrial Street
"3315 MILL MEADOW DR, Hilliard, OH, 43026",Commercial/Industrial Street
"3333 MILL MEADOW DR, Hilliard, OH, 43026",Commercial/Industrial Street
"3555 FISHINGER BLVD 13, Columbus, OH, 43026",Commercial/Industrial Street
"3582 FISHINGER BLVD D, Columbus, OH, 43026",Commercial/Industrial Street
"3586 FISHINGER BLVD C, Columbus, OH, 43026",Commercial/Industrial Street
"3590 FISHINGER BLVD B, Columbus, OH, 43026",Commercial/Industrial Street
"3592 FISHINGER BLVD E, Columbus, OH, 43026",Commercial/Industrial Street
"3599 PARK MILL RUN DR, Hilliard, OH, 43026",Commercial/Industrial Street
"3600 FISHINGER BLVD A, Columbus, OH, 43026",Commercial/Industrial Street
"3600 PARK MILL RUN DR, Columbus, OH, 43026",Commercial/Industrial Street
"3635 DATA POINT CT, Columbus, OH, 43026",Commercial/Industrial Street
"3639 RIDGE MILL DR, Columbus, OH, 43026",Commercial/Industrial Street
"3641 RIDGE MILL DR, Columbus, OH, 43026",Commercial/Industrial Street
"3643 RIDGE MILL DR, Columbus, OH, 43026",Commercial/Industrial Street
"3645 RIDGE MILL DR, Columbus, OH, 43026",Commercial/Industrial Street
"3647 RIDGE MILL DR, Columbus, OH, 43026",Commercial/Industrial Street
"3651 RIDGE MILL DR, Columbus, OH, 43026",Commercial/Industrial Street
"3655 RIDGE MILL DR, Columbus, OH, 43026",Commercial/Industrial Street
"3659 RIDGE MILL DR, Columbus, OH, 43026",Commercial/Industrial Street
"3660 RIDGE MILL DR, Columbus, OH, 43026",Commercial/Industrial Street
"3663 RIDGE MILL DR, Columbus, OH, 43026",Commercial/Industrial Street
"3665 PARK MILL RUN DR, Hilliard, OH, 43026",Commercial/Industrial Street
"3667 RIDGE MILL DR, Columbus, OH, 43026",Commercial/Industrial Street
"3671 RIDGE MILL DR, Columbus, OH, 43026",Commercial/Industrial Street
"3675 PARK MILL RUN DR, Hilliard, OH, 43026",Commercial/Industrial Street
"3675 RIDGE MILL DR, Columbus, OH, 43026",Commercial/Industrial Street
"3681 PARK MILL RUN DR, Hilliard, OH, 43026",Commercial/Industrial Street
"3687 PARK MILL RUN DR, Hilliard, OH, 43026",Commercial/Industrial Street
"3691 RIDGE MILL DR, Columbus, OH, 43026",Commercial/Industrial Street
"3700 RIDGE MILL DR, Columbus, OH, 43026",Commercial/Industrial Street
"3710 RIDGE MILL DR, Columbus, OH, 43026",Commercial/Industrial Street
"3712 RIDGE MILL DR, Columbus, OH, 43026",Commercial/Industrial Street
"3714 RIDGE MILL DR, Columbus, OH, 43026",Commercial/Industrial Street
"3716 RIDGE MILL DR, Columbus, OH, 43026",Commercial/Industrial Street
"3718 RIDGE MILL DR, Columbus, OH, 43026",Commercial/Industrial Street
"3720 RIDGE MILL DR, Columbus, OH, 43026",Commercial/Industrial Street
"3721 FISHINGER RD, Columbus, OH, 43026",Commercial/Industrial Street
"3721 RIDGE MILL DR, Columbus, OH, 43026",Commercial/Industrial Street
"3727 PARK MILL RUN DR, Hilliard, OH, 43026",Commercial/Industrial Street
"3730 MUNICIPAL WAY, Hilliard, OH, 43026",Commercial/Industrial Street
"3730 RIDGE MILL DR, Columbus, OH, 43026",Commercial/Industrial Street
"3731 RIDGE MILL DR, Columbus, OH, 43026",Commercial/Industrial Street
"3734 RIDGE MILL DR, Columbus, OH, 43026",Commercial/Industrial Street
"3740 MUNICIPAL WAY, Hilliard, OH, 43026",Commercial/Industrial Street
"3740 RIDGE MILL DR, Columbus, OH, 43026",Commercial/Industrial Street
"3747 PARK MILL RUN DR, Hilliard, OH, 43026",Commercial/Industrial Street
"3750 MUNICIPAL WAY, Hilliard, OH, 43026",Commercial/Industrial Street
"3750 RIDGE MILL DR, Columbus, OH, 43026",Commercial/Industrial Street
"3750 VETERANS MEMORIAL DR, Hilliard, OH, 43026",Commercial/Industrial Street
"3755 RIDGE MILL DR, Columbus, OH, 43026",Commercial/Industrial Street
"3757 RIDGE MILL DR, Columbus, OH, 43026",Commercial/Industrial Street
"3759 RIDGE MILL DR, Columbus, OH, 43026",Commercial/Industrial Street
"3760 MUNICIPAL WAY, Hilliard, OH, 43026",Commercial/Industrial Street
"3760 RIDGE MILL DR, Columbus, OH, 43026",Commercial/Industrial Street
"3761 RIDGE MILL DR, Columbus, OH, 43026",Commercial/Industrial Street
"3763 RIDGE MILL DR, Columbus, OH, 43026",Commercial/Industrial Street
"3765 RIDGE MILL DR, Columbus, OH, 43026",Commercial/Industrial Street
"3767 PARK MILL RUN DR, Hilliard, OH, 43026",Commercial/Industrial Street
"3767 RIDGE MILL DR, Columbus, OH, 43026",Commercial/Industrial Street
"3769 PARK MILL RUN DR, Hilliard, OH, 43026",Commercial/Industrial Street
"3769 RIDGE MILL DR, Columbus, OH, 43026",Commercial/Industrial Street
"3770 MUNICIPAL WAY, Hilliard, OH, 43026",Commercial/Industrial Street
"3770 RIDGE MILL DR, Columbus, OH, 43026",Commercial/Industrial Street
"3770 VETERANS MEMORIAL DR, Hilliard, OH, 43026",Commercial/Industrial Street
"3771 PARK MILL RUN DR, Hilliard, OH, 43026",Commercial/Industrial Street
"3771 RIDGE MILL DR, Columbus, OH, 43026",Commercial/Industrial Street
"3773 PARK MILL RUN DR, Hilliard, OH, 43026",Commercial/Industrial Street
"3773 RIDGE MILL DR, Columbus, OH, 43026",Commercial/Industrial Street
"3775 RIDGE MILL DR, Columbus, OH, 43026",Commercial/Industrial Street
"3775 TRUEMAN CT, Hilliard, OH, 43026",Commercial/Industrial Street
"3777 PARK MILL RUN DR, Hilliard, OH, 43026",Commercial/Industrial Street
"3777 RIDGE MILL DR, Columbus, OH, 43026",Commercial/Industrial Street
"3777 TRUEMAN CT, Hilliard, OH, 43026",Commercial/Industrial Street
"3779 RIDGE MILL DR, Columbus, OH, 43026",Commercial/Industrial Street
"3779 TRUEMAN CT, Hilliard, OH, 43026",Commercial/Industrial Street
"3780 MUNICIPAL WAY, Hilliard, OH, 43026",Commercial/Industrial Street
"3780 RIDGE MILL DR, Columbus, OH, 43026",Commercial/Industrial Street
"3780 VETERANS MEMORIAL DR, Hilliard, OH, 43026",Commercial/Industrial Street
"3781 PARK MILL RUN DR, Hilliard, OH, 43026",Commercial/Industrial Street
"3781 RIDGE MILL DR, Columbus, OH, 43026",Commercial/Industrial Street
"3783 RIDGE MILL DR, Columbus, OH, 43026",Commercial/Industrial Street
"3783 VETERANS MEMORIAL DR, Hilliard, OH, 43026",Commercial/Industrial Street
"3785 PARK MILL RUN DR, Hilliard, OH, 43026",Commercial/Industrial Street
"3785 RIDGE MILL DR, Columbus, OH, 43026",Commercial/Industrial Street
"3787 RIDGE MILL DR, Columbus, OH, 43026",Commercial/Industrial Street
"3789 RIDGE MILL DR, Columbus, OH, 43026",Commercial/Industrial Street
"3790 MUNICIPAL WAY, Hilliard, OH, 43026",Commercial/Industrial Street
"3790 VETERANS MEMORIAL DR, Hilliard, OH, 43026",Commercial/Industrial Street
"3791 PARK MILL RUN DR, Hilliard, OH, 43026",Commercial/Industrial Street
"3791 RIDGE MILL DR, Columbus, OH, 43026",Commercial/Industrial Street
"3793 RIDGE MILL DR, Columbus, OH, 43026",Commercial/Industrial Street
"3795 RIDGE MILL DR, Columbus, OH, 43026",Commercial/Industrial Street
"3797 RIDGE MILL DR, Columbus, OH, 43026",Commercial/Industrial Street
"3799 PARK MILL RUN DR, Hilliard, OH, 43026",Commercial/Industrial Street
"3799 RIDGE MILL DR, Columbus, OH, 43026",Commercial/Industrial Street
"3800 MUNICIPAL WAY, Hilliard, OH, 43026",Commercial/Industrial Street
"3800 VETERANS MEMORIAL DR, Hilliard, OH, 43026",Commercial/Industrial Street
"3803 VETERANS MEMORIAL DR, Hilliard, OH, 43026",Commercial/Industrial Street
"3810 VETERANS MEMORIAL DR, Hilliard, OH, 43026",Commercial/Industrial Street
"3813 MUNICIPAL WAY, Hilliard, OH, 43026",Commercial/Industrial Street
"3815 MUNICIPAL WAY, Hilliard, OH, 43026",Commercial/Industrial Street
"3823 MUNICIPAL WAY, Hilliard, OH, 43026",Commercial/Industrial Street
"3823 TRUEMAN CT, Hilliard, OH, 43026",Commercial/Industrial Street
"3825 MUNICIPAL WAY, Hilliard, OH, 43026",Commercial/Industrial Street
"3825 TRUEMAN CT, Hilliard, OH, 43026",Commercial/Industrial Street
"3827 MUNICIPAL WAY, Hilliard, OH, 43026",Commercial/Industrial Street
"3827 TRUEMAN CT, Hilliard, OH, 43026",Commercial/Industrial Street
"3830 TRUEMAN CT, Hilliard, OH, 43026",Commercial/Industrial Street
"3831 PARK MILL RUN DR, Hilliard, OH, 43026",Commercial/Industrial Street
"3831 TRUEMAN CT, Hilliard, OH, 43026",Commercial/Industrial Street
"3837 VETERANS MEMORIAL DR, Hilliard, OH, 43026",Commercial/Industrial Street
"3839 TRUEMAN CT, Hilliard, OH, 43026",Commercial/Industrial Street
"3839 VETERANS MEMORIAL DR, Hilliard, OH, 43026",Commercial/Industrial Street
"3841 PARK MILL RUN DR, Hilliard, OH, 43026",Commercial/Industrial Street
"3841 TRUEMAN CT, Hilliard, OH, 43026",Commercial/Industrial Street
"3843 TRUEMAN CT, Hilliard, OH, 43026",Commercial/Industrial Street
"3845 TRUEMAN CT, Hilliard, OH, 43026",Commercial/Industrial Street
"3845 VETERANS MEMORIAL DR, Hilliard, OH, 43026",Commercial/Industrial Street
"3847 VETERANS MEMORIAL DR, Hilliard, OH, 43026",Commercial/Industrial Street
"3850 LYMAN DR, Hilliard, OH, 43026",Commercial/Industrial Street
"3850 VETERANS MEMORIAL DR, Hilliard, OH, 43026",Commercial/Industrial Street
"3852 VETERANS MEMORIAL DR, Hilliard, OH, 43026",Commercial/Industrial Street
"3853 TRUEMAN CT, Hilliard, OH, 43026",Commercial/Industrial Street
"3854 VETERANS MEMORIAL DR, Hilliard, OH, 43026",Commercial/Industrial Street
"3855 TRUEMAN CT, Hilliard, OH, 43026",Commercial/Industrial Street
"3857 TRUEMAN CT, Hilliard, OH, 43026",Commercial/Industrial Street
"3859 TRUEMAN CT, Hilliard, OH, 43026",Commercial/Industrial Street
"3861 PARK MILL RUN DR, Hilliard, OH, 43026",Commercial/Industrial Street
"3861 TRUEMAN CT, Hilliard, OH, 43026",Commercial/Industrial Street
"3863 TRUEMAN CT, Hilliard, OH, 43026",Commercial/Industrial Street
"3871 VETERANS MEMORIAL DR, Hilliard, OH, 43026",Commercial/Industrial Street
"3879 VETERANS MEMORIAL DR, Hilliard, OH, 43026",Commercial/Industrial Street
"3880 BROWN PARK DR, Hilliard, OH, 43026",Commercial/Industrial Street
"3880 PARK MILL RUN DR, Columbus, OH, 43026",Commercial/Industrial Street
"3883 VETERANS MEMORIAL DR, Hilliard, OH, 43026",Commercial/Industrial Street
"3885 BERRY LEAF LN, Hilliard, OH, 43026",Commercial/Industrial Street
"3900 LYMAN DR, Hilliard, OH, 43026",Commercial/Industrial Street
"3905 BERRY LEAF LN, Hilliard, OH, 43026",Commercial/Industrial Street
"3906 BROWN PARK DR, Hilliard, OH, 43026",Commercial/Industrial Street
"3910 LYMAN DR, Hilliard, OH, 43026",Commercial/Industrial Street
"3913 BERRY LEAF LN, Hilliard, OH, 43026",Commercial/Industrial Street
"3914 BROWN PARK DR, Hilliard, OH, 43026",Commercial/Industrial Street
"3915 BERRY LEAF LN, Hilliard, OH, 43026",Commercial/Industrial Street
"3919 BERRY LEAF LN, Hilliard, OH, 43026",Commercial/Industrial Street
"3925 BERRY LEAF LN, Hilliard, OH, 43026",Commercial/Industrial Street
"3927 BERRY LEAF LN, Hilliard, OH, 43026",Commercial/Industrial Street
"3927 BROWN PARK DR, Hilliard, OH, 43026",Commercial/Industrial Street
"3929 TRUEMAN BLVD, Hilliard, OH, 43026",Commercial/Industrial Street
"3930 COLUMBIA ST, Hilliard, OH, 43026",Commercial/Industrial Street
"3931 BERRY LEAF LN, Hilliard, OH, 43026",Commercial/Industrial Street
"3932 BROWN PARK DR, Hilliard, OH, 43026",Commercial/Industrial Street
"3933 COLUMBIA ST, Hilliard, OH, 43026",Commercial/Industrial Street
"3933 TRUEMAN BLVD, Hilliard, OH, 43026",Commercial/Industrial Street
"3935 COLUMBIA ST, Hilliard, OH, 43026",Commercial/Industrial Street
"3935 TRUEMAN BLVD, Hilliard, OH, 43026",Commercial/Industrial Street
"3936 COLUMBIA ST, Hilliard, OH, 43026",Commercial/Industrial Street
"3940 COLUMBIA ST, Hilliard, OH, 43026",Commercial/Industrial Street
"3940 LYMAN DR, Hilliard, OH, 43026",Commercial/Industrial Street
"3949 COLUMBIA ST, Hilliard, OH, 43026",Commercial/Industrial Street
"3949 LYMAN DR, Hilliard, OH, 43026",Commercial/Industrial Street
"3949 TRUEMAN BLVD, Hilliard, OH, 43026",Commercial/Industrial Street
"3950 LYMAN DR, Hilliard, OH, 43026",Commercial/Industrial Street
"3955 BROWN PARK DR, Hilliard, OH, 43026",Commercial/Industrial Street
"3956 BROWN PARK DR, Hilliard, OH, 43026",Commercial/Industrial Street
"3958 BROWN PARK DR, Hilliard, OH, 43026",Commercial/Industrial Street
"3958 COLUMBIA ST, Hilliard, OH, 43026",Commercial/Industrial Street
"3960 BROWN PARK DR, Hilliard, OH, 43026",Commercial/Industrial Street
"3961 TRUEMAN BLVD, Hilliard, OH, 43026",Commercial/Industrial Street
"3962 BROWN PARK DR, Hilliard, OH, 43026",Commercial/Industrial Street
"3964 BROWN PARK DR, Hilliard, OH, 43026",Commercial/Industrial Street
"3965 TRUEMAN BLVD, Hilliard, OH, 43026",Commercial/Industrial Street
"3966 BROWN PARK DR, Hilliard, OH, 43026",Commercial/Industrial Street
"3966 COLUMBIA ST, Hilliard, OH, 43026",Commercial/Industrial Street
"3967 TRUEMAN BLVD, Hilliard, OH, 43026",Commercial/Industrial Street
"3968 BROWN PARK DR, Hilliard, OH, 43026",Commercial/Industrial Street
"3969 TRUEMAN BLVD, Hilliard, OH, 43026",Commercial/Industrial Street
"3970 BROWN PARK DR, Hilliard, OH, 43026",Commercial/Industrial Street
"3971 TRUEMAN BLVD, Hilliard, OH, 43026",Commercial/Industrial Street
"3972 BROWN PARK DR, Hilliard, OH, 43026",Commercial/Industrial Street
"3973 TRUEMAN BLVD, Hilliard, OH, 43026",Commercial/Industrial Street
"3974 BROWN PARK DR, Hilliard, OH, 43026",Commercial/Industrial Street
"3975 BROWN PARK DR, Hilliard, OH, 43026",Commercial/Industrial Street
"3975 TRUEMAN BLVD, Hilliard, OH, 43026",Commercial/Industrial Street
"3977 TRUEMAN BLVD, Hilliard, OH, 43026",Commercial/Industrial Street
"3986 TRUEPOINTE BLVD, Hilliard, OH, 43026",Commercial/Industrial Street
"3988 TRUEPOINTE BLVD, Hilliard, OH, 43026",Commercial/Industrial Street
"3990 COLUMBIA ST, Hilliard, OH, 43026",Commercial/Industrial Street
"3990 TRUEPOINTE BLVD, Hilliard, OH, 43026",Commercial/Industrial Street
"3993 BROWN PARK DR, Hilliard, OH, 43026",Commercial/Industrial Street
"3993 COSGRAY RD, Hilliard, OH, 43026",Commercial/Industrial Street
"3996 COLUMBIA ST, Hilliard, OH, 43026",Commercial/Industrial Street
"3997 TRUEPOINTE BLVD E101, Hilliard, OH, 43026",Commercial/Industrial Street
"3997 TRUEPOINTE BLVD, Hilliard, OH, 43026",Commercial/Industrial Street
"3998 TRUEPOINTE BLVD, Hilliard, OH, 43026",Commercial/Industrial Street
"4000 LYMAN DR, Hilliard, OH, 43026",Commercial/Industrial Street
"4002 COLUMBIA ST, Hilliard, OH, 43026",Commercial/Industrial Street
"4007 COLUMBIA ST, Hilliard, OH, 43026",Commercial/Industrial Street
"4010 COLUMBIA ST, Hilliard, OH, 43026",Commercial/Industrial Street
"4022 GREEN STRIPE LN, Hilliard, OH, 43026",Commercial/Industrial Street
"4024 GREEN STRIPE LN, Hilliard, OH, 43026",Commercial/Industrial Street
"4029 WEAVER CT E, Hilliard, OH, 43026",Commercial/Industrial Street
"4030 COLUMBIA ST, Hilliard, OH, 43026",Commercial/Industrial Street
"4038 WEAVER CT E, Hilliard, OH, 43026",Commercial/Industrial Street
"4039 LYMAN DR, Hilliard, OH, 43026",Commercial/Industrial Street
"4041 LEPPERT RD, Hilliard, OH, 43026",Commercial/Industrial Street
"4044 COLUMBIA ST, Hilliard, OH, 43026",Commercial/Industrial Street
"4048 COLUMBIA ST, Hilliard, OH, 43026",Commercial/Industrial Street
"4050 COLUMBIA ST, Hilliard, OH, 43026",Commercial/Industrial Street
"4051 LEPPERT RD, Hilliard, OH, 43026",Commercial/Industrial Street
"4055 COLUMBIA ST, Hilliard, OH, 43026",Commercial/Industrial Street
"4061 LEPPERT RD, Hilliard, OH, 43026",Commercial/Industrial Street
"4062 COLUMBIA ST, Hilliard, OH, 43026",Commercial/Industrial Street
"4071 COLUMBIA ST, Hilliard, OH, 43026",Commercial/Industrial Street
"4073 LEPPERT RD, Hilliard, OH, 43026",Commercial/Industrial Street
"4076 LEPPERT RD, Hilliard, OH, 43026",Commercial/Industrial Street
"4077 COLUMBIA ST, Hilliard, OH, 43026",Commercial/Industrial Street
"4077 WEAVER CT S, Hilliard, OH, 43026",Commercial/Industrial Street
"4078 ANSON DR, Hilliard, OH, 43026",Commercial/Industrial Street
"4079 LEPPERT RD, Hilliard, OH, 43026",Commercial/Industrial Street
"4079 LYMAN DR, Hilliard, OH, 43026",Commercial/Industrial Street
"4080 ANSON DR, Hilliard, OH, 43026",Commercial/Industrial Street
"4080 LYMAN DR, Hilliard, OH, 43026",Commercial/Industrial Street
"4081 COLUMBIA ST, Hilliard, OH, 43026",Commercial/Industrial Street
"4081 DUBLIN RD, Hilliard, OH, 43026",Commercial/Industrial Street
"4082 ANSON DR, Hilliard, OH, 43026",Commercial/Industrial Street
"4083 TRUEMAN BLVD, Hilliard, OH, 43026",Commercial/Industrial Street
"4084 ANSON DR, Hilliard, OH, 43026",Commercial/Industrial Street
"4085 COLUMBIA ST, Hilliard, OH, 43026",Commercial/Industrial Street
"4086 ANSON DR, Hilliard, OH, 43026",Commercial/Industrial Street
"4087 TRUEMAN BLVD, Hilliard, OH, 43026",Commercial/Industrial Street
"4088 ANSON DR, Hilliard, OH, 43026",Commercial/Industrial Street
"4089 COLUMBIA ST, Hilliard, OH, 43026",Commercial/Industrial Street
"4090 ANSON DR, Hilliard, OH, 43026",Commercial/Industrial Street
"4090 LYMAN CT, Hilliard, OH, 43026",Commercial/Industrial Street
"4090 WEAVER CT S, Hilliard, OH, 43026",Commercial/Industrial Street
"4091 LEPPERT RD, Hilliard, OH, 43026",Commercial/Industrial Street
"4091 TRUEMAN BLVD, Hilliard, OH, 43026",Commercial/Industrial Street
"4092 ANSON DR, Hilliard, OH, 43026",Commercial/Industrial Street
"4093 TRUEMAN BLVD, Hilliard, OH, 43026",Commercial/Industrial Street
"4094 ANSON DR, Hilliard, OH, 43026",Commercial/Industrial Street
"4096 ANSON DR, Hilliard, OH, 43026",Commercial/Industrial Street
"4098 ANSON DR, Hilliard, OH, 43026",Commercial/Industrial Street
"4099 TRUEMAN BLVD, Hilliard, OH, 43026",Commercial/Industrial Street
"4100 ANSON DR, Hilliard, OH, 43026",Commercial/Industrial Street
"4100 COLUMBIA ST, Hilliard, OH, 43026",Commercial/Industrial Street
"4101 TRUEMAN BLVD, Hilliard, OH, 43026",Commercial/Industrial Street
"4102 ANSON DR, Hilliard, OH, 43026",Commercial/Industrial Street
"4103 LEPPERT RD, Hilliard, OH, 43026",Commercial/Industrial Street
"4104 ANSON DR, Hilliard, OH, 43026",Commercial/Industrial Street
"4105 LYMAN DR, Hilliard, OH, 43026",Commercial/Industrial Street
"4105 TRUEMAN BLVD, Hilliard, OH, 43026",Commercial/Industrial Street
"4106 ANSON DR, Hilliard, OH, 43026",Commercial/Industrial Street
"4108 ANSON DR, Hilliard, OH, 43026",Commercial/Industrial Street
"4110 ANSON DR, Hilliard, OH, 43026",Commercial/Industrial Street
"4112 ANSON DR, Hilliard, OH, 43026",Commercial/Industrial Street
"4113 LEPPERT RD, Hilliard, OH, 43026",Commercial/Industrial Street
"4114 ANSON DR, Hilliard, OH, 43026",Commercial/Industrial Street
"4116 ANSON DR, Hilliard, OH, 43026",Commercial/Industrial Street
"4118 ANSON DR, Hilliard, OH, 43026",Commercial/Industrial Street
"4120 ANSON DR, Hilliard, OH, 43026",Commercial/Industrial Street
"4121 WEAVER CT E, Hilliard, OH, 43026",Commercial/Industrial Street
"4122 ANSON DR, Hilliard, OH, 43026",Commercial/Industrial Street
"4124 ANSON DR, Hilliard, OH, 43026",Commercial/Industrial Street
"4125 LEPPERT RD, Hilliard, OH, 43026",Commercial/Industrial Street
"4125 WEAVER CT E, Hilliard, OH, 43026",Commercial/Industrial Street
"4126 ANSON DR, Hilliard, OH, 43026",Commercial/Industrial Street
"4128 ANSON DR, Hilliard, OH, 43026",Commercial/Industrial Street
"4129 WEAVER CT E, Hilliard, OH, 43026",Commercial/Industrial Street
"4130 ANSON DR, Hilliard, OH, 43026",Commercial/Industrial Street
"4130 LYMAN DR, Hilliard, OH, 43026",Commercial/Industrial Street
"4130 WEAVER CT S, Hilliard, OH, 43026",Commercial/Industrial Street
"4132 ANSON DR, Hilliard, OH, 43026",Commercial/Industrial Street
"4133 WEAVER CT E, Hilliard, OH, 43026",Commercial/Industrial Street
"4134 ANSON DR, Hilliard, OH, 43026",Commercial/Industrial Street
"4135 KAYE DR, Hilliard, OH, 43026",Commercial/Industrial Street
"4135 LEPPERT RD, Hilliard, OH, 43026",Commercial/Industrial Street
"4136 ANSON DR, Hilliard, OH, 43026",Commercial/Industrial Street
"4138 ANSON DR, Hilliard, OH, 43026",Commercial/Industrial Street
"4138 WEAVER CT E, Hilliard, OH, 43026",Commercial/Industrial Street
"4140 ANSON DR, Hilliard, OH, 43026",Commercial/Industrial Street
"4142 ANSON DR, Hilliard, OH, 43026",Commercial/Industrial Street
"4143 KAYE DR, Hilliard, OH, 43026",Commercial/Industrial Street
"4143 WEAVER CT S, Hilliard, OH, 43026",Commercial/Industrial Street
"4144 ANSON DR, Hilliard, OH, 43026",Commercial/Industrial Street
"4146 ANSON DR, Hilliard, OH, 43026",Commercial/Industrial Street
"4147 KAYE DR, Hilliard, OH, 43026",Commercial/Industrial Street
"4147 LEPPERT RD, Hilliard, OH, 43026",Commercial/Industrial Street
"4148 ANSON DR, Hilliard, OH, 43026",Commercial/Industrial Street
"4150 ANSON DR, Hilliard, OH, 43026",Commercial/Industrial Street
"4150 LYMAN DR, Hilliard, OH, 43026",Commercial/Industrial Street
"4150 WEAVER CT S, Hilliard, OH, 43026",Commercial/Industrial Street
"4152 ANSON DR, Hilliard, OH, 43026",Commercial/Industrial Street
"4154 ANSON DR, Hilliard, OH, 43026",Commercial/Industrial Street
"4155 KAYE DR, Hilliard, OH, 43026",Commercial/Industrial Street
"4156 ANSON DR, Hilliard, OH, 43026",Commercial/Industrial Street
"4157 AVERY RD, Hilliard, OH, 43026",Commercial/Industrial Street
"4157 LYMAN DR, Hilliard, OH, 43026",Commercial/Industrial Street
"4158 ANSON DR, Hilliard, OH, 43026",Commercial/Industrial Street
"4159 LYMAN DR, Hilliard, OH, 43026",Commercial/Industrial Street
"4160 ANSON DR, Hilliard, OH, 43026",Commercial/Industrial Street
"4160 TRUEMAN BLVD, Hilliard, OH, 43026",Commercial/Industrial Street
"4160 WEAVER CT S, Hilliard, OH, 43026",Commercial/Industrial Street
"4161 AVERY RD, Hilliard, OH, 43026",Commercial/Industrial Street
"4161 DUBLIN RD, Hilliard, OH, 43026",Commercial/Industrial Street
"4161 LYMAN DR, Hilliard, OH, 43026",Commercial/Industrial Street
"4162 ANSON DR, Hilliard, OH, 43026",Commercial/Industrial Street
"4162 COLUMBIA ST, Hilliard, OH, 43026",Commercial/Industrial Street
"4163 LYMAN DR, Hilliard, OH, 43026",Commercial/Industrial Street
"4164 ANSON DR, Hilliard, OH, 43026",Commercial/Industrial Street
"4164 AVERY RD, Hilliard, OH, 43026",Commercial/Industrial Street
"4165 LYMAN DR, Hilliard, OH, 43026",Commercial/Industrial Street
"4166 ANSON DR, Hilliard, OH, 43026",Commercial/Industrial Street
"4167 LYMAN DR, Hilliard, OH, 43026",Commercial/Industrial Street
"4168 ANSON DR, Hilliard, OH, 43026",Commercial/Industrial Street
"4169 LYMAN DR, Hilliard, OH, 43026",Commercial/Industrial Street
"4170 ANSON DR, Hilliard, OH, 43026",Commercial/Industrial Street
"4170 WEAVER CT S, Hilliard, OH, 43026",Commercial/Industrial Street
"4171 LYMAN DR, Hilliard, OH, 43026",Commercial/Industrial Street
"4172 ANSON DR, Hilliard, OH, 43026",Commercial/Industrial Street
"4173 LYMAN DR, Hilliard, OH, 43026",Commercial/Industrial Street
"4174 ANSON DR, Hilliard, OH, 43026",Commercial/Industrial Street
"4175 LYMAN DR, Hilliard, OH, 43026",Commercial/Industrial Street
"4176 ANSON DR, Hilliard, OH, 43026",Commercial/Industrial Street
"4177 LYMAN DR, Hilliard, OH, 43026",Commercial/Industrial Street
"4178 ANSON DR, Hilliard, OH, 43026",Commercial/Industrial Street
"4179 LYMAN DR, Hilliard, OH, 43026",Commercial/Industrial Street
"4180 ANSON DR, Hilliard, OH, 43026",Commercial/Industrial Street
"4180 AVERY RD, Hilliard, OH, 43026",Commercial/Industrial Street
"4180 WEAVER CT S, Hilliard, OH, 43026",Commercial/Industrial Street
"4181 DUBLIN RD, Hilliard, OH, 43026",Commercial/Industrial Street
"4181 LYMAN DR, Hilliard, OH, 43026",Commercial/Industrial Street
"4190 ANSON DR, Hilliard, OH, 43026",Commercial/Industrial Street
"4190 WEAVER CT S, Hilliard, OH, 43026",Commercial/Industrial Street
"4192 ANSON DR, Hilliard, OH, 43026",Commercial/Industrial Street
"4192 WEAVER CT S, Hilliard, OH, 43026",Commercial/Industrial Street
"4194 LYMAN CT, Hilliard, OH, 43026",Commercial/Industrial Street
"4195 AVERY RD, Hilliard, OH, 43026",Commercial/Industrial Street
"4196 AVERY RD, Hilliard, OH, 43026",Commercial/Industrial Street
"4199 AVERY RD, Hilliard, OH, 43026",Commercial/Industrial Street
"4199 WEAVER CT S, Hilliard, OH, 43026",Commercial/Industrial Street
"4200 LEPPERT RD, Hilliard, OH, 43026",Commercial/Industrial Street
"4200 LYMAN CT, Hilliard, OH, 43026",Commercial/Industrial Street
"4200 WEAVER CT S, Hilliard, OH, 43026",Commercial/Industrial Street
"4209 AVERY RD, Hilliard, OH, 43026",Commercial/Industrial Street
"4210 LEPPERT RD, Hilliard, OH, 43026",Commercial/Industrial Street
"4211 DUBLIN RD, Hilliard, OH, 43026",Commercial/Industrial Street
"4211 LEPPERT RD, Hilliard, OH, 43026",Commercial/Industrial Street
"4211 TRUEMAN BLVD, Hilliard, OH, 43026",Commercial/Industrial Street
"4214 LEPPERT RD, Hilliard, OH, 43026",Commercial/Industrial Street
"4215 AVERY RD, Hilliard, OH, 43026",Commercial/Industrial Street
"4220 LEPPERT RD, Hilliard, OH, 43026",Commercial/Industrial Street
"4222 AVERY RD, Hilliard, OH, 43026",Commercial/Industrial Street
"4225 LEPPERT RD, Hilliard, OH, 43026",Commercial/Industrial Street
"4226 LEPPERT RD, Hilliard, OH, 43026",Commercial/Industrial Street
"4228 AVERY RD, Hilliard, OH, 43026",Commercial/Industrial Street
"4230 TRUEMAN BLVD, Hilliard, OH, 43026",Commercial/Industrial Street
"4233 LEPPERT RD, Hilliard, OH, 43026",Commercial/Industrial Street
"4235 AVERY RD, Hilliard, OH, 43026",Commercial/Industrial Street
"4235 DUBLIN RD, Hilliard, OH, 43026",Commercial/Industrial Street
"4237 DUBLIN RD, Hilliard, OH, 43026",Commercial/Industrial Street
"4238 LYMAN DR, Hilliard, OH, 43026",Commercial/Industrial Street
"4241 DUBLIN RD, Hilliard, OH, 43026",Commercial/Industrial Street
"4243 DUBLIN RD, Hilliard, OH, 43026",Commercial/Industrial Street
"4244 AVERY RD, Hilliard, OH, 43026",Commercial/Industrial Street
"4244 LEPPERT RD, Hilliard, OH, 43026",Commercial/Industrial Street
"4245 LEPPERT RD, Hilliard, OH, 43026",Commercial/Industrial Street
"4248 COSGRAY RD, Hilliard, OH, 43026",Commercial/Industrial Street
"4249 COSGRAY RD, Hilliard, OH, 43026",Commercial/Industrial Street
"4252 LYMAN DR, Hilliard, OH, 43026",Commercial/Industrial Street
"4253 LEPPERT RD, Hilliard, OH, 43026",Commercial/Industrial Street
"4260 WEAVER CT N, Hilliard, OH, 43026",Commercial/Industrial Street
"4261 DUBLIN RD, Hilliard, OH, 43026",Commercial/Industrial Street
"4265 LEPPERT RD, Hilliard, OH, 43026",Commercial/Industrial Street
"4271 WEAVER CT N, Hilliard, OH, 43026",Commercial/Industrial Street
"4275 LEPPERT RD, Hilliard, OH, 43026",Commercial/Industrial Street
"4277 LYMAN DR, Hilliard, OH, 43026",Commercial/Industrial Street
"4278 AVERY RD, Hilliard, OH, 43026",Commercial/Industrial Street
"4280 WEAVER CT N, Hilliard, OH, 43026",Commercial/Industrial Street
"4280 WEAVER CT, Hilliard, OH, 43026",Commercial/Industrial Street
"4281 AVERY RD, Hilliard, OH, 43026",Commercial/Industrial Street
"4283 AVERY RD, Hilliard, OH, 43026",Commercial/Industrial Street
"4284 AVERY RD, Hilliard, OH, 43026",Commercial/Industrial Street
"4286 WEAVER CT N, Hilliard, OH, 43026",Commercial/Industrial Street
"4291 DUBLIN RD, Hilliard, OH, 43026",Commercial/Industrial Street
"4297 AVERY RD, Hilliard, OH, 43026",Commercial/Industrial Street
"4297 TRUEMAN BLVD, Hilliard, OH, 43026",Commercial/Industrial Street
"4299 TRUEMAN BLVD, Hilliard, OH, 43026",Commercial/Industrial Street
"4300 AVERY RD, Hilliard, OH, 43026",Commercial/Industrial Street
"4300 LYMAN DR, Hilliard, OH, 43026",Commercial/Industrial Street
"4301 COSGRAY RD, Hilliard, OH, 43026",Commercial/Industrial Street
"4301 LYMAN DR, Hilliard, OH, 43026",Commercial/Industrial Street
"4302 ALL SEASONS DR, Hilliard, OH, 43026",Commercial/Industrial Street
"4303 AVERY RD, Hilliard, OH, 43026",Commercial/Industrial Street
"4305 DUBLIN RD, Hilliard, OH, 43026",Commercial/Industrial Street
"4306 ALL SEASONS DR, Hilliard, OH, 43026",Commercial/Industrial Street
"4310 ALL SEASONS DR, Hilliard, OH, 43026",Commercial/Industrial Street
"4311 ANSON DR, Hilliard, OH, 43026",Commercial/Industrial Street
"4311 COSGRAY RD, Hilliard, OH, 43026",Commercial/Industrial Street
"4314 ALL SEASONS DR, Hilliard, OH, 43026",Commercial/Industrial Street
"4315 COSGRAY RD, Hilliard, OH, 43026",Commercial/Industrial Street
"4317 AVERY RD, Hilliard, OH, 43026",Commercial/Industrial Street
"4318 ALL SEASONS DR, Hilliard, OH, 43026",Commercial/Industrial Street
"4319 COSGRAY RD, Hilliard, OH, 43026",Commercial/Industrial Street
"4321 DUBLIN RD, Hilliard, OH, 43026",Commercial/Industrial Street
"4322 ALL SEASONS DR, Hilliard, OH, 43026",Commercial/Industrial Street
"4323 COSGRAY RD, Hilliard, OH, 43026",Commercial/Industrial Street
"4326 ALL SEASONS DR, Hilliard, OH, 43026",Commercial/Industrial Street
"4327 COSGRAY RD, Hilliard, OH, 43026",Commercial/Industrial Street
"4333 AVERY RD, Hilliard, OH, 43026",Commercial/Industrial Street
"4333 COSGRAY RD, Hilliard, OH, 43026",Commercial/Industrial Street
"4334 ALL SEASONS DR, Hilliard, OH, 43026",Commercial/Industrial Street
"4335 DUBLIN RD, Hilliard, OH, 43026",Commercial/Industrial Street
"4337 AVERY RD, Hilliard, OH, 43026",Commercial/Industrial Street
"4337 COSGRAY RD, Hilliard, OH, 43026",Commercial/Industrial Street
"4338 ALL SEASONS DR, Hilliard, OH, 43026",Commercial/Industrial Street
"4340 LEPPERT RD, Hilliard, OH, 43026",Commercial/Industrial Street
"4340 LYMAN DR, Hilliard, OH, 43026",Commercial/Industrial Street
"4341 COSGRAY RD, Hilliard, OH, 43026",Commercial/Industrial Street
"4341 DUBLIN RD, Hilliard, OH, 43026",Commercial/Industrial Street
"4341 LEPPERT RD, Hilliard, OH, 43026",Commercial/Industrial Street
"4342 ALL SEASONS DR, Hilliard, OH, 43026",Commercial/Industrial Street
"4342 LYMAN DR, Hilliard, OH, 43026",Commercial/Industrial Street
"4343 ALL SEASONS DR, Hilliard, OH, 43026",Commercial/Industrial Street
"4343 AVERY RD, Hilliard, OH, 43026",Commercial/Industrial Street
"4343 DUBLIN RD, Hilliard, OH, 43026",Commercial/Industrial Street
"4343 WEAVER CT N, Hilliard, OH, 43026",Commercial/Industrial Street
"4344 LYMAN DR, Hilliard, OH, 43026",Commercial/Industrial Street
"4345 COSGRAY RD, Hilliard, OH, 43026",Commercial/Industrial Street
"4346 ALL SEASONS DR, Hilliard, OH, 43026",Commercial/Industrial Street
"4347 DUBLIN RD, Hilliard, OH, 43026",Commercial/Industrial Street
"4349 AVERY RD, Hilliard, OH, 43026",Commercial/Industrial Street
"4349 LEPPERT RD, Hilliard, OH, 43026",Commercial/Industrial Street
"4350 ALL SEASONS DR, Hilliard, OH, 43026",Commercial/Industrial Street
"4350 WEAVER CT N, Hilliard, OH, 43026",Commercial/Industrial Street
"4351 COSGRAY RD, Hilliard, OH, 43026",Commercial/Industrial Street
"4354 ALL SEASONS DR, Hilliard, OH, 43026",Commercial/Industrial Street
"4355 AVERY RD, Hilliard, OH, 43026",Commercial/Industrial Street
"4358 ALL SEASONS DR, Hilliard, OH, 43026",Commercial/Industrial Street
"4358 WEAVER CT, Hilliard, OH, 43026",Commercial/Industrial Street
"4360 ALL SEASONS DR, Hilliard, OH, 43026",Commercial/Industrial Street
"4361 LEPPERT RD, Hilliard, OH, 43026",Commercial/Industrial Street
"4363 ALL SEASONS DR, Hilliard, OH, 43026",Commercial/Industrial Street
"4363 LYMAN DR, Hilliard, OH, 43026",Commercial/Industrial Street
"4364 ALL SEASONS DR, Hilliard, OH, 43026",Commercial/Industrial Street
"4367 AVERY RD, Hilliard, OH, 43026",Commercial/Industrial Street
"4368 ALL SEASONS DR, Hilliard, OH, 43026",Commercial/Industrial Street
"4370 LEPPERT RD, Hilliard, OH, 43026",Commercial/Industrial Street
"4371 LEPPERT RD, Hilliard, OH, 43026",Commercial/Industrial Street
"4372 ALL SEASONS DR, Hilliard, OH, 43026",Commercial/Industrial Street
"4376 ALL SEASONS DR, Hilliard, OH, 43026",Commercial/Industrial Street
"4379 AVERY RD, Hilliard, OH, 43026",Commercial/Industrial Street
"4379 LEPPERT RD, Hilliard, OH, 43026",Commercial/Industrial Street
"4380 ALL SEASONS DR, Hilliard, OH, 43026",Commercial/Industrial Street
"4384 ALL SEASONS DR, Hilliard, OH, 43026",Commercial/Industrial Street
"4387 AVERY RD, Hilliard, OH, 43026",Commercial/Industrial Street
"4387 WEAVER CT N, Hilliard, OH, 43026",Commercial/Industrial Street
"4388 ALL SEASONS DR, Hilliard, OH, 43026",Commercial/Industrial Street
"4389 LEPPERT RD, Hilliard, OH, 43026",Commercial/Industrial Street
"4389 WEAVER CT N, Hilliard, OH, 43026",Commercial/Industrial Street
"4391 WEAVER CT N, Hilliard, OH, 43026",Commercial/Industrial Street
"4392 ALL SEASONS DR, Hilliard, OH, 43026",Commercial/Industrial Street
"4393 WEAVER CT N, Hilliard, OH, 43026",Commercial/Industrial Street
"4395 WEAVER CT N, Hilliard, OH, 43026",Commercial/Industrial Street
"4396 ALL SEASONS DR, Hilliard, OH, 43026",Commercial/Industrial Street
"4397 WEAVER CT N, Hilliard, OH, 43026",Commercial/Industrial Street
"4399 LEPPERT RD, Hilliard, OH, 43026",Commercial/Industrial Street
"4399 WEAVER CT N, Hilliard, OH, 43026",Commercial/Industrial Street
"4401 LYMAN DR, Hilliard, OH, 43026",Commercial/Industrial Street
"4401 WEAVER CT N, Hilliard, OH, 43026",Commercial/Industrial Street
"4409 LEPPERT RD, Hilliard, OH, 43026",Commercial/Industrial Street
"4410 AVERY RD, Hilliard, OH, 43026",Commercial/Industrial Street
"4411 AVERY RD, Hilliard, OH, 43026",Commercial/Industrial Street
"4417 GENEROSITY WAY, Hilliard, OH, 43026",Commercial/Industrial Street
"4418 LEPPERT RD, Hilliard, OH, 43026",Commercial/Industrial Street
"4421 LEPPERT RD, Hilliard, OH, 43026",Commercial/Industrial Street
"4422 LEPPERT RD, Hilliard, OH, 43026",Commercial/Industrial Street
"4425 KAYE DR, Hilliard, OH, 43026",Commercial/Industrial Street
"4428 GENEROSITY WAY, Hilliard, OH, 43026",Commercial/Industrial Street
"4429 KAYE DR, Hilliard, OH, 43026",Commercial/Industrial Street
"4430 LEPPERT RD, Hilliard, OH, 43026",Commercial/Industrial Street
"4431 LEPPERT RD, Hilliard, OH, 43026",Commercial/Industrial Street
"4439 LEPPERT RD, Hilliard, OH, 43026",Commercial/Industrial Street
"4445 LEPPERT RD, Hilliard, OH, 43026",Commercial/Industrial Street
"4445 WEAVER CT N, Hilliard, OH, 43026",Commercial/Industrial Street
"4448 AVERY RD, Hilliard, OH, 43026",Commercial/Industrial Street
"4450 LEPPERT RD, Hilliard, OH, 43026",Commercial/Industrial Street
"4454 AVERY RD, Hilliard, OH, 43026",Commercial/Industrial Street
"4455 AVERY RD, Hilliard, OH, 43026",Commercial/Industrial Street
"4455 DUBLIN RD, Hilliard, OH, 43026",Commercial/Industrial Street
"4459 TRUEMAN BLVD, Hilliard, OH, 43026",Commercial/Industrial Street
"4463 KAYE DR, Hilliard, OH, 43026",Commercial/Industrial Street
"4465 AVERY RD, Hilliard, OH, 43026",Commercial/Industrial Street
"4470 LEPPERT RD, Hilliard, OH, 43026",Commercial/Industrial Street
"4471 COSGRAY RD, Hilliard, OH, 43026",Commercial/Industrial Street
"4475 DUBLIN RD, Hilliard, OH, 43026",Commercial/Industrial Street
"4479 GENEROSITY WAY, Hilliard, OH, 43026",Commercial/Industrial Street
"4495 AVERY RD, Hilliard, OH, 43026",Commercial/Industrial Street
"4496 SUTPHEN CT, Hilliard, OH, 43026",Commercial/Industrial Street
"4498 WATHEN DR, Hilliard, OH, 43026",Commercial/Industrial Street
"4500 HICKORY CHASE WAY, Hilliard, OH, 43026",Explicit Blacklist
"4500 SUTPHEN CT BLDG 1, Hilliard, OH, 43026",Commercial/Industrial Street
"4500 SUTPHEN CT BLDG 2, Hilliard, OH, 43026",Commercial/Industrial Street
"4500 SUTPHEN CT BLDG 3, Hilliard, OH, 43026",Commercial/Industrial Street
"4500 SUTPHEN CT BLDG 4, Hilliard, OH, 43026",Commercial/Industrial Street
"4501 COSGRAY RD ROW, Hilliard, OH, 43026",Commercial/Industrial Street
"4501 GENEROSITY WAY, Hilliard, OH, 43026",Commercial/Industrial Street
"4501 SUTPHEN CT, Hilliard, OH, 43026",Commercial/Industrial Street
"4507 AVERY RD, Hilliard, OH, 43026",Commercial/Industrial Street
"4515 AVERY RD, Hilliard, OH, 43026",Commercial/Industrial Street
"4523 AVERY RD, Hilliard, OH, 43026",Commercial/Industrial Street
"4528 GENEROSITY WAY, Hilliard, OH, 43026",Commercial/Industrial Street
"4530 GENEROSITY WAY, Hilliard, OH, 43026",Commercial/Industrial Street
"4531 GENEROSITY WAY, Hilliard, OH, 43026",Commercial/Industrial Street
"4532 DUBLIN RD, Hilliard, OH, 43026",Commercial/Industrial Street
"4535 GENEROSITY WAY, Hilliard, OH, 43026",Commercial/Industrial Street
"4544 DUBLIN RD, Hilliard, OH, 43026",Commercial/Industrial Street
"4555 LYMAN DR, Hilliard, OH, 43026",Commercial/Industrial Street
"4568 WATHEN DR, Hilliard, OH, 43026",Commercial/Industrial Street
"4570 WATHEN DR, Hilliard, OH, 43026",Commercial/Industrial Street
"4577 LYMAN DR, Hilliard, OH, 43026",Commercial/Industrial Street
"4579 SUTPHEN CT, Hilliard, OH, 43026",Commercial/Industrial Street
"4580 COSGRAY RD, Hilliard, OH, 43026",Commercial/Industrial Street
"4593 TRUEMAN BLVD, Hilliard, OH, 43026",Commercial/Industrial Street
"4594 COSGRAY RD, Hilliard, OH, 43026",Commercial/Industrial Street
"4595 TRUEMAN BLVD, Hilliard, OH, 43026",Commercial/Industrial Street
"4596 COSGRAY RD, Hilliard, OH, 43026",Commercial/Industrial Street
"4597 LEPPERT RD, Hilliard, OH, 43026",Commercial/Industrial Street
"4598 COSGRAY RD, Hilliard, OH, 43026",Commercial/Industrial Street
"4599 COSGRAY RD, Hilliard, OH, 43026",Commercial/Industrial Street
"4600 AVERY RD, Hilliard, OH, 43026",Commercial/Industrial Street
"4600 COSGRAY RD, Hilliard, OH, 43026",Commercial/Industrial Street
"4600 NORTHWEST PKWY, Hilliard, OH, 43026",Commercial/Industrial Street
"4601 COSGRAY RD, Hilliard, OH, 43026",Commercial/Industrial Street
"4601 LEPPERT RD, Hilliard, OH, 43026",Commercial/Industrial Street
"4601 LYMAN DR, Hilliard, OH, 43026",Commercial/Industrial Street
"4601 NORTHWEST PKWY, Hilliard, OH, 43026",Commercial/Industrial Street
"4603 NORTHWEST PKWY, Hilliard, OH, 43026",Commercial/Industrial Street
"4605 NORTHWEST PKWY, Hilliard, OH, 43026",Commercial/Industrial Street
"4607 NORTHWEST PKWY, Hilliard, OH, 43026",Commercial/Industrial Street
"4609 NORTHWEST PKWY, Hilliard, OH, 43026",Commercial/Industrial Street
"4611 NORTHWEST PKWY, Hilliard, OH, 43026",Commercial/Industrial Street
"4611 TRUEMAN BLVD, Hilliard, OH, 43026",Commercial/Industrial Street
"4612 COSGRAY RD, Hilliard, OH, 43026",Commercial/Industrial Street
"4613 NORTHWEST PKWY, Hilliard, OH, 43026",Commercial/Industrial Street
"4615 LIBRARY WAY, Hilliard, OH, 43026",Commercial/Industrial Street
"4617 LEPPERT RD, Hilliard, OH, 43026",Commercial/Industrial Street
"4618 COSGRAY RD, Hilliard, OH, 43026",Commercial/Industrial Street
"4619 NORTHWEST PKWY, Hilliard, OH, 43026",Commercial/Industrial Street
"4621 LYMAN DR, Hilliard, OH, 43026",Commercial/Industrial Street
"4621 NORTHWEST PKWY, Hilliard, OH, 43026",Commercial/Industrial Street
"4623 NORTHWEST PKWY, Hilliard, OH, 43026",Commercial/Industrial Street
"4623 TRUEMAN BLVD, Hilliard, OH, 43026",Commercial/Industrial Street
"4625 NORTHWEST PKWY, Hilliard, OH, 43026",Commercial/Industrial Street
"4627 NORTHWEST PKWY, Hilliard, OH, 43026",Commercial/Industrial Street
"4627 TRUEMAN BLVD, Hilliard, OH, 43026",Commercial/Industrial Street
"4629 NORTHWEST PKWY, Hilliard, OH, 43026",Commercial/Industrial Street
"4631 NORTHWEST PKWY, Hilliard, OH, 43026",Commercial/Industrial Street
"4635 NORTHWEST PKWY, Hilliard, OH, 43026",Commercial/Industrial Street
"4635 TRUEMAN BLVD APT 100, Hilliard, OH, 43026",Commercial/Industrial Street
"4635 TRUEMAN BLVD APT 111, Hilliard, OH, 43026",Commercial/Industrial Street
"4637 NORTHWEST PKWY, Hilliard, OH, 43026",Commercial/Industrial Street
"4638 COSGRAY RD, Hilliard, OH, 43026",Commercial/Industrial Street
"4639 NORTHWEST PKWY, Hilliard, OH, 43026",Commercial/Industrial Street
"4640 COSGRAY RD, Hilliard, OH, 43026",Commercial/Industrial Street
"4640 TRUEMAN BLVD, Hilliard, OH, 43026",Commercial/Industrial Street
"4641 NORTHWEST PKWY, Hilliard, OH, 43026",Commercial/Industrial Street
"4642 COSGRAY RD, Hilliard, OH, 43026",Commercial/Industrial Street
"4643 NORTHWEST PKWY, Hilliard, OH, 43026",Commercial/Industrial Street
"4643 TRUEMAN BLVD, Hilliard, OH, 43026",Commercial/Industrial Street
"4645 NORTHWEST PKWY, Hilliard, OH, 43026",Commercial/Industrial Street
"4647 NORTHWEST PKWY, Hilliard, OH, 43026",Commercial/Industrial Street
"4653 NORTHWEST PKWY, Hilliard, OH, 43026",Commercial/Industrial Street
"4655 NORTHWEST PKWY, Hilliard, OH, 43026",Commercial/Industrial Street
"4657 NORTHWEST PKWY, Hilliard, OH, 43026",Commercial/Industrial Street
"4659 NORTHWEST PKWY, Hilliard, OH, 43026",Commercial/Industrial Street
"4660 TRUEMAN BLVD, Hilliard, OH, 43026",Commercial/Industrial Street
"4661 NORTHWEST PKWY, Hilliard, OH, 43026",Commercial/Industrial Street
"4662 COSGRAY RD, Hilliard, OH, 43026",Commercial/Industrial Street
"4663 NORTHWEST PKWY, Hilliard, OH, 43026",Commercial/Industrial Street
"4665 NORTHWEST PKWY, Hilliard, OH, 43026",Commercial/Industrial Street
"4671 NORTHWEST PKWY, Hilliard, OH, 43026",Commercial/Industrial Street
"4673 NORTHWEST PKWY, Hilliard, OH, 43026",Commercial/Industrial Street
"4675 COSGRAY RD, Hilliard, OH, 43026",Commercial/Industrial Street
"4675 NORTHWEST PKWY, Hilliard, OH, 43026",Commercial/Industrial Street
"4677 NORTHWEST PKWY, Hilliard, OH, 43026",Commercial/Industrial Street
"4678 COSGRAY RD, Hilliard, OH, 43026",Commercial/Industrial Street
"4679 NORTHWEST PKWY, Hilliard, OH, 43026",Commercial/Industrial Street
"4680 LIBRARY WAY, Hilliard, OH, 43026",Commercial/Industrial Street
"4681 NORTHWEST PKWY, Hilliard, OH, 43026",Commercial/Industrial Street
"4683 NORTHWEST PKWY, Hilliard, OH, 43026",Commercial/Industrial Street
"4684 COSGRAY RD, Hilliard, OH, 43026",Commercial/Industrial Street
"4686 COSGRAY RD, Hilliard, OH, 43026",Commercial/Industrial Street
"4689 NORTHWEST PKWY, Hilliard, OH, 43026",Commercial/Industrial Street
"4691 NORTHWEST PKWY, Hilliard, OH, 43026",Commercial/Industrial Street
"4693 NORTHWEST PKWY, Hilliard, OH, 43026",Commercial/Industrial Street
"4695 NORTHWEST PKWY, Hilliard, OH, 43026",Commercial/Industrial Street
"4696 COSGRAY RD, Hilliard, OH, 43026",Commercial/Industrial Street
"4697 NORTHWEST PKWY, Hilliard, OH, 43026",Commercial/Industrial Street
"4699 NORTHWEST PKWY, Hilliard, OH, 43026",Commercial/Industrial Street
"4701 LEPPERT RD, Hilliard, OH, 43026",Commercial/Industrial Street
"4701 NORTHWEST PKWY, Hilliard, OH, 43026",Commercial/Industrial Street
"4702 COSGRAY RD, Hilliard, OH, 43026",Commercial/Industrial Street
"4731 NORTHWEST PKWY, Hilliard, OH, 43026",Commercial/Industrial Street
"4741 NORTHWEST PKWY, Hilliard, OH, 43026",Commercial/Industrial Street
"4746 AVERY RD, Hilliard, OH, 43026",Commercial/Industrial Street
"4749 NORTHWEST PKWY, Hilliard, OH, 43026",Commercial/Industrial Street
"4751 NORTHWEST PKWY, Hilliard, OH, 43026",Commercial/Industrial Street
"4752 COSGRAY RD, Hilliard, OH, 43026",Commercial/Industrial Street
"4756 NORTHWEST PKWY, Hilliard, OH, 43026",Commercial/Industrial Street
"4760 COSGRAY RD, Hilliard, OH, 43026",Commercial/Industrial Street
"4762 LEPPERT RD, Hilliard, OH, 43026",Commercial/Industrial Street
"4763 AVERY RD, Hilliard, OH, 43026",Commercial/Industrial Street
"4766 COSGRAY RD, Hilliard, OH, 43026",Commercial/Industrial Street
"4770 NORTHWEST PKWY, Hilliard, OH, 43026",Commercial/Industrial Street
"4777 LEPPERT RD, Hilliard, OH, 43026",Commercial/Industrial Street
"4787 COSGRAY RD, Columbus, OH, 43026",Commercial/Industrial Street
"4790 COSGRAY RD, Columbus, OH, 43026",Commercial/Industrial Street
"4809 COSGRAY RD, Columbus, OH, 43026",Commercial/Industrial Street
"4811 NORTHWEST PKWY, Hilliard, OH, 43026",Commercial/Industrial Street
"4816 COSGRAY RD, Columbus, OH, 43026",Commercial/Industrial Street
"4826 COSGRAY RD, Columbus, OH, 43026",Commercial/Industrial Street
"4835 COSGRAY RD, Columbus, OH, 43026",Commercial/Industrial Street
"4841 NORTHWEST PKWY, Hilliard, OH, 43026",Commercial/Industrial Street
"4847 NORTHWEST PKWY, Hilliard, OH, 43026",Commercial/Industrial Street
"4849 LEPPERT RD, Hilliard, OH, 43026",Commercial/Industrial Street
"4852 LEPPERT RD, Hilliard, OH, 43026",Commercial/Industrial Street
"4853 COSGRAY RD, Columbus, OH, 43026",Commercial/Industrial Street
"4869 COSGRAY RD, Columbus, OH, 43026",Commercial/Industrial Street
"4875 COSGRAY RD, Columbus, OH, 43026",Commercial/Industrial Street
"4895 COSGRAY RD, Columbus, OH, 43026",Commercial/Industrial Street
"4896 COSGRAY RD, Columbus, OH, 43026",Commercial/Industrial Street
"4898 COSGRAY RD, Columbus, OH, 43026",Commercial/Industrial Street
"4900 COSGRAY RD, Columbus, OH, 43026",Commercial/Industrial Street
"4908 COSGRAY RD, Columbus, OH, 43026",Commercial/Industrial Street
"4919 COSGRAY RD, Columbus, OH, 43026",Commercial/Industrial Street
"4932 COSGRAY RD, Columbus, OH, 43026",Commercial/Industrial Street
"4949 EDWARDS FARMS RD, Hilliard, OH, 43026",Explicit Blacklist
"4999 EDWARDS FARMS RD, Columbus, OH, 43026",Explicit Blacklist
"5091 HAYDEN RUN RD, Hilliard, OH, 43026",Explicit Blacklist
"5095 HAYDEN RUN RD, Hilliard, OH, 43026",Explicit Blacklist
"5097 HAYDEN RUN RD, Hilliard, OH, 43026",Explicit Blacklist
"5099 HAYDEN RUN RD, Hilliard, OH, 43026",Explicit Blacklist
"5100 DAVIDSON RD, Hilliard, OH, 43026",Explicit Blacklist
"5100 HAYDEN RUN RD, Hilliard, OH, 43026",Explicit Blacklist
"5101 HAYDEN RUN RD, Hilliard, OH, 43026",Explicit Blacklist
"5105 HAYDEN RUN RD, Hilliard, OH, 43026",Explicit Blacklist
"5171 NORTHWEST PKWY, Hilliard, OH, 43026",Commercial/Industrial Street
"5181 NORTHWEST PKWY, Hilliard, OH, 43026",Commercial/Industrial Street
"5370 GRACE ST, Hilliard, OH, 43026",Explicit Blacklist
"5375 GRACE ST, Hilliard, OH, 43026",Explicit Blacklist
"5488 1/2 ROBERTS RD, Columbus, OH, 43026",Explicit Blacklist
"5526 RENNER RD, Columbus, OH, 43026",Explicit Blacklist
"5604 RENNER RD, Columbus, OH, 43026",Explicit Blacklist
"5608 RENNER RD, Columbus, OH, 43026",Explicit Blacklist
"5612 RENNER RD, Columbus, OH, 43026",Explicit Blacklist
"5730 HAYDEN RUN RD, Columbus, OH, 43026",Explicit Blacklist
"5776 1/2 HEIRSHIP CT CATV, Columbus, OH, 43026",Explicit Blacklist
"5781 LONERISE LN CATV, Columbus, OH, 43026",Explicit Blacklist
"5794 RENNER RD, Columbus, OH, 43026",Explicit Blacklist
"6042 LAKEFRONT AVE CATV, Columbus, OH, 43026",Explicit Blacklist
"7042 FEDER RD, Hilliard, OH, 43026",Commercial/Industrial Street
"9060 BEACH RD, Hilliard, OH, 43026",Commercial/Industrial Street
"4545 SUTPHEN CT, Hilliard, OH, 43026",Commercial/Industrial Street
"3709 PARKWAY LN, Hilliard, OH, 43026",Commercial/Industrial Street
"4800 COSGRAY RD, Columbus, OH, 43026",Commercial/Industrial Street
"4653 TRUEMAN BLVD APT 100, Hilliard, OH, 43026",Commercial/Industrial Street
"3873 PARK MILL RUN DR, Hilliard, OH, 43026",Commercial/Industrial Street
"4070 COLUMBIA ST, Hilliard, OH, 43026",Commercial/Industrial Street
"4361 AVERY RD, Hilliard, OH, 43026",Commercial/Industrial Street
"4227 AVERY RD STE B, Hilliard, OH, 43026",Commercial/Industrial Street
"4036 COLUMBIA ST, Hilliard, OH, 43026",Commercial/Industrial Street
"4780 COSGRAY RD, Columbus, OH, 43026",Commercial/Industrial Street
"4705 AVERY RD, Hilliard, OH, 43026",Commercial/Industrial Street
"3883 PARK MILL RUN DR, Hilliard, OH, 43026",Commercial/Industrial Street
"4255 DUBLIN RD, Hilliard, OH, 43026",Commercial/Industrial Street
"3941 COLUMBIA ST, Hilliard, OH, 43026",Commercial/Industrial Street
"4440 AVERY RD, Hilliard, OH, 43026",Commercial/Industrial Street
"4850 COSGRAY RD, Columbus, OH, 43026",Commercial/Industrial Street
"4445 AVERY RD, Hilliard, OH, 43026",Commercial/Industrial Street
"4000 PARKWAY LN, Hilliard, OH, 43026",Commercial/Industrial Street
"4579 AVERY RD, Hilliard, OH, 43026",Commercial/Industrial Street
"3700 PARK MILL RUN DR, Hilliard, OH, 43026",Commercial/Industrial Street
"3659 PARKWAY LN, Hilliard, OH, 43026",Commercial/Industrial Street
"4373 AVERY RD, Hilliard, OH, 43026",Commercial/Industrial Street
"4166 AVERY RD, Hilliard, OH, 43026",Commercial/Industrial Street
"4065 COLUMBIA ST, Hilliard, OH, 43026",Commercial/Industrial Street
"4515 COSGRAY RD, Hilliard, OH, 43026",Commercial/Industrial Street
"3193 HILLIARD & ROME RD, Hilliard, OH, 43026",Commercial/Industrial Street
"4883 COSGRAY RD, Columbus, OH, 43026",Commercial/Industrial Street
"4200 PARKWAY CT, Hilliard, OH, 43026",Commercial/Industrial Street
"2880 HILLIARD & ROME RD, Hilliard, OH, 43026",Commercial/Industrial Street
"4902 COSGRAY RD, Columbus, OH, 43026",Commercial/Industrial Street
"4388 AVERY RD, Hilliard, OH, 43026",Commercial/Industrial Street
"4771 COSGRAY RD, Columbus, OH, 43026",Commercial/Industrial Street
"3955 BROWN PARK DR STE A, Hilliard, OH, 43026",Commercial/Industrial Street
"3660 PARKWAY LN UNIT A, Hilliard, OH, 43026",Commercial/Industrial Street
"3799 HIGH SCHOOL DR, Hilliard, OH, 43026",Commercial/Industrial Street
"3817 MUNICIPAL WAY, Hilliard, OH, 43026",Commercial/Industrial Street
"4081 TRUEMAN BLVD, Hilliard, OH, 43026",Commercial/Industrial Street
"3756 VETERANS MEMORIAL DR, Hilliard, OH, 43026",Commercial/Industrial Street
"3815 HIGH SCHOOL DR, Hilliard, OH, 43026",Commercial/Industrial Street
"3535 PARKWAY LN, Hilliard, OH, 43026",Commercial/Industrial Street
"4910 COSGRAY RD, Columbus, OH, 43026",Commercial/Industrial Street
"4928 COSGRAY RD, Columbus, OH, 43026",Commercial/Industrial Street
"2828 HILLIARD & ROME RD, Hilliard, OH, 43026",Commercial/Industrial Street
"5031 NORTHWEST PKWY, Hilliard, OH, 43026",Commercial/Industrial Street
"5027 NORTHWEST PKWY, Hilliard, OH, 43026",Commercial/Industrial Street
"5015 NORTHWEST PKWY, Hilliard, OH, 43026",Commercial/Industrial Street
"3660 PARKWAY LN UNIT B, Hilliard, OH, 43026",Commercial/Industrial Street
"4599 AVERY RD, Hilliard, OH, 43026",Commercial/Industrial Street
"2876 HILLIARD & ROME RD, Hilliard, OH, 43026",Commercial/Industrial Street
"3207 HILLIARD & ROME RD, Hilliard, OH, 43026",Commercial/Industrial Street
"3195 HILLIARD & ROME RD, Hilliard, OH, 43026",Commercial/Industrial Street
"3670 PARKWAY LN UNIT H, Hilliard, OH, 43026",Commercial/Industrial Street
"3645 FISHINGER BLVD, Hilliard, OH, 43026",Commercial/Industrial Street
"5043 NORTHWEST PKWY, Hilliard, OH, 43026",Commercial/Industrial Street
"5035 NORTHWEST PKWY, Hilliard, OH, 43026",Commercial/Industrial Street
"4700 NORTHWEST PKWY, Hilliard, OH, 43026",Commercial/Industrial Street
"5051 NORTHWEST PKWY, Hilliard, OH, 43026",Commercial/Industrial Street
"3803 HIGH SCHOOL DR, Hilliard, OH, 43026",Commercial/Industrial Street
"3700 PARKWAY LN, Hilliard, OH, 43026",Commercial/Industrial Street
"2822 HILLIARD & ROME RD, Hilliard, OH, 43026",Commercial/Industrial Street
"4520 DUBLIN RD, Hilliard, OH, 43026",Commercial/Industrial Street
"3979 PARKWAY LN, Hilliard, OH, 43026",Commercial/Industrial Street
"2662 HILLIARD & ROME RD, Hilliard, OH, 43026",Commercial/Industrial Street
"3919 PARKWAY LN, Hilliard, OH, 43026",Commercial/Industrial Street
"2716 HILLIARD & ROME RD, Hilliard, OH, 43026",Commercial/Industrial Street
"3636 HILLIARD CEMETERY RD, Hilliard, OH, 43026",Commercial/Industrial Street
"3880 FISHINGER BLVD, Hilliard, OH, 43026",Commercial/Industrial Street
"3999 PARKWAY LN, Hilliard, OH, 43026",Commercial/Industrial Street
"3959 PARKWAY LN, Hilliard, OH, 43026",Commercial/Industrial Street
"3191 HILLIARD & ROME RD, Hilliard, OH, 43026",Commercial/Industrial Street
"4169 AVERY RD, Hilliard, OH, 43026",Commercial/Industrial Street
"3600 PARKWAY LN, Hilliard, OH, 43026",Commercial/Industrial Street
"3670 PARKWAY LN UNIT I, Hilliard, OH, 43026",Commercial/Industrial Street
"3500 PARKWAY LN, Hilliard, OH, 43026",Commercial/Industrial Street
"2790 HILLIARD & ROME RD, Hilliard, OH, 43026",Commercial/Industrial Street
"5047 NORTHWEST PKWY, Hilliard, OH, 43026",Commercial/Industrial Street
"3820 PARKWAY LN, Hilliard, OH, 43026",Commercial/Industrial Street
"2804 HILLIARD & ROME RD, Hilliard, OH, 43026",Commercial/Industrial Street
"2730 HILLIARD & ROME RD, Hilliard, OH, 43026",Commercial/Industrial Street
"2893 HILLIARD & ROME RD, Hilliard, OH, 43026",Commercial/Industrial Street
"3660 PARKWAY LN UNIT C, Hilliard, OH, 43026",Commercial/Industrial Street
"3660 PARKWAY LN UNIT D, Hilliard, OH, 43026",Commercial/Industrial Street
"3955 BROWN PARK DR STE B, Hilliard, OH, 43026",Commercial/Industrial Street
"3670 PARKWAY LN UNIT A, Hilliard, OH, 43026",Commercial/Industrial Street
"3660 PARKWAY LN UNIT E, Hilliard, OH, 43026",Commercial/Industrial Street
"3641 FISHINGER BLVD, Hilliard, OH, 43026",Commercial/Industrial Street
"3670 PARKWAY LN UNIT L, Hilliard, OH, 43026",Commercial/Industrial Street
"3670 PARKWAY LN UNIT B, Hilliard, OH, 43026",Commercial/Industrial Street
"3189 HILLIARD & ROME RD, Hilliard, OH, 43026",Commercial/Industrial Street
"5039 NORTHWEST PKWY, Hilliard, OH, 43026",Commercial/Industrial Street
"4653 TRUEMAN BLVD APT 110, Hilliard, OH, 43026",Commercial/Industrial Street
"3737 PARKWAY LN, Hilliard, OH, 43026",Commercial/Industrial Street
"5011 NORTHWEST PKWY, Hilliard, OH, 43026",Commercial/Industrial Street
"4457 TRUEMAN BLVD, Hilliard, OH, 43026",Commercial/Industrial Street
"5023 NORTHWEST PKWY, Hilliard, OH, 43026",Commercial/Industrial Street
"3799 PARKWAY LN UNIT A, Hilliard, OH, 43026",Commercial/Industrial Street
"3670 PARKWAY LN UNIT F, Hilliard, OH, 43026",Commercial/Industrial Street
"3660 PARKWAY LN UNIT F, Hilliard, OH, 43026",Commercial/Industrial Street
"5499 TEN PIN ALY, Hilliard, OH, 43026",Commercial/Industrial Street
"3540 PARKWAY LN, Hilliard, OH, 43026",Commercial/Industrial Street
"5019 NORTHWEST PKWY, Hilliard, OH, 43026",Commercial/Industrial Street
"4700 NORTHWEST PKWY STE 110, Hilliard, OH, 43026",Commercial/Industrial Street
"3799 PARKWAY LN UNIT B, Hilliard, OH, 43026",Commercial/Industrial Street
"3649 PARKWAY LN, Hilliard, OH, 43026",Commercial/Industrial Street
"2900 HILLIARD & ROME RD, Hilliard, OH, 43026",Commercial/Industrial Street
"3930 RIDGE MILL DR, Hilliard, OH, 43026",Commercial/Industrial Street
"3201 HILLIARD & ROME RD, Hilliard, OH, 43026",Commercial/Industrial Street
"2755 DARBY BEND LAKES PARK, Hilliard, OH, 43026",Commercial/Industrial Street
"2899 HILLIARD & ROME RD, Hilliard, OH, 43026",Commercial/Industrial Street
"3325 HILLIARD & ROME RD, Hilliard, OH, 43026",Commercial/Industrial Street
"4019 PARKWAY LN, Hilliard, OH, 43026",Commercial/Industrial Street
"3536 PARKWAY LN, Hilliard, OH, 43026",Commercial/Industrial Street
"2929 HILLIARD & ROME RD, Hilliard, OH, 43026",Commercial/Industrial Street
"3670 PARKWAY LN UNIT C, Hilliard, OH, 43026",Commercial/Industrial Street
"3660 PARKWAY LN UNIT G, Hilliard, OH, 43026",Commercial/Industrial Street
"2750 HILLIARD & ROME RD, Hilliard, OH, 43026",Commercial/Industrial Street
"3249 HILLIARD & ROME RD, Hilliard, OH, 43026",Commercial/Industrial Street
"3229 HILLIARD & ROME RD, Hilliard, OH, 43026",Commercial/Industrial Street
"2726 HILLIARD & ROME RD, Hilliard, OH, 43026",Commercial/Industrial Street
"2718 HILLIARD & ROME RD, Hilliard, OH, 43026",Commercial/Industrial Street
"3257 HILLIARD & ROME RD, Hilliard, OH, 43026",Commercial/Industrial Street
"3221 HILLIARD & ROME RD, Hilliard, OH, 43026",Commercial/Industrial Street
"2844 HILLIARD & ROME RD, Hilliard, OH, 43026",Commercial/Industrial Street
"3660 PARKWAY LN, Hilliard, OH, 43026",Commercial/Industrial Street
"3670 PARKWAY LN, Hilliard, OH, 43026",Commercial/Industrial Street
"3550 PARKWAY LN, Hilliard, OH, 43026",Commercial/Industrial Street
"3650 PARKWAY LN, Hilliard, OH, 43026",Commercial/Industrial Street
"3660 PARKWAY LN UNIT H, Hilliard, OH, 43026",Commercial/Industrial Street
"3660 PARKWAY LN UNIT I, Hilliard, OH, 43026",Commercial/Industrial Street
"3670 PARKWAY LN UNIT D, Hilliard, OH, 43026",Commercial/Industrial Street
"3211 HILLIARD & ROME RD, Hilliard, OH, 43026",Commercial/Industrial Street
"3233 HILLIARD & ROME RD, Hilliard, OH, 43026",Commercial/Industrial Street
"3660 PARKWAY LN UNIT J, Hilliard, OH, 43026",Commercial/Industrial Street
"3950 PARKWAY LN, Hilliard, OH, 43026",Commercial/Industrial Street
"2755 DARBY BEND LAKES PARK, Hilliard, OH, 43026",Commercial/Industrial Street
"3660 PARKWAY LN UNIT K, Hilliard, OH, 43026",Commercial/Industrial Street
"3225 HILLIARD & ROME RD, Hilliard, OH, 43026",Commercial/Industrial Street
"3237 HILLIARD & ROME RD, Hilliard, OH, 43026",Commercial/Industrial Street
"5007 NORTHWEST PKWY, Hilliard, OH, 43026",Commercial/Industrial Street
"3450 PARKWAY LN, Hilliard, OH, 43026",Commercial/Industrial Street
"3670 PARKWAY LN UNIT G, Hilliard, OH, 43026",Commercial/Industrial Street
"2740 HILLIARD & ROME RD, Hilliard, OH, 43026",Commercial/Industrial Street
"3670 PARKWAY LN UNIT E, Hilliard, OH, 43026",Commercial/Industrial Street
"4103 COLUMBIA ST, Hilliard, OH, 43026",Commercial/Industrial Street
"3970 HILLIARD-CEMETERY RD, Hilliard, OH, 43026",Commercial/Industrial Street
"4009 CYBER AVE, Columbus, OH, 43026",Commercial/Industrial Street
"3693 FISHINGER BLVD, Columbus, OH, 43026",Commercial/Industrial Street
"1726 HILLIARD & ROME RD, Columbus, OH, 43026",Commercial/Industrial Street
"2252 HILLIARD & ROME RD, Columbus, OH, 43026",Commercial/Industrial Street
"3560 FISHINGER BLVD, Columbus, OH, 43026",Commercial/Industrial Street
"3545 FISHINGER BLVD, Columbus, OH, 43026",Commercial/Industrial Street
"4001 CYBER AVE, Columbus, OH, 43026",Commercial/Industrial Street
"3636 FISHINGER BLVD, Columbus, OH, 43026",Commercial/Industrial Street
"2347 HILLIARD & ROME RD, Columbus, OH, 43026",Commercial/Industrial Street
"1874 HILLIARD & ROME RD, Columbus, OH, 43026",Commercial/Industrial Street
"1815 HILLIARD & ROME RD, Columbus, OH, 43026",Commercial/Industrial Street
"2343 HILLIARD & ROME RD, Columbus, OH, 43026",Commercial/Industrial Street
"1925 HILLIARD & ROME RD, Columbus, OH, 43026",Commercial/Industrial Street
"2470 HILLIARD & ROME RD, Columbus, OH, 43026",Commercial/Industrial Street
"2510 HILLIARD & ROME RD, Columbus, OH, 43026",Commercial/Industrial Street
"5253 NIKE STATION WAY, Columbus, OH, 43026",Commercial/Industrial Street
"2603 HILLIARD & ROME RD, Columbus, OH, 43026",Commercial/Industrial Street
"2521 HILLIARD & ROME RD, Columbus, OH, 43026",Commercial/Industrial Street
"2612 HILLIARD & ROME RD, Columbus, OH, 43026",Commercial/Industrial Street
"1934 HILLIARD & ROME RD, Columbus, OH, 43026",Commercial/Industrial Street
"2507 HILLIARD & ROME RD, Columbus, OH, 43026",Commercial/Industrial Street
"3025 SCIOTO DARBY EXECUTIVE CT, Columbus, OH, 43026",Commercial/Industrial Street
"1720 HILLIARD & ROME RD, Columbus, OH, 43026",Commercial/Industrial Street
"2453 HILLIARD & ROME RD, Columbus, OH, 43026",Commercial/Industrial Street
"4007 CYBER AVE, Columbus, OH, 43026",Commercial/Industrial Street
"1812 HILLIARD & ROME RD, Columbus, OH, 43026",Commercial/Industrial Street
"3780 FISHINGER BLVD, Columbus, OH, 43026",Commercial/Industrial Street
"2410 HILLIARD & ROME RD, Columbus, OH, 43026",Commercial/Industrial Street
"2459 HILLIARD & ROME RD, Columbus, OH, 43026",Commercial/Industrial Street
"1680 HILLIARD & ROME RD, Columbus, OH, 43026",Commercial/Industrial Street
"2121 SPINDLER RD 1, Columbus, OH, 43026",Commercial/Industrial Street
"1531 HILLIARD & ROME RD, Columbus, OH, 43026",Commercial/Industrial Street
"5310 ROBERTS RD CATV, Columbus, OH, 43026",Commercial/Industrial Street
"3738 FISHINGER BLVD, Columbus, OH, 43026",Commercial/Industrial Street
"1866 HILLIARD & ROME RD, Columbus, OH, 43026",Commercial/Industrial Street
"2881 SCIOTO DARBY EXECUTIVE CT, Columbus, OH, 43026",Commercial/Industrial Street
"3112 SCIOTO DARBY EXECUTIVE CT, Columbus, OH, 43026",Commercial/Industrial Street
"3997 CYBER AVE, Columbus, OH, 43026",Commercial/Industrial Street
"2588 HILLIARD & ROME RD, Columbus, OH, 43026",Commercial/Industrial Street
"5560 HILLIARD ROME OFFICE PARK, Columbus, OH, 43026",Commercial/Industrial Street
"5563 HILLIARD ROME OFFICE PARK, Columbus, OH, 43026",Commercial/Industrial Street
"2526 HILLIARD & ROME RD, Columbus, OH, 43026",Commercial/Industrial Street
"1835 HILLIARD & ROME RD, Columbus, OH, 43026",Commercial/Industrial Street
"5547 HILLIARD ROME OFFICE PARK, Columbus, OH, 43026",Commercial/Industrial Street
"3794 FISHINGER BLVD, Columbus, OH, 43026",Commercial/Industrial Street
"3762 FISHINGER BLVD, Columbus, OH, 43026",Commercial/Industrial Street
"2540 HILLIARD & ROME RD, Columbus, OH, 43026",Commercial/Industrial Street
"1715 HILLIARD & ROME RD, Columbus, OH, 43026",Commercial/Industrial Street
"3768 FISHINGER BLVD, Columbus, OH, 43026",Commercial/Industrial Street
"3770 FISHINGER BLVD, Columbus, OH, 43026",Commercial/Industrial Street
"2320 HILLIARD & ROME RD, Columbus, OH, 43026",Commercial/Industrial Street
"2532 HILLIARD & ROME RD, Columbus, OH, 43026",Commercial/Industrial Street
"5575 HILLIARD ROME OFFICE PARK, Columbus, OH, 43026",Commercial/Industrial Street
"3620 FISHINGER BLVD, Columbus, OH, 43026",Commercial/Industrial Street
"2185 HILLIARD & ROME RD, Columbus, OH, 43026",Commercial/Industrial Street
"2451 HILLIARD & ROME RD, Columbus, OH, 43026",Commercial/Industrial Street
"1906 HILLIARD & ROME RD, Columbus, OH, 43026",Commercial/Industrial Street
"2489 HILLIARD & ROME RD, Columbus, OH, 43026",Commercial/Industrial Street
"5261 NIKE STATION WAY, Columbus, OH, 43026",Commercial/Industrial Street
"2600 HILLIARD & ROME RD, Columbus, OH, 43026",Commercial/Industrial Street
"2535 HILLIARD & ROME RD, Columbus, OH, 43026",Commercial/Industrial Street
"1808 HILLIARD & ROME RD, Columbus, OH, 43026",Commercial/Industrial Street
"2909 SCIOTO DARBY EXECUTIVE CT, Columbus, OH, 43026",Commercial/Industrial Street
"3820 FISHINGER BLVD, Columbus, OH, 43026",Commercial/Industrial Street
"1907 HILLIARD & ROME RD, Columbus, OH, 43026",Commercial/Industrial Street
"3162 SCIOTO DARBY EXECUTIVE CT, Columbus, OH, 43026",Commercial/Industrial Street
"2463 HILLIARD & ROME RD, Columbus, OH, 43026",Commercial/Industrial Street
"5528 HILLIARD ROME OFFICE PARK, Columbus, OH, 43026",Commercial/Industrial Street
"1545 HILLIARD & ROME RD, Columbus, OH, 43026",Commercial/Industrial Street
"2561 HILLIARD & ROME RD, Columbus, OH, 43026",Commercial/Industrial Street
"1796 HILLIARD & ROME RD, Columbus, OH, 43026",Commercial/Industrial Street
"1946 TANGLEWOOD PARK BLVD, Columbus, OH, 43026",Commercial/Industrial Street
"1755 HILLIARD & ROME RD, Columbus, OH, 43026",Commercial/Industrial Street
"5591 HILLIARD ROME OFFICE PARK, Columbus, OH, 43026",Commercial/Industrial Street
"3814 FISHINGER BLVD, Columbus, OH, 43026",Commercial/Industrial Street
"2636 HILLIARD & ROME RD, Columbus, OH, 43026",Commercial/Industrial Street
"1746 HILLIARD & ROME RD, Columbus, OH, 43026",Commercial/Industrial Street
"3051 SCIOTO DARBY EXECUTIVE CT, Columbus, OH, 43026",Commercial/Industrial Street
"3108 SCIOTO DARBY EXECUTIVE CT, Columbus, OH, 43026",Commercial/Industrial Street
"5580 HILLIARD ROME OFFICE PARK, Columbus, OH, 43026",Commercial/Industrial Street
"5539 HILLIARD ROME OFFICE PARK, Columbus, OH, 43026",Commercial/Industrial Street
"1675 HILLIARD & ROME RD, Columbus, OH, 43026",Commercial/Industrial Street
"2567 HILLIARD & ROME RD, Columbus, OH, 43026",Commercial/Industrial Street
"1830 HILLIARD & ROME RD, Columbus, OH, 43026",Commercial/Industrial Street
"1814 HILLIARD & ROME RD, Columbus, OH, 43026",Commercial/Industrial Street
"1818 HILLIARD & ROME RD, Columbus, OH, 43026",Commercial/Industrial Street
"3716 FISHINGER BLVD, Columbus, OH, 43026",Commercial/Industrial Street
"2586 HILLIARD & ROME RD, Columbus, OH, 43026",Commercial/Industrial Street
"3576 FISHINGER BLVD, Columbus, OH, 43026",Commercial/Industrial Street
"2240 HILLIARD & ROME RD, Columbus, OH, 43026",Commercial/Industrial Street
"2594 HILLIARD & ROME RD, Columbus, OH, 43026",Commercial/Industrial Street
"2481 HILLIARD & ROME RD, Columbus, OH, 43026",Commercial/Industrial Street
"1802 HILLIARD & ROME RD, Columbus, OH, 43026",Commercial/Industrial Street
"2457 HILLIARD & ROME RD, Columbus, OH, 43026",Commercial/Industrial Street
"2130 HILLIARD & ROME RD, Columbus, OH, 43026",Commercial/Industrial Street
"2608 HILLIARD & ROME RD, Columbus, OH, 43026",Commercial/Industrial Street
"1722 HILLIARD & ROME RD, Columbus, OH, 43026",Commercial/Industrial Street
"5576 HILLIARD ROME OFFICE PARK, Columbus, OH, 43026",Commercial/Industrial Street
"3023 SCIOTO DARBY EXECUTIVE CT, Columbus, OH, 43026",Commercial/Industrial Street
"2531 HILLIARD & ROME RD, Columbus, OH, 43026",Commercial/Industrial Street
"2525 HILLIARD & ROME RD, Columbus, OH, 43026",Commercial/Industrial Street
"2467 HILLIARD & ROME RD, Columbus, OH, 43026",Commercial/Industrial Street
"1725 HILLIARD & ROME RD, Columbus, OH, 43026",Commercial/Industrial Street
"3063 SCIOTO DARBY EXECUTIVE CT, Columbus, OH, 43026",Commercial/Industrial Street
"3617 FISHINGER BLVD, Columbus, OH, 43026",Commercial/Industrial Street
"2530 HILLIARD & ROME RD, Columbus, OH, 43026",Commercial/Industrial Street
"2590 HILLIARD & ROME RD, Columbus, OH, 43026",Commercial/Industrial Street
"2602 HILLIARD & ROME RD, Columbus, OH, 43026",Commercial/Industrial Street
"2569 HILLIARD & ROME RD, Columbus, OH, 43026",Commercial/Industrial Street
"1921 HILLIARD & ROME RD, Columbus, OH, 43026",Commercial/Industrial Street
"2242 HILLIARD & ROME RD, Columbus, OH, 43026",Commercial/Industrial Street
"1700 HILLIARD & ROME RD, Columbus, OH, 43026",Commercial/Industrial Street
"3015 SCIOTO DARBY EXECUTIVE CT, Columbus, OH, 43026",Commercial/Industrial Street
"2121 SPINDLER RD SLTR, Columbus, OH, 43026",Commercial/Industrial Street
"1816 HILLIARD & ROME RD, Columbus, OH, 43026",Commercial/Industrial Street
"3664 FISHINGER BLVD, Columbus, OH, 43026",Commercial/Industrial Street
"1785 HILLIARD & ROME RD, Columbus, OH, 43026",Commercial/Industrial Street
"2485 HILLIARD & ROME RD, Columbus, OH, 43026",Commercial/Industrial Street
"5555 HILLIARD ROME OFFICE PARK, Columbus, OH, 43026",Commercial/Industrial Street
"1540 HILLIARD & ROME RD, Columbus, OH, 43026",Commercial/Industrial Street
"5536 HILLIARD ROME OFFICE PARK, Columbus, OH, 43026",Commercial/Industrial Street
"2533 HILLIARD & ROME RD, Columbus, OH, 43026",Commercial/Industrial Street
"5520 HILLIARD ROME OFFICE PARK, Columbus, OH, 43026",Commercial/Industrial Street
"2447 HILLIARD & ROME RD, Columbus, OH, 43026",Commercial/Industrial Street
"3006 HILLIARD & ROME RD, Columbus, OH, 43026",Commercial/Industrial Street
"1894 HILLIARD & ROME RD, Columbus, OH, 43026",Commercial/Industrial Street
"3660 FISHINGER BLVD, Columbus, OH, 43026",Commercial/Industrial Street
"3816 FISHINGER BLVD, Columbus, OH, 43026",Commercial/Industrial Street
"3130 SCIOTO DARBY EXECUTIVE CT, Columbus, OH, 43026",Commercial/Industrial Street
"1994 HILLIARD & ROME RD, Columbus, OH, 43026",Commercial/Industrial Street
"3796 FISHINGER BLVD, Columbus, OH, 43026",Commercial/Industrial Street
"2250 HILLIARD & ROME RD, Columbus, OH, 43026",Commercial/Industrial Street
"1899 HILLIARD & ROME RD, Columbus, OH, 43026",Commercial/Industrial Street
"3721 FISHINGER BLVD, Columbus, OH, 43026",Commercial/Industrial Street
"1804 HILLIARD & ROME RD, Columbus, OH, 43026",Commercial/Industrial Street
"2557 HILLIARD & ROME RD, Columbus, OH, 43026",Commercial/Industrial Street
"3670 FISHINGER BLVD, Columbus, OH, 43026",Commercial/Industrial Street
"1878 HILLIARD & ROME RD, Columbus, OH, 43026",Commercial/Industrial Street
"2959 SCIOTO DARBY EXECUTIVE CT, Columbus, OH, 43026",Commercial/Industrial Street
"2524 HILLIARD & ROME RD, Columbus, OH, 43026",Commercial/Industrial Street
"3680 FISHINGER BLVD, Columbus, OH, 43026",Commercial/Industrial Street
"2059 HILLIARD & ROME RD, Columbus, OH, 43026",Commercial/Industrial Street
"5532 HILLIARD ROME OFFICE PARK, Columbus, OH, 43026",Commercial/Industrial Street
"2515 HILLIARD & ROME RD, Columbus, OH, 43026",Commercial/Industrial Street
"3104 SCIOTO DARBY EXECUTIVE CT, Columbus, OH, 43026",Commercial/Industrial Street
"2127 HILLIARD & ROME RD, Columbus, OH, 43026",Commercial/Industrial Street
"1748 HILLIARD & ROME RD, Columbus, OH, 43026",Commercial/Industrial Street
"2238 HILLIARD & ROME RD, Columbus, OH, 43026",Commercial/Industrial Street
"5567 HILLIARD ROME OFFICE PARK, Columbus, OH, 43026",Commercial/Industrial Street
"5587 HILLIARD ROME OFFICE PARK, Columbus, OH, 43026",Commercial/Industrial Street
"3806 FISHINGER BLVD, Columbus, OH, 43026",Commercial/Industrial Street
"3676 FISHINGER BLVD, Columbus, OH, 43026",Commercial/Industrial Street
"2528 HILLIARD & ROME RD, Columbus, OH, 43026",Commercial/Industrial Street
"3804 FISHINGER BLVD, Columbus, OH, 43026",Commercial/Industrial Street
"3652 FISHINGER BLVD, Columbus, OH, 43026",Commercial/Industrial Street
"2228 HILLIARD & ROME RD, Columbus, OH, 43026",Commercial/Industrial Street
"1760 HILLIARD & ROME RD ATM, Columbus, OH, 43026",Commercial/Industrial Street
"1718 HILLIARD & ROME RD, Columbus, OH, 43026",Commercial/Industrial Street
"2491 HILLIARD & ROME RD, Columbus, OH, 43026",Commercial/Industrial Street
"2214 HILLIARD & ROME RD, Columbus, OH, 43026",Commercial/Industrial Street
"5255 NIKE STATION WAY, Columbus, OH, 43026",Commercial/Industrial Street
"3714 FISHINGER BLVD, Columbus, OH, 43026",Commercial/Industrial Street
"2471 HILLIARD & ROME RD, Columbus, OH, 43026",Commercial/Industrial Street
"5544 HILLIARD ROME OFFICE PARK, Columbus, OH, 43026",Commercial/Industrial Street
"3632 FISHINGER BLVD, Columbus, OH, 43026",Commercial/Industrial Street
"5271 NIKE STATION WAY, Columbus, OH, 43026",Commercial/Industrial Street
"1760 HILLIARD & ROME RD, Columbus, OH, 43026",Commercial/Industrial Street
"2332 ASICS RD, Columbus, OH, 43026",Commercial/Industrial Street
"2256 HILLIARD & ROME RD, Columbus, OH, 43026",Commercial/Industrial Street
"3697 FISHINGER BLVD, Columbus, OH, 43026",Commercial/Industrial Street
"2157 HILLIARD & ROME RD, Columbus, OH, 43026",Commercial/Industrial Street
"2221 HILLIARD & ROME RD, Columbus, OH, 43026",Commercial/Industrial Street
"3800 FISHINGER BLVD, Columbus, OH, 43026",Commercial/Industrial Street
"2139 HILLIARD & ROME RD, Columbus, OH, 43026",Commercial/Industrial Street
"2596 HILLIARD & ROME RD, Columbus, OH, 43026",Commercial/Industrial Street
"2527 HILLIARD & ROME RD, Columbus, OH, 43026",Commercial/Industrial Street
"2618 HILLIARD & ROME RD, Columbus, OH, 43026",Commercial/Industrial Street
"3989 CYBER AVE, Columbus, OH, 43026",Commercial/Industrial Street
"2490 HILLIARD & ROME RD, Columbus, OH, 43026",Commercial/Industrial Street
"2523 HILLIARD & ROME RD, Columbus, OH, 43026",Commercial/Industrial Street
"1898 HILLIARD & ROME RD, Columbus, OH, 43026",Commercial/Industrial Street
"1905 HILLIARD & ROME RD, Columbus, OH, 43026",Commercial/Industrial Street
"5565 TANGLEWOOD PARK BLVD, Columbus, OH, 43026",Commercial/Industrial Street
"2505 HILLIARD & ROME RD, Columbus, OH, 43026",Commercial/Industrial Street
"1897 HILLIARD & ROME RD, Columbus, OH, 43026",Commercial/Industrial Street
"1527 HILLIARD & ROME RD, Columbus, OH, 43026",Commercial/Industrial Street
"1746 HILLIARD & ROME RD, Columbus, OH, 43026",Commercial/Industrial Street
"2499 HILLIARD & ROME RD, Columbus, OH, 43026",Commercial/Industrial Street
"5548 HILLIARD ROME OFFICE PARK, Columbus, OH, 43026",Commercial/Industrial Street
"3830 FISHINGER BLVD, Columbus, OH, 43026",Commercial/Industrial Street
"5245 NIKE STATION WAY, Columbus, OH, 43026",Commercial/Industrial Street
"3668 FISHINGER BLVD, Columbus, OH, 43026",Commercial/Industrial Street
"2469 HILLIARD & ROME RD, Columbus, OH, 43026",Commercial/Industrial Street
"2124 HILLIARD & ROME RD, Columbus, OH, 43026",Commercial/Industrial Street
"1918 HILLIARD & ROME RD, Columbus, OH, 43026",Commercial/Industrial Street
"3711 RIDGE MILL DR, Columbus, OH, 43026",Commercial/Industrial Street
"2573 HILLIARD & ROME RD, Columbus, OH, 43026",Commercial/Industrial Street
"2051 HILLIARD & ROME RD, Columbus, OH, 43026",Commercial/Industrial Street
"3718 FISHINGER BLVD, Columbus, OH, 43026",Commercial/Industrial Street
"1834 HILLIARD & ROME RD, Columbus, OH, 43026",Commercial/Industrial Street
"1938 HILLIARD & ROME RD, Columbus, OH, 43026",Commercial/Industrial Street
"1864 HILLIARD & ROME RD, Columbus, OH, 43026",Commercial/Industrial Street
"1888 HILLIARD & ROME RD, Columbus, OH, 43026",Commercial/Industrial Street
"1780 HILLIARD & ROME RD, Columbus, OH, 43026",Commercial/Industrial Street
"2550 HILLIARD & ROME RD, Columbus, OH, 43026",Commercial/Industrial Street
"1852 HILLIARD & ROME RD, Columbus, OH, 43026",Commercial/Industrial Street
"1539 HILLIARD & ROME RD, Columbus, OH, 43026",Commercial/Industrial Street
"3707 FISHINGER BLVD, Columbus, OH, 43026",Commercial/Industrial Street
"1825 HILLIARD & ROME RD, Columbus, OH, 43026",Commercial/Industrial Street
"1790 HILLIARD & ROME RD, Columbus, OH, 43026",Commercial/Industrial Street
"1882 HILLIARD & ROME RD, Columbus, OH, 43026",Commercial/Industrial Street
"3991 CYBER AVE, Columbus, OH, 43026",Commercial/Industrial Street
"3057 SCIOTO DARBY EXECUTIVE CT, Columbus, OH, 43026",Commercial/Industrial Street
"1855 HILLIARD & ROME RD, Columbus, OH, 43026",Commercial/Industrial Street
"5508 HILLIARD ROME OFFICE PARK, Columbus, OH, 43026",Commercial/Industrial Street
"3646 FISHINGER BLVD, Columbus, OH, 43026",Commercial/Industrial Street
"2222 HILLIARD & ROME RD, Columbus, OH, 43026",Commercial/Industrial Street
"3100 SCIOTO DARBY EXECUTIVE CT, Columbus, OH, 43026",Commercial/Industrial Street
"3060 SCIOTO DARBY EXECUTIVE CT, Columbus, OH, 43026",Commercial/Industrial Street
"2164 HILLIARD & ROME RD, Columbus, OH, 43026",Commercial/Industrial Street
"1988 HILLIARD & ROME RD, Columbus, OH, 43026",Commercial/Industrial Street
"2516 HILLIARD & ROME RD, Columbus, OH, 43026",Commercial/Industrial Street
"1519 HILLIARD & ROME RD, Columbus, OH, 43026",Commercial/Industrial Street
"3750 FISHINGER BLVD, Columbus, OH, 43026",Commercial/Industrial Street
"5552 HILLIARD ROME OFFICE PARK, Columbus, OH, 43026",Commercial/Industrial Street
"1891 HILLIARD & ROME RD, Columbus, OH, 43026",Commercial/Industrial Street
"5285 NIKE STATION WAY, Columbus, OH, 43026",Commercial/Industrial Street
"3040 SCIOTO DARBY EXECUTIVE CT, Columbus, OH, 43026",Commercial/Industrial Street
"2246 HILLIARD & ROME RD, Columbus, OH, 43026",Commercial/Industrial Street
"1728 HILLIARD & ROME RD, Columbus, OH, 43026",Commercial/Industrial Street
"2563 HILLIARD & ROME RD, Columbus, OH, 43026",Commercial/Industrial Street
"5540 HILLIARD ROME OFFICE PARK, Columbus, OH, 43026",Commercial/Industrial Street
"3570 FISHINGER BLVD, Columbus, OH, 43026",Commercial/Industrial Street
"2550 HILLIARD & ROME RD, Columbus, OH, 43026",Commercial/Industrial Street
"1806 HILLIARD & ROME RD, Columbus, OH, 43026",Commercial/Industrial Street
"3611 FISHINGER BLVD, Columbus, OH, 43026",Commercial/Industrial Street
"3030 SCIOTO DARBY EXECUTIVE CT, Columbus, OH, 43026",Commercial/Industrial Street
"1913 HILLIARD & ROME RD, Columbus, OH, 43026",Commercial/Industrial Street
"3578 FISHINGER BLVD, Columbus, OH, 43026",Commercial/Industrial Street
"1880 HILLIARD & ROME RD, Columbus, OH, 43026",Commercial/Industrial Street
"2479 HILLIARD & ROME RD, Columbus, OH, 43026",Commercial/Industrial Street
"1630 HILLIARD & ROME RD, Columbus, OH, 43026",Commercial/Industrial Street
"4024 CYBER AVE, Columbus, OH, 43026",Commercial/Industrial Street
"1661 HILLIARD & ROME RD, Columbus, OH, 43026",Commercial/Industrial Street
"1735 HILLIARD & ROME RD, Columbus, OH, 43026",Commercial/Industrial Street
"3648 FISHINGER BLVD, Columbus, OH, 43026",Commercial/Industrial Street
"5277 NIKE STATION WAY, Columbus, OH, 43026",Commercial/Industrial Street
"3610 FISHINGER BLVD, Columbus, OH, 43026",Commercial/Industrial Street
"2541 HILLIARD & ROME RD, Columbus, OH, 43026",Commercial/Industrial Street
"5564 HILLIARD ROME OFFICE PARK, Columbus, OH, 43026",Commercial/Industrial Street
"3020 HILLIARD & ROME RD, Columbus, OH, 43026",Commercial/Industrial Street
"1724 HILLIARD & ROME RD, Columbus, OH, 43026",Commercial/Industrial Street
"2513 HILLIARD & ROME RD, Columbus, OH, 43026",Commercial/Industrial Street
"1547 HILLIARD & ROME RD, Columbus, OH, 43026",Commercial/Industrial Street
"2177 HILLIARD & ROME RD, Columbus, OH, 43026",Commercial/Industrial Street
"3774 FISHINGER BLVD, Columbus, OH, 43026",Commercial/Industrial Street
"2149 HILLIARD & ROME RD, Columbus, OH, 43026",Commercial/Industrial Street
"2582 HILLIARD & ROME RD, Columbus, OH, 43026",Commercial/Industrial Street
"2035 HILLIARD & ROME RD, Columbus, OH, 43026",Commercial/Industrial Street
"1881 HILLIARD & ROME RD, Columbus, OH, 43026",Commercial/Industrial Street
"2455 HILLIARD & ROME RD, Columbus, OH, 43026",Commercial/Industrial Street
"2477 HILLIARD & ROME RD, Columbus, OH, 43026",Commercial/Industrial Street
"5572 HILLIARD ROME OFFICE PARK, Columbus, OH, 43026",Commercial/Industrial Street
"2870 SCIOTO DARBY EXECUTIVE CT, Columbus, OH, 43026",Commercial/Industrial Street
"1922 HILLIARD & ROME RD, Columbus, OH, 43026",Commercial/Industrial Street
"3080 SCIOTO DARBY EXECUTIVE CT, Columbus, OH, 43026",Commercial/Industrial Street
"2910 SCIOTO DARBY EXECUTIVE CT, Columbus, OH, 43026",Commercial/Industrial Street
"2553 HILLIARD & ROME RD, Columbus, OH, 43026",Commercial/Industrial Street
"3786 FISHINGER BLVD, Columbus, OH, 43026",Commercial/Industrial Street
"3555 FISHINGER BLVD, Columbus, OH, 43026",Commercial/Industrial Street
"1810 HILLIARD & ROME RD, Columbus, OH, 43026",Commercial/Industrial Street
"3045 SCIOTO DARBY EXECUTIVE CT, Columbus, OH, 43026",Commercial/Industrial Street
"3975 RIDGE MILL DR, Columbus, OH, 43026",Commercial/Industrial Street
"2092 HILLIARD & ROME RD, Columbus, OH, 43026",Commercial/Industrial Street
"2174 HILLIARD & ROME RD VRAD, Columbus, OH, 43026",Commercial/Industrial Street
"1738 HILLIARD & ROME RD, Columbus, OH, 43026",Commercial/Industrial Street
"2497 HILLIARD & ROME RD, Columbus, OH, 43026",Commercial/Industrial Street
"3703 FISHINGER BLVD, Columbus, OH, 43026",Commercial/Industrial Street
"5556 HILLIARD ROME OFFICE PARK, Columbus, OH, 43026",Commercial/Industrial Street
"2040 TANGLEWOOD PARK BLVD, Columbus, OH, 43026",Commercial/Industrial Street
"2135 HILLIARD & ROME RD, Columbus, OH, 43026",Commercial/Industrial Street
"2213 HILLIARD & ROME RD, Columbus, OH, 43026",Commercial/Industrial Street
"3700 FISHINGER BLVD, Columbus, OH, 43026",Commercial/Industrial Street
"1710 HILLIARD & ROME RD, Columbus, OH, 43026",Commercial/Industrial Street
"3085 SCIOTO DARBY EXECUTIVE CT, Columbus, OH, 43026",Commercial/Industrial Street
"2493 HILLIARD & ROME RD, Columbus, OH, 43026",Commercial/Industrial Street
"3732 FISHINGER BLVD, Columbus, OH, 43026",Commercial/Industrial Street
"2880 SCIOTO DARBY EXECUTIVE CT, Columbus, OH, 43026",Commercial/Industrial Street
"3535 FISHINGER BLVD, Columbus, OH, 43026",Commercial/Industrial Street
"2549 HILLIARD & ROME RD, Columbus, OH, 43026",Commercial/Industrial Street
"2625 HILLIARD & ROME RD, Columbus, OH, 43026",Commercial/Industrial Street
"3790 FISHINGER BLVD, Columbus, OH, 43026",Commercial/Industrial Street
"3550 FISHINGER BLVD, Columbus, OH, 43026",Commercial/Industrial Street
"3069 SCIOTO DARBY EXECUTIVE CT, Columbus, OH, 43026",Commercial/Industrial Street
"1970 HILLIARD & ROME RD, Columbus, OH, 43026",Commercial/Industrial Street
"2537 HILLIARD & ROME RD, Columbus, OH, 43026",Commercial/Industrial Street
"2165 HILLIARD & ROME RD, Columbus, OH, 43026",Commercial/Industrial Street
"3812 FISHINGER BLVD, Columbus, OH, 43026",Commercial/Industrial Street
"1935 HILLIARD & ROME RD, Columbus, OH, 43026",Commercial/Industrial Street
"2539 HILLIARD & ROME RD, Columbus, OH, 43026",Commercial/Industrial Street
"2616 HILLIARD & ROME RD, Columbus, OH, 43026",Commercial/Industrial Street
"3744 FISHINGER BLVD, Columbus, OH, 43026",Commercial/Industrial Street
"1914 HILLIARD & ROME RD, Columbus, OH, 43026",Commercial/Industrial Street
"1944 HILLIARD & ROME RD, Columbus, OH, 43026",Commercial/Industrial Street
"2483 HILLIARD & ROME RD, Columbus, OH, 43026",Commercial/Industrial Street
"5584 HILLIARD ROME OFFICE PARK, Columbus, OH, 43026",Commercial/Industrial Street
"2517 HILLIARD & ROME RD, Columbus, OH, 43026",Commercial/Industrial Street
"2509 HILLIARD & ROME RD, Columbus, OH, 43026",Commercial/Industrial Street
"3640 FISHINGER BLVD, Columbus, OH, 43026",Commercial/Industrial Street
"2116 HILLIARD & ROME RD, Columbus, OH, 43026",Commercial/Industrial Street
"3619 FISHINGER BLVD, Columbus, OH, 43026",Commercial/Industrial Street
"5595 HILLIARD ROME OFFICE PARK, Columbus, OH, 43026",Commercial/Industrial Street
"5571 HILLIARD ROME OFFICE PARK, Columbus, OH, 43026",Commercial/Industrial Street
"5263 NIKE STATION WAY, Columbus, OH, 43026",Commercial/Industrial Street
"1900 HILLIARD & ROME RD, Columbus, OH, 43026",Commercial/Industrial Street
"5257 NIKE STATION WAY, Columbus, OH, 43026",Commercial/Industrial Street
"3995 CYBER AVE, Columbus, OH, 43026",Commercial/Industrial Street
"2559 HILLIARD & ROME RD, Columbus, OH, 43026",Commercial/Industrial Street
"5543 HILLIARD ROME OFFICE PARK, Columbus, OH, 43026",Commercial/Industrial Street
"5516 HILLIARD ROME OFFICE PARK, Columbus, OH, 43026",Commercial/Industrial Street
"2361 HILLIARD & ROME RD, Columbus, OH, 43026",Commercial/Industrial Street
"2610 HILLIARD & ROME RD, Columbus, OH, 43026",Commercial/Industrial Street
"5265 NIKE STATION WAY, Columbus, OH, 43026",Commercial/Industrial Street
"3580 FISHINGER BLVD, Columbus, OH, 43026",Commercial/Industrial Street
"3826 FISHINGER BLVD, Columbus, OH, 43026",Commercial/Industrial Street
"1550 HILLIARD & ROME RD, Columbus, OH, 43026",Commercial/Industrial Street
"1786 HILLIARD & ROME RD, Columbus, OH, 43026",Commercial/Industrial Street
"4003 CYBER AVE, Columbus, OH, 43026",Commercial/Industrial Street
"2487 HILLIARD & ROME RD, Columbus, OH, 43026",Commercial/Industrial Street
"5568 HILLIARD ROME OFFICE PARK, Columbus, OH, 43026",Commercial/Industrial Street
"2543 HILLIARD & ROME RD, Columbus, OH, 43026",Commercial/Industrial Street
"2604 HILLIARD & ROME RD, Columbus, OH, 43026",Commercial/Industrial Street
"3726 FISHINGER BLVD, Columbus, OH, 43026",Commercial/Industrial Street
"2055 HILLIARD & ROME RD, Columbus, OH, 43026",Commercial/Industrial Street
"1870 HILLIARD & ROME RD, Columbus, OH, 43026",Commercial/Industrial Street
"3119 SCIOTO DARBY EXECUTIVE CT, Columbus, OH, 43026",Commercial/Industrial Street
"3075 SCIOTO DARBY EXECUTIVE CT, Columbus, OH, 43026",Commercial/Industrial Street
"2244 HILLIARD & ROME RD, Columbus, OH, 43026",Commercial/Industrial Street
"2450 HILLIARD & ROME RD, Columbus, OH, 43026",Commercial/Industrial Street
"5283 NIKE STATION WAY, Columbus, OH, 43026",Commercial/Industrial Street
"1732 HILLIARD & ROME RD, Columbus, OH, 43026",Commercial/Industrial Street
"2475 HILLIARD & ROME RD, Columbus, OH, 43026",Commercial/Industrial Street
"2514 HILLIARD & ROME RD, Columbus, OH, 43026",Commercial/Industrial Street
"2571 HILLIARD & ROME RD, Columbus, OH, 43026",Commercial/Industrial Street
"3711 FISHINGER BLVD, Columbus, OH, 43026",Commercial/Industrial Street
"1735 HILLIARD & ROME RD, Columbus, OH, 43026",Commercial/Industrial Street
"2194 HILLIARD & ROME RD, Columbus, OH, 43026",Commercial/Industrial Street
"3743 FISHINGER BLVD, Columbus, OH, 43026",Commercial/Industrial Street
"3628 FISHINGER BLVD, Columbus, OH, 43026",Commercial/Industrial Street
"2614 HILLIARD & ROME RD, Columbus, OH, 43026",Commercial/Industrial Street
"5291 NIKE STATION WAY, Columbus, OH, 43026",Commercial/Industrial Street
"2461 HILLIARD & ROME RD, Columbus, OH, 43026",Commercial/Industrial Street
"2545 HILLIARD & ROME RD, Columbus, OH, 43026",Commercial/Industrial Street
"5599 HILLIARD ROME OFFICE PARK, Columbus, OH, 43026",Commercial/Industrial Street
"2519 HILLIARD & ROME RD, Columbus, OH, 43026",Commercial/Industrial Street
"1865 HILLIARD & ROME RD, Columbus, OH, 43026",Commercial/Industrial Street
"1844 HILLIARD & ROME RD, Columbus, OH, 43026",Commercial/Industrial Street
"2606 HILLIARD & ROME RD, Columbus, OH, 43026",Commercial/Industrial Street
"1730 HILLIARD & ROME RD, Columbus, OH, 43026",Commercial/Industrial Street
"5225 NIKE STATION WAY, Columbus, OH, 43026",Commercial/Industrial Street
"3615 FISHINGER BLVD, Columbus, OH, 43026",Commercial/Industrial Street
"3644 FISHINGER BLVD, Columbus, OH, 43026",Commercial/Industrial Street
"2254 HILLIARD & ROME RD, Columbus, OH, 43026",Commercial/Industrial Street
"2033 TANGLEWOOD PARK BLVD, Columbus, OH, 43026",Commercial/Industrial Street
"1744 HILLIARD & ROME RD, Columbus, OH, 43026",Commercial/Industrial Street
"1930 HILLIARD & ROME RD, Columbus, OH, 43026",Commercial/Industrial Street
"5259 NIKE STATION WAY, Columbus, OH, 43026",Commercial/Industrial Street
"2565 HILLIARD & ROME RD, Columbus, OH, 43026",Commercial/Industrial Street
"3722 FISHINGER BLVD, Columbus, OH, 43026",Commercial/Industrial Street
"3828 FISHINGER BLVD, Columbus, OH, 43026",Commercial/Industrial Street
"2332 ASICS RD, Columbus, OH, 43026",Commercial/Industrial Street
"1660 HILLIARD & ROME RD, Columbus, OH, 43026",Commercial/Industrial Street
"2121 SPINDLER RD 2, Columbus, OH, 43026",Commercial/Industrial Street
"3692 FISHINGER BLVD, Columbus, OH, 43026",Commercial/Industrial Street
"2536 HILLIARD & ROME RD, Columbus, OH, 43026",Commercial/Industrial Street
"3788 FISHINGER BLVD, Columbus, OH, 43026",Commercial/Industrial Street
"3792 FISHINGER BLVD, Columbus, OH, 43026",Commercial/Industrial Street
"1600 HILLIARD & ROME RD, Columbus, OH, 43026",Commercial/Industrial Street
"1798 HILLIARD & ROME RD, Columbus, OH, 43026",Commercial/Industrial Street
"1902 HILLIARD & ROME RD, Columbus, OH, 43026",Commercial/Industrial Street
"2121 SPINDLER RD 2, Columbus, OH, 43026",Commercial/Industrial Street
"2449 HILLIARD & ROME RD, Columbus, OH, 43026",Commercial/Industrial Street
"2511 HILLIARD & ROME RD, Columbus, OH, 43026",Commercial/Industrial Street
"3625 FISHINGER BLVD, Columbus, OH, 43026",Commercial/Industrial Street
"1752 HILLIARD & ROME RD, Columbus, OH, 43026",Commercial/Industrial Street
"3802 FISHINGER BLVD, Columbus, OH, 43026",Commercial/Industrial Street
"3939 RIDGE MILL DR, Columbus, OH, 43026",Commercial/Industrial Street
"1736 HILLIARD & ROME RD, Columbus, OH, 43026",Commercial/Industrial Street
"1926 HILLIARD & ROME RD, Columbus, OH, 43026",Commercial/Industrial Street
"5559 HILLIARD ROME OFFICE PARK, Columbus, OH, 43026",Commercial/Industrial Street
"5512 HILLIARD ROME OFFICE PARK, Columbus, OH, 43026",Commercial/Industrial Street
"2534 HILLIARD & ROME RD, Columbus, OH, 43026",Commercial/Industrial Street
"2257 HILLIARD & ROME RD, Columbus, OH, 43026",Commercial/Industrial Street
"1800 HILLIARD & ROME RD, Columbus, OH, 43026",Commercial/Industrial Street
"2495 HILLIARD & ROME RD, Columbus, OH, 43026",Commercial/Industrial Street
"2555 HILLIARD & ROME RD, Columbus, OH, 43026",Commercial/Industrial Street
"1740 HILLIARD & ROME RD, Columbus, OH, 43026",Commercial/Industrial Street
"1886 HILLIARD & ROME RD, Columbus, OH, 43026",Commercial/Industrial Street
"3756 FISHINGER BLVD, Columbus, OH, 43026",Commercial/Industrial Street
"3818 FISHINGER BLVD, Columbus, OH, 43026",Commercial/Industrial Street
"4020 CYBER AVE, Columbus, OH, 43026",Commercial/Industrial Street
"2575 HILLIARD & ROME RD, Columbus, OH, 43026",Commercial/Industrial Street
"2501 HILLIARD & ROME RD, Columbus, OH, 43026",Commercial/Industrial Street
"3656 FISHINGER BLVD, Columbus, OH, 43026",Commercial/Industrial Street
"2529 HILLIARD & ROME RD, Columbus, OH, 43026",Commercial/Industrial Street
"2143 HILLIARD & ROME RD, Columbus, OH, 43026",Commercial/Industrial Street
"3116 SCIOTO DARBY EXECUTIVE CT, Columbus, OH, 43026",Commercial/Industrial Street
"1770 HILLIARD & ROME RD, Columbus, OH, 43026",Commercial/Industrial Street
"1840 HILLIARD & ROME RD, Columbus, OH, 43026",Commercial/Industrial Street
"2503 HILLIARD & ROME RD, Columbus, OH, 43026",Commercial/Industrial Street
"3810 FISHINGER BLVD, Columbus, OH, 43026",Commercial/Industrial Street
"1754 HILLIARD & ROME RD, Columbus, OH, 43026",Commercial/Industrial Street
"2547 HILLIARD & ROME RD, Columbus, OH, 43026",Commercial/Industrial Street
"1917 HILLIARD & ROME RD, Columbus, OH, 43026",Commercial/Industrial Street
"2080 HILLIARD & ROME RD, Columbus, OH, 43026",Commercial/Industrial Street
"2551 HILLIARD & ROME RD, Columbus, OH, 43026",Commercial/Industrial Street
"5551 HILLIARD ROME OFFICE PARK, Columbus, OH, 43026",Commercial/Industrial Street
"2538 HILLIARD & ROME RD, Columbus, OH, 43026",Commercial/Industrial Street
"1520 HILLIARD & ROME RD, Columbus, OH, 43026",Commercial/Industrial Street
"2511 HILLIARD & ROME RD, Columbus, OH, 43026",Commercial/Industrial Street
"5524 HILLIARD ROME OFFICE PARK, Columbus, OH, 43026",Commercial/Industrial Street
"2360 HILLIARD & ROME RD, Columbus, OH, 43026",Commercial/Industrial Street
"3672 FISHINGER BLVD, Columbus, OH, 43026",Commercial/Industrial Street
"1910 HILLIARD & ROME RD, Columbus, OH, 43026",Commercial/Industrial Street
"2561 HILLIARD & ROME RD, Columbus, OH, 43026",Commercial/Industrial Street
"1775 HILLIARD & ROME RD, Columbus, OH, 43026",Commercial/Industrial Street
"4303 TRUEMAN BLVD, Hilliard, OH, 43026",Commercial/Industrial Street
"3544 PARKWAY LN, Hilliard, OH, 43026",Commercial/Industrial Street
"6508 MUIR PKWY, Hilliard, OH, 43026",Commercial/Industrial Street
"6492 MUIR PKWY, Hilliard, OH, 43026",Commercial/Industrial Street
"6502 MUIR PKWY, Hilliard, OH, 43026",Commercial/Industrial Street
"1569 HILLIARD & ROME RD, Columbus, OH, 43026",Commercial/Industrial Street
"1585 HILLIARD & ROME RD, Columbus, OH, 43026",Commercial/Industrial Street
"1593 HILLIARD & ROME RD, Columbus, OH, 43026",Commercial/Industrial Street
"1599 HILLIARD & ROME RD, Columbus, OH, 43026",Commercial/Industrial Street
"1581 HILLIARD & ROME RD, Columbus, OH, 43026",Commercial/Industrial Street
"1979 ATLAS ST BLDG 750, Columbus, OH, 43026",Commercial/Industrial Street
"3650 FISHINGER BLVD, Columbus, OH, 43026",Commercial/Industrial Street
"3642 FISHINGER BLVD, Columbus, OH, 43026",Commercial/Industrial Street
"4330 ALL SEASONS DR STE S115, Hilliard, OH, 43026",Commercial/Industrial Street
"4159 KAYE DR STE S210, Hilliard, OH, 43026",Commercial/Industrial Street
"4159 KAYE DR STE S215, Hilliard, OH, 43026",Commercial/Industrial Street
"4151 KAYE DR STE S110, Hilliard, OH, 43026",Commercial/Industrial Street
"4159 KAYE DR STE S110, Hilliard, OH, 43026",Commercial/Industrial Street
"4159 KAYE DR STE S315, Hilliard, OH, 43026",Commercial/Industrial Street
"4131 KAYE DR STE S315, Hilliard, OH, 43026",Commercial/Industrial Street
"4330 ALL SEASONS DR STE S215, Hilliard, OH, 43026",Commercial/Industrial Street
"4330 ALL SEASONS DR STE S110, Hilliard, OH, 43026",Commercial/Industrial Street
"4131 KAYE DR STE S115, Hilliard, OH, 43026",Commercial/Industrial Street
"3708 FISHINGER BLVD, Columbus, OH, 43026",Commercial/Industrial Street
"3975 RIDGE MILL DR UNIT CNPY, Columbus, OH, 43026",Commercial/Industrial Street
"4330 ALL SEASONS DR STE S210, Hilliard, OH, 43026",Commercial/Industrial Street
"4131 KAYE DR STE S110, Hilliard, OH, 43026",Commercial/Industrial Street
"4131 KAYE DR STE S215, Hilliard, OH, 43026",Commercial/Industrial Street
"4151 KAYE DR STE S210, Hilliard, OH, 43026",Commercial/Industrial Street
"4330 ALL SEASONS DR STE S310, Hilliard, OH, 43026",Commercial/Industrial Street
"4131 KAYE DR STE S310, Hilliard, OH, 43026",Commercial/Industrial Street
"4273 ALL SEASONS DR, Hilliard, OH, 43026",Commercial/Industrial Street
"4159 KAYE DR STE S310, Hilliard, OH, 43026",Commercial/Industrial Street
"4131 KAYE DR STE S210, Hilliard, OH, 43026",Commercial/Industrial Street
"4139 KAYE DR STE S115, Hilliard, OH, 43026",Commercial/Industrial Street
"4330 ALL SEASONS DR STE S315, Hilliard, OH, 43026",Commercial/Industrial Street
"4151 KAYE DR STE S115, Hilliard, OH, 43026",Commercial/Industrial Street
"4151 KAYE DR STE S215, Hilliard, OH, 43026",Commercial/Industrial Street
"4139 KAYE DR STE S210, Hilliard, OH, 43026",Commercial/Industrial Street
"4159 KAYE DR STE S115, Hilliard, OH, 43026",Commercial/Industrial Street
"4139 KAYE DR STE S110, Hilliard, OH, 43026",Commercial/Industrial Street
"4139 KAYE DR STE S215, Hilliard, OH, 43026",Commercial/Industrial Street
"3268 HILLIARD & ROME RD, Hilliard, OH, 43026",Commercial/Industrial Street
"3185 HILLIARD & ROME RD, Hilliard, OH, 43026",Commercial/Industrial Street
"4545 SUTPHEN CT, Hilliard, OH, 43026",Commercial/Industrial Street
"3709 PARKWAY LN, Hilliard, OH, 43026",Commercial/Industrial Street
"4800 COSGRAY RD, Columbus, OH, 43026",Commercial/Industrial Street
"4653 TRUEMAN BLVD APT 100, Hilliard, OH, 43026",Commercial/Industrial Street
"3873 PARK MILL RUN DR, Hilliard, OH, 43026",Commercial/Industrial Street
"4070 COLUMBIA ST, Hilliard, OH, 43026",Commercial/Industrial Street
"4361 AVERY RD, Hilliard, OH, 43026",Commercial/Industrial Street
"4227 AVERY RD STE B, Hilliard, OH, 43026",Commercial/Industrial Street
"4036 COLUMBIA ST, Hilliard, OH, 43026",Commercial/Industrial Street
"4780 COSGRAY RD, Columbus, OH, 43026",Commercial/Industrial Street
"4705 AVERY RD, Hilliard, OH, 43026",Commercial/Industrial Street
"3883 PARK MILL RUN DR, Hilliard, OH, 43026",Commercial/Industrial Street
"4255 DUBLIN RD, Hilliard, OH, 43026",Commercial/Industrial Street
"3941 COLUMBIA ST, Hilliard, OH, 43026",Commercial/Industrial Street
"4440 AVERY RD, Hilliard, OH, 43026",Commercial/Industrial Street
"4850 COSGRAY RD, Columbus, OH, 43026",Commercial/Industrial Street
"4445 AVERY RD, Hilliard, OH, 43026",Commercial/Industrial Street
"4000 PARKWAY LN, Hilliard, OH, 43026",Commercial/Industrial Street
"4579 AVERY RD, Hilliard, OH, 43026",Commercial/Industrial Street
"3700 PARK MILL RUN DR, Hilliard, OH, 43026",Commercial/Industrial Street
"3659 PARKWAY LN, Hilliard, OH, 43026",Commercial/Industrial Street
"4373 AVERY RD, Hilliard, OH, 43026",Commercial/Industrial Street
"4166 AVERY RD, Hilliard, OH, 43026",Commercial/Industrial Street
"4065 COLUMBIA ST, Hilliard, OH, 43026",Commercial/Industrial Street
"4515 COSGRAY RD, Hilliard, OH, 43026",Commercial/Industrial Street
"3193 HILLIARD & ROME RD, Hilliard, OH, 43026",Commercial/Industrial Street
"4883 COSGRAY RD, Columbus, OH, 43026",Commercial/Industrial Street
"4200 PARKWAY CT, Hilliard, OH, 43026",Commercial/Industrial Street
"2880 HILLIARD & ROME RD, Hilliard, OH, 43026",Commercial/Industrial Street
"4902 COSGRAY RD, Columbus, OH, 43026",Commercial/Industrial Street
"4388 AVERY RD, Hilliard, OH, 43026",Commercial/Industrial Street
"4771 COSGRAY RD, Columbus, OH, 43026",Commercial/Industrial Street
"3955 BROWN PARK DR STE A, Hilliard, OH, 43026",Commercial/Industrial Street
"3660 PARKWAY LN UNIT A, Hilliard, OH, 43026",Commercial/Industrial Street
"3799 HIGH SCHOOL DR, Hilliard, OH, 43026",Commercial/Industrial Street
"3817 MUNICIPAL WAY, Hilliard, OH, 43026",Commercial/Industrial Street
"4081 TRUEMAN BLVD, Hilliard, OH, 43026",Commercial/Industrial Street
"3756 VETERANS MEMORIAL DR, Hilliard, OH, 43026",Commercial/Industrial Street
"3815 HIGH SCHOOL DR, Hilliard, OH, 43026",Commercial/Industrial Street
"3535 PARKWAY LN, Hilliard, OH, 43026",Commercial/Industrial Street
"4910 COSGRAY RD, Columbus, OH, 43026",Commercial/Industrial Street
"4928 COSGRAY RD, Columbus, OH, 43026",Commercial/Industrial Street
"2828 HILLIARD & ROME RD, Hilliard, OH, 43026",Commercial/Industrial Street
"5031 NORTHWEST PKWY, Hilliard, OH, 43026",Commercial/Industrial Street
"5027 NORTHWEST PKWY, Hilliard, OH, 43026",Commercial/Industrial Street
"5015 NORTHWEST PKWY, Hilliard, OH, 43026",Commercial/Industrial Street
"3660 PARKWAY LN UNIT B, Hilliard, OH, 43026",Commercial/Industrial Street
"4599 AVERY RD, Hilliard, OH, 43026",Commercial/Industrial Street
"2876 HILLIARD & ROME RD, Hilliard, OH, 43026",Commercial/Industrial Street
"3207 HILLIARD & ROME RD, Hilliard, OH, 43026",Commercial/Industrial Street
"3195 HILLIARD & ROME RD, Hilliard, OH, 43026",Commercial/Industrial Street
"3670 PARKWAY LN UNIT H, Hilliard, OH, 43026",Commercial/Industrial Street
"3645 FISHINGER BLVD, Hilliard, OH, 43026",Commercial/Industrial Street
"5043 NORTHWEST PKWY, Hilliard, OH, 43026",Commercial/Industrial Street
"5035 NORTHWEST PKWY, Hilliard, OH, 43026",Commercial/Industrial Street
"4700 NORTHWEST PKWY, Hilliard, OH, 43026",Commercial/Industrial Street
"5051 NORTHWEST PKWY, Hilliard, OH, 43026",Commercial/Industrial Street
"3803 HIGH SCHOOL DR, Hilliard, OH, 43026",Commercial/Industrial Street
"3700 PARKWAY LN, Hilliard, OH, 43026",Commercial/Industrial Street
"2822 HILLIARD & ROME RD, Hilliard, OH, 43026",Commercial/Industrial Street
"4520 DUBLIN RD, Hilliard, OH, 43026",Commercial/Industrial Street
"3979 PARKWAY LN, Hilliard, OH, 43026",Commercial/Industrial Street
"2662 HILLIARD & ROME RD, Hilliard, OH, 43026",Commercial/Industrial Street
"3919 PARKWAY LN, Hilliard, OH, 43026",Commercial/Industrial Street
"2716 HILLIARD & ROME RD, Hilliard, OH, 43026",Commercial/Industrial Street
"3636 HILLIARD CEMETERY RD, Hilliard, OH, 43026",Commercial/Industrial Street
"3880 FISHINGER BLVD, Hilliard, OH, 43026",Commercial/Industrial Street
"3999 PARKWAY LN, Hilliard, OH, 43026",Commercial/Industrial Street
"3959 PARKWAY LN, Hilliard, OH, 43026",Commercial/Industrial Street
"3191 HILLIARD & ROME RD, Hilliard, OH, 43026",Commercial/Industrial Street
"4169 AVERY RD, Hilliard, OH, 43026",Commercial/Industrial Street
"3600 PARKWAY LN, Hilliard, OH, 43026",Commercial/Industrial Street
"3670 PARKWAY LN UNIT I, Hilliard, OH, 43026",Commercial/Industrial Street
"3500 PARKWAY LN, Hilliard, OH, 43026",Commercial/Industrial Street
"2790 HILLIARD & ROME RD, Hilliard, OH, 43026",Commercial/Industrial Street
"5047 NORTHWEST PKWY, Hilliard, OH, 43026",Commercial/Industrial Street
"3820 PARKWAY LN, Hilliard, OH, 43026",Commercial/Industrial Street
"2804 HILLIARD & ROME RD, Hilliard, OH, 43026",Commercial/Industrial Street
"2730 HILLIARD & ROME RD, Hilliard, OH, 43026",Commercial/Industrial Street
"2893 HILLIARD & ROME RD, Hilliard, OH, 43026",Commercial/Industrial Street
"3660 PARKWAY LN UNIT C, Hilliard, OH, 43026",Commercial/Industrial Street
"3660 PARKWAY LN UNIT D, Hilliard, OH, 43026",Commercial/Industrial Street
"3955 BROWN PARK DR STE B, Hilliard, OH, 43026",Commercial/Industrial Street
"3670 PARKWAY LN UNIT A, Hilliard, OH, 43026",Commercial/Industrial Street
"3660 PARKWAY LN UNIT E, Hilliard, OH, 43026",Commercial/Industrial Street
"3641 FISHINGER BLVD, Hilliard, OH, 43026",Commercial/Industrial Street
"3670 PARKWAY LN UNIT L, Hilliard, OH, 43026",Commercial/Industrial Street
"3670 PARKWAY LN UNIT B, Hilliard, OH, 43026",Commercial/Industrial Street
"3189 HILLIARD & ROME RD, Hilliard, OH, 43026",Commercial/Industrial Street
"5039 NORTHWEST PKWY, Hilliard, OH, 43026",Commercial/Industrial Street
"4653 TRUEMAN BLVD APT 110, Hilliard, OH, 43026",Commercial/Industrial Street
"3737 PARKWAY LN, Hilliard, OH, 43026",Commercial/Industrial Street
"5011 NORTHWEST PKWY, Hilliard, OH, 43026",Commercial/Industrial Street
"4457 TRUEMAN BLVD, Hilliard, OH, 43026",Commercial/Industrial Street
"5023 NORTHWEST PKWY, Hilliard, OH, 43026",Commercial/Industrial Street
"3799 PARKWAY LN UNIT A, Hilliard, OH, 43026",Commercial/Industrial Street
"3670 PARKWAY LN UNIT F, Hilliard, OH, 43026",Commercial/Industrial Street
"3660 PARKWAY LN UNIT F, Hilliard, OH, 43026",Commercial/Industrial Street
"5499 TEN PIN ALY, Hilliard, OH, 43026",Commercial/Industrial Street
"3540 PARKWAY LN, Hilliard, OH, 43026",Commercial/Industrial Street
"5019 NORTHWEST PKWY, Hilliard, OH, 43026",Commercial/Industrial Street
"4700 NORTHWEST PKWY STE 110, Hilliard, OH, 43026",Commercial/Industrial Street
"3799 PARKWAY LN UNIT B, Hilliard, OH, 43026",Commercial/Industrial Street
"3649 PARKWAY LN, Hilliard, OH, 43026",Commercial/Industrial Street
"2900 HILLIARD & ROME RD, Hilliard, OH, 43026",Commercial/Industrial Street
"3930 RIDGE MILL DR, Hilliard, OH, 43026",Commercial/Industrial Street
"3201 HILLIARD & ROME RD, Hilliard, OH, 43026",Commercial/Industrial Street
"2755 DARBY BEND LAKES PARK, Hilliard, OH, 43026",Commercial/Industrial Street
"2899 HILLIARD & ROME RD, Hilliard, OH, 43026",Commercial/Industrial Street
"3325 HILLIARD & ROME RD, Hilliard, OH, 43026",Commercial/Industrial Street
"4019 PARKWAY LN, Hilliard, OH, 43026",Commercial/Industrial Street
"3536 PARKWAY LN, Hilliard, OH, 43026",Commercial/Industrial Street
"2929 HILLIARD & ROME RD, Hilliard, OH, 43026",Commercial/Industrial Street
"3670 PARKWAY LN UNIT C, Hilliard, OH, 43026",Commercial/Industrial Street
"3660 PARKWAY LN UNIT G, Hilliard, OH, 43026",Commercial/Industrial Street
"2750 HILLIARD & ROME RD, Hilliard, OH, 43026",Commercial/Industrial Street
"3249 HILLIARD & ROME RD, Hilliard, OH, 43026",Commercial/Industrial Street
"3229 HILLIARD & ROME RD, Hilliard, OH, 43026",Commercial/Industrial Street
"2726 HILLIARD & ROME RD, Hilliard, OH, 43026",Commercial/Industrial Street
"2718 HILLIARD & ROME RD, Hilliard, OH, 43026",Commercial/Industrial Street
"3257 HILLIARD & ROME RD, Hilliard, OH, 43026",Commercial/Industrial Street
"3221 HILLIARD & ROME RD, Hilliard, OH, 43026",Commercial/Industrial Street
"2844 HILLIARD & ROME RD, Hilliard, OH, 43026",Commercial/Industrial Street
"3660 PARKWAY LN, Hilliard, OH, 43026",Commercial/Industrial Street
"3670 PARKWAY LN, Hilliard, OH, 43026",Commercial/Industrial Street
"3550 PARKWAY LN, Hilliard, OH, 43026",Commercial/Industrial Street
"3650 PARKWAY LN, Hilliard, OH, 43026",Commercial/Industrial Street
"3660 PARKWAY LN UNIT H, Hilliard, OH, 43026",Commercial/Industrial Street
"3660 PARKWAY LN UNIT I, Hilliard, OH, 43026",Commercial/Industrial Street
"3670 PARKWAY LN UNIT D, Hilliard, OH, 43026",Commercial/Industrial Street
"3211 HILLIARD & ROME RD, Hilliard, OH, 43026",Commercial/Industrial Street
"3233 HILLIARD & ROME RD, Hilliard, OH, 43026",Commercial/Industrial Street
"3660 PARKWAY LN UNIT J, Hilliard, OH, 43026",Commercial/Industrial Street
"3950 PARKWAY LN, Hilliard, OH, 43026",Commercial/Industrial Street
"2755 DARBY BEND LAKES PARK, Hilliard, OH, 43026",Commercial/Industrial Street
"3660 PARKWAY LN UNIT K, Hilliard, OH, 43026",Commercial/Industrial Street
"3225 HILLIARD & ROME RD, Hilliard, OH, 43026",Commercial/Industrial Street
"3237 HILLIARD & ROME RD, Hilliard, OH, 43026",Commercial/Industrial Street
"5007 NORTHWEST PKWY, Hilliard, OH, 43026",Commercial/Industrial Street
"3450 PARKWAY LN, Hilliard, OH, 43026",Commercial/Industrial Street
"3670 PARKWAY LN UNIT G, Hilliard, OH, 43026",Commercial/Industrial Street
"2740 HILLIARD & ROME RD, Hilliard, OH, 43026",Commercial/Industrial Street
"3670 PARKWAY LN UNIT E, Hilliard, OH, 43026",Commercial/Industrial Street
"4103 COLUMBIA ST, Hilliard, OH, 43026",Commercial/Industrial Street
"3970 HILLIARD-CEMETERY RD, Hilliard, OH, 43026",Commercial/Industrial Street
"4009 CYBER AVE, Columbus, OH, 43026",Commercial/Industrial Street
"3693 FISHINGER BLVD, Columbus, OH, 43026",Commercial/Industrial Street
"1726 HILLIARD & ROME RD, Columbus, OH, 43026",Commercial/Industrial Street
"2252 HILLIARD & ROME RD, Columbus, OH, 43026",Commercial/Industrial Street
"3560 FISHINGER BLVD, Columbus, OH, 43026",Commercial/Industrial Street
"3545 FISHINGER BLVD, Columbus, OH, 43026",Commercial/Industrial Street
"4001 CYBER AVE, Columbus, OH, 43026",Commercial/Industrial Street
"3636 FISHINGER BLVD, Columbus, OH, 43026",Commercial/Industrial Street
"2347 HILLIARD & ROME RD, Columbus, OH, 43026",Commercial/Industrial Street
"1874 HILLIARD & ROME RD, Columbus, OH, 43026",Commercial/Industrial Street
"1815 HILLIARD & ROME RD, Columbus, OH, 43026",Commercial/Industrial Street
"2343 HILLIARD & ROME RD, Columbus, OH, 43026",Commercial/Industrial Street
"1925 HILLIARD & ROME RD, Columbus, OH, 43026",Commercial/Industrial Street
"2470 HILLIARD & ROME RD, Columbus, OH, 43026",Commercial/Industrial Street
"2510 HILLIARD & ROME RD, Columbus, OH, 43026",Commercial/Industrial Street
"5253 NIKE STATION WAY, Columbus, OH, 43026",Commercial/Industrial Street
"2603 HILLIARD & ROME RD, Columbus, OH, 43026",Commercial/Industrial Street
"2521 HILLIARD & ROME RD, Columbus, OH, 43026",Commercial/Industrial Street
"2612 HILLIARD & ROME RD, Columbus, OH, 43026",Commercial/Industrial Street
"1934 HILLIARD & ROME RD, Columbus, OH, 43026",Commercial/Industrial Street
"2507 HILLIARD & ROME RD, Columbus, OH, 43026",Commercial/Industrial Street
"3025 SCIOTO DARBY EXECUTIVE CT, Columbus, OH, 43026",Commercial/Industrial Street
"1720 HILLIARD & ROME RD, Columbus, OH, 43026",Commercial/Industrial Street
"2453 HILLIARD & ROME RD, Columbus, OH, 43026",Commercial/Industrial Street
"4007 CYBER AVE, Columbus, OH, 43026",Commercial/Industrial Street
"1812 HILLIARD & ROME RD, Columbus, OH, 43026",Commercial/Industrial Street
"3780 FISHINGER BLVD, Columbus, OH, 43026",Commercial/Industrial Street
"2410 HILLIARD & ROME RD, Columbus, OH, 43026",Commercial/Industrial Street
"2459 HILLIARD & ROME RD, Columbus, OH, 43026",Commercial/Industrial Street
"1680 HILLIARD & ROME RD, Columbus, OH, 43026",Commercial/Industrial Street
"2121 SPINDLER RD 1, Columbus, OH, 43026",Commercial/Industrial Street
"1531 HILLIARD & ROME RD, Columbus, OH, 43026",Commercial/Industrial Street
"5310 ROBERTS RD CATV, Columbus, OH, 43026",Commercial/Industrial Street
"3738 FISHINGER BLVD, Columbus, OH, 43026",Commercial/Industrial Street
"1866 HILLIARD & ROME RD, Columbus, OH, 43026",Commercial/Industrial Street
"2881 SCIOTO DARBY EXECUTIVE CT, Columbus, OH, 43026",Commercial/Industrial Street
"3112 SCIOTO DARBY EXECUTIVE CT, Columbus, OH, 43026",Commercial/Industrial Street
"3997 CYBER AVE, Columbus, OH, 43026",Commercial/Industrial Street
"2588 HILLIARD & ROME RD, Columbus, OH, 43026",Commercial/Industrial Street
"5560 HILLIARD ROME OFFICE PARK, Columbus, OH, 43026",Commercial/Industrial Street
"5563 HILLIARD ROME OFFICE PARK, Columbus, OH, 43026",Commercial/Industrial Street
"2526 HILLIARD & ROME RD, Columbus, OH, 43026",Commercial/Industrial Street
"1835 HILLIARD & ROME RD, Columbus, OH, 43026",Commercial/Industrial Street
"5547 HILLIARD ROME OFFICE PARK, Columbus, OH, 43026",Commercial/Industrial Street
"3794 FISHINGER BLVD, Columbus, OH, 43026",Commercial/Industrial Street
"3762 FISHINGER BLVD, Columbus, OH, 43026",Commercial/Industrial Street
"2540 HILLIARD & ROME RD, Columbus, OH, 43026",Commercial/Industrial Street
"1715 HILLIARD & ROME RD, Columbus, OH, 43026",Commercial/Industrial Street
"3768 FISHINGER BLVD, Columbus, OH, 43026",Commercial/Industrial Street
"3770 FISHINGER BLVD, Columbus, OH, 43026",Commercial/Industrial Street
"2320 HILLIARD & ROME RD, Columbus, OH, 43026",Commercial/Industrial Street
"2532 HILLIARD & ROME RD, Columbus, OH, 43026",Commercial/Industrial Street
"5575 HILLIARD ROME OFFICE PARK, Columbus, OH, 43026",Commercial/Industrial Street
"3620 FISHINGER BLVD, Columbus, OH, 43026",Commercial/Industrial Street
"2185 HILLIARD & ROME RD, Columbus, OH, 43026",Commercial/Industrial Street
"2451 HILLIARD & ROME RD, Columbus, OH, 43026",Commercial/Industrial Street
"1906 HILLIARD & ROME RD, Columbus, OH, 43026",Commercial/Industrial Street
"2489 HILLIARD & ROME RD, Columbus, OH, 43026",Commercial/Industrial Street
"5261 NIKE STATION WAY, Columbus, OH, 43026",Commercial/Industrial Street
"2600 HILLIARD & ROME RD, Columbus, OH, 43026",Commercial/Industrial Street
"2535 HILLIARD & ROME RD, Columbus, OH, 43026",Commercial/Industrial Street
"1808 HILLIARD & ROME RD, Columbus, OH, 43026",Commercial/Industrial Street
"2909 SCIOTO DARBY EXECUTIVE CT, Columbus, OH, 43026",Commercial/Industrial Street
"3820 FISHINGER BLVD, Columbus, OH, 43026",Commercial/Industrial Street
"1907 HILLIARD & ROME RD, Columbus, OH, 43026",Commercial/Industrial Street
"3162 SCIOTO DARBY EXECUTIVE CT, Columbus, OH, 43026",Commercial/Industrial Street
"2463 HILLIARD & ROME RD, Columbus, OH, 43026",Commercial/Industrial Street
"5528 HILLIARD ROME OFFICE PARK, Columbus, OH, 43026",Commercial/Industrial Street
"1545 HILLIARD & ROME RD, Columbus, OH, 43026",Commercial/Industrial Street
"2561 HILLIARD & ROME RD, Columbus, OH, 43026",Commercial/Industrial Street
"1796 HILLIARD & ROME RD, Columbus, OH, 43026",Commercial/Industrial Street
"1946 TANGLEWOOD PARK BLVD, Columbus, OH, 43026",Commercial/Industrial Street
"1755 HILLIARD & ROME RD, Columbus, OH, 43026",Commercial/Industrial Street
"5591 HILLIARD ROME OFFICE PARK, Columbus, OH, 43026",Commercial/Industrial Street
"3814 FISHINGER BLVD, Columbus, OH, 43026",Commercial/Industrial Street
"2636 HILLIARD & ROME RD, Columbus, OH, 43026",Commercial/Industrial Street
"1746 HILLIARD & ROME RD, Columbus, OH, 43026",Commercial/Industrial Street
"3051 SCIOTO DARBY EXECUTIVE CT, Columbus, OH, 43026",Commercial/Industrial Street
"3108 SCIOTO DARBY EXECUTIVE CT, Columbus, OH, 43026",Commercial/Industrial Street
"5580 HILLIARD ROME OFFICE PARK, Columbus, OH, 43026",Commercial/Industrial Street
"5539 HILLIARD ROME OFFICE PARK, Columbus, OH, 43026",Commercial/Industrial Street
"1675 HILLIARD & ROME RD, Columbus, OH, 43026",Commercial/Industrial Street
"2567 HILLIARD & ROME RD, Columbus, OH, 43026",Commercial/Industrial Street
"1830 HILLIARD & ROME RD, Columbus, OH, 43026",Commercial/Industrial Street
"1814 HILLIARD & ROME RD, Columbus, OH, 43026",Commercial/Industrial Street
"1818 HILLIARD & ROME RD, Columbus, OH, 43026",Commercial/Industrial Street
"3716 FISHINGER BLVD, Columbus, OH, 43026",Commercial/Industrial Street
"2586 HILLIARD & ROME RD, Columbus, OH, 43026",Commercial/Industrial Street
"3576 FISHINGER BLVD, Columbus, OH, 43026",Commercial/Industrial Street
"2240 HILLIARD & ROME RD, Columbus, OH, 43026",Commercial/Industrial Street
"2594 HILLIARD & ROME RD, Columbus, OH, 43026",Commercial/Industrial Street
"2481 HILLIARD & ROME RD, Columbus, OH, 43026",Commercial/Industrial Street
"1802 HILLIARD & ROME RD, Columbus, OH, 43026",Commercial/Industrial Street
"2457 HILLIARD & ROME RD, Columbus, OH, 43026",Commercial/Industrial Street
"2130 HILLIARD & ROME RD, Columbus, OH, 43026",Commercial/Industrial Street
"2608 HILLIARD & ROME RD, Columbus, OH, 43026",Commercial/Industrial Street
"1722 HILLIARD & ROME RD, Columbus, OH, 43026",Commercial/Industrial Street
"5576 HILLIARD ROME OFFICE PARK, Columbus, OH, 43026",Commercial/Industrial Street
"3023 SCIOTO DARBY EXECUTIVE CT, Columbus, OH, 43026",Commercial/Industrial Street
"2531 HILLIARD & ROME RD, Columbus, OH, 43026",Commercial/Industrial Street
"2525 HILLIARD & ROME RD, Columbus, OH, 43026",Commercial/Industrial Street
"2467 HILLIARD & ROME RD, Columbus, OH, 43026",Commercial/Industrial Street
"1725 HILLIARD & ROME RD, Columbus, OH, 43026",Commercial/Industrial Street
"3063 SCIOTO DARBY EXECUTIVE CT, Columbus, OH, 43026",Commercial/Industrial Street
"3617 FISHINGER BLVD, Columbus, OH, 43026",Commercial/Industrial Street
"2530 HILLIARD & ROME RD, Columbus, OH, 43026",Commercial/Industrial Street
"2590 HILLIARD & ROME RD, Columbus, OH, 43026",Commercial/Industrial Street
"2602 HILLIARD & ROME RD, Columbus, OH, 43026",Commercial/Industrial Street
"2569 HILLIARD & ROME RD, Columbus, OH, 43026",Commercial/Industrial Street
"1921 HILLIARD & ROME RD, Columbus, OH, 43026",Commercial/Industrial Street
"2242 HILLIARD & ROME RD, Columbus, OH, 43026",Commercial/Industrial Street
"1700 HILLIARD & ROME RD, Columbus, OH, 43026",Commercial/Industrial Street
"3015 SCIOTO DARBY EXECUTIVE CT, Columbus, OH, 43026",Commercial/Industrial Street
"2121 SPINDLER RD SLTR, Columbus, OH, 43026",Commercial/Industrial Street
"1816 HILLIARD & ROME RD, Columbus, OH, 43026",Commercial/Industrial Street
"3664 FISHINGER BLVD, Columbus, OH, 43026",Commercial/Industrial Street
"1785 HILLIARD & ROME RD, Columbus, OH, 43026",Commercial/Industrial Street
"2485 HILLIARD & ROME RD, Columbus, OH, 43026",Commercial/Industrial Street
"5555 HILLIARD ROME OFFICE PARK, Columbus, OH, 43026",Commercial/Industrial Street
"1540 HILLIARD & ROME RD, Columbus, OH, 43026",Commercial/Industrial Street
"5536 HILLIARD ROME OFFICE PARK, Columbus, OH, 43026",Commercial/Industrial Street
"2533 HILLIARD & ROME RD, Columbus, OH, 43026",Commercial/Industrial Street
"5520 HILLIARD ROME OFFICE PARK, Columbus, OH, 43026",Commercial/Industrial Street
"2447 HILLIARD & ROME RD, Columbus, OH, 43026",Commercial/Industrial Street
"3006 HILLIARD & ROME RD, Columbus, OH, 43026",Commercial/Industrial Street
"1894 HILLIARD & ROME RD, Columbus, OH, 43026",Commercial/Industrial Street
"3660 FISHINGER BLVD, Columbus, OH, 43026",Commercial/Industrial Street
"3816 FISHINGER BLVD, Columbus, OH, 43026",Commercial/Industrial Street
"3130 SCIOTO DARBY EXECUTIVE CT, Columbus, OH, 43026",Commercial/Industrial Street
"1994 HILLIARD & ROME RD, Columbus, OH, 43026",Commercial/Industrial Street
"3796 FISHINGER BLVD, Columbus, OH, 43026",Commercial/Industrial Street
"2250 HILLIARD & ROME RD, Columbus, OH, 43026",Commercial/Industrial Street
"1899 HILLIARD & ROME RD, Columbus, OH, 43026",Commercial/Industrial Street
"3721 FISHINGER BLVD, Columbus, OH, 43026",Commercial/Industrial Street
"1804 HILLIARD & ROME RD, Columbus, OH, 43026",Commercial/Industrial Street
"2557 HILLIARD & ROME RD, Columbus, OH, 43026",Commercial/Industrial Street
"3670 FISHINGER BLVD, Columbus, OH, 43026",Commercial/Industrial Street
"1878 HILLIARD & ROME RD, Columbus, OH, 43026",Commercial/Industrial Street
"2959 SCIOTO DARBY EXECUTIVE CT, Columbus, OH, 43026",Commercial/Industrial Street
"2524 HILLIARD & ROME RD, Columbus, OH, 43026",Commercial/Industrial Street
"3680 FISHINGER BLVD, Columbus, OH, 43026",Commercial/Industrial Street
"2059 HILLIARD & ROME RD, Columbus, OH, 43026",Commercial/Industrial Street
"5532 HILLIARD ROME OFFICE PARK, Columbus, OH, 43026",Commercial/Industrial Street
"2515 HILLIARD & ROME RD, Columbus, OH, 43026",Commercial/Industrial Street
"3104 SCIOTO DARBY EXECUTIVE CT, Columbus, OH, 43026",Commercial/Industrial Street
"2127 HILLIARD & ROME RD, Columbus, OH, 43026",Commercial/Industrial Street
"1748 HILLIARD & ROME RD, Columbus, OH, 43026",Commercial/Industrial Street
"2238 HILLIARD & ROME RD, Columbus, OH, 43026",Commercial/Industrial Street
"5567 HILLIARD ROME OFFICE PARK, Columbus, OH, 43026",Commercial/Industrial Street
"5587 HILLIARD ROME OFFICE PARK, Columbus, OH, 43026",Commercial/Industrial Street
"3806 FISHINGER BLVD, Columbus, OH, 43026",Commercial/Industrial Street
"3676 FISHINGER BLVD, Columbus, OH, 43026",Commercial/Industrial Street
"2528 HILLIARD & ROME RD, Columbus, OH, 43026",Commercial/Industrial Street
"3804 FISHINGER BLVD, Columbus, OH, 43026",Commercial/Industrial Street
"3652 FISHINGER BLVD, Columbus, OH, 43026",Commercial/Industrial Street
"2228 HILLIARD & ROME RD, Columbus, OH, 43026",Commercial/Industrial Street
"1760 HILLIARD & ROME RD ATM, Columbus, OH, 43026",Commercial/Industrial Street
"1718 HILLIARD & ROME RD, Columbus, OH, 43026",Commercial/Industrial Street
"2491 HILLIARD & ROME RD, Columbus, OH, 43026",Commercial/Industrial Street
"2214 HILLIARD & ROME RD, Columbus, OH, 43026",Commercial/Industrial Street
"5255 NIKE STATION WAY, Columbus, OH, 43026",Commercial/Industrial Street
"3714 FISHINGER BLVD, Columbus, OH, 43026",Commercial/Industrial Street
"2471 HILLIARD & ROME RD, Columbus, OH, 43026",Commercial/Industrial Street
"5544 HILLIARD ROME OFFICE PARK, Columbus, OH, 43026",Commercial/Industrial Street
"3632 FISHINGER BLVD, Columbus, OH, 43026",Commercial/Industrial Street
"5271 NIKE STATION WAY, Columbus, OH, 43026",Commercial/Industrial Street
"1760 HILLIARD & ROME RD, Columbus, OH, 43026",Commercial/Industrial Street
"2332 ASICS RD, Columbus, OH, 43026",Commercial/Industrial Street
"2256 HILLIARD & ROME RD, Columbus, OH, 43026",Commercial/Industrial Street
"3697 FISHINGER BLVD, Columbus, OH, 43026",Commercial/Industrial Street
"2157 HILLIARD & ROME RD, Columbus, OH, 43026",Commercial/Industrial Street
"2221 HILLIARD & ROME RD, Columbus, OH, 43026",Commercial/Industrial Street
"3800 FISHINGER BLVD, Columbus, OH, 43026",Commercial/Industrial Street
"2139 HILLIARD & ROME RD, Columbus, OH, 43026",Commercial/Industrial Street
"2596 HILLIARD & ROME RD, Columbus, OH, 43026",Commercial/Industrial Street
"2527 HILLIARD & ROME RD, Columbus, OH, 43026",Commercial/Industrial Street
"2618 HILLIARD & ROME RD, Columbus, OH, 43026",Commercial/Industrial Street
"3989 CYBER AVE, Columbus, OH, 43026",Commercial/Industrial Street
"2490 HILLIARD & ROME RD, Columbus, OH, 43026",Commercial/Industrial Street
"2523 HILLIARD & ROME RD, Columbus, OH, 43026",Commercial/Industrial Street
"1898 HILLIARD & ROME RD, Columbus, OH, 43026",Commercial/Industrial Street
"1905 HILLIARD & ROME RD, Columbus, OH, 43026",Commercial/Industrial Street
"5565 TANGLEWOOD PARK BLVD, Columbus, OH, 43026",Commercial/Industrial Street
"2505 HILLIARD & ROME RD, Columbus, OH, 43026",Commercial/Industrial Street
"1897 HILLIARD & ROME RD, Columbus, OH, 43026",Commercial/Industrial Street
"1527 HILLIARD & ROME RD, Columbus, OH, 43026",Commercial/Industrial Street
"1746 HILLIARD & ROME RD, Columbus, OH, 43026",Commercial/Industrial Street
"2499 HILLIARD & ROME RD, Columbus, OH, 43026",Commercial/Industrial Street
"5548 HILLIARD ROME OFFICE PARK, Columbus, OH, 43026",Commercial/Industrial Street
"3830 FISHINGER BLVD, Columbus, OH, 43026",Commercial/Industrial Street
"5245 NIKE STATION WAY, Columbus, OH, 43026",Commercial/Industrial Street
"3668 FISHINGER BLVD, Columbus, OH, 43026",Commercial/Industrial Street
"2469 HILLIARD & ROME RD, Columbus, OH, 43026",Commercial/Industrial Street
"2124 HILLIARD & ROME RD, Columbus, OH, 43026",Commercial/Industrial Street
"1918 HILLIARD & ROME RD, Columbus, OH, 43026",Commercial/Industrial Street
"3711 RIDGE MILL DR, Columbus, OH, 43026",Commercial/Industrial Street
"2573 HILLIARD & ROME RD, Columbus, OH, 43026",Commercial/Industrial Street
"2051 HILLIARD & ROME RD, Columbus, OH, 43026",Commercial/Industrial Street
"3718 FISHINGER BLVD, Columbus, OH, 43026",Commercial/Industrial Street
"1834 HILLIARD & ROME RD, Columbus, OH, 43026",Commercial/Industrial Street
"1938 HILLIARD & ROME RD, Columbus, OH, 43026",Commercial/Industrial Street
"1864 HILLIARD & ROME RD, Columbus, OH, 43026",Commercial/Industrial Street
"1888 HILLIARD & ROME RD, Columbus, OH, 43026",Commercial/Industrial Street
"1780 HILLIARD & ROME RD, Columbus, OH, 43026",Commercial/Industrial Street
"2550 HILLIARD & ROME RD, Columbus, OH, 43026",Commercial/Industrial Street
"1852 HILLIARD & ROME RD, Columbus, OH, 43026",Commercial/Industrial Street
"1539 HILLIARD & ROME RD, Columbus, OH, 43026",Commercial/Industrial Street
"3707 FISHINGER BLVD, Columbus, OH, 43026",Commercial/Industrial Street
"1825 HILLIARD & ROME RD, Columbus, OH, 43026",Commercial/Industrial Street
"1790 HILLIARD & ROME RD, Columbus, OH, 43026",Commercial/Industrial Street
"1882 HILLIARD & ROME RD, Columbus, OH, 43026",Commercial/Industrial Street
"3991 CYBER AVE, Columbus, OH, 43026",Commercial/Industrial Street
"3057 SCIOTO DARBY EXECUTIVE CT, Columbus, OH, 43026",Commercial/Industrial Street
"1855 HILLIARD & ROME RD, Columbus, OH, 43026",Commercial/Industrial Street
"5508 HILLIARD ROME OFFICE PARK, Columbus, OH, 43026",Commercial/Industrial Street
"3646 FISHINGER BLVD, Columbus, OH, 43026",Commercial/Industrial Street
"2222 HILLIARD & ROME RD, Columbus, OH, 43026",Commercial/Industrial Street
"3100 SCIOTO DARBY EXECUTIVE CT, Columbus, OH, 43026",Commercial/Industrial Street
"3060 SCIOTO DARBY EXECUTIVE CT, Columbus, OH, 43026",Commercial/Industrial Street
"2164 HILLIARD & ROME RD, Columbus, OH, 43026",Commercial/Industrial Street
"1988 HILLIARD & ROME RD, Columbus, OH, 43026",Commercial/Industrial Street
"2516 HILLIARD & ROME RD, Columbus, OH, 43026",Commercial/Industrial Street
"1519 HILLIARD & ROME RD, Columbus, OH, 43026",Commercial/Industrial Street
"3750 FISHINGER BLVD, Columbus, OH, 43026",Commercial/Industrial Street
"5552 HILLIARD ROME OFFICE PARK, Columbus, OH, 43026",Commercial/Industrial Street
"1891 HILLIARD & ROME RD, Columbus, OH, 43026",Commercial/Industrial Street
"5285 NIKE STATION WAY, Columbus, OH, 43026",Commercial/Industrial Street
"3040 SCIOTO DARBY EXECUTIVE CT, Columbus, OH, 43026",Commercial/Industrial Street
"2246 HILLIARD & ROME RD, Columbus, OH, 43026",Commercial/Industrial Street
"1728 HILLIARD & ROME RD, Columbus, OH, 43026",Commercial/Industrial Street
"2563 HILLIARD & ROME RD, Columbus, OH, 43026",Commercial/Industrial Street
"5540 HILLIARD ROME OFFICE PARK, Columbus, OH, 43026",Commercial/Industrial Street
"3570 FISHINGER BLVD, Columbus, OH, 43026",Commercial/Industrial Street
"2550 HILLIARD & ROME RD, Columbus, OH, 43026",Commercial/Industrial Street
"1806 HILLIARD & ROME RD, Columbus, OH, 43026",Commercial/Industrial Street
"3611 FISHINGER BLVD, Columbus, OH, 43026",Commercial/Industrial Street
"3030 SCIOTO DARBY EXECUTIVE CT, Columbus, OH, 43026",Commercial/Industrial Street
"1913 HILLIARD & ROME RD, Columbus, OH, 43026",Commercial/Industrial Street
"3578 FISHINGER BLVD, Columbus, OH, 43026",Commercial/Industrial Street
"1880 HILLIARD & ROME RD, Columbus, OH, 43026",Commercial/Industrial Street
"2479 HILLIARD & ROME RD, Columbus, OH, 43026",Commercial/Industrial Street
"1630 HILLIARD & ROME RD, Columbus, OH, 43026",Commercial/Industrial Street
"4024 CYBER AVE, Columbus, OH, 43026",Commercial/Industrial Street
"1661 HILLIARD & ROME RD, Columbus, OH, 43026",Commercial/Industrial Street
"1735 HILLIARD & ROME RD, Columbus, OH, 43026",Commercial/Industrial Street
"3648 FISHINGER BLVD, Columbus, OH, 43026",Commercial/Industrial Street
"5277 NIKE STATION WAY, Columbus, OH, 43026",Commercial/Industrial Street
"3610 FISHINGER BLVD, Columbus, OH, 43026",Commercial/Industrial Street
"2541 HILLIARD & ROME RD, Columbus, OH, 43026",Commercial/Industrial Street
"5564 HILLIARD ROME OFFICE PARK, Columbus, OH, 43026",Commercial/Industrial Street
"3020 HILLIARD & ROME RD, Columbus, OH, 43026",Commercial/Industrial Street
"1724 HILLIARD & ROME RD, Columbus, OH, 43026",Commercial/Industrial Street
"2513 HILLIARD & ROME RD, Columbus, OH, 43026",Commercial/Industrial Street
"1547 HILLIARD & ROME RD, Columbus, OH, 43026",Commercial/Industrial Street
"2177 HILLIARD & ROME RD, Columbus, OH, 43026",Commercial/Industrial Street
"3774 FISHINGER BLVD, Columbus, OH, 43026",Commercial/Industrial Street
"2149 HILLIARD & ROME RD, Columbus, OH, 43026",Commercial/Industrial Street
"2582 HILLIARD & ROME RD, Columbus, OH, 43026",Commercial/Industrial Street
"2035 HILLIARD & ROME RD, Columbus, OH, 43026",Commercial/Industrial Street
"1881 HILLIARD & ROME RD, Columbus, OH, 43026",Commercial/Industrial Street
"2455 HILLIARD & ROME RD, Columbus, OH, 43026",Commercial/Industrial Street
"2477 HILLIARD & ROME RD, Columbus, OH, 43026",Commercial/Industrial Street
"5572 HILLIARD ROME OFFICE PARK, Columbus, OH, 43026",Commercial/Industrial Street
"2870 SCIOTO DARBY EXECUTIVE CT, Columbus, OH, 43026",Commercial/Industrial Street
"1922 HILLIARD & ROME RD, Columbus, OH, 43026",Commercial/Industrial Street
"3080 SCIOTO DARBY EXECUTIVE CT, Columbus, OH, 43026",Commercial/Industrial Street
"2910 SCIOTO DARBY EXECUTIVE CT, Columbus, OH, 43026",Commercial/Industrial Street
"2553 HILLIARD & ROME RD, Columbus, OH, 43026",Commercial/Industrial Street
"3786 FISHINGER BLVD, Columbus, OH, 43026",Commercial/Industrial Street
"3555 FISHINGER BLVD, Columbus, OH, 43026",Commercial/Industrial Street
"1810 HILLIARD & ROME RD, Columbus, OH, 43026",Commercial/Industrial Street
"3045 SCIOTO DARBY EXECUTIVE CT, Columbus, OH, 43026",Commercial/Industrial Street
"3975 RIDGE MILL DR, Columbus, OH, 43026",Commercial/Industrial Street
"2092 HILLIARD & ROME RD, Columbus, OH, 43026",Commercial/Industrial Street
"2174 HILLIARD & ROME RD VRAD, Columbus, OH, 43026",Commercial/Industrial Street
"1738 HILLIARD & ROME RD, Columbus, OH, 43026",Commercial/Industrial Street
"2497 HILLIARD & ROME RD, Columbus, OH, 43026",Commercial/Industrial Street
"3703 FISHINGER BLVD, Columbus, OH, 43026",Commercial/Industrial Street
"5556 HILLIARD ROME OFFICE PARK, Columbus, OH, 43026",Commercial/Industrial Street
"2040 TANGLEWOOD PARK BLVD, Columbus, OH, 43026",Commercial/Industrial Street
"2135 HILLIARD & ROME RD, Columbus, OH, 43026",Commercial/Industrial Street
"2213 HILLIARD & ROME RD, Columbus, OH, 43026",Commercial/Industrial Street
"3700 FISHINGER BLVD, Columbus, OH, 43026",Commercial/Industrial Street
"1710 HILLIARD & ROME RD, Columbus, OH, 43026",Commercial/Industrial Street
"3085 SCIOTO DARBY EXECUTIVE CT, Columbus, OH, 43026",Commercial/Industrial Street
"2493 HILLIARD & ROME RD, Columbus, OH, 43026",Commercial/Industrial Street
"3732 FISHINGER BLVD, Columbus, OH, 43026",Commercial/Industrial Street
"2880 SCIOTO DARBY EXECUTIVE CT, Columbus, OH, 43026",Commercial/Industrial Street
"3535 FISHINGER BLVD, Columbus, OH, 43026",Commercial/Industrial Street
"2549 HILLIARD & ROME RD, Columbus, OH, 43026",Commercial/Industrial Street
"2625 HILLIARD & ROME RD, Columbus, OH, 43026",Commercial/Industrial Street
"3790 FISHINGER BLVD, Columbus, OH, 43026",Commercial/Industrial Street
"3550 FISHINGER BLVD, Columbus, OH, 43026",Commercial/Industrial Street
"3069 SCIOTO DARBY EXECUTIVE CT, Columbus, OH, 43026",Commercial/Industrial Street
"1970 HILLIARD & ROME RD, Columbus, OH, 43026",Commercial/Industrial Street
"2537 HILLIARD & ROME RD, Columbus, OH, 43026",Commercial/Industrial Street
"2165 HILLIARD & ROME RD, Columbus, OH, 43026",Commercial/Industrial Street
"3812 FISHINGER BLVD, Columbus, OH, 43026",Commercial/Industrial Street
"1935 HILLIARD & ROME RD, Columbus, OH, 43026",Commercial/Industrial Street
"2539 HILLIARD & ROME RD, Columbus, OH, 43026",Commercial/Industrial Street
"2616 HILLIARD & ROME RD, Columbus, OH, 43026",Commercial/Industrial Street
"3744 FISHINGER BLVD, Columbus, OH, 43026",Commercial/Industrial Street
"1914 HILLIARD & ROME RD, Columbus, OH, 43026",Commercial/Industrial Street
"1944 HILLIARD & ROME RD, Columbus, OH, 43026",Commercial/Industrial Street
"2483 HILLIARD & ROME RD, Columbus, OH, 43026",Commercial/Industrial Street
"5584 HILLIARD ROME OFFICE PARK, Columbus, OH, 43026",Commercial/Industrial Street
"2517 HILLIARD & ROME RD, Columbus, OH, 43026",Commercial/Industrial Street
"2509 HILLIARD & ROME RD, Columbus, OH, 43026",Commercial/Industrial Street
"3640 FISHINGER BLVD, Columbus, OH, 43026",Commercial/Industrial Street
"2116 HILLIARD & ROME RD, Columbus, OH, 43026",Commercial/Industrial Street
"3619 FISHINGER BLVD, Columbus, OH, 43026",Commercial/Industrial Street
"5595 HILLIARD ROME OFFICE PARK, Columbus, OH, 43026",Commercial/Industrial Street
"5571 HILLIARD ROME OFFICE PARK, Columbus, OH, 43026",Commercial/Industrial Street
"5263 NIKE STATION WAY, Columbus, OH, 43026",Commercial/Industrial Street
"1900 HILLIARD & ROME RD, Columbus, OH, 43026",Commercial/Industrial Street
"5257 NIKE STATION WAY, Columbus, OH, 43026",Commercial/Industrial Street
"3995 CYBER AVE, Columbus, OH, 43026",Commercial/Industrial Street
"2559 HILLIARD & ROME RD, Columbus, OH, 43026",Commercial/Industrial Street
"5543 HILLIARD ROME OFFICE PARK, Columbus, OH, 43026",Commercial/Industrial Street
"5516 HILLIARD ROME OFFICE PARK, Columbus, OH, 43026",Commercial/Industrial Street
"2361 HILLIARD & ROME RD, Columbus, OH, 43026",Commercial/Industrial Street
"2610 HILLIARD & ROME RD, Columbus, OH, 43026",Commercial/Industrial Street
"5265 NIKE STATION WAY, Columbus, OH, 43026",Commercial/Industrial Street
"3580 FISHINGER BLVD, Columbus, OH, 43026",Commercial/Industrial Street
"3826 FISHINGER BLVD, Columbus, OH, 43026",Commercial/Industrial Street
"1550 HILLIARD & ROME RD, Columbus, OH, 43026",Commercial/Industrial Street
"1786 HILLIARD & ROME RD, Columbus, OH, 43026",Commercial/Industrial Street
"4003 CYBER AVE, Columbus, OH, 43026",Commercial/Industrial Street
"2487 HILLIARD & ROME RD, Columbus, OH, 43026",Commercial/Industrial Street
"5568 HILLIARD ROME OFFICE PARK, Columbus, OH, 43026",Commercial/Industrial Street
"2543 HILLIARD & ROME RD, Columbus, OH, 43026",Commercial/Industrial Street
"2604 HILLIARD & ROME RD, Columbus, OH, 43026",Commercial/Industrial Street
"3726 FISHINGER BLVD, Columbus, OH, 43026",Commercial/Industrial Street
"2055 HILLIARD & ROME RD, Columbus, OH, 43026",Commercial/Industrial Street
"1870 HILLIARD & ROME RD, Columbus, OH, 43026",Commercial/Industrial Street
"3119 SCIOTO DARBY EXECUTIVE CT, Columbus, OH, 43026",Commercial/Industrial Street
"3075 SCIOTO DARBY EXECUTIVE CT, Columbus, OH, 43026",Commercial/Industrial Street
"2244 HILLIARD & ROME RD, Columbus, OH, 43026",Commercial/Industrial Street
"2450 HILLIARD & ROME RD, Columbus, OH, 43026",Commercial/Industrial Street
"5283 NIKE STATION WAY, Columbus, OH, 43026",Commercial/Industrial Street
"1732 HILLIARD & ROME RD, Columbus, OH, 43026",Commercial/Industrial Street
"2475 HILLIARD & ROME RD, Columbus, OH, 43026",Commercial/Industrial Street
"2514 HILLIARD & ROME RD, Columbus, OH, 43026",Commercial/Industrial Street
"2571 HILLIARD & ROME RD, Columbus, OH, 43026",Commercial/Industrial Street
"3711 FISHINGER BLVD, Columbus, OH, 43026",Commercial/Industrial Street
"1735 HILLIARD & ROME RD, Columbus, OH, 43026",Commercial/Industrial Street
"2194 HILLIARD & ROME RD, Columbus, OH, 43026",Commercial/Industrial Street
"3743 FISHINGER BLVD, Columbus, OH, 43026",Commercial/Industrial Street
"3628 FISHINGER BLVD, Columbus, OH, 43026",Commercial/Industrial Street
"2614 HILLIARD & ROME RD, Columbus, OH, 43026",Commercial/Industrial Street
"5291 NIKE STATION WAY, Columbus, OH, 43026",Commercial/Industrial Street
"2461 HILLIARD & ROME RD, Columbus, OH, 43026",Commercial/Industrial Street
"2545 HILLIARD & ROME RD, Columbus, OH, 43026",Commercial/Industrial Street
"5599 HILLIARD ROME OFFICE PARK, Columbus, OH, 43026",Commercial/Industrial Street
"2519 HILLIARD & ROME RD, Columbus, OH, 43026",Commercial/Industrial Street
"1865 HILLIARD & ROME RD, Columbus, OH, 43026",Commercial/Industrial Street
"1844 HILLIARD & ROME RD, Columbus, OH, 43026",Commercial/Industrial Street
"2606 HILLIARD & ROME RD, Columbus, OH, 43026",Commercial/Industrial Street
"1730 HILLIARD & ROME RD, Columbus, OH, 43026",Commercial/Industrial Street
"5225 NIKE STATION WAY, Columbus, OH, 43026",Commercial/Industrial Street
"3615 FISHINGER BLVD, Columbus, OH, 43026",Commercial/Industrial Street
"3644 FISHINGER BLVD, Columbus, OH, 43026",Commercial/Industrial Street
"2254 HILLIARD & ROME RD, Columbus, OH, 43026",Commercial/Industrial Street
"2033 TANGLEWOOD PARK BLVD, Columbus, OH, 43026",Commercial/Industrial Street
"1744 HILLIARD & ROME RD, Columbus, OH, 43026",Commercial/Industrial Street
"1930 HILLIARD & ROME RD, Columbus, OH, 43026",Commercial/Industrial Street
"5259 NIKE STATION WAY, Columbus, OH, 43026",Commercial/Industrial Street
"2565 HILLIARD & ROME RD, Columbus, OH, 43026",Commercial/Industrial Street
"3722 FISHINGER BLVD, Columbus, OH, 43026",Commercial/Industrial Street
"3828 FISHINGER BLVD, Columbus, OH, 43026",Commercial/Industrial Street
"2332 ASICS RD, Columbus, OH, 43026",Commercial/Industrial Street
"1660 HILLIARD & ROME RD, Columbus, OH, 43026",Commercial/Industrial Street
"2121 SPINDLER RD 2, Columbus, OH, 43026",Commercial/Industrial Street
"3692 FISHINGER BLVD, Columbus, OH, 43026",Commercial/Industrial Street
"2536 HILLIARD & ROME RD, Columbus, OH, 43026",Commercial/Industrial Street
"3788 FISHINGER BLVD, Columbus, OH, 43026",Commercial/Industrial Street
"3792 FISHINGER BLVD, Columbus, OH, 43026",Commercial/Industrial Street
"1600 HILLIARD & ROME RD, Columbus, OH, 43026",Commercial/Industrial Street
"1798 HILLIARD & ROME RD, Columbus, OH, 43026",Commercial/Industrial Street
"1902 HILLIARD & ROME RD, Columbus, OH, 43026",Commercial/Industrial Street
"2121 SPINDLER RD 2, Columbus, OH, 43026",Commercial/Industrial Street
"2449 HILLIARD & ROME RD, Columbus, OH, 43026",Commercial/Industrial Street
"2511 HILLIARD & ROME RD, Columbus, OH, 43026",Commercial/Industrial Street
"3625 FISHINGER BLVD, Columbus, OH, 43026",Commercial/Industrial Street
"1752 HILLIARD & ROME RD, Columbus, OH, 43026",Commercial/Industrial Street
"3802 FISHINGER BLVD, Columbus, OH, 43026",Commercial/Industrial Street
"3939 RIDGE MILL DR, Columbus, OH, 43026",Commercial/Industrial Street
"1736 HILLIARD & ROME RD, Columbus, OH, 43026",Commercial/Industrial Street
"1926 HILLIARD & ROME RD, Columbus, OH, 43026",Commercial/Industrial Street
"5559 HILLIARD ROME OFFICE PARK, Columbus, OH, 43026",Commercial/Industrial Street
"5512 HILLIARD ROME OFFICE PARK, Columbus, OH, 43026",Commercial/Industrial Street
"2534 HILLIARD & ROME RD, Columbus, OH, 43026",Commercial/Industrial Street
"2257 HILLIARD & ROME RD, Columbus, OH, 43026",Commercial/Industrial Street
"1800 HILLIARD & ROME RD, Columbus, OH, 43026",Commercial/Industrial Street
"2495 HILLIARD & ROME RD, Columbus, OH, 43026",Commercial/Industrial Street
"2555 HILLIARD & ROME RD, Columbus, OH, 43026",Commercial/Industrial Street
"1740 HILLIARD & ROME RD, Columbus, OH, 43026",Commercial/Industrial Street
"1886 HILLIARD & ROME RD, Columbus, OH, 43026",Commercial/Industrial Street
"3756 FISHINGER BLVD, Columbus, OH, 43026",Commercial/Industrial Street
"3818 FISHINGER BLVD, Columbus, OH, 43026",Commercial/Industrial Street
"4020 CYBER AVE, Columbus, OH, 43026",Commercial/Industrial Street
"2575 HILLIARD & ROME RD, Columbus, OH, 43026",Commercial/Industrial Street
"2501 HILLIARD & ROME RD, Columbus, OH, 43026",Commercial/Industrial Street
"3656 FISHINGER BLVD, Columbus, OH, 43026",Commercial/Industrial Street
"2529 HILLIARD & ROME RD, Columbus, OH, 43026",Commercial/Industrial Street
"2143 HILLIARD & ROME RD, Columbus, OH, 43026",Commercial/Industrial Street
"3116 SCIOTO DARBY EXECUTIVE CT, Columbus, OH, 43026",Commercial/Industrial Street
"1770 HILLIARD & ROME RD, Columbus, OH, 43026",Commercial/Industrial Street
"1840 HILLIARD & ROME RD, Columbus, OH, 43026",Commercial/Industrial Street
"2503 HILLIARD & ROME RD, Columbus, OH, 43026",Commercial/Industrial Street
"3810 FISHINGER BLVD, Columbus, OH, 43026",Commercial/Industrial Street
"1754 HILLIARD & ROME RD, Columbus, OH, 43026",Commercial/Industrial Street
"2547 HILLIARD & ROME RD, Columbus, OH, 43026",Commercial/Industrial Street
"1917 HILLIARD & ROME RD, Columbus, OH, 43026",Commercial/Industrial Street
"2080 HILLIARD & ROME RD, Columbus, OH, 43026",Commercial/Industrial Street
"2551 HILLIARD & ROME RD, Columbus, OH, 43026",Commercial/Industrial Street
"5551 HILLIARD ROME OFFICE PARK, Columbus, OH, 43026",Commercial/Industrial Street
"2538 HILLIARD & ROME RD, Columbus, OH, 43026",Commercial/Industrial Street
"1520 HILLIARD & ROME RD, Columbus, OH, 43026",Commercial/Industrial Street
"2511 HILLIARD & ROME RD, Columbus, OH, 43026",Commercial/Industrial Street
"5524 HILLIARD ROME OFFICE PARK, Columbus, OH, 43026",Commercial/Industrial Street
"2360 HILLIARD & ROME RD, Columbus, OH, 43026",Commercial/Industrial Street
"3672 FISHINGER BLVD, Columbus, OH, 43026",Commercial/Industrial Street
"1910 HILLIARD & ROME RD, Columbus, OH, 43026",Commercial/Industrial Street
"2561 HILLIARD & ROME RD, Columbus, OH, 43026",Commercial/Industrial Street
"1775 HILLIARD & ROME RD, Columbus, OH, 43026",Commercial/Industrial Street
"4303 TRUEMAN BLVD, Hilliard, OH, 43026",Commercial/Industrial Street
"3544 PARKWAY LN, Hilliard, OH, 43026",Commercial/Industrial Street
"6508 MUIR PKWY, Hilliard, OH, 43026",Commercial/Industrial Street
"6492 MUIR PKWY, Hilliard, OH, 43026",Commercial/Industrial Street
"6502 MUIR PKWY, Hilliard, OH, 43026",Commercial/Industrial Street
"1569 HILLIARD & ROME RD, Columbus, OH, 43026",Commercial/Industrial Street
"1585 HILLIARD & ROME RD, Columbus, OH, 43026",Commercial/Industrial Street
"1593 HILLIARD & ROME RD, Columbus, OH, 43026",Commercial/Industrial Street
"1599 HILLIARD & ROME RD, Columbus, OH, 43026",Commercial/Industrial Street
"1581 HILLIARD & ROME RD, Columbus, OH, 43026",Commercial/Industrial Street
"1979 ATLAS ST BLDG 750, Columbus, OH, 43026",Commercial/Industrial Street
"3650 FISHINGER BLVD, Columbus, OH, 43026",Commercial/Industrial Street
"3642 FISHINGER BLVD, Columbus, OH, 43026",Commercial/Industrial Street
"4330 ALL SEASONS DR STE S115, Hilliard, OH, 43026",Commercial/Industrial Street
"4159 KAYE DR STE S210, Hilliard, OH, 43026",Commercial/Industrial Street
"4159 KAYE DR STE S215, Hilliard, OH, 43026",Commercial/Industrial Street
"4151 KAYE DR STE S110, Hilliard, OH, 43026",Commercial/Industrial Street
"4159 KAYE DR STE S110, Hilliard, OH, 43026",Commercial/Industrial Street
"4159 KAYE DR STE S315, Hilliard, OH, 43026",Commercial/Industrial Street
"4131 KAYE DR STE S315, Hilliard, OH, 43026",Commercial/Industrial Street
"4330 ALL SEASONS DR STE S215, Hilliard, OH, 43026",Commercial/Industrial Street
"4330 ALL SEASONS DR STE S110, Hilliard, OH, 43026",Commercial/Industrial Street
"4131 KAYE DR STE S115, Hilliard, OH, 43026",Commercial/Industrial Street
"3708 FISHINGER BLVD, Columbus, OH, 43026",Commercial/Industrial Street
"3975 RIDGE MILL DR UNIT CNPY, Columbus, OH, 43026",Commercial/Industrial Street
"4330 ALL SEASONS DR STE S210, Hilliard, OH, 43026",Commercial/Industrial Street
"4131 KAYE DR STE S110, Hilliard, OH, 43026",Commercial/Industrial Street
"4131 KAYE DR STE S215, Hilliard, OH, 43026",Commercial/Industrial Street
"4151 KAYE DR STE S210, Hilliard, OH, 43026",Commercial/Industrial Street
"4330 ALL SEASONS DR STE S310, Hilliard, OH, 43026",Commercial/Industrial Street
"4131 KAYE DR STE S310, Hilliard, OH, 43026",Commercial/Industrial Street
"4273 ALL SEASONS DR, Hilliard, OH, 43026",Commercial/Industrial Street
"4159 KAYE DR STE S310, Hilliard, OH, 43026",Commercial/Industrial Street
"4131 KAYE DR STE S210, Hilliard, OH, 43026",Commercial/Industrial Street
"4139 KAYE DR STE S115, Hilliard, OH, 43026",Commercial/Industrial Street
"4330 ALL SEASONS DR STE S315, Hilliard, OH, 43026",Commercial/Industrial Street
"4151 KAYE DR STE S115, Hilliard, OH, 43026",Commercial/Industrial Street
"4151 KAYE DR STE S215, Hilliard, OH, 43026",Commercial/Industrial Street
"4139 KAYE DR STE S210, Hilliard, OH, 43026",Commercial/Industrial Street
"4159 KAYE DR STE S115, Hilliard, OH, 43026",Commercial/Industrial Street
"4139 KAYE DR STE S110, Hilliard, OH, 43026",Commercial/Industrial Street
"4139 KAYE DR STE S215, Hilliard, OH, 43026",Commercial/Industrial Street
"3268 HILLIARD & ROME RD, Hilliard, OH, 43026",Commercial/Industrial Street
"3185 HILLIARD & ROME RD, Hilliard, OH, 43026",Commercial/Industrial Street
"3700 LACON RD STE A, Hilliard, OH, 43026",Commercial Unit on Mixed Street
"4519 CEMETERY RD STE A, Hilliard, OH, 43026",Commercial Unit on Mixed Street
"3690 LACON RD STE A, Hilliard, OH, 43026",Commercial Unit on Mixed Street
"3800 LACON RD UNIT A, Hilliard, OH, 43026",Commercial Unit on Mixed Street
"4511 CEMETERY RD STE B, Hilliard, OH, 43026",Commercial Unit on Mixed Street
"3800 LACON RD UNIT B, Hilliard, OH, 43026",Commercial Unit on Mixed Street
"3800 LACON RD UNIT C, Hilliard, OH, 43026",Commercial Unit on Mixed Street
"4002 MAIN ST UNIT A, Hilliard, OH, 43026",Commercial Unit on Mixed Street
"5522 CENTER ST STE A, Hilliard, OH, 43026",Commercial Unit on Mixed Street
"3800 LACON RD UNIT D, Hilliard, OH, 43026",Commercial Unit on Mixed Street
"5328 CEMETERY RD STE A, Hilliard, OH, 43026",Commercial Unit on Mixed Street
"4115 BRITTON PKWY STE S200, Hilliard, OH, 43026",Commercial Unit on Mixed Street
"4115 BRITTON PKWY STE S325, Hilliard, OH, 43026",Commercial Unit on Mixed Street
"4115 BRITTON PKWY STE S300, Hilliard, OH, 43026",Commercial Unit on Mixed Street
"4115 BRITTON PKWY STE S210, Hilliard, OH, 43026",Commercial Unit on Mixed Street
"4115 BRITTON PKWY STE S140, Hilliard, OH, 43026",Commercial Unit on Mixed Street
"4115 BRITTON PKWY STE S220, Hilliard, OH, 43026",Commercial Unit on Mixed Street
"4115 BRITTON PKWY STE S215, Hilliard, OH, 43026",Commercial Unit on Mixed Street
"4115 BRITTON PKWY STE S230, Hilliard, OH, 43026",Commercial Unit on Mixed Street
"4115 BRITTON PKWY STE S330, Hilliard, OH, 43026",Commercial Unit on Mixed Street
"4115 BRITTON PKWY STE S240, Hilliard, OH, 43026",Commercial Unit on Mixed Street
"4115 BRITTON PKWY STE S310, Hilliard, OH, 43026",Commercial Unit on Mixed Street
"4115 BRITTON PKWY STE S340, Hilliard, OH, 43026",Commercial Unit on Mixed Street
"4115 BRITTON PKWY STE S320, Hilliard, OH, 43026",Commercial Unit on Mixed Street
"4115 BRITTON PKWY STE S315, Hilliard, OH, 43026",Commercial Unit on Mixed Street
"4115 BRITTON PKWY STE S235, Hilliard, OH, 43026",Commercial Unit on Mixed Street
