address,number,street,unit,city,state,zip,note
"4220 WINCHESTER PIKE BLDG, Columbus, OH, 43232",4220,WINCHESTER PIKE,BLDG,Columbus,OH,43232,"census-confirmed apartment unit; residential inferred (unit), not auditor-verified"
"4990 CHATTERTON RD APT 4, Columbus, OH, 43232",4990,CHATTERTON RD,APT 4,Columbus,OH,43232,"census-confirmed apartment unit; residential inferred (unit), not auditor-verified"
"5024 CHATTERTON RD APT 4, Columbus, OH, 43232",5024,CHATTERTON RD,APT 4,Columbus,OH,43232,"census-confirmed apartment unit; residential inferred (unit), not auditor-verified"
"5008 CHATTERTON RD APT 8, Columbus, OH, 43232",5008,CHATTERTON RD,APT 8,Columbus,OH,43232,"census-confirmed apartment unit; residential inferred (unit), not auditor-verified"
"5054 CHATTERTON RD APT 7, Columbus, OH, 43232",5054,CHATTERTON RD,APT 7,Columbus,OH,43232,"census-confirmed apartment unit; residential inferred (unit), not auditor-verified"
"4990 CHATTERTON RD APT 10, Columbus, OH, 43232",4990,CHATTERTON RD,APT 10,Columbus,OH,43232,"census-confirmed apartment unit; residential inferred (unit), not auditor-verified"
"5020 CHATTERTON RD APT 12, Columbus, OH, 43232",5020,CHATTERTON RD,APT 12,Columbus,OH,43232,"census-confirmed apartment unit; residential inferred (unit), not auditor-verified"
"5054 CHATTERTON RD APT 3, Columbus, OH, 43232",5054,CHATTERTON RD,APT 3,Columbus,OH,43232,"census-confirmed apartment unit; residential inferred (unit), not auditor-verified"
"4490 WINCHESTER PIKE APT R, Columbus, OH, 43232",4490,WINCHESTER PIKE,APT R,Columbus,OH,43232,"census-confirmed apartment unit; residential inferred (unit), not auditor-verified"
"5024 CHATTERTON RD APT 10, Columbus, OH, 43232",5024,CHATTERTON RD,APT 10,Columbus,OH,43232,"census-confirmed apartment unit; residential inferred (unit), not auditor-verified"
"5020 CHATTERTON RD APT 8, Columbus, OH, 43232",5020,CHATTERTON RD,APT 8,Columbus,OH,43232,"census-confirmed apartment unit; residential inferred (unit), not auditor-verified"
"5016 CHATTERTON RD APT 5, Columbus, OH, 43232",5016,CHATTERTON RD,APT 5,Columbus,OH,43232,"census-confirmed apartment unit; residential inferred (unit), not auditor-verified"
"5016 CHATTERTON RD APT 2, Columbus, OH, 43232",5016,CHATTERTON RD,APT 2,Columbus,OH,43232,"census-confirmed apartment unit; residential inferred (unit), not auditor-verified"
"5026 CHATTERTON RD APT 10, Columbus, OH, 43232",5026,CHATTERTON RD,APT 10,Columbus,OH,43232,"census-confirmed apartment unit; residential inferred (unit), not auditor-verified"
"5020 CHATTERTON RD APT 5, Columbus, OH, 43232",5020,CHATTERTON RD,APT 5,Columbus,OH,43232,"census-confirmed apartment unit; residential inferred (unit), not auditor-verified"
"5000 CHATTERTON RD APT 9, Columbus, OH, 43232",5000,CHATTERTON RD,APT 9,Columbus,OH,43232,"census-confirmed apartment unit; residential inferred (unit), not auditor-verified"
"4990 CHATTERTON RD APT 9, Columbus, OH, 43232",4990,CHATTERTON RD,APT 9,Columbus,OH,43232,"census-confirmed apartment unit; residential inferred (unit), not auditor-verified"
"5040 CHATTERTON RD APT 2, Columbus, OH, 43232",5040,CHATTERTON RD,APT 2,Columbus,OH,43232,"census-confirmed apartment unit; residential inferred (unit), not auditor-verified"
"5016 CHATTERTON RD APT 3, Columbus, OH, 43232",5016,CHATTERTON RD,APT 3,Columbus,OH,43232,"census-confirmed apartment unit; residential inferred (unit), not auditor-verified"
"5016 CHATTERTON RD APT 10, Columbus, OH, 43232",5016,CHATTERTON RD,APT 10,Columbus,OH,43232,"census-confirmed apartment unit; residential inferred (unit), not auditor-verified"
"5054 CHATTERTON RD APT 12, Columbus, OH, 43232",5054,CHATTERTON RD,APT 12,Columbus,OH,43232,"census-confirmed apartment unit; residential inferred (unit), not auditor-verified"
"5020 CHATTERTON RD APT 4, Columbus, OH, 43232",5020,CHATTERTON RD,APT 4,Columbus,OH,43232,"census-confirmed apartment unit; residential inferred (unit), not auditor-verified"
"4990 CHATTERTON RD APT 12, Columbus, OH, 43232",4990,CHATTERTON RD,APT 12,Columbus,OH,43232,"census-confirmed apartment unit; residential inferred (unit), not auditor-verified"
"5000 CHATTERTON RD APT 12, Columbus, OH, 43232",5000,CHATTERTON RD,APT 12,Columbus,OH,43232,"census-confirmed apartment unit; residential inferred (unit), not auditor-verified"
"5024 CHATTERTON RD APT 3, Columbus, OH, 43232",5024,CHATTERTON RD,APT 3,Columbus,OH,43232,"census-confirmed apartment unit; residential inferred (unit), not auditor-verified"
"4996 CHATTERTON RD APT 7, Columbus, OH, 43232",4996,CHATTERTON RD,APT 7,Columbus,OH,43232,"census-confirmed apartment unit; residential inferred (unit), not auditor-verified"
"4990 CHATTERTON RD APT 11, Columbus, OH, 43232",4990,CHATTERTON RD,APT 11,Columbus,OH,43232,"census-confirmed apartment unit; residential inferred (unit), not auditor-verified"
"5008 CHATTERTON RD APT 3, Columbus, OH, 43232",5008,CHATTERTON RD,APT 3,Columbus,OH,43232,"census-confirmed apartment unit; residential inferred (unit), not auditor-verified"
"5008 CHATTERTON RD APT 6, Columbus, OH, 43232",5008,CHATTERTON RD,APT 6,Columbus,OH,43232,"census-confirmed apartment unit; residential inferred (unit), not auditor-verified"
"4990 CHATTERTON RD APT 5, Columbus, OH, 43232",4990,CHATTERTON RD,APT 5,Columbus,OH,43232,"census-confirmed apartment unit; residential inferred (unit), not auditor-verified"
"5026 CHATTERTON RD APT 9, Columbus, OH, 43232",5026,CHATTERTON RD,APT 9,Columbus,OH,43232,"census-confirmed apartment unit; residential inferred (unit), not auditor-verified"
"5000 CHATTERTON RD APT 11, Columbus, OH, 43232",5000,CHATTERTON RD,APT 11,Columbus,OH,43232,"census-confirmed apartment unit; residential inferred (unit), not auditor-verified"
"5000 CHATTERTON RD APT 7, Columbus, OH, 43232",5000,CHATTERTON RD,APT 7,Columbus,OH,43232,"census-confirmed apartment unit; residential inferred (unit), not auditor-verified"
"4996 CHATTERTON RD APT 1, Columbus, OH, 43232",4996,CHATTERTON RD,APT 1,Columbus,OH,43232,"census-confirmed apartment unit; residential inferred (unit), not auditor-verified"
"5042 CHATTERTON RD APT 9, Columbus, OH, 43232",5042,CHATTERTON RD,APT 9,Columbus,OH,43232,"census-confirmed apartment unit; residential inferred (unit), not auditor-verified"
"5008 CHATTERTON RD APT 11, Columbus, OH, 43232",5008,CHATTERTON RD,APT 11,Columbus,OH,43232,"census-confirmed apartment unit; residential inferred (unit), not auditor-verified"
"5042 CHATTERTON RD APT 3, Columbus, OH, 43232",5042,CHATTERTON RD,APT 3,Columbus,OH,43232,"census-confirmed apartment unit; residential inferred (unit), not auditor-verified"
"5000 CHATTERTON RD APT 8, Columbus, OH, 43232",5000,CHATTERTON RD,APT 8,Columbus,OH,43232,"census-confirmed apartment unit; residential inferred (unit), not auditor-verified"
"5040 CHATTERTON RD APT 4, Columbus, OH, 43232",5040,CHATTERTON RD,APT 4,Columbus,OH,43232,"census-confirmed apartment unit; residential inferred (unit), not auditor-verified"
"5042 CHATTERTON RD APT 12, Columbus, OH, 43232",5042,CHATTERTON RD,APT 12,Columbus,OH,43232,"census-confirmed apartment unit; residential inferred (unit), not auditor-verified"
"5040 CHATTERTON RD APT 11, Columbus, OH, 43232",5040,CHATTERTON RD,APT 11,Columbus,OH,43232,"census-confirmed apartment unit; residential inferred (unit), not auditor-verified"
"5000 CHATTERTON RD APT 10, Columbus, OH, 43232",5000,CHATTERTON RD,APT 10,Columbus,OH,43232,"census-confirmed apartment unit; residential inferred (unit), not auditor-verified"
"4990 CHATTERTON RD APT 2, Columbus, OH, 43232",4990,CHATTERTON RD,APT 2,Columbus,OH,43232,"census-confirmed apartment unit; residential inferred (unit), not auditor-verified"
"5008 CHATTERTON RD APT 12, Columbus, OH, 43232",5008,CHATTERTON RD,APT 12,Columbus,OH,43232,"census-confirmed apartment unit; residential inferred (unit), not auditor-verified"
"5054 CHATTERTON RD APT 11, Columbus, OH, 43232",5054,CHATTERTON RD,APT 11,Columbus,OH,43232,"census-confirmed apartment unit; residential inferred (unit), not auditor-verified"
"5054 CHATTERTON RD APT 1, Columbus, OH, 43232",5054,CHATTERTON RD,APT 1,Columbus,OH,43232,"census-confirmed apartment unit; residential inferred (unit), not auditor-verified"
"5026 CHATTERTON RD APT 8, Columbus, OH, 43232",5026,CHATTERTON RD,APT 8,Columbus,OH,43232,"census-confirmed apartment unit; residential inferred (unit), not auditor-verified"
"5026 CHATTERTON RD APT 11, Columbus, OH, 43232",5026,CHATTERTON RD,APT 11,Columbus,OH,43232,"census-confirmed apartment unit; residential inferred (unit), not auditor-verified"
"5024 CHATTERTON RD APT 8, Columbus, OH, 43232",5024,CHATTERTON RD,APT 8,Columbus,OH,43232,"census-confirmed apartment unit; residential inferred (unit), not auditor-verified"
"4990 CHATTERTON RD APT 8, Columbus, OH, 43232",4990,CHATTERTON RD,APT 8,Columbus,OH,43232,"census-confirmed apartment unit; residential inferred (unit), not auditor-verified"
"5040 CHATTERTON RD APT 9, Columbus, OH, 43232",5040,CHATTERTON RD,APT 9,Columbus,OH,43232,"census-confirmed apartment unit; residential inferred (unit), not auditor-verified"
"5008 CHATTERTON RD APT 4, Columbus, OH, 43232",5008,CHATTERTON RD,APT 4,Columbus,OH,43232,"census-confirmed apartment unit; residential inferred (unit), not auditor-verified"
"5016 CHATTERTON RD APT 6, Columbus, OH, 43232",5016,CHATTERTON RD,APT 6,Columbus,OH,43232,"census-confirmed apartment unit; residential inferred (unit), not auditor-verified"
"5042 CHATTERTON RD APT 7, Columbus, OH, 43232",5042,CHATTERTON RD,APT 7,Columbus,OH,43232,"census-confirmed apartment unit; residential inferred (unit), not auditor-verified"
"5024 CHATTERTON RD APT 2, Columbus, OH, 43232",5024,CHATTERTON RD,APT 2,Columbus,OH,43232,"census-confirmed apartment unit; residential inferred (unit), not auditor-verified"
"5020 CHATTERTON RD APT 3, Columbus, OH, 43232",5020,CHATTERTON RD,APT 3,Columbus,OH,43232,"census-confirmed apartment unit; residential inferred (unit), not auditor-verified"
"5024 CHATTERTON RD APT 11, Columbus, OH, 43232",5024,CHATTERTON RD,APT 11,Columbus,OH,43232,"census-confirmed apartment unit; residential inferred (unit), not auditor-verified"
"5054 CHATTERTON RD APT 8, Columbus, OH, 43232",5054,CHATTERTON RD,APT 8,Columbus,OH,43232,"census-confirmed apartment unit; residential inferred (unit), not auditor-verified"
"5016 CHATTERTON RD APT 7, Columbus, OH, 43232",5016,CHATTERTON RD,APT 7,Columbus,OH,43232,"census-confirmed apartment unit; residential inferred (unit), not auditor-verified"
"5000 CHATTERTON RD APT 2, Columbus, OH, 43232",5000,CHATTERTON RD,APT 2,Columbus,OH,43232,"census-confirmed apartment unit; residential inferred (unit), not auditor-verified"
"5054 CHATTERTON RD APT 2, Columbus, OH, 43232",5054,CHATTERTON RD,APT 2,Columbus,OH,43232,"census-confirmed apartment unit; residential inferred (unit), not auditor-verified"
"5042 CHATTERTON RD APT 5, Columbus, OH, 43232",5042,CHATTERTON RD,APT 5,Columbus,OH,43232,"census-confirmed apartment unit; residential inferred (unit), not auditor-verified"
"5024 CHATTERTON RD APT 7, Columbus, OH, 43232",5024,CHATTERTON RD,APT 7,Columbus,OH,43232,"census-confirmed apartment unit; residential inferred (unit), not auditor-verified"
"5026 CHATTERTON RD APT 5, Columbus, OH, 43232",5026,CHATTERTON RD,APT 5,Columbus,OH,43232,"census-confirmed apartment unit; residential inferred (unit), not auditor-verified"
"5026 CHATTERTON RD APT 12, Columbus, OH, 43232",5026,CHATTERTON RD,APT 12,Columbus,OH,43232,"census-confirmed apartment unit; residential inferred (unit), not auditor-verified"
"5042 CHATTERTON RD APT 8, Columbus, OH, 43232",5042,CHATTERTON RD,APT 8,Columbus,OH,43232,"census-confirmed apartment unit; residential inferred (unit), not auditor-verified"
"5040 CHATTERTON RD APT 7, Columbus, OH, 43232",5040,CHATTERTON RD,APT 7,Columbus,OH,43232,"census-confirmed apartment unit; residential inferred (unit), not auditor-verified"
"5020 CHATTERTON RD APT 9, Columbus, OH, 43232",5020,CHATTERTON RD,APT 9,Columbus,OH,43232,"census-confirmed apartment unit; residential inferred (unit), not auditor-verified"
"5026 CHATTERTON RD APT 7, Columbus, OH, 43232",5026,CHATTERTON RD,APT 7,Columbus,OH,43232,"census-confirmed apartment unit; residential inferred (unit), not auditor-verified"
"5020 CHATTERTON RD APT 6, Columbus, OH, 43232",5020,CHATTERTON RD,APT 6,Columbus,OH,43232,"census-confirmed apartment unit; residential inferred (unit), not auditor-verified"
"5042 CHATTERTON RD APT 1, Columbus, OH, 43232",5042,CHATTERTON RD,APT 1,Columbus,OH,43232,"census-confirmed apartment unit; residential inferred (unit), not auditor-verified"
"5042 CHATTERTON RD APT 4, Columbus, OH, 43232",5042,CHATTERTON RD,APT 4,Columbus,OH,43232,"census-confirmed apartment unit; residential inferred (unit), not auditor-verified"
"5024 CHATTERTON RD APT 9, Columbus, OH, 43232",5024,CHATTERTON RD,APT 9,Columbus,OH,43232,"census-confirmed apartment unit; residential inferred (unit), not auditor-verified"
"5020 CHATTERTON RD APT 10, Columbus, OH, 43232",5020,CHATTERTON RD,APT 10,Columbus,OH,43232,"census-confirmed apartment unit; residential inferred (unit), not auditor-verified"
"4996 CHATTERTON RD APT 10, Columbus, OH, 43232",4996,CHATTERTON RD,APT 10,Columbus,OH,43232,"census-confirmed apartment unit; residential inferred (unit), not auditor-verified"
"4996 CHATTERTON RD APT 5, Columbus, OH, 43232",4996,CHATTERTON RD,APT 5,Columbus,OH,43232,"census-confirmed apartment unit; residential inferred (unit), not auditor-verified"
"5020 CHATTERTON RD APT 1, Columbus, OH, 43232",5020,CHATTERTON RD,APT 1,Columbus,OH,43232,"census-confirmed apartment unit; residential inferred (unit), not auditor-verified"
"5040 CHATTERTON RD APT 3, Columbus, OH, 43232",5040,CHATTERTON RD,APT 3,Columbus,OH,43232,"census-confirmed apartment unit; residential inferred (unit), not auditor-verified"
"5040 CHATTERTON RD APT 5, Columbus, OH, 43232",5040,CHATTERTON RD,APT 5,Columbus,OH,43232,"census-confirmed apartment unit; residential inferred (unit), not auditor-verified"
"5024 CHATTERTON RD APT 12, Columbus, OH, 43232",5024,CHATTERTON RD,APT 12,Columbus,OH,43232,"census-confirmed apartment unit; residential inferred (unit), not auditor-verified"
"5024 CHATTERTON RD APT 6, Columbus, OH, 43232",5024,CHATTERTON RD,APT 6,Columbus,OH,43232,"census-confirmed apartment unit; residential inferred (unit), not auditor-verified"
"5000 CHATTERTON RD APT 3, Columbus, OH, 43232",5000,CHATTERTON RD,APT 3,Columbus,OH,43232,"census-confirmed apartment unit; residential inferred (unit), not auditor-verified"
"5000 CHATTERTON RD APT 4, Columbus, OH, 43232",5000,CHATTERTON RD,APT 4,Columbus,OH,43232,"census-confirmed apartment unit; residential inferred (unit), not auditor-verified"
"4996 CHATTERTON RD APT 12, Columbus, OH, 43232",4996,CHATTERTON RD,APT 12,Columbus,OH,43232,"census-confirmed apartment unit; residential inferred (unit), not auditor-verified"
"4996 CHATTERTON RD APT 3, Columbus, OH, 43232",4996,CHATTERTON RD,APT 3,Columbus,OH,43232,"census-confirmed apartment unit; residential inferred (unit), not auditor-verified"
"5042 CHATTERTON RD APT 6, Columbus, OH, 43232",5042,CHATTERTON RD,APT 6,Columbus,OH,43232,"census-confirmed apartment unit; residential inferred (unit), not auditor-verified"
"5026 CHATTERTON RD APT 6, Columbus, OH, 43232",5026,CHATTERTON RD,APT 6,Columbus,OH,43232,"census-confirmed apartment unit; residential inferred (unit), not auditor-verified"
"5040 CHATTERTON RD APT 8, Columbus, OH, 43232",5040,CHATTERTON RD,APT 8,Columbus,OH,43232,"census-confirmed apartment unit; residential inferred (unit), not auditor-verified"
"4990 CHATTERTON RD APT 1, Columbus, OH, 43232",4990,CHATTERTON RD,APT 1,Columbus,OH,43232,"census-confirmed apartment unit; residential inferred (unit), not auditor-verified"
"4996 CHATTERTON RD APT 4, Columbus, OH, 43232",4996,CHATTERTON RD,APT 4,Columbus,OH,43232,"census-confirmed apartment unit; residential inferred (unit), not auditor-verified"
"5016 CHATTERTON RD APT 12, Columbus, OH, 43232",5016,CHATTERTON RD,APT 12,Columbus,OH,43232,"census-confirmed apartment unit; residential inferred (unit), not auditor-verified"
"5024 CHATTERTON RD APT 5, Columbus, OH, 43232",5024,CHATTERTON RD,APT 5,Columbus,OH,43232,"census-confirmed apartment unit; residential inferred (unit), not auditor-verified"
"5042 CHATTERTON RD APT 10, Columbus, OH, 43232",5042,CHATTERTON RD,APT 10,Columbus,OH,43232,"census-confirmed apartment unit; residential inferred (unit), not auditor-verified"
"5026 CHATTERTON RD APT 1, Columbus, OH, 43232",5026,CHATTERTON RD,APT 1,Columbus,OH,43232,"census-confirmed apartment unit; residential inferred (unit), not auditor-verified"
"5054 CHATTERTON RD APT 6, Columbus, OH, 43232",5054,CHATTERTON RD,APT 6,Columbus,OH,43232,"census-confirmed apartment unit; residential inferred (unit), not auditor-verified"
"5020 CHATTERTON RD APT 11, Columbus, OH, 43232",5020,CHATTERTON RD,APT 11,Columbus,OH,43232,"census-confirmed apartment unit; residential inferred (unit), not auditor-verified"
"5042 CHATTERTON RD APT 2, Columbus, OH, 43232",5042,CHATTERTON RD,APT 2,Columbus,OH,43232,"census-confirmed apartment unit; residential inferred (unit), not auditor-verified"
"5054 CHATTERTON RD APT 4, Columbus, OH, 43232",5054,CHATTERTON RD,APT 4,Columbus,OH,43232,"census-confirmed apartment unit; residential inferred (unit), not auditor-verified"
"4996 CHATTERTON RD APT 6, Columbus, OH, 43232",4996,CHATTERTON RD,APT 6,Columbus,OH,43232,"census-confirmed apartment unit; residential inferred (unit), not auditor-verified"
"5016 CHATTERTON RD APT 11, Columbus, OH, 43232",5016,CHATTERTON RD,APT 11,Columbus,OH,43232,"census-confirmed apartment unit; residential inferred (unit), not auditor-verified"
"4996 CHATTERTON RD APT 8, Columbus, OH, 43232",4996,CHATTERTON RD,APT 8,Columbus,OH,43232,"census-confirmed apartment unit; residential inferred (unit), not auditor-verified"
"5008 CHATTERTON RD APT 9, Columbus, OH, 43232",5008,CHATTERTON RD,APT 9,Columbus,OH,43232,"census-confirmed apartment unit; residential inferred (unit), not auditor-verified"
"5008 CHATTERTON RD APT 2, Columbus, OH, 43232",5008,CHATTERTON RD,APT 2,Columbus,OH,43232,"census-confirmed apartment unit; residential inferred (unit), not auditor-verified"
"5026 CHATTERTON RD APT 2, Columbus, OH, 43232",5026,CHATTERTON RD,APT 2,Columbus,OH,43232,"census-confirmed apartment unit; residential inferred (unit), not auditor-verified"
"4990 CHATTERTON RD APT 6, Columbus, OH, 43232",4990,CHATTERTON RD,APT 6,Columbus,OH,43232,"census-confirmed apartment unit; residential inferred (unit), not auditor-verified"
"4990 CHATTERTON RD APT 7, Columbus, OH, 43232",4990,CHATTERTON RD,APT 7,Columbus,OH,43232,"census-confirmed apartment unit; residential inferred (unit), not auditor-verified"
"5020 CHATTERTON RD APT 2, Columbus, OH, 43232",5020,CHATTERTON RD,APT 2,Columbus,OH,43232,"census-confirmed apartment unit; residential inferred (unit), not auditor-verified"
"4996 CHATTERTON RD APT 9, Columbus, OH, 43232",4996,CHATTERTON RD,APT 9,Columbus,OH,43232,"census-confirmed apartment unit; residential inferred (unit), not auditor-verified"
"5016 CHATTERTON RD APT 9, Columbus, OH, 43232",5016,CHATTERTON RD,APT 9,Columbus,OH,43232,"census-confirmed apartment unit; residential inferred (unit), not auditor-verified"
"5000 CHATTERTON RD APT 1, Columbus, OH, 43232",5000,CHATTERTON RD,APT 1,Columbus,OH,43232,"census-confirmed apartment unit; residential inferred (unit), not auditor-verified"
"5008 CHATTERTON RD APT 1, Columbus, OH, 43232",5008,CHATTERTON RD,APT 1,Columbus,OH,43232,"census-confirmed apartment unit; residential inferred (unit), not auditor-verified"
"5008 CHATTERTON RD APT 7, Columbus, OH, 43232",5008,CHATTERTON RD,APT 7,Columbus,OH,43232,"census-confirmed apartment unit; residential inferred (unit), not auditor-verified"
"5016 CHATTERTON RD APT 4, Columbus, OH, 43232",5016,CHATTERTON RD,APT 4,Columbus,OH,43232,"census-confirmed apartment unit; residential inferred (unit), not auditor-verified"
"5054 CHATTERTON RD APT 10, Columbus, OH, 43232",5054,CHATTERTON RD,APT 10,Columbus,OH,43232,"census-confirmed apartment unit; residential inferred (unit), not auditor-verified"
"4990 CHATTERTON RD APT 3, Columbus, OH, 43232",4990,CHATTERTON RD,APT 3,Columbus,OH,43232,"census-confirmed apartment unit; residential inferred (unit), not auditor-verified"
"5016 CHATTERTON RD APT 1, Columbus, OH, 43232",5016,CHATTERTON RD,APT 1,Columbus,OH,43232,"census-confirmed apartment unit; residential inferred (unit), not auditor-verified"
"5040 CHATTERTON RD APT 12, Columbus, OH, 43232",5040,CHATTERTON RD,APT 12,Columbus,OH,43232,"census-confirmed apartment unit; residential inferred (unit), not auditor-verified"
"5020 CHATTERTON RD APT 7, Columbus, OH, 43232",5020,CHATTERTON RD,APT 7,Columbus,OH,43232,"census-confirmed apartment unit; residential inferred (unit), not auditor-verified"
"5026 CHATTERTON RD APT 3, Columbus, OH, 43232",5026,CHATTERTON RD,APT 3,Columbus,OH,43232,"census-confirmed apartment unit; residential inferred (unit), not auditor-verified"
"5042 CHATTERTON RD APT 11, Columbus, OH, 43232",5042,CHATTERTON RD,APT 11,Columbus,OH,43232,"census-confirmed apartment unit; residential inferred (unit), not auditor-verified"
"4996 CHATTERTON RD APT 11, Columbus, OH, 43232",4996,CHATTERTON RD,APT 11,Columbus,OH,43232,"census-confirmed apartment unit; residential inferred (unit), not auditor-verified"
"5024 CHATTERTON RD APT 1, Columbus, OH, 43232",5024,CHATTERTON RD,APT 1,Columbus,OH,43232,"census-confirmed apartment unit; residential inferred (unit), not auditor-verified"
"5040 CHATTERTON RD APT 1, Columbus, OH, 43232",5040,CHATTERTON RD,APT 1,Columbus,OH,43232,"census-confirmed apartment unit; residential inferred (unit), not auditor-verified"
"5054 CHATTERTON RD APT 5, Columbus, OH, 43232",5054,CHATTERTON RD,APT 5,Columbus,OH,43232,"census-confirmed apartment unit; residential inferred (unit), not auditor-verified"
"5008 CHATTERTON RD APT 5, Columbus, OH, 43232",5008,CHATTERTON RD,APT 5,Columbus,OH,43232,"census-confirmed apartment unit; residential inferred (unit), not auditor-verified"
"5040 CHATTERTON RD APT 10, Columbus, OH, 43232",5040,CHATTERTON RD,APT 10,Columbus,OH,43232,"census-confirmed apartment unit; residential inferred (unit), not auditor-verified"
"5026 CHATTERTON RD APT 4, Columbus, OH, 43232",5026,CHATTERTON RD,APT 4,Columbus,OH,43232,"census-confirmed apartment unit; residential inferred (unit), not auditor-verified"
"5000 CHATTERTON RD APT 6, Columbus, OH, 43232",5000,CHATTERTON RD,APT 6,Columbus,OH,43232,"census-confirmed apartment unit; residential inferred (unit), not auditor-verified"
"5054 CHATTERTON RD APT 9, Columbus, OH, 43232",5054,CHATTERTON RD,APT 9,Columbus,OH,43232,"census-confirmed apartment unit; residential inferred (unit), not auditor-verified"
"5000 CHATTERTON RD APT 5, Columbus, OH, 43232",5000,CHATTERTON RD,APT 5,Columbus,OH,43232,"census-confirmed apartment unit; residential inferred (unit), not auditor-verified"
"5008 CHATTERTON RD APT 10, Columbus, OH, 43232",5008,CHATTERTON RD,APT 10,Columbus,OH,43232,"census-confirmed apartment unit; residential inferred (unit), not auditor-verified"
"5016 CHATTERTON RD APT 8, Columbus, OH, 43232",5016,CHATTERTON RD,APT 8,Columbus,OH,43232,"census-confirmed apartment unit; residential inferred (unit), not auditor-verified"
"3345 S HAMILTON RD APT R, Columbus, OH, 43232",3345,S HAMILTON RD,APT R,Columbus,OH,43232,"census-confirmed apartment unit; residential inferred (unit), not auditor-verified"
"4996 CHATTERTON RD APT 2, Columbus, OH, 43232",4996,CHATTERTON RD,APT 2,Columbus,OH,43232,"census-confirmed apartment unit; residential inferred (unit), not auditor-verified"
"5040 CHATTERTON RD APT 6, Columbus, OH, 43232",5040,CHATTERTON RD,APT 6,Columbus,OH,43232,"census-confirmed apartment unit; residential inferred (unit), not auditor-verified"
"4657 REFUGEE RD 2H, Columbus, OH, 43232",4657,REFUGEE RD,2H,Columbus,OH,43232,"census-confirmed apartment unit; residential inferred (unit), not auditor-verified"
"5415 YORKSHIRE TERRACE DR 1C, Columbus, OH, 43232",5415,YORKSHIRE TERRACE DR,1C,Columbus,OH,43232,"census-confirmed apartment unit; residential inferred (unit), not auditor-verified"
"4630 HILTON CORPORATE DR 211, Columbus, OH, 43232",4630,HILTON CORPORATE DR,211,Columbus,OH,43232,"census-confirmed apartment unit; residential inferred (unit), not auditor-verified"
"5484 DUNFIELD LN 1, Columbus, OH, 43232",5484,DUNFIELD LN,1,Columbus,OH,43232,"census-confirmed apartment unit; residential inferred (unit), not auditor-verified"
"2730 TENNYSON BLVD A, Columbus, OH, 43232",2730,TENNYSON BLVD,A,Columbus,OH,43232,"census-confirmed apartment unit; residential inferred (unit), not auditor-verified"
"5792 HIBERNIA DR B, Columbus, OH, 43232",5792,HIBERNIA DR,B,Columbus,OH,43232,"census-confirmed apartment unit; residential inferred (unit), not auditor-verified"
"5145 CEDAR DR A, Columbus, OH, 43232",5145,CEDAR DR,A,Columbus,OH,43232,"census-confirmed apartment unit; residential inferred (unit), not auditor-verified"
"1289 YORKLAND RD UNIT K, Columbus, OH, 43232",1289,YORKLAND RD,UNIT K,Columbus,OH,43232,"census-confirmed apartment unit; residential inferred (unit), not auditor-verified"
"5410 YORKSHIRE TERRACE DR C, Columbus, OH, 43232",5410,YORKSHIRE TERRACE DR,C,Columbus,OH,43232,"census-confirmed apartment unit; residential inferred (unit), not auditor-verified"
"2205 COURTSIDE DR C, Columbus, OH, 43232",2205,COURTSIDE DR,C,Columbus,OH,43232,"census-confirmed apartment unit; residential inferred (unit), not auditor-verified"
"5079 CEDAR DR L, Columbus, OH, 43232",5079,CEDAR DR,L,Columbus,OH,43232,"census-confirmed apartment unit; residential inferred (unit), not auditor-verified"
"2089 LAKE CLUB TER I, Columbus, OH, 43232",2089,LAKE CLUB TER,I,Columbus,OH,43232,"census-confirmed apartment unit; residential inferred (unit), not auditor-verified"
"5567 HIBERNIA DR B, Columbus, OH, 43232",5567,HIBERNIA DR,B,Columbus,OH,43232,"census-confirmed apartment unit; residential inferred (unit), not auditor-verified"
"4659 REFUGEE RD 3C, Columbus, OH, 43232",4659,REFUGEE RD,3C,Columbus,OH,43232,"census-confirmed apartment unit; residential inferred (unit), not auditor-verified"
"4550 LAKE SIDE N K, Columbus, OH, 43232",4550,LAKE SIDE N,K,Columbus,OH,43232,"census-confirmed apartment unit; residential inferred (unit), not auditor-verified"
"2740 CITIZENS PL C, Columbus, OH, 43232",2740,CITIZENS PL,C,Columbus,OH,43232,"census-confirmed apartment unit; residential inferred (unit), not auditor-verified"
"4669 REFUGEE RD 2I, Columbus, OH, 43232",4669,REFUGEE RD,2I,Columbus,OH,43232,"census-confirmed apartment unit; residential inferred (unit), not auditor-verified"
"6000 LAKE CLUB CT A, Columbus, OH, 43232",6000,LAKE CLUB CT,A,Columbus,OH,43232,"census-confirmed apartment unit; residential inferred (unit), not auditor-verified"
"4593 REFUGEE RD 3F, Columbus, OH, 43232",4593,REFUGEE RD,3F,Columbus,OH,43232,"census-confirmed apartment unit; residential inferred (unit), not auditor-verified"
"5419 LONSDALE PL S UNIT D, Columbus, OH, 43232",5419,LONSDALE PL S,UNIT D,Columbus,OH,43232,"census-confirmed apartment unit; residential inferred (unit), not auditor-verified"
"3180 ELIM MANOR CT 104, Columbus, OH, 43232",3180,ELIM MANOR CT,104,Columbus,OH,43232,"census-confirmed apartment unit; residential inferred (unit), not auditor-verified"
"5539 CANTARA PL 4, Columbus, OH, 43232",5539,CANTARA PL,4,Columbus,OH,43232,"census-confirmed apartment unit; residential inferred (unit), not auditor-verified"
"5034 COVENTRY DR D, Columbus, OH, 43232",5034,COVENTRY DR,D,Columbus,OH,43232,"census-confirmed apartment unit; residential inferred (unit), not auditor-verified"
"2510 KIMBERLY PKWY E UNIT 304, Columbus, OH, 43232",2510,KIMBERLY PKWY E,UNIT 304,Columbus,OH,43232,"census-confirmed apartment unit; residential inferred (unit), not auditor-verified"
"4611 REFUGEE RD 3D, Columbus, OH, 43232",4611,REFUGEE RD,3D,Columbus,OH,43232,"census-confirmed apartment unit; residential inferred (unit), not auditor-verified"
"4615 REFUGEE RD 2C, Columbus, OH, 43232",4615,REFUGEE RD,2C,Columbus,OH,43232,"census-confirmed apartment unit; residential inferred (unit), not auditor-verified"
"2830 WYMAN CT C, Columbus, OH, 43232",2830,WYMAN CT,C,Columbus,OH,43232,"census-confirmed apartment unit; residential inferred (unit), not auditor-verified"
"4609 REFUGEE RD 1K, Columbus, OH, 43232",4609,REFUGEE RD,1K,Columbus,OH,43232,"census-confirmed apartment unit; residential inferred (unit), not auditor-verified"
"4650 HILTON CORPORATE DR 101, Columbus, OH, 43232",4650,HILTON CORPORATE DR,101,Columbus,OH,43232,"census-confirmed apartment unit; residential inferred (unit), not auditor-verified"
"4770 LARAINE CT 204, Columbus, OH, 43232",4770,LARAINE CT,204,Columbus,OH,43232,"census-confirmed apartment unit; residential inferred (unit), not auditor-verified"
"5381 YORKSHIRE TERRACE DR 5A, Columbus, OH, 43232",5381,YORKSHIRE TERRACE DR,5A,Columbus,OH,43232,"census-confirmed apartment unit; residential inferred (unit), not auditor-verified"
"2813 TENNYSON BLVD 210, Columbus, OH, 43232",2813,TENNYSON BLVD,210,Columbus,OH,43232,"census-confirmed apartment unit; residential inferred (unit), not auditor-verified"
"4491 LAKE SIDE S E, Columbus, OH, 43232",4491,LAKE SIDE S,E,Columbus,OH,43232,"census-confirmed apartment unit; residential inferred (unit), not auditor-verified"
"5673 HIBERNIA DR B, Columbus, OH, 43232",5673,HIBERNIA DR,B,Columbus,OH,43232,"census-confirmed apartment unit; residential inferred (unit), not auditor-verified"
"2714 BRANDY DR 104, Columbus, OH, 43232",2714,BRANDY DR,104,Columbus,OH,43232,"census-confirmed apartment unit; residential inferred (unit), not auditor-verified"
"5481 E LIVINGSTON AVE UNIT A, Columbus, OH, 43232",5481,E LIVINGSTON AVE,UNIT A,Columbus,OH,43232,"census-confirmed apartment unit; residential inferred (unit), not auditor-verified"
"4520 LAKE SIDE S B, Columbus, OH, 43232",4520,LAKE SIDE S,B,Columbus,OH,43232,"census-confirmed apartment unit; residential inferred (unit), not auditor-verified"
"5345 YORKSHIRE TERRACE DR D, Columbus, OH, 43232",5345,YORKSHIRE TERRACE DR,D,Columbus,OH,43232,"census-confirmed apartment unit; residential inferred (unit), not auditor-verified"
"4671 REFUGEE RD 3E, Columbus, OH, 43232",4671,REFUGEE RD,3E,Columbus,OH,43232,"census-confirmed apartment unit; residential inferred (unit), not auditor-verified"
"2776 CITIZENS PL E, Columbus, OH, 43232",2776,CITIZENS PL,E,Columbus,OH,43232,"census-confirmed apartment unit; residential inferred (unit), not auditor-verified"
"4575 LAKE SIDE S C, Columbus, OH, 43232",4575,LAKE SIDE S,C,Columbus,OH,43232,"census-confirmed apartment unit; residential inferred (unit), not auditor-verified"
"5435 LONSDALE PL N UNIT C, Columbus, OH, 43232",5435,LONSDALE PL N,UNIT C,Columbus,OH,43232,"census-confirmed apartment unit; residential inferred (unit), not auditor-verified"
"2780 CITIZENS PL A, Columbus, OH, 43232",2780,CITIZENS PL,A,Columbus,OH,43232,"census-confirmed apartment unit; residential inferred (unit), not auditor-verified"
"5415 YORKSHIRE TERRACE DR 5C, Columbus, OH, 43232",5415,YORKSHIRE TERRACE DR,5C,Columbus,OH,43232,"census-confirmed apartment unit; residential inferred (unit), not auditor-verified"
"4667 REFUGEE RD 2B, Columbus, OH, 43232",4667,REFUGEE RD,2B,Columbus,OH,43232,"census-confirmed apartment unit; residential inferred (unit), not auditor-verified"
"5052 COVENTRY CT N D, Columbus, OH, 43232",5052,COVENTRY CT N,D,Columbus,OH,43232,"census-confirmed apartment unit; residential inferred (unit), not auditor-verified"
"5415 YORKSHIRE TERRACE DR 6B, Columbus, OH, 43232",5415,YORKSHIRE TERRACE DR,6B,Columbus,OH,43232,"census-confirmed apartment unit; residential inferred (unit), not auditor-verified"
"5637 HIBERNIA DR A, Columbus, OH, 43232",5637,HIBERNIA DR,A,Columbus,OH,43232,"census-confirmed apartment unit; residential inferred (unit), not auditor-verified"
"2853 CITIZENS PL H, Columbus, OH, 43232",2853,CITIZENS PL,H,Columbus,OH,43232,"census-confirmed apartment unit; residential inferred (unit), not auditor-verified"
"5653 HIBERNIA DR A, Columbus, OH, 43232",5653,HIBERNIA DR,A,Columbus,OH,43232,"census-confirmed apartment unit; residential inferred (unit), not auditor-verified"
"5427 LONSDALE PL S UNIT A, Columbus, OH, 43232",5427,LONSDALE PL S,UNIT A,Columbus,OH,43232,"census-confirmed apartment unit; residential inferred (unit), not auditor-verified"
"4611 REFUGEE RD 1A, Columbus, OH, 43232",4611,REFUGEE RD,1A,Columbus,OH,43232,"census-confirmed apartment unit; residential inferred (unit), not auditor-verified"
"2510 KIMBERLY PKWY E UNIT 106, Columbus, OH, 43232",2510,KIMBERLY PKWY E,UNIT 106,Columbus,OH,43232,"census-confirmed apartment unit; residential inferred (unit), not auditor-verified"
"5585 AUTUMN CHASE DR A, Columbus, OH, 43232",5585,AUTUMN CHASE DR,A,Columbus,OH,43232,"census-confirmed apartment unit; residential inferred (unit), not auditor-verified"
"4616 HEBRIDES DR C, Columbus, OH, 43232",4616,HEBRIDES DR,C,Columbus,OH,43232,"census-confirmed apartment unit; residential inferred (unit), not auditor-verified"
"4800 LARAINE CT 102, Columbus, OH, 43232",4800,LARAINE CT,102,Columbus,OH,43232,"census-confirmed apartment unit; residential inferred (unit), not auditor-verified"
"5119 CEDAR DR M, Columbus, OH, 43232",5119,CEDAR DR,M,Columbus,OH,43232,"census-confirmed apartment unit; residential inferred (unit), not auditor-verified"
"4582 MANDEVILLE CT C, Columbus, OH, 43232",4582,MANDEVILLE CT,C,Columbus,OH,43232,"census-confirmed apartment unit; residential inferred (unit), not auditor-verified"
"2788 CITIZENS PL D, Columbus, OH, 43232",2788,CITIZENS PL,D,Columbus,OH,43232,"census-confirmed apartment unit; residential inferred (unit), not auditor-verified"
"5119 CEDAR DR E, Columbus, OH, 43232",5119,CEDAR DR,E,Columbus,OH,43232,"census-confirmed apartment unit; residential inferred (unit), not auditor-verified"
"2845 CITIZENS PL C, Columbus, OH, 43232",2845,CITIZENS PL,C,Columbus,OH,43232,"census-confirmed apartment unit; residential inferred (unit), not auditor-verified"
"2786 CITIZENS PL E, Columbus, OH, 43232",2786,CITIZENS PL,E,Columbus,OH,43232,"census-confirmed apartment unit; residential inferred (unit), not auditor-verified"
"4630 HILTON CORPORATE DR 104, Columbus, OH, 43232",4630,HILTON CORPORATE DR,104,Columbus,OH,43232,"census-confirmed apartment unit; residential inferred (unit), not auditor-verified"
"5530 DUNFIELD LN 3, Columbus, OH, 43232",5530,DUNFIELD LN,3,Columbus,OH,43232,"census-confirmed apartment unit; residential inferred (unit), not auditor-verified"
"4822 REFUGEE RD C, Columbus, OH, 43232",4822,REFUGEE RD,C,Columbus,OH,43232,"census-confirmed apartment unit; residential inferred (unit), not auditor-verified"
"4669 REFUGEE RD 2G, Columbus, OH, 43232",4669,REFUGEE RD,2G,Columbus,OH,43232,"census-confirmed apartment unit; residential inferred (unit), not auditor-verified"
"2207 COURTSIDE DR B, Columbus, OH, 43232",2207,COURTSIDE DR,B,Columbus,OH,43232,"census-confirmed apartment unit; residential inferred (unit), not auditor-verified"
"5521 CANTARA PL 6, Columbus, OH, 43232",5521,CANTARA PL,6,Columbus,OH,43232,"census-confirmed apartment unit; residential inferred (unit), not auditor-verified"
"4671 REFUGEE RD 3C, Columbus, OH, 43232",4671,REFUGEE RD,3C,Columbus,OH,43232,"census-confirmed apartment unit; residential inferred (unit), not auditor-verified"
"4678 FENIMORE CT D, Columbus, OH, 43232",4678,FENIMORE CT,D,Columbus,OH,43232,"census-confirmed apartment unit; residential inferred (unit), not auditor-verified"
"4630 HILTON CORPORATE DR 110, Columbus, OH, 43232",4630,HILTON CORPORATE DR,110,Columbus,OH,43232,"census-confirmed apartment unit; residential inferred (unit), not auditor-verified"
"5381 YORKSHIRE TERRACE DR 2A, Columbus, OH, 43232",5381,YORKSHIRE TERRACE DR,2A,Columbus,OH,43232,"census-confirmed apartment unit; residential inferred (unit), not auditor-verified"
"2720 BRANDY DR 204, Columbus, OH, 43232",2720,BRANDY DR,204,Columbus,OH,43232,"census-confirmed apartment unit; residential inferred (unit), not auditor-verified"
"4573 MONMOUTH CT 212, Columbus, OH, 43232",4573,MONMOUTH CT,212,Columbus,OH,43232,"census-confirmed apartment unit; residential inferred (unit), not auditor-verified"
"5792 HIBERNIA DR C, Columbus, OH, 43232",5792,HIBERNIA DR,C,Columbus,OH,43232,"census-confirmed apartment unit; residential inferred (unit), not auditor-verified"
"4520 LAKE SIDE S D, Columbus, OH, 43232",4520,LAKE SIDE S,D,Columbus,OH,43232,"census-confirmed apartment unit; residential inferred (unit), not auditor-verified"
"2912 MERRYMOUNT CT C, Columbus, OH, 43232",2912,MERRYMOUNT CT,C,Columbus,OH,43232,"census-confirmed apartment unit; residential inferred (unit), not auditor-verified"
"5330 YORKSHIRE TERRACE DR B12, Columbus, OH, 43232",5330,YORKSHIRE TERRACE DR,B12,Columbus,OH,43232,"census-confirmed apartment unit; residential inferred (unit), not auditor-verified"
"2797 TENNYSON BLVD C, Columbus, OH, 43232",2797,TENNYSON BLVD,C,Columbus,OH,43232,"census-confirmed apartment unit; residential inferred (unit), not auditor-verified"
"5121 CEDAR DR C, Columbus, OH, 43232",5121,CEDAR DR,C,Columbus,OH,43232,"census-confirmed apartment unit; residential inferred (unit), not auditor-verified"
"5624 HIBERNIA DR C, Columbus, OH, 43232",5624,HIBERNIA DR,C,Columbus,OH,43232,"census-confirmed apartment unit; residential inferred (unit), not auditor-verified"
"2853 CITIZENS PL C, Columbus, OH, 43232",2853,CITIZENS PL,C,Columbus,OH,43232,"census-confirmed apartment unit; residential inferred (unit), not auditor-verified"
"2371 SHORE BLVD E H, Columbus, OH, 43232",2371,SHORE BLVD E,H,Columbus,OH,43232,"census-confirmed apartment unit; residential inferred (unit), not auditor-verified"
"2855 CITIZENS PL D, Columbus, OH, 43232",2855,CITIZENS PL,D,Columbus,OH,43232,"census-confirmed apartment unit; residential inferred (unit), not auditor-verified"
"2894 MERRYMOUNT CT B, Columbus, OH, 43232",2894,MERRYMOUNT CT,B,Columbus,OH,43232,"census-confirmed apartment unit; residential inferred (unit), not auditor-verified"
"2744 BRANDY DR 203, Columbus, OH, 43232",2744,BRANDY DR,203,Columbus,OH,43232,"census-confirmed apartment unit; residential inferred (unit), not auditor-verified"
"5788 HIBERNIA DR A, Columbus, OH, 43232",5788,HIBERNIA DR,A,Columbus,OH,43232,"census-confirmed apartment unit; residential inferred (unit), not auditor-verified"
"5200 CEDAR DR D, Columbus, OH, 43232",5200,CEDAR DR,D,Columbus,OH,43232,"census-confirmed apartment unit; residential inferred (unit), not auditor-verified"
"4680 FENIMORE CT B, Columbus, OH, 43232",4680,FENIMORE CT,B,Columbus,OH,43232,"census-confirmed apartment unit; residential inferred (unit), not auditor-verified"
"2740 CITIZENS PL E, Columbus, OH, 43232",2740,CITIZENS PL,E,Columbus,OH,43232,"census-confirmed apartment unit; residential inferred (unit), not auditor-verified"
"4599 REFUGEE RD 2A, Columbus, OH, 43232",4599,REFUGEE RD,2A,Columbus,OH,43232,"census-confirmed apartment unit; residential inferred (unit), not auditor-verified"
"2231 COURTSIDE DR D, Columbus, OH, 43232",2231,COURTSIDE DR,D,Columbus,OH,43232,"census-confirmed apartment unit; residential inferred (unit), not auditor-verified"
"4617 REFUGEE RD 1C, Columbus, OH, 43232",4617,REFUGEE RD,1C,Columbus,OH,43232,"census-confirmed apartment unit; residential inferred (unit), not auditor-verified"
"5605 AUTUMN CHASE DR B, Columbus, OH, 43232",5605,AUTUMN CHASE DR,B,Columbus,OH,43232,"census-confirmed apartment unit; residential inferred (unit), not auditor-verified"
"5603 HIBERNIA DR A, Columbus, OH, 43232",5603,HIBERNIA DR,A,Columbus,OH,43232,"census-confirmed apartment unit; residential inferred (unit), not auditor-verified"
"5880 YORKLAND CT UNIT K, Columbus, OH, 43232",5880,YORKLAND CT,UNIT K,Columbus,OH,43232,"census-confirmed apartment unit; residential inferred (unit), not auditor-verified"
"4615 WORDSWORTH CT C, Columbus, OH, 43232",4615,WORDSWORTH CT,C,Columbus,OH,43232,"census-confirmed apartment unit; residential inferred (unit), not auditor-verified"
"2431 SHORE BLVD E I, Columbus, OH, 43232",2431,SHORE BLVD E,I,Columbus,OH,43232,"census-confirmed apartment unit; residential inferred (unit), not auditor-verified"
"4650 HILTON CORPORATE DR 111, Columbus, OH, 43232",4650,HILTON CORPORATE DR,111,Columbus,OH,43232,"census-confirmed apartment unit; residential inferred (unit), not auditor-verified"
"4665 REFUGEE RD 3H, Columbus, OH, 43232",4665,REFUGEE RD,3H,Columbus,OH,43232,"census-confirmed apartment unit; residential inferred (unit), not auditor-verified"
"5435 LONSDALE PL N UNIT A, Columbus, OH, 43232",5435,LONSDALE PL N,UNIT A,Columbus,OH,43232,"census-confirmed apartment unit; residential inferred (unit), not auditor-verified"
"5720 HIBERNIA DR B, Columbus, OH, 43232",5720,HIBERNIA DR,B,Columbus,OH,43232,"census-confirmed apartment unit; residential inferred (unit), not auditor-verified"
"5739 HIBERNIA DR A, Columbus, OH, 43232",5739,HIBERNIA DR,A,Columbus,OH,43232,"census-confirmed apartment unit; residential inferred (unit), not auditor-verified"
"4659 REFUGEE RD 1E, Columbus, OH, 43232",4659,REFUGEE RD,1E,Columbus,OH,43232,"census-confirmed apartment unit; residential inferred (unit), not auditor-verified"
"4667 REFUGEE RD 3A, Columbus, OH, 43232",4667,REFUGEE RD,3A,Columbus,OH,43232,"census-confirmed apartment unit; residential inferred (unit), not auditor-verified"
"5556 AUTUMN CHASE DR A, Columbus, OH, 43232",5556,AUTUMN CHASE DR,A,Columbus,OH,43232,"census-confirmed apartment unit; residential inferred (unit), not auditor-verified"
"5330 YORKSHIRE TERRACE DR B2, Columbus, OH, 43232",5330,YORKSHIRE TERRACE DR,B2,Columbus,OH,43232,"census-confirmed apartment unit; residential inferred (unit), not auditor-verified"
"1754 LONSDALE PL E UNIT B, Columbus, OH, 43232",1754,LONSDALE PL E,UNIT B,Columbus,OH,43232,"census-confirmed apartment unit; residential inferred (unit), not auditor-verified"
"5583 HIBERNIA DR A, Columbus, OH, 43232",5583,HIBERNIA DR,A,Columbus,OH,43232,"census-confirmed apartment unit; residential inferred (unit), not auditor-verified"
"2810 CITIZENS PL B, Columbus, OH, 43232",2810,CITIZENS PL,B,Columbus,OH,43232,"census-confirmed apartment unit; residential inferred (unit), not auditor-verified"
"4650 HILTON CORPORATE DR 306, Columbus, OH, 43232",4650,HILTON CORPORATE DR,306,Columbus,OH,43232,"census-confirmed apartment unit; residential inferred (unit), not auditor-verified"
"5123 CEDAR DR E, Columbus, OH, 43232",5123,CEDAR DR,E,Columbus,OH,43232,"census-confirmed apartment unit; residential inferred (unit), not auditor-verified"
"2784 MARWOOD CT A, Columbus, OH, 43232",2784,MARWOOD CT,A,Columbus,OH,43232,"census-confirmed apartment unit; residential inferred (unit), not auditor-verified"
"2205 COURTSIDE DR G, Columbus, OH, 43232",2205,COURTSIDE DR,G,Columbus,OH,43232,"census-confirmed apartment unit; residential inferred (unit), not auditor-verified"
"5628 HIBERNIA DR A, Columbus, OH, 43232",5628,HIBERNIA DR,A,Columbus,OH,43232,"census-confirmed apartment unit; residential inferred (unit), not auditor-verified"
"4774 LARAINE CT 201, Columbus, OH, 43232",4774,LARAINE CT,201,Columbus,OH,43232,"census-confirmed apartment unit; residential inferred (unit), not auditor-verified"
"2740 CITIZENS PL D, Columbus, OH, 43232",2740,CITIZENS PL,D,Columbus,OH,43232,"census-confirmed apartment unit; residential inferred (unit), not auditor-verified"
"2776 CITIZENS PL C, Columbus, OH, 43232",2776,CITIZENS PL,C,Columbus,OH,43232,"census-confirmed apartment unit; residential inferred (unit), not auditor-verified"
"2748 CITIZENS PL B, Columbus, OH, 43232",2748,CITIZENS PL,B,Columbus,OH,43232,"census-confirmed apartment unit; residential inferred (unit), not auditor-verified"
"5097 CEDAR DR B, Columbus, OH, 43232",5097,CEDAR DR,B,Columbus,OH,43232,"census-confirmed apartment unit; residential inferred (unit), not auditor-verified"
"4774 LARAINE CT 203, Columbus, OH, 43232",4774,LARAINE CT,203,Columbus,OH,43232,"census-confirmed apartment unit; residential inferred (unit), not auditor-verified"
"5121 CEDAR DR L, Columbus, OH, 43232",5121,CEDAR DR,L,Columbus,OH,43232,"census-confirmed apartment unit; residential inferred (unit), not auditor-verified"
"5321 YORKSHIRE TERRACE DR B, Columbus, OH, 43232",5321,YORKSHIRE TERRACE DR,B,Columbus,OH,43232,"census-confirmed apartment unit; residential inferred (unit), not auditor-verified"
"2798 MARWOOD CT C, Columbus, OH, 43232",2798,MARWOOD CT,C,Columbus,OH,43232,"census-confirmed apartment unit; residential inferred (unit), not auditor-verified"
"2391 SHORE BLVD E D, Columbus, OH, 43232",2391,SHORE BLVD E,D,Columbus,OH,43232,"census-confirmed apartment unit; residential inferred (unit), not auditor-verified"
"4599 REFUGEE RD 3A, Columbus, OH, 43232",4599,REFUGEE RD,3A,Columbus,OH,43232,"census-confirmed apartment unit; residential inferred (unit), not auditor-verified"
"2824 CITIZENS PL D, Columbus, OH, 43232",2824,CITIZENS PL,D,Columbus,OH,43232,"census-confirmed apartment unit; residential inferred (unit), not auditor-verified"
"5545 CANTARA PL 5, Columbus, OH, 43232",5545,CANTARA PL,5,Columbus,OH,43232,"census-confirmed apartment unit; residential inferred (unit), not auditor-verified"
"2935 TENNYSON BLVD D, Columbus, OH, 43232",2935,TENNYSON BLVD,D,Columbus,OH,43232,"census-confirmed apartment unit; residential inferred (unit), not auditor-verified"
"4649 COLERIDGE CT D, Columbus, OH, 43232",4649,COLERIDGE CT,D,Columbus,OH,43232,"census-confirmed apartment unit; residential inferred (unit), not auditor-verified"
"5435 LONSDALE PL N UNIT B, Columbus, OH, 43232",5435,LONSDALE PL N,UNIT B,Columbus,OH,43232,"census-confirmed apartment unit; residential inferred (unit), not auditor-verified"
"4564 ISINGTON CT 203, Columbus, OH, 43232",4564,ISINGTON CT,203,Columbus,OH,43232,"census-confirmed apartment unit; residential inferred (unit), not auditor-verified"
"2510 KIMBERLY PKWY E 208, Columbus, OH, 43232",2510,KIMBERLY PKWY E,208,Columbus,OH,43232,"census-confirmed apartment unit; residential inferred (unit), not auditor-verified"
"2824 TENNYSON BLVD A, Columbus, OH, 43232",2824,TENNYSON BLVD,A,Columbus,OH,43232,"census-confirmed apartment unit; residential inferred (unit), not auditor-verified"
"2802 CITIZENS PL G, Columbus, OH, 43232",2802,CITIZENS PL,G,Columbus,OH,43232,"census-confirmed apartment unit; residential inferred (unit), not auditor-verified"
"2851 CITIZENS PL D, Columbus, OH, 43232",2851,CITIZENS PL,D,Columbus,OH,43232,"census-confirmed apartment unit; residential inferred (unit), not auditor-verified"
"1759 LONSDALE PL E UNIT D, Columbus, OH, 43232",1759,LONSDALE PL E,UNIT D,Columbus,OH,43232,"census-confirmed apartment unit; residential inferred (unit), not auditor-verified"
"4624 CHANNING TER D, Columbus, OH, 43232",4624,CHANNING TER,D,Columbus,OH,43232,"census-confirmed apartment unit; residential inferred (unit), not auditor-verified"
"4615 REFUGEE RD 2F, Columbus, OH, 43232",4615,REFUGEE RD,2F,Columbus,OH,43232,"census-confirmed apartment unit; residential inferred (unit), not auditor-verified"
"4665 REFUGEE RD 1I, Columbus, OH, 43232",4665,REFUGEE RD,1I,Columbus,OH,43232,"census-confirmed apartment unit; residential inferred (unit), not auditor-verified"
"4599 REFUGEE RD 1A, Columbus, OH, 43232",4599,REFUGEE RD,1A,Columbus,OH,43232,"census-confirmed apartment unit; residential inferred (unit), not auditor-verified"
"4642 HEBRIDES DR C, Columbus, OH, 43232",4642,HEBRIDES DR,C,Columbus,OH,43232,"census-confirmed apartment unit; residential inferred (unit), not auditor-verified"
"3595 REFUGEE RD CATV, Columbus, OH, 43232",3595,REFUGEE RD,CATV,Columbus,OH,43232,"census-confirmed apartment unit; residential inferred (unit), not auditor-verified"
"5516 DUNFIELD LN 3, Columbus, OH, 43232",5516,DUNFIELD LN,3,Columbus,OH,43232,"census-confirmed apartment unit; residential inferred (unit), not auditor-verified"
"2449 SHORE BLVD E C, Columbus, OH, 43232",2449,SHORE BLVD E,C,Columbus,OH,43232,"census-confirmed apartment unit; residential inferred (unit), not auditor-verified"
"4798 LARAINE CT 104, Columbus, OH, 43232",4798,LARAINE CT,104,Columbus,OH,43232,"census-confirmed apartment unit; residential inferred (unit), not auditor-verified"
"2820 WYMAN CT B, Columbus, OH, 43232",2820,WYMAN CT,B,Columbus,OH,43232,"census-confirmed apartment unit; residential inferred (unit), not auditor-verified"
"5145 CEDAR DR F, Columbus, OH, 43232",5145,CEDAR DR,F,Columbus,OH,43232,"census-confirmed apartment unit; residential inferred (unit), not auditor-verified"
"2927 TENNYSON BLVD D, Columbus, OH, 43232",2927,TENNYSON BLVD,D,Columbus,OH,43232,"census-confirmed apartment unit; residential inferred (unit), not auditor-verified"
"5453 LONSDALE PL S UNIT C, Columbus, OH, 43232",5453,LONSDALE PL S,UNIT C,Columbus,OH,43232,"census-confirmed apartment unit; residential inferred (unit), not auditor-verified"
"4617 REFUGEE RD 3A, Columbus, OH, 43232",4617,REFUGEE RD,3A,Columbus,OH,43232,"census-confirmed apartment unit; residential inferred (unit), not auditor-verified"
"2785 MARWOOD CT A, Columbus, OH, 43232",2785,MARWOOD CT,A,Columbus,OH,43232,"census-confirmed apartment unit; residential inferred (unit), not auditor-verified"
"2087 LAKE CLUB TER B, Columbus, OH, 43232",2087,LAKE CLUB TER,B,Columbus,OH,43232,"census-confirmed apartment unit; residential inferred (unit), not auditor-verified"
"4630 HILTON CORPORATE DR 206, Columbus, OH, 43232",4630,HILTON CORPORATE DR,206,Columbus,OH,43232,"census-confirmed apartment unit; residential inferred (unit), not auditor-verified"
"4603 REFUGEE RD 1E, Columbus, OH, 43232",4603,REFUGEE RD,1E,Columbus,OH,43232,"census-confirmed apartment unit; residential inferred (unit), not auditor-verified"
"4582 MANDEVILLE CT D, Columbus, OH, 43232",4582,MANDEVILLE CT,D,Columbus,OH,43232,"census-confirmed apartment unit; residential inferred (unit), not auditor-verified"
"1285 YORKLAND RD UNIT C, Columbus, OH, 43232",1285,YORKLAND RD,UNIT C,Columbus,OH,43232,"census-confirmed apartment unit; residential inferred (unit), not auditor-verified"
"2784 CITIZENS PL C, Columbus, OH, 43232",2784,CITIZENS PL,C,Columbus,OH,43232,"census-confirmed apartment unit; residential inferred (unit), not auditor-verified"
"2401 SHORE BLVD E D, Columbus, OH, 43232",2401,SHORE BLVD E,D,Columbus,OH,43232,"census-confirmed apartment unit; residential inferred (unit), not auditor-verified"
"5533 CANTARA PL 5, Columbus, OH, 43232",5533,CANTARA PL,5,Columbus,OH,43232,"census-confirmed apartment unit; residential inferred (unit), not auditor-verified"
"5567 HIBERNIA DR C, Columbus, OH, 43232",5567,HIBERNIA DR,C,Columbus,OH,43232,"census-confirmed apartment unit; residential inferred (unit), not auditor-verified"
"5413 LONSDALE PL S UNIT A, Columbus, OH, 43232",5413,LONSDALE PL S,UNIT A,Columbus,OH,43232,"census-confirmed apartment unit; residential inferred (unit), not auditor-verified"
"2826 TENNYSON BLVD B, Columbus, OH, 43232",2826,TENNYSON BLVD,B,Columbus,OH,43232,"census-confirmed apartment unit; residential inferred (unit), not auditor-verified"
"4599 MONMOUTH CT 207, Columbus, OH, 43232",4599,MONMOUTH CT,207,Columbus,OH,43232,"census-confirmed apartment unit; residential inferred (unit), not auditor-verified"
"4603 REFUGEE RD 2E, Columbus, OH, 43232",4603,REFUGEE RD,2E,Columbus,OH,43232,"census-confirmed apartment unit; residential inferred (unit), not auditor-verified"
"2510 KIMBERLY PKWY E UNIT 104, Columbus, OH, 43232",2510,KIMBERLY PKWY E,UNIT 104,Columbus,OH,43232,"census-confirmed apartment unit; residential inferred (unit), not auditor-verified"
"2780 CITIZENS PL C, Columbus, OH, 43232",2780,CITIZENS PL,C,Columbus,OH,43232,"census-confirmed apartment unit; residential inferred (unit), not auditor-verified"
"5652 HIBERNIA DR C, Columbus, OH, 43232",5652,HIBERNIA DR,C,Columbus,OH,43232,"census-confirmed apartment unit; residential inferred (unit), not auditor-verified"
"5345 YORKSHIRE TERRACE DR C, Columbus, OH, 43232",5345,YORKSHIRE TERRACE DR,C,Columbus,OH,43232,"census-confirmed apartment unit; residential inferred (unit), not auditor-verified"
"5548 AUTUMN CHASE DR B, Columbus, OH, 43232",5548,AUTUMN CHASE DR,B,Columbus,OH,43232,"census-confirmed apartment unit; residential inferred (unit), not auditor-verified"
"4571 HEMINGWAY CT A, Columbus, OH, 43232",4571,HEMINGWAY CT,A,Columbus,OH,43232,"census-confirmed apartment unit; residential inferred (unit), not auditor-verified"
"4557 LAKE SIDE S B, Columbus, OH, 43232",4557,LAKE SIDE S,B,Columbus,OH,43232,"census-confirmed apartment unit; residential inferred (unit), not auditor-verified"
"5490 DUNFIELD LN 2, Columbus, OH, 43232",5490,DUNFIELD LN,2,Columbus,OH,43232,"census-confirmed apartment unit; residential inferred (unit), not auditor-verified"
"5427 YORKSHIRE TERRACE DR 5B, Columbus, OH, 43232",5427,YORKSHIRE TERRACE DR,5B,Columbus,OH,43232,"census-confirmed apartment unit; residential inferred (unit), not auditor-verified"
"1870 COVENTRY CT A, Columbus, OH, 43232",1870,COVENTRY CT,A,Columbus,OH,43232,"census-confirmed apartment unit; residential inferred (unit), not auditor-verified"
"4788 ROLLINGBROOK LN A, Columbus, OH, 43232",4788,ROLLINGBROOK LN,A,Columbus,OH,43232,"census-confirmed apartment unit; residential inferred (unit), not auditor-verified"
"2828 TENNYSON BLVD D, Columbus, OH, 43232",2828,TENNYSON BLVD,D,Columbus,OH,43232,"census-confirmed apartment unit; residential inferred (unit), not auditor-verified"
"4520 LAKE SIDE N A, Columbus, OH, 43232",4520,LAKE SIDE N,A,Columbus,OH,43232,"census-confirmed apartment unit; residential inferred (unit), not auditor-verified"
"4659 REFUGEE RD 1D, Columbus, OH, 43232",4659,REFUGEE RD,1D,Columbus,OH,43232,"census-confirmed apartment unit; residential inferred (unit), not auditor-verified"
"5427 YORKSHIRE TERRACE DR 1A, Columbus, OH, 43232",5427,YORKSHIRE TERRACE DR,1A,Columbus,OH,43232,"census-confirmed apartment unit; residential inferred (unit), not auditor-verified"
"2735 TENNYSON BLVD A, Columbus, OH, 43232",2735,TENNYSON BLVD,A,Columbus,OH,43232,"census-confirmed apartment unit; residential inferred (unit), not auditor-verified"
"2810 NEWCASTLE CT 205, Columbus, OH, 43232",2810,NEWCASTLE CT,205,Columbus,OH,43232,"census-confirmed apartment unit; residential inferred (unit), not auditor-verified"
"4669 REFUGEE RD 2H, Columbus, OH, 43232",4669,REFUGEE RD,2H,Columbus,OH,43232,"census-confirmed apartment unit; residential inferred (unit), not auditor-verified"
"2225 COURTSIDE DR F, Columbus, OH, 43232",2225,COURTSIDE DR,F,Columbus,OH,43232,"census-confirmed apartment unit; residential inferred (unit), not auditor-verified"
"2093 LAKE CLUB TER F, Columbus, OH, 43232",2093,LAKE CLUB TER,F,Columbus,OH,43232,"census-confirmed apartment unit; residential inferred (unit), not auditor-verified"
"5016 COVENTRY DR B, Columbus, OH, 43232",5016,COVENTRY DR,B,Columbus,OH,43232,"census-confirmed apartment unit; residential inferred (unit), not auditor-verified"
"2087 LAKE CLUB TER D, Columbus, OH, 43232",2087,LAKE CLUB TER,D,Columbus,OH,43232,"census-confirmed apartment unit; residential inferred (unit), not auditor-verified"
"4657 REFUGEE RD 2G, Columbus, OH, 43232",4657,REFUGEE RD,2G,Columbus,OH,43232,"census-confirmed apartment unit; residential inferred (unit), not auditor-verified"
"4630 HILTON CORPORATE DR 318, Columbus, OH, 43232",4630,HILTON CORPORATE DR,318,Columbus,OH,43232,"census-confirmed apartment unit; residential inferred (unit), not auditor-verified"
"5333 YORKSHIRE TERRACE DR A, Columbus, OH, 43232",5333,YORKSHIRE TERRACE DR,A,Columbus,OH,43232,"census-confirmed apartment unit; residential inferred (unit), not auditor-verified"
"2810 CITIZENS PL A, Columbus, OH, 43232",2810,CITIZENS PL,A,Columbus,OH,43232,"census-confirmed apartment unit; residential inferred (unit), not auditor-verified"
"5476 LONSDALE PL N UNIT B, Columbus, OH, 43232",5476,LONSDALE PL N,UNIT B,Columbus,OH,43232,"census-confirmed apartment unit; residential inferred (unit), not auditor-verified"
"5202 CEDAR DR E, Columbus, OH, 43232",5202,CEDAR DR,E,Columbus,OH,43232,"census-confirmed apartment unit; residential inferred (unit), not auditor-verified"
"5202 CEDAR DR C, Columbus, OH, 43232",5202,CEDAR DR,C,Columbus,OH,43232,"census-confirmed apartment unit; residential inferred (unit), not auditor-verified"
"4540 LAKE SIDE N D, Columbus, OH, 43232",4540,LAKE SIDE N,D,Columbus,OH,43232,"census-confirmed apartment unit; residential inferred (unit), not auditor-verified"
"2870 WOOLWICH CT 209, Columbus, OH, 43232",2870,WOOLWICH CT,209,Columbus,OH,43232,"census-confirmed apartment unit; residential inferred (unit), not auditor-verified"
"5141 CEDAR DR H, Columbus, OH, 43232",5141,CEDAR DR,H,Columbus,OH,43232,"census-confirmed apartment unit; residential inferred (unit), not auditor-verified"
"4505 LAKE SIDE N A, Columbus, OH, 43232",4505,LAKE SIDE N,A,Columbus,OH,43232,"census-confirmed apartment unit; residential inferred (unit), not auditor-verified"
"2516 SCARBOROUGH SQ 8, Columbus, OH, 43232",2516,SCARBOROUGH SQ,8,Columbus,OH,43232,"census-confirmed apartment unit; residential inferred (unit), not auditor-verified"
"5712 HIBERNIA DR A, Columbus, OH, 43232",5712,HIBERNIA DR,A,Columbus,OH,43232,"census-confirmed apartment unit; residential inferred (unit), not auditor-verified"
"5675 BAIRSFORD CIR N 12, Columbus, OH, 43232",5675,BAIRSFORD CIR N,12,Columbus,OH,43232,"census-confirmed apartment unit; residential inferred (unit), not auditor-verified"
"2784 CITIZENS PL D, Columbus, OH, 43232",2784,CITIZENS PL,D,Columbus,OH,43232,"census-confirmed apartment unit; residential inferred (unit), not auditor-verified"
"2784 CITIZENS PL E, Columbus, OH, 43232",2784,CITIZENS PL,E,Columbus,OH,43232,"census-confirmed apartment unit; residential inferred (unit), not auditor-verified"
"5445 LONSDALE PL N UNIT A, Columbus, OH, 43232",5445,LONSDALE PL N,UNIT A,Columbus,OH,43232,"census-confirmed apartment unit; residential inferred (unit), not auditor-verified"
"2812 TENNYSON BLVD C, Columbus, OH, 43232",2812,TENNYSON BLVD,C,Columbus,OH,43232,"census-confirmed apartment unit; residential inferred (unit), not auditor-verified"
"5522 DUNFIELD LN 4, Columbus, OH, 43232",5522,DUNFIELD LN,4,Columbus,OH,43232,"census-confirmed apartment unit; residential inferred (unit), not auditor-verified"
"5615 AUTUMN CHASE DR A, Columbus, OH, 43232",5615,AUTUMN CHASE DR,A,Columbus,OH,43232,"census-confirmed apartment unit; residential inferred (unit), not auditor-verified"
"2744 CITIZENS PL E, Columbus, OH, 43232",2744,CITIZENS PL,E,Columbus,OH,43232,"census-confirmed apartment unit; residential inferred (unit), not auditor-verified"
"4661 REFUGEE RD 2A, Columbus, OH, 43232",4661,REFUGEE RD,2A,Columbus,OH,43232,"census-confirmed apartment unit; residential inferred (unit), not auditor-verified"
"5552 AUTUMN CHASE DR B, Columbus, OH, 43232",5552,AUTUMN CHASE DR,B,Columbus,OH,43232,"census-confirmed apartment unit; residential inferred (unit), not auditor-verified"
"5560 HIBERNIA DR C, Columbus, OH, 43232",5560,HIBERNIA DR,C,Columbus,OH,43232,"census-confirmed apartment unit; residential inferred (unit), not auditor-verified"
"5739 HIBERNIA DR C, Columbus, OH, 43232",5739,HIBERNIA DR,C,Columbus,OH,43232,"census-confirmed apartment unit; residential inferred (unit), not auditor-verified"
"2205 COURTSIDE DR A, Columbus, OH, 43232",2205,COURTSIDE DR,A,Columbus,OH,43232,"census-confirmed apartment unit; residential inferred (unit), not auditor-verified"
"4603 REFUGEE RD 3A, Columbus, OH, 43232",4603,REFUGEE RD,3A,Columbus,OH,43232,"census-confirmed apartment unit; residential inferred (unit), not auditor-verified"
"4630 HILTON CORPORATE DR 310, Columbus, OH, 43232",4630,HILTON CORPORATE DR,310,Columbus,OH,43232,"census-confirmed apartment unit; residential inferred (unit), not auditor-verified"
"2784 CITIZENS PL F, Columbus, OH, 43232",2784,CITIZENS PL,F,Columbus,OH,43232,"census-confirmed apartment unit; residential inferred (unit), not auditor-verified"
"2740 EASTLAND MALL UNIT A, Columbus, OH, 43232",2740,EASTLAND MALL,UNIT A,Columbus,OH,43232,"census-confirmed apartment unit; residential inferred (unit), not auditor-verified"
"2242 S HAMILTON RD 103, Columbus, OH, 43232",2242,S HAMILTON RD,103,Columbus,OH,43232,"census-confirmed apartment unit; residential inferred (unit), not auditor-verified"
"4576 MANDEVILLE CT B, Columbus, OH, 43232",4576,MANDEVILLE CT,B,Columbus,OH,43232,"census-confirmed apartment unit; residential inferred (unit), not auditor-verified"
"4611 WORDSWORTH CT A, Columbus, OH, 43232",4611,WORDSWORTH CT,A,Columbus,OH,43232,"census-confirmed apartment unit; residential inferred (unit), not auditor-verified"
"2899 TENNYSON BLVD A, Columbus, OH, 43232",2899,TENNYSON BLVD,A,Columbus,OH,43232,"census-confirmed apartment unit; residential inferred (unit), not auditor-verified"
"4612 CHANNING TER B, Columbus, OH, 43232",4612,CHANNING TER,B,Columbus,OH,43232,"census-confirmed apartment unit; residential inferred (unit), not auditor-verified"
"5751 HIBERNIA DR B, Columbus, OH, 43232",5751,HIBERNIA DR,B,Columbus,OH,43232,"census-confirmed apartment unit; residential inferred (unit), not auditor-verified"
"4564 ISINGTON CT 201, Columbus, OH, 43232",4564,ISINGTON CT,201,Columbus,OH,43232,"census-confirmed apartment unit; residential inferred (unit), not auditor-verified"
"4818 LARAINE CT 203, Columbus, OH, 43232",4818,LARAINE CT,203,Columbus,OH,43232,"census-confirmed apartment unit; residential inferred (unit), not auditor-verified"
"5525 CANTARA PL 5, Columbus, OH, 43232",5525,CANTARA PL,5,Columbus,OH,43232,"census-confirmed apartment unit; residential inferred (unit), not auditor-verified"
"5661 HIBERNIA DR A, Columbus, OH, 43232",5661,HIBERNIA DR,A,Columbus,OH,43232,"census-confirmed apartment unit; residential inferred (unit), not auditor-verified"
"2881 TENNYSON BLVD 109, Columbus, OH, 43232",2881,TENNYSON BLVD,109,Columbus,OH,43232,"census-confirmed apartment unit; residential inferred (unit), not auditor-verified"
"5878 YORKLAND CT UNIT M, Columbus, OH, 43232",5878,YORKLAND CT,UNIT M,Columbus,OH,43232,"census-confirmed apartment unit; residential inferred (unit), not auditor-verified"
"2510 KIMBERLY PKWY E UNIT 309, Columbus, OH, 43232",2510,KIMBERLY PKWY E,UNIT 309,Columbus,OH,43232,"census-confirmed apartment unit; residential inferred (unit), not auditor-verified"
"5545 CANTARA PL 3, Columbus, OH, 43232",5545,CANTARA PL,3,Columbus,OH,43232,"census-confirmed apartment unit; residential inferred (unit), not auditor-verified"
"2812 TENNYSON BLVD D, Columbus, OH, 43232",2812,TENNYSON BLVD,D,Columbus,OH,43232,"census-confirmed apartment unit; residential inferred (unit), not auditor-verified"
"5518 DUNFIELD LN 3, Columbus, OH, 43232",5518,DUNFIELD LN,3,Columbus,OH,43232,"census-confirmed apartment unit; residential inferred (unit), not auditor-verified"
"2844 CITIZENS PL B, Columbus, OH, 43232",2844,CITIZENS PL,B,Columbus,OH,43232,"census-confirmed apartment unit; residential inferred (unit), not auditor-verified"
"5734 HIBERNIA DR C, Columbus, OH, 43232",5734,HIBERNIA DR,C,Columbus,OH,43232,"census-confirmed apartment unit; residential inferred (unit), not auditor-verified"
"2087 LAKE CLUB TER E, Columbus, OH, 43232",2087,LAKE CLUB TER,E,Columbus,OH,43232,"census-confirmed apartment unit; residential inferred (unit), not auditor-verified"
"5445 LONSDALE PL N UNIT C, Columbus, OH, 43232",5445,LONSDALE PL N,UNIT C,Columbus,OH,43232,"census-confirmed apartment unit; residential inferred (unit), not auditor-verified"
"5560 AUTUMN CHASE DR A, Columbus, OH, 43232",5560,AUTUMN CHASE DR,A,Columbus,OH,43232,"census-confirmed apartment unit; residential inferred (unit), not auditor-verified"
"4665 REFUGEE RD 3I, Columbus, OH, 43232",4665,REFUGEE RD,3I,Columbus,OH,43232,"census-confirmed apartment unit; residential inferred (unit), not auditor-verified"
"6000 LAKE CLUB CT B, Columbus, OH, 43232",6000,LAKE CLUB CT,B,Columbus,OH,43232,"census-confirmed apartment unit; residential inferred (unit), not auditor-verified"
"2774 CITIZENS PL D, Columbus, OH, 43232",2774,CITIZENS PL,D,Columbus,OH,43232,"census-confirmed apartment unit; residential inferred (unit), not auditor-verified"
"4582 HEMINGWAY CT B, Columbus, OH, 43232",4582,HEMINGWAY CT,B,Columbus,OH,43232,"census-confirmed apartment unit; residential inferred (unit), not auditor-verified"
"5439 LONSDALE PL S UNIT D, Columbus, OH, 43232",5439,LONSDALE PL S,UNIT D,Columbus,OH,43232,"census-confirmed apartment unit; residential inferred (unit), not auditor-verified"
"5842 HALLRIDGE CIR B, Columbus, OH, 43232",5842,HALLRIDGE CIR,B,Columbus,OH,43232,"census-confirmed apartment unit; residential inferred (unit), not auditor-verified"
"2550 SCARBOROUGH SQ 15, Columbus, OH, 43232",2550,SCARBOROUGH SQ,15,Columbus,OH,43232,"census-confirmed apartment unit; residential inferred (unit), not auditor-verified"
"4633 COLERIDGE CT A, Columbus, OH, 43232",4633,COLERIDGE CT,A,Columbus,OH,43232,"census-confirmed apartment unit; residential inferred (unit), not auditor-verified"
"5381 YORKSHIRE TERRACE DR 2B, Columbus, OH, 43232",5381,YORKSHIRE TERRACE DR,2B,Columbus,OH,43232,"census-confirmed apartment unit; residential inferred (unit), not auditor-verified"
"6003 LAKE CLUB CT D, Columbus, OH, 43232",6003,LAKE CLUB CT,D,Columbus,OH,43232,"census-confirmed apartment unit; residential inferred (unit), not auditor-verified"
"4770 LARAINE CT 101, Columbus, OH, 43232",4770,LARAINE CT,101,Columbus,OH,43232,"census-confirmed apartment unit; residential inferred (unit), not auditor-verified"
"4655 REFUGEE RD 3F, Columbus, OH, 43232",4655,REFUGEE RD,3F,Columbus,OH,43232,"census-confirmed apartment unit; residential inferred (unit), not auditor-verified"
"2810 NEWCASTLE CT 204, Columbus, OH, 43232",2810,NEWCASTLE CT,204,Columbus,OH,43232,"census-confirmed apartment unit; residential inferred (unit), not auditor-verified"
"4617 REFUGEE RD 2G, Columbus, OH, 43232",4617,REFUGEE RD,2G,Columbus,OH,43232,"census-confirmed apartment unit; residential inferred (unit), not auditor-verified"
"4615 REFUGEE RD 3B, Columbus, OH, 43232",4615,REFUGEE RD,3B,Columbus,OH,43232,"census-confirmed apartment unit; residential inferred (unit), not auditor-verified"
"2847 CITIZENS PL F, Columbus, OH, 43232",2847,CITIZENS PL,F,Columbus,OH,43232,"census-confirmed apartment unit; residential inferred (unit), not auditor-verified"
"5800 HIBERNIA DR C, Columbus, OH, 43232",5800,HIBERNIA DR,C,Columbus,OH,43232,"census-confirmed apartment unit; residential inferred (unit), not auditor-verified"
"4499 LAKE SIDE S A, Columbus, OH, 43232",4499,LAKE SIDE S,A,Columbus,OH,43232,"census-confirmed apartment unit; residential inferred (unit), not auditor-verified"
"2733 TENNYSON BLVD A, Columbus, OH, 43232",2733,TENNYSON BLVD,A,Columbus,OH,43232,"census-confirmed apartment unit; residential inferred (unit), not auditor-verified"
"5321 YORKSHIRE TERRACE DR A, Columbus, OH, 43232",5321,YORKSHIRE TERRACE DR,A,Columbus,OH,43232,"census-confirmed apartment unit; residential inferred (unit), not auditor-verified"
"5742 HIBERNIA DR A, Columbus, OH, 43232",5742,HIBERNIA DR,A,Columbus,OH,43232,"census-confirmed apartment unit; residential inferred (unit), not auditor-verified"
"4621 REFUGEE RD 2A, Columbus, OH, 43232",4621,REFUGEE RD,2A,Columbus,OH,43232,"census-confirmed apartment unit; residential inferred (unit), not auditor-verified"
"5496 DUNFIELD LN 2, Columbus, OH, 43232",5496,DUNFIELD LN,2,Columbus,OH,43232,"census-confirmed apartment unit; residential inferred (unit), not auditor-verified"
"4525 LAKE SIDE N G, Columbus, OH, 43232",4525,LAKE SIDE N,G,Columbus,OH,43232,"census-confirmed apartment unit; residential inferred (unit), not auditor-verified"
"2902 MERRYMOUNT CT B, Columbus, OH, 43232",2902,MERRYMOUNT CT,B,Columbus,OH,43232,"census-confirmed apartment unit; residential inferred (unit), not auditor-verified"
"2801 MARWOOD CT C, Columbus, OH, 43232",2801,MARWOOD CT,C,Columbus,OH,43232,"census-confirmed apartment unit; residential inferred (unit), not auditor-verified"
"2844 CITIZENS PL A, Columbus, OH, 43232",2844,CITIZENS PL,A,Columbus,OH,43232,"census-confirmed apartment unit; residential inferred (unit), not auditor-verified"
"5200 CEDAR DR G, Columbus, OH, 43232",5200,CEDAR DR,G,Columbus,OH,43232,"census-confirmed apartment unit; residential inferred (unit), not auditor-verified"
"5981 LAKE CLUB SQ H, Columbus, OH, 43232",5981,LAKE CLUB SQ,H,Columbus,OH,43232,"census-confirmed apartment unit; residential inferred (unit), not auditor-verified"
"5475 LONSDALE PL S UNIT A, Columbus, OH, 43232",5475,LONSDALE PL S,UNIT A,Columbus,OH,43232,"census-confirmed apartment unit; residential inferred (unit), not auditor-verified"
"4671 REFUGEE RD 2D, Columbus, OH, 43232",4671,REFUGEE RD,2D,Columbus,OH,43232,"census-confirmed apartment unit; residential inferred (unit), not auditor-verified"
"5636 HIBERNIA DR B, Columbus, OH, 43232",5636,HIBERNIA DR,B,Columbus,OH,43232,"census-confirmed apartment unit; residential inferred (unit), not auditor-verified"
"2750 TENNYSON BLVD B, Columbus, OH, 43232",2750,TENNYSON BLVD,B,Columbus,OH,43232,"census-confirmed apartment unit; residential inferred (unit), not auditor-verified"
"5202 CEDAR DR M, Columbus, OH, 43232",5202,CEDAR DR,M,Columbus,OH,43232,"census-confirmed apartment unit; residential inferred (unit), not auditor-verified"
"4818 LARAINE CT 201, Columbus, OH, 43232",4818,LARAINE CT,201,Columbus,OH,43232,"census-confirmed apartment unit; residential inferred (unit), not auditor-verified"
"3180 ELIM MANOR CT 101, Columbus, OH, 43232",3180,ELIM MANOR CT,101,Columbus,OH,43232,"census-confirmed apartment unit; residential inferred (unit), not auditor-verified"
"2722 TENNYSON BLVD B, Columbus, OH, 43232",2722,TENNYSON BLVD,B,Columbus,OH,43232,"census-confirmed apartment unit; residential inferred (unit), not auditor-verified"
"4798 LARAINE CT 204, Columbus, OH, 43232",4798,LARAINE CT,204,Columbus,OH,43232,"census-confirmed apartment unit; residential inferred (unit), not auditor-verified"
"4545 LAKE SIDE S H, Columbus, OH, 43232",4545,LAKE SIDE S,H,Columbus,OH,43232,"census-confirmed apartment unit; residential inferred (unit), not auditor-verified"
"2847 CITIZENS PL A, Columbus, OH, 43232",2847,CITIZENS PL,A,Columbus,OH,43232,"census-confirmed apartment unit; residential inferred (unit), not auditor-verified"
"4593 REFUGEE RD 2F, Columbus, OH, 43232",4593,REFUGEE RD,2F,Columbus,OH,43232,"census-confirmed apartment unit; residential inferred (unit), not auditor-verified"
"2510 KIMBERLY PKWY E UNIT 205, Columbus, OH, 43232",2510,KIMBERLY PKWY E,UNIT 205,Columbus,OH,43232,"census-confirmed apartment unit; residential inferred (unit), not auditor-verified"
"2213 COURTSIDE DR A, Columbus, OH, 43232",2213,COURTSIDE DR,A,Columbus,OH,43232,"census-confirmed apartment unit; residential inferred (unit), not auditor-verified"
"5484 LONSDALE PL N UNIT A, Columbus, OH, 43232",5484,LONSDALE PL N,UNIT A,Columbus,OH,43232,"census-confirmed apartment unit; residential inferred (unit), not auditor-verified"
"5165 CEDAR DR F, Columbus, OH, 43232",5165,CEDAR DR,F,Columbus,OH,43232,"census-confirmed apartment unit; residential inferred (unit), not auditor-verified"
"5496 DUNFIELD LN 3, Columbus, OH, 43232",5496,DUNFIELD LN,3,Columbus,OH,43232,"census-confirmed apartment unit; residential inferred (unit), not auditor-verified"
"1281 MCNAUGHTEN RD UNIT G, Columbus, OH, 43232",1281,MCNAUGHTEN RD,UNIT G,Columbus,OH,43232,"census-confirmed apartment unit; residential inferred (unit), not auditor-verified"
"5675 BAIRSFORD CIR N 19, Columbus, OH, 43232",5675,BAIRSFORD CIR N,19,Columbus,OH,43232,"census-confirmed apartment unit; residential inferred (unit), not auditor-verified"
"4659 REFUGEE RD 2A, Columbus, OH, 43232",4659,REFUGEE RD,2A,Columbus,OH,43232,"census-confirmed apartment unit; residential inferred (unit), not auditor-verified"
"5393 YORKSHIRE TERRACE DR 2C, Columbus, OH, 43232",5393,YORKSHIRE TERRACE DR,2C,Columbus,OH,43232,"census-confirmed apartment unit; residential inferred (unit), not auditor-verified"
"5563 HIBERNIA DR A, Columbus, OH, 43232",5563,HIBERNIA DR,A,Columbus,OH,43232,"census-confirmed apartment unit; residential inferred (unit), not auditor-verified"
"2776 CITIZENS PL A, Columbus, OH, 43232",2776,CITIZENS PL,A,Columbus,OH,43232,"census-confirmed apartment unit; residential inferred (unit), not auditor-verified"
"5165 CEDAR DR K, Columbus, OH, 43232",5165,CEDAR DR,K,Columbus,OH,43232,"census-confirmed apartment unit; residential inferred (unit), not auditor-verified"
"5633 HIBERNIA DR C, Columbus, OH, 43232",5633,HIBERNIA DR,C,Columbus,OH,43232,"census-confirmed apartment unit; residential inferred (unit), not auditor-verified"
"5381 YORKSHIRE TERRACE DR 6C, Columbus, OH, 43232",5381,YORKSHIRE TERRACE DR,6C,Columbus,OH,43232,"census-confirmed apartment unit; residential inferred (unit), not auditor-verified"
"4615 REFUGEE RD 2D, Columbus, OH, 43232",4615,REFUGEE RD,2D,Columbus,OH,43232,"census-confirmed apartment unit; residential inferred (unit), not auditor-verified"
"1862 COVENTRY LN D, Columbus, OH, 43232",1862,COVENTRY LN,D,Columbus,OH,43232,"census-confirmed apartment unit; residential inferred (unit), not auditor-verified"
"2760 TENNYSON BLVD D, Columbus, OH, 43232",2760,TENNYSON BLVD,D,Columbus,OH,43232,"census-confirmed apartment unit; residential inferred (unit), not auditor-verified"
"4555 LAKE SIDE N A, Columbus, OH, 43232",4555,LAKE SIDE N,A,Columbus,OH,43232,"census-confirmed apartment unit; residential inferred (unit), not auditor-verified"
"2859 CITIZENS PL A, Columbus, OH, 43232",2859,CITIZENS PL,A,Columbus,OH,43232,"census-confirmed apartment unit; residential inferred (unit), not auditor-verified"
"4826 LARAINE CT 104, Columbus, OH, 43232",4826,LARAINE CT,104,Columbus,OH,43232,"census-confirmed apartment unit; residential inferred (unit), not auditor-verified"
"2886 TENNYSON BLVD B, Columbus, OH, 43232",2886,TENNYSON BLVD,B,Columbus,OH,43232,"census-confirmed apartment unit; residential inferred (unit), not auditor-verified"
"5097 CEDAR DR G, Columbus, OH, 43232",5097,CEDAR DR,G,Columbus,OH,43232,"census-confirmed apartment unit; residential inferred (unit), not auditor-verified"
"2817 CITIZENS PL A, Columbus, OH, 43232",2817,CITIZENS PL,A,Columbus,OH,43232,"census-confirmed apartment unit; residential inferred (unit), not auditor-verified"
"2880 NATHANIEL BLVD B, Columbus, OH, 43232",2880,NATHANIEL BLVD,B,Columbus,OH,43232,"census-confirmed apartment unit; residential inferred (unit), not auditor-verified"
"3180 ELIM MANOR CT 218, Columbus, OH, 43232",3180,ELIM MANOR CT,218,Columbus,OH,43232,"census-confirmed apartment unit; residential inferred (unit), not auditor-verified"
"3180 ELIM MANOR CT 224, Columbus, OH, 43232",3180,ELIM MANOR CT,224,Columbus,OH,43232,"census-confirmed apartment unit; residential inferred (unit), not auditor-verified"
"2860 CITIZENS PL G, Columbus, OH, 43232",2860,CITIZENS PL,G,Columbus,OH,43232,"census-confirmed apartment unit; residential inferred (unit), not auditor-verified"
"5522 DUNFIELD LN 5, Columbus, OH, 43232",5522,DUNFIELD LN,5,Columbus,OH,43232,"census-confirmed apartment unit; residential inferred (unit), not auditor-verified"
"2881 TENNYSON BLVD 111, Columbus, OH, 43232",2881,TENNYSON BLVD,111,Columbus,OH,43232,"census-confirmed apartment unit; residential inferred (unit), not auditor-verified"
"2810 CITIZENS PL F, Columbus, OH, 43232",2810,CITIZENS PL,F,Columbus,OH,43232,"census-confirmed apartment unit; residential inferred (unit), not auditor-verified"
"4560 LAKE SIDE N D, Columbus, OH, 43232",4560,LAKE SIDE N,D,Columbus,OH,43232,"census-confirmed apartment unit; residential inferred (unit), not auditor-verified"
"4650 HILTON CORPORATE DR 107, Columbus, OH, 43232",4650,HILTON CORPORATE DR,107,Columbus,OH,43232,"census-confirmed apartment unit; residential inferred (unit), not auditor-verified"
"2824 CITIZENS PL A, Columbus, OH, 43232",2824,CITIZENS PL,A,Columbus,OH,43232,"census-confirmed apartment unit; residential inferred (unit), not auditor-verified"
"5653 HIBERNIA DR C, Columbus, OH, 43232",5653,HIBERNIA DR,C,Columbus,OH,43232,"census-confirmed apartment unit; residential inferred (unit), not auditor-verified"
"5575 HIBERNIA DR A, Columbus, OH, 43232",5575,HIBERNIA DR,A,Columbus,OH,43232,"census-confirmed apartment unit; residential inferred (unit), not auditor-verified"
"2233 COURTSIDE DR E, Columbus, OH, 43232",2233,COURTSIDE DR,E,Columbus,OH,43232,"census-confirmed apartment unit; residential inferred (unit), not auditor-verified"
"4505 LAKE SIDE N E, Columbus, OH, 43232",4505,LAKE SIDE N,E,Columbus,OH,43232,"census-confirmed apartment unit; residential inferred (unit), not auditor-verified"
"4615 REFUGEE RD 3D, Columbus, OH, 43232",4615,REFUGEE RD,3D,Columbus,OH,43232,"census-confirmed apartment unit; residential inferred (unit), not auditor-verified"
"5200 CEDAR DR H, Columbus, OH, 43232",5200,CEDAR DR,H,Columbus,OH,43232,"census-confirmed apartment unit; residential inferred (unit), not auditor-verified"
"2859 CITIZENS PL D, Columbus, OH, 43232",2859,CITIZENS PL,D,Columbus,OH,43232,"census-confirmed apartment unit; residential inferred (unit), not auditor-verified"
"5330 YORKSHIRE TERRACE DR A3, Columbus, OH, 43232",5330,YORKSHIRE TERRACE DR,A3,Columbus,OH,43232,"census-confirmed apartment unit; residential inferred (unit), not auditor-verified"
"4657 REFUGEE RD 3G, Columbus, OH, 43232",4657,REFUGEE RD,3G,Columbus,OH,43232,"census-confirmed apartment unit; residential inferred (unit), not auditor-verified"
"4524 LAKE SIDE S A, Columbus, OH, 43232",4524,LAKE SIDE S,A,Columbus,OH,43232,"census-confirmed apartment unit; residential inferred (unit), not auditor-verified"
"4567 MANDEVILLE CT D, Columbus, OH, 43232",4567,MANDEVILLE CT,D,Columbus,OH,43232,"census-confirmed apartment unit; residential inferred (unit), not auditor-verified"
"2785 MARWOOD CT B, Columbus, OH, 43232",2785,MARWOOD CT,B,Columbus,OH,43232,"census-confirmed apartment unit; residential inferred (unit), not auditor-verified"
"4635 WORDSWORTH CT D, Columbus, OH, 43232",4635,WORDSWORTH CT,D,Columbus,OH,43232,"census-confirmed apartment unit; residential inferred (unit), not auditor-verified"
"4640 HEBRIDES DR A, Columbus, OH, 43232",4640,HEBRIDES DR,A,Columbus,OH,43232,"census-confirmed apartment unit; residential inferred (unit), not auditor-verified"
"2089 LAKE CLUB TER D, Columbus, OH, 43232",2089,LAKE CLUB TER,D,Columbus,OH,43232,"census-confirmed apartment unit; residential inferred (unit), not auditor-verified"
"5621 HIBERNIA DR B, Columbus, OH, 43232",5621,HIBERNIA DR,B,Columbus,OH,43232,"census-confirmed apartment unit; residential inferred (unit), not auditor-verified"
"2744 CITIZENS PL D, Columbus, OH, 43232",2744,CITIZENS PL,D,Columbus,OH,43232,"census-confirmed apartment unit; residential inferred (unit), not auditor-verified"
"5145 CEDAR DR J, Columbus, OH, 43232",5145,CEDAR DR,J,Columbus,OH,43232,"census-confirmed apartment unit; residential inferred (unit), not auditor-verified"
"5675 BAIRSFORD CIR N 14, Columbus, OH, 43232",5675,BAIRSFORD CIR N,14,Columbus,OH,43232,"census-confirmed apartment unit; residential inferred (unit), not auditor-verified"
"2791 NEWCASTLE CT D, Columbus, OH, 43232",2791,NEWCASTLE CT,D,Columbus,OH,43232,"census-confirmed apartment unit; residential inferred (unit), not auditor-verified"
"5393 YORKSHIRE TERRACE DR 1B, Columbus, OH, 43232",5393,YORKSHIRE TERRACE DR,1B,Columbus,OH,43232,"census-confirmed apartment unit; residential inferred (unit), not auditor-verified"
"2765 TENNYSON BLVD B, Columbus, OH, 43232",2765,TENNYSON BLVD,B,Columbus,OH,43232,"census-confirmed apartment unit; residential inferred (unit), not auditor-verified"
"2881 TENNYSON BLVD 108, Columbus, OH, 43232",2881,TENNYSON BLVD,108,Columbus,OH,43232,"census-confirmed apartment unit; residential inferred (unit), not auditor-verified"
"5539 CANTARA PL 5, Columbus, OH, 43232",5539,CANTARA PL,5,Columbus,OH,43232,"census-confirmed apartment unit; residential inferred (unit), not auditor-verified"
"2744 BRANDY DR 204, Columbus, OH, 43232",2744,BRANDY DR,204,Columbus,OH,43232,"census-confirmed apartment unit; residential inferred (unit), not auditor-verified"
"4544 LAKE SIDE S D, Columbus, OH, 43232",4544,LAKE SIDE S,D,Columbus,OH,43232,"census-confirmed apartment unit; residential inferred (unit), not auditor-verified"
"4611 REFUGEE RD 2E, Columbus, OH, 43232",4611,REFUGEE RD,2E,Columbus,OH,43232,"census-confirmed apartment unit; residential inferred (unit), not auditor-verified"
"4667 REFUGEE RD 3D, Columbus, OH, 43232",4667,REFUGEE RD,3D,Columbus,OH,43232,"census-confirmed apartment unit; residential inferred (unit), not auditor-verified"
"2391 SHORE BLVD E C, Columbus, OH, 43232",2391,SHORE BLVD E,C,Columbus,OH,43232,"census-confirmed apartment unit; residential inferred (unit), not auditor-verified"
"4601 REFUGEE RD 2J, Columbus, OH, 43232",4601,REFUGEE RD,2J,Columbus,OH,43232,"census-confirmed apartment unit; residential inferred (unit), not auditor-verified"
"5518 DUNFIELD LN 2, Columbus, OH, 43232",5518,DUNFIELD LN,2,Columbus,OH,43232,"census-confirmed apartment unit; residential inferred (unit), not auditor-verified"
"2093 LAKE CLUB TER B, Columbus, OH, 43232",2093,LAKE CLUB TER,B,Columbus,OH,43232,"census-confirmed apartment unit; residential inferred (unit), not auditor-verified"
"4585 MONMOUTH CT C, Columbus, OH, 43232",4585,MONMOUTH CT,C,Columbus,OH,43232,"census-confirmed apartment unit; residential inferred (unit), not auditor-verified"
"4611 REFUGEE RD 2C, Columbus, OH, 43232",4611,REFUGEE RD,2C,Columbus,OH,43232,"census-confirmed apartment unit; residential inferred (unit), not auditor-verified"
"3180 ELIM MANOR CT 207, Columbus, OH, 43232",3180,ELIM MANOR CT,207,Columbus,OH,43232,"census-confirmed apartment unit; residential inferred (unit), not auditor-verified"
"5600 AUTUMN CHASE DR A, Columbus, OH, 43232",5600,AUTUMN CHASE DR,A,Columbus,OH,43232,"census-confirmed apartment unit; residential inferred (unit), not auditor-verified"
"4613 REFUGEE RD 2D, Columbus, OH, 43232",4613,REFUGEE RD,2D,Columbus,OH,43232,"census-confirmed apartment unit; residential inferred (unit), not auditor-verified"
"2744 CITIZENS PL F, Columbus, OH, 43232",2744,CITIZENS PL,F,Columbus,OH,43232,"census-confirmed apartment unit; residential inferred (unit), not auditor-verified"
"4630 HILTON CORPORATE DR 306, Columbus, OH, 43232",4630,HILTON CORPORATE DR,306,Columbus,OH,43232,"census-confirmed apartment unit; residential inferred (unit), not auditor-verified"
"5649 HIBERNIA DR A, Columbus, OH, 43232",5649,HIBERNIA DR,A,Columbus,OH,43232,"census-confirmed apartment unit; residential inferred (unit), not auditor-verified"
"2740 TENNYSON BLVD D, Columbus, OH, 43232",2740,TENNYSON BLVD,D,Columbus,OH,43232,"census-confirmed apartment unit; residential inferred (unit), not auditor-verified"
"5840 HALLRIDGE CIR C, Columbus, OH, 43232",5840,HALLRIDGE CIR,C,Columbus,OH,43232,"census-confirmed apartment unit; residential inferred (unit), not auditor-verified"
"5095 CEDAR DR M, Columbus, OH, 43232",5095,CEDAR DR,M,Columbus,OH,43232,"census-confirmed apartment unit; residential inferred (unit), not auditor-verified"
"2791 CITIZENS PL F, Columbus, OH, 43232",2791,CITIZENS PL,F,Columbus,OH,43232,"census-confirmed apartment unit; residential inferred (unit), not auditor-verified"
"4599 REFUGEE RD 3B, Columbus, OH, 43232",4599,REFUGEE RD,3B,Columbus,OH,43232,"census-confirmed apartment unit; residential inferred (unit), not auditor-verified"
"4661 COLERIDGE CT A, Columbus, OH, 43232",4661,COLERIDGE CT,A,Columbus,OH,43232,"census-confirmed apartment unit; residential inferred (unit), not auditor-verified"
"5539 CANTARA PL 6, Columbus, OH, 43232",5539,CANTARA PL,6,Columbus,OH,43232,"census-confirmed apartment unit; residential inferred (unit), not auditor-verified"
"5536 DUNFIELD LN 2, Columbus, OH, 43232",5536,DUNFIELD LN,2,Columbus,OH,43232,"census-confirmed apartment unit; residential inferred (unit), not auditor-verified"
"3030 WINCHESTER PIKE 6, Columbus, OH, 43232",3030,WINCHESTER PIKE,6,Columbus,OH,43232,"census-confirmed apartment unit; residential inferred (unit), not auditor-verified"
"4601 REFUGEE RD 3J, Columbus, OH, 43232",4601,REFUGEE RD,3J,Columbus,OH,43232,"census-confirmed apartment unit; residential inferred (unit), not auditor-verified"
"4651 COLERIDGE CT C, Columbus, OH, 43232",4651,COLERIDGE CT,C,Columbus,OH,43232,"census-confirmed apartment unit; residential inferred (unit), not auditor-verified"
"5123 CEDAR DR D, Columbus, OH, 43232",5123,CEDAR DR,D,Columbus,OH,43232,"census-confirmed apartment unit; residential inferred (unit), not auditor-verified"
"2855 CITIZENS PL G, Columbus, OH, 43232",2855,CITIZENS PL,G,Columbus,OH,43232,"census-confirmed apartment unit; residential inferred (unit), not auditor-verified"
"2445 SHORE BLVD E C, Columbus, OH, 43232",2445,SHORE BLVD E,C,Columbus,OH,43232,"census-confirmed apartment unit; residential inferred (unit), not auditor-verified"
"4593 REFUGEE RD 2G, Columbus, OH, 43232",4593,REFUGEE RD,2G,Columbus,OH,43232,"census-confirmed apartment unit; residential inferred (unit), not auditor-verified"
"5518 DUNFIELD LN 1, Columbus, OH, 43232",5518,DUNFIELD LN,1,Columbus,OH,43232,"census-confirmed apartment unit; residential inferred (unit), not auditor-verified"
"5454 LONSDALE PL N UNIT B, Columbus, OH, 43232",5454,LONSDALE PL N,UNIT B,Columbus,OH,43232,"census-confirmed apartment unit; residential inferred (unit), not auditor-verified"
"4593 REFUGEE RD 1G, Columbus, OH, 43232",4593,REFUGEE RD,1G,Columbus,OH,43232,"census-confirmed apartment unit; residential inferred (unit), not auditor-verified"
"4630 HILTON CORPORATE DR 316, Columbus, OH, 43232",4630,HILTON CORPORATE DR,316,Columbus,OH,43232,"census-confirmed apartment unit; residential inferred (unit), not auditor-verified"
"5165 CEDAR DR B, Columbus, OH, 43232",5165,CEDAR DR,B,Columbus,OH,43232,"census-confirmed apartment unit; residential inferred (unit), not auditor-verified"
"5675 BAIRSFORD CIR N 5, Columbus, OH, 43232",5675,BAIRSFORD CIR N,5,Columbus,OH,43232,"census-confirmed apartment unit; residential inferred (unit), not auditor-verified"
"5583 HIBERNIA DR B, Columbus, OH, 43232",5583,HIBERNIA DR,B,Columbus,OH,43232,"census-confirmed apartment unit; residential inferred (unit), not auditor-verified"
"2915 TENNYSON BLVD C, Columbus, OH, 43232",2915,TENNYSON BLVD,C,Columbus,OH,43232,"census-confirmed apartment unit; residential inferred (unit), not auditor-verified"
"2772 BRANDY DR 103, Columbus, OH, 43232",2772,BRANDY DR,103,Columbus,OH,43232,"census-confirmed apartment unit; residential inferred (unit), not auditor-verified"
"5393 YORKSHIRE TERRACE DR 3A, Columbus, OH, 43232",5393,YORKSHIRE TERRACE DR,3A,Columbus,OH,43232,"census-confirmed apartment unit; residential inferred (unit), not auditor-verified"
"2860 CITIZENS PL D, Columbus, OH, 43232",2860,CITIZENS PL,D,Columbus,OH,43232,"census-confirmed apartment unit; residential inferred (unit), not auditor-verified"
"2802 CITIZENS PL B, Columbus, OH, 43232",2802,CITIZENS PL,B,Columbus,OH,43232,"census-confirmed apartment unit; residential inferred (unit), not auditor-verified"
"4672 FENIMORE CT B, Columbus, OH, 43232",4672,FENIMORE CT,B,Columbus,OH,43232,"census-confirmed apartment unit; residential inferred (unit), not auditor-verified"
"5121 CEDAR DR J, Columbus, OH, 43232",5121,CEDAR DR,J,Columbus,OH,43232,"census-confirmed apartment unit; residential inferred (unit), not auditor-verified"
"2730 TENNYSON BLVD C, Columbus, OH, 43232",2730,TENNYSON BLVD,C,Columbus,OH,43232,"census-confirmed apartment unit; residential inferred (unit), not auditor-verified"
"2809 CITIZENS PL D, Columbus, OH, 43232",2809,CITIZENS PL,D,Columbus,OH,43232,"census-confirmed apartment unit; residential inferred (unit), not auditor-verified"
"1874 COVENTRY CT C, Columbus, OH, 43232",1874,COVENTRY CT,C,Columbus,OH,43232,"census-confirmed apartment unit; residential inferred (unit), not auditor-verified"
"5568 HIBERNIA DR B, Columbus, OH, 43232",5568,HIBERNIA DR,B,Columbus,OH,43232,"census-confirmed apartment unit; residential inferred (unit), not auditor-verified"
"4595 REFUGEE RD 3C, Columbus, OH, 43232",4595,REFUGEE RD,3C,Columbus,OH,43232,"census-confirmed apartment unit; residential inferred (unit), not auditor-verified"
"4680 FENIMORE CT A, Columbus, OH, 43232",4680,FENIMORE CT,A,Columbus,OH,43232,"census-confirmed apartment unit; residential inferred (unit), not auditor-verified"
"2881 TENNYSON BLVD 214, Columbus, OH, 43232",2881,TENNYSON BLVD,214,Columbus,OH,43232,"census-confirmed apartment unit; residential inferred (unit), not auditor-verified"
"3180 ELIM MANOR CT 203, Columbus, OH, 43232",3180,ELIM MANOR CT,203,Columbus,OH,43232,"census-confirmed apartment unit; residential inferred (unit), not auditor-verified"
"4650 HILTON CORPORATE DR 205, Columbus, OH, 43232",4650,HILTON CORPORATE DR,205,Columbus,OH,43232,"census-confirmed apartment unit; residential inferred (unit), not auditor-verified"
"4611 WORDSWORTH CT D, Columbus, OH, 43232",4611,WORDSWORTH CT,D,Columbus,OH,43232,"census-confirmed apartment unit; residential inferred (unit), not auditor-verified"
"2510 KIMBERLY PKWY E UNIT 307, Columbus, OH, 43232",2510,KIMBERLY PKWY E,UNIT 307,Columbus,OH,43232,"census-confirmed apartment unit; residential inferred (unit), not auditor-verified"
"5878 YORKLAND CT UNIT O, Columbus, OH, 43232",5878,YORKLAND CT,UNIT O,Columbus,OH,43232,"census-confirmed apartment unit; residential inferred (unit), not auditor-verified"
"5167 CEDAR DR G, Columbus, OH, 43232",5167,CEDAR DR,G,Columbus,OH,43232,"census-confirmed apartment unit; residential inferred (unit), not auditor-verified"
"5165 CEDAR DR J, Columbus, OH, 43232",5165,CEDAR DR,J,Columbus,OH,43232,"census-confirmed apartment unit; residential inferred (unit), not auditor-verified"
"4635 WORDSWORTH CT B, Columbus, OH, 43232",4635,WORDSWORTH CT,B,Columbus,OH,43232,"census-confirmed apartment unit; residential inferred (unit), not auditor-verified"
"5501 E LIVINGSTON AVE UNIT A, Columbus, OH, 43232",5501,E LIVINGSTON AVE,UNIT A,Columbus,OH,43232,"census-confirmed apartment unit; residential inferred (unit), not auditor-verified"
"5040 COVENTRY DR D, Columbus, OH, 43232",5040,COVENTRY DR,D,Columbus,OH,43232,"census-confirmed apartment unit; residential inferred (unit), not auditor-verified"
"1874 COVENTRY CT B, Columbus, OH, 43232",1874,COVENTRY CT,B,Columbus,OH,43232,"census-confirmed apartment unit; residential inferred (unit), not auditor-verified"
"5693 HIBERNIA DR C, Columbus, OH, 43232",5693,HIBERNIA DR,C,Columbus,OH,43232,"census-confirmed apartment unit; residential inferred (unit), not auditor-verified"
"2881 TENNYSON BLVD 210, Columbus, OH, 43232",2881,TENNYSON BLVD,210,Columbus,OH,43232,"census-confirmed apartment unit; residential inferred (unit), not auditor-verified"
"2824 CITIZENS PL H, Columbus, OH, 43232",2824,CITIZENS PL,H,Columbus,OH,43232,"census-confirmed apartment unit; residential inferred (unit), not auditor-verified"
"5200 CEDAR DR K, Columbus, OH, 43232",5200,CEDAR DR,K,Columbus,OH,43232,"census-confirmed apartment unit; residential inferred (unit), not auditor-verified"
"4661 COLERIDGE CT D, Columbus, OH, 43232",4661,COLERIDGE CT,D,Columbus,OH,43232,"census-confirmed apartment unit; residential inferred (unit), not auditor-verified"
"4609 REFUGEE RD 1H, Columbus, OH, 43232",4609,REFUGEE RD,1H,Columbus,OH,43232,"census-confirmed apartment unit; residential inferred (unit), not auditor-verified"
"4605 REFUGEE RD 1B, Columbus, OH, 43232",4605,REFUGEE RD,1B,Columbus,OH,43232,"census-confirmed apartment unit; residential inferred (unit), not auditor-verified"
"4613 REFUGEE RD 2A, Columbus, OH, 43232",4613,REFUGEE RD,2A,Columbus,OH,43232,"census-confirmed apartment unit; residential inferred (unit), not auditor-verified"
"2780 CITIZENS PL F, Columbus, OH, 43232",2780,CITIZENS PL,F,Columbus,OH,43232,"census-confirmed apartment unit; residential inferred (unit), not auditor-verified"
"4585 LAKE SIDE S I, Columbus, OH, 43232",4585,LAKE SIDE S,I,Columbus,OH,43232,"census-confirmed apartment unit; residential inferred (unit), not auditor-verified"
"2799 MARWOOD CT D, Columbus, OH, 43232",2799,MARWOOD CT,D,Columbus,OH,43232,"census-confirmed apartment unit; residential inferred (unit), not auditor-verified"
"2802 CITIZENS PL D, Columbus, OH, 43232",2802,CITIZENS PL,D,Columbus,OH,43232,"census-confirmed apartment unit; residential inferred (unit), not auditor-verified"
"2371 SHORE BLVD E B, Columbus, OH, 43232",2371,SHORE BLVD E,B,Columbus,OH,43232,"census-confirmed apartment unit; residential inferred (unit), not auditor-verified"
"2744 CITIZENS PL B, Columbus, OH, 43232",2744,CITIZENS PL,B,Columbus,OH,43232,"census-confirmed apartment unit; residential inferred (unit), not auditor-verified"
"4597 REFUGEE RD 2E, Columbus, OH, 43232",4597,REFUGEE RD,2E,Columbus,OH,43232,"census-confirmed apartment unit; residential inferred (unit), not auditor-verified"
"2233 COURTSIDE DR I, Columbus, OH, 43232",2233,COURTSIDE DR,I,Columbus,OH,43232,"census-confirmed apartment unit; residential inferred (unit), not auditor-verified"
"6001 LAKE CLUB CT F, Columbus, OH, 43232",6001,LAKE CLUB CT,F,Columbus,OH,43232,"census-confirmed apartment unit; residential inferred (unit), not auditor-verified"
"4573 MONMOUTH CT 213, Columbus, OH, 43232",4573,MONMOUTH CT,213,Columbus,OH,43232,"census-confirmed apartment unit; residential inferred (unit), not auditor-verified"
"4665 REFUGEE RD 2F, Columbus, OH, 43232",4665,REFUGEE RD,2F,Columbus,OH,43232,"census-confirmed apartment unit; residential inferred (unit), not auditor-verified"
"2809 CITIZENS PL A, Columbus, OH, 43232",2809,CITIZENS PL,A,Columbus,OH,43232,"census-confirmed apartment unit; residential inferred (unit), not auditor-verified"
"5052 COVENTRY CT N C, Columbus, OH, 43232",5052,COVENTRY CT N,C,Columbus,OH,43232,"census-confirmed apartment unit; residential inferred (unit), not auditor-verified"
"5121 CEDAR DR F, Columbus, OH, 43232",5121,CEDAR DR,F,Columbus,OH,43232,"census-confirmed apartment unit; residential inferred (unit), not auditor-verified"
"4622 HEBRIDES DR A, Columbus, OH, 43232",4622,HEBRIDES DR,A,Columbus,OH,43232,"census-confirmed apartment unit; residential inferred (unit), not auditor-verified"
"5981 LAKE CLUB SQ B, Columbus, OH, 43232",5981,LAKE CLUB SQ,B,Columbus,OH,43232,"census-confirmed apartment unit; residential inferred (unit), not auditor-verified"
"4667 REFUGEE RD 1B, Columbus, OH, 43232",4667,REFUGEE RD,1B,Columbus,OH,43232,"census-confirmed apartment unit; residential inferred (unit), not auditor-verified"
"4607 REFUGEE RD 3A, Columbus, OH, 43232",4607,REFUGEE RD,3A,Columbus,OH,43232,"census-confirmed apartment unit; residential inferred (unit), not auditor-verified"
"5460 LONSDALE PL S UNIT D, Columbus, OH, 43232",5460,LONSDALE PL S,UNIT D,Columbus,OH,43232,"census-confirmed apartment unit; residential inferred (unit), not auditor-verified"
"2870 WOOLWICH CT 105, Columbus, OH, 43232",2870,WOOLWICH CT,105,Columbus,OH,43232,"census-confirmed apartment unit; residential inferred (unit), not auditor-verified"
"4671 REFUGEE RD 1F, Columbus, OH, 43232",4671,REFUGEE RD,1F,Columbus,OH,43232,"census-confirmed apartment unit; residential inferred (unit), not auditor-verified"
"2828 TENNYSON BLVD A, Columbus, OH, 43232",2828,TENNYSON BLVD,A,Columbus,OH,43232,"census-confirmed apartment unit; residential inferred (unit), not auditor-verified"
"4536 LAKE SIDE S A, Columbus, OH, 43232",4536,LAKE SIDE S,A,Columbus,OH,43232,"census-confirmed apartment unit; residential inferred (unit), not auditor-verified"
"4671 REFUGEE RD 2F, Columbus, OH, 43232",4671,REFUGEE RD,2F,Columbus,OH,43232,"census-confirmed apartment unit; residential inferred (unit), not auditor-verified"
"4615 REFUGEE RD 3A, Columbus, OH, 43232",4615,REFUGEE RD,3A,Columbus,OH,43232,"census-confirmed apartment unit; residential inferred (unit), not auditor-verified"
"2810 TENNYSON BLVD C, Columbus, OH, 43232",2810,TENNYSON BLVD,C,Columbus,OH,43232,"census-confirmed apartment unit; residential inferred (unit), not auditor-verified"
"2231 COURTSIDE DR G, Columbus, OH, 43232",2231,COURTSIDE DR,G,Columbus,OH,43232,"census-confirmed apartment unit; residential inferred (unit), not auditor-verified"
"4667 REFUGEE RD 3B, Columbus, OH, 43232",4667,REFUGEE RD,3B,Columbus,OH,43232,"census-confirmed apartment unit; residential inferred (unit), not auditor-verified"
"4656 HEBRIDES DR C, Columbus, OH, 43232",4656,HEBRIDES DR,C,Columbus,OH,43232,"census-confirmed apartment unit; residential inferred (unit), not auditor-verified"
"5685 BAIRSFORD CIR N 18, Columbus, OH, 43232",5685,BAIRSFORD CIR N,18,Columbus,OH,43232,"census-confirmed apartment unit; residential inferred (unit), not auditor-verified"
"5427 YORKSHIRE TERRACE DR 6C, Columbus, OH, 43232",5427,YORKSHIRE TERRACE DR,6C,Columbus,OH,43232,"census-confirmed apartment unit; residential inferred (unit), not auditor-verified"
"2750 TENNYSON BLVD A, Columbus, OH, 43232",2750,TENNYSON BLVD,A,Columbus,OH,43232,"census-confirmed apartment unit; residential inferred (unit), not auditor-verified"
"2791 CITIZENS PL B, Columbus, OH, 43232",2791,CITIZENS PL,B,Columbus,OH,43232,"census-confirmed apartment unit; residential inferred (unit), not auditor-verified"
"5738 HIBERNIA DR B, Columbus, OH, 43232",5738,HIBERNIA DR,B,Columbus,OH,43232,"census-confirmed apartment unit; residential inferred (unit), not auditor-verified"
"5880 YORKLAND CT UNIT E, Columbus, OH, 43232",5880,YORKLAND CT,UNIT E,Columbus,OH,43232,"census-confirmed apartment unit; residential inferred (unit), not auditor-verified"
"5608 HIBERNIA DR A, Columbus, OH, 43232",5608,HIBERNIA DR,A,Columbus,OH,43232,"census-confirmed apartment unit; residential inferred (unit), not auditor-verified"
"2510 KIMBERLY PKWY E UNIT 108, Columbus, OH, 43232",2510,KIMBERLY PKWY E,UNIT 108,Columbus,OH,43232,"census-confirmed apartment unit; residential inferred (unit), not auditor-verified"
"5370 YORKSHIRE TERRACE DR F, Columbus, OH, 43232",5370,YORKSHIRE TERRACE DR,F,Columbus,OH,43232,"census-confirmed apartment unit; residential inferred (unit), not auditor-verified"
"5730 HIBERNIA DR A, Columbus, OH, 43232",5730,HIBERNIA DR,A,Columbus,OH,43232,"census-confirmed apartment unit; residential inferred (unit), not auditor-verified"
"2785 CITIZENS PL D, Columbus, OH, 43232",2785,CITIZENS PL,D,Columbus,OH,43232,"census-confirmed apartment unit; residential inferred (unit), not auditor-verified"
"4626 CHANNING TER D, Columbus, OH, 43232",4626,CHANNING TER,D,Columbus,OH,43232,"census-confirmed apartment unit; residential inferred (unit), not auditor-verified"
"4593 REFUGEE RD 2I, Columbus, OH, 43232",4593,REFUGEE RD,2I,Columbus,OH,43232,"census-confirmed apartment unit; residential inferred (unit), not auditor-verified"
"5675 BAIRSFORD CIR N 13, Columbus, OH, 43232",5675,BAIRSFORD CIR N,13,Columbus,OH,43232,"census-confirmed apartment unit; residential inferred (unit), not auditor-verified"
"5518 DUNFIELD LN 5, Columbus, OH, 43232",5518,DUNFIELD LN,5,Columbus,OH,43232,"census-confirmed apartment unit; residential inferred (unit), not auditor-verified"
"4619 REFUGEE RD 3B, Columbus, OH, 43232",4619,REFUGEE RD,3B,Columbus,OH,43232,"census-confirmed apartment unit; residential inferred (unit), not auditor-verified"
"2797 MARWOOD CT D, Columbus, OH, 43232",2797,MARWOOD CT,D,Columbus,OH,43232,"census-confirmed apartment unit; residential inferred (unit), not auditor-verified"
"5590 AUTUMN CHASE DR B, Columbus, OH, 43232",5590,AUTUMN CHASE DR,B,Columbus,OH,43232,"census-confirmed apartment unit; residential inferred (unit), not auditor-verified"
"5738 HIBERNIA DR C, Columbus, OH, 43232",5738,HIBERNIA DR,C,Columbus,OH,43232,"census-confirmed apartment unit; residential inferred (unit), not auditor-verified"
"2246 S HAMILTON RD 201, Columbus, OH, 43232",2246,S HAMILTON RD,201,Columbus,OH,43232,"census-confirmed apartment unit; residential inferred (unit), not auditor-verified"
"5097 CEDAR DR E, Columbus, OH, 43232",5097,CEDAR DR,E,Columbus,OH,43232,"census-confirmed apartment unit; residential inferred (unit), not auditor-verified"
"2870 MERRYMOUNT CT C, Columbus, OH, 43232",2870,MERRYMOUNT CT,C,Columbus,OH,43232,"census-confirmed apartment unit; residential inferred (unit), not auditor-verified"
"5546 AUTUMN CHASE DR B, Columbus, OH, 43232",5546,AUTUMN CHASE DR,B,Columbus,OH,43232,"census-confirmed apartment unit; residential inferred (unit), not auditor-verified"
"2740 BRANDY DR 204, Columbus, OH, 43232",2740,BRANDY DR,204,Columbus,OH,43232,"census-confirmed apartment unit; residential inferred (unit), not auditor-verified"
"4609 REFUGEE RD 2J, Columbus, OH, 43232",4609,REFUGEE RD,2J,Columbus,OH,43232,"census-confirmed apartment unit; residential inferred (unit), not auditor-verified"
"4525 LAKE SIDE N C, Columbus, OH, 43232",4525,LAKE SIDE N,C,Columbus,OH,43232,"census-confirmed apartment unit; residential inferred (unit), not auditor-verified"
"5424 LONSDALE PL N UNIT B, Columbus, OH, 43232",5424,LONSDALE PL N,UNIT B,Columbus,OH,43232,"census-confirmed apartment unit; residential inferred (unit), not auditor-verified"
"2799 MARWOOD CT C, Columbus, OH, 43232",2799,MARWOOD CT,C,Columbus,OH,43232,"census-confirmed apartment unit; residential inferred (unit), not auditor-verified"
"1289 YORKLAND RD UNIT C, Columbus, OH, 43232",1289,YORKLAND RD,UNIT C,Columbus,OH,43232,"census-confirmed apartment unit; residential inferred (unit), not auditor-verified"
"4617 REFUGEE RD 1E, Columbus, OH, 43232",4617,REFUGEE RD,1E,Columbus,OH,43232,"census-confirmed apartment unit; residential inferred (unit), not auditor-verified"
"2824 CITIZENS PL C, Columbus, OH, 43232",2824,CITIZENS PL,C,Columbus,OH,43232,"census-confirmed apartment unit; residential inferred (unit), not auditor-verified"
"5333 YORKSHIRE TERRACE DR B, Columbus, OH, 43232",5333,YORKSHIRE TERRACE DR,B,Columbus,OH,43232,"census-confirmed apartment unit; residential inferred (unit), not auditor-verified"
"2866 MERRYMOUNT CT B, Columbus, OH, 43232",2866,MERRYMOUNT CT,B,Columbus,OH,43232,"census-confirmed apartment unit; residential inferred (unit), not auditor-verified"
"4669 REFUGEE RD 1F, Columbus, OH, 43232",4669,REFUGEE RD,1F,Columbus,OH,43232,"census-confirmed apartment unit; residential inferred (unit), not auditor-verified"
"5123 CEDAR DR C, Columbus, OH, 43232",5123,CEDAR DR,C,Columbus,OH,43232,"census-confirmed apartment unit; residential inferred (unit), not auditor-verified"
"5427 YORKSHIRE TERRACE DR 6A, Columbus, OH, 43232",5427,YORKSHIRE TERRACE DR,6A,Columbus,OH,43232,"census-confirmed apartment unit; residential inferred (unit), not auditor-verified"
"4545 LAKE SIDE N C, Columbus, OH, 43232",4545,LAKE SIDE N,C,Columbus,OH,43232,"census-confirmed apartment unit; residential inferred (unit), not auditor-verified"
"2830 WYMAN CT A, Columbus, OH, 43232",2830,WYMAN CT,A,Columbus,OH,43232,"census-confirmed apartment unit; residential inferred (unit), not auditor-verified"
"2772 BRANDY DR 203, Columbus, OH, 43232",2772,BRANDY DR,203,Columbus,OH,43232,"census-confirmed apartment unit; residential inferred (unit), not auditor-verified"
"2885 THOREAU CT C, Columbus, OH, 43232",2885,THOREAU CT,C,Columbus,OH,43232,"census-confirmed apartment unit; residential inferred (unit), not auditor-verified"
"2450 SHORE BLVD W I, Columbus, OH, 43232",2450,SHORE BLVD W,I,Columbus,OH,43232,"census-confirmed apartment unit; residential inferred (unit), not auditor-verified"
"2844 CITIZENS PL H, Columbus, OH, 43232",2844,CITIZENS PL,H,Columbus,OH,43232,"census-confirmed apartment unit; residential inferred (unit), not auditor-verified"
"2865 CITIZENS PL E, Columbus, OH, 43232",2865,CITIZENS PL,E,Columbus,OH,43232,"census-confirmed apartment unit; residential inferred (unit), not auditor-verified"
"2381 SHORE BLVD E A, Columbus, OH, 43232",2381,SHORE BLVD E,A,Columbus,OH,43232,"census-confirmed apartment unit; residential inferred (unit), not auditor-verified"
"5501 E LIVINGSTON AVE UNIT C, Columbus, OH, 43232",5501,E LIVINGSTON AVE,UNIT C,Columbus,OH,43232,"census-confirmed apartment unit; residential inferred (unit), not auditor-verified"
"4613 REFUGEE RD 3C, Columbus, OH, 43232",4613,REFUGEE RD,3C,Columbus,OH,43232,"census-confirmed apartment unit; residential inferred (unit), not auditor-verified"
"4611 REFUGEE RD 3E, Columbus, OH, 43232",4611,REFUGEE RD,3E,Columbus,OH,43232,"census-confirmed apartment unit; residential inferred (unit), not auditor-verified"
"2740 BRANDY DR 101, Columbus, OH, 43232",2740,BRANDY DR,101,Columbus,OH,43232,"census-confirmed apartment unit; residential inferred (unit), not auditor-verified"
"2726 TENNYSON BLVD A, Columbus, OH, 43232",2726,TENNYSON BLVD,A,Columbus,OH,43232,"census-confirmed apartment unit; residential inferred (unit), not auditor-verified"
"5880 YORKLAND CT UNIT A, Columbus, OH, 43232",5880,YORKLAND CT,UNIT A,Columbus,OH,43232,"census-confirmed apartment unit; residential inferred (unit), not auditor-verified"
"2765 TENNYSON BLVD A, Columbus, OH, 43232",2765,TENNYSON BLVD,A,Columbus,OH,43232,"census-confirmed apartment unit; residential inferred (unit), not auditor-verified"
"4671 REFUGEE RD 2E, Columbus, OH, 43232",4671,REFUGEE RD,2E,Columbus,OH,43232,"census-confirmed apartment unit; residential inferred (unit), not auditor-verified"
"4650 HILTON CORPORATE DR 104, Columbus, OH, 43232",4650,HILTON CORPORATE DR,104,Columbus,OH,43232,"census-confirmed apartment unit; residential inferred (unit), not auditor-verified"
"5079 CEDAR DR B, Columbus, OH, 43232",5079,CEDAR DR,B,Columbus,OH,43232,"census-confirmed apartment unit; residential inferred (unit), not auditor-verified"
"5617 AUTUMN CHASE DR A, Columbus, OH, 43232",5617,AUTUMN CHASE DR,A,Columbus,OH,43232,"census-confirmed apartment unit; residential inferred (unit), not auditor-verified"
"1289 YORKLAND RD UNIT M, Columbus, OH, 43232",1289,YORKLAND RD,UNIT M,Columbus,OH,43232,"census-confirmed apartment unit; residential inferred (unit), not auditor-verified"
"4595 REFUGEE RD 1B, Columbus, OH, 43232",4595,REFUGEE RD,1B,Columbus,OH,43232,"census-confirmed apartment unit; residential inferred (unit), not auditor-verified"
"5044 COVENTRY DR D, Columbus, OH, 43232",5044,COVENTRY DR,D,Columbus,OH,43232,"census-confirmed apartment unit; residential inferred (unit), not auditor-verified"
"2785 CITIZENS PL F, Columbus, OH, 43232",2785,CITIZENS PL,F,Columbus,OH,43232,"census-confirmed apartment unit; residential inferred (unit), not auditor-verified"
"4630 HILTON CORPORATE DR 208, Columbus, OH, 43232",4630,HILTON CORPORATE DR,208,Columbus,OH,43232,"census-confirmed apartment unit; residential inferred (unit), not auditor-verified"
"5050 COVENTRY CT N A, Columbus, OH, 43232",5050,COVENTRY CT N,A,Columbus,OH,43232,"census-confirmed apartment unit; residential inferred (unit), not auditor-verified"
"1898 COVENTRY CT D, Columbus, OH, 43232",1898,COVENTRY CT,D,Columbus,OH,43232,"census-confirmed apartment unit; residential inferred (unit), not auditor-verified"
"2089 LAKE CLUB TER G, Columbus, OH, 43232",2089,LAKE CLUB TER,G,Columbus,OH,43232,"census-confirmed apartment unit; residential inferred (unit), not auditor-verified"
"4515 LAKE SIDE N C, Columbus, OH, 43232",4515,LAKE SIDE N,C,Columbus,OH,43232,"census-confirmed apartment unit; residential inferred (unit), not auditor-verified"
"4615 REFUGEE RD 3F, Columbus, OH, 43232",4615,REFUGEE RD,3F,Columbus,OH,43232,"census-confirmed apartment unit; residential inferred (unit), not auditor-verified"
"2510 KIMBERLY PKWY E 204, Columbus, OH, 43232",2510,KIMBERLY PKWY E,204,Columbus,OH,43232,"census-confirmed apartment unit; residential inferred (unit), not auditor-verified"
"5167 CEDAR DR D, Columbus, OH, 43232",5167,CEDAR DR,D,Columbus,OH,43232,"census-confirmed apartment unit; residential inferred (unit), not auditor-verified"
"5461 LONSDALE PL S UNIT A, Columbus, OH, 43232",5461,LONSDALE PL S,UNIT A,Columbus,OH,43232,"census-confirmed apartment unit; residential inferred (unit), not auditor-verified"
"5427 YORKSHIRE TERRACE DR 2C, Columbus, OH, 43232",5427,YORKSHIRE TERRACE DR,2C,Columbus,OH,43232,"census-confirmed apartment unit; residential inferred (unit), not auditor-verified"
"2870 WOOLWICH CT 212, Columbus, OH, 43232",2870,WOOLWICH CT,212,Columbus,OH,43232,"census-confirmed apartment unit; residential inferred (unit), not auditor-verified"
"4609 REFUGEE RD 1L, Columbus, OH, 43232",4609,REFUGEE RD,1L,Columbus,OH,43232,"census-confirmed apartment unit; residential inferred (unit), not auditor-verified"
"2870 WOOLWICH CT 201, Columbus, OH, 43232",2870,WOOLWICH CT,201,Columbus,OH,43232,"census-confirmed apartment unit; residential inferred (unit), not auditor-verified"
"5016 COVENTRY DR A, Columbus, OH, 43232",5016,COVENTRY DR,A,Columbus,OH,43232,"census-confirmed apartment unit; residential inferred (unit), not auditor-verified"
"2772 BRANDY DR 101, Columbus, OH, 43232",2772,BRANDY DR,101,Columbus,OH,43232,"census-confirmed apartment unit; residential inferred (unit), not auditor-verified"
"2870 WOOLWICH CT 203, Columbus, OH, 43232",2870,WOOLWICH CT,203,Columbus,OH,43232,"census-confirmed apartment unit; residential inferred (unit), not auditor-verified"
"2726 EASTLAND MALL UNIT A, Columbus, OH, 43232",2726,EASTLAND MALL,UNIT A,Columbus,OH,43232,"census-confirmed apartment unit; residential inferred (unit), not auditor-verified"
"4792 LARAINE CT 203, Columbus, OH, 43232",4792,LARAINE CT,203,Columbus,OH,43232,"census-confirmed apartment unit; residential inferred (unit), not auditor-verified"
"4601 REFUGEE RD 2G, Columbus, OH, 43232",4601,REFUGEE RD,2G,Columbus,OH,43232,"census-confirmed apartment unit; residential inferred (unit), not auditor-verified"
"5034 COVENTRY DR B, Columbus, OH, 43232",5034,COVENTRY DR,B,Columbus,OH,43232,"census-confirmed apartment unit; residential inferred (unit), not auditor-verified"
"2244 S HAMILTON RD 100, Columbus, OH, 43232",2244,S HAMILTON RD,100,Columbus,OH,43232,"census-confirmed apartment unit; residential inferred (unit), not auditor-verified"
"2836 WYMAN CT A, Columbus, OH, 43232",2836,WYMAN CT,A,Columbus,OH,43232,"census-confirmed apartment unit; residential inferred (unit), not auditor-verified"
"5415 YORKSHIRE TERRACE DR 2C, Columbus, OH, 43232",5415,YORKSHIRE TERRACE DR,2C,Columbus,OH,43232,"census-confirmed apartment unit; residential inferred (unit), not auditor-verified"
"2460 SHORE BLVD W A, Columbus, OH, 43232",2460,SHORE BLVD W,A,Columbus,OH,43232,"census-confirmed apartment unit; residential inferred (unit), not auditor-verified"
"4558 MANDEVILLE CT D, Columbus, OH, 43232",4558,MANDEVILLE CT,D,Columbus,OH,43232,"census-confirmed apartment unit; residential inferred (unit), not auditor-verified"
"2510 KIMBERLY PKWY E 107, Columbus, OH, 43232",2510,KIMBERLY PKWY E,107,Columbus,OH,43232,"census-confirmed apartment unit; residential inferred (unit), not auditor-verified"
"2852 CITIZENS PL H, Columbus, OH, 43232",2852,CITIZENS PL,H,Columbus,OH,43232,"census-confirmed apartment unit; residential inferred (unit), not auditor-verified"
"6001 LAKE CLUB CT I, Columbus, OH, 43232",6001,LAKE CLUB CT,I,Columbus,OH,43232,"census-confirmed apartment unit; residential inferred (unit), not auditor-verified"
"4617 REFUGEE RD 1G, Columbus, OH, 43232",4617,REFUGEE RD,1G,Columbus,OH,43232,"census-confirmed apartment unit; residential inferred (unit), not auditor-verified"
"4525 LAKE SIDE N B, Columbus, OH, 43232",4525,LAKE SIDE N,B,Columbus,OH,43232,"census-confirmed apartment unit; residential inferred (unit), not auditor-verified"
"4792 LARAINE CT 104, Columbus, OH, 43232",4792,LARAINE CT,104,Columbus,OH,43232,"census-confirmed apartment unit; residential inferred (unit), not auditor-verified"
"5427 YORKSHIRE TERRACE DR 6B, Columbus, OH, 43232",5427,YORKSHIRE TERRACE DR,6B,Columbus,OH,43232,"census-confirmed apartment unit; residential inferred (unit), not auditor-verified"
"2962 NATHANIEL BLVD C, Columbus, OH, 43232",2962,NATHANIEL BLVD,C,Columbus,OH,43232,"census-confirmed apartment unit; residential inferred (unit), not auditor-verified"
"4505 LAKE SIDE N B, Columbus, OH, 43232",4505,LAKE SIDE N,B,Columbus,OH,43232,"census-confirmed apartment unit; residential inferred (unit), not auditor-verified"
"5398 YORKSHIRE TERRACE DR B, Columbus, OH, 43232",5398,YORKSHIRE TERRACE DR,B,Columbus,OH,43232,"census-confirmed apartment unit; residential inferred (unit), not auditor-verified"
"2510 KIMBERLY PKWY E 207, Columbus, OH, 43232",2510,KIMBERLY PKWY E,207,Columbus,OH,43232,"census-confirmed apartment unit; residential inferred (unit), not auditor-verified"
"5415 YORKSHIRE TERRACE DR 8B, Columbus, OH, 43232",5415,YORKSHIRE TERRACE DR,8B,Columbus,OH,43232,"census-confirmed apartment unit; residential inferred (unit), not auditor-verified"
"5981 LAKE CLUB SQ F, Columbus, OH, 43232",5981,LAKE CLUB SQ,F,Columbus,OH,43232,"census-confirmed apartment unit; residential inferred (unit), not auditor-verified"
"5762 HIBERNIA DR B, Columbus, OH, 43232",5762,HIBERNIA DR,B,Columbus,OH,43232,"census-confirmed apartment unit; residential inferred (unit), not auditor-verified"
"4607 REFUGEE RD 3C, Columbus, OH, 43232",4607,REFUGEE RD,3C,Columbus,OH,43232,"census-confirmed apartment unit; residential inferred (unit), not auditor-verified"
"2870 WOOLWICH CT 107, Columbus, OH, 43232",2870,WOOLWICH CT,107,Columbus,OH,43232,"census-confirmed apartment unit; residential inferred (unit), not auditor-verified"
"5573 AUTUMN CHASE DR A, Columbus, OH, 43232",5573,AUTUMN CHASE DR,A,Columbus,OH,43232,"census-confirmed apartment unit; residential inferred (unit), not auditor-verified"
"6000 LAKE CLUB CT G, Columbus, OH, 43232",6000,LAKE CLUB CT,G,Columbus,OH,43232,"census-confirmed apartment unit; residential inferred (unit), not auditor-verified"
"5202 CEDAR DR A, Columbus, OH, 43232",5202,CEDAR DR,A,Columbus,OH,43232,"census-confirmed apartment unit; residential inferred (unit), not auditor-verified"
"4671 REFUGEE RD 3B, Columbus, OH, 43232",4671,REFUGEE RD,3B,Columbus,OH,43232,"census-confirmed apartment unit; residential inferred (unit), not auditor-verified"
"2847 CITIZENS PL D, Columbus, OH, 43232",2847,CITIZENS PL,D,Columbus,OH,43232,"census-confirmed apartment unit; residential inferred (unit), not auditor-verified"
"5393 YORKSHIRE TERRACE DR 5C, Columbus, OH, 43232",5393,YORKSHIRE TERRACE DR,5C,Columbus,OH,43232,"census-confirmed apartment unit; residential inferred (unit), not auditor-verified"
"5591 HIBERNIA DR A, Columbus, OH, 43232",5591,HIBERNIA DR,A,Columbus,OH,43232,"census-confirmed apartment unit; residential inferred (unit), not auditor-verified"
"5081 CEDAR DR L, Columbus, OH, 43232",5081,CEDAR DR,L,Columbus,OH,43232,"census-confirmed apartment unit; residential inferred (unit), not auditor-verified"
"2870 WOOLWICH CT 110, Columbus, OH, 43232",2870,WOOLWICH CT,110,Columbus,OH,43232,"census-confirmed apartment unit; residential inferred (unit), not auditor-verified"
"5644 HIBERNIA DR B, Columbus, OH, 43232",5644,HIBERNIA DR,B,Columbus,OH,43232,"census-confirmed apartment unit; residential inferred (unit), not auditor-verified"
"5675 BAIRSFORD CIR N 15, Columbus, OH, 43232",5675,BAIRSFORD CIR N,15,Columbus,OH,43232,"census-confirmed apartment unit; residential inferred (unit), not auditor-verified"
"2791 CITIZENS PL A, Columbus, OH, 43232",2791,CITIZENS PL,A,Columbus,OH,43232,"census-confirmed apartment unit; residential inferred (unit), not auditor-verified"
"5330 YORKSHIRE TERRACE DR A4, Columbus, OH, 43232",5330,YORKSHIRE TERRACE DR,A4,Columbus,OH,43232,"census-confirmed apartment unit; residential inferred (unit), not auditor-verified"
"4544 LAKE SIDE S G, Columbus, OH, 43232",4544,LAKE SIDE S,G,Columbus,OH,43232,"census-confirmed apartment unit; residential inferred (unit), not auditor-verified"
"1754 LONSDALE PL E UNIT C, Columbus, OH, 43232",1754,LONSDALE PL E,UNIT C,Columbus,OH,43232,"census-confirmed apartment unit; residential inferred (unit), not auditor-verified"
"4594 ISINGTON CT 204, Columbus, OH, 43232",4594,ISINGTON CT,204,Columbus,OH,43232,"census-confirmed apartment unit; residential inferred (unit), not auditor-verified"
"2225 COURTSIDE DR E, Columbus, OH, 43232",2225,COURTSIDE DR,E,Columbus,OH,43232,"census-confirmed apartment unit; residential inferred (unit), not auditor-verified"
"4612 CHANNING TER D, Columbus, OH, 43232",4612,CHANNING TER,D,Columbus,OH,43232,"census-confirmed apartment unit; residential inferred (unit), not auditor-verified"
"2865 THOREAU CT B, Columbus, OH, 43232",2865,THOREAU CT,B,Columbus,OH,43232,"census-confirmed apartment unit; residential inferred (unit), not auditor-verified"
"5119 CEDAR DR D, Columbus, OH, 43232",5119,CEDAR DR,D,Columbus,OH,43232,"census-confirmed apartment unit; residential inferred (unit), not auditor-verified"
"5165 CEDAR DR M, Columbus, OH, 43232",5165,CEDAR DR,M,Columbus,OH,43232,"census-confirmed apartment unit; residential inferred (unit), not auditor-verified"
"5596 HIBERNIA DR A, Columbus, OH, 43232",5596,HIBERNIA DR,A,Columbus,OH,43232,"census-confirmed apartment unit; residential inferred (unit), not auditor-verified"
"4560 LAKE SIDE N B, Columbus, OH, 43232",4560,LAKE SIDE N,B,Columbus,OH,43232,"census-confirmed apartment unit; residential inferred (unit), not auditor-verified"
"5685 BAIRSFORD CIR N 6, Columbus, OH, 43232",5685,BAIRSFORD CIR N,6,Columbus,OH,43232,"census-confirmed apartment unit; residential inferred (unit), not auditor-verified"
"4499 LAKE SIDE S C, Columbus, OH, 43232",4499,LAKE SIDE S,C,Columbus,OH,43232,"census-confirmed apartment unit; residential inferred (unit), not auditor-verified"
"4544 LAKE SIDE S A, Columbus, OH, 43232",4544,LAKE SIDE S,A,Columbus,OH,43232,"census-confirmed apartment unit; residential inferred (unit), not auditor-verified"
"5123 CEDAR DR B, Columbus, OH, 43232",5123,CEDAR DR,B,Columbus,OH,43232,"census-confirmed apartment unit; residential inferred (unit), not auditor-verified"
"2881 TENNYSON BLVD 211, Columbus, OH, 43232",2881,TENNYSON BLVD,211,Columbus,OH,43232,"census-confirmed apartment unit; residential inferred (unit), not auditor-verified"
"2870 WOOLWICH CT 103, Columbus, OH, 43232",2870,WOOLWICH CT,103,Columbus,OH,43232,"census-confirmed apartment unit; residential inferred (unit), not auditor-verified"
"2205 COURTSIDE DR I, Columbus, OH, 43232",2205,COURTSIDE DR,I,Columbus,OH,43232,"census-confirmed apartment unit; residential inferred (unit), not auditor-verified"
"4550 LAKE SIDE N J, Columbus, OH, 43232",4550,LAKE SIDE N,J,Columbus,OH,43232,"census-confirmed apartment unit; residential inferred (unit), not auditor-verified"
"4579 HEMINGWAY CT D, Columbus, OH, 43232",4579,HEMINGWAY CT,D,Columbus,OH,43232,"census-confirmed apartment unit; residential inferred (unit), not auditor-verified"
"4571 HEMINGWAY CT D, Columbus, OH, 43232",4571,HEMINGWAY CT,D,Columbus,OH,43232,"census-confirmed apartment unit; residential inferred (unit), not auditor-verified"
"2810 NEWCASTLE CT 200, Columbus, OH, 43232",2810,NEWCASTLE CT,200,Columbus,OH,43232,"census-confirmed apartment unit; residential inferred (unit), not auditor-verified"
"4652 CHANNING TER B, Columbus, OH, 43232",4652,CHANNING TER,B,Columbus,OH,43232,"census-confirmed apartment unit; residential inferred (unit), not auditor-verified"
"4671 REFUGEE RD 3D, Columbus, OH, 43232",4671,REFUGEE RD,3D,Columbus,OH,43232,"census-confirmed apartment unit; residential inferred (unit), not auditor-verified"
"2827 WYMAN CT C, Columbus, OH, 43232",2827,WYMAN CT,C,Columbus,OH,43232,"census-confirmed apartment unit; residential inferred (unit), not auditor-verified"
"5119 CEDAR DR J, Columbus, OH, 43232",5119,CEDAR DR,J,Columbus,OH,43232,"census-confirmed apartment unit; residential inferred (unit), not auditor-verified"
"5675 BAIRSFORD CIR N 1, Columbus, OH, 43232",5675,BAIRSFORD CIR N,1,Columbus,OH,43232,"census-confirmed apartment unit; residential inferred (unit), not auditor-verified"
"5384 YORKSHIRE TERRACE DR C, Columbus, OH, 43232",5384,YORKSHIRE TERRACE DR,C,Columbus,OH,43232,"census-confirmed apartment unit; residential inferred (unit), not auditor-verified"
"2927 TENNYSON BLVD A, Columbus, OH, 43232",2927,TENNYSON BLVD,A,Columbus,OH,43232,"census-confirmed apartment unit; residential inferred (unit), not auditor-verified"
"4552 MANDEVILLE CT B, Columbus, OH, 43232",4552,MANDEVILLE CT,B,Columbus,OH,43232,"census-confirmed apartment unit; residential inferred (unit), not auditor-verified"
"4619 REFUGEE RD 2D, Columbus, OH, 43232",4619,REFUGEE RD,2D,Columbus,OH,43232,"census-confirmed apartment unit; residential inferred (unit), not auditor-verified"
"5564 HIBERNIA DR C, Columbus, OH, 43232",5564,HIBERNIA DR,C,Columbus,OH,43232,"census-confirmed apartment unit; residential inferred (unit), not auditor-verified"
"5518 DUNFIELD LN 6, Columbus, OH, 43232",5518,DUNFIELD LN,6,Columbus,OH,43232,"census-confirmed apartment unit; residential inferred (unit), not auditor-verified"
"5123 CEDAR DR A, Columbus, OH, 43232",5123,CEDAR DR,A,Columbus,OH,43232,"census-confirmed apartment unit; residential inferred (unit), not auditor-verified"
"4650 HILTON CORPORATE DR 113, Columbus, OH, 43232",4650,HILTON CORPORATE DR,113,Columbus,OH,43232,"census-confirmed apartment unit; residential inferred (unit), not auditor-verified"
"2826 CITIZENS PL G, Columbus, OH, 43232",2826,CITIZENS PL,G,Columbus,OH,43232,"census-confirmed apartment unit; residential inferred (unit), not auditor-verified"
"5145 CEDAR DR H, Columbus, OH, 43232",5145,CEDAR DR,H,Columbus,OH,43232,"census-confirmed apartment unit; residential inferred (unit), not auditor-verified"
"2510 KIMBERLY PKWY E 203, Columbus, OH, 43232",2510,KIMBERLY PKWY E,203,Columbus,OH,43232,"census-confirmed apartment unit; residential inferred (unit), not auditor-verified"
"5200 CEDAR DR C, Columbus, OH, 43232",5200,CEDAR DR,C,Columbus,OH,43232,"census-confirmed apartment unit; residential inferred (unit), not auditor-verified"
"5781 HALLRIDGE CIR CN A, Columbus, OH, 43232",5781,HALLRIDGE CIR,CN A,Columbus,OH,43232,"census-confirmed apartment unit; residential inferred (unit), not auditor-verified"
"5460 LONSDALE PL S UNIT A, Columbus, OH, 43232",5460,LONSDALE PL S,UNIT A,Columbus,OH,43232,"census-confirmed apartment unit; residential inferred (unit), not auditor-verified"
"5484 DUNFIELD LN 5, Columbus, OH, 43232",5484,DUNFIELD LN,5,Columbus,OH,43232,"census-confirmed apartment unit; residential inferred (unit), not auditor-verified"
"2500 SCARBOROUGH SQ 4, Columbus, OH, 43232",2500,SCARBOROUGH SQ,4,Columbus,OH,43232,"census-confirmed apartment unit; residential inferred (unit), not auditor-verified"
"2875 WINCHESTER CT B, Columbus, OH, 43232",2875,WINCHESTER CT,B,Columbus,OH,43232,"census-confirmed apartment unit; residential inferred (unit), not auditor-verified"
"5141 CEDAR DR B, Columbus, OH, 43232",5141,CEDAR DR,B,Columbus,OH,43232,"census-confirmed apartment unit; residential inferred (unit), not auditor-verified"
"4661 REFUGEE RD 3E, Columbus, OH, 43232",4661,REFUGEE RD,3E,Columbus,OH,43232,"census-confirmed apartment unit; residential inferred (unit), not auditor-verified"
"5604 HIBERNIA DR A, Columbus, OH, 43232",5604,HIBERNIA DR,A,Columbus,OH,43232,"census-confirmed apartment unit; residential inferred (unit), not auditor-verified"
"5200 CEDAR DR F, Columbus, OH, 43232",5200,CEDAR DR,F,Columbus,OH,43232,"census-confirmed apartment unit; residential inferred (unit), not auditor-verified"
"2784 CITIZENS PL A, Columbus, OH, 43232",2784,CITIZENS PL,A,Columbus,OH,43232,"census-confirmed apartment unit; residential inferred (unit), not auditor-verified"
"1297 YORKLAND RD UNIT, Columbus, OH, 43232",1297,YORKLAND RD,UNIT,Columbus,OH,43232,"census-confirmed apartment unit; residential inferred (unit), not auditor-verified"
"2855 CITIZENS PL E, Columbus, OH, 43232",2855,CITIZENS PL,E,Columbus,OH,43232,"census-confirmed apartment unit; residential inferred (unit), not auditor-verified"
"4655 REFUGEE RD 1B, Columbus, OH, 43232",4655,REFUGEE RD,1B,Columbus,OH,43232,"census-confirmed apartment unit; residential inferred (unit), not auditor-verified"
"5629 HIBERNIA DR A, Columbus, OH, 43232",5629,HIBERNIA DR,A,Columbus,OH,43232,"census-confirmed apartment unit; residential inferred (unit), not auditor-verified"
"5381 YORKSHIRE TERRACE DR 1A, Columbus, OH, 43232",5381,YORKSHIRE TERRACE DR,1A,Columbus,OH,43232,"census-confirmed apartment unit; residential inferred (unit), not auditor-verified"
"4525 LAKE SIDE S C, Columbus, OH, 43232",4525,LAKE SIDE S,C,Columbus,OH,43232,"census-confirmed apartment unit; residential inferred (unit), not auditor-verified"
"2855 CITIZENS PL H, Columbus, OH, 43232",2855,CITIZENS PL,H,Columbus,OH,43232,"census-confirmed apartment unit; residential inferred (unit), not auditor-verified"
"5751 HIBERNIA DR C, Columbus, OH, 43232",5751,HIBERNIA DR,C,Columbus,OH,43232,"census-confirmed apartment unit; residential inferred (unit), not auditor-verified"
"2825 CITIZENS PL E, Columbus, OH, 43232",2825,CITIZENS PL,E,Columbus,OH,43232,"census-confirmed apartment unit; residential inferred (unit), not auditor-verified"
"5685 BAIRSFORD CIR N 4, Columbus, OH, 43232",5685,BAIRSFORD CIR N,4,Columbus,OH,43232,"census-confirmed apartment unit; residential inferred (unit), not auditor-verified"
"1293 YORKLAND RD UNIT, Columbus, OH, 43232",1293,YORKLAND RD,UNIT,Columbus,OH,43232,"census-confirmed apartment unit; residential inferred (unit), not auditor-verified"
"5878 YORKLAND CT UNIT B, Columbus, OH, 43232",5878,YORKLAND CT,UNIT B,Columbus,OH,43232,"census-confirmed apartment unit; residential inferred (unit), not auditor-verified"
"6000 LAKE CLUB CT H, Columbus, OH, 43232",6000,LAKE CLUB CT,H,Columbus,OH,43232,"census-confirmed apartment unit; residential inferred (unit), not auditor-verified"
"2845 CITIZENS PL B, Columbus, OH, 43232",2845,CITIZENS PL,B,Columbus,OH,43232,"census-confirmed apartment unit; residential inferred (unit), not auditor-verified"
"2870 MERRYMOUNT CT B, Columbus, OH, 43232",2870,MERRYMOUNT CT,B,Columbus,OH,43232,"census-confirmed apartment unit; residential inferred (unit), not auditor-verified"
"5568 AUTUMN CHASE DR B, Columbus, OH, 43232",5568,AUTUMN CHASE DR,B,Columbus,OH,43232,"census-confirmed apartment unit; residential inferred (unit), not auditor-verified"
"2510 KIMBERLY PKWY E 310, Columbus, OH, 43232",2510,KIMBERLY PKWY E,310,Columbus,OH,43232,"census-confirmed apartment unit; residential inferred (unit), not auditor-verified"
"3180 ELIM MANOR CT 109, Columbus, OH, 43232",3180,ELIM MANOR CT,109,Columbus,OH,43232,"census-confirmed apartment unit; residential inferred (unit), not auditor-verified"
"2733 TENNYSON BLVD D, Columbus, OH, 43232",2733,TENNYSON BLVD,D,Columbus,OH,43232,"census-confirmed apartment unit; residential inferred (unit), not auditor-verified"
"5648 HIBERNIA DR B, Columbus, OH, 43232",5648,HIBERNIA DR,B,Columbus,OH,43232,"census-confirmed apartment unit; residential inferred (unit), not auditor-verified"
"2714 BRANDY DR 202, Columbus, OH, 43232",2714,BRANDY DR,202,Columbus,OH,43232,"census-confirmed apartment unit; residential inferred (unit), not auditor-verified"
"5576 HIBERNIA DR A, Columbus, OH, 43232",5576,HIBERNIA DR,A,Columbus,OH,43232,"census-confirmed apartment unit; residential inferred (unit), not auditor-verified"
"2744 CITIZENS PL G, Columbus, OH, 43232",2744,CITIZENS PL,G,Columbus,OH,43232,"census-confirmed apartment unit; residential inferred (unit), not auditor-verified"
"5981 LAKE CLUB SQ I, Columbus, OH, 43232",5981,LAKE CLUB SQ,I,Columbus,OH,43232,"census-confirmed apartment unit; residential inferred (unit), not auditor-verified"
"5424 LONSDALE PL N UNIT D, Columbus, OH, 43232",5424,LONSDALE PL N,UNIT D,Columbus,OH,43232,"census-confirmed apartment unit; residential inferred (unit), not auditor-verified"
"2809 CITIZENS PL G, Columbus, OH, 43232",2809,CITIZENS PL,G,Columbus,OH,43232,"census-confirmed apartment unit; residential inferred (unit), not auditor-verified"
"4613 REFUGEE RD 1D, Columbus, OH, 43232",4613,REFUGEE RD,1D,Columbus,OH,43232,"census-confirmed apartment unit; residential inferred (unit), not auditor-verified"
"4515 LAKE SIDE S L, Columbus, OH, 43232",4515,LAKE SIDE S,L,Columbus,OH,43232,"census-confirmed apartment unit; residential inferred (unit), not auditor-verified"
"5525 CANTARA PL 1, Columbus, OH, 43232",5525,CANTARA PL,1,Columbus,OH,43232,"census-confirmed apartment unit; residential inferred (unit), not auditor-verified"
"3180 ELIM MANOR CT 222, Columbus, OH, 43232",3180,ELIM MANOR CT,222,Columbus,OH,43232,"census-confirmed apartment unit; residential inferred (unit), not auditor-verified"
"2747 TENNYSON BLVD A, Columbus, OH, 43232",2747,TENNYSON BLVD,A,Columbus,OH,43232,"census-confirmed apartment unit; residential inferred (unit), not auditor-verified"
"5656 HIBERNIA DR A, Columbus, OH, 43232",5656,HIBERNIA DR,A,Columbus,OH,43232,"census-confirmed apartment unit; residential inferred (unit), not auditor-verified"
"5579 HIBERNIA DR B, Columbus, OH, 43232",5579,HIBERNIA DR,B,Columbus,OH,43232,"census-confirmed apartment unit; residential inferred (unit), not auditor-verified"
"2091 LAKE CLUB TER A, Columbus, OH, 43232",2091,LAKE CLUB TER,A,Columbus,OH,43232,"census-confirmed apartment unit; residential inferred (unit), not auditor-verified"
"4619 REFUGEE RD 3F, Columbus, OH, 43232",4619,REFUGEE RD,3F,Columbus,OH,43232,"census-confirmed apartment unit; residential inferred (unit), not auditor-verified"
"4593 REFUGEE RD 1H, Columbus, OH, 43232",4593,REFUGEE RD,1H,Columbus,OH,43232,"census-confirmed apartment unit; residential inferred (unit), not auditor-verified"
"4619 REFUGEE RD 3G, Columbus, OH, 43232",4619,REFUGEE RD,3G,Columbus,OH,43232,"census-confirmed apartment unit; residential inferred (unit), not auditor-verified"
"2785 CITIZENS PL B, Columbus, OH, 43232",2785,CITIZENS PL,B,Columbus,OH,43232,"census-confirmed apartment unit; residential inferred (unit), not auditor-verified"
"2508 SCARBOROUGH SQ 6, Columbus, OH, 43232",2508,SCARBOROUGH SQ,6,Columbus,OH,43232,"census-confirmed apartment unit; residential inferred (unit), not auditor-verified"
"2785 CITIZENS PL E, Columbus, OH, 43232",2785,CITIZENS PL,E,Columbus,OH,43232,"census-confirmed apartment unit; residential inferred (unit), not auditor-verified"
"2740 EASTLAND MALL UNIT B, Columbus, OH, 43232",2740,EASTLAND MALL,UNIT B,Columbus,OH,43232,"census-confirmed apartment unit; residential inferred (unit), not auditor-verified"
"2213 COURTSIDE DR F, Columbus, OH, 43232",2213,COURTSIDE DR,F,Columbus,OH,43232,"census-confirmed apartment unit; residential inferred (unit), not auditor-verified"
"5445 LONSDALE PL N UNIT B, Columbus, OH, 43232",5445,LONSDALE PL N,UNIT B,Columbus,OH,43232,"census-confirmed apartment unit; residential inferred (unit), not auditor-verified"
"2093 LAKE CLUB TER A, Columbus, OH, 43232",2093,LAKE CLUB TER,A,Columbus,OH,43232,"census-confirmed apartment unit; residential inferred (unit), not auditor-verified"
"5625 HIBERNIA DR B, Columbus, OH, 43232",5625,HIBERNIA DR,B,Columbus,OH,43232,"census-confirmed apartment unit; residential inferred (unit), not auditor-verified"
"4644 HEBRIDES DR A, Columbus, OH, 43232",4644,HEBRIDES DR,A,Columbus,OH,43232,"census-confirmed apartment unit; residential inferred (unit), not auditor-verified"
"4570 MANDEVILLE CT C, Columbus, OH, 43232",4570,MANDEVILLE CT,C,Columbus,OH,43232,"census-confirmed apartment unit; residential inferred (unit), not auditor-verified"
"4642 HEBRIDES DR A, Columbus, OH, 43232",4642,HEBRIDES DR,A,Columbus,OH,43232,"census-confirmed apartment unit; residential inferred (unit), not auditor-verified"
"4649 COLERIDGE CT A, Columbus, OH, 43232",4649,COLERIDGE CT,A,Columbus,OH,43232,"census-confirmed apartment unit; residential inferred (unit), not auditor-verified"
"2233 COURTSIDE DR D, Columbus, OH, 43232",2233,COURTSIDE DR,D,Columbus,OH,43232,"census-confirmed apartment unit; residential inferred (unit), not auditor-verified"
"5533 CANTARA PL 2, Columbus, OH, 43232",5533,CANTARA PL,2,Columbus,OH,43232,"census-confirmed apartment unit; residential inferred (unit), not auditor-verified"
"4520 LAKE SIDE N D, Columbus, OH, 43232",4520,LAKE SIDE N,D,Columbus,OH,43232,"census-confirmed apartment unit; residential inferred (unit), not auditor-verified"
"5119 CEDAR DR K, Columbus, OH, 43232",5119,CEDAR DR,K,Columbus,OH,43232,"census-confirmed apartment unit; residential inferred (unit), not auditor-verified"
"2785 MARWOOD CT C, Columbus, OH, 43232",2785,MARWOOD CT,C,Columbus,OH,43232,"census-confirmed apartment unit; residential inferred (unit), not auditor-verified"
"4599 MONMOUTH CT 211, Columbus, OH, 43232",4599,MONMOUTH CT,211,Columbus,OH,43232,"census-confirmed apartment unit; residential inferred (unit), not auditor-verified"
"4665 REFUGEE RD 2I, Columbus, OH, 43232",4665,REFUGEE RD,2I,Columbus,OH,43232,"census-confirmed apartment unit; residential inferred (unit), not auditor-verified"
"5664 HIBERNIA DR C, Columbus, OH, 43232",5664,HIBERNIA DR,C,Columbus,OH,43232,"census-confirmed apartment unit; residential inferred (unit), not auditor-verified"
"5333 YORKSHIRE TERRACE DR D, Columbus, OH, 43232",5333,YORKSHIRE TERRACE DR,D,Columbus,OH,43232,"census-confirmed apartment unit; residential inferred (unit), not auditor-verified"
"5467 LONSDALE PL N UNIT C, Columbus, OH, 43232",5467,LONSDALE PL N,UNIT C,Columbus,OH,43232,"census-confirmed apartment unit; residential inferred (unit), not auditor-verified"
"2870 WOOLWICH CT 207, Columbus, OH, 43232",2870,WOOLWICH CT,207,Columbus,OH,43232,"census-confirmed apartment unit; residential inferred (unit), not auditor-verified"
"5475 LONSDALE PL S UNIT D, Columbus, OH, 43232",5475,LONSDALE PL S,UNIT D,Columbus,OH,43232,"census-confirmed apartment unit; residential inferred (unit), not auditor-verified"
"4570 ISINGTON CT 207, Columbus, OH, 43232",4570,ISINGTON CT,207,Columbus,OH,43232,"census-confirmed apartment unit; residential inferred (unit), not auditor-verified"
"1894 COVENTRY CT B, Columbus, OH, 43232",1894,COVENTRY CT,B,Columbus,OH,43232,"census-confirmed apartment unit; residential inferred (unit), not auditor-verified"
"5656 HIBERNIA DR B, Columbus, OH, 43232",5656,HIBERNIA DR,B,Columbus,OH,43232,"census-confirmed apartment unit; residential inferred (unit), not auditor-verified"
"2798 MARWOOD CT D, Columbus, OH, 43232",2798,MARWOOD CT,D,Columbus,OH,43232,"census-confirmed apartment unit; residential inferred (unit), not auditor-verified"
"2744 BRANDY DR 202, Columbus, OH, 43232",2744,BRANDY DR,202,Columbus,OH,43232,"census-confirmed apartment unit; residential inferred (unit), not auditor-verified"
"2740 CITIZENS PL H, Columbus, OH, 43232",2740,CITIZENS PL,H,Columbus,OH,43232,"census-confirmed apartment unit; residential inferred (unit), not auditor-verified"
"5123 CEDAR DR H, Columbus, OH, 43232",5123,CEDAR DR,H,Columbus,OH,43232,"census-confirmed apartment unit; residential inferred (unit), not auditor-verified"
"5629 HIBERNIA DR B, Columbus, OH, 43232",5629,HIBERNIA DR,B,Columbus,OH,43232,"census-confirmed apartment unit; residential inferred (unit), not auditor-verified"
"4798 LARAINE CT 102, Columbus, OH, 43232",4798,LARAINE CT,102,Columbus,OH,43232,"census-confirmed apartment unit; residential inferred (unit), not auditor-verified"
"5547 HIBERNIA DR A, Columbus, OH, 43232",5547,HIBERNIA DR,A,Columbus,OH,43232,"census-confirmed apartment unit; residential inferred (unit), not auditor-verified"
"4630 HILTON CORPORATE DR 202, Columbus, OH, 43232",4630,HILTON CORPORATE DR,202,Columbus,OH,43232,"census-confirmed apartment unit; residential inferred (unit), not auditor-verified"
"1285 YORKLAND RD UNIT L, Columbus, OH, 43232",1285,YORKLAND RD,UNIT L,Columbus,OH,43232,"census-confirmed apartment unit; residential inferred (unit), not auditor-verified"
"5459 E LIVINGSTON AVE UNIT B, Columbus, OH, 43232",5459,E LIVINGSTON AVE,UNIT B,Columbus,OH,43232,"census-confirmed apartment unit; residential inferred (unit), not auditor-verified"
"2401 SHORE BLVD E C, Columbus, OH, 43232",2401,SHORE BLVD E,C,Columbus,OH,43232,"census-confirmed apartment unit; residential inferred (unit), not auditor-verified"
"4597 REFUGEE RD 3H, Columbus, OH, 43232",4597,REFUGEE RD,3H,Columbus,OH,43232,"census-confirmed apartment unit; residential inferred (unit), not auditor-verified"
"4818 LARAINE CT 204, Columbus, OH, 43232",4818,LARAINE CT,204,Columbus,OH,43232,"census-confirmed apartment unit; residential inferred (unit), not auditor-verified"
"5589 AUTUMN CHASE DR A, Columbus, OH, 43232",5589,AUTUMN CHASE DR,A,Columbus,OH,43232,"census-confirmed apartment unit; residential inferred (unit), not auditor-verified"
"4505 LAKE SIDE N D, Columbus, OH, 43232",4505,LAKE SIDE N,D,Columbus,OH,43232,"census-confirmed apartment unit; residential inferred (unit), not auditor-verified"
"5607 HIBERNIA DR A, Columbus, OH, 43232",5607,HIBERNIA DR,A,Columbus,OH,43232,"census-confirmed apartment unit; residential inferred (unit), not auditor-verified"
"5633 HIBERNIA DR B, Columbus, OH, 43232",5633,HIBERNIA DR,B,Columbus,OH,43232,"census-confirmed apartment unit; residential inferred (unit), not auditor-verified"
"4663 REFUGEE RD 1D, Columbus, OH, 43232",4663,REFUGEE RD,1D,Columbus,OH,43232,"census-confirmed apartment unit; residential inferred (unit), not auditor-verified"
"2800 MARWOOD CT C, Columbus, OH, 43232",2800,MARWOOD CT,C,Columbus,OH,43232,"census-confirmed apartment unit; residential inferred (unit), not auditor-verified"
"2810 CITIZENS PL G, Columbus, OH, 43232",2810,CITIZENS PL,G,Columbus,OH,43232,"census-confirmed apartment unit; residential inferred (unit), not auditor-verified"
"5200 CEDAR DR J, Columbus, OH, 43232",5200,CEDAR DR,J,Columbus,OH,43232,"census-confirmed apartment unit; residential inferred (unit), not auditor-verified"
"5073 REFUGEE RD CATV, Columbus, OH, 43232",5073,REFUGEE RD,CATV,Columbus,OH,43232,"census-confirmed apartment unit; residential inferred (unit), not auditor-verified"
"4573 MONMOUTH CT 214, Columbus, OH, 43232",4573,MONMOUTH CT,214,Columbus,OH,43232,"census-confirmed apartment unit; residential inferred (unit), not auditor-verified"
"5685 BAIRSFORD CIR N 2, Columbus, OH, 43232",5685,BAIRSFORD CIR N,2,Columbus,OH,43232,"census-confirmed apartment unit; residential inferred (unit), not auditor-verified"
"5603 HIBERNIA DR C, Columbus, OH, 43232",5603,HIBERNIA DR,C,Columbus,OH,43232,"census-confirmed apartment unit; residential inferred (unit), not auditor-verified"
"2231 COURTSIDE DR F, Columbus, OH, 43232",2231,COURTSIDE DR,F,Columbus,OH,43232,"census-confirmed apartment unit; residential inferred (unit), not auditor-verified"
"2724 TENNYSON BLVD D, Columbus, OH, 43232",2724,TENNYSON BLVD,D,Columbus,OH,43232,"census-confirmed apartment unit; residential inferred (unit), not auditor-verified"
"2421 SHORE BLVD E D, Columbus, OH, 43232",2421,SHORE BLVD E,D,Columbus,OH,43232,"census-confirmed apartment unit; residential inferred (unit), not auditor-verified"
"5675 BAIRSFORD CIR N 8, Columbus, OH, 43232",5675,BAIRSFORD CIR N,8,Columbus,OH,43232,"census-confirmed apartment unit; residential inferred (unit), not auditor-verified"
"4557 LAKE SIDE S A, Columbus, OH, 43232",4557,LAKE SIDE S,A,Columbus,OH,43232,"census-confirmed apartment unit; residential inferred (unit), not auditor-verified"
"5415 YORKSHIRE TERRACE DR 8C, Columbus, OH, 43232",5415,YORKSHIRE TERRACE DR,8C,Columbus,OH,43232,"census-confirmed apartment unit; residential inferred (unit), not auditor-verified"
"5522 DUNFIELD LN 1, Columbus, OH, 43232",5522,DUNFIELD LN,1,Columbus,OH,43232,"census-confirmed apartment unit; residential inferred (unit), not auditor-verified"
"2231 COURTSIDE DR I, Columbus, OH, 43232",2231,COURTSIDE DR,I,Columbus,OH,43232,"census-confirmed apartment unit; residential inferred (unit), not auditor-verified"
"2510 KIMBERLY PKWY E 304, Columbus, OH, 43232",2510,KIMBERLY PKWY E,304,Columbus,OH,43232,"census-confirmed apartment unit; residential inferred (unit), not auditor-verified"
"5415 YORKSHIRE TERRACE DR 7C, Columbus, OH, 43232",5415,YORKSHIRE TERRACE DR,7C,Columbus,OH,43232,"census-confirmed apartment unit; residential inferred (unit), not auditor-verified"
"4505 LAKE SIDE S D, Columbus, OH, 43232",4505,LAKE SIDE S,D,Columbus,OH,43232,"census-confirmed apartment unit; residential inferred (unit), not auditor-verified"
"5617 HIBERNIA DR A, Columbus, OH, 43232",5617,HIBERNIA DR,A,Columbus,OH,43232,"census-confirmed apartment unit; residential inferred (unit), not auditor-verified"
"2912 MERRYMOUNT CT B, Columbus, OH, 43232",2912,MERRYMOUNT CT,B,Columbus,OH,43232,"census-confirmed apartment unit; residential inferred (unit), not auditor-verified"
"4800 LARAINE CT 101, Columbus, OH, 43232",4800,LARAINE CT,101,Columbus,OH,43232,"census-confirmed apartment unit; residential inferred (unit), not auditor-verified"
"5393 YORKSHIRE TERRACE DR 4C, Columbus, OH, 43232",5393,YORKSHIRE TERRACE DR,4C,Columbus,OH,43232,"census-confirmed apartment unit; residential inferred (unit), not auditor-verified"
"5398 YORKSHIRE TERRACE DR C, Columbus, OH, 43232",5398,YORKSHIRE TERRACE DR,C,Columbus,OH,43232,"census-confirmed apartment unit; residential inferred (unit), not auditor-verified"
"4657 REFUGEE RD 3F, Columbus, OH, 43232",4657,REFUGEE RD,3F,Columbus,OH,43232,"census-confirmed apartment unit; residential inferred (unit), not auditor-verified"
"5711 HIBERNIA DR C, Columbus, OH, 43232",5711,HIBERNIA DR,C,Columbus,OH,43232,"census-confirmed apartment unit; residential inferred (unit), not auditor-verified"
"2776 CITIZENS PL F, Columbus, OH, 43232",2776,CITIZENS PL,F,Columbus,OH,43232,"census-confirmed apartment unit; residential inferred (unit), not auditor-verified"
"5097 CEDAR DR C, Columbus, OH, 43232",5097,CEDAR DR,C,Columbus,OH,43232,"census-confirmed apartment unit; residential inferred (unit), not auditor-verified"
"4575 LAKE SIDE S B, Columbus, OH, 43232",4575,LAKE SIDE S,B,Columbus,OH,43232,"census-confirmed apartment unit; residential inferred (unit), not auditor-verified"
"2830 WYMAN CT B, Columbus, OH, 43232",2830,WYMAN CT,B,Columbus,OH,43232,"census-confirmed apartment unit; residential inferred (unit), not auditor-verified"
"4622 HEBRIDES DR D, Columbus, OH, 43232",4622,HEBRIDES DR,D,Columbus,OH,43232,"census-confirmed apartment unit; residential inferred (unit), not auditor-verified"
"2870 MERRYMOUNT CT A, Columbus, OH, 43232",2870,MERRYMOUNT CT,A,Columbus,OH,43232,"census-confirmed apartment unit; residential inferred (unit), not auditor-verified"
"4621 REFUGEE RD 3A, Columbus, OH, 43232",4621,REFUGEE RD,3A,Columbus,OH,43232,"census-confirmed apartment unit; residential inferred (unit), not auditor-verified"
"2870 WOOLWICH CT 108, Columbus, OH, 43232",2870,WOOLWICH CT,108,Columbus,OH,43232,"census-confirmed apartment unit; residential inferred (unit), not auditor-verified"
"4669 REFUGEE RD 3G, Columbus, OH, 43232",4669,REFUGEE RD,3G,Columbus,OH,43232,"census-confirmed apartment unit; residential inferred (unit), not auditor-verified"
"2510 KIMBERLY PKWY E 302, Columbus, OH, 43232",2510,KIMBERLY PKWY E,302,Columbus,OH,43232,"census-confirmed apartment unit; residential inferred (unit), not auditor-verified"
"4657 REFUGEE RD 1F, Columbus, OH, 43232",4657,REFUGEE RD,1F,Columbus,OH,43232,"census-confirmed apartment unit; residential inferred (unit), not auditor-verified"
"4595 REFUGEE RD 1C, Columbus, OH, 43232",4595,REFUGEE RD,1C,Columbus,OH,43232,"census-confirmed apartment unit; residential inferred (unit), not auditor-verified"
"4630 HILTON CORPORATE DR 201, Columbus, OH, 43232",4630,HILTON CORPORATE DR,201,Columbus,OH,43232,"census-confirmed apartment unit; residential inferred (unit), not auditor-verified"
"2886 TENNYSON BLVD C, Columbus, OH, 43232",2886,TENNYSON BLVD,C,Columbus,OH,43232,"census-confirmed apartment unit; residential inferred (unit), not auditor-verified"
"2828 CITIZENS PL F, Columbus, OH, 43232",2828,CITIZENS PL,F,Columbus,OH,43232,"census-confirmed apartment unit; residential inferred (unit), not auditor-verified"
"4615 REFUGEE RD 1B, Columbus, OH, 43232",4615,REFUGEE RD,1B,Columbus,OH,43232,"census-confirmed apartment unit; residential inferred (unit), not auditor-verified"
"3473 COURTRIGHT LN A, Columbus, OH, 43232",3473,COURTRIGHT LN,A,Columbus,OH,43232,"census-confirmed apartment unit; residential inferred (unit), not auditor-verified"
"2802 CITIZENS PL F, Columbus, OH, 43232",2802,CITIZENS PL,F,Columbus,OH,43232,"census-confirmed apartment unit; residential inferred (unit), not auditor-verified"
"2794 TENNYSON BLVD C, Columbus, OH, 43232",2794,TENNYSON BLVD,C,Columbus,OH,43232,"census-confirmed apartment unit; residential inferred (unit), not auditor-verified"
"2089 LAKE CLUB TER C, Columbus, OH, 43232",2089,LAKE CLUB TER,C,Columbus,OH,43232,"census-confirmed apartment unit; residential inferred (unit), not auditor-verified"
"5453 LONSDALE PL S UNIT D, Columbus, OH, 43232",5453,LONSDALE PL S,UNIT D,Columbus,OH,43232,"census-confirmed apartment unit; residential inferred (unit), not auditor-verified"
"2755 TENNYSON BLVD A, Columbus, OH, 43232",2755,TENNYSON BLVD,A,Columbus,OH,43232,"census-confirmed apartment unit; residential inferred (unit), not auditor-verified"
"4792 LARAINE CT 103, Columbus, OH, 43232",4792,LARAINE CT,103,Columbus,OH,43232,"census-confirmed apartment unit; residential inferred (unit), not auditor-verified"
"5083 CEDAR DR G, Columbus, OH, 43232",5083,CEDAR DR,G,Columbus,OH,43232,"census-confirmed apartment unit; residential inferred (unit), not auditor-verified"
"5119 CEDAR DR A, Columbus, OH, 43232",5119,CEDAR DR,A,Columbus,OH,43232,"census-confirmed apartment unit; residential inferred (unit), not auditor-verified"
"6001 LAKE CLUB CT H, Columbus, OH, 43232",6001,LAKE CLUB CT,H,Columbus,OH,43232,"census-confirmed apartment unit; residential inferred (unit), not auditor-verified"
"2205 COURTSIDE DR H, Columbus, OH, 43232",2205,COURTSIDE DR,H,Columbus,OH,43232,"census-confirmed apartment unit; residential inferred (unit), not auditor-verified"
"2865 CITIZENS PL C, Columbus, OH, 43232",2865,CITIZENS PL,C,Columbus,OH,43232,"census-confirmed apartment unit; residential inferred (unit), not auditor-verified"
"2510 KIMBERLY PKWY E 301, Columbus, OH, 43232",2510,KIMBERLY PKWY E,301,Columbus,OH,43232,"census-confirmed apartment unit; residential inferred (unit), not auditor-verified"
"2817 WYMAN CT D, Columbus, OH, 43232",2817,WYMAN CT,D,Columbus,OH,43232,"census-confirmed apartment unit; residential inferred (unit), not auditor-verified"
"4615 REFUGEE RD 1C, Columbus, OH, 43232",4615,REFUGEE RD,1C,Columbus,OH,43232,"census-confirmed apartment unit; residential inferred (unit), not auditor-verified"
"4593 REFUGEE RD 3J, Columbus, OH, 43232",4593,REFUGEE RD,3J,Columbus,OH,43232,"census-confirmed apartment unit; residential inferred (unit), not auditor-verified"
"4774 LARAINE CT 202, Columbus, OH, 43232",4774,LARAINE CT,202,Columbus,OH,43232,"census-confirmed apartment unit; residential inferred (unit), not auditor-verified"
"4622 HEBRIDES DR B, Columbus, OH, 43232",4622,HEBRIDES DR,B,Columbus,OH,43232,"census-confirmed apartment unit; residential inferred (unit), not auditor-verified"
"4609 REFUGEE RD 2K, Columbus, OH, 43232",4609,REFUGEE RD,2K,Columbus,OH,43232,"census-confirmed apartment unit; residential inferred (unit), not auditor-verified"
"2544 SCARBOROUGH SQ 13, Columbus, OH, 43232",2544,SCARBOROUGH SQ,13,Columbus,OH,43232,"census-confirmed apartment unit; residential inferred (unit), not auditor-verified"
"2791 CITIZENS PL D, Columbus, OH, 43232",2791,CITIZENS PL,D,Columbus,OH,43232,"census-confirmed apartment unit; residential inferred (unit), not auditor-verified"
"4624 CHANNING TER B, Columbus, OH, 43232",4624,CHANNING TER,B,Columbus,OH,43232,"census-confirmed apartment unit; residential inferred (unit), not auditor-verified"
"2236 S HAMILTON RD 200, Columbus, OH, 43232",2236,S HAMILTON RD,200,Columbus,OH,43232,"census-confirmed apartment unit; residential inferred (unit), not auditor-verified"
"2943 TENNYSON BLVD A, Columbus, OH, 43232",2943,TENNYSON BLVD,A,Columbus,OH,43232,"census-confirmed apartment unit; residential inferred (unit), not auditor-verified"
"5427 YORKSHIRE TERRACE DR 5A, Columbus, OH, 43232",5427,YORKSHIRE TERRACE DR,5A,Columbus,OH,43232,"census-confirmed apartment unit; residential inferred (unit), not auditor-verified"
"2843 CITIZENS PL D, Columbus, OH, 43232",2843,CITIZENS PL,D,Columbus,OH,43232,"census-confirmed apartment unit; residential inferred (unit), not auditor-verified"
"2849 CITIZENS PL H, Columbus, OH, 43232",2849,CITIZENS PL,H,Columbus,OH,43232,"census-confirmed apartment unit; residential inferred (unit), not auditor-verified"
"4619 REFUGEE RD 1H, Columbus, OH, 43232",4619,REFUGEE RD,1H,Columbus,OH,43232,"census-confirmed apartment unit; residential inferred (unit), not auditor-verified"
"4659 REFUGEE RD 2E, Columbus, OH, 43232",4659,REFUGEE RD,2E,Columbus,OH,43232,"census-confirmed apartment unit; residential inferred (unit), not auditor-verified"
"4640 HEBRIDES DR D, Columbus, OH, 43232",4640,HEBRIDES DR,D,Columbus,OH,43232,"census-confirmed apartment unit; residential inferred (unit), not auditor-verified"
"5357 YORKSHIRE TERRACE DR A, Columbus, OH, 43232",5357,YORKSHIRE TERRACE DR,A,Columbus,OH,43232,"census-confirmed apartment unit; residential inferred (unit), not auditor-verified"
"5792 HIBERNIA DR A, Columbus, OH, 43232",5792,HIBERNIA DR,A,Columbus,OH,43232,"census-confirmed apartment unit; residential inferred (unit), not auditor-verified"
"5555 HIBERNIA DR C, Columbus, OH, 43232",5555,HIBERNIA DR,C,Columbus,OH,43232,"census-confirmed apartment unit; residential inferred (unit), not auditor-verified"
"1285 YORKLAND RD UNIT D, Columbus, OH, 43232",1285,YORKLAND RD,UNIT D,Columbus,OH,43232,"census-confirmed apartment unit; residential inferred (unit), not auditor-verified"
"4591 WORDSWORTH CT A, Columbus, OH, 43232",4591,WORDSWORTH CT,A,Columbus,OH,43232,"census-confirmed apartment unit; residential inferred (unit), not auditor-verified"
"4583 ISINGTON CT C, Columbus, OH, 43232",4583,ISINGTON CT,C,Columbus,OH,43232,"census-confirmed apartment unit; residential inferred (unit), not auditor-verified"
"5439 LONSDALE PL S UNIT B, Columbus, OH, 43232",5439,LONSDALE PL S,UNIT B,Columbus,OH,43232,"census-confirmed apartment unit; residential inferred (unit), not auditor-verified"
"5980 LAKE CLUB SQ F, Columbus, OH, 43232",5980,LAKE CLUB SQ,F,Columbus,OH,43232,"census-confirmed apartment unit; residential inferred (unit), not auditor-verified"
"5536 DUNFIELD LN 6, Columbus, OH, 43232",5536,DUNFIELD LN,6,Columbus,OH,43232,"census-confirmed apartment unit; residential inferred (unit), not auditor-verified"
"4597 REFUGEE RD 1F, Columbus, OH, 43232",4597,REFUGEE RD,1F,Columbus,OH,43232,"census-confirmed apartment unit; residential inferred (unit), not auditor-verified"
"4652 CHANNING TER D, Columbus, OH, 43232",4652,CHANNING TER,D,Columbus,OH,43232,"census-confirmed apartment unit; residential inferred (unit), not auditor-verified"
"2844 CITIZENS PL E, Columbus, OH, 43232",2844,CITIZENS PL,E,Columbus,OH,43232,"census-confirmed apartment unit; residential inferred (unit), not auditor-verified"
"5980 LAKE CLUB SQ B, Columbus, OH, 43232",5980,LAKE CLUB SQ,B,Columbus,OH,43232,"census-confirmed apartment unit; residential inferred (unit), not auditor-verified"
"5145 CEDAR DR D, Columbus, OH, 43232",5145,CEDAR DR,D,Columbus,OH,43232,"census-confirmed apartment unit; residential inferred (unit), not auditor-verified"
"2875 WINCHESTER CT C, Columbus, OH, 43232",2875,WINCHESTER CT,C,Columbus,OH,43232,"census-confirmed apartment unit; residential inferred (unit), not auditor-verified"
"4567 MANDEVILLE CT C, Columbus, OH, 43232",4567,MANDEVILLE CT,C,Columbus,OH,43232,"census-confirmed apartment unit; residential inferred (unit), not auditor-verified"
"2786 CITIZENS PL D, Columbus, OH, 43232",2786,CITIZENS PL,D,Columbus,OH,43232,"census-confirmed apartment unit; residential inferred (unit), not auditor-verified"
"5448 LONSDALE PL S UNIT B, Columbus, OH, 43232",5448,LONSDALE PL S,UNIT B,Columbus,OH,43232,"census-confirmed apartment unit; residential inferred (unit), not auditor-verified"
"2779 CITIZENS PL G, Columbus, OH, 43232",2779,CITIZENS PL,G,Columbus,OH,43232,"census-confirmed apartment unit; residential inferred (unit), not auditor-verified"
"5467 E LIVINGSTON AVE UNIT D, Columbus, OH, 43232",5467,E LIVINGSTON AVE,UNIT D,Columbus,OH,43232,"census-confirmed apartment unit; residential inferred (unit), not auditor-verified"
"5551 HIBERNIA DR C, Columbus, OH, 43232",5551,HIBERNIA DR,C,Columbus,OH,43232,"census-confirmed apartment unit; residential inferred (unit), not auditor-verified"
"2797 MARWOOD CT A, Columbus, OH, 43232",2797,MARWOOD CT,A,Columbus,OH,43232,"census-confirmed apartment unit; residential inferred (unit), not auditor-verified"
"5689 HIBERNIA DR B, Columbus, OH, 43232",5689,HIBERNIA DR,B,Columbus,OH,43232,"census-confirmed apartment unit; residential inferred (unit), not auditor-verified"
"2731 TENNYSON BLVD C, Columbus, OH, 43232",2731,TENNYSON BLVD,C,Columbus,OH,43232,"census-confirmed apartment unit; residential inferred (unit), not auditor-verified"
"4609 REFUGEE RD 3L, Columbus, OH, 43232",4609,REFUGEE RD,3L,Columbus,OH,43232,"census-confirmed apartment unit; residential inferred (unit), not auditor-verified"
"5844 HALLRIDGE CIR A, Columbus, OH, 43232",5844,HALLRIDGE CIR,A,Columbus,OH,43232,"census-confirmed apartment unit; residential inferred (unit), not auditor-verified"
"5030 COVENTRY DR B, Columbus, OH, 43232",5030,COVENTRY DR,B,Columbus,OH,43232,"census-confirmed apartment unit; residential inferred (unit), not auditor-verified"
"4800 LARAINE CT 201, Columbus, OH, 43232",4800,LARAINE CT,201,Columbus,OH,43232,"census-confirmed apartment unit; residential inferred (unit), not auditor-verified"
"5145 CEDAR DR C, Columbus, OH, 43232",5145,CEDAR DR,C,Columbus,OH,43232,"census-confirmed apartment unit; residential inferred (unit), not auditor-verified"
"2764 BRANDY DR 102, Columbus, OH, 43232",2764,BRANDY DR,102,Columbus,OH,43232,"census-confirmed apartment unit; residential inferred (unit), not auditor-verified"
"4515 LAKE SIDE S J, Columbus, OH, 43232",4515,LAKE SIDE S,J,Columbus,OH,43232,"census-confirmed apartment unit; residential inferred (unit), not auditor-verified"
"2425 KIMBERLY PKWY E 1, Columbus, OH, 43232",2425,KIMBERLY PKWY E,1,Columbus,OH,43232,"census-confirmed apartment unit; residential inferred (unit), not auditor-verified"
"4661 COLERIDGE CT C, Columbus, OH, 43232",4661,COLERIDGE CT,C,Columbus,OH,43232,"census-confirmed apartment unit; residential inferred (unit), not auditor-verified"
"5747 HIBERNIA DR B, Columbus, OH, 43232",5747,HIBERNIA DR,B,Columbus,OH,43232,"census-confirmed apartment unit; residential inferred (unit), not auditor-verified"
"4597 REFUGEE RD 1E, Columbus, OH, 43232",4597,REFUGEE RD,1E,Columbus,OH,43232,"census-confirmed apartment unit; residential inferred (unit), not auditor-verified"
"4774 LARAINE CT 102, Columbus, OH, 43232",4774,LARAINE CT,102,Columbus,OH,43232,"census-confirmed apartment unit; residential inferred (unit), not auditor-verified"
"2778 TENNYSON BLVD A, Columbus, OH, 43232",2778,TENNYSON BLVD,A,Columbus,OH,43232,"census-confirmed apartment unit; residential inferred (unit), not auditor-verified"
"2900 NATHANIEL BLVD D, Columbus, OH, 43232",2900,NATHANIEL BLVD,D,Columbus,OH,43232,"census-confirmed apartment unit; residential inferred (unit), not auditor-verified"
"4605 REFUGEE RD 2B, Columbus, OH, 43232",4605,REFUGEE RD,2B,Columbus,OH,43232,"census-confirmed apartment unit; residential inferred (unit), not auditor-verified"
"5880 YORKLAND CT UNIT M, Columbus, OH, 43232",5880,YORKLAND CT,UNIT M,Columbus,OH,43232,"census-confirmed apartment unit; residential inferred (unit), not auditor-verified"
"5356 YORKSHIRE TERRACE DR D, Columbus, OH, 43232",5356,YORKSHIRE TERRACE DR,D,Columbus,OH,43232,"census-confirmed apartment unit; residential inferred (unit), not auditor-verified"
"4615 REFUGEE RD 2E, Columbus, OH, 43232",4615,REFUGEE RD,2E,Columbus,OH,43232,"census-confirmed apartment unit; residential inferred (unit), not auditor-verified"
"2797 TENNYSON BLVD D, Columbus, OH, 43232",2797,TENNYSON BLVD,D,Columbus,OH,43232,"census-confirmed apartment unit; residential inferred (unit), not auditor-verified"
"2481 SHORE BLVD E K, Columbus, OH, 43232",2481,SHORE BLVD E,K,Columbus,OH,43232,"census-confirmed apartment unit; residential inferred (unit), not auditor-verified"
"4603 REFUGEE RD 2D, Columbus, OH, 43232",4603,REFUGEE RD,2D,Columbus,OH,43232,"census-confirmed apartment unit; residential inferred (unit), not auditor-verified"
"5675 BAIRSFORD CIR N 11, Columbus, OH, 43232",5675,BAIRSFORD CIR N,11,Columbus,OH,43232,"census-confirmed apartment unit; residential inferred (unit), not auditor-verified"
"5462 LONSDALE PL N UNIT D, Columbus, OH, 43232",5462,LONSDALE PL N,UNIT D,Columbus,OH,43232,"census-confirmed apartment unit; residential inferred (unit), not auditor-verified"
"4669 REFUGEE RD 1G, Columbus, OH, 43232",4669,REFUGEE RD,1G,Columbus,OH,43232,"census-confirmed apartment unit; residential inferred (unit), not auditor-verified"
"4585 LAKE SIDE S L, Columbus, OH, 43232",4585,LAKE SIDE S,L,Columbus,OH,43232,"census-confirmed apartment unit; residential inferred (unit), not auditor-verified"
"5685 BAIRSFORD CIR N 10, Columbus, OH, 43232",5685,BAIRSFORD CIR N,10,Columbus,OH,43232,"census-confirmed apartment unit; residential inferred (unit), not auditor-verified"
"2238 S HAMILTON RD 100, Columbus, OH, 43232",2238,S HAMILTON RD,100,Columbus,OH,43232,"census-confirmed apartment unit; residential inferred (unit), not auditor-verified"
"2800 MARWOOD CT D, Columbus, OH, 43232",2800,MARWOOD CT,D,Columbus,OH,43232,"census-confirmed apartment unit; residential inferred (unit), not auditor-verified"
"2785 MARWOOD CT D, Columbus, OH, 43232",2785,MARWOOD CT,D,Columbus,OH,43232,"census-confirmed apartment unit; residential inferred (unit), not auditor-verified"
"2834 WYMAN CT A, Columbus, OH, 43232",2834,WYMAN CT,A,Columbus,OH,43232,"census-confirmed apartment unit; residential inferred (unit), not auditor-verified"
"4650 HILTON CORPORATE DR 318, Columbus, OH, 43232",4650,HILTON CORPORATE DR,318,Columbus,OH,43232,"census-confirmed apartment unit; residential inferred (unit), not auditor-verified"
"4616 CHANNING TER B, Columbus, OH, 43232",4616,CHANNING TER,B,Columbus,OH,43232,"census-confirmed apartment unit; residential inferred (unit), not auditor-verified"
"4609 REFUGEE RD 3H, Columbus, OH, 43232",4609,REFUGEE RD,3H,Columbus,OH,43232,"census-confirmed apartment unit; residential inferred (unit), not auditor-verified"
"4544 LAKE SIDE S B, Columbus, OH, 43232",4544,LAKE SIDE S,B,Columbus,OH,43232,"census-confirmed apartment unit; residential inferred (unit), not auditor-verified"
"5501 E LIVINGSTON AVE UNIT D, Columbus, OH, 43232",5501,E LIVINGSTON AVE,UNIT D,Columbus,OH,43232,"census-confirmed apartment unit; residential inferred (unit), not auditor-verified"
"4613 REFUGEE RD 1A, Columbus, OH, 43232",4613,REFUGEE RD,1A,Columbus,OH,43232,"census-confirmed apartment unit; residential inferred (unit), not auditor-verified"
"4597 REFUGEE RD 3F, Columbus, OH, 43232",4597,REFUGEE RD,3F,Columbus,OH,43232,"census-confirmed apartment unit; residential inferred (unit), not auditor-verified"
"4650 HILTON CORPORATE DR 316, Columbus, OH, 43232",4650,HILTON CORPORATE DR,316,Columbus,OH,43232,"census-confirmed apartment unit; residential inferred (unit), not auditor-verified"
"4788 ROLLINGBROOK LN C, Columbus, OH, 43232",4788,ROLLINGBROOK LN,C,Columbus,OH,43232,"census-confirmed apartment unit; residential inferred (unit), not auditor-verified"
"2845 CITIZENS PL D, Columbus, OH, 43232",2845,CITIZENS PL,D,Columbus,OH,43232,"census-confirmed apartment unit; residential inferred (unit), not auditor-verified"
"4570 MANDEVILLE CT D, Columbus, OH, 43232",4570,MANDEVILLE CT,D,Columbus,OH,43232,"census-confirmed apartment unit; residential inferred (unit), not auditor-verified"
"5685 BAIRSFORD CIR N 17, Columbus, OH, 43232",5685,BAIRSFORD CIR N,17,Columbus,OH,43232,"census-confirmed apartment unit; residential inferred (unit), not auditor-verified"
"4612 CHANNING TER C, Columbus, OH, 43232",4612,CHANNING TER,C,Columbus,OH,43232,"census-confirmed apartment unit; residential inferred (unit), not auditor-verified"
"2205 COURTSIDE DR E, Columbus, OH, 43232",2205,COURTSIDE DR,E,Columbus,OH,43232,"census-confirmed apartment unit; residential inferred (unit), not auditor-verified"
"1778 LONSDALE PL E UNIT B, Columbus, OH, 43232",1778,LONSDALE PL E,UNIT B,Columbus,OH,43232,"census-confirmed apartment unit; residential inferred (unit), not auditor-verified"
"2810 CITIZENS PL H, Columbus, OH, 43232",2810,CITIZENS PL,H,Columbus,OH,43232,"census-confirmed apartment unit; residential inferred (unit), not auditor-verified"
"4582 HEMINGWAY CT A, Columbus, OH, 43232",4582,HEMINGWAY CT,A,Columbus,OH,43232,"census-confirmed apartment unit; residential inferred (unit), not auditor-verified"
"5657 HIBERNIA DR A, Columbus, OH, 43232",5657,HIBERNIA DR,A,Columbus,OH,43232,"census-confirmed apartment unit; residential inferred (unit), not auditor-verified"
"2870 WOOLWICH CT 102, Columbus, OH, 43232",2870,WOOLWICH CT,102,Columbus,OH,43232,"census-confirmed apartment unit; residential inferred (unit), not auditor-verified"
"4520 LAKE SIDE S A, Columbus, OH, 43232",4520,LAKE SIDE S,A,Columbus,OH,43232,"census-confirmed apartment unit; residential inferred (unit), not auditor-verified"
"2852 CITIZENS PL G, Columbus, OH, 43232",2852,CITIZENS PL,G,Columbus,OH,43232,"census-confirmed apartment unit; residential inferred (unit), not auditor-verified"
"4618 CHANNING TER A, Columbus, OH, 43232",4618,CHANNING TER,A,Columbus,OH,43232,"census-confirmed apartment unit; residential inferred (unit), not auditor-verified"
"5145 CEDAR DR B, Columbus, OH, 43232",5145,CEDAR DR,B,Columbus,OH,43232,"census-confirmed apartment unit; residential inferred (unit), not auditor-verified"
"1858 COVENTRY LN A, Columbus, OH, 43232",1858,COVENTRY LN,A,Columbus,OH,43232,"census-confirmed apartment unit; residential inferred (unit), not auditor-verified"
"2421 SHORE BLVD E B, Columbus, OH, 43232",2421,SHORE BLVD E,B,Columbus,OH,43232,"census-confirmed apartment unit; residential inferred (unit), not auditor-verified"
"4818 LARAINE CT 202, Columbus, OH, 43232",4818,LARAINE CT,202,Columbus,OH,43232,"census-confirmed apartment unit; residential inferred (unit), not auditor-verified"
"2510 KIMBERLY PKWY E 206, Columbus, OH, 43232",2510,KIMBERLY PKWY E,206,Columbus,OH,43232,"census-confirmed apartment unit; residential inferred (unit), not auditor-verified"
"5415 YORKSHIRE TERRACE DR 2A, Columbus, OH, 43232",5415,YORKSHIRE TERRACE DR,2A,Columbus,OH,43232,"census-confirmed apartment unit; residential inferred (unit), not auditor-verified"
"4774 LARAINE CT 103, Columbus, OH, 43232",4774,LARAINE CT,103,Columbus,OH,43232,"census-confirmed apartment unit; residential inferred (unit), not auditor-verified"
"5518 DUNFIELD LN 4, Columbus, OH, 43232",5518,DUNFIELD LN,4,Columbus,OH,43232,"census-confirmed apartment unit; residential inferred (unit), not auditor-verified"
"5345 YORKSHIRE TERRACE DR B, Columbus, OH, 43232",5345,YORKSHIRE TERRACE DR,B,Columbus,OH,43232,"census-confirmed apartment unit; residential inferred (unit), not auditor-verified"
"5330 YORKSHIRE TERRACE DR A1, Columbus, OH, 43232",5330,YORKSHIRE TERRACE DR,A1,Columbus,OH,43232,"census-confirmed apartment unit; residential inferred (unit), not auditor-verified"
"2851 CITIZENS PL H, Columbus, OH, 43232",2851,CITIZENS PL,H,Columbus,OH,43232,"census-confirmed apartment unit; residential inferred (unit), not auditor-verified"
"2779 CITIZENS PL D, Columbus, OH, 43232",2779,CITIZENS PL,D,Columbus,OH,43232,"census-confirmed apartment unit; residential inferred (unit), not auditor-verified"
"2798 MARWOOD CT A, Columbus, OH, 43232",2798,MARWOOD CT,A,Columbus,OH,43232,"census-confirmed apartment unit; residential inferred (unit), not auditor-verified"
"4642 HEBRIDES DR D, Columbus, OH, 43232",4642,HEBRIDES DR,D,Columbus,OH,43232,"census-confirmed apartment unit; residential inferred (unit), not auditor-verified"
"1762 LONSDALE PL E UNIT D, Columbus, OH, 43232",1762,LONSDALE PL E,UNIT D,Columbus,OH,43232,"census-confirmed apartment unit; residential inferred (unit), not auditor-verified"
"5516 DUNFIELD LN 5, Columbus, OH, 43232",5516,DUNFIELD LN,5,Columbus,OH,43232,"census-confirmed apartment unit; residential inferred (unit), not auditor-verified"
"2238 S HAMILTON RD 200, Columbus, OH, 43232",2238,S HAMILTON RD,200,Columbus,OH,43232,"census-confirmed apartment unit; residential inferred (unit), not auditor-verified"
"2780 CITIZENS PL B, Columbus, OH, 43232",2780,CITIZENS PL,B,Columbus,OH,43232,"census-confirmed apartment unit; residential inferred (unit), not auditor-verified"
"5704 HIBERNIA DR B, Columbus, OH, 43232",5704,HIBERNIA DR,B,Columbus,OH,43232,"census-confirmed apartment unit; residential inferred (unit), not auditor-verified"
"5742 HIBERNIA DR C, Columbus, OH, 43232",5742,HIBERNIA DR,C,Columbus,OH,43232,"census-confirmed apartment unit; residential inferred (unit), not auditor-verified"
"4619 REFUGEE RD 3C, Columbus, OH, 43232",4619,REFUGEE RD,3C,Columbus,OH,43232,"census-confirmed apartment unit; residential inferred (unit), not auditor-verified"
"5677 HIBERNIA DR C, Columbus, OH, 43232",5677,HIBERNIA DR,C,Columbus,OH,43232,"census-confirmed apartment unit; residential inferred (unit), not auditor-verified"
"4575 LAKE SIDE S A, Columbus, OH, 43232",4575,LAKE SIDE S,A,Columbus,OH,43232,"census-confirmed apartment unit; residential inferred (unit), not auditor-verified"
"2852 CITIZENS PL B, Columbus, OH, 43232",2852,CITIZENS PL,B,Columbus,OH,43232,"census-confirmed apartment unit; residential inferred (unit), not auditor-verified"
"4655 REFUGEE RD 2A, Columbus, OH, 43232",4655,REFUGEE RD,2A,Columbus,OH,43232,"census-confirmed apartment unit; residential inferred (unit), not auditor-verified"
"5844 HALLRIDGE CIR D, Columbus, OH, 43232",5844,HALLRIDGE CIR,D,Columbus,OH,43232,"census-confirmed apartment unit; residential inferred (unit), not auditor-verified"
"2847 CITIZENS PL H, Columbus, OH, 43232",2847,CITIZENS PL,H,Columbus,OH,43232,"census-confirmed apartment unit; residential inferred (unit), not auditor-verified"
"5762 HIBERNIA DR A, Columbus, OH, 43232",5762,HIBERNIA DR,A,Columbus,OH,43232,"census-confirmed apartment unit; residential inferred (unit), not auditor-verified"
"2747 EASTLAND MALL UNIT A, Columbus, OH, 43232",2747,EASTLAND MALL,UNIT A,Columbus,OH,43232,"census-confirmed apartment unit; residential inferred (unit), not auditor-verified"
"4601 REFUGEE RD 3G, Columbus, OH, 43232",4601,REFUGEE RD,3G,Columbus,OH,43232,"census-confirmed apartment unit; residential inferred (unit), not auditor-verified"
"5381 YORKSHIRE TERRACE DR 4B, Columbus, OH, 43232",5381,YORKSHIRE TERRACE DR,4B,Columbus,OH,43232,"census-confirmed apartment unit; residential inferred (unit), not auditor-verified"
"5413 LONSDALE PL S UNIT C, Columbus, OH, 43232",5413,LONSDALE PL S,UNIT C,Columbus,OH,43232,"census-confirmed apartment unit; residential inferred (unit), not auditor-verified"
"2845 CITIZENS PL G, Columbus, OH, 43232",2845,CITIZENS PL,G,Columbus,OH,43232,"census-confirmed apartment unit; residential inferred (unit), not auditor-verified"
"2361 SHORE BLVD E B, Columbus, OH, 43232",2361,SHORE BLVD E,B,Columbus,OH,43232,"census-confirmed apartment unit; residential inferred (unit), not auditor-verified"
"2902 MERRYMOUNT CT A, Columbus, OH, 43232",2902,MERRYMOUNT CT,A,Columbus,OH,43232,"census-confirmed apartment unit; residential inferred (unit), not auditor-verified"
"2881 TENNYSON BLVD 107, Columbus, OH, 43232",2881,TENNYSON BLVD,107,Columbus,OH,43232,"census-confirmed apartment unit; residential inferred (unit), not auditor-verified"
"4605 REFUGEE RD 2C, Columbus, OH, 43232",4605,REFUGEE RD,2C,Columbus,OH,43232,"census-confirmed apartment unit; residential inferred (unit), not auditor-verified"
"4586 ISINGTON CT 201, Columbus, OH, 43232",4586,ISINGTON CT,201,Columbus,OH,43232,"census-confirmed apartment unit; residential inferred (unit), not auditor-verified"
"5796 HIBERNIA DR A, Columbus, OH, 43232",5796,HIBERNIA DR,A,Columbus,OH,43232,"census-confirmed apartment unit; residential inferred (unit), not auditor-verified"
"5099 CEDAR DR L, Columbus, OH, 43232",5099,CEDAR DR,L,Columbus,OH,43232,"census-confirmed apartment unit; residential inferred (unit), not auditor-verified"
"6001 LAKE CLUB CT B, Columbus, OH, 43232",6001,LAKE CLUB CT,B,Columbus,OH,43232,"census-confirmed apartment unit; residential inferred (unit), not auditor-verified"
"2492 SCARBOROUGH SQ 3, Columbus, OH, 43232",2492,SCARBOROUGH SQ,3,Columbus,OH,43232,"census-confirmed apartment unit; residential inferred (unit), not auditor-verified"
"5014 COVENTRY DR B, Columbus, OH, 43232",5014,COVENTRY DR,B,Columbus,OH,43232,"census-confirmed apartment unit; residential inferred (unit), not auditor-verified"
"2855 CITIZENS PL C, Columbus, OH, 43232",2855,CITIZENS PL,C,Columbus,OH,43232,"census-confirmed apartment unit; residential inferred (unit), not auditor-verified"
"2510 KIMBERLY PKWY E UNIT 301, Columbus, OH, 43232",2510,KIMBERLY PKWY E,UNIT 301,Columbus,OH,43232,"census-confirmed apartment unit; residential inferred (unit), not auditor-verified"
"4682 FENIMORE CT A, Columbus, OH, 43232",4682,FENIMORE CT,A,Columbus,OH,43232,"census-confirmed apartment unit; residential inferred (unit), not auditor-verified"
"5734 HIBERNIA DR A, Columbus, OH, 43232",5734,HIBERNIA DR,A,Columbus,OH,43232,"census-confirmed apartment unit; residential inferred (unit), not auditor-verified"
"5599 HIBERNIA DR C, Columbus, OH, 43232",5599,HIBERNIA DR,C,Columbus,OH,43232,"census-confirmed apartment unit; residential inferred (unit), not auditor-verified"
"5050 COVENTRY CT N D, Columbus, OH, 43232",5050,COVENTRY CT N,D,Columbus,OH,43232,"census-confirmed apartment unit; residential inferred (unit), not auditor-verified"
"4578 ISINGTON CT A, Columbus, OH, 43232",4578,ISINGTON CT,A,Columbus,OH,43232,"census-confirmed apartment unit; residential inferred (unit), not auditor-verified"
"2711 EASTLAND MALL UNIT A, Columbus, OH, 43232",2711,EASTLAND MALL,UNIT A,Columbus,OH,43232,"census-confirmed apartment unit; residential inferred (unit), not auditor-verified"
"4599 MONMOUTH CT 208, Columbus, OH, 43232",4599,MONMOUTH CT,208,Columbus,OH,43232,"census-confirmed apartment unit; residential inferred (unit), not auditor-verified"
"4621 REFUGEE RD 2C, Columbus, OH, 43232",4621,REFUGEE RD,2C,Columbus,OH,43232,"census-confirmed apartment unit; residential inferred (unit), not auditor-verified"
"2859 CITIZENS PL F, Columbus, OH, 43232",2859,CITIZENS PL,F,Columbus,OH,43232,"census-confirmed apartment unit; residential inferred (unit), not auditor-verified"
"4665 REFUGEE RD 2G, Columbus, OH, 43232",4665,REFUGEE RD,2G,Columbus,OH,43232,"census-confirmed apartment unit; residential inferred (unit), not auditor-verified"
"4663 REFUGEE RD 3C, Columbus, OH, 43232",4663,REFUGEE RD,3C,Columbus,OH,43232,"census-confirmed apartment unit; residential inferred (unit), not auditor-verified"
"4615 HEBRIDES DR B, Columbus, OH, 43232",4615,HEBRIDES DR,B,Columbus,OH,43232,"census-confirmed apartment unit; residential inferred (unit), not auditor-verified"
"5730 HIBERNIA DR C, Columbus, OH, 43232",5730,HIBERNIA DR,C,Columbus,OH,43232,"census-confirmed apartment unit; residential inferred (unit), not auditor-verified"
"4617 REFUGEE RD 2F, Columbus, OH, 43232",4617,REFUGEE RD,2F,Columbus,OH,43232,"census-confirmed apartment unit; residential inferred (unit), not auditor-verified"
"2236 S HAMILTON RD 103, Columbus, OH, 43232",2236,S HAMILTON RD,103,Columbus,OH,43232,"census-confirmed apartment unit; residential inferred (unit), not auditor-verified"
"4686 FENIMORE CT D, Columbus, OH, 43232",4686,FENIMORE CT,D,Columbus,OH,43232,"census-confirmed apartment unit; residential inferred (unit), not auditor-verified"
"5880 YORKLAND CT UNIT C, Columbus, OH, 43232",5880,YORKLAND CT,UNIT C,Columbus,OH,43232,"census-confirmed apartment unit; residential inferred (unit), not auditor-verified"
"2785 CITIZENS PL H, Columbus, OH, 43232",2785,CITIZENS PL,H,Columbus,OH,43232,"census-confirmed apartment unit; residential inferred (unit), not auditor-verified"
"2915 TENNYSON BLVD D, Columbus, OH, 43232",2915,TENNYSON BLVD,D,Columbus,OH,43232,"census-confirmed apartment unit; residential inferred (unit), not auditor-verified"
"5357 YORKSHIRE TERRACE DR C, Columbus, OH, 43232",5357,YORKSHIRE TERRACE DR,C,Columbus,OH,43232,"census-confirmed apartment unit; residential inferred (unit), not auditor-verified"
"4560 LAKE SIDE N C, Columbus, OH, 43232",4560,LAKE SIDE N,C,Columbus,OH,43232,"census-confirmed apartment unit; residential inferred (unit), not auditor-verified"
"1289 YORKLAND RD UNIT J, Columbus, OH, 43232",1289,YORKLAND RD,UNIT J,Columbus,OH,43232,"census-confirmed apartment unit; residential inferred (unit), not auditor-verified"
"2828 TENNYSON BLVD C, Columbus, OH, 43232",2828,TENNYSON BLVD,C,Columbus,OH,43232,"census-confirmed apartment unit; residential inferred (unit), not auditor-verified"
"4611 REFUGEE RD 2G, Columbus, OH, 43232",4611,REFUGEE RD,2G,Columbus,OH,43232,"census-confirmed apartment unit; residential inferred (unit), not auditor-verified"
"2797 TENNYSON BLVD B, Columbus, OH, 43232",2797,TENNYSON BLVD,B,Columbus,OH,43232,"census-confirmed apartment unit; residential inferred (unit), not auditor-verified"
"4617 REFUGEE RD 3F, Columbus, OH, 43232",4617,REFUGEE RD,3F,Columbus,OH,43232,"census-confirmed apartment unit; residential inferred (unit), not auditor-verified"
"5330 YORKSHIRE TERRACE DR B3, Columbus, OH, 43232",5330,YORKSHIRE TERRACE DR,B3,Columbus,OH,43232,"census-confirmed apartment unit; residential inferred (unit), not auditor-verified"
"5200 CEDAR DR M, Columbus, OH, 43232",5200,CEDAR DR,M,Columbus,OH,43232,"census-confirmed apartment unit; residential inferred (unit), not auditor-verified"
"1285 YORKLAND RD UNIT M, Columbus, OH, 43232",1285,YORKLAND RD,UNIT M,Columbus,OH,43232,"census-confirmed apartment unit; residential inferred (unit), not auditor-verified"
"4552 MANDEVILLE CT C, Columbus, OH, 43232",4552,MANDEVILLE CT,C,Columbus,OH,43232,"census-confirmed apartment unit; residential inferred (unit), not auditor-verified"
"4630 HILTON CORPORATE DR 118, Columbus, OH, 43232",4630,HILTON CORPORATE DR,118,Columbus,OH,43232,"census-confirmed apartment unit; residential inferred (unit), not auditor-verified"
"5430 LONSDALE PL S UNIT C, Columbus, OH, 43232",5430,LONSDALE PL S,UNIT C,Columbus,OH,43232,"census-confirmed apartment unit; residential inferred (unit), not auditor-verified"
"4595 REFUGEE RD 2C, Columbus, OH, 43232",4595,REFUGEE RD,2C,Columbus,OH,43232,"census-confirmed apartment unit; residential inferred (unit), not auditor-verified"
"4661 REFUGEE RD 3C, Columbus, OH, 43232",4661,REFUGEE RD,3C,Columbus,OH,43232,"census-confirmed apartment unit; residential inferred (unit), not auditor-verified"
"4582 MANDEVILLE CT B, Columbus, OH, 43232",4582,MANDEVILLE CT,B,Columbus,OH,43232,"census-confirmed apartment unit; residential inferred (unit), not auditor-verified"
"4650 HILTON CORPORATE DR 209, Columbus, OH, 43232",4650,HILTON CORPORATE DR,209,Columbus,OH,43232,"census-confirmed apartment unit; residential inferred (unit), not auditor-verified"
"2745 TENNYSON BLVD A, Columbus, OH, 43232",2745,TENNYSON BLVD,A,Columbus,OH,43232,"census-confirmed apartment unit; residential inferred (unit), not auditor-verified"
"5784 HIBERNIA DR B, Columbus, OH, 43232",5784,HIBERNIA DR,B,Columbus,OH,43232,"census-confirmed apartment unit; residential inferred (unit), not auditor-verified"
"3466 COURTRIGHT LN A, Columbus, OH, 43232",3466,COURTRIGHT LN,A,Columbus,OH,43232,"census-confirmed apartment unit; residential inferred (unit), not auditor-verified"
"5542 DUNFIELD LN 1, Columbus, OH, 43232",5542,DUNFIELD LN,1,Columbus,OH,43232,"census-confirmed apartment unit; residential inferred (unit), not auditor-verified"
"2802 CITIZENS PL C, Columbus, OH, 43232",2802,CITIZENS PL,C,Columbus,OH,43232,"census-confirmed apartment unit; residential inferred (unit), not auditor-verified"
"4630 HILTON CORPORATE DR 216, Columbus, OH, 43232",4630,HILTON CORPORATE DR,216,Columbus,OH,43232,"census-confirmed apartment unit; residential inferred (unit), not auditor-verified"
"2900 NATHANIEL BLVD C, Columbus, OH, 43232",2900,NATHANIEL BLVD,C,Columbus,OH,43232,"census-confirmed apartment unit; residential inferred (unit), not auditor-verified"
"5167 CEDAR DR J, Columbus, OH, 43232",5167,CEDAR DR,J,Columbus,OH,43232,"census-confirmed apartment unit; residential inferred (unit), not auditor-verified"
"5393 YORKSHIRE TERRACE DR 5A, Columbus, OH, 43232",5393,YORKSHIRE TERRACE DR,5A,Columbus,OH,43232,"census-confirmed apartment unit; residential inferred (unit), not auditor-verified"
"5521 CANTARA PL 4, Columbus, OH, 43232",5521,CANTARA PL,4,Columbus,OH,43232,"census-confirmed apartment unit; residential inferred (unit), not auditor-verified"
"2899 TENNYSON BLVD C, Columbus, OH, 43232",2899,TENNYSON BLVD,C,Columbus,OH,43232,"census-confirmed apartment unit; residential inferred (unit), not auditor-verified"
"4617 REFUGEE RD 3H, Columbus, OH, 43232",4617,REFUGEE RD,3H,Columbus,OH,43232,"census-confirmed apartment unit; residential inferred (unit), not auditor-verified"
"4535 LAKE SIDE S K, Columbus, OH, 43232",4535,LAKE SIDE S,K,Columbus,OH,43232,"census-confirmed apartment unit; residential inferred (unit), not auditor-verified"
"2764 BRANDY DR 103, Columbus, OH, 43232",2764,BRANDY DR,103,Columbus,OH,43232,"census-confirmed apartment unit; residential inferred (unit), not auditor-verified"
"1894 COVENTRY CT A, Columbus, OH, 43232",1894,COVENTRY CT,A,Columbus,OH,43232,"census-confirmed apartment unit; residential inferred (unit), not auditor-verified"
"2826 TENNYSON BLVD D, Columbus, OH, 43232",2826,TENNYSON BLVD,D,Columbus,OH,43232,"census-confirmed apartment unit; residential inferred (unit), not auditor-verified"
"2430 SHORE BLVD W UNIT L, Columbus, OH, 43232",2430,SHORE BLVD W,UNIT L,Columbus,OH,43232,"census-confirmed apartment unit; residential inferred (unit), not auditor-verified"
"4573 MONMOUTH CT 208, Columbus, OH, 43232",4573,MONMOUTH CT,208,Columbus,OH,43232,"census-confirmed apartment unit; residential inferred (unit), not auditor-verified"
"4505 LAKE SIDE S B, Columbus, OH, 43232",4505,LAKE SIDE S,B,Columbus,OH,43232,"census-confirmed apartment unit; residential inferred (unit), not auditor-verified"
"5588 HIBERNIA DR C, Columbus, OH, 43232",5588,HIBERNIA DR,C,Columbus,OH,43232,"census-confirmed apartment unit; residential inferred (unit), not auditor-verified"
"2880 NATHANIEL BLVD C, Columbus, OH, 43232",2880,NATHANIEL BLVD,C,Columbus,OH,43232,"census-confirmed apartment unit; residential inferred (unit), not auditor-verified"
"2855 CITIZENS PL A, Columbus, OH, 43232",2855,CITIZENS PL,A,Columbus,OH,43232,"census-confirmed apartment unit; residential inferred (unit), not auditor-verified"
"4655 REFUGEE RD 3C, Columbus, OH, 43232",4655,REFUGEE RD,3C,Columbus,OH,43232,"census-confirmed apartment unit; residential inferred (unit), not auditor-verified"
"4563 HEMINGWAY CT D, Columbus, OH, 43232",4563,HEMINGWAY CT,D,Columbus,OH,43232,"census-confirmed apartment unit; residential inferred (unit), not auditor-verified"
"2871 MERRYMOUNT CT D, Columbus, OH, 43232",2871,MERRYMOUNT CT,D,Columbus,OH,43232,"census-confirmed apartment unit; residential inferred (unit), not auditor-verified"
"2809 CITIZENS PL C, Columbus, OH, 43232",2809,CITIZENS PL,C,Columbus,OH,43232,"census-confirmed apartment unit; residential inferred (unit), not auditor-verified"
"5780 HIBERNIA DR A, Columbus, OH, 43232",5780,HIBERNIA DR,A,Columbus,OH,43232,"census-confirmed apartment unit; residential inferred (unit), not auditor-verified"
"4659 REFUGEE RD 1A, Columbus, OH, 43232",4659,REFUGEE RD,1A,Columbus,OH,43232,"census-confirmed apartment unit; residential inferred (unit), not auditor-verified"
"5703 HIBERNIA DR B, Columbus, OH, 43232",5703,HIBERNIA DR,B,Columbus,OH,43232,"census-confirmed apartment unit; residential inferred (unit), not auditor-verified"
"5097 CEDAR DR J, Columbus, OH, 43232",5097,CEDAR DR,J,Columbus,OH,43232,"census-confirmed apartment unit; residential inferred (unit), not auditor-verified"
"4544 LAKE SIDE S C, Columbus, OH, 43232",4544,LAKE SIDE S,C,Columbus,OH,43232,"census-confirmed apartment unit; residential inferred (unit), not auditor-verified"
"4619 REFUGEE RD 2E, Columbus, OH, 43232",4619,REFUGEE RD,2E,Columbus,OH,43232,"census-confirmed apartment unit; residential inferred (unit), not auditor-verified"
"5628 HIBERNIA DR C, Columbus, OH, 43232",5628,HIBERNIA DR,C,Columbus,OH,43232,"census-confirmed apartment unit; residential inferred (unit), not auditor-verified"
"5981 LAKE CLUB SQ A, Columbus, OH, 43232",5981,LAKE CLUB SQ,A,Columbus,OH,43232,"census-confirmed apartment unit; residential inferred (unit), not auditor-verified"
"5427 YORKSHIRE TERRACE DR 4C, Columbus, OH, 43232",5427,YORKSHIRE TERRACE DR,4C,Columbus,OH,43232,"census-confirmed apartment unit; residential inferred (unit), not auditor-verified"
"2722 TENNYSON BLVD C, Columbus, OH, 43232",2722,TENNYSON BLVD,C,Columbus,OH,43232,"census-confirmed apartment unit; residential inferred (unit), not auditor-verified"
"5800 HIBERNIA DR A, Columbus, OH, 43232",5800,HIBERNIA DR,A,Columbus,OH,43232,"census-confirmed apartment unit; residential inferred (unit), not auditor-verified"
"4525 LAKE SIDE N D, Columbus, OH, 43232",4525,LAKE SIDE N,D,Columbus,OH,43232,"census-confirmed apartment unit; residential inferred (unit), not auditor-verified"
"5685 BAIRSFORD CIR N 12, Columbus, OH, 43232",5685,BAIRSFORD CIR N,12,Columbus,OH,43232,"census-confirmed apartment unit; residential inferred (unit), not auditor-verified"
"5418 LONSDALE PL S UNIT B, Columbus, OH, 43232",5418,LONSDALE PL S,UNIT B,Columbus,OH,43232,"census-confirmed apartment unit; residential inferred (unit), not auditor-verified"
"5330 YORKSHIRE TERRACE DR B4, Columbus, OH, 43232",5330,YORKSHIRE TERRACE DR,B4,Columbus,OH,43232,"census-confirmed apartment unit; residential inferred (unit), not auditor-verified"
"3180 ELIM MANOR CT 212, Columbus, OH, 43232",3180,ELIM MANOR CT,212,Columbus,OH,43232,"census-confirmed apartment unit; residential inferred (unit), not auditor-verified"
"2788 CITIZENS PL A, Columbus, OH, 43232",2788,CITIZENS PL,A,Columbus,OH,43232,"census-confirmed apartment unit; residential inferred (unit), not auditor-verified"
"1285 YORKLAND RD UNIT N, Columbus, OH, 43232",1285,YORKLAND RD,UNIT N,Columbus,OH,43232,"census-confirmed apartment unit; residential inferred (unit), not auditor-verified"
"4650 HILTON CORPORATE DR 102, Columbus, OH, 43232",4650,HILTON CORPORATE DR,102,Columbus,OH,43232,"census-confirmed apartment unit; residential inferred (unit), not auditor-verified"
"5704 HIBERNIA DR A, Columbus, OH, 43232",5704,HIBERNIA DR,A,Columbus,OH,43232,"census-confirmed apartment unit; residential inferred (unit), not auditor-verified"
"4564 ISINGTON CT 207, Columbus, OH, 43232",4564,ISINGTON CT,207,Columbus,OH,43232,"census-confirmed apartment unit; residential inferred (unit), not auditor-verified"
"2510 KIMBERLY PKWY E UNIT 209, Columbus, OH, 43232",2510,KIMBERLY PKWY E,UNIT 209,Columbus,OH,43232,"census-confirmed apartment unit; residential inferred (unit), not auditor-verified"
"2779 CITIZENS PL E, Columbus, OH, 43232",2779,CITIZENS PL,E,Columbus,OH,43232,"census-confirmed apartment unit; residential inferred (unit), not auditor-verified"
"2788 CITIZENS PL C, Columbus, OH, 43232",2788,CITIZENS PL,C,Columbus,OH,43232,"census-confirmed apartment unit; residential inferred (unit), not auditor-verified"
"2843 CITIZENS PL B, Columbus, OH, 43232",2843,CITIZENS PL,B,Columbus,OH,43232,"census-confirmed apartment unit; residential inferred (unit), not auditor-verified"
"4599 MONMOUTH CT 210, Columbus, OH, 43232",4599,MONMOUTH CT,210,Columbus,OH,43232,"census-confirmed apartment unit; residential inferred (unit), not auditor-verified"
"5842 HALLRIDGE CIR D, Columbus, OH, 43232",5842,HALLRIDGE CIR,D,Columbus,OH,43232,"census-confirmed apartment unit; residential inferred (unit), not auditor-verified"
"4655 REFUGEE RD 2B, Columbus, OH, 43232",4655,REFUGEE RD,2B,Columbus,OH,43232,"census-confirmed apartment unit; residential inferred (unit), not auditor-verified"
"2875 WINCHESTER CT A, Columbus, OH, 43232",2875,WINCHESTER CT,A,Columbus,OH,43232,"census-confirmed apartment unit; residential inferred (unit), not auditor-verified"
"5141 CEDAR DR A, Columbus, OH, 43232",5141,CEDAR DR,A,Columbus,OH,43232,"census-confirmed apartment unit; residential inferred (unit), not auditor-verified"
"4640 HEBRIDES DR C, Columbus, OH, 43232",4640,HEBRIDES DR,C,Columbus,OH,43232,"census-confirmed apartment unit; residential inferred (unit), not auditor-verified"
"2874 MERRYMOUNT CT C, Columbus, OH, 43232",2874,MERRYMOUNT CT,C,Columbus,OH,43232,"census-confirmed apartment unit; residential inferred (unit), not auditor-verified"
"2915 TENNYSON BLVD B, Columbus, OH, 43232",2915,TENNYSON BLVD,B,Columbus,OH,43232,"census-confirmed apartment unit; residential inferred (unit), not auditor-verified"
"2800 MARWOOD CT B, Columbus, OH, 43232",2800,MARWOOD CT,B,Columbus,OH,43232,"census-confirmed apartment unit; residential inferred (unit), not auditor-verified"
"1281 MCNAUGHTEN RD UNIT J, Columbus, OH, 43232",1281,MCNAUGHTEN RD,UNIT J,Columbus,OH,43232,"census-confirmed apartment unit; residential inferred (unit), not auditor-verified"
"4616 HEBRIDES DR B, Columbus, OH, 43232",4616,HEBRIDES DR,B,Columbus,OH,43232,"census-confirmed apartment unit; residential inferred (unit), not auditor-verified"
"5747 HIBERNIA DR A, Columbus, OH, 43232",5747,HIBERNIA DR,A,Columbus,OH,43232,"census-confirmed apartment unit; residential inferred (unit), not auditor-verified"
"4563 HEMINGWAY CT B, Columbus, OH, 43232",4563,HEMINGWAY CT,B,Columbus,OH,43232,"census-confirmed apartment unit; residential inferred (unit), not auditor-verified"
"4613 REFUGEE RD 3A, Columbus, OH, 43232",4613,REFUGEE RD,3A,Columbus,OH,43232,"census-confirmed apartment unit; residential inferred (unit), not auditor-verified"
"5393 YORKSHIRE TERRACE DR 3C, Columbus, OH, 43232",5393,YORKSHIRE TERRACE DR,3C,Columbus,OH,43232,"census-confirmed apartment unit; residential inferred (unit), not auditor-verified"
"5878 YORKLAND CT UNIT I, Columbus, OH, 43232",5878,YORKLAND CT,UNIT I,Columbus,OH,43232,"census-confirmed apartment unit; residential inferred (unit), not auditor-verified"
"2720 BRANDY DR 102, Columbus, OH, 43232",2720,BRANDY DR,102,Columbus,OH,43232,"census-confirmed apartment unit; residential inferred (unit), not auditor-verified"
"2907 TENNYSON BLVD A, Columbus, OH, 43232",2907,TENNYSON BLVD,A,Columbus,OH,43232,"census-confirmed apartment unit; residential inferred (unit), not auditor-verified"
"2510 KIMBERLY PKWY E 108, Columbus, OH, 43232",2510,KIMBERLY PKWY E,108,Columbus,OH,43232,"census-confirmed apartment unit; residential inferred (unit), not auditor-verified"
"4671 REFUGEE RD 1C, Columbus, OH, 43232",4671,REFUGEE RD,1C,Columbus,OH,43232,"census-confirmed apartment unit; residential inferred (unit), not auditor-verified"
"4617 REFUGEE RD 3B, Columbus, OH, 43232",4617,REFUGEE RD,3B,Columbus,OH,43232,"census-confirmed apartment unit; residential inferred (unit), not auditor-verified"
"2738 BRANDY DR 203, Columbus, OH, 43232",2738,BRANDY DR,203,Columbus,OH,43232,"census-confirmed apartment unit; residential inferred (unit), not auditor-verified"
"5410 YORKSHIRE TERRACE DR D, Columbus, OH, 43232",5410,YORKSHIRE TERRACE DR,D,Columbus,OH,43232,"census-confirmed apartment unit; residential inferred (unit), not auditor-verified"
"4555 LAKE SIDE N C, Columbus, OH, 43232",4555,LAKE SIDE N,C,Columbus,OH,43232,"census-confirmed apartment unit; residential inferred (unit), not auditor-verified"
"1289 YORKLAND RD UNIT B, Columbus, OH, 43232",1289,YORKLAND RD,UNIT B,Columbus,OH,43232,"census-confirmed apartment unit; residential inferred (unit), not auditor-verified"
"2411 SHORE BLVD E J, Columbus, OH, 43232",2411,SHORE BLVD E,J,Columbus,OH,43232,"census-confirmed apartment unit; residential inferred (unit), not auditor-verified"
"5357 YORKSHIRE TERRACE DR F, Columbus, OH, 43232",5357,YORKSHIRE TERRACE DR,F,Columbus,OH,43232,"census-confirmed apartment unit; residential inferred (unit), not auditor-verified"
"2460 SHORE BLVD W C, Columbus, OH, 43232",2460,SHORE BLVD W,C,Columbus,OH,43232,"census-confirmed apartment unit; residential inferred (unit), not auditor-verified"
"4597 REFUGEE RD 1G, Columbus, OH, 43232",4597,REFUGEE RD,1G,Columbus,OH,43232,"census-confirmed apartment unit; residential inferred (unit), not auditor-verified"
"2491 SHORE BLVD E C, Columbus, OH, 43232",2491,SHORE BLVD E,C,Columbus,OH,43232,"census-confirmed apartment unit; residential inferred (unit), not auditor-verified"
"5580 AUTUMN CHASE DR B, Columbus, OH, 43232",5580,AUTUMN CHASE DR,B,Columbus,OH,43232,"census-confirmed apartment unit; residential inferred (unit), not auditor-verified"
"2894 MERRYMOUNT CT C, Columbus, OH, 43232",2894,MERRYMOUNT CT,C,Columbus,OH,43232,"census-confirmed apartment unit; residential inferred (unit), not auditor-verified"
"2207 COURTSIDE DR D, Columbus, OH, 43232",2207,COURTSIDE DR,D,Columbus,OH,43232,"census-confirmed apartment unit; residential inferred (unit), not auditor-verified"
"2740 CITIZENS PL B, Columbus, OH, 43232",2740,CITIZENS PL,B,Columbus,OH,43232,"census-confirmed apartment unit; residential inferred (unit), not auditor-verified"
"4593 REFUGEE RD 3G, Columbus, OH, 43232",4593,REFUGEE RD,3G,Columbus,OH,43232,"census-confirmed apartment unit; residential inferred (unit), not auditor-verified"
"2207 COURTSIDE DR F, Columbus, OH, 43232",2207,COURTSIDE DR,F,Columbus,OH,43232,"census-confirmed apartment unit; residential inferred (unit), not auditor-verified"
"5780 HIBERNIA DR B, Columbus, OH, 43232",5780,HIBERNIA DR,B,Columbus,OH,43232,"census-confirmed apartment unit; residential inferred (unit), not auditor-verified"
"1759 LONSDALE PL E UNIT C, Columbus, OH, 43232",1759,LONSDALE PL E,UNIT C,Columbus,OH,43232,"census-confirmed apartment unit; residential inferred (unit), not auditor-verified"
"5079 CEDAR DR C, Columbus, OH, 43232",5079,CEDAR DR,C,Columbus,OH,43232,"census-confirmed apartment unit; residential inferred (unit), not auditor-verified"
"5121 CEDAR DR K, Columbus, OH, 43232",5121,CEDAR DR,K,Columbus,OH,43232,"census-confirmed apartment unit; residential inferred (unit), not auditor-verified"
"4688 FENIMORE CT D, Columbus, OH, 43232",4688,FENIMORE CT,D,Columbus,OH,43232,"census-confirmed apartment unit; residential inferred (unit), not auditor-verified"
"2791 CITIZENS PL E, Columbus, OH, 43232",2791,CITIZENS PL,E,Columbus,OH,43232,"census-confirmed apartment unit; residential inferred (unit), not auditor-verified"
"4505 LAKE SIDE S A, Columbus, OH, 43232",4505,LAKE SIDE S,A,Columbus,OH,43232,"census-confirmed apartment unit; residential inferred (unit), not auditor-verified"
"4601 REFUGEE RD 2H, Columbus, OH, 43232",4601,REFUGEE RD,2H,Columbus,OH,43232,"census-confirmed apartment unit; residential inferred (unit), not auditor-verified"
"2421 SHORE BLVD E A, Columbus, OH, 43232",2421,SHORE BLVD E,A,Columbus,OH,43232,"census-confirmed apartment unit; residential inferred (unit), not auditor-verified"
"5742 HIBERNIA DR B, Columbus, OH, 43232",5742,HIBERNIA DR,B,Columbus,OH,43232,"census-confirmed apartment unit; residential inferred (unit), not auditor-verified"
"5681 HIBERNIA DR C, Columbus, OH, 43232",5681,HIBERNIA DR,C,Columbus,OH,43232,"census-confirmed apartment unit; residential inferred (unit), not auditor-verified"
"5448 LONSDALE PL S UNIT C, Columbus, OH, 43232",5448,LONSDALE PL S,UNIT C,Columbus,OH,43232,"census-confirmed apartment unit; residential inferred (unit), not auditor-verified"
"2233 COURTSIDE DR H, Columbus, OH, 43232",2233,COURTSIDE DR,H,Columbus,OH,43232,"census-confirmed apartment unit; residential inferred (unit), not auditor-verified"
"2785 CITIZENS PL C, Columbus, OH, 43232",2785,CITIZENS PL,C,Columbus,OH,43232,"census-confirmed apartment unit; residential inferred (unit), not auditor-verified"
"5981 LAKE CLUB SQ E, Columbus, OH, 43232",5981,LAKE CLUB SQ,E,Columbus,OH,43232,"census-confirmed apartment unit; residential inferred (unit), not auditor-verified"
"4818 LARAINE CT 102, Columbus, OH, 43232",4818,LARAINE CT,102,Columbus,OH,43232,"census-confirmed apartment unit; residential inferred (unit), not auditor-verified"
"4630 HILTON CORPORATE DR 205, Columbus, OH, 43232",4630,HILTON CORPORATE DR,205,Columbus,OH,43232,"census-confirmed apartment unit; residential inferred (unit), not auditor-verified"
"5321 YORKSHIRE TERRACE DR C, Columbus, OH, 43232",5321,YORKSHIRE TERRACE DR,C,Columbus,OH,43232,"census-confirmed apartment unit; residential inferred (unit), not auditor-verified"
"2510 KIMBERLY PKWY E UNIT 305, Columbus, OH, 43232",2510,KIMBERLY PKWY E,UNIT 305,Columbus,OH,43232,"census-confirmed apartment unit; residential inferred (unit), not auditor-verified"
"2843 CITIZENS PL H, Columbus, OH, 43232",2843,CITIZENS PL,H,Columbus,OH,43232,"census-confirmed apartment unit; residential inferred (unit), not auditor-verified"
"5657 HIBERNIA DR B, Columbus, OH, 43232",5657,HIBERNIA DR,B,Columbus,OH,43232,"census-confirmed apartment unit; residential inferred (unit), not auditor-verified"
"4582 MANDEVILLE CT A, Columbus, OH, 43232",4582,MANDEVILLE CT,A,Columbus,OH,43232,"census-confirmed apartment unit; residential inferred (unit), not auditor-verified"
"2836 WYMAN CT B, Columbus, OH, 43232",2836,WYMAN CT,B,Columbus,OH,43232,"census-confirmed apartment unit; residential inferred (unit), not auditor-verified"
"5439 LONSDALE PL S UNIT A, Columbus, OH, 43232",5439,LONSDALE PL S,UNIT A,Columbus,OH,43232,"census-confirmed apartment unit; residential inferred (unit), not auditor-verified"
"5393 YORKSHIRE TERRACE DR 6B, Columbus, OH, 43232",5393,YORKSHIRE TERRACE DR,6B,Columbus,OH,43232,"census-confirmed apartment unit; residential inferred (unit), not auditor-verified"
"4690 FENIMORE CT D, Columbus, OH, 43232",4690,FENIMORE CT,D,Columbus,OH,43232,"census-confirmed apartment unit; residential inferred (unit), not auditor-verified"
"2898 MERRYMOUNT CT C, Columbus, OH, 43232",2898,MERRYMOUNT CT,C,Columbus,OH,43232,"census-confirmed apartment unit; residential inferred (unit), not auditor-verified"
"5730 HIBERNIA DR B, Columbus, OH, 43232",5730,HIBERNIA DR,B,Columbus,OH,43232,"census-confirmed apartment unit; residential inferred (unit), not auditor-verified"
"4630 HILTON CORPORATE DR 214, Columbus, OH, 43232",4630,HILTON CORPORATE DR,214,Columbus,OH,43232,"census-confirmed apartment unit; residential inferred (unit), not auditor-verified"
"5393 YORKSHIRE TERRACE DR 6A, Columbus, OH, 43232",5393,YORKSHIRE TERRACE DR,6A,Columbus,OH,43232,"census-confirmed apartment unit; residential inferred (unit), not auditor-verified"
"2225 COURTSIDE DR C, Columbus, OH, 43232",2225,COURTSIDE DR,C,Columbus,OH,43232,"census-confirmed apartment unit; residential inferred (unit), not auditor-verified"
"4669 REFUGEE RD 3F, Columbus, OH, 43232",4669,REFUGEE RD,3F,Columbus,OH,43232,"census-confirmed apartment unit; residential inferred (unit), not auditor-verified"
"5202 CEDAR DR L, Columbus, OH, 43232",5202,CEDAR DR,L,Columbus,OH,43232,"census-confirmed apartment unit; residential inferred (unit), not auditor-verified"
"5982 LAKE CLUB SQ C, Columbus, OH, 43232",5982,LAKE CLUB SQ,C,Columbus,OH,43232,"census-confirmed apartment unit; residential inferred (unit), not auditor-verified"
"5330 YORKSHIRE TERRACE DR A6, Columbus, OH, 43232",5330,YORKSHIRE TERRACE DR,A6,Columbus,OH,43232,"census-confirmed apartment unit; residential inferred (unit), not auditor-verified"
"2381 SHORE BLVD E C, Columbus, OH, 43232",2381,SHORE BLVD E,C,Columbus,OH,43232,"census-confirmed apartment unit; residential inferred (unit), not auditor-verified"
"2748 CITIZENS PL G, Columbus, OH, 43232",2748,CITIZENS PL,G,Columbus,OH,43232,"census-confirmed apartment unit; residential inferred (unit), not auditor-verified"
"2881 TENNYSON BLVD 102, Columbus, OH, 43232",2881,TENNYSON BLVD,102,Columbus,OH,43232,"census-confirmed apartment unit; residential inferred (unit), not auditor-verified"
"6003 LAKE CLUB CT C, Columbus, OH, 43232",6003,LAKE CLUB CT,C,Columbus,OH,43232,"census-confirmed apartment unit; residential inferred (unit), not auditor-verified"
"2361 SHORE BLVD E E, Columbus, OH, 43232",2361,SHORE BLVD E,E,Columbus,OH,43232,"census-confirmed apartment unit; residential inferred (unit), not auditor-verified"
"4650 HILTON CORPORATE DR 112, Columbus, OH, 43232",4650,HILTON CORPORATE DR,112,Columbus,OH,43232,"census-confirmed apartment unit; residential inferred (unit), not auditor-verified"
"2401 SHORE BLVD E B, Columbus, OH, 43232",2401,SHORE BLVD E,B,Columbus,OH,43232,"census-confirmed apartment unit; residential inferred (unit), not auditor-verified"
"5123 CEDAR DR J, Columbus, OH, 43232",5123,CEDAR DR,J,Columbus,OH,43232,"census-confirmed apartment unit; residential inferred (unit), not auditor-verified"
"4616 HEBRIDES DR A, Columbus, OH, 43232",4616,HEBRIDES DR,A,Columbus,OH,43232,"census-confirmed apartment unit; residential inferred (unit), not auditor-verified"
"2748 CITIZENS PL F, Columbus, OH, 43232",2748,CITIZENS PL,F,Columbus,OH,43232,"census-confirmed apartment unit; residential inferred (unit), not auditor-verified"
"5415 YORKSHIRE TERRACE DR 5A, Columbus, OH, 43232",5415,YORKSHIRE TERRACE DR,5A,Columbus,OH,43232,"census-confirmed apartment unit; residential inferred (unit), not auditor-verified"
"4628 CHANNING TER B, Columbus, OH, 43232",4628,CHANNING TER,B,Columbus,OH,43232,"census-confirmed apartment unit; residential inferred (unit), not auditor-verified"
"5502 DUNFIELD LN 4, Columbus, OH, 43232",5502,DUNFIELD LN,4,Columbus,OH,43232,"census-confirmed apartment unit; residential inferred (unit), not auditor-verified"
"4663 REFUGEE RD 2D, Columbus, OH, 43232",4663,REFUGEE RD,2D,Columbus,OH,43232,"census-confirmed apartment unit; residential inferred (unit), not auditor-verified"
"4633 COLERIDGE CT C, Columbus, OH, 43232",4633,COLERIDGE CT,C,Columbus,OH,43232,"census-confirmed apartment unit; residential inferred (unit), not auditor-verified"
"5427 YORKSHIRE TERRACE DR 4B, Columbus, OH, 43232",5427,YORKSHIRE TERRACE DR,4B,Columbus,OH,43232,"census-confirmed apartment unit; residential inferred (unit), not auditor-verified"
"6001 LAKE CLUB CT A, Columbus, OH, 43232",6001,LAKE CLUB CT,A,Columbus,OH,43232,"census-confirmed apartment unit; residential inferred (unit), not auditor-verified"
"5878 YORKLAND CT UNIT A, Columbus, OH, 43232",5878,YORKLAND CT,UNIT A,Columbus,OH,43232,"census-confirmed apartment unit; residential inferred (unit), not auditor-verified"
"2510 KIMBERLY PKWY E UNIT 306, Columbus, OH, 43232",2510,KIMBERLY PKWY E,UNIT 306,Columbus,OH,43232,"census-confirmed apartment unit; residential inferred (unit), not auditor-verified"
"2802 MARWOOD CT A, Columbus, OH, 43232",2802,MARWOOD CT,A,Columbus,OH,43232,"census-confirmed apartment unit; residential inferred (unit), not auditor-verified"
"6001 LAKE CLUB CT E, Columbus, OH, 43232",6001,LAKE CLUB CT,E,Columbus,OH,43232,"census-confirmed apartment unit; residential inferred (unit), not auditor-verified"
"1281 MCNAUGHTEN RD UNIT B, Columbus, OH, 43232",1281,MCNAUGHTEN RD,UNIT B,Columbus,OH,43232,"census-confirmed apartment unit; residential inferred (unit), not auditor-verified"
"2091 LAKE CLUB TER D, Columbus, OH, 43232",2091,LAKE CLUB TER,D,Columbus,OH,43232,"census-confirmed apartment unit; residential inferred (unit), not auditor-verified"
"4590 LAKE SIDE N J, Columbus, OH, 43232",4590,LAKE SIDE N,J,Columbus,OH,43232,"census-confirmed apartment unit; residential inferred (unit), not auditor-verified"
"2726 TENNYSON BLVD C, Columbus, OH, 43232",2726,TENNYSON BLVD,C,Columbus,OH,43232,"census-confirmed apartment unit; residential inferred (unit), not auditor-verified"
"4611 REFUGEE RD 1C, Columbus, OH, 43232",4611,REFUGEE RD,1C,Columbus,OH,43232,"census-confirmed apartment unit; residential inferred (unit), not auditor-verified"
"4607 REFUGEE RD 2B, Columbus, OH, 43232",4607,REFUGEE RD,2B,Columbus,OH,43232,"census-confirmed apartment unit; residential inferred (unit), not auditor-verified"
"2091 LAKE CLUB TER G, Columbus, OH, 43232",2091,LAKE CLUB TER,G,Columbus,OH,43232,"census-confirmed apartment unit; residential inferred (unit), not auditor-verified"
"4652 CHANNING TER A, Columbus, OH, 43232",4652,CHANNING TER,A,Columbus,OH,43232,"census-confirmed apartment unit; residential inferred (unit), not auditor-verified"
"5420 LONSDALE PL N UNIT D, Columbus, OH, 43232",5420,LONSDALE PL N,UNIT D,Columbus,OH,43232,"census-confirmed apartment unit; residential inferred (unit), not auditor-verified"
"2852 CITIZENS PL E, Columbus, OH, 43232",2852,CITIZENS PL,E,Columbus,OH,43232,"census-confirmed apartment unit; residential inferred (unit), not auditor-verified"
"2451 SHORE BLVD E C, Columbus, OH, 43232",2451,SHORE BLVD E,C,Columbus,OH,43232,"census-confirmed apartment unit; residential inferred (unit), not auditor-verified"
"4586 ISINGTON CT 203, Columbus, OH, 43232",4586,ISINGTON CT,203,Columbus,OH,43232,"census-confirmed apartment unit; residential inferred (unit), not auditor-verified"
"2740 CITIZENS PL F, Columbus, OH, 43232",2740,CITIZENS PL,F,Columbus,OH,43232,"census-confirmed apartment unit; residential inferred (unit), not auditor-verified"
"6003 LAKE CLUB CT E, Columbus, OH, 43232",6003,LAKE CLUB CT,E,Columbus,OH,43232,"census-confirmed apartment unit; residential inferred (unit), not auditor-verified"
"5501 E LIVINGSTON AVE UNIT B, Columbus, OH, 43232",5501,E LIVINGSTON AVE,UNIT B,Columbus,OH,43232,"census-confirmed apartment unit; residential inferred (unit), not auditor-verified"
"4774 LARAINE CT 101, Columbus, OH, 43232",4774,LARAINE CT,101,Columbus,OH,43232,"census-confirmed apartment unit; residential inferred (unit), not auditor-verified"
"4667 REFUGEE RD 2D, Columbus, OH, 43232",4667,REFUGEE RD,2D,Columbus,OH,43232,"census-confirmed apartment unit; residential inferred (unit), not auditor-verified"
"5533 CANTARA PL 6, Columbus, OH, 43232",5533,CANTARA PL,6,Columbus,OH,43232,"census-confirmed apartment unit; residential inferred (unit), not auditor-verified"
"4656 HEBRIDES DR A, Columbus, OH, 43232",4656,HEBRIDES DR,A,Columbus,OH,43232,"census-confirmed apartment unit; residential inferred (unit), not auditor-verified"
"5410 YORKSHIRE TERRACE DR A, Columbus, OH, 43232",5410,YORKSHIRE TERRACE DR,A,Columbus,OH,43232,"census-confirmed apartment unit; residential inferred (unit), not auditor-verified"
"5489 E LIVINGSTON AVE UNIT A, Columbus, OH, 43232",5489,E LIVINGSTON AVE,UNIT A,Columbus,OH,43232,"census-confirmed apartment unit; residential inferred (unit), not auditor-verified"
"1311 YORKLAND RD UNIT, Columbus, OH, 43232",1311,YORKLAND RD,UNIT,Columbus,OH,43232,"census-confirmed apartment unit; residential inferred (unit), not auditor-verified"
"4794 REFUGEE RD C, Columbus, OH, 43232",4794,REFUGEE RD,C,Columbus,OH,43232,"census-confirmed apartment unit; residential inferred (unit), not auditor-verified"
"2891 MERRYMOUNT CT B, Columbus, OH, 43232",2891,MERRYMOUNT CT,B,Columbus,OH,43232,"census-confirmed apartment unit; residential inferred (unit), not auditor-verified"
"5878 YORKLAND CT UNIT H, Columbus, OH, 43232",5878,YORKLAND CT,UNIT H,Columbus,OH,43232,"census-confirmed apartment unit; residential inferred (unit), not auditor-verified"
"2780 CITIZENS PL D, Columbus, OH, 43232",2780,CITIZENS PL,D,Columbus,OH,43232,"census-confirmed apartment unit; residential inferred (unit), not auditor-verified"
"4605 REFUGEE RD 3B, Columbus, OH, 43232",4605,REFUGEE RD,3B,Columbus,OH,43232,"census-confirmed apartment unit; residential inferred (unit), not auditor-verified"
"4826 LARAINE CT 201, Columbus, OH, 43232",4826,LARAINE CT,201,Columbus,OH,43232,"census-confirmed apartment unit; residential inferred (unit), not auditor-verified"
"2246 S HAMILTON RD 105, Columbus, OH, 43232",2246,S HAMILTON RD,105,Columbus,OH,43232,"census-confirmed apartment unit; residential inferred (unit), not auditor-verified"
"4525 LAKE SIDE N H, Columbus, OH, 43232",4525,LAKE SIDE N,H,Columbus,OH,43232,"census-confirmed apartment unit; residential inferred (unit), not auditor-verified"
"4630 HILTON CORPORATE DR 112, Columbus, OH, 43232",4630,HILTON CORPORATE DR,112,Columbus,OH,43232,"census-confirmed apartment unit; residential inferred (unit), not auditor-verified"
"4536 LAKE SIDE S B, Columbus, OH, 43232",4536,LAKE SIDE S,B,Columbus,OH,43232,"census-confirmed apartment unit; residential inferred (unit), not auditor-verified"
"5079 CEDAR DR D, Columbus, OH, 43232",5079,CEDAR DR,D,Columbus,OH,43232,"census-confirmed apartment unit; residential inferred (unit), not auditor-verified"
"5030 COVENTRY DR C, Columbus, OH, 43232",5030,COVENTRY DR,C,Columbus,OH,43232,"census-confirmed apartment unit; residential inferred (unit), not auditor-verified"
"5665 HIBERNIA DR A, Columbus, OH, 43232",5665,HIBERNIA DR,A,Columbus,OH,43232,"census-confirmed apartment unit; residential inferred (unit), not auditor-verified"
"4630 HILTON CORPORATE DR 203, Columbus, OH, 43232",4630,HILTON CORPORATE DR,203,Columbus,OH,43232,"census-confirmed apartment unit; residential inferred (unit), not auditor-verified"
"6002 LAKE CLUB CT D, Columbus, OH, 43232",6002,LAKE CLUB CT,D,Columbus,OH,43232,"census-confirmed apartment unit; residential inferred (unit), not auditor-verified"
"4601 REFUGEE RD 2I, Columbus, OH, 43232",4601,REFUGEE RD,2I,Columbus,OH,43232,"census-confirmed apartment unit; residential inferred (unit), not auditor-verified"
"5165 CEDAR DR A, Columbus, OH, 43232",5165,CEDAR DR,A,Columbus,OH,43232,"census-confirmed apartment unit; residential inferred (unit), not auditor-verified"
"5656 HIBERNIA DR C, Columbus, OH, 43232",5656,HIBERNIA DR,C,Columbus,OH,43232,"census-confirmed apartment unit; residential inferred (unit), not auditor-verified"
"5095 CEDAR DR L, Columbus, OH, 43232",5095,CEDAR DR,L,Columbus,OH,43232,"census-confirmed apartment unit; residential inferred (unit), not auditor-verified"
"5095 CEDAR DR B, Columbus, OH, 43232",5095,CEDAR DR,B,Columbus,OH,43232,"census-confirmed apartment unit; residential inferred (unit), not auditor-verified"
"4617 REFUGEE RD 1B, Columbus, OH, 43232",4617,REFUGEE RD,1B,Columbus,OH,43232,"census-confirmed apartment unit; residential inferred (unit), not auditor-verified"
"5079 CEDAR DR J, Columbus, OH, 43232",5079,CEDAR DR,J,Columbus,OH,43232,"census-confirmed apartment unit; residential inferred (unit), not auditor-verified"
"4651 COLERIDGE CT D, Columbus, OH, 43232",4651,COLERIDGE CT,D,Columbus,OH,43232,"census-confirmed apartment unit; residential inferred (unit), not auditor-verified"
"4644 HEBRIDES DR B, Columbus, OH, 43232",4644,HEBRIDES DR,B,Columbus,OH,43232,"census-confirmed apartment unit; residential inferred (unit), not auditor-verified"
"5095 CEDAR DR H, Columbus, OH, 43232",5095,CEDAR DR,H,Columbus,OH,43232,"census-confirmed apartment unit; residential inferred (unit), not auditor-verified"
"4650 HILTON CORPORATE DR 213, Columbus, OH, 43232",4650,HILTON CORPORATE DR,213,Columbus,OH,43232,"census-confirmed apartment unit; residential inferred (unit), not auditor-verified"
"4630 HILTON CORPORATE DR 212, Columbus, OH, 43232",4630,HILTON CORPORATE DR,212,Columbus,OH,43232,"census-confirmed apartment unit; residential inferred (unit), not auditor-verified"
"2825 CITIZENS PL C, Columbus, OH, 43232",2825,CITIZENS PL,C,Columbus,OH,43232,"census-confirmed apartment unit; residential inferred (unit), not auditor-verified"
"2851 CITIZENS PL E, Columbus, OH, 43232",2851,CITIZENS PL,E,Columbus,OH,43232,"census-confirmed apartment unit; residential inferred (unit), not auditor-verified"
"5616 HIBERNIA DR A, Columbus, OH, 43232",5616,HIBERNIA DR,A,Columbus,OH,43232,"census-confirmed apartment unit; residential inferred (unit), not auditor-verified"
"4678 FENIMORE CT B, Columbus, OH, 43232",4678,FENIMORE CT,B,Columbus,OH,43232,"census-confirmed apartment unit; residential inferred (unit), not auditor-verified"
"2779 CITIZENS PL F, Columbus, OH, 43232",2779,CITIZENS PL,F,Columbus,OH,43232,"census-confirmed apartment unit; residential inferred (unit), not auditor-verified"
"2731 TENNYSON BLVD D, Columbus, OH, 43232",2731,TENNYSON BLVD,D,Columbus,OH,43232,"census-confirmed apartment unit; residential inferred (unit), not auditor-verified"
"4525 LAKE SIDE S A, Columbus, OH, 43232",4525,LAKE SIDE S,A,Columbus,OH,43232,"census-confirmed apartment unit; residential inferred (unit), not auditor-verified"
"4665 REFUGEE RD 1F, Columbus, OH, 43232",4665,REFUGEE RD,1F,Columbus,OH,43232,"census-confirmed apartment unit; residential inferred (unit), not auditor-verified"
"2817 CITIZENS PL G, Columbus, OH, 43232",2817,CITIZENS PL,G,Columbus,OH,43232,"census-confirmed apartment unit; residential inferred (unit), not auditor-verified"
"5842 HALLRIDGE CIR A, Columbus, OH, 43232",5842,HALLRIDGE CIR,A,Columbus,OH,43232,"census-confirmed apartment unit; residential inferred (unit), not auditor-verified"
"4642 HEBRIDES DR B, Columbus, OH, 43232",4642,HEBRIDES DR,B,Columbus,OH,43232,"census-confirmed apartment unit; residential inferred (unit), not auditor-verified"
"4585 ISINGTON CT C, Columbus, OH, 43232",4585,ISINGTON CT,C,Columbus,OH,43232,"census-confirmed apartment unit; residential inferred (unit), not auditor-verified"
"2510 KIMBERLY PKWY E UNIT 105, Columbus, OH, 43232",2510,KIMBERLY PKWY E,UNIT 105,Columbus,OH,43232,"census-confirmed apartment unit; residential inferred (unit), not auditor-verified"
"4560 LAKE SIDE N A, Columbus, OH, 43232",4560,LAKE SIDE N,A,Columbus,OH,43232,"census-confirmed apartment unit; residential inferred (unit), not auditor-verified"
"5539 CANTARA PL 1, Columbus, OH, 43232",5539,CANTARA PL,1,Columbus,OH,43232,"census-confirmed apartment unit; residential inferred (unit), not auditor-verified"
"4826 LARAINE CT 102, Columbus, OH, 43232",4826,LARAINE CT,102,Columbus,OH,43232,"census-confirmed apartment unit; residential inferred (unit), not auditor-verified"
"4501 LAKE SIDE S C, Columbus, OH, 43232",4501,LAKE SIDE S,C,Columbus,OH,43232,"census-confirmed apartment unit; residential inferred (unit), not auditor-verified"
"5401 LONSDALE PL S UNIT A, Columbus, OH, 43232",5401,LONSDALE PL S,UNIT A,Columbus,OH,43232,"census-confirmed apartment unit; residential inferred (unit), not auditor-verified"
"4615 WORDSWORTH CT A, Columbus, OH, 43232",4615,WORDSWORTH CT,A,Columbus,OH,43232,"census-confirmed apartment unit; residential inferred (unit), not auditor-verified"
"4690 FENIMORE CT A, Columbus, OH, 43232",4690,FENIMORE CT,A,Columbus,OH,43232,"census-confirmed apartment unit; residential inferred (unit), not auditor-verified"
"4655 REFUGEE RD 3D, Columbus, OH, 43232",4655,REFUGEE RD,3D,Columbus,OH,43232,"census-confirmed apartment unit; residential inferred (unit), not auditor-verified"
"5707 HIBERNIA DR B, Columbus, OH, 43232",5707,HIBERNIA DR,B,Columbus,OH,43232,"census-confirmed apartment unit; residential inferred (unit), not auditor-verified"
"5079 CEDAR DR E, Columbus, OH, 43232",5079,CEDAR DR,E,Columbus,OH,43232,"census-confirmed apartment unit; residential inferred (unit), not auditor-verified"
"4651 COLERIDGE CT B, Columbus, OH, 43232",4651,COLERIDGE CT,B,Columbus,OH,43232,"census-confirmed apartment unit; residential inferred (unit), not auditor-verified"
"5413 LONSDALE PL S UNIT D, Columbus, OH, 43232",5413,LONSDALE PL S,UNIT D,Columbus,OH,43232,"census-confirmed apartment unit; residential inferred (unit), not auditor-verified"
"1308 1/2 YORKLAND RD CATV, Columbus, OH, 43232",1308 1/2,YORKLAND RD,CATV,Columbus,OH,43232,"census-confirmed apartment unit; residential inferred (unit), not auditor-verified"
"5644 HIBERNIA DR A, Columbus, OH, 43232",5644,HIBERNIA DR,A,Columbus,OH,43232,"census-confirmed apartment unit; residential inferred (unit), not auditor-verified"
"2826 CITIZENS PL C, Columbus, OH, 43232",2826,CITIZENS PL,C,Columbus,OH,43232,"census-confirmed apartment unit; residential inferred (unit), not auditor-verified"
"1289 YORKLAND RD UNIT D, Columbus, OH, 43232",1289,YORKLAND RD,UNIT D,Columbus,OH,43232,"census-confirmed apartment unit; residential inferred (unit), not auditor-verified"
"4505 LAKE SIDE N G, Columbus, OH, 43232",4505,LAKE SIDE N,G,Columbus,OH,43232,"census-confirmed apartment unit; residential inferred (unit), not auditor-verified"
"5620 HIBERNIA DR C, Columbus, OH, 43232",5620,HIBERNIA DR,C,Columbus,OH,43232,"census-confirmed apartment unit; residential inferred (unit), not auditor-verified"
"2720 BRANDY DR 101, Columbus, OH, 43232",2720,BRANDY DR,101,Columbus,OH,43232,"census-confirmed apartment unit; residential inferred (unit), not auditor-verified"
"5726 HIBERNIA DR A, Columbus, OH, 43232",5726,HIBERNIA DR,A,Columbus,OH,43232,"census-confirmed apartment unit; residential inferred (unit), not auditor-verified"
"2881 TENNYSON BLVD 212, Columbus, OH, 43232",2881,TENNYSON BLVD,212,Columbus,OH,43232,"census-confirmed apartment unit; residential inferred (unit), not auditor-verified"
"4561 MANDEVILLE CT A, Columbus, OH, 43232",4561,MANDEVILLE CT,A,Columbus,OH,43232,"census-confirmed apartment unit; residential inferred (unit), not auditor-verified"
"5330 YORKSHIRE TERRACE DR B8, Columbus, OH, 43232",5330,YORKSHIRE TERRACE DR,B8,Columbus,OH,43232,"census-confirmed apartment unit; residential inferred (unit), not auditor-verified"
"5462 LONSDALE PL N UNIT A, Columbus, OH, 43232",5462,LONSDALE PL N,UNIT A,Columbus,OH,43232,"census-confirmed apartment unit; residential inferred (unit), not auditor-verified"
"4619 REFUGEE RD 3A, Columbus, OH, 43232",4619,REFUGEE RD,3A,Columbus,OH,43232,"census-confirmed apartment unit; residential inferred (unit), not auditor-verified"
"2425 KIMBERLY PKWY E 2, Columbus, OH, 43232",2425,KIMBERLY PKWY E,2,Columbus,OH,43232,"census-confirmed apartment unit; residential inferred (unit), not auditor-verified"
"5484 DUNFIELD LN 2, Columbus, OH, 43232",5484,DUNFIELD LN,2,Columbus,OH,43232,"census-confirmed apartment unit; residential inferred (unit), not auditor-verified"
"5844 HALLRIDGE CIR B, Columbus, OH, 43232",5844,HALLRIDGE CIR,B,Columbus,OH,43232,"census-confirmed apartment unit; residential inferred (unit), not auditor-verified"
"5766 HIBERNIA DR B, Columbus, OH, 43232",5766,HIBERNIA DR,B,Columbus,OH,43232,"census-confirmed apartment unit; residential inferred (unit), not auditor-verified"
"2225 COURTSIDE DR B, Columbus, OH, 43232",2225,COURTSIDE DR,B,Columbus,OH,43232,"census-confirmed apartment unit; residential inferred (unit), not auditor-verified"
"2866 MERRYMOUNT CT D, Columbus, OH, 43232",2866,MERRYMOUNT CT,D,Columbus,OH,43232,"census-confirmed apartment unit; residential inferred (unit), not auditor-verified"
"4617 REFUGEE RD 3D, Columbus, OH, 43232",4617,REFUGEE RD,3D,Columbus,OH,43232,"census-confirmed apartment unit; residential inferred (unit), not auditor-verified"
"5611 HIBERNIA DR B, Columbus, OH, 43232",5611,HIBERNIA DR,B,Columbus,OH,43232,"census-confirmed apartment unit; residential inferred (unit), not auditor-verified"
"4620 CHANNING TER D, Columbus, OH, 43232",4620,CHANNING TER,D,Columbus,OH,43232,"census-confirmed apartment unit; residential inferred (unit), not auditor-verified"
"2207 COURTSIDE DR G, Columbus, OH, 43232",2207,COURTSIDE DR,G,Columbus,OH,43232,"census-confirmed apartment unit; residential inferred (unit), not auditor-verified"
"2744 BRANDY DR 101, Columbus, OH, 43232",2744,BRANDY DR,101,Columbus,OH,43232,"census-confirmed apartment unit; residential inferred (unit), not auditor-verified"
"4667 REFUGEE RD 1A, Columbus, OH, 43232",4667,REFUGEE RD,1A,Columbus,OH,43232,"census-confirmed apartment unit; residential inferred (unit), not auditor-verified"
"5592 AUTUMN CHASE DR B, Columbus, OH, 43232",5592,AUTUMN CHASE DR,B,Columbus,OH,43232,"census-confirmed apartment unit; residential inferred (unit), not auditor-verified"
"2786 CITIZENS PL A, Columbus, OH, 43232",2786,CITIZENS PL,A,Columbus,OH,43232,"census-confirmed apartment unit; residential inferred (unit), not auditor-verified"
"4661 REFUGEE RD 1C, Columbus, OH, 43232",4661,REFUGEE RD,1C,Columbus,OH,43232,"census-confirmed apartment unit; residential inferred (unit), not auditor-verified"
"5481 E LIVINGSTON AVE UNIT D, Columbus, OH, 43232",5481,E LIVINGSTON AVE,UNIT D,Columbus,OH,43232,"census-confirmed apartment unit; residential inferred (unit), not auditor-verified"
"4669 REFUGEE RD 3H, Columbus, OH, 43232",4669,REFUGEE RD,3H,Columbus,OH,43232,"census-confirmed apartment unit; residential inferred (unit), not auditor-verified"
"2136 CLOVERLEAF ST E CATV, Columbus, OH, 43232",2136,CLOVERLEAF ST E,CATV,Columbus,OH,43232,"census-confirmed apartment unit; residential inferred (unit), not auditor-verified"
"2881 TENNYSON BLVD 208, Columbus, OH, 43232",2881,TENNYSON BLVD,208,Columbus,OH,43232,"census-confirmed apartment unit; residential inferred (unit), not auditor-verified"
"4603 REFUGEE RD 1B, Columbus, OH, 43232",4603,REFUGEE RD,1B,Columbus,OH,43232,"census-confirmed apartment unit; residential inferred (unit), not auditor-verified"
"5030 COVENTRY DR A, Columbus, OH, 43232",5030,COVENTRY DR,A,Columbus,OH,43232,"census-confirmed apartment unit; residential inferred (unit), not auditor-verified"
"2501 SHORE BLVD E K, Columbus, OH, 43232",2501,SHORE BLVD E,K,Columbus,OH,43232,"census-confirmed apartment unit; residential inferred (unit), not auditor-verified"
"5167 CEDAR DR L, Columbus, OH, 43232",5167,CEDAR DR,L,Columbus,OH,43232,"census-confirmed apartment unit; residential inferred (unit), not auditor-verified"
"4665 REFUGEE RD 1J, Columbus, OH, 43232",4665,REFUGEE RD,1J,Columbus,OH,43232,"census-confirmed apartment unit; residential inferred (unit), not auditor-verified"
"5123 CEDAR DR G, Columbus, OH, 43232",5123,CEDAR DR,G,Columbus,OH,43232,"census-confirmed apartment unit; residential inferred (unit), not auditor-verified"
"4555 LAKE SIDE N B, Columbus, OH, 43232",4555,LAKE SIDE N,B,Columbus,OH,43232,"census-confirmed apartment unit; residential inferred (unit), not auditor-verified"
"2714 BRANDY DR 102, Columbus, OH, 43232",2714,BRANDY DR,102,Columbus,OH,43232,"census-confirmed apartment unit; residential inferred (unit), not auditor-verified"
"5462 LONSDALE PL N UNIT B, Columbus, OH, 43232",5462,LONSDALE PL N,UNIT B,Columbus,OH,43232,"census-confirmed apartment unit; residential inferred (unit), not auditor-verified"
"4612 CHANNING TER A, Columbus, OH, 43232",4612,CHANNING TER,A,Columbus,OH,43232,"census-confirmed apartment unit; residential inferred (unit), not auditor-verified"
"4561 MANDEVILLE CT B, Columbus, OH, 43232",4561,MANDEVILLE CT,B,Columbus,OH,43232,"census-confirmed apartment unit; residential inferred (unit), not auditor-verified"
"5097 CEDAR DR D, Columbus, OH, 43232",5097,CEDAR DR,D,Columbus,OH,43232,"census-confirmed apartment unit; residential inferred (unit), not auditor-verified"
"4650 HILTON CORPORATE DR 210, Columbus, OH, 43232",4650,HILTON CORPORATE DR,210,Columbus,OH,43232,"census-confirmed apartment unit; residential inferred (unit), not auditor-verified"
"4603 REFUGEE RD 2A, Columbus, OH, 43232",4603,REFUGEE RD,2A,Columbus,OH,43232,"census-confirmed apartment unit; residential inferred (unit), not auditor-verified"
"1762 LONSDALE PL E UNIT C, Columbus, OH, 43232",1762,LONSDALE PL E,UNIT C,Columbus,OH,43232,"census-confirmed apartment unit; residential inferred (unit), not auditor-verified"
"5099 CEDAR DR B, Columbus, OH, 43232",5099,CEDAR DR,B,Columbus,OH,43232,"census-confirmed apartment unit; residential inferred (unit), not auditor-verified"
"2851 CITIZENS PL A, Columbus, OH, 43232",2851,CITIZENS PL,A,Columbus,OH,43232,"census-confirmed apartment unit; residential inferred (unit), not auditor-verified"
"1858 COVENTRY LN C, Columbus, OH, 43232",1858,COVENTRY LN,C,Columbus,OH,43232,"census-confirmed apartment unit; residential inferred (unit), not auditor-verified"
"5685 BAIRSFORD CIR N 13, Columbus, OH, 43232",5685,BAIRSFORD CIR N,13,Columbus,OH,43232,"census-confirmed apartment unit; residential inferred (unit), not auditor-verified"
"2510 KIMBERLY PKWY E 306, Columbus, OH, 43232",2510,KIMBERLY PKWY E,306,Columbus,OH,43232,"census-confirmed apartment unit; residential inferred (unit), not auditor-verified"
"4530 LAKE SIDE N I, Columbus, OH, 43232",4530,LAKE SIDE N,I,Columbus,OH,43232,"census-confirmed apartment unit; residential inferred (unit), not auditor-verified"
"4655 REFUGEE RD 1C, Columbus, OH, 43232",4655,REFUGEE RD,1C,Columbus,OH,43232,"census-confirmed apartment unit; residential inferred (unit), not auditor-verified"
"2870 WOOLWICH CT 211, Columbus, OH, 43232",2870,WOOLWICH CT,211,Columbus,OH,43232,"census-confirmed apartment unit; residential inferred (unit), not auditor-verified"
"5560 HIBERNIA DR B, Columbus, OH, 43232",5560,HIBERNIA DR,B,Columbus,OH,43232,"census-confirmed apartment unit; residential inferred (unit), not auditor-verified"
"5095 CEDAR DR J, Columbus, OH, 43232",5095,CEDAR DR,J,Columbus,OH,43232,"census-confirmed apartment unit; residential inferred (unit), not auditor-verified"
"2894 MERRYMOUNT CT A, Columbus, OH, 43232",2894,MERRYMOUNT CT,A,Columbus,OH,43232,"census-confirmed apartment unit; residential inferred (unit), not auditor-verified"
"2810 NEWCASTLE CT 203, Columbus, OH, 43232",2810,NEWCASTLE CT,203,Columbus,OH,43232,"census-confirmed apartment unit; residential inferred (unit), not auditor-verified"
"4659 REFUGEE RD 2B, Columbus, OH, 43232",4659,REFUGEE RD,2B,Columbus,OH,43232,"census-confirmed apartment unit; residential inferred (unit), not auditor-verified"
"2744 BRANDY DR 103, Columbus, OH, 43232",2744,BRANDY DR,103,Columbus,OH,43232,"census-confirmed apartment unit; residential inferred (unit), not auditor-verified"
"5652 HIBERNIA DR B, Columbus, OH, 43232",5652,HIBERNIA DR,B,Columbus,OH,43232,"census-confirmed apartment unit; residential inferred (unit), not auditor-verified"
"4525 LAKE SIDE N A, Columbus, OH, 43232",4525,LAKE SIDE N,A,Columbus,OH,43232,"census-confirmed apartment unit; residential inferred (unit), not auditor-verified"
"5460 LONSDALE PL S UNIT B, Columbus, OH, 43232",5460,LONSDALE PL S,UNIT B,Columbus,OH,43232,"census-confirmed apartment unit; residential inferred (unit), not auditor-verified"
"5840 HALLRIDGE CIR B, Columbus, OH, 43232",5840,HALLRIDGE CIR,B,Columbus,OH,43232,"census-confirmed apartment unit; residential inferred (unit), not auditor-verified"
"5577 AUTUMN CHASE DR A, Columbus, OH, 43232",5577,AUTUMN CHASE DR,A,Columbus,OH,43232,"census-confirmed apartment unit; residential inferred (unit), not auditor-verified"
"5083 CEDAR DR E, Columbus, OH, 43232",5083,CEDAR DR,E,Columbus,OH,43232,"census-confirmed apartment unit; residential inferred (unit), not auditor-verified"
"2450 SHORE BLVD W L, Columbus, OH, 43232",2450,SHORE BLVD W,L,Columbus,OH,43232,"census-confirmed apartment unit; residential inferred (unit), not auditor-verified"
"2824 CITIZENS PL G, Columbus, OH, 43232",2824,CITIZENS PL,G,Columbus,OH,43232,"census-confirmed apartment unit; residential inferred (unit), not auditor-verified"
"4545 LAKE SIDE N A, Columbus, OH, 43232",4545,LAKE SIDE N,A,Columbus,OH,43232,"census-confirmed apartment unit; residential inferred (unit), not auditor-verified"
"2849 CITIZENS PL F, Columbus, OH, 43232",2849,CITIZENS PL,F,Columbus,OH,43232,"census-confirmed apartment unit; residential inferred (unit), not auditor-verified"
"4557 LAKE SIDE S D, Columbus, OH, 43232",4557,LAKE SIDE S,D,Columbus,OH,43232,"census-confirmed apartment unit; residential inferred (unit), not auditor-verified"
"4650 HILTON CORPORATE DR 207, Columbus, OH, 43232",4650,HILTON CORPORATE DR,207,Columbus,OH,43232,"census-confirmed apartment unit; residential inferred (unit), not auditor-verified"
"2724 TENNYSON BLVD A, Columbus, OH, 43232",2724,TENNYSON BLVD,A,Columbus,OH,43232,"census-confirmed apartment unit; residential inferred (unit), not auditor-verified"
"4603 REFUGEE RD 2B, Columbus, OH, 43232",4603,REFUGEE RD,2B,Columbus,OH,43232,"census-confirmed apartment unit; residential inferred (unit), not auditor-verified"
"5083 CEDAR DR K, Columbus, OH, 43232",5083,CEDAR DR,K,Columbus,OH,43232,"census-confirmed apartment unit; residential inferred (unit), not auditor-verified"
"2813 TENNYSON BLVD 206, Columbus, OH, 43232",2813,TENNYSON BLVD,206,Columbus,OH,43232,"census-confirmed apartment unit; residential inferred (unit), not auditor-verified"
"2743 TENNYSON BLVD C, Columbus, OH, 43232",2743,TENNYSON BLVD,C,Columbus,OH,43232,"census-confirmed apartment unit; residential inferred (unit), not auditor-verified"
"4585 ISINGTON CT D, Columbus, OH, 43232",4585,ISINGTON CT,D,Columbus,OH,43232,"census-confirmed apartment unit; residential inferred (unit), not auditor-verified"
"4582 HEMINGWAY CT C, Columbus, OH, 43232",4582,HEMINGWAY CT,C,Columbus,OH,43232,"census-confirmed apartment unit; residential inferred (unit), not auditor-verified"
"2788 CITIZENS PL H, Columbus, OH, 43232",2788,CITIZENS PL,H,Columbus,OH,43232,"census-confirmed apartment unit; residential inferred (unit), not auditor-verified"
"4650 HILTON CORPORATE DR 206, Columbus, OH, 43232",4650,HILTON CORPORATE DR,206,Columbus,OH,43232,"census-confirmed apartment unit; residential inferred (unit), not auditor-verified"
"2870 WOOLWICH CT 111, Columbus, OH, 43232",2870,WOOLWICH CT,111,Columbus,OH,43232,"census-confirmed apartment unit; residential inferred (unit), not auditor-verified"
"4665 REFUGEE RD 2E, Columbus, OH, 43232",4665,REFUGEE RD,2E,Columbus,OH,43232,"census-confirmed apartment unit; residential inferred (unit), not auditor-verified"
"5700 HIBERNIA DR A, Columbus, OH, 43232",5700,HIBERNIA DR,A,Columbus,OH,43232,"census-confirmed apartment unit; residential inferred (unit), not auditor-verified"
"5496 DUNFIELD LN 4, Columbus, OH, 43232",5496,DUNFIELD LN,4,Columbus,OH,43232,"census-confirmed apartment unit; residential inferred (unit), not auditor-verified"
"5878 YORKLAND CT UNIT J, Columbus, OH, 43232",5878,YORKLAND CT,UNIT J,Columbus,OH,43232,"census-confirmed apartment unit; residential inferred (unit), not auditor-verified"
"5700 HIBERNIA DR B, Columbus, OH, 43232",5700,HIBERNIA DR,B,Columbus,OH,43232,"census-confirmed apartment unit; residential inferred (unit), not auditor-verified"
"3180 ELIM MANOR CT 108, Columbus, OH, 43232",3180,ELIM MANOR CT,108,Columbus,OH,43232,"census-confirmed apartment unit; residential inferred (unit), not auditor-verified"
"4576 MANDEVILLE CT A, Columbus, OH, 43232",4576,MANDEVILLE CT,A,Columbus,OH,43232,"census-confirmed apartment unit; residential inferred (unit), not auditor-verified"
"1285 YORKLAND RD UNIT J, Columbus, OH, 43232",1285,YORKLAND RD,UNIT J,Columbus,OH,43232,"census-confirmed apartment unit; residential inferred (unit), not auditor-verified"
"2470 SHORE BLVD W I, Columbus, OH, 43232",2470,SHORE BLVD W,I,Columbus,OH,43232,"census-confirmed apartment unit; residential inferred (unit), not auditor-verified"
"4575 MANDEVILLE CT B, Columbus, OH, 43232",4575,MANDEVILLE CT,B,Columbus,OH,43232,"census-confirmed apartment unit; residential inferred (unit), not auditor-verified"
"5982 LAKE CLUB SQ A, Columbus, OH, 43232",5982,LAKE CLUB SQ,A,Columbus,OH,43232,"census-confirmed apartment unit; residential inferred (unit), not auditor-verified"
"5141 CEDAR DR M, Columbus, OH, 43232",5141,CEDAR DR,M,Columbus,OH,43232,"census-confirmed apartment unit; residential inferred (unit), not auditor-verified"
"2791 NEWCASTLE CT A, Columbus, OH, 43232",2791,NEWCASTLE CT,A,Columbus,OH,43232,"census-confirmed apartment unit; residential inferred (unit), not auditor-verified"
"5595 HIBERNIA DR B, Columbus, OH, 43232",5595,HIBERNIA DR,B,Columbus,OH,43232,"census-confirmed apartment unit; residential inferred (unit), not auditor-verified"
"2853 CITIZENS PL G, Columbus, OH, 43232",2853,CITIZENS PL,G,Columbus,OH,43232,"census-confirmed apartment unit; residential inferred (unit), not auditor-verified"
"4597 REFUGEE RD 2G, Columbus, OH, 43232",4597,REFUGEE RD,2G,Columbus,OH,43232,"census-confirmed apartment unit; residential inferred (unit), not auditor-verified"
"5393 YORKSHIRE TERRACE DR 4B, Columbus, OH, 43232",5393,YORKSHIRE TERRACE DR,4B,Columbus,OH,43232,"census-confirmed apartment unit; residential inferred (unit), not auditor-verified"
"5746 HIBERNIA DR A, Columbus, OH, 43232",5746,HIBERNIA DR,A,Columbus,OH,43232,"census-confirmed apartment unit; residential inferred (unit), not auditor-verified"
"4667 REFUGEE RD 1D, Columbus, OH, 43232",4667,REFUGEE RD,1D,Columbus,OH,43232,"census-confirmed apartment unit; residential inferred (unit), not auditor-verified"
"4650 HILTON CORPORATE DR 308, Columbus, OH, 43232",4650,HILTON CORPORATE DR,308,Columbus,OH,43232,"census-confirmed apartment unit; residential inferred (unit), not auditor-verified"
"5454 LONSDALE PL N UNIT D, Columbus, OH, 43232",5454,LONSDALE PL N,UNIT D,Columbus,OH,43232,"census-confirmed apartment unit; residential inferred (unit), not auditor-verified"
"6000 LAKE CLUB CT E, Columbus, OH, 43232",6000,LAKE CLUB CT,E,Columbus,OH,43232,"census-confirmed apartment unit; residential inferred (unit), not auditor-verified"
"4505 LAKE SIDE S C, Columbus, OH, 43232",4505,LAKE SIDE S,C,Columbus,OH,43232,"census-confirmed apartment unit; residential inferred (unit), not auditor-verified"
"2740 BRANDY DR 203, Columbus, OH, 43232",2740,BRANDY DR,203,Columbus,OH,43232,"census-confirmed apartment unit; residential inferred (unit), not auditor-verified"
"2750 TENNYSON BLVD C, Columbus, OH, 43232",2750,TENNYSON BLVD,C,Columbus,OH,43232,"census-confirmed apartment unit; residential inferred (unit), not auditor-verified"
"4615 REFUGEE RD 1D, Columbus, OH, 43232",4615,REFUGEE RD,1D,Columbus,OH,43232,"census-confirmed apartment unit; residential inferred (unit), not auditor-verified"
"4619 REFUGEE RD 1E, Columbus, OH, 43232",4619,REFUGEE RD,1E,Columbus,OH,43232,"census-confirmed apartment unit; residential inferred (unit), not auditor-verified"
"4525 LAKE SIDE N F, Columbus, OH, 43232",4525,LAKE SIDE N,F,Columbus,OH,43232,"census-confirmed apartment unit; residential inferred (unit), not auditor-verified"
"5099 CEDAR DR J, Columbus, OH, 43232",5099,CEDAR DR,J,Columbus,OH,43232,"census-confirmed apartment unit; residential inferred (unit), not auditor-verified"
"4650 HILTON CORPORATE DR 218, Columbus, OH, 43232",4650,HILTON CORPORATE DR,218,Columbus,OH,43232,"census-confirmed apartment unit; residential inferred (unit), not auditor-verified"
"2233 COURTSIDE DR B, Columbus, OH, 43232",2233,COURTSIDE DR,B,Columbus,OH,43232,"census-confirmed apartment unit; residential inferred (unit), not auditor-verified"
"2740 BRANDY DR 104, Columbus, OH, 43232",2740,BRANDY DR,104,Columbus,OH,43232,"census-confirmed apartment unit; residential inferred (unit), not auditor-verified"
"2501 SHORE BLVD E L, Columbus, OH, 43232",2501,SHORE BLVD E,L,Columbus,OH,43232,"census-confirmed apartment unit; residential inferred (unit), not auditor-verified"
"5543 HIBERNIA DR B, Columbus, OH, 43232",5543,HIBERNIA DR,B,Columbus,OH,43232,"census-confirmed apartment unit; residential inferred (unit), not auditor-verified"
"4690 FENIMORE CT B, Columbus, OH, 43232",4690,FENIMORE CT,B,Columbus,OH,43232,"census-confirmed apartment unit; residential inferred (unit), not auditor-verified"
"2778 TENNYSON BLVD C, Columbus, OH, 43232",2778,TENNYSON BLVD,C,Columbus,OH,43232,"census-confirmed apartment unit; residential inferred (unit), not auditor-verified"
"5121 CEDAR DR M, Columbus, OH, 43232",5121,CEDAR DR,M,Columbus,OH,43232,"census-confirmed apartment unit; residential inferred (unit), not auditor-verified"
"4585 MONMOUTH CT B, Columbus, OH, 43232",4585,MONMOUTH CT,B,Columbus,OH,43232,"census-confirmed apartment unit; residential inferred (unit), not auditor-verified"
"4624 CHANNING TER C, Columbus, OH, 43232",4624,CHANNING TER,C,Columbus,OH,43232,"census-confirmed apartment unit; residential inferred (unit), not auditor-verified"
"5081 CEDAR DR M, Columbus, OH, 43232",5081,CEDAR DR,M,Columbus,OH,43232,"census-confirmed apartment unit; residential inferred (unit), not auditor-verified"
"5490 DUNFIELD LN 5, Columbus, OH, 43232",5490,DUNFIELD LN,5,Columbus,OH,43232,"census-confirmed apartment unit; residential inferred (unit), not auditor-verified"
"4663 REFUGEE RD 1C, Columbus, OH, 43232",4663,REFUGEE RD,1C,Columbus,OH,43232,"census-confirmed apartment unit; residential inferred (unit), not auditor-verified"
"4613 REFUGEE RD 3D, Columbus, OH, 43232",4613,REFUGEE RD,3D,Columbus,OH,43232,"census-confirmed apartment unit; residential inferred (unit), not auditor-verified"
"4524 LAKE SIDE S B, Columbus, OH, 43232",4524,LAKE SIDE S,B,Columbus,OH,43232,"census-confirmed apartment unit; residential inferred (unit), not auditor-verified"
"4561 MANDEVILLE CT C, Columbus, OH, 43232",4561,MANDEVILLE CT,C,Columbus,OH,43232,"census-confirmed apartment unit; residential inferred (unit), not auditor-verified"
"4650 HILTON CORPORATE DR 103, Columbus, OH, 43232",4650,HILTON CORPORATE DR,103,Columbus,OH,43232,"census-confirmed apartment unit; residential inferred (unit), not auditor-verified"
"1317 YORKLAND RD UNIT, Columbus, OH, 43232",1317,YORKLAND RD,UNIT,Columbus,OH,43232,"census-confirmed apartment unit; residential inferred (unit), not auditor-verified"
"5616 HIBERNIA DR C, Columbus, OH, 43232",5616,HIBERNIA DR,C,Columbus,OH,43232,"census-confirmed apartment unit; residential inferred (unit), not auditor-verified"
"2794 TENNYSON BLVD B, Columbus, OH, 43232",2794,TENNYSON BLVD,B,Columbus,OH,43232,"census-confirmed apartment unit; residential inferred (unit), not auditor-verified"
"2828 TENNYSON BLVD B, Columbus, OH, 43232",2828,TENNYSON BLVD,B,Columbus,OH,43232,"census-confirmed apartment unit; residential inferred (unit), not auditor-verified"
"3180 ELIM MANOR CT 110, Columbus, OH, 43232",3180,ELIM MANOR CT,110,Columbus,OH,43232,"census-confirmed apartment unit; residential inferred (unit), not auditor-verified"
"4650 HILTON CORPORATE DR 314, Columbus, OH, 43232",4650,HILTON CORPORATE DR,314,Columbus,OH,43232,"census-confirmed apartment unit; residential inferred (unit), not auditor-verified"
"2774 CITIZENS PL C, Columbus, OH, 43232",2774,CITIZENS PL,C,Columbus,OH,43232,"census-confirmed apartment unit; residential inferred (unit), not auditor-verified"
"2898 MERRYMOUNT CT D, Columbus, OH, 43232",2898,MERRYMOUNT CT,D,Columbus,OH,43232,"census-confirmed apartment unit; residential inferred (unit), not auditor-verified"
"4659 REFUGEE RD 3B, Columbus, OH, 43232",4659,REFUGEE RD,3B,Columbus,OH,43232,"census-confirmed apartment unit; residential inferred (unit), not auditor-verified"
"5370 YORKSHIRE TERRACE DR B, Columbus, OH, 43232",5370,YORKSHIRE TERRACE DR,B,Columbus,OH,43232,"census-confirmed apartment unit; residential inferred (unit), not auditor-verified"
"5629 HIBERNIA DR C, Columbus, OH, 43232",5629,HIBERNIA DR,C,Columbus,OH,43232,"census-confirmed apartment unit; residential inferred (unit), not auditor-verified"
"4609 REFUGEE RD 3K, Columbus, OH, 43232",4609,REFUGEE RD,3K,Columbus,OH,43232,"census-confirmed apartment unit; residential inferred (unit), not auditor-verified"
"5567 HIBERNIA DR A, Columbus, OH, 43232",5567,HIBERNIA DR,A,Columbus,OH,43232,"census-confirmed apartment unit; residential inferred (unit), not auditor-verified"
"2371 SHORE BLVD E C, Columbus, OH, 43232",2371,SHORE BLVD E,C,Columbus,OH,43232,"census-confirmed apartment unit; residential inferred (unit), not auditor-verified"
"4557 LAKE SIDE S C, Columbus, OH, 43232",4557,LAKE SIDE S,C,Columbus,OH,43232,"census-confirmed apartment unit; residential inferred (unit), not auditor-verified"
"4491 LAKE SIDE S G, Columbus, OH, 43232",4491,LAKE SIDE S,G,Columbus,OH,43232,"census-confirmed apartment unit; residential inferred (unit), not auditor-verified"
"5715 HIBERNIA DR A, Columbus, OH, 43232",5715,HIBERNIA DR,A,Columbus,OH,43232,"census-confirmed apartment unit; residential inferred (unit), not auditor-verified"
"2779 CITIZENS PL H, Columbus, OH, 43232",2779,CITIZENS PL,H,Columbus,OH,43232,"census-confirmed apartment unit; residential inferred (unit), not auditor-verified"
"5370 YORKSHIRE TERRACE DR D, Columbus, OH, 43232",5370,YORKSHIRE TERRACE DR,D,Columbus,OH,43232,"census-confirmed apartment unit; residential inferred (unit), not auditor-verified"
"5880 YORKLAND CT UNIT B, Columbus, OH, 43232",5880,YORKLAND CT,UNIT B,Columbus,OH,43232,"census-confirmed apartment unit; residential inferred (unit), not auditor-verified"
"2431 SHORE BLVD E J, Columbus, OH, 43232",2431,SHORE BLVD E,J,Columbus,OH,43232,"census-confirmed apartment unit; residential inferred (unit), not auditor-verified"
"5095 CEDAR DR F, Columbus, OH, 43232",5095,CEDAR DR,F,Columbus,OH,43232,"census-confirmed apartment unit; residential inferred (unit), not auditor-verified"
"4665 REFUGEE RD 1G, Columbus, OH, 43232",4665,REFUGEE RD,1G,Columbus,OH,43232,"census-confirmed apartment unit; residential inferred (unit), not auditor-verified"
"5644 HIBERNIA DR C, Columbus, OH, 43232",5644,HIBERNIA DR,C,Columbus,OH,43232,"census-confirmed apartment unit; residential inferred (unit), not auditor-verified"
"5427 YORKSHIRE TERRACE DR 1B, Columbus, OH, 43232",5427,YORKSHIRE TERRACE DR,1B,Columbus,OH,43232,"census-confirmed apartment unit; residential inferred (unit), not auditor-verified"
"4619 REFUGEE RD 1J, Columbus, OH, 43232",4619,REFUGEE RD,1J,Columbus,OH,43232,"census-confirmed apartment unit; residential inferred (unit), not auditor-verified"
"2447 SHORE BLVD E D, Columbus, OH, 43232",2447,SHORE BLVD E,D,Columbus,OH,43232,"census-confirmed apartment unit; residential inferred (unit), not auditor-verified"
"5878 YORKLAND CT UNIT G, Columbus, OH, 43232",5878,YORKLAND CT,UNIT G,Columbus,OH,43232,"census-confirmed apartment unit; residential inferred (unit), not auditor-verified"
"4659 REFUGEE RD 3A, Columbus, OH, 43232",4659,REFUGEE RD,3A,Columbus,OH,43232,"census-confirmed apartment unit; residential inferred (unit), not auditor-verified"
"4595 REFUGEE RD 1D, Columbus, OH, 43232",4595,REFUGEE RD,1D,Columbus,OH,43232,"census-confirmed apartment unit; residential inferred (unit), not auditor-verified"
"5427 YORKSHIRE TERRACE DR 3A, Columbus, OH, 43232",5427,YORKSHIRE TERRACE DR,3A,Columbus,OH,43232,"census-confirmed apartment unit; residential inferred (unit), not auditor-verified"
"2447 SHORE BLVD E A, Columbus, OH, 43232",2447,SHORE BLVD E,A,Columbus,OH,43232,"census-confirmed apartment unit; residential inferred (unit), not auditor-verified"
"2780 CITIZENS PL G, Columbus, OH, 43232",2780,CITIZENS PL,G,Columbus,OH,43232,"census-confirmed apartment unit; residential inferred (unit), not auditor-verified"
"4599 REFUGEE RD 2D, Columbus, OH, 43232",4599,REFUGEE RD,2D,Columbus,OH,43232,"census-confirmed apartment unit; residential inferred (unit), not auditor-verified"
"2880 NATHANIEL BLVD D, Columbus, OH, 43232",2880,NATHANIEL BLVD,D,Columbus,OH,43232,"census-confirmed apartment unit; residential inferred (unit), not auditor-verified"
"4545 LAKE SIDE S F, Columbus, OH, 43232",4545,LAKE SIDE S,F,Columbus,OH,43232,"census-confirmed apartment unit; residential inferred (unit), not auditor-verified"
"3180 ELIM MANOR CT 211, Columbus, OH, 43232",3180,ELIM MANOR CT,211,Columbus,OH,43232,"census-confirmed apartment unit; residential inferred (unit), not auditor-verified"
"5983 LAKE CLUB SQ D, Columbus, OH, 43232",5983,LAKE CLUB SQ,D,Columbus,OH,43232,"census-confirmed apartment unit; residential inferred (unit), not auditor-verified"
"4659 REFUGEE RD 2D, Columbus, OH, 43232",4659,REFUGEE RD,2D,Columbus,OH,43232,"census-confirmed apartment unit; residential inferred (unit), not auditor-verified"
"2817 CITIZENS PL F, Columbus, OH, 43232",2817,CITIZENS PL,F,Columbus,OH,43232,"census-confirmed apartment unit; residential inferred (unit), not auditor-verified"
"5489 E LIVINGSTON AVE UNIT D, Columbus, OH, 43232",5489,E LIVINGSTON AVE,UNIT D,Columbus,OH,43232,"census-confirmed apartment unit; residential inferred (unit), not auditor-verified"
"1323 YORKLAND RD UNIT, Columbus, OH, 43232",1323,YORKLAND RD,UNIT,Columbus,OH,43232,"census-confirmed apartment unit; residential inferred (unit), not auditor-verified"
"2962 NATHANIEL BLVD D, Columbus, OH, 43232",2962,NATHANIEL BLVD,D,Columbus,OH,43232,"census-confirmed apartment unit; residential inferred (unit), not auditor-verified"
"4571 HEMINGWAY CT C, Columbus, OH, 43232",4571,HEMINGWAY CT,C,Columbus,OH,43232,"census-confirmed apartment unit; residential inferred (unit), not auditor-verified"
"5453 LONSDALE PL N UNIT A, Columbus, OH, 43232",5453,LONSDALE PL N,UNIT A,Columbus,OH,43232,"census-confirmed apartment unit; residential inferred (unit), not auditor-verified"
"2231 COURTSIDE DR B, Columbus, OH, 43232",2231,COURTSIDE DR,B,Columbus,OH,43232,"census-confirmed apartment unit; residential inferred (unit), not auditor-verified"
"4678 FENIMORE CT A, Columbus, OH, 43232",4678,FENIMORE CT,A,Columbus,OH,43232,"census-confirmed apartment unit; residential inferred (unit), not auditor-verified"
"2791 CITIZENS PL G, Columbus, OH, 43232",2791,CITIZENS PL,G,Columbus,OH,43232,"census-confirmed apartment unit; residential inferred (unit), not auditor-verified"
"5982 LAKE CLUB SQ D, Columbus, OH, 43232",5982,LAKE CLUB SQ,D,Columbus,OH,43232,"census-confirmed apartment unit; residential inferred (unit), not auditor-verified"
"2510 KIMBERLY PKWY E UNIT 107, Columbus, OH, 43232",2510,KIMBERLY PKWY E,UNIT 107,Columbus,OH,43232,"census-confirmed apartment unit; residential inferred (unit), not auditor-verified"
"2780 CITIZENS PL E, Columbus, OH, 43232",2780,CITIZENS PL,E,Columbus,OH,43232,"census-confirmed apartment unit; residential inferred (unit), not auditor-verified"
"4635 WORDSWORTH CT A, Columbus, OH, 43232",4635,WORDSWORTH CT,A,Columbus,OH,43232,"census-confirmed apartment unit; residential inferred (unit), not auditor-verified"
"2871 MERRYMOUNT CT A, Columbus, OH, 43232",2871,MERRYMOUNT CT,A,Columbus,OH,43232,"census-confirmed apartment unit; residential inferred (unit), not auditor-verified"
"4655 REFUGEE RD 1D, Columbus, OH, 43232",4655,REFUGEE RD,1D,Columbus,OH,43232,"census-confirmed apartment unit; residential inferred (unit), not auditor-verified"
"5050 COVENTRY CT N C, Columbus, OH, 43232",5050,COVENTRY CT N,C,Columbus,OH,43232,"census-confirmed apartment unit; residential inferred (unit), not auditor-verified"
"4818 LARAINE CT 101, Columbus, OH, 43232",4818,LARAINE CT,101,Columbus,OH,43232,"census-confirmed apartment unit; residential inferred (unit), not auditor-verified"
"4570 LAKE SIDE N K, Columbus, OH, 43232",4570,LAKE SIDE N,K,Columbus,OH,43232,"census-confirmed apartment unit; residential inferred (unit), not auditor-verified"
"4617 REFUGEE RD 2B, Columbus, OH, 43232",4617,REFUGEE RD,2B,Columbus,OH,43232,"census-confirmed apartment unit; residential inferred (unit), not auditor-verified"
"4615 HEBRIDES DR C, Columbus, OH, 43232",4615,HEBRIDES DR,C,Columbus,OH,43232,"census-confirmed apartment unit; residential inferred (unit), not auditor-verified"
"4605 REFUGEE RD 1A, Columbus, OH, 43232",4605,REFUGEE RD,1A,Columbus,OH,43232,"census-confirmed apartment unit; residential inferred (unit), not auditor-verified"
"5613 HIBERNIA DR CATV, Columbus, OH, 43232",5613,HIBERNIA DR,CATV,Columbus,OH,43232,"census-confirmed apartment unit; residential inferred (unit), not auditor-verified"
"2851 CITIZENS PL C, Columbus, OH, 43232",2851,CITIZENS PL,C,Columbus,OH,43232,"census-confirmed apartment unit; residential inferred (unit), not auditor-verified"
"4688 FENIMORE CT A, Columbus, OH, 43232",4688,FENIMORE CT,A,Columbus,OH,43232,"census-confirmed apartment unit; residential inferred (unit), not auditor-verified"
"5983 LAKE CLUB SQ C, Columbus, OH, 43232",5983,LAKE CLUB SQ,C,Columbus,OH,43232,"census-confirmed apartment unit; residential inferred (unit), not auditor-verified"
"4545 LAKE SIDE S B, Columbus, OH, 43232",4545,LAKE SIDE S,B,Columbus,OH,43232,"census-confirmed apartment unit; residential inferred (unit), not auditor-verified"
"2722 TENNYSON BLVD A, Columbus, OH, 43232",2722,TENNYSON BLVD,A,Columbus,OH,43232,"census-confirmed apartment unit; residential inferred (unit), not auditor-verified"
"5461 LONSDALE PL S UNIT B, Columbus, OH, 43232",5461,LONSDALE PL S,UNIT B,Columbus,OH,43232,"census-confirmed apartment unit; residential inferred (unit), not auditor-verified"
"5558 AUTUMN CHASE DR A, Columbus, OH, 43232",5558,AUTUMN CHASE DR,A,Columbus,OH,43232,"census-confirmed apartment unit; residential inferred (unit), not auditor-verified"
"5459 E LIVINGSTON AVE UNIT C, Columbus, OH, 43232",5459,E LIVINGSTON AVE,UNIT C,Columbus,OH,43232,"census-confirmed apartment unit; residential inferred (unit), not auditor-verified"
"2825 CITIZENS PL G, Columbus, OH, 43232",2825,CITIZENS PL,G,Columbus,OH,43232,"census-confirmed apartment unit; residential inferred (unit), not auditor-verified"
"4603 REFUGEE RD 1D, Columbus, OH, 43232",4603,REFUGEE RD,1D,Columbus,OH,43232,"census-confirmed apartment unit; residential inferred (unit), not auditor-verified"
"1289 YORKLAND RD UNIT P, Columbus, OH, 43232",1289,YORKLAND RD,UNIT P,Columbus,OH,43232,"census-confirmed apartment unit; residential inferred (unit), not auditor-verified"
"2844 CITIZENS PL G, Columbus, OH, 43232",2844,CITIZENS PL,G,Columbus,OH,43232,"census-confirmed apartment unit; residential inferred (unit), not auditor-verified"
"4639 COLERIDGE CT B, Columbus, OH, 43232",4639,COLERIDGE CT,B,Columbus,OH,43232,"census-confirmed apartment unit; residential inferred (unit), not auditor-verified"
"5708 HIBERNIA DR B, Columbus, OH, 43232",5708,HIBERNIA DR,B,Columbus,OH,43232,"census-confirmed apartment unit; residential inferred (unit), not auditor-verified"
"4665 REFUGEE RD 2H, Columbus, OH, 43232",4665,REFUGEE RD,2H,Columbus,OH,43232,"census-confirmed apartment unit; residential inferred (unit), not auditor-verified"
"4573 MONMOUTH CT 210, Columbus, OH, 43232",4573,MONMOUTH CT,210,Columbus,OH,43232,"census-confirmed apartment unit; residential inferred (unit), not auditor-verified"
"5079 CEDAR DR H, Columbus, OH, 43232",5079,CEDAR DR,H,Columbus,OH,43232,"census-confirmed apartment unit; residential inferred (unit), not auditor-verified"
"1289 YORKLAND RD UNIT G, Columbus, OH, 43232",1289,YORKLAND RD,UNIT G,Columbus,OH,43232,"census-confirmed apartment unit; residential inferred (unit), not auditor-verified"
"2733 TENNYSON BLVD C, Columbus, OH, 43232",2733,TENNYSON BLVD,C,Columbus,OH,43232,"census-confirmed apartment unit; residential inferred (unit), not auditor-verified"
"4613 REFUGEE RD 2C, Columbus, OH, 43232",4613,REFUGEE RD,2C,Columbus,OH,43232,"census-confirmed apartment unit; residential inferred (unit), not auditor-verified"
"5577 HIBERNIA DR B, Columbus, OH, 43232",5577,HIBERNIA DR,B,Columbus,OH,43232,"census-confirmed apartment unit; residential inferred (unit), not auditor-verified"
"2510 KIMBERLY PKWY E UNIT 208, Columbus, OH, 43232",2510,KIMBERLY PKWY E,UNIT 208,Columbus,OH,43232,"census-confirmed apartment unit; residential inferred (unit), not auditor-verified"
"4671 REFUGEE RD 1A, Columbus, OH, 43232",4671,REFUGEE RD,1A,Columbus,OH,43232,"census-confirmed apartment unit; residential inferred (unit), not auditor-verified"
"5530 DUNFIELD LN 4, Columbus, OH, 43232",5530,DUNFIELD LN,4,Columbus,OH,43232,"census-confirmed apartment unit; residential inferred (unit), not auditor-verified"
"4682 FENIMORE CT C, Columbus, OH, 43232",4682,FENIMORE CT,C,Columbus,OH,43232,"census-confirmed apartment unit; residential inferred (unit), not auditor-verified"
"4655 REFUGEE RD 2C, Columbus, OH, 43232",4655,REFUGEE RD,2C,Columbus,OH,43232,"census-confirmed apartment unit; residential inferred (unit), not auditor-verified"
"1285 YORKLAND RD UNIT K, Columbus, OH, 43232",1285,YORKLAND RD,UNIT K,Columbus,OH,43232,"census-confirmed apartment unit; residential inferred (unit), not auditor-verified"
"2871 MERRYMOUNT CT B, Columbus, OH, 43232",2871,MERRYMOUNT CT,B,Columbus,OH,43232,"census-confirmed apartment unit; residential inferred (unit), not auditor-verified"
"2205 COURTSIDE DR F, Columbus, OH, 43232",2205,COURTSIDE DR,F,Columbus,OH,43232,"census-confirmed apartment unit; residential inferred (unit), not auditor-verified"
"2091 LAKE CLUB TER F, Columbus, OH, 43232",2091,LAKE CLUB TER,F,Columbus,OH,43232,"census-confirmed apartment unit; residential inferred (unit), not auditor-verified"
"2881 TENNYSON BLVD 100, Columbus, OH, 43232",2881,TENNYSON BLVD,100,Columbus,OH,43232,"census-confirmed apartment unit; residential inferred (unit), not auditor-verified"
"5461 LONSDALE PL S UNIT D, Columbus, OH, 43232",5461,LONSDALE PL S,UNIT D,Columbus,OH,43232,"census-confirmed apartment unit; residential inferred (unit), not auditor-verified"
"4564 ISINGTON CT 204, Columbus, OH, 43232",4564,ISINGTON CT,204,Columbus,OH,43232,"census-confirmed apartment unit; residential inferred (unit), not auditor-verified"
"2421 SHORE BLVD E C, Columbus, OH, 43232",2421,SHORE BLVD E,C,Columbus,OH,43232,"census-confirmed apartment unit; residential inferred (unit), not auditor-verified"
"5141 CEDAR DR K, Columbus, OH, 43232",5141,CEDAR DR,K,Columbus,OH,43232,"census-confirmed apartment unit; residential inferred (unit), not auditor-verified"
"5746 HIBERNIA DR B, Columbus, OH, 43232",5746,HIBERNIA DR,B,Columbus,OH,43232,"census-confirmed apartment unit; residential inferred (unit), not auditor-verified"
"2512 SCARBOROUGH SQ 7, Columbus, OH, 43232",2512,SCARBOROUGH SQ,7,Columbus,OH,43232,"census-confirmed apartment unit; residential inferred (unit), not auditor-verified"
"5545 CANTARA PL 4, Columbus, OH, 43232",5545,CANTARA PL,4,Columbus,OH,43232,"census-confirmed apartment unit; residential inferred (unit), not auditor-verified"
"1759 LONSDALE PL E UNIT A, Columbus, OH, 43232",1759,LONSDALE PL E,UNIT A,Columbus,OH,43232,"census-confirmed apartment unit; residential inferred (unit), not auditor-verified"
"2812 TENNYSON BLVD A, Columbus, OH, 43232",2812,TENNYSON BLVD,A,Columbus,OH,43232,"census-confirmed apartment unit; residential inferred (unit), not auditor-verified"
"2510 KIMBERLY PKWY E 205, Columbus, OH, 43232",2510,KIMBERLY PKWY E,205,Columbus,OH,43232,"census-confirmed apartment unit; residential inferred (unit), not auditor-verified"
"2440 SHORE BLVD W B, Columbus, OH, 43232",2440,SHORE BLVD W,B,Columbus,OH,43232,"census-confirmed apartment unit; residential inferred (unit), not auditor-verified"
"5333 YORKSHIRE TERRACE DR C, Columbus, OH, 43232",5333,YORKSHIRE TERRACE DR,C,Columbus,OH,43232,"census-confirmed apartment unit; residential inferred (unit), not auditor-verified"
"4597 REFUGEE RD 1H, Columbus, OH, 43232",4597,REFUGEE RD,1H,Columbus,OH,43232,"census-confirmed apartment unit; residential inferred (unit), not auditor-verified"
"2213 COURTSIDE DR C, Columbus, OH, 43232",2213,COURTSIDE DR,C,Columbus,OH,43232,"census-confirmed apartment unit; residential inferred (unit), not auditor-verified"
"4571 HEMINGWAY CT B, Columbus, OH, 43232",4571,HEMINGWAY CT,B,Columbus,OH,43232,"census-confirmed apartment unit; residential inferred (unit), not auditor-verified"
"2381 SHORE BLVD E D, Columbus, OH, 43232",2381,SHORE BLVD E,D,Columbus,OH,43232,"census-confirmed apartment unit; residential inferred (unit), not auditor-verified"
"1289 YORKLAND RD UNIT L, Columbus, OH, 43232",1289,YORKLAND RD,UNIT L,Columbus,OH,43232,"census-confirmed apartment unit; residential inferred (unit), not auditor-verified"
"5145 CEDAR DR M, Columbus, OH, 43232",5145,CEDAR DR,M,Columbus,OH,43232,"census-confirmed apartment unit; residential inferred (unit), not auditor-verified"
"2870 WOOLWICH CT 214, Columbus, OH, 43232",2870,WOOLWICH CT,214,Columbus,OH,43232,"census-confirmed apartment unit; residential inferred (unit), not auditor-verified"
"2853 CITIZENS PL E, Columbus, OH, 43232",2853,CITIZENS PL,E,Columbus,OH,43232,"census-confirmed apartment unit; residential inferred (unit), not auditor-verified"
"5539 HIBERNIA DR B, Columbus, OH, 43232",5539,HIBERNIA DR,B,Columbus,OH,43232,"census-confirmed apartment unit; residential inferred (unit), not auditor-verified"
"4800 LARAINE CT 104, Columbus, OH, 43232",4800,LARAINE CT,104,Columbus,OH,43232,"census-confirmed apartment unit; residential inferred (unit), not auditor-verified"
"1898 COVENTRY CT B, Columbus, OH, 43232",1898,COVENTRY CT,B,Columbus,OH,43232,"census-confirmed apartment unit; residential inferred (unit), not auditor-verified"
"2825 CITIZENS PL B, Columbus, OH, 43232",2825,CITIZENS PL,B,Columbus,OH,43232,"census-confirmed apartment unit; residential inferred (unit), not auditor-verified"
"2744 CITIZENS PL H, Columbus, OH, 43232",2744,CITIZENS PL,H,Columbus,OH,43232,"census-confirmed apartment unit; residential inferred (unit), not auditor-verified"
"5081 CEDAR DR F, Columbus, OH, 43232",5081,CEDAR DR,F,Columbus,OH,43232,"census-confirmed apartment unit; residential inferred (unit), not auditor-verified"
"2391 SHORE BLVD E A, Columbus, OH, 43232",2391,SHORE BLVD E,A,Columbus,OH,43232,"census-confirmed apartment unit; residential inferred (unit), not auditor-verified"
"5083 CEDAR DR H, Columbus, OH, 43232",5083,CEDAR DR,H,Columbus,OH,43232,"census-confirmed apartment unit; residential inferred (unit), not auditor-verified"
"5398 YORKSHIRE TERRACE DR D, Columbus, OH, 43232",5398,YORKSHIRE TERRACE DR,D,Columbus,OH,43232,"census-confirmed apartment unit; residential inferred (unit), not auditor-verified"
"5880 YORKLAND CT UNIT F, Columbus, OH, 43232",5880,YORKLAND CT,UNIT F,Columbus,OH,43232,"census-confirmed apartment unit; residential inferred (unit), not auditor-verified"
"4621 REFUGEE RD 2B, Columbus, OH, 43232",4621,REFUGEE RD,2B,Columbus,OH,43232,"census-confirmed apartment unit; residential inferred (unit), not auditor-verified"
"5685 BAIRSFORD CIR N 8, Columbus, OH, 43232",5685,BAIRSFORD CIR N,8,Columbus,OH,43232,"census-confirmed apartment unit; residential inferred (unit), not auditor-verified"
"2852 CITIZENS PL F, Columbus, OH, 43232",2852,CITIZENS PL,F,Columbus,OH,43232,"census-confirmed apartment unit; residential inferred (unit), not auditor-verified"
"4576 MANDEVILLE CT C, Columbus, OH, 43232",4576,MANDEVILLE CT,C,Columbus,OH,43232,"census-confirmed apartment unit; residential inferred (unit), not auditor-verified"
"4655 REFUGEE RD 1F, Columbus, OH, 43232",4655,REFUGEE RD,1F,Columbus,OH,43232,"census-confirmed apartment unit; residential inferred (unit), not auditor-verified"
"5880 YORKLAND CT UNIT N, Columbus, OH, 43232",5880,YORKLAND CT,UNIT N,Columbus,OH,43232,"census-confirmed apartment unit; residential inferred (unit), not auditor-verified"
"4774 LARAINE CT 204, Columbus, OH, 43232",4774,LARAINE CT,204,Columbus,OH,43232,"census-confirmed apartment unit; residential inferred (unit), not auditor-verified"
"2091 LAKE CLUB TER E, Columbus, OH, 43232",2091,LAKE CLUB TER,E,Columbus,OH,43232,"census-confirmed apartment unit; residential inferred (unit), not auditor-verified"
"5384 YORKSHIRE TERRACE DR B, Columbus, OH, 43232",5384,YORKSHIRE TERRACE DR,B,Columbus,OH,43232,"census-confirmed apartment unit; residential inferred (unit), not auditor-verified"
"2927 TENNYSON BLVD B, Columbus, OH, 43232",2927,TENNYSON BLVD,B,Columbus,OH,43232,"census-confirmed apartment unit; residential inferred (unit), not auditor-verified"
"5119 CEDAR DR G, Columbus, OH, 43232",5119,CEDAR DR,G,Columbus,OH,43232,"census-confirmed apartment unit; residential inferred (unit), not auditor-verified"
"5611 AUTUMN CHASE DR B, Columbus, OH, 43232",5611,AUTUMN CHASE DR,B,Columbus,OH,43232,"census-confirmed apartment unit; residential inferred (unit), not auditor-verified"
"5766 HIBERNIA DR C, Columbus, OH, 43232",5766,HIBERNIA DR,C,Columbus,OH,43232,"census-confirmed apartment unit; residential inferred (unit), not auditor-verified"
"4619 REFUGEE RD 1B, Columbus, OH, 43232",4619,REFUGEE RD,1B,Columbus,OH,43232,"census-confirmed apartment unit; residential inferred (unit), not auditor-verified"
"5202 CEDAR DR D, Columbus, OH, 43232",5202,CEDAR DR,D,Columbus,OH,43232,"census-confirmed apartment unit; residential inferred (unit), not auditor-verified"
"2881 TENNYSON BLVD 205, Columbus, OH, 43232",2881,TENNYSON BLVD,205,Columbus,OH,43232,"census-confirmed apartment unit; residential inferred (unit), not auditor-verified"
"4633 COLERIDGE CT B, Columbus, OH, 43232",4633,COLERIDGE CT,B,Columbus,OH,43232,"census-confirmed apartment unit; residential inferred (unit), not auditor-verified"
"5673 HIBERNIA DR A, Columbus, OH, 43232",5673,HIBERNIA DR,A,Columbus,OH,43232,"census-confirmed apartment unit; residential inferred (unit), not auditor-verified"
"4575 LAKE SIDE S D, Columbus, OH, 43232",4575,LAKE SIDE S,D,Columbus,OH,43232,"census-confirmed apartment unit; residential inferred (unit), not auditor-verified"
"4564 MANDEVILLE CT C, Columbus, OH, 43232",4564,MANDEVILLE CT,C,Columbus,OH,43232,"census-confirmed apartment unit; residential inferred (unit), not auditor-verified"
"5095 CEDAR DR E, Columbus, OH, 43232",5095,CEDAR DR,E,Columbus,OH,43232,"census-confirmed apartment unit; residential inferred (unit), not auditor-verified"
"4671 REFUGEE RD 2C, Columbus, OH, 43232",4671,REFUGEE RD,2C,Columbus,OH,43232,"census-confirmed apartment unit; residential inferred (unit), not auditor-verified"
"4822 REFUGEE RD D, Columbus, OH, 43232",4822,REFUGEE RD,D,Columbus,OH,43232,"census-confirmed apartment unit; residential inferred (unit), not auditor-verified"
"4591 WORDSWORTH CT D, Columbus, OH, 43232",4591,WORDSWORTH CT,D,Columbus,OH,43232,"census-confirmed apartment unit; residential inferred (unit), not auditor-verified"
"2484 SCARBOROUGH SQ 1, Columbus, OH, 43232",2484,SCARBOROUGH SQ,1,Columbus,OH,43232,"census-confirmed apartment unit; residential inferred (unit), not auditor-verified"
"5576 HIBERNIA DR B, Columbus, OH, 43232",5576,HIBERNIA DR,B,Columbus,OH,43232,"census-confirmed apartment unit; residential inferred (unit), not auditor-verified"
"5014 COVENTRY DR C, Columbus, OH, 43232",5014,COVENTRY DR,C,Columbus,OH,43232,"census-confirmed apartment unit; residential inferred (unit), not auditor-verified"
"2870 MERRYMOUNT CT D, Columbus, OH, 43232",2870,MERRYMOUNT CT,D,Columbus,OH,43232,"census-confirmed apartment unit; residential inferred (unit), not auditor-verified"
"4575 MANDEVILLE CT D, Columbus, OH, 43232",4575,MANDEVILLE CT,D,Columbus,OH,43232,"census-confirmed apartment unit; residential inferred (unit), not auditor-verified"
"2894 MERRYMOUNT CT D, Columbus, OH, 43232",2894,MERRYMOUNT CT,D,Columbus,OH,43232,"census-confirmed apartment unit; residential inferred (unit), not auditor-verified"
"5515 CANTARA PL 1, Columbus, OH, 43232",5515,CANTARA PL,1,Columbus,OH,43232,"census-confirmed apartment unit; residential inferred (unit), not auditor-verified"
"4599 REFUGEE RD 3D, Columbus, OH, 43232",4599,REFUGEE RD,3D,Columbus,OH,43232,"census-confirmed apartment unit; residential inferred (unit), not auditor-verified"
"4593 REFUGEE RD 1I, Columbus, OH, 43232",4593,REFUGEE RD,1I,Columbus,OH,43232,"census-confirmed apartment unit; residential inferred (unit), not auditor-verified"
"2740 CITIZENS PL G, Columbus, OH, 43232",2740,CITIZENS PL,G,Columbus,OH,43232,"census-confirmed apartment unit; residential inferred (unit), not auditor-verified"
"5620 HIBERNIA DR A, Columbus, OH, 43232",5620,HIBERNIA DR,A,Columbus,OH,43232,"census-confirmed apartment unit; residential inferred (unit), not auditor-verified"
"2817 CITIZENS PL B, Columbus, OH, 43232",2817,CITIZENS PL,B,Columbus,OH,43232,"census-confirmed apartment unit; residential inferred (unit), not auditor-verified"
"4611 REFUGEE RD 2B, Columbus, OH, 43232",4611,REFUGEE RD,2B,Columbus,OH,43232,"census-confirmed apartment unit; residential inferred (unit), not auditor-verified"
"2510 KIMBERLY PKWY E 201, Columbus, OH, 43232",2510,KIMBERLY PKWY E,201,Columbus,OH,43232,"census-confirmed apartment unit; residential inferred (unit), not auditor-verified"
"5878 YORKLAND CT UNIT E, Columbus, OH, 43232",5878,YORKLAND CT,UNIT E,Columbus,OH,43232,"census-confirmed apartment unit; residential inferred (unit), not auditor-verified"
"5578 AUTUMN CHASE DR B, Columbus, OH, 43232",5578,AUTUMN CHASE DR,B,Columbus,OH,43232,"census-confirmed apartment unit; residential inferred (unit), not auditor-verified"
"5788 HIBERNIA DR C, Columbus, OH, 43232",5788,HIBERNIA DR,C,Columbus,OH,43232,"census-confirmed apartment unit; residential inferred (unit), not auditor-verified"
"5533 CANTARA PL 1, Columbus, OH, 43232",5533,CANTARA PL,1,Columbus,OH,43232,"census-confirmed apartment unit; residential inferred (unit), not auditor-verified"
"5415 YORKSHIRE TERRACE DR 1A, Columbus, OH, 43232",5415,YORKSHIRE TERRACE DR,1A,Columbus,OH,43232,"census-confirmed apartment unit; residential inferred (unit), not auditor-verified"
"2714 BRANDY DR 103, Columbus, OH, 43232",2714,BRANDY DR,103,Columbus,OH,43232,"census-confirmed apartment unit; residential inferred (unit), not auditor-verified"
"5980 LAKE CLUB SQ H, Columbus, OH, 43232",5980,LAKE CLUB SQ,H,Columbus,OH,43232,"census-confirmed apartment unit; residential inferred (unit), not auditor-verified"
"1291 YORKLAND RD UNIT, Columbus, OH, 43232",1291,YORKLAND RD,UNIT,Columbus,OH,43232,"census-confirmed apartment unit; residential inferred (unit), not auditor-verified"
"5381 YORKSHIRE TERRACE DR 6B, Columbus, OH, 43232",5381,YORKSHIRE TERRACE DR,6B,Columbus,OH,43232,"census-confirmed apartment unit; residential inferred (unit), not auditor-verified"
"4657 REFUGEE RD 1J, Columbus, OH, 43232",4657,REFUGEE RD,1J,Columbus,OH,43232,"census-confirmed apartment unit; residential inferred (unit), not auditor-verified"
"4798 LARAINE CT 103, Columbus, OH, 43232",4798,LARAINE CT,103,Columbus,OH,43232,"census-confirmed apartment unit; residential inferred (unit), not auditor-verified"
"2779 CITIZENS PL A, Columbus, OH, 43232",2779,CITIZENS PL,A,Columbus,OH,43232,"census-confirmed apartment unit; residential inferred (unit), not auditor-verified"
"6001 LAKE CLUB CT G, Columbus, OH, 43232",6001,LAKE CLUB CT,G,Columbus,OH,43232,"census-confirmed apartment unit; residential inferred (unit), not auditor-verified"
"5381 YORKSHIRE TERRACE DR 4C, Columbus, OH, 43232",5381,YORKSHIRE TERRACE DR,4C,Columbus,OH,43232,"census-confirmed apartment unit; residential inferred (unit), not auditor-verified"
"2962 NATHANIEL BLVD B, Columbus, OH, 43232",2962,NATHANIEL BLVD,B,Columbus,OH,43232,"census-confirmed apartment unit; residential inferred (unit), not auditor-verified"
"4826 LARAINE CT 202, Columbus, OH, 43232",4826,LARAINE CT,202,Columbus,OH,43232,"census-confirmed apartment unit; residential inferred (unit), not auditor-verified"
"2740 BRANDY DR 103, Columbus, OH, 43232",2740,BRANDY DR,103,Columbus,OH,43232,"census-confirmed apartment unit; residential inferred (unit), not auditor-verified"
"2093 LAKE CLUB TER E, Columbus, OH, 43232",2093,LAKE CLUB TER,E,Columbus,OH,43232,"census-confirmed apartment unit; residential inferred (unit), not auditor-verified"
"4678 FENIMORE CT C, Columbus, OH, 43232",4678,FENIMORE CT,C,Columbus,OH,43232,"census-confirmed apartment unit; residential inferred (unit), not auditor-verified"
"4544 LAKE SIDE S F, Columbus, OH, 43232",4544,LAKE SIDE S,F,Columbus,OH,43232,"census-confirmed apartment unit; residential inferred (unit), not auditor-verified"
"4544 LAKE SIDE S H, Columbus, OH, 43232",4544,LAKE SIDE S,H,Columbus,OH,43232,"census-confirmed apartment unit; residential inferred (unit), not auditor-verified"
"4665 REFUGEE RD 3F, Columbus, OH, 43232",4665,REFUGEE RD,3F,Columbus,OH,43232,"census-confirmed apartment unit; residential inferred (unit), not auditor-verified"
"2898 MERRYMOUNT CT B, Columbus, OH, 43232",2898,MERRYMOUNT CT,B,Columbus,OH,43232,"census-confirmed apartment unit; residential inferred (unit), not auditor-verified"
"2242 S HAMILTON RD 200, Columbus, OH, 43232",2242,S HAMILTON RD,200,Columbus,OH,43232,"census-confirmed apartment unit; residential inferred (unit), not auditor-verified"
"5476 LONSDALE PL N UNIT D, Columbus, OH, 43232",5476,LONSDALE PL N,UNIT D,Columbus,OH,43232,"census-confirmed apartment unit; residential inferred (unit), not auditor-verified"
"2371 SHORE BLVD E G, Columbus, OH, 43232",2371,SHORE BLVD E,G,Columbus,OH,43232,"census-confirmed apartment unit; residential inferred (unit), not auditor-verified"
"5716 HIBERNIA DR A, Columbus, OH, 43232",5716,HIBERNIA DR,A,Columbus,OH,43232,"census-confirmed apartment unit; residential inferred (unit), not auditor-verified"
"4578 ISINGTON CT D, Columbus, OH, 43232",4578,ISINGTON CT,D,Columbus,OH,43232,"census-confirmed apartment unit; residential inferred (unit), not auditor-verified"
"2510 KIMBERLY PKWY E UNIT 201, Columbus, OH, 43232",2510,KIMBERLY PKWY E,UNIT 201,Columbus,OH,43232,"census-confirmed apartment unit; residential inferred (unit), not auditor-verified"
"5536 DUNFIELD LN 4, Columbus, OH, 43232",5536,DUNFIELD LN,4,Columbus,OH,43232,"census-confirmed apartment unit; residential inferred (unit), not auditor-verified"
"2870 WOOLWICH CT 106, Columbus, OH, 43232",2870,WOOLWICH CT,106,Columbus,OH,43232,"census-confirmed apartment unit; residential inferred (unit), not auditor-verified"
"1305 YORKLAND RD UNIT, Columbus, OH, 43232",1305,YORKLAND RD,UNIT,Columbus,OH,43232,"census-confirmed apartment unit; residential inferred (unit), not auditor-verified"
"5579 AUTUMN CHASE DR A, Columbus, OH, 43232",5579,AUTUMN CHASE DR,A,Columbus,OH,43232,"census-confirmed apartment unit; residential inferred (unit), not auditor-verified"
"5611 HIBERNIA DR A, Columbus, OH, 43232",5611,HIBERNIA DR,A,Columbus,OH,43232,"census-confirmed apartment unit; residential inferred (unit), not auditor-verified"
"4609 REFUGEE RD 2L, Columbus, OH, 43232",4609,REFUGEE RD,2L,Columbus,OH,43232,"census-confirmed apartment unit; residential inferred (unit), not auditor-verified"
"4601 REFUGEE RD 1J, Columbus, OH, 43232",4601,REFUGEE RD,1J,Columbus,OH,43232,"census-confirmed apartment unit; residential inferred (unit), not auditor-verified"
"2865 CITIZENS PL D, Columbus, OH, 43232",2865,CITIZENS PL,D,Columbus,OH,43232,"census-confirmed apartment unit; residential inferred (unit), not auditor-verified"
"4649 COLERIDGE CT B, Columbus, OH, 43232",4649,COLERIDGE CT,B,Columbus,OH,43232,"census-confirmed apartment unit; residential inferred (unit), not auditor-verified"
"2087 LAKE CLUB TER C, Columbus, OH, 43232",2087,LAKE CLUB TER,C,Columbus,OH,43232,"census-confirmed apartment unit; residential inferred (unit), not auditor-verified"
"5609 AUTUMN CHASE DR B, Columbus, OH, 43232",5609,AUTUMN CHASE DR,B,Columbus,OH,43232,"census-confirmed apartment unit; residential inferred (unit), not auditor-verified"
"2859 CITIZENS PL B, Columbus, OH, 43232",2859,CITIZENS PL,B,Columbus,OH,43232,"census-confirmed apartment unit; residential inferred (unit), not auditor-verified"
"5083 CEDAR DR L, Columbus, OH, 43232",5083,CEDAR DR,L,Columbus,OH,43232,"census-confirmed apartment unit; residential inferred (unit), not auditor-verified"
"5202 CEDAR DR B, Columbus, OH, 43232",5202,CEDAR DR,B,Columbus,OH,43232,"census-confirmed apartment unit; residential inferred (unit), not auditor-verified"
"5637 HIBERNIA DR B, Columbus, OH, 43232",5637,HIBERNIA DR,B,Columbus,OH,43232,"census-confirmed apartment unit; residential inferred (unit), not auditor-verified"
"2778 TENNYSON BLVD D, Columbus, OH, 43232",2778,TENNYSON BLVD,D,Columbus,OH,43232,"census-confirmed apartment unit; residential inferred (unit), not auditor-verified"
"2847 CITIZENS PL G, Columbus, OH, 43232",2847,CITIZENS PL,G,Columbus,OH,43232,"census-confirmed apartment unit; residential inferred (unit), not auditor-verified"
"5570 AUTUMN CHASE DR A, Columbus, OH, 43232",5570,AUTUMN CHASE DR,A,Columbus,OH,43232,"census-confirmed apartment unit; residential inferred (unit), not auditor-verified"
"5079 CEDAR DR F, Columbus, OH, 43232",5079,CEDAR DR,F,Columbus,OH,43232,"census-confirmed apartment unit; residential inferred (unit), not auditor-verified"
"5453 LONSDALE PL N UNIT C, Columbus, OH, 43232",5453,LONSDALE PL N,UNIT C,Columbus,OH,43232,"census-confirmed apartment unit; residential inferred (unit), not auditor-verified"
"2865 CITIZENS PL G, Columbus, OH, 43232",2865,CITIZENS PL,G,Columbus,OH,43232,"census-confirmed apartment unit; residential inferred (unit), not auditor-verified"
"2447 SHORE BLVD E E, Columbus, OH, 43232",2447,SHORE BLVD E,E,Columbus,OH,43232,"census-confirmed apartment unit; residential inferred (unit), not auditor-verified"
"5712 HIBERNIA DR B, Columbus, OH, 43232",5712,HIBERNIA DR,B,Columbus,OH,43232,"census-confirmed apartment unit; residential inferred (unit), not auditor-verified"
"2510 KIMBERLY PKWY E 202, Columbus, OH, 43232",2510,KIMBERLY PKWY E,202,Columbus,OH,43232,"census-confirmed apartment unit; residential inferred (unit), not auditor-verified"
"2371 SHORE BLVD E A, Columbus, OH, 43232",2371,SHORE BLVD E,A,Columbus,OH,43232,"census-confirmed apartment unit; residential inferred (unit), not auditor-verified"
"2091 LAKE CLUB TER I, Columbus, OH, 43232",2091,LAKE CLUB TER,I,Columbus,OH,43232,"census-confirmed apartment unit; residential inferred (unit), not auditor-verified"
"2779 CITIZENS PL C, Columbus, OH, 43232",2779,CITIZENS PL,C,Columbus,OH,43232,"census-confirmed apartment unit; residential inferred (unit), not auditor-verified"
"2510 KIMBERLY PKWY E UNIT 109, Columbus, OH, 43232",2510,KIMBERLY PKWY E,UNIT 109,Columbus,OH,43232,"census-confirmed apartment unit; residential inferred (unit), not auditor-verified"
"5632 HIBERNIA DR A, Columbus, OH, 43232",5632,HIBERNIA DR,A,Columbus,OH,43232,"census-confirmed apartment unit; residential inferred (unit), not auditor-verified"
"5758 HIBERNIA DR B, Columbus, OH, 43232",5758,HIBERNIA DR,B,Columbus,OH,43232,"census-confirmed apartment unit; residential inferred (unit), not auditor-verified"
"2870 WOOLWICH CT 114, Columbus, OH, 43232",2870,WOOLWICH CT,114,Columbus,OH,43232,"census-confirmed apartment unit; residential inferred (unit), not auditor-verified"
"2451 SHORE BLVD E D, Columbus, OH, 43232",2451,SHORE BLVD E,D,Columbus,OH,43232,"census-confirmed apartment unit; residential inferred (unit), not auditor-verified"
"5880 YORKLAND CT UNIT O, Columbus, OH, 43232",5880,YORKLAND CT,UNIT O,Columbus,OH,43232,"census-confirmed apartment unit; residential inferred (unit), not auditor-verified"
"5410 YORKSHIRE TERRACE DR F, Columbus, OH, 43232",5410,YORKSHIRE TERRACE DR,F,Columbus,OH,43232,"census-confirmed apartment unit; residential inferred (unit), not auditor-verified"
"5611 HIBERNIA DR C, Columbus, OH, 43232",5611,HIBERNIA DR,C,Columbus,OH,43232,"census-confirmed apartment unit; residential inferred (unit), not auditor-verified"
"5982 LAKE CLUB SQ E, Columbus, OH, 43232",5982,LAKE CLUB SQ,E,Columbus,OH,43232,"census-confirmed apartment unit; residential inferred (unit), not auditor-verified"
"1778 LONSDALE PL E UNIT A, Columbus, OH, 43232",1778,LONSDALE PL E,UNIT A,Columbus,OH,43232,"census-confirmed apartment unit; residential inferred (unit), not auditor-verified"
"4667 REFUGEE RD 3C, Columbus, OH, 43232",4667,REFUGEE RD,3C,Columbus,OH,43232,"census-confirmed apartment unit; residential inferred (unit), not auditor-verified"
"5596 HIBERNIA DR B, Columbus, OH, 43232",5596,HIBERNIA DR,B,Columbus,OH,43232,"census-confirmed apartment unit; residential inferred (unit), not auditor-verified"
"2860 CITIZENS PL F, Columbus, OH, 43232",2860,CITIZENS PL,F,Columbus,OH,43232,"census-confirmed apartment unit; residential inferred (unit), not auditor-verified"
"1754 LONSDALE PL E UNIT A, Columbus, OH, 43232",1754,LONSDALE PL E,UNIT A,Columbus,OH,43232,"census-confirmed apartment unit; residential inferred (unit), not auditor-verified"
"4567 MANDEVILLE CT B, Columbus, OH, 43232",4567,MANDEVILLE CT,B,Columbus,OH,43232,"census-confirmed apartment unit; residential inferred (unit), not auditor-verified"
"2748 CITIZENS PL A, Columbus, OH, 43232",2748,CITIZENS PL,A,Columbus,OH,43232,"census-confirmed apartment unit; residential inferred (unit), not auditor-verified"
"4632 CHANNING TER B, Columbus, OH, 43232",4632,CHANNING TER,B,Columbus,OH,43232,"census-confirmed apartment unit; residential inferred (unit), not auditor-verified"
"4632 CHANNING TER C, Columbus, OH, 43232",4632,CHANNING TER,C,Columbus,OH,43232,"census-confirmed apartment unit; residential inferred (unit), not auditor-verified"
"2796 CITIZENS PL E, Columbus, OH, 43232",2796,CITIZENS PL,E,Columbus,OH,43232,"census-confirmed apartment unit; residential inferred (unit), not auditor-verified"
"5167 CEDAR DR F, Columbus, OH, 43232",5167,CEDAR DR,F,Columbus,OH,43232,"census-confirmed apartment unit; residential inferred (unit), not auditor-verified"
"4665 REFUGEE RD 3G, Columbus, OH, 43232",4665,REFUGEE RD,3G,Columbus,OH,43232,"census-confirmed apartment unit; residential inferred (unit), not auditor-verified"
"4536 LAKE SIDE S G, Columbus, OH, 43232",4536,LAKE SIDE S,G,Columbus,OH,43232,"census-confirmed apartment unit; residential inferred (unit), not auditor-verified"
"5758 HIBERNIA DR C, Columbus, OH, 43232",5758,HIBERNIA DR,C,Columbus,OH,43232,"census-confirmed apartment unit; residential inferred (unit), not auditor-verified"
"5703 HIBERNIA DR C, Columbus, OH, 43232",5703,HIBERNIA DR,C,Columbus,OH,43232,"census-confirmed apartment unit; residential inferred (unit), not auditor-verified"
"5677 HIBERNIA DR B, Columbus, OH, 43232",5677,HIBERNIA DR,B,Columbus,OH,43232,"census-confirmed apartment unit; residential inferred (unit), not auditor-verified"
"5384 YORKSHIRE TERRACE DR D, Columbus, OH, 43232",5384,YORKSHIRE TERRACE DR,D,Columbus,OH,43232,"census-confirmed apartment unit; residential inferred (unit), not auditor-verified"
"5981 LAKE CLUB SQ C, Columbus, OH, 43232",5981,LAKE CLUB SQ,C,Columbus,OH,43232,"census-confirmed apartment unit; residential inferred (unit), not auditor-verified"
"5427 YORKSHIRE TERRACE DR 4, Columbus, OH, 43232",5427,YORKSHIRE TERRACE DR,4,Columbus,OH,43232,"census-confirmed apartment unit; residential inferred (unit), not auditor-verified"
"2942 NATHANIEL BLVD A, Columbus, OH, 43232",2942,NATHANIEL BLVD,A,Columbus,OH,43232,"census-confirmed apartment unit; residential inferred (unit), not auditor-verified"
"5649 HIBERNIA DR C, Columbus, OH, 43232",5649,HIBERNIA DR,C,Columbus,OH,43232,"census-confirmed apartment unit; residential inferred (unit), not auditor-verified"
"5467 LONSDALE PL N UNIT B, Columbus, OH, 43232",5467,LONSDALE PL N,UNIT B,Columbus,OH,43232,"census-confirmed apartment unit; residential inferred (unit), not auditor-verified"
"2510 KIMBERLY PKWY E 210, Columbus, OH, 43232",2510,KIMBERLY PKWY E,210,Columbus,OH,43232,"census-confirmed apartment unit; residential inferred (unit), not auditor-verified"
"2510 KIMBERLY PKWY E UNIT 102, Columbus, OH, 43232",2510,KIMBERLY PKWY E,UNIT 102,Columbus,OH,43232,"census-confirmed apartment unit; residential inferred (unit), not auditor-verified"
"5542 DUNFIELD LN 2, Columbus, OH, 43232",5542,DUNFIELD LN,2,Columbus,OH,43232,"census-confirmed apartment unit; residential inferred (unit), not auditor-verified"
"4491 LAKE SIDE S A, Columbus, OH, 43232",4491,LAKE SIDE S,A,Columbus,OH,43232,"census-confirmed apartment unit; residential inferred (unit), not auditor-verified"
"2755 TENNYSON BLVD D, Columbus, OH, 43232",2755,TENNYSON BLVD,D,Columbus,OH,43232,"census-confirmed apartment unit; residential inferred (unit), not auditor-verified"
"2731 TENNYSON BLVD B, Columbus, OH, 43232",2731,TENNYSON BLVD,B,Columbus,OH,43232,"census-confirmed apartment unit; residential inferred (unit), not auditor-verified"
"4536 LAKE SIDE S C, Columbus, OH, 43232",4536,LAKE SIDE S,C,Columbus,OH,43232,"census-confirmed apartment unit; residential inferred (unit), not auditor-verified"
"5675 BAIRSFORD CIR N 4, Columbus, OH, 43232",5675,BAIRSFORD CIR N,4,Columbus,OH,43232,"census-confirmed apartment unit; residential inferred (unit), not auditor-verified"
"2481 SHORE BLVD E J, Columbus, OH, 43232",2481,SHORE BLVD E,J,Columbus,OH,43232,"census-confirmed apartment unit; residential inferred (unit), not auditor-verified"
"4626 CHANNING TER C, Columbus, OH, 43232",4626,CHANNING TER,C,Columbus,OH,43232,"census-confirmed apartment unit; residential inferred (unit), not auditor-verified"
"2087 LAKE CLUB TER A, Columbus, OH, 43232",2087,LAKE CLUB TER,A,Columbus,OH,43232,"census-confirmed apartment unit; residential inferred (unit), not auditor-verified"
"6000 LAKE CLUB CT C, Columbus, OH, 43232",6000,LAKE CLUB CT,C,Columbus,OH,43232,"census-confirmed apartment unit; residential inferred (unit), not auditor-verified"
"3180 ELIM MANOR CT 113, Columbus, OH, 43232",3180,ELIM MANOR CT,113,Columbus,OH,43232,"census-confirmed apartment unit; residential inferred (unit), not auditor-verified"
"2764 BRANDY DR 104, Columbus, OH, 43232",2764,BRANDY DR,104,Columbus,OH,43232,"census-confirmed apartment unit; residential inferred (unit), not auditor-verified"
"1894 COVENTRY CT C, Columbus, OH, 43232",1894,COVENTRY CT,C,Columbus,OH,43232,"census-confirmed apartment unit; residential inferred (unit), not auditor-verified"
"5046 COVENTRY CT N B, Columbus, OH, 43232",5046,COVENTRY CT N,B,Columbus,OH,43232,"census-confirmed apartment unit; residential inferred (unit), not auditor-verified"
"5081 CEDAR DR D, Columbus, OH, 43232",5081,CEDAR DR,D,Columbus,OH,43232,"census-confirmed apartment unit; residential inferred (unit), not auditor-verified"
"5591 HIBERNIA DR C, Columbus, OH, 43232",5591,HIBERNIA DR,C,Columbus,OH,43232,"census-confirmed apartment unit; residential inferred (unit), not auditor-verified"
"4650 HILTON CORPORATE DR 203, Columbus, OH, 43232",4650,HILTON CORPORATE DR,203,Columbus,OH,43232,"census-confirmed apartment unit; residential inferred (unit), not auditor-verified"
"2491 SHORE BLVD E D, Columbus, OH, 43232",2491,SHORE BLVD E,D,Columbus,OH,43232,"census-confirmed apartment unit; residential inferred (unit), not auditor-verified"
"2089 LAKE CLUB TER H, Columbus, OH, 43232",2089,LAKE CLUB TER,H,Columbus,OH,43232,"census-confirmed apartment unit; residential inferred (unit), not auditor-verified"
"2802 CITIZENS PL E, Columbus, OH, 43232",2802,CITIZENS PL,E,Columbus,OH,43232,"census-confirmed apartment unit; residential inferred (unit), not auditor-verified"
"5097 CEDAR DR F, Columbus, OH, 43232",5097,CEDAR DR,F,Columbus,OH,43232,"census-confirmed apartment unit; residential inferred (unit), not auditor-verified"
"2772 BRANDY DR 102, Columbus, OH, 43232",2772,BRANDY DR,102,Columbus,OH,43232,"census-confirmed apartment unit; residential inferred (unit), not auditor-verified"
"4659 REFUGEE RD 1B, Columbus, OH, 43232",4659,REFUGEE RD,1B,Columbus,OH,43232,"census-confirmed apartment unit; residential inferred (unit), not auditor-verified"
"5370 YORKSHIRE TERRACE DR H, Columbus, OH, 43232",5370,YORKSHIRE TERRACE DR,H,Columbus,OH,43232,"census-confirmed apartment unit; residential inferred (unit), not auditor-verified"
"5865 YORKLAND CT UNIT, Columbus, OH, 43232",5865,YORKLAND CT,UNIT,Columbus,OH,43232,"census-confirmed apartment unit; residential inferred (unit), not auditor-verified"
"5525 CANTARA PL 6, Columbus, OH, 43232",5525,CANTARA PL,6,Columbus,OH,43232,"census-confirmed apartment unit; residential inferred (unit), not auditor-verified"
"5636 HIBERNIA DR C, Columbus, OH, 43232",5636,HIBERNIA DR,C,Columbus,OH,43232,"census-confirmed apartment unit; residential inferred (unit), not auditor-verified"
"2832 WYMAN CT A, Columbus, OH, 43232",2832,WYMAN CT,A,Columbus,OH,43232,"census-confirmed apartment unit; residential inferred (unit), not auditor-verified"
"5490 DUNFIELD LN 4, Columbus, OH, 43232",5490,DUNFIELD LN,4,Columbus,OH,43232,"census-confirmed apartment unit; residential inferred (unit), not auditor-verified"
"5711 HIBERNIA DR A, Columbus, OH, 43232",5711,HIBERNIA DR,A,Columbus,OH,43232,"census-confirmed apartment unit; residential inferred (unit), not auditor-verified"
"5594 AUTUMN CHASE DR B, Columbus, OH, 43232",5594,AUTUMN CHASE DR,B,Columbus,OH,43232,"census-confirmed apartment unit; residential inferred (unit), not auditor-verified"
"4585 MONMOUTH CT A, Columbus, OH, 43232",4585,MONMOUTH CT,A,Columbus,OH,43232,"census-confirmed apartment unit; residential inferred (unit), not auditor-verified"
"2231 COURTSIDE DR E, Columbus, OH, 43232",2231,COURTSIDE DR,E,Columbus,OH,43232,"census-confirmed apartment unit; residential inferred (unit), not auditor-verified"
"2801 MARWOOD CT B, Columbus, OH, 43232",2801,MARWOOD CT,B,Columbus,OH,43232,"census-confirmed apartment unit; residential inferred (unit), not auditor-verified"
"2817 CITIZENS PL E, Columbus, OH, 43232",2817,CITIZENS PL,E,Columbus,OH,43232,"census-confirmed apartment unit; residential inferred (unit), not auditor-verified"
"4621 REFUGEE RD 1C, Columbus, OH, 43232",4621,REFUGEE RD,1C,Columbus,OH,43232,"census-confirmed apartment unit; residential inferred (unit), not auditor-verified"
"5056 COVENTRY CT N A, Columbus, OH, 43232",5056,COVENTRY CT N,A,Columbus,OH,43232,"census-confirmed apartment unit; residential inferred (unit), not auditor-verified"
"5415 YORKSHIRE TERRACE DR 3C, Columbus, OH, 43232",5415,YORKSHIRE TERRACE DR,3C,Columbus,OH,43232,"census-confirmed apartment unit; residential inferred (unit), not auditor-verified"
"4611 REFUGEE RD 3F, Columbus, OH, 43232",4611,REFUGEE RD,3F,Columbus,OH,43232,"census-confirmed apartment unit; residential inferred (unit), not auditor-verified"
"2802 MARWOOD CT D, Columbus, OH, 43232",2802,MARWOOD CT,D,Columbus,OH,43232,"census-confirmed apartment unit; residential inferred (unit), not auditor-verified"
"2447 SHORE BLVD E F, Columbus, OH, 43232",2447,SHORE BLVD E,F,Columbus,OH,43232,"census-confirmed apartment unit; residential inferred (unit), not auditor-verified"
"5685 HIBERNIA DR B, Columbus, OH, 43232",5685,HIBERNIA DR,B,Columbus,OH,43232,"census-confirmed apartment unit; residential inferred (unit), not auditor-verified"
"6003 LAKE CLUB CT F, Columbus, OH, 43232",6003,LAKE CLUB CT,F,Columbus,OH,43232,"census-confirmed apartment unit; residential inferred (unit), not auditor-verified"
"4551 LAKE SIDE S C, Columbus, OH, 43232",4551,LAKE SIDE S,C,Columbus,OH,43232,"census-confirmed apartment unit; residential inferred (unit), not auditor-verified"
"4599 MONMOUTH CT 206, Columbus, OH, 43232",4599,MONMOUTH CT,206,Columbus,OH,43232,"census-confirmed apartment unit; residential inferred (unit), not auditor-verified"
"2724 TENNYSON BLVD B, Columbus, OH, 43232",2724,TENNYSON BLVD,B,Columbus,OH,43232,"census-confirmed apartment unit; residential inferred (unit), not auditor-verified"
"2089 LAKE CLUB TER E, Columbus, OH, 43232",2089,LAKE CLUB TER,E,Columbus,OH,43232,"census-confirmed apartment unit; residential inferred (unit), not auditor-verified"
"5427 YORKSHIRE TERRACE DR 1C, Columbus, OH, 43232",5427,YORKSHIRE TERRACE DR,1C,Columbus,OH,43232,"census-confirmed apartment unit; residential inferred (unit), not auditor-verified"
"2881 TENNYSON BLVD 200, Columbus, OH, 43232",2881,TENNYSON BLVD,200,Columbus,OH,43232,"census-confirmed apartment unit; residential inferred (unit), not auditor-verified"
"4649 COLERIDGE CT C, Columbus, OH, 43232",4649,COLERIDGE CT,C,Columbus,OH,43232,"census-confirmed apartment unit; residential inferred (unit), not auditor-verified"
"5046 COVENTRY CT N D, Columbus, OH, 43232",5046,COVENTRY CT N,D,Columbus,OH,43232,"census-confirmed apartment unit; residential inferred (unit), not auditor-verified"
"4601 REFUGEE RD 3H, Columbus, OH, 43232",4601,REFUGEE RD,3H,Columbus,OH,43232,"census-confirmed apartment unit; residential inferred (unit), not auditor-verified"
"4661 REFUGEE RD 3D, Columbus, OH, 43232",4661,REFUGEE RD,3D,Columbus,OH,43232,"census-confirmed apartment unit; residential inferred (unit), not auditor-verified"
"2942 NATHANIEL BLVD D, Columbus, OH, 43232",2942,NATHANIEL BLVD,D,Columbus,OH,43232,"census-confirmed apartment unit; residential inferred (unit), not auditor-verified"
"4564 ISINGTON CT 206, Columbus, OH, 43232",4564,ISINGTON CT,206,Columbus,OH,43232,"census-confirmed apartment unit; residential inferred (unit), not auditor-verified"
"4607 REFUGEE RD 1C, Columbus, OH, 43232",4607,REFUGEE RD,1C,Columbus,OH,43232,"census-confirmed apartment unit; residential inferred (unit), not auditor-verified"
"5484 LONSDALE PL N UNIT D, Columbus, OH, 43232",5484,LONSDALE PL N,UNIT D,Columbus,OH,43232,"census-confirmed apartment unit; residential inferred (unit), not auditor-verified"
"5599 HIBERNIA DR A, Columbus, OH, 43232",5599,HIBERNIA DR,A,Columbus,OH,43232,"census-confirmed apartment unit; residential inferred (unit), not auditor-verified"
"2794 TENNYSON BLVD A, Columbus, OH, 43232",2794,TENNYSON BLVD,A,Columbus,OH,43232,"census-confirmed apartment unit; residential inferred (unit), not auditor-verified"
"5467 E LIVINGSTON AVE UNIT A, Columbus, OH, 43232",5467,E LIVINGSTON AVE,UNIT A,Columbus,OH,43232,"census-confirmed apartment unit; residential inferred (unit), not auditor-verified"
"5704 HIBERNIA DR C, Columbus, OH, 43232",5704,HIBERNIA DR,C,Columbus,OH,43232,"census-confirmed apartment unit; residential inferred (unit), not auditor-verified"
"5580 HIBERNIA DR A, Columbus, OH, 43232",5580,HIBERNIA DR,A,Columbus,OH,43232,"census-confirmed apartment unit; residential inferred (unit), not auditor-verified"
"2748 EASTLAND MALL UNIT A, Columbus, OH, 43232",2748,EASTLAND MALL,UNIT A,Columbus,OH,43232,"census-confirmed apartment unit; residential inferred (unit), not auditor-verified"
"5046 COVENTRY CT N A, Columbus, OH, 43232",5046,COVENTRY CT N,A,Columbus,OH,43232,"census-confirmed apartment unit; residential inferred (unit), not auditor-verified"
"5427 YORKSHIRE TERRACE DR 4A, Columbus, OH, 43232",5427,YORKSHIRE TERRACE DR,4A,Columbus,OH,43232,"census-confirmed apartment unit; residential inferred (unit), not auditor-verified"
"4594 ISINGTON CT 205, Columbus, OH, 43232",4594,ISINGTON CT,205,Columbus,OH,43232,"census-confirmed apartment unit; residential inferred (unit), not auditor-verified"
"5097 CEDAR DR A, Columbus, OH, 43232",5097,CEDAR DR,A,Columbus,OH,43232,"census-confirmed apartment unit; residential inferred (unit), not auditor-verified"
"5165 CEDAR DR G, Columbus, OH, 43232",5165,CEDAR DR,G,Columbus,OH,43232,"census-confirmed apartment unit; residential inferred (unit), not auditor-verified"
"2843 CITIZENS PL F, Columbus, OH, 43232",2843,CITIZENS PL,F,Columbus,OH,43232,"census-confirmed apartment unit; residential inferred (unit), not auditor-verified"
"2447 SHORE BLVD E H, Columbus, OH, 43232",2447,SHORE BLVD E,H,Columbus,OH,43232,"census-confirmed apartment unit; residential inferred (unit), not auditor-verified"
"2371 SHORE BLVD E F, Columbus, OH, 43232",2371,SHORE BLVD E,F,Columbus,OH,43232,"census-confirmed apartment unit; residential inferred (unit), not auditor-verified"
"2852 CITIZENS PL C, Columbus, OH, 43232",2852,CITIZENS PL,C,Columbus,OH,43232,"census-confirmed apartment unit; residential inferred (unit), not auditor-verified"
"5577 HIBERNIA DR C, Columbus, OH, 43232",5577,HIBERNIA DR,C,Columbus,OH,43232,"census-confirmed apartment unit; residential inferred (unit), not auditor-verified"
"5982 LAKE CLUB SQ B, Columbus, OH, 43232",5982,LAKE CLUB SQ,B,Columbus,OH,43232,"census-confirmed apartment unit; residential inferred (unit), not auditor-verified"
"2726 TENNYSON BLVD B, Columbus, OH, 43232",2726,TENNYSON BLVD,B,Columbus,OH,43232,"census-confirmed apartment unit; residential inferred (unit), not auditor-verified"
"4655 REFUGEE RD 3E, Columbus, OH, 43232",4655,REFUGEE RD,3E,Columbus,OH,43232,"census-confirmed apartment unit; residential inferred (unit), not auditor-verified"
"5040 COVENTRY DR A, Columbus, OH, 43232",5040,COVENTRY DR,A,Columbus,OH,43232,"census-confirmed apartment unit; residential inferred (unit), not auditor-verified"
"2796 CITIZENS PL C, Columbus, OH, 43232",2796,CITIZENS PL,C,Columbus,OH,43232,"census-confirmed apartment unit; residential inferred (unit), not auditor-verified"
"5568 HIBERNIA DR C, Columbus, OH, 43232",5568,HIBERNIA DR,C,Columbus,OH,43232,"census-confirmed apartment unit; residential inferred (unit), not auditor-verified"
"5608 HIBERNIA DR B, Columbus, OH, 43232",5608,HIBERNIA DR,B,Columbus,OH,43232,"census-confirmed apartment unit; residential inferred (unit), not auditor-verified"
"5427 LONSDALE PL S UNIT D, Columbus, OH, 43232",5427,LONSDALE PL S,UNIT D,Columbus,OH,43232,"census-confirmed apartment unit; residential inferred (unit), not auditor-verified"
"2510 KIMBERLY PKWY E 101, Columbus, OH, 43232",2510,KIMBERLY PKWY E,101,Columbus,OH,43232,"census-confirmed apartment unit; residential inferred (unit), not auditor-verified"
"1762 LONSDALE PL E UNIT B, Columbus, OH, 43232",1762,LONSDALE PL E,UNIT B,Columbus,OH,43232,"census-confirmed apartment unit; residential inferred (unit), not auditor-verified"
"5489 E LIVINGSTON AVE UNIT B, Columbus, OH, 43232",5489,E LIVINGSTON AVE,UNIT B,Columbus,OH,43232,"census-confirmed apartment unit; residential inferred (unit), not auditor-verified"
"2824 CITIZENS PL B, Columbus, OH, 43232",2824,CITIZENS PL,B,Columbus,OH,43232,"census-confirmed apartment unit; residential inferred (unit), not auditor-verified"
"2774 CITIZENS PL B, Columbus, OH, 43232",2774,CITIZENS PL,B,Columbus,OH,43232,"census-confirmed apartment unit; residential inferred (unit), not auditor-verified"
"2735 TENNYSON BLVD C, Columbus, OH, 43232",2735,TENNYSON BLVD,C,Columbus,OH,43232,"census-confirmed apartment unit; residential inferred (unit), not auditor-verified"
"4599 REFUGEE RD 3C, Columbus, OH, 43232",4599,REFUGEE RD,3C,Columbus,OH,43232,"census-confirmed apartment unit; residential inferred (unit), not auditor-verified"
"2750 TENNYSON BLVD D, Columbus, OH, 43232",2750,TENNYSON BLVD,D,Columbus,OH,43232,"census-confirmed apartment unit; residential inferred (unit), not auditor-verified"
"4545 LAKE SIDE S C, Columbus, OH, 43232",4545,LAKE SIDE S,C,Columbus,OH,43232,"census-confirmed apartment unit; residential inferred (unit), not auditor-verified"
"2447 SHORE BLVD E C, Columbus, OH, 43232",2447,SHORE BLVD E,C,Columbus,OH,43232,"census-confirmed apartment unit; residential inferred (unit), not auditor-verified"
"4617 REFUGEE RD 2D, Columbus, OH, 43232",4617,REFUGEE RD,2D,Columbus,OH,43232,"census-confirmed apartment unit; residential inferred (unit), not auditor-verified"
"2881 TENNYSON BLVD 206, Columbus, OH, 43232",2881,TENNYSON BLVD,206,Columbus,OH,43232,"census-confirmed apartment unit; residential inferred (unit), not auditor-verified"
"2881 TENNYSON BLVD 103, Columbus, OH, 43232",2881,TENNYSON BLVD,103,Columbus,OH,43232,"census-confirmed apartment unit; residential inferred (unit), not auditor-verified"
"4657 REFUGEE RD 2K, Columbus, OH, 43232",4657,REFUGEE RD,2K,Columbus,OH,43232,"census-confirmed apartment unit; residential inferred (unit), not auditor-verified"
"4650 HILTON CORPORATE DR 204, Columbus, OH, 43232",4650,HILTON CORPORATE DR,204,Columbus,OH,43232,"census-confirmed apartment unit; residential inferred (unit), not auditor-verified"
"1321 YORKLAND RD UNIT, Columbus, OH, 43232",1321,YORKLAND RD,UNIT,Columbus,OH,43232,"census-confirmed apartment unit; residential inferred (unit), not auditor-verified"
"2772 BRANDY DR 201, Columbus, OH, 43232",2772,BRANDY DR,201,Columbus,OH,43232,"census-confirmed apartment unit; residential inferred (unit), not auditor-verified"
"5357 YORKSHIRE TERRACE DR B, Columbus, OH, 43232",5357,YORKSHIRE TERRACE DR,B,Columbus,OH,43232,"census-confirmed apartment unit; residential inferred (unit), not auditor-verified"
"5381 YORKSHIRE TERRACE DR 3B, Columbus, OH, 43232",5381,YORKSHIRE TERRACE DR,3B,Columbus,OH,43232,"census-confirmed apartment unit; residential inferred (unit), not auditor-verified"
"5415 YORKSHIRE TERRACE DR 3B, Columbus, OH, 43232",5415,YORKSHIRE TERRACE DR,3B,Columbus,OH,43232,"census-confirmed apartment unit; residential inferred (unit), not auditor-verified"
"5427 YORKSHIRE TERRACE DR 3C, Columbus, OH, 43232",5427,YORKSHIRE TERRACE DR,3C,Columbus,OH,43232,"census-confirmed apartment unit; residential inferred (unit), not auditor-verified"
"5427 LONSDALE PL S UNIT B, Columbus, OH, 43232",5427,LONSDALE PL S,UNIT B,Columbus,OH,43232,"census-confirmed apartment unit; residential inferred (unit), not auditor-verified"
"5439 LONSDALE PL S UNIT C, Columbus, OH, 43232",5439,LONSDALE PL S,UNIT C,Columbus,OH,43232,"census-confirmed apartment unit; residential inferred (unit), not auditor-verified"
"5502 DUNFIELD LN 6, Columbus, OH, 43232",5502,DUNFIELD LN,6,Columbus,OH,43232,"census-confirmed apartment unit; residential inferred (unit), not auditor-verified"
"5516 DUNFIELD LN 6, Columbus, OH, 43232",5516,DUNFIELD LN,6,Columbus,OH,43232,"census-confirmed apartment unit; residential inferred (unit), not auditor-verified"
"5536 DUNFIELD LN 1, Columbus, OH, 43232",5536,DUNFIELD LN,1,Columbus,OH,43232,"census-confirmed apartment unit; residential inferred (unit), not auditor-verified"
"5703 HIBERNIA DR A, Columbus, OH, 43232",5703,HIBERNIA DR,A,Columbus,OH,43232,"census-confirmed apartment unit; residential inferred (unit), not auditor-verified"
"5715 HIBERNIA DR C, Columbus, OH, 43232",5715,HIBERNIA DR,C,Columbus,OH,43232,"census-confirmed apartment unit; residential inferred (unit), not auditor-verified"
"2510 KIMBERLY PKWY E UNIT 210, Columbus, OH, 43232",2510,KIMBERLY PKWY E,UNIT 210,Columbus,OH,43232,"census-confirmed apartment unit; residential inferred (unit), not auditor-verified"
"2745 TENNYSON BLVD B, Columbus, OH, 43232",2745,TENNYSON BLVD,B,Columbus,OH,43232,"census-confirmed apartment unit; residential inferred (unit), not auditor-verified"
"2460 SHORE BLVD W B, Columbus, OH, 43232",2460,SHORE BLVD W,B,Columbus,OH,43232,"census-confirmed apartment unit; residential inferred (unit), not auditor-verified"
"4619 REFUGEE RD 1D, Columbus, OH, 43232",4619,REFUGEE RD,1D,Columbus,OH,43232,"census-confirmed apartment unit; residential inferred (unit), not auditor-verified"
"4580 LAKE SIDE N D, Columbus, OH, 43232",4580,LAKE SIDE N,D,Columbus,OH,43232,"census-confirmed apartment unit; residential inferred (unit), not auditor-verified"
"4628 CHANNING TER A, Columbus, OH, 43232",4628,CHANNING TER,A,Columbus,OH,43232,"census-confirmed apartment unit; residential inferred (unit), not auditor-verified"
"5840 HALLRIDGE CIR D, Columbus, OH, 43232",5840,HALLRIDGE CIR,D,Columbus,OH,43232,"census-confirmed apartment unit; residential inferred (unit), not auditor-verified"
"5853 YORKLAND CT UNIT, Columbus, OH, 43232",5853,YORKLAND CT,UNIT,Columbus,OH,43232,"census-confirmed apartment unit; residential inferred (unit), not auditor-verified"
"5863 YORKLAND CT UNIT, Columbus, OH, 43232",5863,YORKLAND CT,UNIT,Columbus,OH,43232,"census-confirmed apartment unit; residential inferred (unit), not auditor-verified"
"1281 MCNAUGHTEN RD UNIT H, Columbus, OH, 43232",1281,MCNAUGHTEN RD,UNIT H,Columbus,OH,43232,"census-confirmed apartment unit; residential inferred (unit), not auditor-verified"
"2744 BRANDY DR 201, Columbus, OH, 43232",2744,BRANDY DR,201,Columbus,OH,43232,"census-confirmed apartment unit; residential inferred (unit), not auditor-verified"
"1862 COVENTRY LN A, Columbus, OH, 43232",1862,COVENTRY LN,A,Columbus,OH,43232,"census-confirmed apartment unit; residential inferred (unit), not auditor-verified"
"1289 YORKLAND RD UNIT E, Columbus, OH, 43232",1289,YORKLAND RD,UNIT E,Columbus,OH,43232,"census-confirmed apartment unit; residential inferred (unit), not auditor-verified"
"3180 ELIM MANOR CT 209, Columbus, OH, 43232",3180,ELIM MANOR CT,209,Columbus,OH,43232,"census-confirmed apartment unit; residential inferred (unit), not auditor-verified"
"2744 BRANDY DR 102, Columbus, OH, 43232",2744,BRANDY DR,102,Columbus,OH,43232,"census-confirmed apartment unit; residential inferred (unit), not auditor-verified"
"2740 BRANDY DR 102, Columbus, OH, 43232",2740,BRANDY DR,102,Columbus,OH,43232,"census-confirmed apartment unit; residential inferred (unit), not auditor-verified"
"5167 CEDAR DR E, Columbus, OH, 43232",5167,CEDAR DR,E,Columbus,OH,43232,"census-confirmed apartment unit; residential inferred (unit), not auditor-verified"
"5200 CEDAR DR E, Columbus, OH, 43232",5200,CEDAR DR,E,Columbus,OH,43232,"census-confirmed apartment unit; residential inferred (unit), not auditor-verified"
"5539 HIBERNIA DR C, Columbus, OH, 43232",5539,HIBERNIA DR,C,Columbus,OH,43232,"census-confirmed apartment unit; residential inferred (unit), not auditor-verified"
"5401 LONSDALE PL S UNIT D, Columbus, OH, 43232",5401,LONSDALE PL S,UNIT D,Columbus,OH,43232,"census-confirmed apartment unit; residential inferred (unit), not auditor-verified"
"5415 YORKSHIRE TERRACE DR 7A, Columbus, OH, 43232",5415,YORKSHIRE TERRACE DR,7A,Columbus,OH,43232,"census-confirmed apartment unit; residential inferred (unit), not auditor-verified"
"5418 LONSDALE PL S UNIT A, Columbus, OH, 43232",5418,LONSDALE PL S,UNIT A,Columbus,OH,43232,"census-confirmed apartment unit; residential inferred (unit), not auditor-verified"
"1745 LONSDALE PL E UNIT B, Columbus, OH, 43232",1745,LONSDALE PL E,UNIT B,Columbus,OH,43232,"census-confirmed apartment unit; residential inferred (unit), not auditor-verified"
"5515 CANTARA PL 6, Columbus, OH, 43232",5515,CANTARA PL,6,Columbus,OH,43232,"census-confirmed apartment unit; residential inferred (unit), not auditor-verified"
"2851 CITIZENS PL F, Columbus, OH, 43232",2851,CITIZENS PL,F,Columbus,OH,43232,"census-confirmed apartment unit; residential inferred (unit), not auditor-verified"
"2791 CITIZENS PL H, Columbus, OH, 43232",2791,CITIZENS PL,H,Columbus,OH,43232,"census-confirmed apartment unit; residential inferred (unit), not auditor-verified"
"2834 WYMAN CT D, Columbus, OH, 43232",2834,WYMAN CT,D,Columbus,OH,43232,"census-confirmed apartment unit; residential inferred (unit), not auditor-verified"
"4540 LAKE SIDE N B, Columbus, OH, 43232",4540,LAKE SIDE N,B,Columbus,OH,43232,"census-confirmed apartment unit; residential inferred (unit), not auditor-verified"
"4599 REFUGEE RD 2B, Columbus, OH, 43232",4599,REFUGEE RD,2B,Columbus,OH,43232,"census-confirmed apartment unit; residential inferred (unit), not auditor-verified"
"4551 LAKE SIDE S A, Columbus, OH, 43232",4551,LAKE SIDE S,A,Columbus,OH,43232,"census-confirmed apartment unit; residential inferred (unit), not auditor-verified"
"4619 REFUGEE RD 2A, Columbus, OH, 43232",4619,REFUGEE RD,2A,Columbus,OH,43232,"census-confirmed apartment unit; residential inferred (unit), not auditor-verified"
"4619 REFUGEE RD 1C, Columbus, OH, 43232",4619,REFUGEE RD,1C,Columbus,OH,43232,"census-confirmed apartment unit; residential inferred (unit), not auditor-verified"
"4617 HEBRIDES DR D, Columbus, OH, 43232",4617,HEBRIDES DR,D,Columbus,OH,43232,"census-confirmed apartment unit; residential inferred (unit), not auditor-verified"
"2813 TENNYSON BLVD 211, Columbus, OH, 43232",2813,TENNYSON BLVD,211,Columbus,OH,43232,"census-confirmed apartment unit; residential inferred (unit), not auditor-verified"
"2810 TENNYSON BLVD B, Columbus, OH, 43232",2810,TENNYSON BLVD,B,Columbus,OH,43232,"census-confirmed apartment unit; residential inferred (unit), not auditor-verified"
"2361 SHORE BLVD E G, Columbus, OH, 43232",2361,SHORE BLVD E,G,Columbus,OH,43232,"census-confirmed apartment unit; residential inferred (unit), not auditor-verified"
"4661 REFUGEE RD 2C, Columbus, OH, 43232",4661,REFUGEE RD,2C,Columbus,OH,43232,"census-confirmed apartment unit; residential inferred (unit), not auditor-verified"
"2824 TENNYSON BLVD D, Columbus, OH, 43232",2824,TENNYSON BLVD,D,Columbus,OH,43232,"census-confirmed apartment unit; residential inferred (unit), not auditor-verified"
"2962 NATHANIEL BLVD A, Columbus, OH, 43232",2962,NATHANIEL BLVD,A,Columbus,OH,43232,"census-confirmed apartment unit; residential inferred (unit), not auditor-verified"
"4630 HILTON CORPORATE DR 114, Columbus, OH, 43232",4630,HILTON CORPORATE DR,114,Columbus,OH,43232,"census-confirmed apartment unit; residential inferred (unit), not auditor-verified"
"4650 HILTON CORPORATE DR 211, Columbus, OH, 43232",4650,HILTON CORPORATE DR,211,Columbus,OH,43232,"census-confirmed apartment unit; residential inferred (unit), not auditor-verified"
"5685 BAIRSFORD CIR N 1, Columbus, OH, 43232",5685,BAIRSFORD CIR N,1,Columbus,OH,43232,"census-confirmed apartment unit; residential inferred (unit), not auditor-verified"
"5675 BAIRSFORD CIR N 20, Columbus, OH, 43232",5675,BAIRSFORD CIR N,20,Columbus,OH,43232,"census-confirmed apartment unit; residential inferred (unit), not auditor-verified"
"2843 CITIZENS PL G, Columbus, OH, 43232",2843,CITIZENS PL,G,Columbus,OH,43232,"census-confirmed apartment unit; residential inferred (unit), not auditor-verified"
"5591 AUTUMN CHASE DR A, Columbus, OH, 43232",5591,AUTUMN CHASE DR,A,Columbus,OH,43232,"census-confirmed apartment unit; residential inferred (unit), not auditor-verified"
"2810 CITIZENS PL C, Columbus, OH, 43232",2810,CITIZENS PL,C,Columbus,OH,43232,"census-confirmed apartment unit; residential inferred (unit), not auditor-verified"
"2774 CITIZENS PL H, Columbus, OH, 43232",2774,CITIZENS PL,H,Columbus,OH,43232,"census-confirmed apartment unit; residential inferred (unit), not auditor-verified"
"2748 CITIZENS PL C, Columbus, OH, 43232",2748,CITIZENS PL,C,Columbus,OH,43232,"census-confirmed apartment unit; residential inferred (unit), not auditor-verified"
"4595 REFUGEE RD 3D, Columbus, OH, 43232",4595,REFUGEE RD,3D,Columbus,OH,43232,"census-confirmed apartment unit; residential inferred (unit), not auditor-verified"
"4593 REFUGEE RD 1E, Columbus, OH, 43232",4593,REFUGEE RD,1E,Columbus,OH,43232,"census-confirmed apartment unit; residential inferred (unit), not auditor-verified"
"4564 MANDEVILLE CT D, Columbus, OH, 43232",4564,MANDEVILLE CT,D,Columbus,OH,43232,"census-confirmed apartment unit; residential inferred (unit), not auditor-verified"
"2870 WOOLWICH CT 104, Columbus, OH, 43232",2870,WOOLWICH CT,104,Columbus,OH,43232,"census-confirmed apartment unit; residential inferred (unit), not auditor-verified"
"4582 HEMINGWAY CT D, Columbus, OH, 43232",4582,HEMINGWAY CT,D,Columbus,OH,43232,"census-confirmed apartment unit; residential inferred (unit), not auditor-verified"
"4583 ISINGTON CT A, Columbus, OH, 43232",4583,ISINGTON CT,A,Columbus,OH,43232,"census-confirmed apartment unit; residential inferred (unit), not auditor-verified"
"4595 REFUGEE RD 2B, Columbus, OH, 43232",4595,REFUGEE RD,2B,Columbus,OH,43232,"census-confirmed apartment unit; residential inferred (unit), not auditor-verified"
"4585 LAKE SIDE S J, Columbus, OH, 43232",4585,LAKE SIDE S,J,Columbus,OH,43232,"census-confirmed apartment unit; residential inferred (unit), not auditor-verified"
"4580 LAKE SIDE N B, Columbus, OH, 43232",4580,LAKE SIDE N,B,Columbus,OH,43232,"census-confirmed apartment unit; residential inferred (unit), not auditor-verified"
"4626 CHANNING TER B, Columbus, OH, 43232",4626,CHANNING TER,B,Columbus,OH,43232,"census-confirmed apartment unit; residential inferred (unit), not auditor-verified"
"2942 NATHANIEL BLVD C, Columbus, OH, 43232",2942,NATHANIEL BLVD,C,Columbus,OH,43232,"census-confirmed apartment unit; residential inferred (unit), not auditor-verified"
"1285 YORKLAND RD UNIT H, Columbus, OH, 43232",1285,YORKLAND RD,UNIT H,Columbus,OH,43232,"census-confirmed apartment unit; residential inferred (unit), not auditor-verified"
"5878 YORKLAND CT UNIT L, Columbus, OH, 43232",5878,YORKLAND CT,UNIT L,Columbus,OH,43232,"census-confirmed apartment unit; residential inferred (unit), not auditor-verified"
"4798 LARAINE CT 201, Columbus, OH, 43232",4798,LARAINE CT,201,Columbus,OH,43232,"census-confirmed apartment unit; residential inferred (unit), not auditor-verified"
"5052 COVENTRY CT N B, Columbus, OH, 43232",5052,COVENTRY CT N,B,Columbus,OH,43232,"census-confirmed apartment unit; residential inferred (unit), not auditor-verified"
"5121 CEDAR DR H, Columbus, OH, 43232",5121,CEDAR DR,H,Columbus,OH,43232,"census-confirmed apartment unit; residential inferred (unit), not auditor-verified"
"5145 CEDAR DR L, Columbus, OH, 43232",5145,CEDAR DR,L,Columbus,OH,43232,"census-confirmed apartment unit; residential inferred (unit), not auditor-verified"
"5167 CEDAR DR K, Columbus, OH, 43232",5167,CEDAR DR,K,Columbus,OH,43232,"census-confirmed apartment unit; residential inferred (unit), not auditor-verified"
"2213 COURTSIDE DR E, Columbus, OH, 43232",2213,COURTSIDE DR,E,Columbus,OH,43232,"census-confirmed apartment unit; residential inferred (unit), not auditor-verified"
"2231 COURTSIDE DR C, Columbus, OH, 43232",2231,COURTSIDE DR,C,Columbus,OH,43232,"census-confirmed apartment unit; residential inferred (unit), not auditor-verified"
"5415 YORKSHIRE TERRACE DR 7B, Columbus, OH, 43232",5415,YORKSHIRE TERRACE DR,7B,Columbus,OH,43232,"census-confirmed apartment unit; residential inferred (unit), not auditor-verified"
"5572 HIBERNIA DR A, Columbus, OH, 43232",5572,HIBERNIA DR,A,Columbus,OH,43232,"census-confirmed apartment unit; residential inferred (unit), not auditor-verified"
"5430 LONSDALE PL S UNIT B, Columbus, OH, 43232",5430,LONSDALE PL S,UNIT B,Columbus,OH,43232,"census-confirmed apartment unit; residential inferred (unit), not auditor-verified"
"5665 HIBERNIA DR B, Columbus, OH, 43232",5665,HIBERNIA DR,B,Columbus,OH,43232,"census-confirmed apartment unit; residential inferred (unit), not auditor-verified"
"5645 HIBERNIA DR A, Columbus, OH, 43232",5645,HIBERNIA DR,A,Columbus,OH,43232,"census-confirmed apartment unit; residential inferred (unit), not auditor-verified"
"5649 HIBERNIA DR B, Columbus, OH, 43232",5649,HIBERNIA DR,B,Columbus,OH,43232,"census-confirmed apartment unit; residential inferred (unit), not auditor-verified"
"5800 HIBERNIA DR B, Columbus, OH, 43232",5800,HIBERNIA DR,B,Columbus,OH,43232,"census-confirmed apartment unit; residential inferred (unit), not auditor-verified"
"1740 LONSDALE PL E UNIT A, Columbus, OH, 43232",1740,LONSDALE PL E,UNIT A,Columbus,OH,43232,"census-confirmed apartment unit; residential inferred (unit), not auditor-verified"
"5515 CANTARA PL 2, Columbus, OH, 43232",5515,CANTARA PL,2,Columbus,OH,43232,"census-confirmed apartment unit; residential inferred (unit), not auditor-verified"
"2246 S HAMILTON RD 103, Columbus, OH, 43232",2246,S HAMILTON RD,103,Columbus,OH,43232,"census-confirmed apartment unit; residential inferred (unit), not auditor-verified"
"5589 AUTUMN CHASE DR B, Columbus, OH, 43232",5589,AUTUMN CHASE DR,B,Columbus,OH,43232,"census-confirmed apartment unit; residential inferred (unit), not auditor-verified"
"2870 WOOLWICH CT 204, Columbus, OH, 43232",2870,WOOLWICH CT,204,Columbus,OH,43232,"census-confirmed apartment unit; residential inferred (unit), not auditor-verified"
"4579 HEMINGWAY CT B, Columbus, OH, 43232",4579,HEMINGWAY CT,B,Columbus,OH,43232,"census-confirmed apartment unit; residential inferred (unit), not auditor-verified"
"2451 SHORE BLVD E A, Columbus, OH, 43232",2451,SHORE BLVD E,A,Columbus,OH,43232,"census-confirmed apartment unit; residential inferred (unit), not auditor-verified"
"2411 SHORE BLVD E K, Columbus, OH, 43232",2411,SHORE BLVD E,K,Columbus,OH,43232,"census-confirmed apartment unit; residential inferred (unit), not auditor-verified"
"4770 LARAINE CT 202, Columbus, OH, 43232",4770,LARAINE CT,202,Columbus,OH,43232,"census-confirmed apartment unit; residential inferred (unit), not auditor-verified"
"2744 BRANDY DR 104, Columbus, OH, 43232",2744,BRANDY DR,104,Columbus,OH,43232,"census-confirmed apartment unit; residential inferred (unit), not auditor-verified"
"5880 YORKLAND CT UNIT D, Columbus, OH, 43232",5880,YORKLAND CT,UNIT D,Columbus,OH,43232,"census-confirmed apartment unit; residential inferred (unit), not auditor-verified"
"1858 COVENTRY LN D, Columbus, OH, 43232",1858,COVENTRY LN,D,Columbus,OH,43232,"census-confirmed apartment unit; residential inferred (unit), not auditor-verified"
"5099 CEDAR DR H, Columbus, OH, 43232",5099,CEDAR DR,H,Columbus,OH,43232,"census-confirmed apartment unit; residential inferred (unit), not auditor-verified"
"5141 CEDAR DR C, Columbus, OH, 43232",5141,CEDAR DR,C,Columbus,OH,43232,"census-confirmed apartment unit; residential inferred (unit), not auditor-verified"
"2233 COURTSIDE DR G, Columbus, OH, 43232",2233,COURTSIDE DR,G,Columbus,OH,43232,"census-confirmed apartment unit; residential inferred (unit), not auditor-verified"
"5770 HIBERNIA DR C, Columbus, OH, 43232",5770,HIBERNIA DR,C,Columbus,OH,43232,"census-confirmed apartment unit; residential inferred (unit), not auditor-verified"
"5484 DUNFIELD LN 3, Columbus, OH, 43232",5484,DUNFIELD LN,3,Columbus,OH,43232,"census-confirmed apartment unit; residential inferred (unit), not auditor-verified"
"5712 HIBERNIA DR C, Columbus, OH, 43232",5712,HIBERNIA DR,C,Columbus,OH,43232,"census-confirmed apartment unit; residential inferred (unit), not auditor-verified"
"5542 DUNFIELD LN 6, Columbus, OH, 43232",5542,DUNFIELD LN,6,Columbus,OH,43232,"census-confirmed apartment unit; residential inferred (unit), not auditor-verified"
"2785 CITIZENS PL A, Columbus, OH, 43232",2785,CITIZENS PL,A,Columbus,OH,43232,"census-confirmed apartment unit; residential inferred (unit), not auditor-verified"
"5594 AUTUMN CHASE DR A, Columbus, OH, 43232",5594,AUTUMN CHASE DR,A,Columbus,OH,43232,"census-confirmed apartment unit; residential inferred (unit), not auditor-verified"
"4650 HILTON CORPORATE DR 208, Columbus, OH, 43232",4650,HILTON CORPORATE DR,208,Columbus,OH,43232,"census-confirmed apartment unit; residential inferred (unit), not auditor-verified"
"4826 LARAINE CT 203, Columbus, OH, 43232",4826,LARAINE CT,203,Columbus,OH,43232,"census-confirmed apartment unit; residential inferred (unit), not auditor-verified"
"2714 BRANDY DR 101, Columbus, OH, 43232",2714,BRANDY DR,101,Columbus,OH,43232,"census-confirmed apartment unit; residential inferred (unit), not auditor-verified"
"2207 COURTSIDE DR A, Columbus, OH, 43232",2207,COURTSIDE DR,A,Columbus,OH,43232,"census-confirmed apartment unit; residential inferred (unit), not auditor-verified"
"2233 COURTSIDE DR A, Columbus, OH, 43232",2233,COURTSIDE DR,A,Columbus,OH,43232,"census-confirmed apartment unit; residential inferred (unit), not auditor-verified"
"5330 YORKSHIRE TERRACE DR B10, Columbus, OH, 43232",5330,YORKSHIRE TERRACE DR,B10,Columbus,OH,43232,"census-confirmed apartment unit; residential inferred (unit), not auditor-verified"
"5393 YORKSHIRE TERRACE DR 6C, Columbus, OH, 43232",5393,YORKSHIRE TERRACE DR,6C,Columbus,OH,43232,"census-confirmed apartment unit; residential inferred (unit), not auditor-verified"
"5535 HIBERNIA DR B, Columbus, OH, 43232",5535,HIBERNIA DR,B,Columbus,OH,43232,"census-confirmed apartment unit; residential inferred (unit), not auditor-verified"
"5415 YORKSHIRE TERRACE DR 6C, Columbus, OH, 43232",5415,YORKSHIRE TERRACE DR,6C,Columbus,OH,43232,"census-confirmed apartment unit; residential inferred (unit), not auditor-verified"
"5600 HIBERNIA DR B, Columbus, OH, 43232",5600,HIBERNIA DR,B,Columbus,OH,43232,"census-confirmed apartment unit; residential inferred (unit), not auditor-verified"
"5440 LONSDALE PL S UNIT C, Columbus, OH, 43232",5440,LONSDALE PL S,UNIT C,Columbus,OH,43232,"census-confirmed apartment unit; residential inferred (unit), not auditor-verified"
"5774 HIBERNIA DR B, Columbus, OH, 43232",5774,HIBERNIA DR,B,Columbus,OH,43232,"census-confirmed apartment unit; residential inferred (unit), not auditor-verified"
"5502 DUNFIELD LN 5, Columbus, OH, 43232",5502,DUNFIELD LN,5,Columbus,OH,43232,"census-confirmed apartment unit; residential inferred (unit), not auditor-verified"
"5766 HIBERNIA DR A, Columbus, OH, 43232",5766,HIBERNIA DR,A,Columbus,OH,43232,"census-confirmed apartment unit; residential inferred (unit), not auditor-verified"
"5754 HIBERNIA DR B, Columbus, OH, 43232",5754,HIBERNIA DR,B,Columbus,OH,43232,"census-confirmed apartment unit; residential inferred (unit), not auditor-verified"
"2851 CITIZENS PL B, Columbus, OH, 43232",2851,CITIZENS PL,B,Columbus,OH,43232,"census-confirmed apartment unit; residential inferred (unit), not auditor-verified"
"2860 CITIZENS PL C, Columbus, OH, 43232",2860,CITIZENS PL,C,Columbus,OH,43232,"census-confirmed apartment unit; residential inferred (unit), not auditor-verified"
"2801 MARWOOD CT A, Columbus, OH, 43232",2801,MARWOOD CT,A,Columbus,OH,43232,"census-confirmed apartment unit; residential inferred (unit), not auditor-verified"
"2747 TENNYSON BLVD C, Columbus, OH, 43232",2747,TENNYSON BLVD,C,Columbus,OH,43232,"census-confirmed apartment unit; residential inferred (unit), not auditor-verified"
"4501 LAKE SIDE S D, Columbus, OH, 43232",4501,LAKE SIDE S,D,Columbus,OH,43232,"census-confirmed apartment unit; residential inferred (unit), not auditor-verified"
"4535 LAKE SIDE S J, Columbus, OH, 43232",4535,LAKE SIDE S,J,Columbus,OH,43232,"census-confirmed apartment unit; residential inferred (unit), not auditor-verified"
"2440 SHORE BLVD W A, Columbus, OH, 43232",2440,SHORE BLVD W,A,Columbus,OH,43232,"census-confirmed apartment unit; residential inferred (unit), not auditor-verified"
"4563 HEMINGWAY CT A, Columbus, OH, 43232",4563,HEMINGWAY CT,A,Columbus,OH,43232,"census-confirmed apartment unit; residential inferred (unit), not auditor-verified"
"4607 REFUGEE RD 1A, Columbus, OH, 43232",4607,REFUGEE RD,1A,Columbus,OH,43232,"census-confirmed apartment unit; residential inferred (unit), not auditor-verified"
"1285 YORKLAND RD UNIT O, Columbus, OH, 43232",1285,YORKLAND RD,UNIT O,Columbus,OH,43232,"census-confirmed apartment unit; residential inferred (unit), not auditor-verified"
"4621 REFUGEE RD 1B, Columbus, OH, 43232",4621,REFUGEE RD,1B,Columbus,OH,43232,"census-confirmed apartment unit; residential inferred (unit), not auditor-verified"
"2881 TENNYSON BLVD 106, Columbus, OH, 43232",2881,TENNYSON BLVD,106,Columbus,OH,43232,"census-confirmed apartment unit; residential inferred (unit), not auditor-verified"
"4661 REFUGEE RD 2B, Columbus, OH, 43232",4661,REFUGEE RD,2B,Columbus,OH,43232,"census-confirmed apartment unit; residential inferred (unit), not auditor-verified"
"2900 NATHANIEL BLVD B, Columbus, OH, 43232",2900,NATHANIEL BLVD,B,Columbus,OH,43232,"census-confirmed apartment unit; residential inferred (unit), not auditor-verified"
"4630 HILTON CORPORATE DR 218, Columbus, OH, 43232",4630,HILTON CORPORATE DR,218,Columbus,OH,43232,"census-confirmed apartment unit; residential inferred (unit), not auditor-verified"
"1281 MCNAUGHTEN RD UNIT A, Columbus, OH, 43232",1281,MCNAUGHTEN RD,UNIT A,Columbus,OH,43232,"census-confirmed apartment unit; residential inferred (unit), not auditor-verified"
"4655 REFUGEE RD 3B, Columbus, OH, 43232",4655,REFUGEE RD,3B,Columbus,OH,43232,"census-confirmed apartment unit; residential inferred (unit), not auditor-verified"
"4632 CHANNING TER A, Columbus, OH, 43232",4632,CHANNING TER,A,Columbus,OH,43232,"census-confirmed apartment unit; residential inferred (unit), not auditor-verified"
"4669 REFUGEE RD 1I, Columbus, OH, 43232",4669,REFUGEE RD,1I,Columbus,OH,43232,"census-confirmed apartment unit; residential inferred (unit), not auditor-verified"
"2902 MERRYMOUNT CT D, Columbus, OH, 43232",2902,MERRYMOUNT CT,D,Columbus,OH,43232,"census-confirmed apartment unit; residential inferred (unit), not auditor-verified"
"2866 MERRYMOUNT CT A, Columbus, OH, 43232",2866,MERRYMOUNT CT,A,Columbus,OH,43232,"census-confirmed apartment unit; residential inferred (unit), not auditor-verified"
"5880 YORKLAND CT UNIT G, Columbus, OH, 43232",5880,YORKLAND CT,UNIT G,Columbus,OH,43232,"census-confirmed apartment unit; residential inferred (unit), not auditor-verified"
"2764 BRANDY DR 203, Columbus, OH, 43232",2764,BRANDY DR,203,Columbus,OH,43232,"census-confirmed apartment unit; residential inferred (unit), not auditor-verified"
"2714 BRANDY DR 204, Columbus, OH, 43232",2714,BRANDY DR,204,Columbus,OH,43232,"census-confirmed apartment unit; residential inferred (unit), not auditor-verified"
"5095 CEDAR DR G, Columbus, OH, 43232",5095,CEDAR DR,G,Columbus,OH,43232,"census-confirmed apartment unit; residential inferred (unit), not auditor-verified"
"5121 CEDAR DR B, Columbus, OH, 43232",5121,CEDAR DR,B,Columbus,OH,43232,"census-confirmed apartment unit; residential inferred (unit), not auditor-verified"
"5370 YORKSHIRE TERRACE DR C, Columbus, OH, 43232",5370,YORKSHIRE TERRACE DR,C,Columbus,OH,43232,"census-confirmed apartment unit; residential inferred (unit), not auditor-verified"
"5652 HIBERNIA DR A, Columbus, OH, 43232",5652,HIBERNIA DR,A,Columbus,OH,43232,"census-confirmed apartment unit; residential inferred (unit), not auditor-verified"
"5796 HIBERNIA DR B, Columbus, OH, 43232",5796,HIBERNIA DR,B,Columbus,OH,43232,"census-confirmed apartment unit; residential inferred (unit), not auditor-verified"
"2510 KIMBERLY PKWY E UNIT 101, Columbus, OH, 43232",2510,KIMBERLY PKWY E,UNIT 101,Columbus,OH,43232,"census-confirmed apartment unit; residential inferred (unit), not auditor-verified"
"2510 KIMBERLY PKWY E 104, Columbus, OH, 43232",2510,KIMBERLY PKWY E,104,Columbus,OH,43232,"census-confirmed apartment unit; residential inferred (unit), not auditor-verified"
"1740 LONSDALE PL E UNIT D, Columbus, OH, 43232",1740,LONSDALE PL E,UNIT D,Columbus,OH,43232,"census-confirmed apartment unit; residential inferred (unit), not auditor-verified"
"2817 CITIZENS PL D, Columbus, OH, 43232",2817,CITIZENS PL,D,Columbus,OH,43232,"census-confirmed apartment unit; residential inferred (unit), not auditor-verified"
"2774 CITIZENS PL F, Columbus, OH, 43232",2774,CITIZENS PL,F,Columbus,OH,43232,"census-confirmed apartment unit; residential inferred (unit), not auditor-verified"
"2836 WYMAN CT C, Columbus, OH, 43232",2836,WYMAN CT,C,Columbus,OH,43232,"census-confirmed apartment unit; residential inferred (unit), not auditor-verified"
"2784 MARWOOD CT B, Columbus, OH, 43232",2784,MARWOOD CT,B,Columbus,OH,43232,"census-confirmed apartment unit; residential inferred (unit), not auditor-verified"
"4530 LAKE SIDE N J, Columbus, OH, 43232",4530,LAKE SIDE N,J,Columbus,OH,43232,"census-confirmed apartment unit; residential inferred (unit), not auditor-verified"
"5675 BAIRSFORD CIR N 10, Columbus, OH, 43232",5675,BAIRSFORD CIR N,10,Columbus,OH,43232,"census-confirmed apartment unit; residential inferred (unit), not auditor-verified"
"2791 NEWCASTLE CT C, Columbus, OH, 43232",2791,NEWCASTLE CT,C,Columbus,OH,43232,"census-confirmed apartment unit; residential inferred (unit), not auditor-verified"
"4570 LAKE SIDE N I, Columbus, OH, 43232",4570,LAKE SIDE N,I,Columbus,OH,43232,"census-confirmed apartment unit; residential inferred (unit), not auditor-verified"
"4605 REFUGEE RD 1C, Columbus, OH, 43232",4605,REFUGEE RD,1C,Columbus,OH,43232,"census-confirmed apartment unit; residential inferred (unit), not auditor-verified"
"4621 REFUGEE RD 3B, Columbus, OH, 43232",4621,REFUGEE RD,3B,Columbus,OH,43232,"census-confirmed apartment unit; residential inferred (unit), not auditor-verified"
"4621 REFUGEE RD 3D, Columbus, OH, 43232",4621,REFUGEE RD,3D,Columbus,OH,43232,"census-confirmed apartment unit; residential inferred (unit), not auditor-verified"
"2797 TENNYSON BLVD A, Columbus, OH, 43232",2797,TENNYSON BLVD,A,Columbus,OH,43232,"census-confirmed apartment unit; residential inferred (unit), not auditor-verified"
"2810 TENNYSON BLVD A, Columbus, OH, 43232",2810,TENNYSON BLVD,A,Columbus,OH,43232,"census-confirmed apartment unit; residential inferred (unit), not auditor-verified"
"2814 TENNYSON BLVD A, Columbus, OH, 43232",2814,TENNYSON BLVD,A,Columbus,OH,43232,"census-confirmed apartment unit; residential inferred (unit), not auditor-verified"
"2853 CITIZENS PL D, Columbus, OH, 43232",2853,CITIZENS PL,D,Columbus,OH,43232,"census-confirmed apartment unit; residential inferred (unit), not auditor-verified"
"2234 S HAMILTON RD 100, Columbus, OH, 43232",2234,S HAMILTON RD,100,Columbus,OH,43232,"census-confirmed apartment unit; residential inferred (unit), not auditor-verified"
"2747 TENNYSON BLVD B, Columbus, OH, 43232",2747,TENNYSON BLVD,B,Columbus,OH,43232,"census-confirmed apartment unit; residential inferred (unit), not auditor-verified"
"2730 TENNYSON BLVD B, Columbus, OH, 43232",2730,TENNYSON BLVD,B,Columbus,OH,43232,"census-confirmed apartment unit; residential inferred (unit), not auditor-verified"
"4536 LAKE SIDE S D, Columbus, OH, 43232",4536,LAKE SIDE S,D,Columbus,OH,43232,"census-confirmed apartment unit; residential inferred (unit), not auditor-verified"
"2820 WYMAN CT D, Columbus, OH, 43232",2820,WYMAN CT,D,Columbus,OH,43232,"census-confirmed apartment unit; residential inferred (unit), not auditor-verified"
"2765 TENNYSON BLVD C, Columbus, OH, 43232",2765,TENNYSON BLVD,C,Columbus,OH,43232,"census-confirmed apartment unit; residential inferred (unit), not auditor-verified"
"4619 REFUGEE RD 2B, Columbus, OH, 43232",4619,REFUGEE RD,2B,Columbus,OH,43232,"census-confirmed apartment unit; residential inferred (unit), not auditor-verified"
"4615 HEBRIDES DR D, Columbus, OH, 43232",4615,HEBRIDES DR,D,Columbus,OH,43232,"census-confirmed apartment unit; residential inferred (unit), not auditor-verified"
"2814 TENNYSON BLVD D, Columbus, OH, 43232",2814,TENNYSON BLVD,D,Columbus,OH,43232,"census-confirmed apartment unit; residential inferred (unit), not auditor-verified"
"1281 MCNAUGHTEN RD UNIT C, Columbus, OH, 43232",1281,MCNAUGHTEN RD,UNIT C,Columbus,OH,43232,"census-confirmed apartment unit; residential inferred (unit), not auditor-verified"
"4686 FENIMORE CT A, Columbus, OH, 43232",4686,FENIMORE CT,A,Columbus,OH,43232,"census-confirmed apartment unit; residential inferred (unit), not auditor-verified"
"4650 HILTON CORPORATE DR 216, Columbus, OH, 43232",4650,HILTON CORPORATE DR,216,Columbus,OH,43232,"census-confirmed apartment unit; residential inferred (unit), not auditor-verified"
"3180 ELIM MANOR CT 213, Columbus, OH, 43232",3180,ELIM MANOR CT,213,Columbus,OH,43232,"census-confirmed apartment unit; residential inferred (unit), not auditor-verified"
"2089 LAKE CLUB TER A, Columbus, OH, 43232",2089,LAKE CLUB TER,A,Columbus,OH,43232,"census-confirmed apartment unit; residential inferred (unit), not auditor-verified"
"5034 COVENTRY DR C, Columbus, OH, 43232",5034,COVENTRY DR,C,Columbus,OH,43232,"census-confirmed apartment unit; residential inferred (unit), not auditor-verified"
"5040 COVENTRY DR C, Columbus, OH, 43232",5040,COVENTRY DR,C,Columbus,OH,43232,"census-confirmed apartment unit; residential inferred (unit), not auditor-verified"
"3466 COURTRIGHT LN C, Columbus, OH, 43232",3466,COURTRIGHT LN,C,Columbus,OH,43232,"census-confirmed apartment unit; residential inferred (unit), not auditor-verified"
"5321 YORKSHIRE TERRACE DR D, Columbus, OH, 43232",5321,YORKSHIRE TERRACE DR,D,Columbus,OH,43232,"census-confirmed apartment unit; residential inferred (unit), not auditor-verified"
"5621 HIBERNIA DR A, Columbus, OH, 43232",5621,HIBERNIA DR,A,Columbus,OH,43232,"census-confirmed apartment unit; residential inferred (unit), not auditor-verified"
"5588 HIBERNIA DR B, Columbus, OH, 43232",5588,HIBERNIA DR,B,Columbus,OH,43232,"census-confirmed apartment unit; residential inferred (unit), not auditor-verified"
"5440 LONSDALE PL N UNIT C, Columbus, OH, 43232",5440,LONSDALE PL N,UNIT C,Columbus,OH,43232,"census-confirmed apartment unit; residential inferred (unit), not auditor-verified"
"5762 HIBERNIA DR C, Columbus, OH, 43232",5762,HIBERNIA DR,C,Columbus,OH,43232,"census-confirmed apartment unit; residential inferred (unit), not auditor-verified"
"5788 HIBERNIA DR B, Columbus, OH, 43232",5788,HIBERNIA DR,B,Columbus,OH,43232,"census-confirmed apartment unit; residential inferred (unit), not auditor-verified"
"5542 DUNFIELD LN 3, Columbus, OH, 43232",5542,DUNFIELD LN,3,Columbus,OH,43232,"census-confirmed apartment unit; residential inferred (unit), not auditor-verified"
"2510 KIMBERLY PKWY E 110, Columbus, OH, 43232",2510,KIMBERLY PKWY E,110,Columbus,OH,43232,"census-confirmed apartment unit; residential inferred (unit), not auditor-verified"
"2510 KIMBERLY PKWY E 209, Columbus, OH, 43232",2510,KIMBERLY PKWY E,209,Columbus,OH,43232,"census-confirmed apartment unit; residential inferred (unit), not auditor-verified"
"5593 AUTUMN CHASE DR B, Columbus, OH, 43232",5593,AUTUMN CHASE DR,B,Columbus,OH,43232,"census-confirmed apartment unit; residential inferred (unit), not auditor-verified"
"5842 HALLRIDGE CIR C, Columbus, OH, 43232",5842,HALLRIDGE CIR,C,Columbus,OH,43232,"census-confirmed apartment unit; residential inferred (unit), not auditor-verified"
"5099 CEDAR DR E, Columbus, OH, 43232",5099,CEDAR DR,E,Columbus,OH,43232,"census-confirmed apartment unit; residential inferred (unit), not auditor-verified"
"3473 COURTRIGHT LN B, Columbus, OH, 43232",3473,COURTRIGHT LN,B,Columbus,OH,43232,"census-confirmed apartment unit; residential inferred (unit), not auditor-verified"
"5141 CEDAR DR F, Columbus, OH, 43232",5141,CEDAR DR,F,Columbus,OH,43232,"census-confirmed apartment unit; residential inferred (unit), not auditor-verified"
"2225 COURTSIDE DR D, Columbus, OH, 43232",2225,COURTSIDE DR,D,Columbus,OH,43232,"census-confirmed apartment unit; residential inferred (unit), not auditor-verified"
"5415 YORKSHIRE TERRACE DR 4C, Columbus, OH, 43232",5415,YORKSHIRE TERRACE DR,4C,Columbus,OH,43232,"census-confirmed apartment unit; residential inferred (unit), not auditor-verified"
"5415 YORKSHIRE TERRACE DR 2B, Columbus, OH, 43232",5415,YORKSHIRE TERRACE DR,2B,Columbus,OH,43232,"census-confirmed apartment unit; residential inferred (unit), not auditor-verified"
"5617 HIBERNIA DR C, Columbus, OH, 43232",5617,HIBERNIA DR,C,Columbus,OH,43232,"census-confirmed apartment unit; residential inferred (unit), not auditor-verified"
"5459 E LIVINGSTON AVE UNIT A, Columbus, OH, 43232",5459,E LIVINGSTON AVE,UNIT A,Columbus,OH,43232,"census-confirmed apartment unit; residential inferred (unit), not auditor-verified"
"2845 CITIZENS PL A, Columbus, OH, 43232",2845,CITIZENS PL,A,Columbus,OH,43232,"census-confirmed apartment unit; residential inferred (unit), not auditor-verified"
"2244 S HAMILTON RD 103, Columbus, OH, 43232",2244,S HAMILTON RD,103,Columbus,OH,43232,"census-confirmed apartment unit; residential inferred (unit), not auditor-verified"
"2743 TENNYSON BLVD A, Columbus, OH, 43232",2743,TENNYSON BLVD,A,Columbus,OH,43232,"census-confirmed apartment unit; residential inferred (unit), not auditor-verified"
"4499 LAKE SIDE S B, Columbus, OH, 43232",4499,LAKE SIDE S,B,Columbus,OH,43232,"census-confirmed apartment unit; residential inferred (unit), not auditor-verified"
"4501 LAKE SIDE S B, Columbus, OH, 43232",4501,LAKE SIDE S,B,Columbus,OH,43232,"census-confirmed apartment unit; residential inferred (unit), not auditor-verified"
"4597 REFUGEE RD 3E, Columbus, OH, 43232",4597,REFUGEE RD,3E,Columbus,OH,43232,"census-confirmed apartment unit; residential inferred (unit), not auditor-verified"
"2784 MARWOOD CT C, Columbus, OH, 43232",2784,MARWOOD CT,C,Columbus,OH,43232,"census-confirmed apartment unit; residential inferred (unit), not auditor-verified"
"4605 REFUGEE RD 3A, Columbus, OH, 43232",4605,REFUGEE RD,3A,Columbus,OH,43232,"census-confirmed apartment unit; residential inferred (unit), not auditor-verified"
"5838 HALLRIDGE CIR C, Columbus, OH, 43232",5838,HALLRIDGE CIR,C,Columbus,OH,43232,"census-confirmed apartment unit; residential inferred (unit), not auditor-verified"
"2881 TENNYSON BLVD 105, Columbus, OH, 43232",2881,TENNYSON BLVD,105,Columbus,OH,43232,"census-confirmed apartment unit; residential inferred (unit), not auditor-verified"
"2810 TENNYSON BLVD D, Columbus, OH, 43232",2810,TENNYSON BLVD,D,Columbus,OH,43232,"census-confirmed apartment unit; residential inferred (unit), not auditor-verified"
"4657 REFUGEE RD 2F, Columbus, OH, 43232",4657,REFUGEE RD,2F,Columbus,OH,43232,"census-confirmed apartment unit; residential inferred (unit), not auditor-verified"
"4663 REFUGEE RD 1B, Columbus, OH, 43232",4663,REFUGEE RD,1B,Columbus,OH,43232,"census-confirmed apartment unit; residential inferred (unit), not auditor-verified"
"4680 FENIMORE CT D, Columbus, OH, 43232",4680,FENIMORE CT,D,Columbus,OH,43232,"census-confirmed apartment unit; residential inferred (unit), not auditor-verified"
"2865 CITIZENS PL A, Columbus, OH, 43232",2865,CITIZENS PL,A,Columbus,OH,43232,"census-confirmed apartment unit; residential inferred (unit), not auditor-verified"
"4575 MANDEVILLE CT C, Columbus, OH, 43232",4575,MANDEVILLE CT,C,Columbus,OH,43232,"census-confirmed apartment unit; residential inferred (unit), not auditor-verified"
"4570 ISINGTON CT 211, Columbus, OH, 43232",4570,ISINGTON CT,211,Columbus,OH,43232,"census-confirmed apartment unit; residential inferred (unit), not auditor-verified"
"2870 WOOLWICH CT 210, Columbus, OH, 43232",2870,WOOLWICH CT,210,Columbus,OH,43232,"census-confirmed apartment unit; residential inferred (unit), not auditor-verified"
"2740 TENNYSON BLVD A, Columbus, OH, 43232",2740,TENNYSON BLVD,A,Columbus,OH,43232,"census-confirmed apartment unit; residential inferred (unit), not auditor-verified"
"4609 REFUGEE RD 1J, Columbus, OH, 43232",4609,REFUGEE RD,1J,Columbus,OH,43232,"census-confirmed apartment unit; residential inferred (unit), not auditor-verified"
"4611 REFUGEE RD 2A, Columbus, OH, 43232",4611,REFUGEE RD,2A,Columbus,OH,43232,"census-confirmed apartment unit; residential inferred (unit), not auditor-verified"
"2881 TENNYSON BLVD 101, Columbus, OH, 43232",2881,TENNYSON BLVD,101,Columbus,OH,43232,"census-confirmed apartment unit; residential inferred (unit), not auditor-verified"
"4632 CHANNING TER D, Columbus, OH, 43232",4632,CHANNING TER,D,Columbus,OH,43232,"census-confirmed apartment unit; residential inferred (unit), not auditor-verified"
"5981 LAKE CLUB SQ G, Columbus, OH, 43232",5981,LAKE CLUB SQ,G,Columbus,OH,43232,"census-confirmed apartment unit; residential inferred (unit), not auditor-verified"
"5165 CEDAR DR E, Columbus, OH, 43232",5165,CEDAR DR,E,Columbus,OH,43232,"census-confirmed apartment unit; residential inferred (unit), not auditor-verified"
"5564 HIBERNIA DR B, Columbus, OH, 43232",5564,HIBERNIA DR,B,Columbus,OH,43232,"census-confirmed apartment unit; residential inferred (unit), not auditor-verified"
"5419 LONSDALE PL S UNIT A, Columbus, OH, 43232",5419,LONSDALE PL S,UNIT A,Columbus,OH,43232,"census-confirmed apartment unit; residential inferred (unit), not auditor-verified"
"5645 HIBERNIA DR B, Columbus, OH, 43232",5645,HIBERNIA DR,B,Columbus,OH,43232,"census-confirmed apartment unit; residential inferred (unit), not auditor-verified"
"5784 HIBERNIA DR C, Columbus, OH, 43232",5784,HIBERNIA DR,C,Columbus,OH,43232,"census-confirmed apartment unit; residential inferred (unit), not auditor-verified"
"2510 KIMBERLY PKWY E UNIT 110, Columbus, OH, 43232",2510,KIMBERLY PKWY E,UNIT 110,Columbus,OH,43232,"census-confirmed apartment unit; residential inferred (unit), not auditor-verified"
"5522 DUNFIELD LN 3, Columbus, OH, 43232",5522,DUNFIELD LN,3,Columbus,OH,43232,"census-confirmed apartment unit; residential inferred (unit), not auditor-verified"
"2708 EASTLAND MALL UNIT A, Columbus, OH, 43232",2708,EASTLAND MALL,UNIT A,Columbus,OH,43232,"census-confirmed apartment unit; residential inferred (unit), not auditor-verified"
"3651 S HAMILTON RD CATV, Columbus, OH, 43232",3651,S HAMILTON RD,CATV,Columbus,OH,43232,"census-confirmed apartment unit; residential inferred (unit), not auditor-verified"
"5567 AUTUMN CHASE DR B, Columbus, OH, 43232",5567,AUTUMN CHASE DR,B,Columbus,OH,43232,"census-confirmed apartment unit; residential inferred (unit), not auditor-verified"
"4603 REFUGEE RD 1A, Columbus, OH, 43232",4603,REFUGEE RD,1A,Columbus,OH,43232,"census-confirmed apartment unit; residential inferred (unit), not auditor-verified"
"4593 REFUGEE RD 2J, Columbus, OH, 43232",4593,REFUGEE RD,2J,Columbus,OH,43232,"census-confirmed apartment unit; residential inferred (unit), not auditor-verified"
"4611 WORDSWORTH CT C, Columbus, OH, 43232",4611,WORDSWORTH CT,C,Columbus,OH,43232,"census-confirmed apartment unit; residential inferred (unit), not auditor-verified"
"4616 CHANNING TER A, Columbus, OH, 43232",4616,CHANNING TER,A,Columbus,OH,43232,"census-confirmed apartment unit; residential inferred (unit), not auditor-verified"
"2471 SHORE BLVD E C, Columbus, OH, 43232",2471,SHORE BLVD E,C,Columbus,OH,43232,"census-confirmed apartment unit; residential inferred (unit), not auditor-verified"
"4659 REFUGEE RD 2C, Columbus, OH, 43232",4659,REFUGEE RD,2C,Columbus,OH,43232,"census-confirmed apartment unit; residential inferred (unit), not auditor-verified"
"4615 HEBRIDES DR A, Columbus, OH, 43232",4615,HEBRIDES DR,A,Columbus,OH,43232,"census-confirmed apartment unit; residential inferred (unit), not auditor-verified"
"4650 HILTON CORPORATE DR 202, Columbus, OH, 43232",4650,HILTON CORPORATE DR,202,Columbus,OH,43232,"census-confirmed apartment unit; residential inferred (unit), not auditor-verified"
"5675 BAIRSFORD CIR N 6, Columbus, OH, 43232",5675,BAIRSFORD CIR N,6,Columbus,OH,43232,"census-confirmed apartment unit; residential inferred (unit), not auditor-verified"
"1862 COVENTRY LN B, Columbus, OH, 43232",1862,COVENTRY LN,B,Columbus,OH,43232,"census-confirmed apartment unit; residential inferred (unit), not auditor-verified"
"5097 CEDAR DR K, Columbus, OH, 43232",5097,CEDAR DR,K,Columbus,OH,43232,"census-confirmed apartment unit; residential inferred (unit), not auditor-verified"
"5095 CEDAR DR C, Columbus, OH, 43232",5095,CEDAR DR,C,Columbus,OH,43232,"census-confirmed apartment unit; residential inferred (unit), not auditor-verified"
"5141 CEDAR DR D, Columbus, OH, 43232",5141,CEDAR DR,D,Columbus,OH,43232,"census-confirmed apartment unit; residential inferred (unit), not auditor-verified"
"5564 HIBERNIA DR A, Columbus, OH, 43232",5564,HIBERNIA DR,A,Columbus,OH,43232,"census-confirmed apartment unit; residential inferred (unit), not auditor-verified"
"5660 HIBERNIA DR B, Columbus, OH, 43232",5660,HIBERNIA DR,B,Columbus,OH,43232,"census-confirmed apartment unit; residential inferred (unit), not auditor-verified"
"5700 HIBERNIA DR C, Columbus, OH, 43232",5700,HIBERNIA DR,C,Columbus,OH,43232,"census-confirmed apartment unit; residential inferred (unit), not auditor-verified"
"5521 CANTARA PL 5, Columbus, OH, 43232",5521,CANTARA PL,5,Columbus,OH,43232,"census-confirmed apartment unit; residential inferred (unit), not auditor-verified"
"2246 S HAMILTON RD 101, Columbus, OH, 43232",2246,S HAMILTON RD,101,Columbus,OH,43232,"census-confirmed apartment unit; residential inferred (unit), not auditor-verified"
"2242 S HAMILTON RD 101, Columbus, OH, 43232",2242,S HAMILTON RD,101,Columbus,OH,43232,"census-confirmed apartment unit; residential inferred (unit), not auditor-verified"
"2859 CITIZENS PL E, Columbus, OH, 43232",2859,CITIZENS PL,E,Columbus,OH,43232,"census-confirmed apartment unit; residential inferred (unit), not auditor-verified"
"2730 TENNYSON BLVD D, Columbus, OH, 43232",2730,TENNYSON BLVD,D,Columbus,OH,43232,"census-confirmed apartment unit; residential inferred (unit), not auditor-verified"
"4505 LAKE SIDE N F, Columbus, OH, 43232",4505,LAKE SIDE N,F,Columbus,OH,43232,"census-confirmed apartment unit; residential inferred (unit), not auditor-verified"
"4603 REFUGEE RD 3C, Columbus, OH, 43232",4603,REFUGEE RD,3C,Columbus,OH,43232,"census-confirmed apartment unit; residential inferred (unit), not auditor-verified"
"4564 MANDEVILLE CT B, Columbus, OH, 43232",4564,MANDEVILLE CT,B,Columbus,OH,43232,"census-confirmed apartment unit; residential inferred (unit), not auditor-verified"
"2431 SHORE BLVD E L, Columbus, OH, 43232",2431,SHORE BLVD E,L,Columbus,OH,43232,"census-confirmed apartment unit; residential inferred (unit), not auditor-verified"
"5370 YORKSHIRE TERRACE DR E, Columbus, OH, 43232",5370,YORKSHIRE TERRACE DR,E,Columbus,OH,43232,"census-confirmed apartment unit; residential inferred (unit), not auditor-verified"
"5577 HIBERNIA DR A, Columbus, OH, 43232",5577,HIBERNIA DR,A,Columbus,OH,43232,"census-confirmed apartment unit; residential inferred (unit), not auditor-verified"
"5410 YORKSHIRE TERRACE DR E, Columbus, OH, 43232",5410,YORKSHIRE TERRACE DR,E,Columbus,OH,43232,"census-confirmed apartment unit; residential inferred (unit), not auditor-verified"
"5660 HIBERNIA DR A, Columbus, OH, 43232",5660,HIBERNIA DR,A,Columbus,OH,43232,"census-confirmed apartment unit; residential inferred (unit), not auditor-verified"
"5774 HIBERNIA DR C, Columbus, OH, 43232",5774,HIBERNIA DR,C,Columbus,OH,43232,"census-confirmed apartment unit; residential inferred (unit), not auditor-verified"
"1778 LONSDALE PL E UNIT C, Columbus, OH, 43232",1778,LONSDALE PL E,UNIT C,Columbus,OH,43232,"census-confirmed apartment unit; residential inferred (unit), not auditor-verified"
"1740 LONSDALE PL E UNIT B, Columbus, OH, 43232",1740,LONSDALE PL E,UNIT B,Columbus,OH,43232,"census-confirmed apartment unit; residential inferred (unit), not auditor-verified"
"5542 DUNFIELD LN 4, Columbus, OH, 43232",5542,DUNFIELD LN,4,Columbus,OH,43232,"census-confirmed apartment unit; residential inferred (unit), not auditor-verified"
"4322 1/2 GROVES RD CATV, Columbus, OH, 43232",4322 1/2,GROVES RD,CATV,Columbus,OH,43232,"census-confirmed apartment unit; residential inferred (unit), not auditor-verified"
"2847 CITIZENS PL C, Columbus, OH, 43232",2847,CITIZENS PL,C,Columbus,OH,43232,"census-confirmed apartment unit; residential inferred (unit), not auditor-verified"
"2234 S HAMILTON RD 101, Columbus, OH, 43232",2234,S HAMILTON RD,101,Columbus,OH,43232,"census-confirmed apartment unit; residential inferred (unit), not auditor-verified"
"2817 WYMAN CT C, Columbus, OH, 43232",2817,WYMAN CT,C,Columbus,OH,43232,"census-confirmed apartment unit; residential inferred (unit), not auditor-verified"
"4535 LAKE SIDE S I, Columbus, OH, 43232",4535,LAKE SIDE S,I,Columbus,OH,43232,"census-confirmed apartment unit; residential inferred (unit), not auditor-verified"
"4515 LAKE SIDE N F, Columbus, OH, 43232",4515,LAKE SIDE N,F,Columbus,OH,43232,"census-confirmed apartment unit; residential inferred (unit), not auditor-verified"
"4535 LAKE SIDE S L, Columbus, OH, 43232",4535,LAKE SIDE S,L,Columbus,OH,43232,"census-confirmed apartment unit; residential inferred (unit), not auditor-verified"
"4616 HEBRIDES DR D, Columbus, OH, 43232",4616,HEBRIDES DR,D,Columbus,OH,43232,"census-confirmed apartment unit; residential inferred (unit), not auditor-verified"
"4657 REFUGEE RD 1G, Columbus, OH, 43232",4657,REFUGEE RD,1G,Columbus,OH,43232,"census-confirmed apartment unit; residential inferred (unit), not auditor-verified"
"4672 FENIMORE CT C, Columbus, OH, 43232",4672,FENIMORE CT,C,Columbus,OH,43232,"census-confirmed apartment unit; residential inferred (unit), not auditor-verified"
"2874 MERRYMOUNT CT A, Columbus, OH, 43232",2874,MERRYMOUNT CT,A,Columbus,OH,43232,"census-confirmed apartment unit; residential inferred (unit), not auditor-verified"
"4650 HILTON CORPORATE DR 108, Columbus, OH, 43232",4650,HILTON CORPORATE DR,108,Columbus,OH,43232,"census-confirmed apartment unit; residential inferred (unit), not auditor-verified"
"3180 ELIM MANOR CT 106, Columbus, OH, 43232",3180,ELIM MANOR CT,106,Columbus,OH,43232,"census-confirmed apartment unit; residential inferred (unit), not auditor-verified"
"6002 LAKE CLUB CT A, Columbus, OH, 43232",6002,LAKE CLUB CT,A,Columbus,OH,43232,"census-confirmed apartment unit; residential inferred (unit), not auditor-verified"
"2843 CITIZENS PL A, Columbus, OH, 43232",2843,CITIZENS PL,A,Columbus,OH,43232,"census-confirmed apartment unit; residential inferred (unit), not auditor-verified"
"3180 ELIM MANOR CT 111, Columbus, OH, 43232",3180,ELIM MANOR CT,111,Columbus,OH,43232,"census-confirmed apartment unit; residential inferred (unit), not auditor-verified"
"3180 ELIM MANOR CT 103, Columbus, OH, 43232",3180,ELIM MANOR CT,103,Columbus,OH,43232,"census-confirmed apartment unit; residential inferred (unit), not auditor-verified"
"4810 REFUGEE RD C, Columbus, OH, 43232",4810,REFUGEE RD,C,Columbus,OH,43232,"census-confirmed apartment unit; residential inferred (unit), not auditor-verified"
"2748 CITIZENS PL D, Columbus, OH, 43232",2748,CITIZENS PL,D,Columbus,OH,43232,"census-confirmed apartment unit; residential inferred (unit), not auditor-verified"
"2834 WYMAN CT B, Columbus, OH, 43232",2834,WYMAN CT,B,Columbus,OH,43232,"census-confirmed apartment unit; residential inferred (unit), not auditor-verified"
"2832 WYMAN CT D, Columbus, OH, 43232",2832,WYMAN CT,D,Columbus,OH,43232,"census-confirmed apartment unit; residential inferred (unit), not auditor-verified"
"2722 TENNYSON BLVD D, Columbus, OH, 43232",2722,TENNYSON BLVD,D,Columbus,OH,43232,"census-confirmed apartment unit; residential inferred (unit), not auditor-verified"
"4603 REFUGEE RD 3D, Columbus, OH, 43232",4603,REFUGEE RD,3D,Columbus,OH,43232,"census-confirmed apartment unit; residential inferred (unit), not auditor-verified"
"4586 ISINGTON CT 206, Columbus, OH, 43232",4586,ISINGTON CT,206,Columbus,OH,43232,"census-confirmed apartment unit; residential inferred (unit), not auditor-verified"
"4619 REFUGEE RD 2C, Columbus, OH, 43232",4619,REFUGEE RD,2C,Columbus,OH,43232,"census-confirmed apartment unit; residential inferred (unit), not auditor-verified"
"5675 BAIRSFORD CIR N 7, Columbus, OH, 43232",5675,BAIRSFORD CIR N,7,Columbus,OH,43232,"census-confirmed apartment unit; residential inferred (unit), not auditor-verified"
"5056 COVENTRY CT N D, Columbus, OH, 43232",5056,COVENTRY CT N,D,Columbus,OH,43232,"census-confirmed apartment unit; residential inferred (unit), not auditor-verified"
"4635 WORDSWORTH CT C, Columbus, OH, 43232",4635,WORDSWORTH CT,C,Columbus,OH,43232,"census-confirmed apartment unit; residential inferred (unit), not auditor-verified"
"4661 REFUGEE RD 2D, Columbus, OH, 43232",4661,REFUGEE RD,2D,Columbus,OH,43232,"census-confirmed apartment unit; residential inferred (unit), not auditor-verified"
"4619 REFUGEE RD 2H, Columbus, OH, 43232",4619,REFUGEE RD,2H,Columbus,OH,43232,"census-confirmed apartment unit; residential inferred (unit), not auditor-verified"
"4639 COLERIDGE CT D, Columbus, OH, 43232",4639,COLERIDGE CT,D,Columbus,OH,43232,"census-confirmed apartment unit; residential inferred (unit), not auditor-verified"
"2826 TENNYSON BLVD C, Columbus, OH, 43232",2826,TENNYSON BLVD,C,Columbus,OH,43232,"census-confirmed apartment unit; residential inferred (unit), not auditor-verified"
"4646 HEBRIDES DR B, Columbus, OH, 43232",4646,HEBRIDES DR,B,Columbus,OH,43232,"census-confirmed apartment unit; residential inferred (unit), not auditor-verified"
"4682 FENIMORE CT B, Columbus, OH, 43232",4682,FENIMORE CT,B,Columbus,OH,43232,"census-confirmed apartment unit; residential inferred (unit), not auditor-verified"
"1313 YORKLAND RD UNIT, Columbus, OH, 43232",1313,YORKLAND RD,UNIT,Columbus,OH,43232,"census-confirmed apartment unit; residential inferred (unit), not auditor-verified"
"1295 YORKLAND RD UNIT, Columbus, OH, 43232",1295,YORKLAND RD,UNIT,Columbus,OH,43232,"census-confirmed apartment unit; residential inferred (unit), not auditor-verified"
"5121 CEDAR DR G, Columbus, OH, 43232",5121,CEDAR DR,G,Columbus,OH,43232,"census-confirmed apartment unit; residential inferred (unit), not auditor-verified"
"5123 CEDAR DR L, Columbus, OH, 43232",5123,CEDAR DR,L,Columbus,OH,43232,"census-confirmed apartment unit; residential inferred (unit), not auditor-verified"
"4770 LARAINE CT 203, Columbus, OH, 43232",4770,LARAINE CT,203,Columbus,OH,43232,"census-confirmed apartment unit; residential inferred (unit), not auditor-verified"
"2087 LAKE CLUB TER F, Columbus, OH, 43232",2087,LAKE CLUB TER,F,Columbus,OH,43232,"census-confirmed apartment unit; residential inferred (unit), not auditor-verified"
"6001 LAKE CLUB CT D, Columbus, OH, 43232",6001,LAKE CLUB CT,D,Columbus,OH,43232,"census-confirmed apartment unit; residential inferred (unit), not auditor-verified"
"6000 LAKE CLUB CT F, Columbus, OH, 43232",6000,LAKE CLUB CT,F,Columbus,OH,43232,"census-confirmed apartment unit; residential inferred (unit), not auditor-verified"
"6002 LAKE CLUB CT B, Columbus, OH, 43232",6002,LAKE CLUB CT,B,Columbus,OH,43232,"census-confirmed apartment unit; residential inferred (unit), not auditor-verified"
"2225 COURTSIDE DR A, Columbus, OH, 43232",2225,COURTSIDE DR,A,Columbus,OH,43232,"census-confirmed apartment unit; residential inferred (unit), not auditor-verified"
"4818 LARAINE CT 104, Columbus, OH, 43232",4818,LARAINE CT,104,Columbus,OH,43232,"census-confirmed apartment unit; residential inferred (unit), not auditor-verified"
"2738 BRANDY DR 103, Columbus, OH, 43232",2738,BRANDY DR,103,Columbus,OH,43232,"census-confirmed apartment unit; residential inferred (unit), not auditor-verified"
"4810 REFUGEE RD A, Columbus, OH, 43232",4810,REFUGEE RD,A,Columbus,OH,43232,"census-confirmed apartment unit; residential inferred (unit), not auditor-verified"
"5014 COVENTRY DR A, Columbus, OH, 43232",5014,COVENTRY DR,A,Columbus,OH,43232,"census-confirmed apartment unit; residential inferred (unit), not auditor-verified"
"5575 HIBERNIA DR C, Columbus, OH, 43232",5575,HIBERNIA DR,C,Columbus,OH,43232,"census-confirmed apartment unit; residential inferred (unit), not auditor-verified"
"2852 CITIZENS PL A, Columbus, OH, 43232",2852,CITIZENS PL,A,Columbus,OH,43232,"census-confirmed apartment unit; residential inferred (unit), not auditor-verified"
"2786 CITIZENS PL B, Columbus, OH, 43232",2786,CITIZENS PL,B,Columbus,OH,43232,"census-confirmed apartment unit; residential inferred (unit), not auditor-verified"
"4601 REFUGEE RD 1G, Columbus, OH, 43232",4601,REFUGEE RD,1G,Columbus,OH,43232,"census-confirmed apartment unit; residential inferred (unit), not auditor-verified"
"4582 ISINGTON CT 204, Columbus, OH, 43232",4582,ISINGTON CT,204,Columbus,OH,43232,"census-confirmed apartment unit; residential inferred (unit), not auditor-verified"
"2760 TENNYSON BLVD B, Columbus, OH, 43232",2760,TENNYSON BLVD,B,Columbus,OH,43232,"census-confirmed apartment unit; residential inferred (unit), not auditor-verified"
"5467 LONSDALE PL N UNIT A, Columbus, OH, 43232",5467,LONSDALE PL N,UNIT A,Columbus,OH,43232,"census-confirmed apartment unit; residential inferred (unit), not auditor-verified"
"5693 HIBERNIA DR B, Columbus, OH, 43232",5693,HIBERNIA DR,B,Columbus,OH,43232,"census-confirmed apartment unit; residential inferred (unit), not auditor-verified"
"4617 REFUGEE RD 3G, Columbus, OH, 43232",4617,REFUGEE RD,3G,Columbus,OH,43232,"census-confirmed apartment unit; residential inferred (unit), not auditor-verified"
"4617 REFUGEE RD 3C, Columbus, OH, 43232",4617,REFUGEE RD,3C,Columbus,OH,43232,"census-confirmed apartment unit; residential inferred (unit), not auditor-verified"
"4619 REFUGEE RD 3J, Columbus, OH, 43232",4619,REFUGEE RD,3J,Columbus,OH,43232,"census-confirmed apartment unit; residential inferred (unit), not auditor-verified"
"4619 REFUGEE RD 1G, Columbus, OH, 43232",4619,REFUGEE RD,1G,Columbus,OH,43232,"census-confirmed apartment unit; residential inferred (unit), not auditor-verified"
"4628 CHANNING TER C, Columbus, OH, 43232",4628,CHANNING TER,C,Columbus,OH,43232,"census-confirmed apartment unit; residential inferred (unit), not auditor-verified"
"4639 COLERIDGE CT A, Columbus, OH, 43232",4639,COLERIDGE CT,A,Columbus,OH,43232,"census-confirmed apartment unit; residential inferred (unit), not auditor-verified"
"2510 KIMBERLY PKWY E UNIT 302, Columbus, OH, 43232",2510,KIMBERLY PKWY E,UNIT 302,Columbus,OH,43232,"census-confirmed apartment unit; residential inferred (unit), not auditor-verified"
"2510 KIMBERLY PKWY E UNIT 103, Columbus, OH, 43232",2510,KIMBERLY PKWY E,UNIT 103,Columbus,OH,43232,"census-confirmed apartment unit; residential inferred (unit), not auditor-verified"
"5516 DUNFIELD LN 2, Columbus, OH, 43232",5516,DUNFIELD LN,2,Columbus,OH,43232,"census-confirmed apartment unit; residential inferred (unit), not auditor-verified"
"4650 HILTON CORPORATE DR 214, Columbus, OH, 43232",4650,HILTON CORPORATE DR,214,Columbus,OH,43232,"census-confirmed apartment unit; residential inferred (unit), not auditor-verified"
"5543 HIBERNIA DR A, Columbus, OH, 43232",5543,HIBERNIA DR,A,Columbus,OH,43232,"census-confirmed apartment unit; residential inferred (unit), not auditor-verified"
"5415 YORKSHIRE TERRACE DR 8A, Columbus, OH, 43232",5415,YORKSHIRE TERRACE DR,8A,Columbus,OH,43232,"census-confirmed apartment unit; residential inferred (unit), not auditor-verified"
"5624 HIBERNIA DR A, Columbus, OH, 43232",5624,HIBERNIA DR,A,Columbus,OH,43232,"census-confirmed apartment unit; residential inferred (unit), not auditor-verified"
"5784 HIBERNIA DR A, Columbus, OH, 43232",5784,HIBERNIA DR,A,Columbus,OH,43232,"census-confirmed apartment unit; residential inferred (unit), not auditor-verified"
"5467 E LIVINGSTON AVE UNIT B, Columbus, OH, 43232",5467,E LIVINGSTON AVE,UNIT B,Columbus,OH,43232,"census-confirmed apartment unit; residential inferred (unit), not auditor-verified"
"5489 E LIVINGSTON AVE UNIT C, Columbus, OH, 43232",5489,E LIVINGSTON AVE,UNIT C,Columbus,OH,43232,"census-confirmed apartment unit; residential inferred (unit), not auditor-verified"
"2827 WYMAN CT A, Columbus, OH, 43232",2827,WYMAN CT,A,Columbus,OH,43232,"census-confirmed apartment unit; residential inferred (unit), not auditor-verified"
"1285 YORKLAND RD UNIT E, Columbus, OH, 43232",1285,YORKLAND RD,UNIT E,Columbus,OH,43232,"census-confirmed apartment unit; residential inferred (unit), not auditor-verified"
"2745 TENNYSON BLVD D, Columbus, OH, 43232",2745,TENNYSON BLVD,D,Columbus,OH,43232,"census-confirmed apartment unit; residential inferred (unit), not auditor-verified"
"4530 LAKE SIDE N K, Columbus, OH, 43232",4530,LAKE SIDE N,K,Columbus,OH,43232,"census-confirmed apartment unit; residential inferred (unit), not auditor-verified"
"4570 LAKE SIDE N L, Columbus, OH, 43232",4570,LAKE SIDE N,L,Columbus,OH,43232,"census-confirmed apartment unit; residential inferred (unit), not auditor-verified"
"1289 YORKLAND RD UNIT N, Columbus, OH, 43232",1289,YORKLAND RD,UNIT N,Columbus,OH,43232,"census-confirmed apartment unit; residential inferred (unit), not auditor-verified"
"4655 REFUGEE RD 3A, Columbus, OH, 43232",4655,REFUGEE RD,3A,Columbus,OH,43232,"census-confirmed apartment unit; residential inferred (unit), not auditor-verified"
"4663 REFUGEE RD 2B, Columbus, OH, 43232",4663,REFUGEE RD,2B,Columbus,OH,43232,"census-confirmed apartment unit; residential inferred (unit), not auditor-verified"
"4652 CHANNING TER C, Columbus, OH, 43232",4652,CHANNING TER,C,Columbus,OH,43232,"census-confirmed apartment unit; residential inferred (unit), not auditor-verified"
"5983 LAKE CLUB SQ F, Columbus, OH, 43232",5983,LAKE CLUB SQ,F,Columbus,OH,43232,"census-confirmed apartment unit; residential inferred (unit), not auditor-verified"
"6003 LAKE CLUB CT B, Columbus, OH, 43232",6003,LAKE CLUB CT,B,Columbus,OH,43232,"census-confirmed apartment unit; residential inferred (unit), not auditor-verified"
"3180 ELIM MANOR CT 115, Columbus, OH, 43232",3180,ELIM MANOR CT,115,Columbus,OH,43232,"census-confirmed apartment unit; residential inferred (unit), not auditor-verified"
"5050 COVENTRY CT N B, Columbus, OH, 43232",5050,COVENTRY CT N,B,Columbus,OH,43232,"census-confirmed apartment unit; residential inferred (unit), not auditor-verified"
"5083 CEDAR DR F, Columbus, OH, 43232",5083,CEDAR DR,F,Columbus,OH,43232,"census-confirmed apartment unit; residential inferred (unit), not auditor-verified"
"3473 COURTRIGHT LN C, Columbus, OH, 43232",3473,COURTRIGHT LN,C,Columbus,OH,43232,"census-confirmed apartment unit; residential inferred (unit), not auditor-verified"
"5525 CANTARA PL 3, Columbus, OH, 43232",5525,CANTARA PL,3,Columbus,OH,43232,"census-confirmed apartment unit; residential inferred (unit), not auditor-verified"
"5838 HALLRIDGE CIR B, Columbus, OH, 43232",5838,HALLRIDGE CIR,B,Columbus,OH,43232,"census-confirmed apartment unit; residential inferred (unit), not auditor-verified"
"2796 CITIZENS PL B, Columbus, OH, 43232",2796,CITIZENS PL,B,Columbus,OH,43232,"census-confirmed apartment unit; residential inferred (unit), not auditor-verified"
"2246 S HAMILTON RD 107, Columbus, OH, 43232",2246,S HAMILTON RD,107,Columbus,OH,43232,"census-confirmed apartment unit; residential inferred (unit), not auditor-verified"
"2844 CITIZENS PL D, Columbus, OH, 43232",2844,CITIZENS PL,D,Columbus,OH,43232,"census-confirmed apartment unit; residential inferred (unit), not auditor-verified"
"2834 WYMAN CT C, Columbus, OH, 43232",2834,WYMAN CT,C,Columbus,OH,43232,"census-confirmed apartment unit; residential inferred (unit), not auditor-verified"
"4564 ISINGTON CT 200, Columbus, OH, 43232",4564,ISINGTON CT,200,Columbus,OH,43232,"census-confirmed apartment unit; residential inferred (unit), not auditor-verified"
"4573 MONMOUTH CT 211, Columbus, OH, 43232",4573,MONMOUTH CT,211,Columbus,OH,43232,"census-confirmed apartment unit; residential inferred (unit), not auditor-verified"
"2740 TENNYSON BLVD C, Columbus, OH, 43232",2740,TENNYSON BLVD,C,Columbus,OH,43232,"census-confirmed apartment unit; residential inferred (unit), not auditor-verified"
"4551 LAKE SIDE S D, Columbus, OH, 43232",4551,LAKE SIDE S,D,Columbus,OH,43232,"census-confirmed apartment unit; residential inferred (unit), not auditor-verified"
"1289 YORKLAND RD UNIT A, Columbus, OH, 43232",1289,YORKLAND RD,UNIT A,Columbus,OH,43232,"census-confirmed apartment unit; residential inferred (unit), not auditor-verified"
"4621 REFUGEE RD 2D, Columbus, OH, 43232",4621,REFUGEE RD,2D,Columbus,OH,43232,"census-confirmed apartment unit; residential inferred (unit), not auditor-verified"
"2881 TENNYSON BLVD 204, Columbus, OH, 43232",2881,TENNYSON BLVD,204,Columbus,OH,43232,"census-confirmed apartment unit; residential inferred (unit), not auditor-verified"
"4585 LAKE SIDE S K, Columbus, OH, 43232",4585,LAKE SIDE S,K,Columbus,OH,43232,"census-confirmed apartment unit; residential inferred (unit), not auditor-verified"
"4663 REFUGEE RD 3B, Columbus, OH, 43232",4663,REFUGEE RD,3B,Columbus,OH,43232,"census-confirmed apartment unit; residential inferred (unit), not auditor-verified"
"4663 REFUGEE RD 3D, Columbus, OH, 43232",4663,REFUGEE RD,3D,Columbus,OH,43232,"census-confirmed apartment unit; residential inferred (unit), not auditor-verified"
"4688 FENIMORE CT B, Columbus, OH, 43232",4688,FENIMORE CT,B,Columbus,OH,43232,"census-confirmed apartment unit; residential inferred (unit), not auditor-verified"
"4630 HILTON CORPORATE DR 108, Columbus, OH, 43232",4630,HILTON CORPORATE DR,108,Columbus,OH,43232,"census-confirmed apartment unit; residential inferred (unit), not auditor-verified"
"4800 LARAINE CT 203, Columbus, OH, 43232",4800,LARAINE CT,203,Columbus,OH,43232,"census-confirmed apartment unit; residential inferred (unit), not auditor-verified"
"3180 ELIM MANOR CT 205, Columbus, OH, 43232",3180,ELIM MANOR CT,205,Columbus,OH,43232,"census-confirmed apartment unit; residential inferred (unit), not auditor-verified"
"5081 CEDAR DR A, Columbus, OH, 43232",5081,CEDAR DR,A,Columbus,OH,43232,"census-confirmed apartment unit; residential inferred (unit), not auditor-verified"
"5119 CEDAR DR F, Columbus, OH, 43232",5119,CEDAR DR,F,Columbus,OH,43232,"census-confirmed apartment unit; residential inferred (unit), not auditor-verified"
"5202 CEDAR DR F, Columbus, OH, 43232",5202,CEDAR DR,F,Columbus,OH,43232,"census-confirmed apartment unit; residential inferred (unit), not auditor-verified"
"5551 HIBERNIA DR A, Columbus, OH, 43232",5551,HIBERNIA DR,A,Columbus,OH,43232,"census-confirmed apartment unit; residential inferred (unit), not auditor-verified"
"5637 HIBERNIA DR C, Columbus, OH, 43232",5637,HIBERNIA DR,C,Columbus,OH,43232,"census-confirmed apartment unit; residential inferred (unit), not auditor-verified"
"5393 YORKSHIRE TERRACE DR 5B, Columbus, OH, 43232",5393,YORKSHIRE TERRACE DR,5B,Columbus,OH,43232,"census-confirmed apartment unit; residential inferred (unit), not auditor-verified"
"5521 CANTARA PL 2, Columbus, OH, 43232",5521,CANTARA PL,2,Columbus,OH,43232,"census-confirmed apartment unit; residential inferred (unit), not auditor-verified"
"2825 CITIZENS PL H, Columbus, OH, 43232",2825,CITIZENS PL,H,Columbus,OH,43232,"census-confirmed apartment unit; residential inferred (unit), not auditor-verified"
"2810 CITIZENS PL E, Columbus, OH, 43232",2810,CITIZENS PL,E,Columbus,OH,43232,"census-confirmed apartment unit; residential inferred (unit), not auditor-verified"
"2810 CITIZENS PL D, Columbus, OH, 43232",2810,CITIZENS PL,D,Columbus,OH,43232,"census-confirmed apartment unit; residential inferred (unit), not auditor-verified"
"2802 CITIZENS PL H, Columbus, OH, 43232",2802,CITIZENS PL,H,Columbus,OH,43232,"census-confirmed apartment unit; residential inferred (unit), not auditor-verified"
"2774 CITIZENS PL A, Columbus, OH, 43232",2774,CITIZENS PL,A,Columbus,OH,43232,"census-confirmed apartment unit; residential inferred (unit), not auditor-verified"
"5675 BAIRSFORD CIR N 18, Columbus, OH, 43232",5675,BAIRSFORD CIR N,18,Columbus,OH,43232,"census-confirmed apartment unit; residential inferred (unit), not auditor-verified"
"4524 LAKE SIDE S C, Columbus, OH, 43232",4524,LAKE SIDE S,C,Columbus,OH,43232,"census-confirmed apartment unit; residential inferred (unit), not auditor-verified"
"4617 REFUGEE RD 1H, Columbus, OH, 43232",4617,REFUGEE RD,1H,Columbus,OH,43232,"census-confirmed apartment unit; residential inferred (unit), not auditor-verified"
"4611 REFUGEE RD 1G, Columbus, OH, 43232",4611,REFUGEE RD,1G,Columbus,OH,43232,"census-confirmed apartment unit; residential inferred (unit), not auditor-verified"
"2881 TENNYSON BLVD 110, Columbus, OH, 43232",2881,TENNYSON BLVD,110,Columbus,OH,43232,"census-confirmed apartment unit; residential inferred (unit), not auditor-verified"
"4617 HEBRIDES DR A, Columbus, OH, 43232",4617,HEBRIDES DR,A,Columbus,OH,43232,"census-confirmed apartment unit; residential inferred (unit), not auditor-verified"
"1315 YORKLAND RD UNIT, Columbus, OH, 43232",1315,YORKLAND RD,UNIT,Columbus,OH,43232,"census-confirmed apartment unit; residential inferred (unit), not auditor-verified"
"5880 YORKLAND CT UNIT L, Columbus, OH, 43232",5880,YORKLAND CT,UNIT L,Columbus,OH,43232,"census-confirmed apartment unit; residential inferred (unit), not auditor-verified"
"5878 YORKLAND CT UNIT K, Columbus, OH, 43232",5878,YORKLAND CT,UNIT K,Columbus,OH,43232,"census-confirmed apartment unit; residential inferred (unit), not auditor-verified"
"4640 HEBRIDES DR B, Columbus, OH, 43232",4640,HEBRIDES DR,B,Columbus,OH,43232,"census-confirmed apartment unit; residential inferred (unit), not auditor-verified"
"4669 REFUGEE RD 3I, Columbus, OH, 43232",4669,REFUGEE RD,3I,Columbus,OH,43232,"census-confirmed apartment unit; residential inferred (unit), not auditor-verified"
"4782 REFUGEE RD C, Columbus, OH, 43232",4782,REFUGEE RD,C,Columbus,OH,43232,"census-confirmed apartment unit; residential inferred (unit), not auditor-verified"
"2738 BRANDY DR 102, Columbus, OH, 43232",2738,BRANDY DR,102,Columbus,OH,43232,"census-confirmed apartment unit; residential inferred (unit), not auditor-verified"
"5083 CEDAR DR B, Columbus, OH, 43232",5083,CEDAR DR,B,Columbus,OH,43232,"census-confirmed apartment unit; residential inferred (unit), not auditor-verified"
"5202 CEDAR DR K, Columbus, OH, 43232",5202,CEDAR DR,K,Columbus,OH,43232,"census-confirmed apartment unit; residential inferred (unit), not auditor-verified"
"5781 HALLRIDGE CIR CN C, Columbus, OH, 43232",5781,HALLRIDGE CIR,CN C,Columbus,OH,43232,"census-confirmed apartment unit; residential inferred (unit), not auditor-verified"
"5781 HALLRIDGE CIR CN B, Columbus, OH, 43232",5781,HALLRIDGE CIR,CN B,Columbus,OH,43232,"census-confirmed apartment unit; residential inferred (unit), not auditor-verified"
"2776 CITIZENS PL H, Columbus, OH, 43232",2776,CITIZENS PL,H,Columbus,OH,43232,"census-confirmed apartment unit; residential inferred (unit), not auditor-verified"
"4515 LAKE SIDE N G, Columbus, OH, 43232",4515,LAKE SIDE N,G,Columbus,OH,43232,"census-confirmed apartment unit; residential inferred (unit), not auditor-verified"
"4609 REFUGEE RD 1I, Columbus, OH, 43232",4609,REFUGEE RD,1I,Columbus,OH,43232,"census-confirmed apartment unit; residential inferred (unit), not auditor-verified"
"5857 YORKLAND CT UNIT, Columbus, OH, 43232",5857,YORKLAND CT,UNIT,Columbus,OH,43232,"census-confirmed apartment unit; residential inferred (unit), not auditor-verified"
"2881 TENNYSON BLVD 207, Columbus, OH, 43232",2881,TENNYSON BLVD,207,Columbus,OH,43232,"census-confirmed apartment unit; residential inferred (unit), not auditor-verified"
"2471 SHORE BLVD E B, Columbus, OH, 43232",2471,SHORE BLVD E,B,Columbus,OH,43232,"census-confirmed apartment unit; residential inferred (unit), not auditor-verified"
"2381 SHORE BLVD E B, Columbus, OH, 43232",2381,SHORE BLVD E,B,Columbus,OH,43232,"census-confirmed apartment unit; residential inferred (unit), not auditor-verified"
"4655 REFUGEE RD 1A, Columbus, OH, 43232",4655,REFUGEE RD,1A,Columbus,OH,43232,"census-confirmed apartment unit; residential inferred (unit), not auditor-verified"
"4669 REFUGEE RD 2F, Columbus, OH, 43232",4669,REFUGEE RD,2F,Columbus,OH,43232,"census-confirmed apartment unit; residential inferred (unit), not auditor-verified"
"1281 MCNAUGHTEN RD UNIT D, Columbus, OH, 43232",1281,MCNAUGHTEN RD,UNIT D,Columbus,OH,43232,"census-confirmed apartment unit; residential inferred (unit), not auditor-verified"
"4650 HILTON CORPORATE DR 106, Columbus, OH, 43232",4650,HILTON CORPORATE DR,106,Columbus,OH,43232,"census-confirmed apartment unit; residential inferred (unit), not auditor-verified"
"2091 LAKE CLUB TER C, Columbus, OH, 43232",2091,LAKE CLUB TER,C,Columbus,OH,43232,"census-confirmed apartment unit; residential inferred (unit), not auditor-verified"
"1898 COVENTRY CT C, Columbus, OH, 43232",1898,COVENTRY CT,C,Columbus,OH,43232,"census-confirmed apartment unit; residential inferred (unit), not auditor-verified"
"5083 CEDAR DR J, Columbus, OH, 43232",5083,CEDAR DR,J,Columbus,OH,43232,"census-confirmed apartment unit; residential inferred (unit), not auditor-verified"
"2205 COURTSIDE DR B, Columbus, OH, 43232",2205,COURTSIDE DR,B,Columbus,OH,43232,"census-confirmed apartment unit; residential inferred (unit), not auditor-verified"
"5345 YORKSHIRE TERRACE DR A, Columbus, OH, 43232",5345,YORKSHIRE TERRACE DR,A,Columbus,OH,43232,"census-confirmed apartment unit; residential inferred (unit), not auditor-verified"
"5579 HIBERNIA DR C, Columbus, OH, 43232",5579,HIBERNIA DR,C,Columbus,OH,43232,"census-confirmed apartment unit; residential inferred (unit), not auditor-verified"
"5393 YORKSHIRE TERRACE DR 2B, Columbus, OH, 43232",5393,YORKSHIRE TERRACE DR,2B,Columbus,OH,43232,"census-confirmed apartment unit; residential inferred (unit), not auditor-verified"
"5410 YORKSHIRE TERRACE DR B, Columbus, OH, 43232",5410,YORKSHIRE TERRACE DR,B,Columbus,OH,43232,"census-confirmed apartment unit; residential inferred (unit), not auditor-verified"
"5440 LONSDALE PL N UNIT D, Columbus, OH, 43232",5440,LONSDALE PL N,UNIT D,Columbus,OH,43232,"census-confirmed apartment unit; residential inferred (unit), not auditor-verified"
"5515 CANTARA PL 4, Columbus, OH, 43232",5515,CANTARA PL,4,Columbus,OH,43232,"census-confirmed apartment unit; residential inferred (unit), not auditor-verified"
"5675 BAIRSFORD CIR N 16, Columbus, OH, 43232",5675,BAIRSFORD CIR N,16,Columbus,OH,43232,"census-confirmed apartment unit; residential inferred (unit), not auditor-verified"
"6000 LAKE CLUB CT I, Columbus, OH, 43232",6000,LAKE CLUB CT,I,Columbus,OH,43232,"census-confirmed apartment unit; residential inferred (unit), not auditor-verified"
"5381 YORKSHIRE TERRACE DR 5B, Columbus, OH, 43232",5381,YORKSHIRE TERRACE DR,5B,Columbus,OH,43232,"census-confirmed apartment unit; residential inferred (unit), not auditor-verified"
"5393 YORKSHIRE TERRACE DR 1A, Columbus, OH, 43232",5393,YORKSHIRE TERRACE DR,1A,Columbus,OH,43232,"census-confirmed apartment unit; residential inferred (unit), not auditor-verified"
"5415 YORKSHIRE TERRACE DR 3A, Columbus, OH, 43232",5415,YORKSHIRE TERRACE DR,3A,Columbus,OH,43232,"census-confirmed apartment unit; residential inferred (unit), not auditor-verified"
"5624 HIBERNIA DR B, Columbus, OH, 43232",5624,HIBERNIA DR,B,Columbus,OH,43232,"census-confirmed apartment unit; residential inferred (unit), not auditor-verified"
"5427 LONSDALE PL S UNIT C, Columbus, OH, 43232",5427,LONSDALE PL S,UNIT C,Columbus,OH,43232,"census-confirmed apartment unit; residential inferred (unit), not auditor-verified"
"5440 LONSDALE PL N UNIT B, Columbus, OH, 43232",5440,LONSDALE PL N,UNIT B,Columbus,OH,43232,"census-confirmed apartment unit; residential inferred (unit), not auditor-verified"
"5496 DUNFIELD LN 1, Columbus, OH, 43232",5496,DUNFIELD LN,1,Columbus,OH,43232,"census-confirmed apartment unit; residential inferred (unit), not auditor-verified"
"5689 HIBERNIA DR A, Columbus, OH, 43232",5689,HIBERNIA DR,A,Columbus,OH,43232,"census-confirmed apartment unit; residential inferred (unit), not auditor-verified"
"5454 LONSDALE PL N UNIT C, Columbus, OH, 43232",5454,LONSDALE PL N,UNIT C,Columbus,OH,43232,"census-confirmed apartment unit; residential inferred (unit), not auditor-verified"
"2826 CITIZENS PL B, Columbus, OH, 43232",2826,CITIZENS PL,B,Columbus,OH,43232,"census-confirmed apartment unit; residential inferred (unit), not auditor-verified"
"2510 KIMBERLY PKWY E UNIT 310, Columbus, OH, 43232",2510,KIMBERLY PKWY E,UNIT 310,Columbus,OH,43232,"census-confirmed apartment unit; residential inferred (unit), not auditor-verified"
"2510 KIMBERLY PKWY E UNIT 202, Columbus, OH, 43232",2510,KIMBERLY PKWY E,UNIT 202,Columbus,OH,43232,"census-confirmed apartment unit; residential inferred (unit), not auditor-verified"
"2440 SHORE BLVD W D, Columbus, OH, 43232",2440,SHORE BLVD W,D,Columbus,OH,43232,"census-confirmed apartment unit; residential inferred (unit), not auditor-verified"
"4558 MANDEVILLE CT C, Columbus, OH, 43232",4558,MANDEVILLE CT,C,Columbus,OH,43232,"census-confirmed apartment unit; residential inferred (unit), not auditor-verified"
"4570 ISINGTON CT 209, Columbus, OH, 43232",4570,ISINGTON CT,209,Columbus,OH,43232,"census-confirmed apartment unit; residential inferred (unit), not auditor-verified"
"2798 MARWOOD CT B, Columbus, OH, 43232",2798,MARWOOD CT,B,Columbus,OH,43232,"census-confirmed apartment unit; residential inferred (unit), not auditor-verified"
"4615 REFUGEE RD 3C, Columbus, OH, 43232",4615,REFUGEE RD,3C,Columbus,OH,43232,"census-confirmed apartment unit; residential inferred (unit), not auditor-verified"
"4595 REFUGEE RD 2A, Columbus, OH, 43232",4595,REFUGEE RD,2A,Columbus,OH,43232,"census-confirmed apartment unit; residential inferred (unit), not auditor-verified"
"4619 REFUGEE RD 2J, Columbus, OH, 43232",4619,REFUGEE RD,2J,Columbus,OH,43232,"census-confirmed apartment unit; residential inferred (unit), not auditor-verified"
"5685 BAIRSFORD CIR N 7, Columbus, OH, 43232",5685,BAIRSFORD CIR N,7,Columbus,OH,43232,"census-confirmed apartment unit; residential inferred (unit), not auditor-verified"
"2824 CITIZENS PL F, Columbus, OH, 43232",2824,CITIZENS PL,F,Columbus,OH,43232,"census-confirmed apartment unit; residential inferred (unit), not auditor-verified"
"2776 CITIZENS PL B, Columbus, OH, 43232",2776,CITIZENS PL,B,Columbus,OH,43232,"census-confirmed apartment unit; residential inferred (unit), not auditor-verified"
"4501 LAKE SIDE S A, Columbus, OH, 43232",4501,LAKE SIDE S,A,Columbus,OH,43232,"census-confirmed apartment unit; residential inferred (unit), not auditor-verified"
"2470 SHORE BLVD W L, Columbus, OH, 43232",2470,SHORE BLVD W,L,Columbus,OH,43232,"census-confirmed apartment unit; residential inferred (unit), not auditor-verified"
"4505 LAKE SIDE N H, Columbus, OH, 43232",4505,LAKE SIDE N,H,Columbus,OH,43232,"census-confirmed apartment unit; residential inferred (unit), not auditor-verified"
"2881 TENNYSON BLVD 201, Columbus, OH, 43232",2881,TENNYSON BLVD,201,Columbus,OH,43232,"census-confirmed apartment unit; residential inferred (unit), not auditor-verified"
"2813 TENNYSON BLVD 207, Columbus, OH, 43232",2813,TENNYSON BLVD,207,Columbus,OH,43232,"census-confirmed apartment unit; residential inferred (unit), not auditor-verified"
"2813 TENNYSON BLVD 208, Columbus, OH, 43232",2813,TENNYSON BLVD,208,Columbus,OH,43232,"census-confirmed apartment unit; residential inferred (unit), not auditor-verified"
"4619 HEBRIDES DR C, Columbus, OH, 43232",4619,HEBRIDES DR,C,Columbus,OH,43232,"census-confirmed apartment unit; residential inferred (unit), not auditor-verified"
"2824 TENNYSON BLVD B, Columbus, OH, 43232",2824,TENNYSON BLVD,B,Columbus,OH,43232,"census-confirmed apartment unit; residential inferred (unit), not auditor-verified"
"4665 REFUGEE RD 3J, Columbus, OH, 43232",4665,REFUGEE RD,3J,Columbus,OH,43232,"census-confirmed apartment unit; residential inferred (unit), not auditor-verified"
"4650 HILTON CORPORATE DR 201, Columbus, OH, 43232",4650,HILTON CORPORATE DR,201,Columbus,OH,43232,"census-confirmed apartment unit; residential inferred (unit), not auditor-verified"
"4613 REFUGEE RD 2B, Columbus, OH, 43232",4613,REFUGEE RD,2B,Columbus,OH,43232,"census-confirmed apartment unit; residential inferred (unit), not auditor-verified"
"4628 CHANNING TER D, Columbus, OH, 43232",4628,CHANNING TER,D,Columbus,OH,43232,"census-confirmed apartment unit; residential inferred (unit), not auditor-verified"
"4626 CHANNING TER A, Columbus, OH, 43232",4626,CHANNING TER,A,Columbus,OH,43232,"census-confirmed apartment unit; residential inferred (unit), not auditor-verified"
"4628 HEBRIDES DR B, Columbus, OH, 43232",4628,HEBRIDES DR,B,Columbus,OH,43232,"census-confirmed apartment unit; residential inferred (unit), not auditor-verified"
"4682 FENIMORE CT D, Columbus, OH, 43232",4682,FENIMORE CT,D,Columbus,OH,43232,"census-confirmed apartment unit; residential inferred (unit), not auditor-verified"
"2898 MERRYMOUNT CT A, Columbus, OH, 43232",2898,MERRYMOUNT CT,A,Columbus,OH,43232,"census-confirmed apartment unit; residential inferred (unit), not auditor-verified"
"4545 LAKE SIDE S E, Columbus, OH, 43232",4545,LAKE SIDE S,E,Columbus,OH,43232,"census-confirmed apartment unit; residential inferred (unit), not auditor-verified"
"4603 REFUGEE RD 3B, Columbus, OH, 43232",4603,REFUGEE RD,3B,Columbus,OH,43232,"census-confirmed apartment unit; residential inferred (unit), not auditor-verified"
"4615 REFUGEE RD 1A, Columbus, OH, 43232",4615,REFUGEE RD,1A,Columbus,OH,43232,"census-confirmed apartment unit; residential inferred (unit), not auditor-verified"
"4593 REFUGEE RD 3H, Columbus, OH, 43232",4593,REFUGEE RD,3H,Columbus,OH,43232,"census-confirmed apartment unit; residential inferred (unit), not auditor-verified"
"4592 CHANNING TER A, Columbus, OH, 43232",4592,CHANNING TER,A,Columbus,OH,43232,"census-confirmed apartment unit; residential inferred (unit), not auditor-verified"
"4611 WORDSWORTH CT B, Columbus, OH, 43232",4611,WORDSWORTH CT,B,Columbus,OH,43232,"census-confirmed apartment unit; residential inferred (unit), not auditor-verified"
"1285 YORKLAND RD UNIT G, Columbus, OH, 43232",1285,YORKLAND RD,UNIT G,Columbus,OH,43232,"census-confirmed apartment unit; residential inferred (unit), not auditor-verified"
"3180 ELIM MANOR CT 216, Columbus, OH, 43232",3180,ELIM MANOR CT,216,Columbus,OH,43232,"census-confirmed apartment unit; residential inferred (unit), not auditor-verified"
"5081 CEDAR DR E, Columbus, OH, 43232",5081,CEDAR DR,E,Columbus,OH,43232,"census-confirmed apartment unit; residential inferred (unit), not auditor-verified"
"5095 CEDAR DR D, Columbus, OH, 43232",5095,CEDAR DR,D,Columbus,OH,43232,"census-confirmed apartment unit; residential inferred (unit), not auditor-verified"
"2213 COURTSIDE DR B, Columbus, OH, 43232",2213,COURTSIDE DR,B,Columbus,OH,43232,"census-confirmed apartment unit; residential inferred (unit), not auditor-verified"
"5415 YORKSHIRE TERRACE DR 6A, Columbus, OH, 43232",5415,YORKSHIRE TERRACE DR,6A,Columbus,OH,43232,"census-confirmed apartment unit; residential inferred (unit), not auditor-verified"
"5685 HIBERNIA DR A, Columbus, OH, 43232",5685,HIBERNIA DR,A,Columbus,OH,43232,"census-confirmed apartment unit; residential inferred (unit), not auditor-verified"
"5467 E LIVINGSTON AVE UNIT C, Columbus, OH, 43232",5467,E LIVINGSTON AVE,UNIT C,Columbus,OH,43232,"census-confirmed apartment unit; residential inferred (unit), not auditor-verified"
"5083 CEDAR DR D, Columbus, OH, 43232",5083,CEDAR DR,D,Columbus,OH,43232,"census-confirmed apartment unit; residential inferred (unit), not auditor-verified"
"2207 COURTSIDE DR I, Columbus, OH, 43232",2207,COURTSIDE DR,I,Columbus,OH,43232,"census-confirmed apartment unit; residential inferred (unit), not auditor-verified"
"5384 YORKSHIRE TERRACE DR A, Columbus, OH, 43232",5384,YORKSHIRE TERRACE DR,A,Columbus,OH,43232,"census-confirmed apartment unit; residential inferred (unit), not auditor-verified"
"5591 HIBERNIA DR B, Columbus, OH, 43232",5591,HIBERNIA DR,B,Columbus,OH,43232,"census-confirmed apartment unit; residential inferred (unit), not auditor-verified"
"5604 HIBERNIA DR C, Columbus, OH, 43232",5604,HIBERNIA DR,C,Columbus,OH,43232,"census-confirmed apartment unit; residential inferred (unit), not auditor-verified"
"5685 HIBERNIA DR C, Columbus, OH, 43232",5685,HIBERNIA DR,C,Columbus,OH,43232,"census-confirmed apartment unit; residential inferred (unit), not auditor-verified"
"4792 LARAINE CT 202, Columbus, OH, 43232",4792,LARAINE CT,202,Columbus,OH,43232,"census-confirmed apartment unit; residential inferred (unit), not auditor-verified"
"2510 KIMBERLY PKWY E UNIT 308, Columbus, OH, 43232",2510,KIMBERLY PKWY E,UNIT 308,Columbus,OH,43232,"census-confirmed apartment unit; residential inferred (unit), not auditor-verified"
"5521 CANTARA PL 3, Columbus, OH, 43232",5521,CANTARA PL,3,Columbus,OH,43232,"census-confirmed apartment unit; residential inferred (unit), not auditor-verified"
"5079 CEDAR DR M, Columbus, OH, 43232",5079,CEDAR DR,M,Columbus,OH,43232,"census-confirmed apartment unit; residential inferred (unit), not auditor-verified"
"5167 CEDAR DR B, Columbus, OH, 43232",5167,CEDAR DR,B,Columbus,OH,43232,"census-confirmed apartment unit; residential inferred (unit), not auditor-verified"
"5200 CEDAR DR L, Columbus, OH, 43232",5200,CEDAR DR,L,Columbus,OH,43232,"census-confirmed apartment unit; residential inferred (unit), not auditor-verified"
"4586 ISINGTON CT 200, Columbus, OH, 43232",4586,ISINGTON CT,200,Columbus,OH,43232,"census-confirmed apartment unit; residential inferred (unit), not auditor-verified"
"2907 TENNYSON BLVD C, Columbus, OH, 43232",2907,TENNYSON BLVD,C,Columbus,OH,43232,"census-confirmed apartment unit; residential inferred (unit), not auditor-verified"
"2814 TENNYSON BLVD B, Columbus, OH, 43232",2814,TENNYSON BLVD,B,Columbus,OH,43232,"census-confirmed apartment unit; residential inferred (unit), not auditor-verified"
"4619 REFUGEE RD 2I, Columbus, OH, 43232",4619,REFUGEE RD,2I,Columbus,OH,43232,"census-confirmed apartment unit; residential inferred (unit), not auditor-verified"
"5427 YORKSHIRE TERRACE DR 3B, Columbus, OH, 43232",5427,YORKSHIRE TERRACE DR,3B,Columbus,OH,43232,"census-confirmed apartment unit; residential inferred (unit), not auditor-verified"
"5770 HIBERNIA DR B, Columbus, OH, 43232",5770,HIBERNIA DR,B,Columbus,OH,43232,"census-confirmed apartment unit; residential inferred (unit), not auditor-verified"
"5770 HIBERNIA DR A, Columbus, OH, 43232",5770,HIBERNIA DR,A,Columbus,OH,43232,"census-confirmed apartment unit; residential inferred (unit), not auditor-verified"
"4774 LARAINE CT 104, Columbus, OH, 43232",4774,LARAINE CT,104,Columbus,OH,43232,"census-confirmed apartment unit; residential inferred (unit), not auditor-verified"
"5481 E LIVINGSTON AVE UNIT C, Columbus, OH, 43232",5481,E LIVINGSTON AVE,UNIT C,Columbus,OH,43232,"census-confirmed apartment unit; residential inferred (unit), not auditor-verified"
"5502 DUNFIELD LN 2, Columbus, OH, 43232",5502,DUNFIELD LN,2,Columbus,OH,43232,"census-confirmed apartment unit; residential inferred (unit), not auditor-verified"
"5515 CANTARA PL 3, Columbus, OH, 43232",5515,CANTARA PL,3,Columbus,OH,43232,"census-confirmed apartment unit; residential inferred (unit), not auditor-verified"
"5707 HIBERNIA DR A, Columbus, OH, 43232",5707,HIBERNIA DR,A,Columbus,OH,43232,"census-confirmed apartment unit; residential inferred (unit), not auditor-verified"
"2510 KIMBERLY PKWY E 103, Columbus, OH, 43232",2510,KIMBERLY PKWY E,103,Columbus,OH,43232,"census-confirmed apartment unit; residential inferred (unit), not auditor-verified"
"2865 CITIZENS PL B, Columbus, OH, 43232",2865,CITIZENS PL,B,Columbus,OH,43232,"census-confirmed apartment unit; residential inferred (unit), not auditor-verified"
"4550 LAKE SIDE N L, Columbus, OH, 43232",4550,LAKE SIDE N,L,Columbus,OH,43232,"census-confirmed apartment unit; residential inferred (unit), not auditor-verified"
"4570 MANDEVILLE CT B, Columbus, OH, 43232",4570,MANDEVILLE CT,B,Columbus,OH,43232,"census-confirmed apartment unit; residential inferred (unit), not auditor-verified"
"2800 MARWOOD CT A, Columbus, OH, 43232",2800,MARWOOD CT,A,Columbus,OH,43232,"census-confirmed apartment unit; residential inferred (unit), not auditor-verified"
"2449 SHORE BLVD E B, Columbus, OH, 43232",2449,SHORE BLVD E,B,Columbus,OH,43232,"census-confirmed apartment unit; residential inferred (unit), not auditor-verified"
"4592 CHANNING TER D, Columbus, OH, 43232",4592,CHANNING TER,D,Columbus,OH,43232,"census-confirmed apartment unit; residential inferred (unit), not auditor-verified"
"2881 TENNYSON BLVD 112, Columbus, OH, 43232",2881,TENNYSON BLVD,112,Columbus,OH,43232,"census-confirmed apartment unit; residential inferred (unit), not auditor-verified"
"4613 REFUGEE RD 3B, Columbus, OH, 43232",4613,REFUGEE RD,3B,Columbus,OH,43232,"census-confirmed apartment unit; residential inferred (unit), not auditor-verified"
"4663 REFUGEE RD 3A, Columbus, OH, 43232",4663,REFUGEE RD,3A,Columbus,OH,43232,"census-confirmed apartment unit; residential inferred (unit), not auditor-verified"
"4661 COLERIDGE CT B, Columbus, OH, 43232",4661,COLERIDGE CT,B,Columbus,OH,43232,"census-confirmed apartment unit; residential inferred (unit), not auditor-verified"
"4672 FENIMORE CT D, Columbus, OH, 43232",4672,FENIMORE CT,D,Columbus,OH,43232,"census-confirmed apartment unit; residential inferred (unit), not auditor-verified"
"4650 HILTON CORPORATE DR 212, Columbus, OH, 43232",4650,HILTON CORPORATE DR,212,Columbus,OH,43232,"census-confirmed apartment unit; residential inferred (unit), not auditor-verified"
"2720 BRANDY DR 201, Columbus, OH, 43232",2720,BRANDY DR,201,Columbus,OH,43232,"census-confirmed apartment unit; residential inferred (unit), not auditor-verified"
"3180 ELIM MANOR CT 215, Columbus, OH, 43232",3180,ELIM MANOR CT,215,Columbus,OH,43232,"census-confirmed apartment unit; residential inferred (unit), not auditor-verified"
"2233 COURTSIDE DR F, Columbus, OH, 43232",2233,COURTSIDE DR,F,Columbus,OH,43232,"census-confirmed apartment unit; residential inferred (unit), not auditor-verified"
"5595 HIBERNIA DR C, Columbus, OH, 43232",5595,HIBERNIA DR,C,Columbus,OH,43232,"census-confirmed apartment unit; residential inferred (unit), not auditor-verified"
"5632 HIBERNIA DR C, Columbus, OH, 43232",5632,HIBERNIA DR,C,Columbus,OH,43232,"census-confirmed apartment unit; residential inferred (unit), not auditor-verified"
"5580 HIBERNIA DR B, Columbus, OH, 43232",5580,HIBERNIA DR,B,Columbus,OH,43232,"census-confirmed apartment unit; residential inferred (unit), not auditor-verified"
"5145 CEDAR DR E, Columbus, OH, 43232",5145,CEDAR DR,E,Columbus,OH,43232,"census-confirmed apartment unit; residential inferred (unit), not auditor-verified"
"5381 YORKSHIRE TERRACE DR 4A, Columbus, OH, 43232",5381,YORKSHIRE TERRACE DR,4A,Columbus,OH,43232,"census-confirmed apartment unit; residential inferred (unit), not auditor-verified"
"5563 HIBERNIA DR C, Columbus, OH, 43232",5563,HIBERNIA DR,C,Columbus,OH,43232,"census-confirmed apartment unit; residential inferred (unit), not auditor-verified"
"5607 HIBERNIA DR C, Columbus, OH, 43232",5607,HIBERNIA DR,C,Columbus,OH,43232,"census-confirmed apartment unit; residential inferred (unit), not auditor-verified"
"5632 HIBERNIA DR B, Columbus, OH, 43232",5632,HIBERNIA DR,B,Columbus,OH,43232,"census-confirmed apartment unit; residential inferred (unit), not auditor-verified"
"5661 HIBERNIA DR C, Columbus, OH, 43232",5661,HIBERNIA DR,C,Columbus,OH,43232,"census-confirmed apartment unit; residential inferred (unit), not auditor-verified"
"5780 HIBERNIA DR C, Columbus, OH, 43232",5780,HIBERNIA DR,C,Columbus,OH,43232,"census-confirmed apartment unit; residential inferred (unit), not auditor-verified"
"5711 HIBERNIA DR B, Columbus, OH, 43232",5711,HIBERNIA DR,B,Columbus,OH,43232,"census-confirmed apartment unit; residential inferred (unit), not auditor-verified"
"5613 AUTUMN CHASE DR A, Columbus, OH, 43232",5613,AUTUMN CHASE DR,A,Columbus,OH,43232,"census-confirmed apartment unit; residential inferred (unit), not auditor-verified"
"2843 CITIZENS PL C, Columbus, OH, 43232",2843,CITIZENS PL,C,Columbus,OH,43232,"census-confirmed apartment unit; residential inferred (unit), not auditor-verified"
"2844 CITIZENS PL C, Columbus, OH, 43232",2844,CITIZENS PL,C,Columbus,OH,43232,"census-confirmed apartment unit; residential inferred (unit), not auditor-verified"
"2796 CITIZENS PL G, Columbus, OH, 43232",2796,CITIZENS PL,G,Columbus,OH,43232,"census-confirmed apartment unit; residential inferred (unit), not auditor-verified"
"2784 CITIZENS PL H, Columbus, OH, 43232",2784,CITIZENS PL,H,Columbus,OH,43232,"census-confirmed apartment unit; residential inferred (unit), not auditor-verified"
"2450 SHORE BLVD W J, Columbus, OH, 43232",2450,SHORE BLVD W,J,Columbus,OH,43232,"census-confirmed apartment unit; residential inferred (unit), not auditor-verified"
"5685 BAIRSFORD CIR N 20, Columbus, OH, 43232",5685,BAIRSFORD CIR N,20,Columbus,OH,43232,"census-confirmed apartment unit; residential inferred (unit), not auditor-verified"
"1325 YORKLAND RD UNIT, Columbus, OH, 43232",1325,YORKLAND RD,UNIT,Columbus,OH,43232,"census-confirmed apartment unit; residential inferred (unit), not auditor-verified"
"4552 MANDEVILLE CT A, Columbus, OH, 43232",4552,MANDEVILLE CT,A,Columbus,OH,43232,"census-confirmed apartment unit; residential inferred (unit), not auditor-verified"
"2870 WOOLWICH CT 112, Columbus, OH, 43232",2870,WOOLWICH CT,112,Columbus,OH,43232,"census-confirmed apartment unit; residential inferred (unit), not auditor-verified"
"4584 ISINGTON CT 210, Columbus, OH, 43232",4584,ISINGTON CT,210,Columbus,OH,43232,"census-confirmed apartment unit; residential inferred (unit), not auditor-verified"
"2794 TENNYSON BLVD D, Columbus, OH, 43232",2794,TENNYSON BLVD,D,Columbus,OH,43232,"census-confirmed apartment unit; residential inferred (unit), not auditor-verified"
"5880 YORKLAND CT UNIT J, Columbus, OH, 43232",5880,YORKLAND CT,UNIT J,Columbus,OH,43232,"census-confirmed apartment unit; residential inferred (unit), not auditor-verified"
"4655 REFUGEE RD 2E, Columbus, OH, 43232",4655,REFUGEE RD,2E,Columbus,OH,43232,"census-confirmed apartment unit; residential inferred (unit), not auditor-verified"
"4624 CHANNING TER A, Columbus, OH, 43232",4624,CHANNING TER,A,Columbus,OH,43232,"census-confirmed apartment unit; residential inferred (unit), not auditor-verified"
"4661 REFUGEE RD 1A, Columbus, OH, 43232",4661,REFUGEE RD,1A,Columbus,OH,43232,"census-confirmed apartment unit; residential inferred (unit), not auditor-verified"
"4688 FENIMORE CT C, Columbus, OH, 43232",4688,FENIMORE CT,C,Columbus,OH,43232,"census-confirmed apartment unit; residential inferred (unit), not auditor-verified"
"2891 MERRYMOUNT CT C, Columbus, OH, 43232",2891,MERRYMOUNT CT,C,Columbus,OH,43232,"census-confirmed apartment unit; residential inferred (unit), not auditor-verified"
"5044 COVENTRY DR C, Columbus, OH, 43232",5044,COVENTRY DR,C,Columbus,OH,43232,"census-confirmed apartment unit; residential inferred (unit), not auditor-verified"
"1862 COVENTRY LN C, Columbus, OH, 43232",1862,COVENTRY LN,C,Columbus,OH,43232,"census-confirmed apartment unit; residential inferred (unit), not auditor-verified"
"5083 CEDAR DR A, Columbus, OH, 43232",5083,CEDAR DR,A,Columbus,OH,43232,"census-confirmed apartment unit; residential inferred (unit), not auditor-verified"
"5099 CEDAR DR M, Columbus, OH, 43232",5099,CEDAR DR,M,Columbus,OH,43232,"census-confirmed apartment unit; residential inferred (unit), not auditor-verified"
"5097 CEDAR DR L, Columbus, OH, 43232",5097,CEDAR DR,L,Columbus,OH,43232,"census-confirmed apartment unit; residential inferred (unit), not auditor-verified"
"5145 CEDAR DR K, Columbus, OH, 43232",5145,CEDAR DR,K,Columbus,OH,43232,"census-confirmed apartment unit; residential inferred (unit), not auditor-verified"
"5440 LONSDALE PL S UNIT D, Columbus, OH, 43232",5440,LONSDALE PL S,UNIT D,Columbus,OH,43232,"census-confirmed apartment unit; residential inferred (unit), not auditor-verified"
"5522 DUNFIELD LN 2, Columbus, OH, 43232",5522,DUNFIELD LN,2,Columbus,OH,43232,"census-confirmed apartment unit; residential inferred (unit), not auditor-verified"
"2859 CITIZENS PL G, Columbus, OH, 43232",2859,CITIZENS PL,G,Columbus,OH,43232,"census-confirmed apartment unit; residential inferred (unit), not auditor-verified"
"2860 CITIZENS PL H, Columbus, OH, 43232",2860,CITIZENS PL,H,Columbus,OH,43232,"census-confirmed apartment unit; residential inferred (unit), not auditor-verified"
"2745 TENNYSON BLVD C, Columbus, OH, 43232",2745,TENNYSON BLVD,C,Columbus,OH,43232,"census-confirmed apartment unit; residential inferred (unit), not auditor-verified"
"4603 REFUGEE RD 1C, Columbus, OH, 43232",4603,REFUGEE RD,1C,Columbus,OH,43232,"census-confirmed apartment unit; residential inferred (unit), not auditor-verified"
"2927 TENNYSON BLVD C, Columbus, OH, 43232",2927,TENNYSON BLVD,C,Columbus,OH,43232,"census-confirmed apartment unit; residential inferred (unit), not auditor-verified"
"4585 ISINGTON CT 208, Columbus, OH, 43232",4585,ISINGTON CT,208,Columbus,OH,43232,"census-confirmed apartment unit; residential inferred (unit), not auditor-verified"
"2820 WYMAN CT C, Columbus, OH, 43232",2820,WYMAN CT,C,Columbus,OH,43232,"census-confirmed apartment unit; residential inferred (unit), not auditor-verified"
"4525 LAKE SIDE N E, Columbus, OH, 43232",4525,LAKE SIDE N,E,Columbus,OH,43232,"census-confirmed apartment unit; residential inferred (unit), not auditor-verified"
"2915 TENNYSON BLVD A, Columbus, OH, 43232",2915,TENNYSON BLVD,A,Columbus,OH,43232,"census-confirmed apartment unit; residential inferred (unit), not auditor-verified"
"4615 REFUGEE RD 1F, Columbus, OH, 43232",4615,REFUGEE RD,1F,Columbus,OH,43232,"census-confirmed apartment unit; residential inferred (unit), not auditor-verified"
"4619 REFUGEE RD 1F, Columbus, OH, 43232",4619,REFUGEE RD,1F,Columbus,OH,43232,"census-confirmed apartment unit; residential inferred (unit), not auditor-verified"
"4663 REFUGEE RD 1A, Columbus, OH, 43232",4663,REFUGEE RD,1A,Columbus,OH,43232,"census-confirmed apartment unit; residential inferred (unit), not auditor-verified"
"5141 CEDAR DR G, Columbus, OH, 43232",5141,CEDAR DR,G,Columbus,OH,43232,"census-confirmed apartment unit; residential inferred (unit), not auditor-verified"
"5547 HIBERNIA DR B, Columbus, OH, 43232",5547,HIBERNIA DR,B,Columbus,OH,43232,"census-confirmed apartment unit; residential inferred (unit), not auditor-verified"
"5535 HIBERNIA DR A, Columbus, OH, 43232",5535,HIBERNIA DR,A,Columbus,OH,43232,"census-confirmed apartment unit; residential inferred (unit), not auditor-verified"
"5401 LONSDALE PL S UNIT C, Columbus, OH, 43232",5401,LONSDALE PL S,UNIT C,Columbus,OH,43232,"census-confirmed apartment unit; residential inferred (unit), not auditor-verified"
"5608 HIBERNIA DR C, Columbus, OH, 43232",5608,HIBERNIA DR,C,Columbus,OH,43232,"census-confirmed apartment unit; residential inferred (unit), not auditor-verified"
"5600 HIBERNIA DR C, Columbus, OH, 43232",5600,HIBERNIA DR,C,Columbus,OH,43232,"census-confirmed apartment unit; residential inferred (unit), not auditor-verified"
"5653 HIBERNIA DR B, Columbus, OH, 43232",5653,HIBERNIA DR,B,Columbus,OH,43232,"census-confirmed apartment unit; residential inferred (unit), not auditor-verified"
"5502 DUNFIELD LN 3, Columbus, OH, 43232",5502,DUNFIELD LN,3,Columbus,OH,43232,"census-confirmed apartment unit; residential inferred (unit), not auditor-verified"
"5542 DUNFIELD LN 5, Columbus, OH, 43232",5542,DUNFIELD LN,5,Columbus,OH,43232,"census-confirmed apartment unit; residential inferred (unit), not auditor-verified"
"5739 HIBERNIA DR B, Columbus, OH, 43232",5739,HIBERNIA DR,B,Columbus,OH,43232,"census-confirmed apartment unit; residential inferred (unit), not auditor-verified"
"2796 CITIZENS PL D, Columbus, OH, 43232",2796,CITIZENS PL,D,Columbus,OH,43232,"census-confirmed apartment unit; residential inferred (unit), not auditor-verified"
"2743 TENNYSON BLVD D, Columbus, OH, 43232",2743,TENNYSON BLVD,D,Columbus,OH,43232,"census-confirmed apartment unit; residential inferred (unit), not auditor-verified"
"2802 MARWOOD CT C, Columbus, OH, 43232",2802,MARWOOD CT,C,Columbus,OH,43232,"census-confirmed apartment unit; residential inferred (unit), not auditor-verified"
"4617 REFUGEE RD 1A, Columbus, OH, 43232",4617,REFUGEE RD,1A,Columbus,OH,43232,"census-confirmed apartment unit; residential inferred (unit), not auditor-verified"
"4617 HEBRIDES DR C, Columbus, OH, 43232",4617,HEBRIDES DR,C,Columbus,OH,43232,"census-confirmed apartment unit; residential inferred (unit), not auditor-verified"
"4657 REFUGEE RD 1H, Columbus, OH, 43232",4657,REFUGEE RD,1H,Columbus,OH,43232,"census-confirmed apartment unit; residential inferred (unit), not auditor-verified"
"4646 HEBRIDES DR D, Columbus, OH, 43232",4646,HEBRIDES DR,D,Columbus,OH,43232,"census-confirmed apartment unit; residential inferred (unit), not auditor-verified"
"2826 TENNYSON BLVD A, Columbus, OH, 43232",2826,TENNYSON BLVD,A,Columbus,OH,43232,"census-confirmed apartment unit; residential inferred (unit), not auditor-verified"
"3180 ELIM MANOR CT 220, Columbus, OH, 43232",3180,ELIM MANOR CT,220,Columbus,OH,43232,"census-confirmed apartment unit; residential inferred (unit), not auditor-verified"
"2772 BRANDY DR 104, Columbus, OH, 43232",2772,BRANDY DR,104,Columbus,OH,43232,"census-confirmed apartment unit; residential inferred (unit), not auditor-verified"
"2520 SCARBOROUGH SQ 9, Columbus, OH, 43232",2520,SCARBOROUGH SQ,9,Columbus,OH,43232,"census-confirmed apartment unit; residential inferred (unit), not auditor-verified"
"2714 BRANDY DR 203, Columbus, OH, 43232",2714,BRANDY DR,203,Columbus,OH,43232,"census-confirmed apartment unit; residential inferred (unit), not auditor-verified"
"5099 CEDAR DR A, Columbus, OH, 43232",5099,CEDAR DR,A,Columbus,OH,43232,"census-confirmed apartment unit; residential inferred (unit), not auditor-verified"
"5330 YORKSHIRE TERRACE DR B7, Columbus, OH, 43232",5330,YORKSHIRE TERRACE DR,B7,Columbus,OH,43232,"census-confirmed apartment unit; residential inferred (unit), not auditor-verified"
"5370 YORKSHIRE TERRACE DR A, Columbus, OH, 43232",5370,YORKSHIRE TERRACE DR,A,Columbus,OH,43232,"census-confirmed apartment unit; residential inferred (unit), not auditor-verified"
"2510 KIMBERLY PKWY E UNIT 206, Columbus, OH, 43232",2510,KIMBERLY PKWY E,UNIT 206,Columbus,OH,43232,"census-confirmed apartment unit; residential inferred (unit), not auditor-verified"
"5754 HIBERNIA DR A, Columbus, OH, 43232",5754,HIBERNIA DR,A,Columbus,OH,43232,"census-confirmed apartment unit; residential inferred (unit), not auditor-verified"
"5545 CANTARA PL 6, Columbus, OH, 43232",5545,CANTARA PL,6,Columbus,OH,43232,"census-confirmed apartment unit; residential inferred (unit), not auditor-verified"
"2786 CITIZENS PL G, Columbus, OH, 43232",2786,CITIZENS PL,G,Columbus,OH,43232,"census-confirmed apartment unit; residential inferred (unit), not auditor-verified"
"2470 SHORE BLVD W K, Columbus, OH, 43232",2470,SHORE BLVD W,K,Columbus,OH,43232,"census-confirmed apartment unit; residential inferred (unit), not auditor-verified"
"4603 REFUGEE RD 2F, Columbus, OH, 43232",4603,REFUGEE RD,2F,Columbus,OH,43232,"census-confirmed apartment unit; residential inferred (unit), not auditor-verified"
"4603 REFUGEE RD 2C, Columbus, OH, 43232",4603,REFUGEE RD,2C,Columbus,OH,43232,"census-confirmed apartment unit; residential inferred (unit), not auditor-verified"
"2935 TENNYSON BLVD C, Columbus, OH, 43232",2935,TENNYSON BLVD,C,Columbus,OH,43232,"census-confirmed apartment unit; residential inferred (unit), not auditor-verified"
"4609 REFUGEE RD 3J, Columbus, OH, 43232",4609,REFUGEE RD,3J,Columbus,OH,43232,"census-confirmed apartment unit; residential inferred (unit), not auditor-verified"
"4616 CHANNING TER D, Columbus, OH, 43232",4616,CHANNING TER,D,Columbus,OH,43232,"census-confirmed apartment unit; residential inferred (unit), not auditor-verified"
"1301 YORKLAND RD UNIT, Columbus, OH, 43232",1301,YORKLAND RD,UNIT,Columbus,OH,43232,"census-confirmed apartment unit; residential inferred (unit), not auditor-verified"
"2886 TENNYSON BLVD A, Columbus, OH, 43232",2886,TENNYSON BLVD,A,Columbus,OH,43232,"census-confirmed apartment unit; residential inferred (unit), not auditor-verified"
"2814 TENNYSON BLVD C, Columbus, OH, 43232",2814,TENNYSON BLVD,C,Columbus,OH,43232,"census-confirmed apartment unit; residential inferred (unit), not auditor-verified"
"2361 SHORE BLVD E A, Columbus, OH, 43232",2361,SHORE BLVD E,A,Columbus,OH,43232,"census-confirmed apartment unit; residential inferred (unit), not auditor-verified"
"4661 REFUGEE RD 1F, Columbus, OH, 43232",4661,REFUGEE RD,1F,Columbus,OH,43232,"census-confirmed apartment unit; residential inferred (unit), not auditor-verified"
"2885 THOREAU CT B, Columbus, OH, 43232",2885,THOREAU CT,B,Columbus,OH,43232,"census-confirmed apartment unit; residential inferred (unit), not auditor-verified"
"5415 YORKSHIRE TERRACE DR 4B, Columbus, OH, 43232",5415,YORKSHIRE TERRACE DR,4B,Columbus,OH,43232,"census-confirmed apartment unit; residential inferred (unit), not auditor-verified"
"5693 HIBERNIA DR A, Columbus, OH, 43232",5693,HIBERNIA DR,A,Columbus,OH,43232,"census-confirmed apartment unit; residential inferred (unit), not auditor-verified"
"5530 DUNFIELD LN 2, Columbus, OH, 43232",5530,DUNFIELD LN,2,Columbus,OH,43232,"census-confirmed apartment unit; residential inferred (unit), not auditor-verified"
"2510 KIMBERLY PKWY E 105, Columbus, OH, 43232",2510,KIMBERLY PKWY E,105,Columbus,OH,43232,"census-confirmed apartment unit; residential inferred (unit), not auditor-verified"
"5579 AUTUMN CHASE DR B, Columbus, OH, 43232",5579,AUTUMN CHASE DR,B,Columbus,OH,43232,"census-confirmed apartment unit; residential inferred (unit), not auditor-verified"
"2853 CITIZENS PL B, Columbus, OH, 43232",2853,CITIZENS PL,B,Columbus,OH,43232,"census-confirmed apartment unit; residential inferred (unit), not auditor-verified"
"2855 CITIZENS PL F, Columbus, OH, 43232",2855,CITIZENS PL,F,Columbus,OH,43232,"census-confirmed apartment unit; residential inferred (unit), not auditor-verified"
"2825 CITIZENS PL D, Columbus, OH, 43232",2825,CITIZENS PL,D,Columbus,OH,43232,"census-confirmed apartment unit; residential inferred (unit), not auditor-verified"
"2809 CITIZENS PL E, Columbus, OH, 43232",2809,CITIZENS PL,E,Columbus,OH,43232,"census-confirmed apartment unit; residential inferred (unit), not auditor-verified"
"2774 CITIZENS PL G, Columbus, OH, 43232",2774,CITIZENS PL,G,Columbus,OH,43232,"census-confirmed apartment unit; residential inferred (unit), not auditor-verified"
"2836 WYMAN CT D, Columbus, OH, 43232",2836,WYMAN CT,D,Columbus,OH,43232,"census-confirmed apartment unit; residential inferred (unit), not auditor-verified"
"4524 LAKE SIDE S D, Columbus, OH, 43232",4524,LAKE SIDE S,D,Columbus,OH,43232,"census-confirmed apartment unit; residential inferred (unit), not auditor-verified"
"4536 LAKE SIDE S E, Columbus, OH, 43232",4536,LAKE SIDE S,E,Columbus,OH,43232,"census-confirmed apartment unit; residential inferred (unit), not auditor-verified"
"2943 TENNYSON BLVD D, Columbus, OH, 43232",2943,TENNYSON BLVD,D,Columbus,OH,43232,"census-confirmed apartment unit; residential inferred (unit), not auditor-verified"
"4583 ISINGTON CT B, Columbus, OH, 43232",4583,ISINGTON CT,B,Columbus,OH,43232,"census-confirmed apartment unit; residential inferred (unit), not auditor-verified"
"2447 SHORE BLVD E G, Columbus, OH, 43232",2447,SHORE BLVD E,G,Columbus,OH,43232,"census-confirmed apartment unit; residential inferred (unit), not auditor-verified"
"4593 REFUGEE RD 2H, Columbus, OH, 43232",4593,REFUGEE RD,2H,Columbus,OH,43232,"census-confirmed apartment unit; residential inferred (unit), not auditor-verified"
"4590 LAKE SIDE N L, Columbus, OH, 43232",4590,LAKE SIDE N,L,Columbus,OH,43232,"census-confirmed apartment unit; residential inferred (unit), not auditor-verified"
"4615 REFUGEE RD 1E, Columbus, OH, 43232",4615,REFUGEE RD,1E,Columbus,OH,43232,"census-confirmed apartment unit; residential inferred (unit), not auditor-verified"
"4663 REFUGEE RD 2A, Columbus, OH, 43232",4663,REFUGEE RD,2A,Columbus,OH,43232,"census-confirmed apartment unit; residential inferred (unit), not auditor-verified"
"4672 FENIMORE CT A, Columbus, OH, 43232",4672,FENIMORE CT,A,Columbus,OH,43232,"census-confirmed apartment unit; residential inferred (unit), not auditor-verified"
"5880 YORKLAND CT UNIT I, Columbus, OH, 43232",5880,YORKLAND CT,UNIT I,Columbus,OH,43232,"census-confirmed apartment unit; residential inferred (unit), not auditor-verified"
"5878 YORKLAND CT UNIT D, Columbus, OH, 43232",5878,YORKLAND CT,UNIT D,Columbus,OH,43232,"census-confirmed apartment unit; residential inferred (unit), not auditor-verified"
"1281 MCNAUGHTEN RD UNIT I, Columbus, OH, 43232",1281,MCNAUGHTEN RD,UNIT I,Columbus,OH,43232,"census-confirmed apartment unit; residential inferred (unit), not auditor-verified"
"4680 FENIMORE CT C, Columbus, OH, 43232",4680,FENIMORE CT,C,Columbus,OH,43232,"census-confirmed apartment unit; residential inferred (unit), not auditor-verified"
"4650 HILTON CORPORATE DR 110, Columbus, OH, 43232",4650,HILTON CORPORATE DR,110,Columbus,OH,43232,"census-confirmed apartment unit; residential inferred (unit), not auditor-verified"
"2720 BRANDY DR 104, Columbus, OH, 43232",2720,BRANDY DR,104,Columbus,OH,43232,"census-confirmed apartment unit; residential inferred (unit), not auditor-verified"
"4794 REFUGEE RD A, Columbus, OH, 43232",4794,REFUGEE RD,A,Columbus,OH,43232,"census-confirmed apartment unit; residential inferred (unit), not auditor-verified"
"2524 SCARBOROUGH SQ 10, Columbus, OH, 43232",2524,SCARBOROUGH SQ,10,Columbus,OH,43232,"census-confirmed apartment unit; residential inferred (unit), not auditor-verified"
"6000 LAKE CLUB CT D, Columbus, OH, 43232",6000,LAKE CLUB CT,D,Columbus,OH,43232,"census-confirmed apartment unit; residential inferred (unit), not auditor-verified"
"6002 LAKE CLUB CT F, Columbus, OH, 43232",6002,LAKE CLUB CT,F,Columbus,OH,43232,"census-confirmed apartment unit; residential inferred (unit), not auditor-verified"
"5016 COVENTRY DR D, Columbus, OH, 43232",5016,COVENTRY DR,D,Columbus,OH,43232,"census-confirmed apartment unit; residential inferred (unit), not auditor-verified"
"5079 CEDAR DR G, Columbus, OH, 43232",5079,CEDAR DR,G,Columbus,OH,43232,"census-confirmed apartment unit; residential inferred (unit), not auditor-verified"
"5356 YORKSHIRE TERRACE DR A, Columbus, OH, 43232",5356,YORKSHIRE TERRACE DR,A,Columbus,OH,43232,"census-confirmed apartment unit; residential inferred (unit), not auditor-verified"
"5568 HIBERNIA DR A, Columbus, OH, 43232",5568,HIBERNIA DR,A,Columbus,OH,43232,"census-confirmed apartment unit; residential inferred (unit), not auditor-verified"
"2738 BRANDY DR 202, Columbus, OH, 43232",2738,BRANDY DR,202,Columbus,OH,43232,"census-confirmed apartment unit; residential inferred (unit), not auditor-verified"
"5620 HIBERNIA DR B, Columbus, OH, 43232",5620,HIBERNIA DR,B,Columbus,OH,43232,"census-confirmed apartment unit; residential inferred (unit), not auditor-verified"
"1745 LONSDALE PL E UNIT D, Columbus, OH, 43232",1745,LONSDALE PL E,UNIT D,Columbus,OH,43232,"census-confirmed apartment unit; residential inferred (unit), not auditor-verified"
"5490 DUNFIELD LN 1, Columbus, OH, 43232",5490,DUNFIELD LN,1,Columbus,OH,43232,"census-confirmed apartment unit; residential inferred (unit), not auditor-verified"
"5498 LONSDALE PL N UNIT B, Columbus, OH, 43232",5498,LONSDALE PL N,UNIT B,Columbus,OH,43232,"census-confirmed apartment unit; residential inferred (unit), not auditor-verified"
"5081 CEDAR DR B, Columbus, OH, 43232",5081,CEDAR DR,B,Columbus,OH,43232,"census-confirmed apartment unit; residential inferred (unit), not auditor-verified"
"4790 ROLLINGBROOK LN B, Columbus, OH, 43232",4790,ROLLINGBROOK LN,B,Columbus,OH,43232,"census-confirmed apartment unit; residential inferred (unit), not auditor-verified"
"2855 CITIZENS PL B, Columbus, OH, 43232",2855,CITIZENS PL,B,Columbus,OH,43232,"census-confirmed apartment unit; residential inferred (unit), not auditor-verified"
"4515 LAKE SIDE S I, Columbus, OH, 43232",4515,LAKE SIDE S,I,Columbus,OH,43232,"census-confirmed apartment unit; residential inferred (unit), not auditor-verified"
"4515 LAKE SIDE N A, Columbus, OH, 43232",4515,LAKE SIDE N,A,Columbus,OH,43232,"census-confirmed apartment unit; residential inferred (unit), not auditor-verified"
"4570 MANDEVILLE CT A, Columbus, OH, 43232",4570,MANDEVILLE CT,A,Columbus,OH,43232,"census-confirmed apartment unit; residential inferred (unit), not auditor-verified"
"2870 WOOLWICH CT 205, Columbus, OH, 43232",2870,WOOLWICH CT,205,Columbus,OH,43232,"census-confirmed apartment unit; residential inferred (unit), not auditor-verified"
"2784 MARWOOD CT D, Columbus, OH, 43232",2784,MARWOOD CT,D,Columbus,OH,43232,"census-confirmed apartment unit; residential inferred (unit), not auditor-verified"
"4621 REFUGEE RD 3C, Columbus, OH, 43232",4621,REFUGEE RD,3C,Columbus,OH,43232,"census-confirmed apartment unit; residential inferred (unit), not auditor-verified"
"4616 CHANNING TER C, Columbus, OH, 43232",4616,CHANNING TER,C,Columbus,OH,43232,"census-confirmed apartment unit; residential inferred (unit), not auditor-verified"
"4661 REFUGEE RD 1D, Columbus, OH, 43232",4661,REFUGEE RD,1D,Columbus,OH,43232,"census-confirmed apartment unit; residential inferred (unit), not auditor-verified"
"4671 REFUGEE RD 1B, Columbus, OH, 43232",4671,REFUGEE RD,1B,Columbus,OH,43232,"census-confirmed apartment unit; residential inferred (unit), not auditor-verified"
"4665 REFUGEE RD 1H, Columbus, OH, 43232",4665,REFUGEE RD,1H,Columbus,OH,43232,"census-confirmed apartment unit; residential inferred (unit), not auditor-verified"
"5685 BAIRSFORD CIR N 16, Columbus, OH, 43232",5685,BAIRSFORD CIR N,16,Columbus,OH,43232,"census-confirmed apartment unit; residential inferred (unit), not auditor-verified"
"2764 BRANDY DR 202, Columbus, OH, 43232",2764,BRANDY DR,202,Columbus,OH,43232,"census-confirmed apartment unit; residential inferred (unit), not auditor-verified"
"2764 BRANDY DR 101, Columbus, OH, 43232",2764,BRANDY DR,101,Columbus,OH,43232,"census-confirmed apartment unit; residential inferred (unit), not auditor-verified"
"4782 REFUGEE RD B, Columbus, OH, 43232",4782,REFUGEE RD,B,Columbus,OH,43232,"census-confirmed apartment unit; residential inferred (unit), not auditor-verified"
"4794 REFUGEE RD B, Columbus, OH, 43232",4794,REFUGEE RD,B,Columbus,OH,43232,"census-confirmed apartment unit; residential inferred (unit), not auditor-verified"
"4790 ROLLINGBROOK LN D, Columbus, OH, 43232",4790,ROLLINGBROOK LN,D,Columbus,OH,43232,"census-confirmed apartment unit; residential inferred (unit), not auditor-verified"
"2089 LAKE CLUB TER F, Columbus, OH, 43232",2089,LAKE CLUB TER,F,Columbus,OH,43232,"census-confirmed apartment unit; residential inferred (unit), not auditor-verified"
"5034 COVENTRY DR A, Columbus, OH, 43232",5034,COVENTRY DR,A,Columbus,OH,43232,"census-confirmed apartment unit; residential inferred (unit), not auditor-verified"
"2845 CITIZENS PL E, Columbus, OH, 43232",2845,CITIZENS PL,E,Columbus,OH,43232,"census-confirmed apartment unit; residential inferred (unit), not auditor-verified"
"2779 CITIZENS PL B, Columbus, OH, 43232",2779,CITIZENS PL,B,Columbus,OH,43232,"census-confirmed apartment unit; residential inferred (unit), not auditor-verified"
"4520 LAKE SIDE N C, Columbus, OH, 43232",4520,LAKE SIDE N,C,Columbus,OH,43232,"census-confirmed apartment unit; residential inferred (unit), not auditor-verified"
"5141 CEDAR DR L, Columbus, OH, 43232",5141,CEDAR DR,L,Columbus,OH,43232,"census-confirmed apartment unit; residential inferred (unit), not auditor-verified"
"5167 CEDAR DR M, Columbus, OH, 43232",5167,CEDAR DR,M,Columbus,OH,43232,"census-confirmed apartment unit; residential inferred (unit), not auditor-verified"
"2740 TENNYSON BLVD B, Columbus, OH, 43232",2740,TENNYSON BLVD,B,Columbus,OH,43232,"census-confirmed apartment unit; residential inferred (unit), not auditor-verified"
"2481 SHORE BLVD E L, Columbus, OH, 43232",2481,SHORE BLVD E,L,Columbus,OH,43232,"census-confirmed apartment unit; residential inferred (unit), not auditor-verified"
"4595 REFUGEE RD 3A, Columbus, OH, 43232",4595,REFUGEE RD,3A,Columbus,OH,43232,"census-confirmed apartment unit; residential inferred (unit), not auditor-verified"
"4620 CHANNING TER C, Columbus, OH, 43232",4620,CHANNING TER,C,Columbus,OH,43232,"census-confirmed apartment unit; residential inferred (unit), not auditor-verified"
"2891 MERRYMOUNT CT D, Columbus, OH, 43232",2891,MERRYMOUNT CT,D,Columbus,OH,43232,"census-confirmed apartment unit; residential inferred (unit), not auditor-verified"
"2871 MERRYMOUNT CT C, Columbus, OH, 43232",2871,MERRYMOUNT CT,C,Columbus,OH,43232,"census-confirmed apartment unit; residential inferred (unit), not auditor-verified"
"4650 HILTON CORPORATE DR 312, Columbus, OH, 43232",4650,HILTON CORPORATE DR,312,Columbus,OH,43232,"census-confirmed apartment unit; residential inferred (unit), not auditor-verified"
"5044 COVENTRY DR B, Columbus, OH, 43232",5044,COVENTRY DR,B,Columbus,OH,43232,"census-confirmed apartment unit; residential inferred (unit), not auditor-verified"
"6016 1/2 LAKE CLUB CT CATV, Columbus, OH, 43232",6016 1/2,LAKE CLUB CT,CATV,Columbus,OH,43232,"census-confirmed apartment unit; residential inferred (unit), not auditor-verified"
"5099 CEDAR DR D, Columbus, OH, 43232",5099,CEDAR DR,D,Columbus,OH,43232,"census-confirmed apartment unit; residential inferred (unit), not auditor-verified"
"2207 COURTSIDE DR H, Columbus, OH, 43232",2207,COURTSIDE DR,H,Columbus,OH,43232,"census-confirmed apartment unit; residential inferred (unit), not auditor-verified"
"5330 YORKSHIRE TERRACE DR B5, Columbus, OH, 43232",5330,YORKSHIRE TERRACE DR,B5,Columbus,OH,43232,"census-confirmed apartment unit; residential inferred (unit), not auditor-verified"
"5370 YORKSHIRE TERRACE DR G, Columbus, OH, 43232",5370,YORKSHIRE TERRACE DR,G,Columbus,OH,43232,"census-confirmed apartment unit; residential inferred (unit), not auditor-verified"
"5454 LONSDALE PL N UNIT A, Columbus, OH, 43232",5454,LONSDALE PL N,UNIT A,Columbus,OH,43232,"census-confirmed apartment unit; residential inferred (unit), not auditor-verified"
"5467 LONSDALE PL N UNIT D, Columbus, OH, 43232",5467,LONSDALE PL N,UNIT D,Columbus,OH,43232,"census-confirmed apartment unit; residential inferred (unit), not auditor-verified"
"2510 KIMBERLY PKWY E 109, Columbus, OH, 43232",2510,KIMBERLY PKWY E,109,Columbus,OH,43232,"census-confirmed apartment unit; residential inferred (unit), not auditor-verified"
"5357 YORKSHIRE TERRACE DR D, Columbus, OH, 43232",5357,YORKSHIRE TERRACE DR,D,Columbus,OH,43232,"census-confirmed apartment unit; residential inferred (unit), not auditor-verified"
"5381 YORKSHIRE TERRACE DR 2C, Columbus, OH, 43232",5381,YORKSHIRE TERRACE DR,2C,Columbus,OH,43232,"census-confirmed apartment unit; residential inferred (unit), not auditor-verified"
"5625 HIBERNIA DR A, Columbus, OH, 43232",5625,HIBERNIA DR,A,Columbus,OH,43232,"census-confirmed apartment unit; residential inferred (unit), not auditor-verified"
"5648 HIBERNIA DR A, Columbus, OH, 43232",5648,HIBERNIA DR,A,Columbus,OH,43232,"census-confirmed apartment unit; residential inferred (unit), not auditor-verified"
"5550 AUTUMN CHASE DR B, Columbus, OH, 43232",5550,AUTUMN CHASE DR,B,Columbus,OH,43232,"census-confirmed apartment unit; residential inferred (unit), not auditor-verified"
"5575 AUTUMN CHASE DR A, Columbus, OH, 43232",5575,AUTUMN CHASE DR,A,Columbus,OH,43232,"census-confirmed apartment unit; residential inferred (unit), not auditor-verified"
"1762 LONSDALE PL E UNIT A, Columbus, OH, 43232",1762,LONSDALE PL E,UNIT A,Columbus,OH,43232,"census-confirmed apartment unit; residential inferred (unit), not auditor-verified"
"1740 LONSDALE PL E UNIT C, Columbus, OH, 43232",1740,LONSDALE PL E,UNIT C,Columbus,OH,43232,"census-confirmed apartment unit; residential inferred (unit), not auditor-verified"
"5715 HIBERNIA DR B, Columbus, OH, 43232",5715,HIBERNIA DR,B,Columbus,OH,43232,"census-confirmed apartment unit; residential inferred (unit), not auditor-verified"
"2788 CITIZENS PL B, Columbus, OH, 43232",2788,CITIZENS PL,B,Columbus,OH,43232,"census-confirmed apartment unit; residential inferred (unit), not auditor-verified"
"4536 LAKE SIDE S F, Columbus, OH, 43232",4536,LAKE SIDE S,F,Columbus,OH,43232,"census-confirmed apartment unit; residential inferred (unit), not auditor-verified"
"2449 SHORE BLVD E A, Columbus, OH, 43232",2449,SHORE BLVD E,A,Columbus,OH,43232,"census-confirmed apartment unit; residential inferred (unit), not auditor-verified"
"4595 REFUGEE RD 1A, Columbus, OH, 43232",4595,REFUGEE RD,1A,Columbus,OH,43232,"census-confirmed apartment unit; residential inferred (unit), not auditor-verified"
"2881 TENNYSON BLVD 202, Columbus, OH, 43232",2881,TENNYSON BLVD,202,Columbus,OH,43232,"census-confirmed apartment unit; residential inferred (unit), not auditor-verified"
"4580 LAKE SIDE N A, Columbus, OH, 43232",4580,LAKE SIDE N,A,Columbus,OH,43232,"census-confirmed apartment unit; residential inferred (unit), not auditor-verified"
"4661 REFUGEE RD 2E, Columbus, OH, 43232",4661,REFUGEE RD,2E,Columbus,OH,43232,"census-confirmed apartment unit; residential inferred (unit), not auditor-verified"
"4628 HEBRIDES DR C, Columbus, OH, 43232",4628,HEBRIDES DR,C,Columbus,OH,43232,"census-confirmed apartment unit; residential inferred (unit), not auditor-verified"
"1285 YORKLAND RD UNIT P, Columbus, OH, 43232",1285,YORKLAND RD,UNIT P,Columbus,OH,43232,"census-confirmed apartment unit; residential inferred (unit), not auditor-verified"
"5982 LAKE CLUB SQ F, Columbus, OH, 43232",5982,LAKE CLUB SQ,F,Columbus,OH,43232,"census-confirmed apartment unit; residential inferred (unit), not auditor-verified"
"6001 LAKE CLUB CT C, Columbus, OH, 43232",6001,LAKE CLUB CT,C,Columbus,OH,43232,"census-confirmed apartment unit; residential inferred (unit), not auditor-verified"
"4657 REFUGEE RD 2I, Columbus, OH, 43232",4657,REFUGEE RD,2I,Columbus,OH,43232,"census-confirmed apartment unit; residential inferred (unit), not auditor-verified"
"4630 HILTON CORPORATE DR 207, Columbus, OH, 43232",4630,HILTON CORPORATE DR,207,Columbus,OH,43232,"census-confirmed apartment unit; residential inferred (unit), not auditor-verified"
"4650 HILTON CORPORATE DR 109, Columbus, OH, 43232",4650,HILTON CORPORATE DR,109,Columbus,OH,43232,"census-confirmed apartment unit; residential inferred (unit), not auditor-verified"
"4792 LARAINE CT 201, Columbus, OH, 43232",4792,LARAINE CT,201,Columbus,OH,43232,"census-confirmed apartment unit; residential inferred (unit), not auditor-verified"
"2093 LAKE CLUB TER C, Columbus, OH, 43232",2093,LAKE CLUB TER,C,Columbus,OH,43232,"census-confirmed apartment unit; residential inferred (unit), not auditor-verified"
"2089 LAKE CLUB TER B, Columbus, OH, 43232",2089,LAKE CLUB TER,B,Columbus,OH,43232,"census-confirmed apartment unit; residential inferred (unit), not auditor-verified"
"2205 COURTSIDE DR D, Columbus, OH, 43232",2205,COURTSIDE DR,D,Columbus,OH,43232,"census-confirmed apartment unit; residential inferred (unit), not auditor-verified"
"5572 HIBERNIA DR B, Columbus, OH, 43232",5572,HIBERNIA DR,B,Columbus,OH,43232,"census-confirmed apartment unit; residential inferred (unit), not auditor-verified"
"5419 LONSDALE PL S UNIT B, Columbus, OH, 43232",5419,LONSDALE PL S,UNIT B,Columbus,OH,43232,"census-confirmed apartment unit; residential inferred (unit), not auditor-verified"
"5665 HIBERNIA DR C, Columbus, OH, 43232",5665,HIBERNIA DR,C,Columbus,OH,43232,"census-confirmed apartment unit; residential inferred (unit), not auditor-verified"
"5498 LONSDALE PL N UNIT D, Columbus, OH, 43232",5498,LONSDALE PL N,UNIT D,Columbus,OH,43232,"census-confirmed apartment unit; residential inferred (unit), not auditor-verified"
"5525 CANTARA PL 4, Columbus, OH, 43232",5525,CANTARA PL,4,Columbus,OH,43232,"census-confirmed apartment unit; residential inferred (unit), not auditor-verified"
"2817 CITIZENS PL C, Columbus, OH, 43232",2817,CITIZENS PL,C,Columbus,OH,43232,"census-confirmed apartment unit; residential inferred (unit), not auditor-verified"
"2420 SHORE BLVD W APT A, Columbus, OH, 43232",2420,SHORE BLVD W,APT A,Columbus,OH,43232,"census-confirmed apartment unit; residential inferred (unit), not auditor-verified"
"4593 REFUGEE RD 3E, Columbus, OH, 43232",4593,REFUGEE RD,3E,Columbus,OH,43232,"census-confirmed apartment unit; residential inferred (unit), not auditor-verified"
"4525 LAKE SIDE S D, Columbus, OH, 43232",4525,LAKE SIDE S,D,Columbus,OH,43232,"census-confirmed apartment unit; residential inferred (unit), not auditor-verified"
"2471 SHORE BLVD E D, Columbus, OH, 43232",2471,SHORE BLVD E,D,Columbus,OH,43232,"census-confirmed apartment unit; residential inferred (unit), not auditor-verified"
"5393 YORKSHIRE TERRACE DR 3B, Columbus, OH, 43232",5393,YORKSHIRE TERRACE DR,3B,Columbus,OH,43232,"census-confirmed apartment unit; residential inferred (unit), not auditor-verified"
"5628 HIBERNIA DR B, Columbus, OH, 43232",5628,HIBERNIA DR,B,Columbus,OH,43232,"census-confirmed apartment unit; residential inferred (unit), not auditor-verified"
"5677 HIBERNIA DR A, Columbus, OH, 43232",5677,HIBERNIA DR,A,Columbus,OH,43232,"census-confirmed apartment unit; residential inferred (unit), not auditor-verified"
"5530 DUNFIELD LN 1, Columbus, OH, 43232",5530,DUNFIELD LN,1,Columbus,OH,43232,"census-confirmed apartment unit; residential inferred (unit), not auditor-verified"
"2748 CITIZENS PL E, Columbus, OH, 43232",2748,CITIZENS PL,E,Columbus,OH,43232,"census-confirmed apartment unit; residential inferred (unit), not auditor-verified"
"4515 LAKE SIDE S K, Columbus, OH, 43232",4515,LAKE SIDE S,K,Columbus,OH,43232,"census-confirmed apartment unit; residential inferred (unit), not auditor-verified"
"4515 LAKE SIDE N H, Columbus, OH, 43232",4515,LAKE SIDE N,H,Columbus,OH,43232,"census-confirmed apartment unit; residential inferred (unit), not auditor-verified"
"4603 REFUGEE RD 3E, Columbus, OH, 43232",4603,REFUGEE RD,3E,Columbus,OH,43232,"census-confirmed apartment unit; residential inferred (unit), not auditor-verified"
"2445 SHORE BLVD E B, Columbus, OH, 43232",2445,SHORE BLVD E,B,Columbus,OH,43232,"census-confirmed apartment unit; residential inferred (unit), not auditor-verified"
"5880 YORKLAND CT UNIT P, Columbus, OH, 43232",5880,YORKLAND CT,UNIT P,Columbus,OH,43232,"census-confirmed apartment unit; residential inferred (unit), not auditor-verified"
"2361 SHORE BLVD E F, Columbus, OH, 43232",2361,SHORE BLVD E,F,Columbus,OH,43232,"census-confirmed apartment unit; residential inferred (unit), not auditor-verified"
"2530 SCARBOROUGH SQ 11, Columbus, OH, 43232",2530,SCARBOROUGH SQ,11,Columbus,OH,43232,"census-confirmed apartment unit; residential inferred (unit), not auditor-verified"
"6003 LAKE CLUB CT A, Columbus, OH, 43232",6003,LAKE CLUB CT,A,Columbus,OH,43232,"census-confirmed apartment unit; residential inferred (unit), not auditor-verified"
"4800 LARAINE CT 202, Columbus, OH, 43232",4800,LARAINE CT,202,Columbus,OH,43232,"census-confirmed apartment unit; residential inferred (unit), not auditor-verified"
"3180 ELIM MANOR CT 105, Columbus, OH, 43232",3180,ELIM MANOR CT,105,Columbus,OH,43232,"census-confirmed apartment unit; residential inferred (unit), not auditor-verified"
"5081 CEDAR DR J, Columbus, OH, 43232",5081,CEDAR DR,J,Columbus,OH,43232,"census-confirmed apartment unit; residential inferred (unit), not auditor-verified"
"2809 CITIZENS PL H, Columbus, OH, 43232",2809,CITIZENS PL,H,Columbus,OH,43232,"census-confirmed apartment unit; residential inferred (unit), not auditor-verified"
"2799 MARWOOD CT A, Columbus, OH, 43232",2799,MARWOOD CT,A,Columbus,OH,43232,"census-confirmed apartment unit; residential inferred (unit), not auditor-verified"
"4595 REFUGEE RD 2D, Columbus, OH, 43232",4595,REFUGEE RD,2D,Columbus,OH,43232,"census-confirmed apartment unit; residential inferred (unit), not auditor-verified"
"4607 REFUGEE RD 2A, Columbus, OH, 43232",4607,REFUGEE RD,2A,Columbus,OH,43232,"census-confirmed apartment unit; residential inferred (unit), not auditor-verified"
"4592 CHANNING TER B, Columbus, OH, 43232",4592,CHANNING TER,B,Columbus,OH,43232,"census-confirmed apartment unit; residential inferred (unit), not auditor-verified"
"4657 REFUGEE RD 3H, Columbus, OH, 43232",4657,REFUGEE RD,3H,Columbus,OH,43232,"census-confirmed apartment unit; residential inferred (unit), not auditor-verified"
"4657 REFUGEE RD 3J, Columbus, OH, 43232",4657,REFUGEE RD,3J,Columbus,OH,43232,"census-confirmed apartment unit; residential inferred (unit), not auditor-verified"
"2885 THOREAU CT A, Columbus, OH, 43232",2885,THOREAU CT,A,Columbus,OH,43232,"census-confirmed apartment unit; residential inferred (unit), not auditor-verified"
"4619 HEBRIDES DR B, Columbus, OH, 43232",4619,HEBRIDES DR,B,Columbus,OH,43232,"census-confirmed apartment unit; residential inferred (unit), not auditor-verified"
"4630 HILTON CORPORATE DR 113, Columbus, OH, 43232",4630,HILTON CORPORATE DR,113,Columbus,OH,43232,"census-confirmed apartment unit; residential inferred (unit), not auditor-verified"
"5121 CEDAR DR E, Columbus, OH, 43232",5121,CEDAR DR,E,Columbus,OH,43232,"census-confirmed apartment unit; residential inferred (unit), not auditor-verified"
"5145 CEDAR DR G, Columbus, OH, 43232",5145,CEDAR DR,G,Columbus,OH,43232,"census-confirmed apartment unit; residential inferred (unit), not auditor-verified"
"5393 YORKSHIRE TERRACE DR 4A, Columbus, OH, 43232",5393,YORKSHIRE TERRACE DR,4A,Columbus,OH,43232,"census-confirmed apartment unit; residential inferred (unit), not auditor-verified"
"5661 HIBERNIA DR B, Columbus, OH, 43232",5661,HIBERNIA DR,B,Columbus,OH,43232,"census-confirmed apartment unit; residential inferred (unit), not auditor-verified"
"5708 HIBERNIA DR C, Columbus, OH, 43232",5708,HIBERNIA DR,C,Columbus,OH,43232,"census-confirmed apartment unit; residential inferred (unit), not auditor-verified"
"2860 CITIZENS PL A, Columbus, OH, 43232",2860,CITIZENS PL,A,Columbus,OH,43232,"census-confirmed apartment unit; residential inferred (unit), not auditor-verified"
"2828 CITIZENS PL E, Columbus, OH, 43232",2828,CITIZENS PL,E,Columbus,OH,43232,"census-confirmed apartment unit; residential inferred (unit), not auditor-verified"
"2784 CITIZENS PL B, Columbus, OH, 43232",2784,CITIZENS PL,B,Columbus,OH,43232,"census-confirmed apartment unit; residential inferred (unit), not auditor-verified"
"4545 LAKE SIDE N D, Columbus, OH, 43232",4545,LAKE SIDE N,D,Columbus,OH,43232,"census-confirmed apartment unit; residential inferred (unit), not auditor-verified"
"4555 LAKE SIDE N D, Columbus, OH, 43232",4555,LAKE SIDE N,D,Columbus,OH,43232,"census-confirmed apartment unit; residential inferred (unit), not auditor-verified"
"4570 LAKE SIDE N J, Columbus, OH, 43232",4570,LAKE SIDE N,J,Columbus,OH,43232,"census-confirmed apartment unit; residential inferred (unit), not auditor-verified"
"4597 REFUGEE RD 3G, Columbus, OH, 43232",4597,REFUGEE RD,3G,Columbus,OH,43232,"census-confirmed apartment unit; residential inferred (unit), not auditor-verified"
"2865 THOREAU CT C, Columbus, OH, 43232",2865,THOREAU CT,C,Columbus,OH,43232,"census-confirmed apartment unit; residential inferred (unit), not auditor-verified"
"4630 HILTON CORPORATE DR 107, Columbus, OH, 43232",4630,HILTON CORPORATE DR,107,Columbus,OH,43232,"census-confirmed apartment unit; residential inferred (unit), not auditor-verified"
"4630 HILTON CORPORATE DR 105, Columbus, OH, 43232",4630,HILTON CORPORATE DR,105,Columbus,OH,43232,"census-confirmed apartment unit; residential inferred (unit), not auditor-verified"
"1217 YORKLAND RD CATV, Columbus, OH, 43232",1217,YORKLAND RD,CATV,Columbus,OH,43232,"census-confirmed apartment unit; residential inferred (unit), not auditor-verified"
"3180 ELIM MANOR CT 102, Columbus, OH, 43232",3180,ELIM MANOR CT,102,Columbus,OH,43232,"census-confirmed apartment unit; residential inferred (unit), not auditor-verified"
"3180 ELIM MANOR CT 214, Columbus, OH, 43232",3180,ELIM MANOR CT,214,Columbus,OH,43232,"census-confirmed apartment unit; residential inferred (unit), not auditor-verified"
"2091 LAKE CLUB TER B, Columbus, OH, 43232",2091,LAKE CLUB TER,B,Columbus,OH,43232,"census-confirmed apartment unit; residential inferred (unit), not auditor-verified"
"5097 CEDAR DR H, Columbus, OH, 43232",5097,CEDAR DR,H,Columbus,OH,43232,"census-confirmed apartment unit; residential inferred (unit), not auditor-verified"
"5167 CEDAR DR A, Columbus, OH, 43232",5167,CEDAR DR,A,Columbus,OH,43232,"census-confirmed apartment unit; residential inferred (unit), not auditor-verified"
"5202 CEDAR DR G, Columbus, OH, 43232",5202,CEDAR DR,G,Columbus,OH,43232,"census-confirmed apartment unit; residential inferred (unit), not auditor-verified"
"5616 HIBERNIA DR B, Columbus, OH, 43232",5616,HIBERNIA DR,B,Columbus,OH,43232,"census-confirmed apartment unit; residential inferred (unit), not auditor-verified"
"5440 LONSDALE PL N UNIT A, Columbus, OH, 43232",5440,LONSDALE PL N,UNIT A,Columbus,OH,43232,"census-confirmed apartment unit; residential inferred (unit), not auditor-verified"
"5720 HIBERNIA DR A, Columbus, OH, 43232",5720,HIBERNIA DR,A,Columbus,OH,43232,"census-confirmed apartment unit; residential inferred (unit), not auditor-verified"
"5459 E LIVINGSTON AVE UNIT D, Columbus, OH, 43232",5459,E LIVINGSTON AVE,UNIT D,Columbus,OH,43232,"census-confirmed apartment unit; residential inferred (unit), not auditor-verified"
"5515 CANTARA PL 5, Columbus, OH, 43232",5515,CANTARA PL,5,Columbus,OH,43232,"census-confirmed apartment unit; residential inferred (unit), not auditor-verified"
"5708 HIBERNIA DR A, Columbus, OH, 43232",5708,HIBERNIA DR,A,Columbus,OH,43232,"census-confirmed apartment unit; residential inferred (unit), not auditor-verified"
"5743 HIBERNIA DR B, Columbus, OH, 43232",5743,HIBERNIA DR,B,Columbus,OH,43232,"census-confirmed apartment unit; residential inferred (unit), not auditor-verified"
"2207 COURTSIDE DR C, Columbus, OH, 43232",2207,COURTSIDE DR,C,Columbus,OH,43232,"census-confirmed apartment unit; residential inferred (unit), not auditor-verified"
"5357 YORKSHIRE TERRACE DR E, Columbus, OH, 43232",5357,YORKSHIRE TERRACE DR,E,Columbus,OH,43232,"census-confirmed apartment unit; residential inferred (unit), not auditor-verified"
"5551 HIBERNIA DR B, Columbus, OH, 43232",5551,HIBERNIA DR,B,Columbus,OH,43232,"census-confirmed apartment unit; residential inferred (unit), not auditor-verified"
"5555 HIBERNIA DR B, Columbus, OH, 43232",5555,HIBERNIA DR,B,Columbus,OH,43232,"census-confirmed apartment unit; residential inferred (unit), not auditor-verified"
"5599 HIBERNIA DR B, Columbus, OH, 43232",5599,HIBERNIA DR,B,Columbus,OH,43232,"census-confirmed apartment unit; residential inferred (unit), not auditor-verified"
"5648 HIBERNIA DR C, Columbus, OH, 43232",5648,HIBERNIA DR,C,Columbus,OH,43232,"census-confirmed apartment unit; residential inferred (unit), not auditor-verified"
"5774 HIBERNIA DR A, Columbus, OH, 43232",5774,HIBERNIA DR,A,Columbus,OH,43232,"census-confirmed apartment unit; residential inferred (unit), not auditor-verified"
"5516 DUNFIELD LN 4, Columbus, OH, 43232",5516,DUNFIELD LN,4,Columbus,OH,43232,"census-confirmed apartment unit; residential inferred (unit), not auditor-verified"
"2244 S HAMILTON RD 201, Columbus, OH, 43232",2244,S HAMILTON RD,201,Columbus,OH,43232,"census-confirmed apartment unit; residential inferred (unit), not auditor-verified"
"4491 LAKE SIDE S D, Columbus, OH, 43232",4491,LAKE SIDE S,D,Columbus,OH,43232,"census-confirmed apartment unit; residential inferred (unit), not auditor-verified"
"4603 REFUGEE RD 3F, Columbus, OH, 43232",4603,REFUGEE RD,3F,Columbus,OH,43232,"census-confirmed apartment unit; residential inferred (unit), not auditor-verified"
"2760 TENNYSON BLVD A, Columbus, OH, 43232",2760,TENNYSON BLVD,A,Columbus,OH,43232,"census-confirmed apartment unit; residential inferred (unit), not auditor-verified"
"4619 REFUGEE RD 1A, Columbus, OH, 43232",4619,REFUGEE RD,1A,Columbus,OH,43232,"census-confirmed apartment unit; residential inferred (unit), not auditor-verified"
"4619 REFUGEE RD 3D, Columbus, OH, 43232",4619,REFUGEE RD,3D,Columbus,OH,43232,"census-confirmed apartment unit; residential inferred (unit), not auditor-verified"
"4592 CHANNING TER C, Columbus, OH, 43232",4592,CHANNING TER,C,Columbus,OH,43232,"census-confirmed apartment unit; residential inferred (unit), not auditor-verified"
"1281 MCNAUGHTEN RD UNIT O, Columbus, OH, 43232",1281,MCNAUGHTEN RD,UNIT O,Columbus,OH,43232,"census-confirmed apartment unit; residential inferred (unit), not auditor-verified"
"4655 REFUGEE RD 1E, Columbus, OH, 43232",4655,REFUGEE RD,1E,Columbus,OH,43232,"census-confirmed apartment unit; residential inferred (unit), not auditor-verified"
"4619 REFUGEE RD 2G, Columbus, OH, 43232",4619,REFUGEE RD,2G,Columbus,OH,43232,"census-confirmed apartment unit; residential inferred (unit), not auditor-verified"
"4644 HEBRIDES DR D, Columbus, OH, 43232",4644,HEBRIDES DR,D,Columbus,OH,43232,"census-confirmed apartment unit; residential inferred (unit), not auditor-verified"
"4686 FENIMORE CT B, Columbus, OH, 43232",4686,FENIMORE CT,B,Columbus,OH,43232,"census-confirmed apartment unit; residential inferred (unit), not auditor-verified"
"4630 HILTON CORPORATE DR 103, Columbus, OH, 43232",4630,HILTON CORPORATE DR,103,Columbus,OH,43232,"census-confirmed apartment unit; residential inferred (unit), not auditor-verified"
"2556 SCARBOROUGH SQ 15, Columbus, OH, 43232",2556,SCARBOROUGH SQ,15,Columbus,OH,43232,"census-confirmed apartment unit; residential inferred (unit), not auditor-verified"
"5980 LAKE CLUB SQ D, Columbus, OH, 43232",5980,LAKE CLUB SQ,D,Columbus,OH,43232,"census-confirmed apartment unit; residential inferred (unit), not auditor-verified"
"4770 LARAINE CT 201, Columbus, OH, 43232",4770,LARAINE CT,201,Columbus,OH,43232,"census-confirmed apartment unit; residential inferred (unit), not auditor-verified"
"4790 ROLLINGBROOK LN C, Columbus, OH, 43232",4790,ROLLINGBROOK LN,C,Columbus,OH,43232,"census-confirmed apartment unit; residential inferred (unit), not auditor-verified"
"4818 LARAINE CT 103, Columbus, OH, 43232",4818,LARAINE CT,103,Columbus,OH,43232,"census-confirmed apartment unit; residential inferred (unit), not auditor-verified"
"5040 COVENTRY DR B, Columbus, OH, 43232",5040,COVENTRY DR,B,Columbus,OH,43232,"census-confirmed apartment unit; residential inferred (unit), not auditor-verified"
"1874 COVENTRY CT D, Columbus, OH, 43232",1874,COVENTRY CT,D,Columbus,OH,43232,"census-confirmed apartment unit; residential inferred (unit), not auditor-verified"
"5381 YORKSHIRE TERRACE DR 3C, Columbus, OH, 43232",5381,YORKSHIRE TERRACE DR,3C,Columbus,OH,43232,"census-confirmed apartment unit; residential inferred (unit), not auditor-verified"
"5572 AUTUMN CHASE DR A, Columbus, OH, 43232",5572,AUTUMN CHASE DR,A,Columbus,OH,43232,"census-confirmed apartment unit; residential inferred (unit), not auditor-verified"
"5685 BAIRSFORD CIR N 19, Columbus, OH, 43232",5685,BAIRSFORD CIR N,19,Columbus,OH,43232,"census-confirmed apartment unit; residential inferred (unit), not auditor-verified"
"2585 SILVER OAK DR CATV, Columbus, OH, 43232",2585,SILVER OAK DR,CATV,Columbus,OH,43232,"census-confirmed apartment unit; residential inferred (unit), not auditor-verified"
"4515 LAKE SIDE N E, Columbus, OH, 43232",4515,LAKE SIDE N,E,Columbus,OH,43232,"census-confirmed apartment unit; residential inferred (unit), not auditor-verified"
"4579 HEMINGWAY CT C, Columbus, OH, 43232",4579,HEMINGWAY CT,C,Columbus,OH,43232,"census-confirmed apartment unit; residential inferred (unit), not auditor-verified"
"4525 LAKE SIDE S B, Columbus, OH, 43232",4525,LAKE SIDE S,B,Columbus,OH,43232,"census-confirmed apartment unit; residential inferred (unit), not auditor-verified"
"4617 REFUGEE RD 3E, Columbus, OH, 43232",4617,REFUGEE RD,3E,Columbus,OH,43232,"census-confirmed apartment unit; residential inferred (unit), not auditor-verified"
"2361 SHORE BLVD E C, Columbus, OH, 43232",2361,SHORE BLVD E,C,Columbus,OH,43232,"census-confirmed apartment unit; residential inferred (unit), not auditor-verified"
"4619 REFUGEE RD 3I, Columbus, OH, 43232",4619,REFUGEE RD,3I,Columbus,OH,43232,"census-confirmed apartment unit; residential inferred (unit), not auditor-verified"
"4639 COLERIDGE CT C, Columbus, OH, 43232",4639,COLERIDGE CT,C,Columbus,OH,43232,"census-confirmed apartment unit; residential inferred (unit), not auditor-verified"
"4656 HEBRIDES DR B, Columbus, OH, 43232",4656,HEBRIDES DR,B,Columbus,OH,43232,"census-confirmed apartment unit; residential inferred (unit), not auditor-verified"
"2490 SCARBOROUGH SQ 2, Columbus, OH, 43232",2490,SCARBOROUGH SQ,2,Columbus,OH,43232,"census-confirmed apartment unit; residential inferred (unit), not auditor-verified"
"4792 LARAINE CT 101, Columbus, OH, 43232",4792,LARAINE CT,101,Columbus,OH,43232,"census-confirmed apartment unit; residential inferred (unit), not auditor-verified"
"4826 LARAINE CT 103, Columbus, OH, 43232",4826,LARAINE CT,103,Columbus,OH,43232,"census-confirmed apartment unit; residential inferred (unit), not auditor-verified"
"5840 HALLRIDGE CIR A, Columbus, OH, 43232",5840,HALLRIDGE CIR,A,Columbus,OH,43232,"census-confirmed apartment unit; residential inferred (unit), not auditor-verified"
"2826 CITIZENS PL F, Columbus, OH, 43232",2826,CITIZENS PL,F,Columbus,OH,43232,"census-confirmed apartment unit; residential inferred (unit), not auditor-verified"
"5851 YORKLAND CT UNIT, Columbus, OH, 43232",5851,YORKLAND CT,UNIT,Columbus,OH,43232,"census-confirmed apartment unit; residential inferred (unit), not auditor-verified"
"2797 MARWOOD CT B, Columbus, OH, 43232",2797,MARWOOD CT,B,Columbus,OH,43232,"census-confirmed apartment unit; residential inferred (unit), not auditor-verified"
"4607 REFUGEE RD 2C, Columbus, OH, 43232",4607,REFUGEE RD,2C,Columbus,OH,43232,"census-confirmed apartment unit; residential inferred (unit), not auditor-verified"
"4621 REFUGEE RD 1A, Columbus, OH, 43232",4621,REFUGEE RD,1A,Columbus,OH,43232,"census-confirmed apartment unit; residential inferred (unit), not auditor-verified"
"1285 YORKLAND RD UNIT A, Columbus, OH, 43232",1285,YORKLAND RD,UNIT A,Columbus,OH,43232,"census-confirmed apartment unit; residential inferred (unit), not auditor-verified"
"4617 HEBRIDES DR B, Columbus, OH, 43232",4617,HEBRIDES DR,B,Columbus,OH,43232,"census-confirmed apartment unit; residential inferred (unit), not auditor-verified"
"2445 SHORE BLVD E D, Columbus, OH, 43232",2445,SHORE BLVD E,D,Columbus,OH,43232,"census-confirmed apartment unit; residential inferred (unit), not auditor-verified"
"4651 COLERIDGE CT A, Columbus, OH, 43232",4651,COLERIDGE CT,A,Columbus,OH,43232,"census-confirmed apartment unit; residential inferred (unit), not auditor-verified"
"4628 HEBRIDES DR D, Columbus, OH, 43232",4628,HEBRIDES DR,D,Columbus,OH,43232,"census-confirmed apartment unit; residential inferred (unit), not auditor-verified"
"2912 MERRYMOUNT CT D, Columbus, OH, 43232",2912,MERRYMOUNT CT,D,Columbus,OH,43232,"census-confirmed apartment unit; residential inferred (unit), not auditor-verified"
"4798 LARAINE CT 101, Columbus, OH, 43232",4798,LARAINE CT,101,Columbus,OH,43232,"census-confirmed apartment unit; residential inferred (unit), not auditor-verified"
"5980 LAKE CLUB SQ C, Columbus, OH, 43232",5980,LAKE CLUB SQ,C,Columbus,OH,43232,"census-confirmed apartment unit; residential inferred (unit), not auditor-verified"
"5052 COVENTRY CT N A, Columbus, OH, 43232",5052,COVENTRY CT N,A,Columbus,OH,43232,"census-confirmed apartment unit; residential inferred (unit), not auditor-verified"
"5200 CEDAR DR A, Columbus, OH, 43232",5200,CEDAR DR,A,Columbus,OH,43232,"census-confirmed apartment unit; residential inferred (unit), not auditor-verified"
"5633 HIBERNIA DR A, Columbus, OH, 43232",5633,HIBERNIA DR,A,Columbus,OH,43232,"census-confirmed apartment unit; residential inferred (unit), not auditor-verified"
"5596 HIBERNIA DR C, Columbus, OH, 43232",5596,HIBERNIA DR,C,Columbus,OH,43232,"census-confirmed apartment unit; residential inferred (unit), not auditor-verified"
"5496 DUNFIELD LN 5, Columbus, OH, 43232",5496,DUNFIELD LN,5,Columbus,OH,43232,"census-confirmed apartment unit; residential inferred (unit), not auditor-verified"
"5746 HIBERNIA DR C, Columbus, OH, 43232",5746,HIBERNIA DR,C,Columbus,OH,43232,"census-confirmed apartment unit; residential inferred (unit), not auditor-verified"
"1754 LONSDALE PL E UNIT D, Columbus, OH, 43232",1754,LONSDALE PL E,UNIT D,Columbus,OH,43232,"census-confirmed apartment unit; residential inferred (unit), not auditor-verified"
"5539 CANTARA PL 2, Columbus, OH, 43232",5539,CANTARA PL,2,Columbus,OH,43232,"census-confirmed apartment unit; residential inferred (unit), not auditor-verified"
"2746 EASTLAND MALL UNIT A, Columbus, OH, 43232",2746,EASTLAND MALL,UNIT A,Columbus,OH,43232,"census-confirmed apartment unit; residential inferred (unit), not auditor-verified"
"5583 HIBERNIA DR C, Columbus, OH, 43232",5583,HIBERNIA DR,C,Columbus,OH,43232,"census-confirmed apartment unit; residential inferred (unit), not auditor-verified"
"2231 COURTSIDE DR H, Columbus, OH, 43232",2231,COURTSIDE DR,H,Columbus,OH,43232,"census-confirmed apartment unit; residential inferred (unit), not auditor-verified"
"5664 HIBERNIA DR B, Columbus, OH, 43232",5664,HIBERNIA DR,B,Columbus,OH,43232,"census-confirmed apartment unit; residential inferred (unit), not auditor-verified"
"5430 LONSDALE PL S UNIT A, Columbus, OH, 43232",5430,LONSDALE PL S,UNIT A,Columbus,OH,43232,"census-confirmed apartment unit; residential inferred (unit), not auditor-verified"
"5720 HIBERNIA DR C, Columbus, OH, 43232",5720,HIBERNIA DR,C,Columbus,OH,43232,"census-confirmed apartment unit; residential inferred (unit), not auditor-verified"
"5536 DUNFIELD LN 5, Columbus, OH, 43232",5536,DUNFIELD LN,5,Columbus,OH,43232,"census-confirmed apartment unit; residential inferred (unit), not auditor-verified"
"2721 EASTLAND MALL UNIT A, Columbus, OH, 43232",2721,EASTLAND MALL,UNIT A,Columbus,OH,43232,"census-confirmed apartment unit; residential inferred (unit), not auditor-verified"
"2849 CITIZENS PL A, Columbus, OH, 43232",2849,CITIZENS PL,A,Columbus,OH,43232,"census-confirmed apartment unit; residential inferred (unit), not auditor-verified"
"2817 CITIZENS PL H, Columbus, OH, 43232",2817,CITIZENS PL,H,Columbus,OH,43232,"census-confirmed apartment unit; residential inferred (unit), not auditor-verified"
"2828 CITIZENS PL H, Columbus, OH, 43232",2828,CITIZENS PL,H,Columbus,OH,43232,"census-confirmed apartment unit; residential inferred (unit), not auditor-verified"
"2801 MARWOOD CT D, Columbus, OH, 43232",2801,MARWOOD CT,D,Columbus,OH,43232,"census-confirmed apartment unit; residential inferred (unit), not auditor-verified"
"4583 ISINGTON CT D, Columbus, OH, 43232",4583,ISINGTON CT,D,Columbus,OH,43232,"census-confirmed apartment unit; residential inferred (unit), not auditor-verified"
"2881 TENNYSON BLVD 114, Columbus, OH, 43232",2881,TENNYSON BLVD,114,Columbus,OH,43232,"census-confirmed apartment unit; residential inferred (unit), not auditor-verified"
"2445 SHORE BLVD E G, Columbus, OH, 43232",2445,SHORE BLVD E,G,Columbus,OH,43232,"census-confirmed apartment unit; residential inferred (unit), not auditor-verified"
"2371 SHORE BLVD E E, Columbus, OH, 43232",2371,SHORE BLVD E,E,Columbus,OH,43232,"census-confirmed apartment unit; residential inferred (unit), not auditor-verified"
"4646 HEBRIDES DR A, Columbus, OH, 43232",4646,HEBRIDES DR,A,Columbus,OH,43232,"census-confirmed apartment unit; residential inferred (unit), not auditor-verified"
"4630 HILTON CORPORATE DR 210, Columbus, OH, 43232",4630,HILTON CORPORATE DR,210,Columbus,OH,43232,"census-confirmed apartment unit; residential inferred (unit), not auditor-verified"
"1281 MCNAUGHTEN RD UNIT L, Columbus, OH, 43232",1281,MCNAUGHTEN RD,UNIT L,Columbus,OH,43232,"census-confirmed apartment unit; residential inferred (unit), not auditor-verified"
"2772 BRANDY DR 202, Columbus, OH, 43232",2772,BRANDY DR,202,Columbus,OH,43232,"census-confirmed apartment unit; residential inferred (unit), not auditor-verified"
"5165 CEDAR DR H, Columbus, OH, 43232",5165,CEDAR DR,H,Columbus,OH,43232,"census-confirmed apartment unit; residential inferred (unit), not auditor-verified"
"2825 CITIZENS PL A, Columbus, OH, 43232",2825,CITIZENS PL,A,Columbus,OH,43232,"census-confirmed apartment unit; residential inferred (unit), not auditor-verified"
"2852 CITIZENS PL D, Columbus, OH, 43232",2852,CITIZENS PL,D,Columbus,OH,43232,"census-confirmed apartment unit; residential inferred (unit), not auditor-verified"
"2828 CITIZENS PL G, Columbus, OH, 43232",2828,CITIZENS PL,G,Columbus,OH,43232,"census-confirmed apartment unit; residential inferred (unit), not auditor-verified"
"5675 BAIRSFORD CIR N 9, Columbus, OH, 43232",5675,BAIRSFORD CIR N,9,Columbus,OH,43232,"census-confirmed apartment unit; residential inferred (unit), not auditor-verified"
"4585 ISINGTON CT A, Columbus, OH, 43232",4585,ISINGTON CT,A,Columbus,OH,43232,"census-confirmed apartment unit; residential inferred (unit), not auditor-verified"
"4599 MONMOUTH CT 209, Columbus, OH, 43232",4599,MONMOUTH CT,209,Columbus,OH,43232,"census-confirmed apartment unit; residential inferred (unit), not auditor-verified"
"2445 SHORE BLVD E A, Columbus, OH, 43232",2445,SHORE BLVD E,A,Columbus,OH,43232,"census-confirmed apartment unit; residential inferred (unit), not auditor-verified"
"4659 REFUGEE RD 3D, Columbus, OH, 43232",4659,REFUGEE RD,3D,Columbus,OH,43232,"census-confirmed apartment unit; residential inferred (unit), not auditor-verified"
"1307 YORKLAND RD UNIT, Columbus, OH, 43232",1307,YORKLAND RD,UNIT,Columbus,OH,43232,"census-confirmed apartment unit; residential inferred (unit), not auditor-verified"
"4790 ROLLINGBROOK LN A, Columbus, OH, 43232",4790,ROLLINGBROOK LN,A,Columbus,OH,43232,"census-confirmed apartment unit; residential inferred (unit), not auditor-verified"
"2738 BRANDY DR 104, Columbus, OH, 43232",2738,BRANDY DR,104,Columbus,OH,43232,"census-confirmed apartment unit; residential inferred (unit), not auditor-verified"
"3180 ELIM MANOR CT 112, Columbus, OH, 43232",3180,ELIM MANOR CT,112,Columbus,OH,43232,"census-confirmed apartment unit; residential inferred (unit), not auditor-verified"
"5165 CEDAR DR D, Columbus, OH, 43232",5165,CEDAR DR,D,Columbus,OH,43232,"census-confirmed apartment unit; residential inferred (unit), not auditor-verified"
"5167 CEDAR DR H, Columbus, OH, 43232",5167,CEDAR DR,H,Columbus,OH,43232,"census-confirmed apartment unit; residential inferred (unit), not auditor-verified"
"5330 YORKSHIRE TERRACE DR A2, Columbus, OH, 43232",5330,YORKSHIRE TERRACE DR,A2,Columbus,OH,43232,"census-confirmed apartment unit; residential inferred (unit), not auditor-verified"
"5330 YORKSHIRE TERRACE DR A5, Columbus, OH, 43232",5330,YORKSHIRE TERRACE DR,A5,Columbus,OH,43232,"census-confirmed apartment unit; residential inferred (unit), not auditor-verified"
"5636 HIBERNIA DR A, Columbus, OH, 43232",5636,HIBERNIA DR,A,Columbus,OH,43232,"census-confirmed apartment unit; residential inferred (unit), not auditor-verified"
"5440 LONSDALE PL S UNIT B, Columbus, OH, 43232",5440,LONSDALE PL S,UNIT B,Columbus,OH,43232,"census-confirmed apartment unit; residential inferred (unit), not auditor-verified"
"5462 LONSDALE PL N UNIT C, Columbus, OH, 43232",5462,LONSDALE PL N,UNIT C,Columbus,OH,43232,"census-confirmed apartment unit; residential inferred (unit), not auditor-verified"
"5481 E LIVINGSTON AVE UNIT B, Columbus, OH, 43232",5481,E LIVINGSTON AVE,UNIT B,Columbus,OH,43232,"census-confirmed apartment unit; residential inferred (unit), not auditor-verified"
"5522 DUNFIELD LN 6, Columbus, OH, 43232",5522,DUNFIELD LN,6,Columbus,OH,43232,"census-confirmed apartment unit; residential inferred (unit), not auditor-verified"
"5525 CANTARA PL 2, Columbus, OH, 43232",5525,CANTARA PL,2,Columbus,OH,43232,"census-confirmed apartment unit; residential inferred (unit), not auditor-verified"
"5545 CANTARA PL 2, Columbus, OH, 43232",5545,CANTARA PL,2,Columbus,OH,43232,"census-confirmed apartment unit; residential inferred (unit), not auditor-verified"
"2510 KIMBERLY PKWY E UNIT 303, Columbus, OH, 43232",2510,KIMBERLY PKWY E,UNIT 303,Columbus,OH,43232,"census-confirmed apartment unit; residential inferred (unit), not auditor-verified"
"2510 KIMBERLY PKWY E 308, Columbus, OH, 43232",2510,KIMBERLY PKWY E,308,Columbus,OH,43232,"census-confirmed apartment unit; residential inferred (unit), not auditor-verified"
"2849 CITIZENS PL E, Columbus, OH, 43232",2849,CITIZENS PL,E,Columbus,OH,43232,"census-confirmed apartment unit; residential inferred (unit), not auditor-verified"
"2828 CITIZENS PL A, Columbus, OH, 43232",2828,CITIZENS PL,A,Columbus,OH,43232,"census-confirmed apartment unit; residential inferred (unit), not auditor-verified"
"2828 CITIZENS PL D, Columbus, OH, 43232",2828,CITIZENS PL,D,Columbus,OH,43232,"census-confirmed apartment unit; residential inferred (unit), not auditor-verified"
"2828 CITIZENS PL C, Columbus, OH, 43232",2828,CITIZENS PL,C,Columbus,OH,43232,"census-confirmed apartment unit; residential inferred (unit), not auditor-verified"
"2797 MARWOOD CT C, Columbus, OH, 43232",2797,MARWOOD CT,C,Columbus,OH,43232,"census-confirmed apartment unit; residential inferred (unit), not auditor-verified"
"2733 TENNYSON BLVD B, Columbus, OH, 43232",2733,TENNYSON BLVD,B,Columbus,OH,43232,"census-confirmed apartment unit; residential inferred (unit), not auditor-verified"
"4540 LAKE SIDE N C, Columbus, OH, 43232",4540,LAKE SIDE N,C,Columbus,OH,43232,"census-confirmed apartment unit; residential inferred (unit), not auditor-verified"
"2802 MARWOOD CT B, Columbus, OH, 43232",2802,MARWOOD CT,B,Columbus,OH,43232,"census-confirmed apartment unit; residential inferred (unit), not auditor-verified"
"4611 REFUGEE RD 2D, Columbus, OH, 43232",4611,REFUGEE RD,2D,Columbus,OH,43232,"census-confirmed apartment unit; residential inferred (unit), not auditor-verified"
"4671 REFUGEE RD 1E, Columbus, OH, 43232",4671,REFUGEE RD,1E,Columbus,OH,43232,"census-confirmed apartment unit; residential inferred (unit), not auditor-verified"
"4665 REFUGEE RD 1E, Columbus, OH, 43232",4665,REFUGEE RD,1E,Columbus,OH,43232,"census-confirmed apartment unit; residential inferred (unit), not auditor-verified"
"4667 REFUGEE RD 2C, Columbus, OH, 43232",4667,REFUGEE RD,2C,Columbus,OH,43232,"census-confirmed apartment unit; residential inferred (unit), not auditor-verified"
"4630 HILTON CORPORATE DR 314, Columbus, OH, 43232",4630,HILTON CORPORATE DR,314,Columbus,OH,43232,"census-confirmed apartment unit; residential inferred (unit), not auditor-verified"
"1303 YORKLAND RD UNIT, Columbus, OH, 43232",1303,YORKLAND RD,UNIT,Columbus,OH,43232,"census-confirmed apartment unit; residential inferred (unit), not auditor-verified"
"4650 HILTON CORPORATE DR 114, Columbus, OH, 43232",4650,HILTON CORPORATE DR,114,Columbus,OH,43232,"census-confirmed apartment unit; residential inferred (unit), not auditor-verified"
"2093 LAKE CLUB TER D, Columbus, OH, 43232",2093,LAKE CLUB TER,D,Columbus,OH,43232,"census-confirmed apartment unit; residential inferred (unit), not auditor-verified"
"6002 LAKE CLUB CT E, Columbus, OH, 43232",6002,LAKE CLUB CT,E,Columbus,OH,43232,"census-confirmed apartment unit; residential inferred (unit), not auditor-verified"
"5121 CEDAR DR A, Columbus, OH, 43232",5121,CEDAR DR,A,Columbus,OH,43232,"census-confirmed apartment unit; residential inferred (unit), not auditor-verified"
"5381 YORKSHIRE TERRACE DR 6A, Columbus, OH, 43232",5381,YORKSHIRE TERRACE DR,6A,Columbus,OH,43232,"census-confirmed apartment unit; residential inferred (unit), not auditor-verified"
"5660 HIBERNIA DR C, Columbus, OH, 43232",5660,HIBERNIA DR,C,Columbus,OH,43232,"census-confirmed apartment unit; residential inferred (unit), not auditor-verified"
"5420 LONSDALE PL N UNIT A, Columbus, OH, 43232",5420,LONSDALE PL N,UNIT A,Columbus,OH,43232,"census-confirmed apartment unit; residential inferred (unit), not auditor-verified"
"4770 LARAINE CT 102, Columbus, OH, 43232",4770,LARAINE CT,102,Columbus,OH,43232,"census-confirmed apartment unit; residential inferred (unit), not auditor-verified"
"3180 ELIM MANOR CT 114, Columbus, OH, 43232",3180,ELIM MANOR CT,114,Columbus,OH,43232,"census-confirmed apartment unit; residential inferred (unit), not auditor-verified"
"5081 CEDAR DR H, Columbus, OH, 43232",5081,CEDAR DR,H,Columbus,OH,43232,"census-confirmed apartment unit; residential inferred (unit), not auditor-verified"
"5576 HIBERNIA DR C, Columbus, OH, 43232",5576,HIBERNIA DR,C,Columbus,OH,43232,"census-confirmed apartment unit; residential inferred (unit), not auditor-verified"
"5453 LONSDALE PL N UNIT B, Columbus, OH, 43232",5453,LONSDALE PL N,UNIT B,Columbus,OH,43232,"census-confirmed apartment unit; residential inferred (unit), not auditor-verified"
"5453 LONSDALE PL N UNIT D, Columbus, OH, 43232",5453,LONSDALE PL N,UNIT D,Columbus,OH,43232,"census-confirmed apartment unit; residential inferred (unit), not auditor-verified"
"5490 DUNFIELD LN 3, Columbus, OH, 43232",5490,DUNFIELD LN,3,Columbus,OH,43232,"census-confirmed apartment unit; residential inferred (unit), not auditor-verified"
"5758 HIBERNIA DR A, Columbus, OH, 43232",5758,HIBERNIA DR,A,Columbus,OH,43232,"census-confirmed apartment unit; residential inferred (unit), not auditor-verified"
"5743 HIBERNIA DR C, Columbus, OH, 43232",5743,HIBERNIA DR,C,Columbus,OH,43232,"census-confirmed apartment unit; residential inferred (unit), not auditor-verified"
"2510 KIMBERLY PKWY E 303, Columbus, OH, 43232",2510,KIMBERLY PKWY E,303,Columbus,OH,43232,"census-confirmed apartment unit; residential inferred (unit), not auditor-verified"
"2824 CITIZENS PL E, Columbus, OH, 43232",2824,CITIZENS PL,E,Columbus,OH,43232,"census-confirmed apartment unit; residential inferred (unit), not auditor-verified"
"2826 CITIZENS PL H, Columbus, OH, 43232",2826,CITIZENS PL,H,Columbus,OH,43232,"census-confirmed apartment unit; residential inferred (unit), not auditor-verified"
"2748 CITIZENS PL H, Columbus, OH, 43232",2748,CITIZENS PL,H,Columbus,OH,43232,"census-confirmed apartment unit; residential inferred (unit), not auditor-verified"
"2817 WYMAN CT A, Columbus, OH, 43232",2817,WYMAN CT,A,Columbus,OH,43232,"census-confirmed apartment unit; residential inferred (unit), not auditor-verified"
"2755 TENNYSON BLVD B, Columbus, OH, 43232",2755,TENNYSON BLVD,B,Columbus,OH,43232,"census-confirmed apartment unit; residential inferred (unit), not auditor-verified"
"2731 TENNYSON BLVD A, Columbus, OH, 43232",2731,TENNYSON BLVD,A,Columbus,OH,43232,"census-confirmed apartment unit; residential inferred (unit), not auditor-verified"
"4576 MANDEVILLE CT D, Columbus, OH, 43232",4576,MANDEVILLE CT,D,Columbus,OH,43232,"census-confirmed apartment unit; residential inferred (unit), not auditor-verified"
"4585 MONMOUTH CT D, Columbus, OH, 43232",4585,MONMOUTH CT,D,Columbus,OH,43232,"census-confirmed apartment unit; residential inferred (unit), not auditor-verified"
"2501 SHORE BLVD E I, Columbus, OH, 43232",2501,SHORE BLVD E,I,Columbus,OH,43232,"census-confirmed apartment unit; residential inferred (unit), not auditor-verified"
"2481 SHORE BLVD E I, Columbus, OH, 43232",2481,SHORE BLVD E,I,Columbus,OH,43232,"census-confirmed apartment unit; residential inferred (unit), not auditor-verified"
"2899 TENNYSON BLVD B, Columbus, OH, 43232",2899,TENNYSON BLVD,B,Columbus,OH,43232,"census-confirmed apartment unit; residential inferred (unit), not auditor-verified"
"1281 MCNAUGHTEN RD UNIT M, Columbus, OH, 43232",1281,MCNAUGHTEN RD,UNIT M,Columbus,OH,43232,"census-confirmed apartment unit; residential inferred (unit), not auditor-verified"
"2881 TENNYSON BLVD 209, Columbus, OH, 43232",2881,TENNYSON BLVD,209,Columbus,OH,43232,"census-confirmed apartment unit; residential inferred (unit), not auditor-verified"
"4659 REFUGEE RD 3E, Columbus, OH, 43232",4659,REFUGEE RD,3E,Columbus,OH,43232,"census-confirmed apartment unit; residential inferred (unit), not auditor-verified"
"1870 COVENTRY CT B, Columbus, OH, 43232",1870,COVENTRY CT,B,Columbus,OH,43232,"census-confirmed apartment unit; residential inferred (unit), not auditor-verified"
"5095 CEDAR DR K, Columbus, OH, 43232",5095,CEDAR DR,K,Columbus,OH,43232,"census-confirmed apartment unit; residential inferred (unit), not auditor-verified"
"5141 CEDAR DR J, Columbus, OH, 43232",5141,CEDAR DR,J,Columbus,OH,43232,"census-confirmed apartment unit; residential inferred (unit), not auditor-verified"
"5202 CEDAR DR H, Columbus, OH, 43232",5202,CEDAR DR,H,Columbus,OH,43232,"census-confirmed apartment unit; residential inferred (unit), not auditor-verified"
"5200 CEDAR DR B, Columbus, OH, 43232",5200,CEDAR DR,B,Columbus,OH,43232,"census-confirmed apartment unit; residential inferred (unit), not auditor-verified"
"5579 HIBERNIA DR A, Columbus, OH, 43232",5579,HIBERNIA DR,A,Columbus,OH,43232,"census-confirmed apartment unit; residential inferred (unit), not auditor-verified"
"5607 HIBERNIA DR B, Columbus, OH, 43232",5607,HIBERNIA DR,B,Columbus,OH,43232,"census-confirmed apartment unit; residential inferred (unit), not auditor-verified"
"5535 HIBERNIA DR C, Columbus, OH, 43232",5535,HIBERNIA DR,C,Columbus,OH,43232,"census-confirmed apartment unit; residential inferred (unit), not auditor-verified"
"5539 HIBERNIA DR A, Columbus, OH, 43232",5539,HIBERNIA DR,A,Columbus,OH,43232,"census-confirmed apartment unit; residential inferred (unit), not auditor-verified"
"5427 YORKSHIRE TERRACE DR 2A, Columbus, OH, 43232",5427,YORKSHIRE TERRACE DR,2A,Columbus,OH,43232,"census-confirmed apartment unit; residential inferred (unit), not auditor-verified"
"5440 LONSDALE PL S UNIT A, Columbus, OH, 43232",5440,LONSDALE PL S,UNIT A,Columbus,OH,43232,"census-confirmed apartment unit; residential inferred (unit), not auditor-verified"
"5448 LONSDALE PL S UNIT A, Columbus, OH, 43232",5448,LONSDALE PL S,UNIT A,Columbus,OH,43232,"census-confirmed apartment unit; residential inferred (unit), not auditor-verified"
"5738 HIBERNIA DR A, Columbus, OH, 43232",5738,HIBERNIA DR,A,Columbus,OH,43232,"census-confirmed apartment unit; residential inferred (unit), not auditor-verified"
"5747 HIBERNIA DR C, Columbus, OH, 43232",5747,HIBERNIA DR,C,Columbus,OH,43232,"census-confirmed apartment unit; residential inferred (unit), not auditor-verified"
"2510 KIMBERLY PKWY E 309, Columbus, OH, 43232",2510,KIMBERLY PKWY E,309,Columbus,OH,43232,"census-confirmed apartment unit; residential inferred (unit), not auditor-verified"
"2849 CITIZENS PL C, Columbus, OH, 43232",2849,CITIZENS PL,C,Columbus,OH,43232,"census-confirmed apartment unit; residential inferred (unit), not auditor-verified"
"2809 CITIZENS PL F, Columbus, OH, 43232",2809,CITIZENS PL,F,Columbus,OH,43232,"census-confirmed apartment unit; residential inferred (unit), not auditor-verified"
"2788 CITIZENS PL F, Columbus, OH, 43232",2788,CITIZENS PL,F,Columbus,OH,43232,"census-confirmed apartment unit; residential inferred (unit), not auditor-verified"
"2780 CITIZENS PL H, Columbus, OH, 43232",2780,CITIZENS PL,H,Columbus,OH,43232,"census-confirmed apartment unit; residential inferred (unit), not auditor-verified"
"2774 CITIZENS PL E, Columbus, OH, 43232",2774,CITIZENS PL,E,Columbus,OH,43232,"census-confirmed apartment unit; residential inferred (unit), not auditor-verified"
"4491 LAKE SIDE S B, Columbus, OH, 43232",4491,LAKE SIDE S,B,Columbus,OH,43232,"census-confirmed apartment unit; residential inferred (unit), not auditor-verified"
"4491 LAKE SIDE S C, Columbus, OH, 43232",4491,LAKE SIDE S,C,Columbus,OH,43232,"census-confirmed apartment unit; residential inferred (unit), not auditor-verified"
"5859 YORKLAND CT UNIT, Columbus, OH, 43232",5859,YORKLAND CT,UNIT,Columbus,OH,43232,"census-confirmed apartment unit; residential inferred (unit), not auditor-verified"
"2832 WYMAN CT C, Columbus, OH, 43232",2832,WYMAN CT,C,Columbus,OH,43232,"census-confirmed apartment unit; residential inferred (unit), not auditor-verified"
"2870 WOOLWICH CT 208, Columbus, OH, 43232",2870,WOOLWICH CT,208,Columbus,OH,43232,"census-confirmed apartment unit; residential inferred (unit), not auditor-verified"
"4609 REFUGEE RD 2I, Columbus, OH, 43232",4609,REFUGEE RD,2I,Columbus,OH,43232,"census-confirmed apartment unit; residential inferred (unit), not auditor-verified"
"4615 WORDSWORTH CT B, Columbus, OH, 43232",4615,WORDSWORTH CT,B,Columbus,OH,43232,"census-confirmed apartment unit; residential inferred (unit), not auditor-verified"
"1281 MCNAUGHTEN RD UNIT P, Columbus, OH, 43232",1281,MCNAUGHTEN RD,UNIT P,Columbus,OH,43232,"census-confirmed apartment unit; residential inferred (unit), not auditor-verified"
"4630 HILTON CORPORATE DR 312, Columbus, OH, 43232",4630,HILTON CORPORATE DR,312,Columbus,OH,43232,"census-confirmed apartment unit; residential inferred (unit), not auditor-verified"
"4630 HILTON CORPORATE DR 101, Columbus, OH, 43232",4630,HILTON CORPORATE DR,101,Columbus,OH,43232,"census-confirmed apartment unit; residential inferred (unit), not auditor-verified"
"4650 HILTON CORPORATE DR 310, Columbus, OH, 43232",4650,HILTON CORPORATE DR,310,Columbus,OH,43232,"census-confirmed apartment unit; residential inferred (unit), not auditor-verified"
"4798 LARAINE CT 203, Columbus, OH, 43232",4798,LARAINE CT,203,Columbus,OH,43232,"census-confirmed apartment unit; residential inferred (unit), not auditor-verified"
"3180 ELIM MANOR CT 208, Columbus, OH, 43232",3180,ELIM MANOR CT,208,Columbus,OH,43232,"census-confirmed apartment unit; residential inferred (unit), not auditor-verified"
"4782 REFUGEE RD D, Columbus, OH, 43232",4782,REFUGEE RD,D,Columbus,OH,43232,"census-confirmed apartment unit; residential inferred (unit), not auditor-verified"
"2207 COURTSIDE DR E, Columbus, OH, 43232",2207,COURTSIDE DR,E,Columbus,OH,43232,"census-confirmed apartment unit; residential inferred (unit), not auditor-verified"
"5547 HIBERNIA DR C, Columbus, OH, 43232",5547,HIBERNIA DR,C,Columbus,OH,43232,"census-confirmed apartment unit; residential inferred (unit), not auditor-verified"
"5560 HIBERNIA DR A, Columbus, OH, 43232",5560,HIBERNIA DR,A,Columbus,OH,43232,"census-confirmed apartment unit; residential inferred (unit), not auditor-verified"
"5413 LONSDALE PL S UNIT B, Columbus, OH, 43232",5413,LONSDALE PL S,UNIT B,Columbus,OH,43232,"census-confirmed apartment unit; residential inferred (unit), not auditor-verified"
"5430 LONSDALE PL S UNIT D, Columbus, OH, 43232",5430,LONSDALE PL S,UNIT D,Columbus,OH,43232,"census-confirmed apartment unit; residential inferred (unit), not auditor-verified"
"5645 HIBERNIA DR C, Columbus, OH, 43232",5645,HIBERNIA DR,C,Columbus,OH,43232,"census-confirmed apartment unit; residential inferred (unit), not auditor-verified"
"5498 LONSDALE PL N UNIT C, Columbus, OH, 43232",5498,LONSDALE PL N,UNIT C,Columbus,OH,43232,"census-confirmed apartment unit; residential inferred (unit), not auditor-verified"
"2510 KIMBERLY PKWY E 307, Columbus, OH, 43232",2510,KIMBERLY PKWY E,307,Columbus,OH,43232,"census-confirmed apartment unit; residential inferred (unit), not auditor-verified"
"2510 KIMBERLY PKWY E UNIT 203, Columbus, OH, 43232",2510,KIMBERLY PKWY E,UNIT 203,Columbus,OH,43232,"census-confirmed apartment unit; residential inferred (unit), not auditor-verified"
"2845 CITIZENS PL H, Columbus, OH, 43232",2845,CITIZENS PL,H,Columbus,OH,43232,"census-confirmed apartment unit; residential inferred (unit), not auditor-verified"
"2802 CITIZENS PL A, Columbus, OH, 43232",2802,CITIZENS PL,A,Columbus,OH,43232,"census-confirmed apartment unit; residential inferred (unit), not auditor-verified"
"2246 S HAMILTON RD 203, Columbus, OH, 43232",2246,S HAMILTON RD,203,Columbus,OH,43232,"census-confirmed apartment unit; residential inferred (unit), not auditor-verified"
"2242 S HAMILTON RD 100, Columbus, OH, 43232",2242,S HAMILTON RD,100,Columbus,OH,43232,"census-confirmed apartment unit; residential inferred (unit), not auditor-verified"
"5675 BAIRSFORD CIR N 17, Columbus, OH, 43232",5675,BAIRSFORD CIR N,17,Columbus,OH,43232,"census-confirmed apartment unit; residential inferred (unit), not auditor-verified"
"4601 REFUGEE RD 3I, Columbus, OH, 43232",4601,REFUGEE RD,3I,Columbus,OH,43232,"census-confirmed apartment unit; residential inferred (unit), not auditor-verified"
"4611 REFUGEE RD 1F, Columbus, OH, 43232",4611,REFUGEE RD,1F,Columbus,OH,43232,"census-confirmed apartment unit; residential inferred (unit), not auditor-verified"
"2361 SHORE BLVD E D, Columbus, OH, 43232",2361,SHORE BLVD E,D,Columbus,OH,43232,"census-confirmed apartment unit; residential inferred (unit), not auditor-verified"
"4622 HEBRIDES DR C, Columbus, OH, 43232",4622,HEBRIDES DR,C,Columbus,OH,43232,"census-confirmed apartment unit; residential inferred (unit), not auditor-verified"
"5861 YORKLAND CT UNIT, Columbus, OH, 43232",5861,YORKLAND CT,UNIT,Columbus,OH,43232,"census-confirmed apartment unit; residential inferred (unit), not auditor-verified"
"1285 YORKLAND RD UNIT F, Columbus, OH, 43232",1285,YORKLAND RD,UNIT F,Columbus,OH,43232,"census-confirmed apartment unit; residential inferred (unit), not auditor-verified"
"2764 BRANDY DR 204, Columbus, OH, 43232",2764,BRANDY DR,204,Columbus,OH,43232,"census-confirmed apartment unit; residential inferred (unit), not auditor-verified"
"4776 REFUGEE RD CATV, Columbus, OH, 43232",4776,REFUGEE RD,CATV,Columbus,OH,43232,"census-confirmed apartment unit; residential inferred (unit), not auditor-verified"
"5381 YORKSHIRE TERRACE DR 5C, Columbus, OH, 43232",5381,YORKSHIRE TERRACE DR,5C,Columbus,OH,43232,"census-confirmed apartment unit; residential inferred (unit), not auditor-verified"
"5617 HIBERNIA DR B, Columbus, OH, 43232",5617,HIBERNIA DR,B,Columbus,OH,43232,"census-confirmed apartment unit; residential inferred (unit), not auditor-verified"
"5484 DUNFIELD LN 4, Columbus, OH, 43232",5484,DUNFIELD LN,4,Columbus,OH,43232,"census-confirmed apartment unit; residential inferred (unit), not auditor-verified"
"2510 KIMBERLY PKWY E 305, Columbus, OH, 43232",2510,KIMBERLY PKWY E,305,Columbus,OH,43232,"census-confirmed apartment unit; residential inferred (unit), not auditor-verified"
"5754 HIBERNIA DR C, Columbus, OH, 43232",5754,HIBERNIA DR,C,Columbus,OH,43232,"census-confirmed apartment unit; residential inferred (unit), not auditor-verified"
"2859 CITIZENS PL C, Columbus, OH, 43232",2859,CITIZENS PL,C,Columbus,OH,43232,"census-confirmed apartment unit; residential inferred (unit), not auditor-verified"
"2865 CITIZENS PL F, Columbus, OH, 43232",2865,CITIZENS PL,F,Columbus,OH,43232,"census-confirmed apartment unit; residential inferred (unit), not auditor-verified"
"2788 CITIZENS PL E, Columbus, OH, 43232",2788,CITIZENS PL,E,Columbus,OH,43232,"census-confirmed apartment unit; residential inferred (unit), not auditor-verified"
"2724 TENNYSON BLVD C, Columbus, OH, 43232",2724,TENNYSON BLVD,C,Columbus,OH,43232,"census-confirmed apartment unit; residential inferred (unit), not auditor-verified"
"4599 REFUGEE RD 1C, Columbus, OH, 43232",4599,REFUGEE RD,1C,Columbus,OH,43232,"census-confirmed apartment unit; residential inferred (unit), not auditor-verified"
"2943 TENNYSON BLVD B, Columbus, OH, 43232",2943,TENNYSON BLVD,B,Columbus,OH,43232,"census-confirmed apartment unit; residential inferred (unit), not auditor-verified"
"2447 SHORE BLVD E B, Columbus, OH, 43232",2447,SHORE BLVD E,B,Columbus,OH,43232,"census-confirmed apartment unit; residential inferred (unit), not auditor-verified"
"4607 REFUGEE RD 3B, Columbus, OH, 43232",4607,REFUGEE RD,3B,Columbus,OH,43232,"census-confirmed apartment unit; residential inferred (unit), not auditor-verified"
"4611 REFUGEE RD 2F, Columbus, OH, 43232",4611,REFUGEE RD,2F,Columbus,OH,43232,"census-confirmed apartment unit; residential inferred (unit), not auditor-verified"
"2907 TENNYSON BLVD B, Columbus, OH, 43232",2907,TENNYSON BLVD,B,Columbus,OH,43232,"census-confirmed apartment unit; residential inferred (unit), not auditor-verified"
"5587 AUTUMN CHASE DR A, Columbus, OH, 43232",5587,AUTUMN CHASE DR,A,Columbus,OH,43232,"census-confirmed apartment unit; residential inferred (unit), not auditor-verified"
"2445 SHORE BLVD E F, Columbus, OH, 43232",2445,SHORE BLVD E,F,Columbus,OH,43232,"census-confirmed apartment unit; residential inferred (unit), not auditor-verified"
"4580 LAKE SIDE N C, Columbus, OH, 43232",4580,LAKE SIDE N,C,Columbus,OH,43232,"census-confirmed apartment unit; residential inferred (unit), not auditor-verified"
"4671 REFUGEE RD 3A, Columbus, OH, 43232",4671,REFUGEE RD,3A,Columbus,OH,43232,"census-confirmed apartment unit; residential inferred (unit), not auditor-verified"
"4669 REFUGEE RD 1H, Columbus, OH, 43232",4669,REFUGEE RD,1H,Columbus,OH,43232,"census-confirmed apartment unit; residential inferred (unit), not auditor-verified"
"4665 REFUGEE RD 3E, Columbus, OH, 43232",4665,REFUGEE RD,3E,Columbus,OH,43232,"census-confirmed apartment unit; residential inferred (unit), not auditor-verified"
"2874 MERRYMOUNT CT D, Columbus, OH, 43232",2874,MERRYMOUNT CT,D,Columbus,OH,43232,"census-confirmed apartment unit; residential inferred (unit), not auditor-verified"
"5878 YORKLAND CT UNIT N, Columbus, OH, 43232",5878,YORKLAND CT,UNIT N,Columbus,OH,43232,"census-confirmed apartment unit; residential inferred (unit), not auditor-verified"
"3180 ELIM MANOR CT 107, Columbus, OH, 43232",3180,ELIM MANOR CT,107,Columbus,OH,43232,"census-confirmed apartment unit; residential inferred (unit), not auditor-verified"
"4792 LARAINE CT 102, Columbus, OH, 43232",4792,LARAINE CT,102,Columbus,OH,43232,"census-confirmed apartment unit; residential inferred (unit), not auditor-verified"
"5016 COVENTRY DR C, Columbus, OH, 43232",5016,COVENTRY DR,C,Columbus,OH,43232,"census-confirmed apartment unit; residential inferred (unit), not auditor-verified"
"1894 COVENTRY CT D, Columbus, OH, 43232",1894,COVENTRY CT,D,Columbus,OH,43232,"census-confirmed apartment unit; residential inferred (unit), not auditor-verified"
"5980 LAKE CLUB SQ G, Columbus, OH, 43232",5980,LAKE CLUB SQ,G,Columbus,OH,43232,"census-confirmed apartment unit; residential inferred (unit), not auditor-verified"
"5119 CEDAR DR C, Columbus, OH, 43232",5119,CEDAR DR,C,Columbus,OH,43232,"census-confirmed apartment unit; residential inferred (unit), not auditor-verified"
"5330 YORKSHIRE TERRACE DR B11, Columbus, OH, 43232",5330,YORKSHIRE TERRACE DR,B11,Columbus,OH,43232,"census-confirmed apartment unit; residential inferred (unit), not auditor-verified"
"1858 COVENTRY LN B, Columbus, OH, 43232",1858,COVENTRY LN,B,Columbus,OH,43232,"census-confirmed apartment unit; residential inferred (unit), not auditor-verified"
"5415 YORKSHIRE TERRACE DR 4A, Columbus, OH, 43232",5415,YORKSHIRE TERRACE DR,4A,Columbus,OH,43232,"census-confirmed apartment unit; residential inferred (unit), not auditor-verified"
"2510 KIMBERLY PKWY E 106, Columbus, OH, 43232",2510,KIMBERLY PKWY E,106,Columbus,OH,43232,"census-confirmed apartment unit; residential inferred (unit), not auditor-verified"
"5530 DUNFIELD LN 5, Columbus, OH, 43232",5530,DUNFIELD LN,5,Columbus,OH,43232,"census-confirmed apartment unit; residential inferred (unit), not auditor-verified"
"5591 AUTUMN CHASE DR B, Columbus, OH, 43232",5591,AUTUMN CHASE DR,B,Columbus,OH,43232,"census-confirmed apartment unit; residential inferred (unit), not auditor-verified"
"2809 CITIZENS PL B, Columbus, OH, 43232",2809,CITIZENS PL,B,Columbus,OH,43232,"census-confirmed apartment unit; residential inferred (unit), not auditor-verified"
"2796 CITIZENS PL H, Columbus, OH, 43232",2796,CITIZENS PL,H,Columbus,OH,43232,"census-confirmed apartment unit; residential inferred (unit), not auditor-verified"
"2828 CITIZENS PL B, Columbus, OH, 43232",2828,CITIZENS PL,B,Columbus,OH,43232,"census-confirmed apartment unit; residential inferred (unit), not auditor-verified"
"2743 TENNYSON BLVD B, Columbus, OH, 43232",2743,TENNYSON BLVD,B,Columbus,OH,43232,"census-confirmed apartment unit; residential inferred (unit), not auditor-verified"
"2726 TENNYSON BLVD D, Columbus, OH, 43232",2726,TENNYSON BLVD,D,Columbus,OH,43232,"census-confirmed apartment unit; residential inferred (unit), not auditor-verified"
"2870 WOOLWICH CT 200, Columbus, OH, 43232",2870,WOOLWICH CT,200,Columbus,OH,43232,"census-confirmed apartment unit; residential inferred (unit), not auditor-verified"
"5855 YORKLAND CT UNIT, Columbus, OH, 43232",5855,YORKLAND CT,UNIT,Columbus,OH,43232,"census-confirmed apartment unit; residential inferred (unit), not auditor-verified"
"4617 REFUGEE RD 1D, Columbus, OH, 43232",4617,REFUGEE RD,1D,Columbus,OH,43232,"census-confirmed apartment unit; residential inferred (unit), not auditor-verified"
"2907 TENNYSON BLVD D, Columbus, OH, 43232",2907,TENNYSON BLVD,D,Columbus,OH,43232,"census-confirmed apartment unit; residential inferred (unit), not auditor-verified"
"4615 REFUGEE RD 3E, Columbus, OH, 43232",4615,REFUGEE RD,3E,Columbus,OH,43232,"census-confirmed apartment unit; residential inferred (unit), not auditor-verified"
"4628 HEBRIDES DR A, Columbus, OH, 43232",4628,HEBRIDES DR,A,Columbus,OH,43232,"census-confirmed apartment unit; residential inferred (unit), not auditor-verified"
"1289 YORKLAND RD UNIT I, Columbus, OH, 43232",1289,YORKLAND RD,UNIT I,Columbus,OH,43232,"census-confirmed apartment unit; residential inferred (unit), not auditor-verified"
"5880 YORKLAND CT UNIT H, Columbus, OH, 43232",5880,YORKLAND CT,UNIT H,Columbus,OH,43232,"census-confirmed apartment unit; residential inferred (unit), not auditor-verified"
"3180 ELIM MANOR CT 210, Columbus, OH, 43232",3180,ELIM MANOR CT,210,Columbus,OH,43232,"census-confirmed apartment unit; residential inferred (unit), not auditor-verified"
"4770 LARAINE CT 104, Columbus, OH, 43232",4770,LARAINE CT,104,Columbus,OH,43232,"census-confirmed apartment unit; residential inferred (unit), not auditor-verified"
"5081 CEDAR DR C, Columbus, OH, 43232",5081,CEDAR DR,C,Columbus,OH,43232,"census-confirmed apartment unit; residential inferred (unit), not auditor-verified"
"5119 CEDAR DR L, Columbus, OH, 43232",5119,CEDAR DR,L,Columbus,OH,43232,"census-confirmed apartment unit; residential inferred (unit), not auditor-verified"
"5415 YORKSHIRE TERRACE DR 5B, Columbus, OH, 43232",5415,YORKSHIRE TERRACE DR,5B,Columbus,OH,43232,"census-confirmed apartment unit; residential inferred (unit), not auditor-verified"
"5427 YORKSHIRE TERRACE DR 5C, Columbus, OH, 43232",5427,YORKSHIRE TERRACE DR,5C,Columbus,OH,43232,"census-confirmed apartment unit; residential inferred (unit), not auditor-verified"
"5424 LONSDALE PL N UNIT C, Columbus, OH, 43232",5424,LONSDALE PL N,UNIT C,Columbus,OH,43232,"census-confirmed apartment unit; residential inferred (unit), not auditor-verified"
"5496 DUNFIELD LN 6, Columbus, OH, 43232",5496,DUNFIELD LN,6,Columbus,OH,43232,"census-confirmed apartment unit; residential inferred (unit), not auditor-verified"
"5716 HIBERNIA DR C, Columbus, OH, 43232",5716,HIBERNIA DR,C,Columbus,OH,43232,"census-confirmed apartment unit; residential inferred (unit), not auditor-verified"
"5743 HIBERNIA DR A, Columbus, OH, 43232",5743,HIBERNIA DR,A,Columbus,OH,43232,"census-confirmed apartment unit; residential inferred (unit), not auditor-verified"
"2849 CITIZENS PL D, Columbus, OH, 43232",2849,CITIZENS PL,D,Columbus,OH,43232,"census-confirmed apartment unit; residential inferred (unit), not auditor-verified"
"2799 MARWOOD CT B, Columbus, OH, 43232",2799,MARWOOD CT,B,Columbus,OH,43232,"census-confirmed apartment unit; residential inferred (unit), not auditor-verified"
"4505 LAKE SIDE N C, Columbus, OH, 43232",4505,LAKE SIDE N,C,Columbus,OH,43232,"census-confirmed apartment unit; residential inferred (unit), not auditor-verified"
"4617 REFUGEE RD 2A, Columbus, OH, 43232",4617,REFUGEE RD,2A,Columbus,OH,43232,"census-confirmed apartment unit; residential inferred (unit), not auditor-verified"
"4590 LAKE SIDE N I, Columbus, OH, 43232",4590,LAKE SIDE N,I,Columbus,OH,43232,"census-confirmed apartment unit; residential inferred (unit), not auditor-verified"
"4646 HEBRIDES DR C, Columbus, OH, 43232",4646,HEBRIDES DR,C,Columbus,OH,43232,"census-confirmed apartment unit; residential inferred (unit), not auditor-verified"
"5685 BAIRSFORD CIR N 11, Columbus, OH, 43232",5685,BAIRSFORD CIR N,11,Columbus,OH,43232,"census-confirmed apartment unit; residential inferred (unit), not auditor-verified"
"2849 CITIZENS PL G, Columbus, OH, 43232",2849,CITIZENS PL,G,Columbus,OH,43232,"census-confirmed apartment unit; residential inferred (unit), not auditor-verified"
"4667 REFUGEE RD 1C, Columbus, OH, 43232",4667,REFUGEE RD,1C,Columbus,OH,43232,"census-confirmed apartment unit; residential inferred (unit), not auditor-verified"
"4630 HILTON CORPORATE DR 111, Columbus, OH, 43232",4630,HILTON CORPORATE DR,111,Columbus,OH,43232,"census-confirmed apartment unit; residential inferred (unit), not auditor-verified"
"4630 HILTON CORPORATE DR 204, Columbus, OH, 43232",4630,HILTON CORPORATE DR,204,Columbus,OH,43232,"census-confirmed apartment unit; residential inferred (unit), not auditor-verified"
"1289 YORKLAND RD UNIT O, Columbus, OH, 43232",1289,YORKLAND RD,UNIT O,Columbus,OH,43232,"census-confirmed apartment unit; residential inferred (unit), not auditor-verified"
"2786 CITIZENS PL H, Columbus, OH, 43232",2786,CITIZENS PL,H,Columbus,OH,43232,"census-confirmed apartment unit; residential inferred (unit), not auditor-verified"
"4520 LAKE SIDE S C, Columbus, OH, 43232",4520,LAKE SIDE S,C,Columbus,OH,43232,"census-confirmed apartment unit; residential inferred (unit), not auditor-verified"
"4540 LAKE SIDE N A, Columbus, OH, 43232",4540,LAKE SIDE N,A,Columbus,OH,43232,"census-confirmed apartment unit; residential inferred (unit), not auditor-verified"
"4597 REFUGEE RD 2F, Columbus, OH, 43232",4597,REFUGEE RD,2F,Columbus,OH,43232,"census-confirmed apartment unit; residential inferred (unit), not auditor-verified"
"1281 MCNAUGHTEN RD UNIT K, Columbus, OH, 43232",1281,MCNAUGHTEN RD,UNIT K,Columbus,OH,43232,"census-confirmed apartment unit; residential inferred (unit), not auditor-verified"
"4615 REFUGEE RD 2B, Columbus, OH, 43232",4615,REFUGEE RD,2B,Columbus,OH,43232,"census-confirmed apartment unit; residential inferred (unit), not auditor-verified"
"4657 REFUGEE RD 1I, Columbus, OH, 43232",4657,REFUGEE RD,1I,Columbus,OH,43232,"census-confirmed apartment unit; residential inferred (unit), not auditor-verified"
"2738 BRANDY DR 101, Columbus, OH, 43232",2738,BRANDY DR,101,Columbus,OH,43232,"census-confirmed apartment unit; residential inferred (unit), not auditor-verified"
"4630 HILTON CORPORATE DR 308, Columbus, OH, 43232",4630,HILTON CORPORATE DR,308,Columbus,OH,43232,"census-confirmed apartment unit; residential inferred (unit), not auditor-verified"
"4650 HILTON CORPORATE DR 118, Columbus, OH, 43232",4650,HILTON CORPORATE DR,118,Columbus,OH,43232,"census-confirmed apartment unit; residential inferred (unit), not auditor-verified"
"5419 LONSDALE PL S UNIT C, Columbus, OH, 43232",5419,LONSDALE PL S,UNIT C,Columbus,OH,43232,"census-confirmed apartment unit; residential inferred (unit), not auditor-verified"
"5673 HIBERNIA DR C, Columbus, OH, 43232",5673,HIBERNIA DR,C,Columbus,OH,43232,"census-confirmed apartment unit; residential inferred (unit), not auditor-verified"
"5981 LAKE CLUB SQ D, Columbus, OH, 43232",5981,LAKE CLUB SQ,D,Columbus,OH,43232,"census-confirmed apartment unit; residential inferred (unit), not auditor-verified"
"5980 LAKE CLUB SQ A, Columbus, OH, 43232",5980,LAKE CLUB SQ,A,Columbus,OH,43232,"census-confirmed apartment unit; residential inferred (unit), not auditor-verified"
"5448 LONSDALE PL S UNIT D, Columbus, OH, 43232",5448,LONSDALE PL S,UNIT D,Columbus,OH,43232,"census-confirmed apartment unit; residential inferred (unit), not auditor-verified"
"5502 DUNFIELD LN 1, Columbus, OH, 43232",5502,DUNFIELD LN,1,Columbus,OH,43232,"census-confirmed apartment unit; residential inferred (unit), not auditor-verified"
"5751 HIBERNIA DR A, Columbus, OH, 43232",5751,HIBERNIA DR,A,Columbus,OH,43232,"census-confirmed apartment unit; residential inferred (unit), not auditor-verified"
"5568 AUTUMN CHASE DR A, Columbus, OH, 43232",5568,AUTUMN CHASE DR,A,Columbus,OH,43232,"census-confirmed apartment unit; residential inferred (unit), not auditor-verified"
"2791 CITIZENS PL C, Columbus, OH, 43232",2791,CITIZENS PL,C,Columbus,OH,43232,"census-confirmed apartment unit; residential inferred (unit), not auditor-verified"
"2238 S HAMILTON RD 101, Columbus, OH, 43232",2238,S HAMILTON RD,101,Columbus,OH,43232,"census-confirmed apartment unit; residential inferred (unit), not auditor-verified"
"4491 LAKE SIDE S H, Columbus, OH, 43232",4491,LAKE SIDE S,H,Columbus,OH,43232,"census-confirmed apartment unit; residential inferred (unit), not auditor-verified"
"4558 MANDEVILLE CT B, Columbus, OH, 43232",4558,MANDEVILLE CT,B,Columbus,OH,43232,"census-confirmed apartment unit; residential inferred (unit), not auditor-verified"
"5685 BAIRSFORD CIR N 15, Columbus, OH, 43232",5685,BAIRSFORD CIR N,15,Columbus,OH,43232,"census-confirmed apartment unit; residential inferred (unit), not auditor-verified"
"2870 WOOLWICH CT 109, Columbus, OH, 43232",2870,WOOLWICH CT,109,Columbus,OH,43232,"census-confirmed apartment unit; residential inferred (unit), not auditor-verified"
"2760 TENNYSON BLVD C, Columbus, OH, 43232",2760,TENNYSON BLVD,C,Columbus,OH,43232,"census-confirmed apartment unit; residential inferred (unit), not auditor-verified"
"4611 REFUGEE RD 3A, Columbus, OH, 43232",4611,REFUGEE RD,3A,Columbus,OH,43232,"census-confirmed apartment unit; residential inferred (unit), not auditor-verified"
"2899 TENNYSON BLVD D, Columbus, OH, 43232",2899,TENNYSON BLVD,D,Columbus,OH,43232,"census-confirmed apartment unit; residential inferred (unit), not auditor-verified"
"4594 ISINGTON CT 201, Columbus, OH, 43232",4594,ISINGTON CT,201,Columbus,OH,43232,"census-confirmed apartment unit; residential inferred (unit), not auditor-verified"
"2371 SHORE BLVD E D, Columbus, OH, 43232",2371,SHORE BLVD E,D,Columbus,OH,43232,"census-confirmed apartment unit; residential inferred (unit), not auditor-verified"
"5381 YORKSHIRE TERRACE DR 3A, Columbus, OH, 43232",5381,YORKSHIRE TERRACE DR,3A,Columbus,OH,43232,"census-confirmed apartment unit; residential inferred (unit), not auditor-verified"
"4619 REFUGEE RD 2F, Columbus, OH, 43232",4619,REFUGEE RD,2F,Columbus,OH,43232,"census-confirmed apartment unit; residential inferred (unit), not auditor-verified"
"5484 LONSDALE PL N UNIT B, Columbus, OH, 43232",5484,LONSDALE PL N,UNIT B,Columbus,OH,43232,"census-confirmed apartment unit; residential inferred (unit), not auditor-verified"
"4788 ROLLINGBROOK LN D, Columbus, OH, 43232",4788,ROLLINGBROOK LN,D,Columbus,OH,43232,"census-confirmed apartment unit; residential inferred (unit), not auditor-verified"
"4826 LARAINE CT 204, Columbus, OH, 43232",4826,LARAINE CT,204,Columbus,OH,43232,"census-confirmed apartment unit; residential inferred (unit), not auditor-verified"
"5030 COVENTRY DR D, Columbus, OH, 43232",5030,COVENTRY DR,D,Columbus,OH,43232,"census-confirmed apartment unit; residential inferred (unit), not auditor-verified"
"5566 AUTUMN CHASE DR A, Columbus, OH, 43232",5566,AUTUMN CHASE DR,A,Columbus,OH,43232,"census-confirmed apartment unit; residential inferred (unit), not auditor-verified"
"5079 CEDAR DR A, Columbus, OH, 43232",5079,CEDAR DR,A,Columbus,OH,43232,"census-confirmed apartment unit; residential inferred (unit), not auditor-verified"
"5141 CEDAR DR E, Columbus, OH, 43232",5141,CEDAR DR,E,Columbus,OH,43232,"census-confirmed apartment unit; residential inferred (unit), not auditor-verified"
"5202 CEDAR DR J, Columbus, OH, 43232",5202,CEDAR DR,J,Columbus,OH,43232,"census-confirmed apartment unit; residential inferred (unit), not auditor-verified"
"2231 COURTSIDE DR A, Columbus, OH, 43232",2231,COURTSIDE DR,A,Columbus,OH,43232,"census-confirmed apartment unit; residential inferred (unit), not auditor-verified"
"4611 REFUGEE RD 1E, Columbus, OH, 43232",4611,REFUGEE RD,1E,Columbus,OH,43232,"census-confirmed apartment unit; residential inferred (unit), not auditor-verified"
"4657 REFUGEE RD 3I, Columbus, OH, 43232",4657,REFUGEE RD,3I,Columbus,OH,43232,"census-confirmed apartment unit; residential inferred (unit), not auditor-verified"
"2740 BRANDY DR 201, Columbus, OH, 43232",2740,BRANDY DR,201,Columbus,OH,43232,"census-confirmed apartment unit; residential inferred (unit), not auditor-verified"
"5123 CEDAR DR M, Columbus, OH, 43232",5123,CEDAR DR,M,Columbus,OH,43232,"census-confirmed apartment unit; residential inferred (unit), not auditor-verified"
"5401 LONSDALE PL S UNIT B, Columbus, OH, 43232",5401,LONSDALE PL S,UNIT B,Columbus,OH,43232,"census-confirmed apartment unit; residential inferred (unit), not auditor-verified"
"5418 LONSDALE PL S UNIT C, Columbus, OH, 43232",5418,LONSDALE PL S,UNIT C,Columbus,OH,43232,"census-confirmed apartment unit; residential inferred (unit), not auditor-verified"
"5424 LONSDALE PL N UNIT A, Columbus, OH, 43232",5424,LONSDALE PL N,UNIT A,Columbus,OH,43232,"census-confirmed apartment unit; residential inferred (unit), not auditor-verified"
"5460 LONSDALE PL S UNIT C, Columbus, OH, 43232",5460,LONSDALE PL S,UNIT C,Columbus,OH,43232,"census-confirmed apartment unit; residential inferred (unit), not auditor-verified"
"1759 LONSDALE PL E UNIT B, Columbus, OH, 43232",1759,LONSDALE PL E,UNIT B,Columbus,OH,43232,"census-confirmed apartment unit; residential inferred (unit), not auditor-verified"
"5484 LONSDALE PL N UNIT C, Columbus, OH, 43232",5484,LONSDALE PL N,UNIT C,Columbus,OH,43232,"census-confirmed apartment unit; residential inferred (unit), not auditor-verified"
"5484 DUNFIELD LN 6, Columbus, OH, 43232",5484,DUNFIELD LN,6,Columbus,OH,43232,"census-confirmed apartment unit; residential inferred (unit), not auditor-verified"
"5490 DUNFIELD LN 6, Columbus, OH, 43232",5490,DUNFIELD LN,6,Columbus,OH,43232,"census-confirmed apartment unit; residential inferred (unit), not auditor-verified"
"2847 CITIZENS PL B, Columbus, OH, 43232",2847,CITIZENS PL,B,Columbus,OH,43232,"census-confirmed apartment unit; residential inferred (unit), not auditor-verified"
"2865 CITIZENS PL H, Columbus, OH, 43232",2865,CITIZENS PL,H,Columbus,OH,43232,"census-confirmed apartment unit; residential inferred (unit), not auditor-verified"
"2784 CITIZENS PL G, Columbus, OH, 43232",2784,CITIZENS PL,G,Columbus,OH,43232,"census-confirmed apartment unit; residential inferred (unit), not auditor-verified"
"5781 HALLRIDGE CIR CN D, Columbus, OH, 43232",5781,HALLRIDGE CIR,CN D,Columbus,OH,43232,"census-confirmed apartment unit; residential inferred (unit), not auditor-verified"
"2735 TENNYSON BLVD B, Columbus, OH, 43232",2735,TENNYSON BLVD,B,Columbus,OH,43232,"census-confirmed apartment unit; residential inferred (unit), not auditor-verified"
"4564 MANDEVILLE CT A, Columbus, OH, 43232",4564,MANDEVILLE CT,A,Columbus,OH,43232,"census-confirmed apartment unit; residential inferred (unit), not auditor-verified"
"4579 HEMINGWAY CT A, Columbus, OH, 43232",4579,HEMINGWAY CT,A,Columbus,OH,43232,"census-confirmed apartment unit; residential inferred (unit), not auditor-verified"
"2820 WYMAN CT A, Columbus, OH, 43232",2820,WYMAN CT,A,Columbus,OH,43232,"census-confirmed apartment unit; residential inferred (unit), not auditor-verified"
"2778 TENNYSON BLVD B, Columbus, OH, 43232",2778,TENNYSON BLVD,B,Columbus,OH,43232,"census-confirmed apartment unit; residential inferred (unit), not auditor-verified"
"4563 HEMINGWAY CT C, Columbus, OH, 43232",4563,HEMINGWAY CT,C,Columbus,OH,43232,"census-confirmed apartment unit; residential inferred (unit), not auditor-verified"
"4586 ISINGTON CT 205, Columbus, OH, 43232",4586,ISINGTON CT,205,Columbus,OH,43232,"census-confirmed apartment unit; residential inferred (unit), not auditor-verified"
"2765 TENNYSON BLVD D, Columbus, OH, 43232",2765,TENNYSON BLVD,D,Columbus,OH,43232,"census-confirmed apartment unit; residential inferred (unit), not auditor-verified"
"4545 LAKE SIDE S G, Columbus, OH, 43232",4545,LAKE SIDE S,G,Columbus,OH,43232,"census-confirmed apartment unit; residential inferred (unit), not auditor-verified"
"2401 SHORE BLVD E A, Columbus, OH, 43232",2401,SHORE BLVD E,A,Columbus,OH,43232,"census-confirmed apartment unit; residential inferred (unit), not auditor-verified"
"4607 REFUGEE RD 1B, Columbus, OH, 43232",4607,REFUGEE RD,1B,Columbus,OH,43232,"census-confirmed apartment unit; residential inferred (unit), not auditor-verified"
"4594 ISINGTON CT 200, Columbus, OH, 43232",4594,ISINGTON CT,200,Columbus,OH,43232,"census-confirmed apartment unit; residential inferred (unit), not auditor-verified"
"2812 TENNYSON BLVD B, Columbus, OH, 43232",2812,TENNYSON BLVD,B,Columbus,OH,43232,"census-confirmed apartment unit; residential inferred (unit), not auditor-verified"
"2361 SHORE BLVD E H, Columbus, OH, 43232",2361,SHORE BLVD E,H,Columbus,OH,43232,"census-confirmed apartment unit; residential inferred (unit), not auditor-verified"
"4663 REFUGEE RD 2C, Columbus, OH, 43232",4663,REFUGEE RD,2C,Columbus,OH,43232,"census-confirmed apartment unit; residential inferred (unit), not auditor-verified"
"2891 MERRYMOUNT CT A, Columbus, OH, 43232",2891,MERRYMOUNT CT,A,Columbus,OH,43232,"census-confirmed apartment unit; residential inferred (unit), not auditor-verified"
"4630 HILTON CORPORATE DR 106, Columbus, OH, 43232",4630,HILTON CORPORATE DR,106,Columbus,OH,43232,"census-confirmed apartment unit; residential inferred (unit), not auditor-verified"
"5123 CEDAR DR K, Columbus, OH, 43232",5123,CEDAR DR,K,Columbus,OH,43232,"census-confirmed apartment unit; residential inferred (unit), not auditor-verified"
"5475 LONSDALE PL S UNIT B, Columbus, OH, 43232",5475,LONSDALE PL S,UNIT B,Columbus,OH,43232,"census-confirmed apartment unit; residential inferred (unit), not auditor-verified"
"5521 CANTARA PL 1, Columbus, OH, 43232",5521,CANTARA PL,1,Columbus,OH,43232,"census-confirmed apartment unit; residential inferred (unit), not auditor-verified"
"2714 EASTLAND MALL UNIT A, Columbus, OH, 43232",2714,EASTLAND MALL,UNIT A,Columbus,OH,43232,"census-confirmed apartment unit; residential inferred (unit), not auditor-verified"
"4515 LAKE SIDE N D, Columbus, OH, 43232",4515,LAKE SIDE N,D,Columbus,OH,43232,"census-confirmed apartment unit; residential inferred (unit), not auditor-verified"
"4520 LAKE SIDE N B, Columbus, OH, 43232",4520,LAKE SIDE N,B,Columbus,OH,43232,"census-confirmed apartment unit; residential inferred (unit), not auditor-verified"
"4599 REFUGEE RD 1D, Columbus, OH, 43232",4599,REFUGEE RD,1D,Columbus,OH,43232,"census-confirmed apartment unit; residential inferred (unit), not auditor-verified"
"4552 MANDEVILLE CT D, Columbus, OH, 43232",4552,MANDEVILLE CT,D,Columbus,OH,43232,"census-confirmed apartment unit; residential inferred (unit), not auditor-verified"
"5566 AUTUMN CHASE DR B, Columbus, OH, 43232",5566,AUTUMN CHASE DR,B,Columbus,OH,43232,"census-confirmed apartment unit; residential inferred (unit), not auditor-verified"
"5844 HALLRIDGE CIR C, Columbus, OH, 43232",5844,HALLRIDGE CIR,C,Columbus,OH,43232,"census-confirmed apartment unit; residential inferred (unit), not auditor-verified"
"2859 CITIZENS PL H, Columbus, OH, 43232",2859,CITIZENS PL,H,Columbus,OH,43232,"census-confirmed apartment unit; residential inferred (unit), not auditor-verified"
"2826 CITIZENS PL E, Columbus, OH, 43232",2826,CITIZENS PL,E,Columbus,OH,43232,"census-confirmed apartment unit; residential inferred (unit), not auditor-verified"
"2826 CITIZENS PL A, Columbus, OH, 43232",2826,CITIZENS PL,A,Columbus,OH,43232,"census-confirmed apartment unit; residential inferred (unit), not auditor-verified"
"2844 CITIZENS PL F, Columbus, OH, 43232",2844,CITIZENS PL,F,Columbus,OH,43232,"census-confirmed apartment unit; residential inferred (unit), not auditor-verified"
"2788 CITIZENS PL G, Columbus, OH, 43232",2788,CITIZENS PL,G,Columbus,OH,43232,"census-confirmed apartment unit; residential inferred (unit), not auditor-verified"
"4491 LAKE SIDE S F, Columbus, OH, 43232",4491,LAKE SIDE S,F,Columbus,OH,43232,"census-confirmed apartment unit; residential inferred (unit), not auditor-verified"
"2827 WYMAN CT D, Columbus, OH, 43232",2827,WYMAN CT,D,Columbus,OH,43232,"census-confirmed apartment unit; residential inferred (unit), not auditor-verified"
"4601 REFUGEE RD 1H, Columbus, OH, 43232",4601,REFUGEE RD,1H,Columbus,OH,43232,"census-confirmed apartment unit; residential inferred (unit), not auditor-verified"
"4593 REFUGEE RD 2E, Columbus, OH, 43232",4593,REFUGEE RD,2E,Columbus,OH,43232,"census-confirmed apartment unit; residential inferred (unit), not auditor-verified"
"4545 LAKE SIDE S A, Columbus, OH, 43232",4545,LAKE SIDE S,A,Columbus,OH,43232,"census-confirmed apartment unit; residential inferred (unit), not auditor-verified"
"4617 REFUGEE RD 2E, Columbus, OH, 43232",4617,REFUGEE RD,2E,Columbus,OH,43232,"census-confirmed apartment unit; residential inferred (unit), not auditor-verified"
"4597 REFUGEE RD 2H, Columbus, OH, 43232",4597,REFUGEE RD,2H,Columbus,OH,43232,"census-confirmed apartment unit; residential inferred (unit), not auditor-verified"
"4593 REFUGEE RD 1J, Columbus, OH, 43232",4593,REFUGEE RD,1J,Columbus,OH,43232,"census-confirmed apartment unit; residential inferred (unit), not auditor-verified"
"4621 REFUGEE RD 1D, Columbus, OH, 43232",4621,REFUGEE RD,1D,Columbus,OH,43232,"census-confirmed apartment unit; residential inferred (unit), not auditor-verified"
"1289 YORKLAND RD UNIT H, Columbus, OH, 43232",1289,YORKLAND RD,UNIT H,Columbus,OH,43232,"census-confirmed apartment unit; residential inferred (unit), not auditor-verified"
"2881 TENNYSON BLVD 203, Columbus, OH, 43232",2881,TENNYSON BLVD,203,Columbus,OH,43232,"census-confirmed apartment unit; residential inferred (unit), not auditor-verified"
"2865 THOREAU CT D, Columbus, OH, 43232",2865,THOREAU CT,D,Columbus,OH,43232,"census-confirmed apartment unit; residential inferred (unit), not auditor-verified"
"2942 NATHANIEL BLVD b, Columbus, OH, 43232",2942,NATHANIEL BLVD,b,Columbus,OH,43232,"census-confirmed apartment unit; residential inferred (unit), not auditor-verified"
"2902 MERRYMOUNT CT C, Columbus, OH, 43232",2902,MERRYMOUNT CT,C,Columbus,OH,43232,"census-confirmed apartment unit; residential inferred (unit), not auditor-verified"
"2866 MERRYMOUNT CT C, Columbus, OH, 43232",2866,MERRYMOUNT CT,C,Columbus,OH,43232,"census-confirmed apartment unit; residential inferred (unit), not auditor-verified"
"4650 HILTON CORPORATE DR 116, Columbus, OH, 43232",4650,HILTON CORPORATE DR,116,Columbus,OH,43232,"census-confirmed apartment unit; residential inferred (unit), not auditor-verified"
"1281 MCNAUGHTEN RD UNIT F, Columbus, OH, 43232",1281,MCNAUGHTEN RD,UNIT F,Columbus,OH,43232,"census-confirmed apartment unit; residential inferred (unit), not auditor-verified"
"1281 MCNAUGHTEN RD UNIT N, Columbus, OH, 43232",1281,MCNAUGHTEN RD,UNIT N,Columbus,OH,43232,"census-confirmed apartment unit; residential inferred (unit), not auditor-verified"
"2496 SCARBOROUGH SQ 3, Columbus, OH, 43232",2496,SCARBOROUGH SQ,3,Columbus,OH,43232,"census-confirmed apartment unit; residential inferred (unit), not auditor-verified"
"6002 LAKE CLUB CT C, Columbus, OH, 43232",6002,LAKE CLUB CT,C,Columbus,OH,43232,"census-confirmed apartment unit; residential inferred (unit), not auditor-verified"
"2720 BRANDY DR 103, Columbus, OH, 43232",2720,BRANDY DR,103,Columbus,OH,43232,"census-confirmed apartment unit; residential inferred (unit), not auditor-verified"
"4810 REFUGEE RD B, Columbus, OH, 43232",4810,REFUGEE RD,B,Columbus,OH,43232,"census-confirmed apartment unit; residential inferred (unit), not auditor-verified"
"5056 COVENTRY CT N B, Columbus, OH, 43232",5056,COVENTRY CT N,B,Columbus,OH,43232,"census-confirmed apartment unit; residential inferred (unit), not auditor-verified"
"5097 CEDAR DR M, Columbus, OH, 43232",5097,CEDAR DR,M,Columbus,OH,43232,"census-confirmed apartment unit; residential inferred (unit), not auditor-verified"
"5330 YORKSHIRE TERRACE DR B9, Columbus, OH, 43232",5330,YORKSHIRE TERRACE DR,B9,Columbus,OH,43232,"census-confirmed apartment unit; residential inferred (unit), not auditor-verified"
"5393 YORKSHIRE TERRACE DR 1C, Columbus, OH, 43232",5393,YORKSHIRE TERRACE DR,1C,Columbus,OH,43232,"census-confirmed apartment unit; residential inferred (unit), not auditor-verified"
"5604 HIBERNIA DR B, Columbus, OH, 43232",5604,HIBERNIA DR,B,Columbus,OH,43232,"census-confirmed apartment unit; residential inferred (unit), not auditor-verified"
"5600 HIBERNIA DR A, Columbus, OH, 43232",5600,HIBERNIA DR,A,Columbus,OH,43232,"census-confirmed apartment unit; residential inferred (unit), not auditor-verified"
"5681 HIBERNIA DR A, Columbus, OH, 43232",5681,HIBERNIA DR,A,Columbus,OH,43232,"census-confirmed apartment unit; residential inferred (unit), not auditor-verified"
"1745 LONSDALE PL E UNIT C, Columbus, OH, 43232",1745,LONSDALE PL E,UNIT C,Columbus,OH,43232,"census-confirmed apartment unit; residential inferred (unit), not auditor-verified"
"5435 LONSDALE PL N UNIT D, Columbus, OH, 43232",5435,LONSDALE PL N,UNIT D,Columbus,OH,43232,"census-confirmed apartment unit; residential inferred (unit), not auditor-verified"
"5445 LONSDALE PL N UNIT D, Columbus, OH, 43232",5445,LONSDALE PL N,UNIT D,Columbus,OH,43232,"census-confirmed apartment unit; residential inferred (unit), not auditor-verified"
"5475 LONSDALE PL S UNIT C, Columbus, OH, 43232",5475,LONSDALE PL S,UNIT C,Columbus,OH,43232,"census-confirmed apartment unit; residential inferred (unit), not auditor-verified"
"2825 CITIZENS PL F, Columbus, OH, 43232",2825,CITIZENS PL,F,Columbus,OH,43232,"census-confirmed apartment unit; residential inferred (unit), not auditor-verified"
"2796 CITIZENS PL A, Columbus, OH, 43232",2796,CITIZENS PL,A,Columbus,OH,43232,"census-confirmed apartment unit; residential inferred (unit), not auditor-verified"
"2832 WYMAN CT B, Columbus, OH, 43232",2832,WYMAN CT,B,Columbus,OH,43232,"census-confirmed apartment unit; residential inferred (unit), not auditor-verified"
"4499 LAKE SIDE S D, Columbus, OH, 43232",4499,LAKE SIDE S,D,Columbus,OH,43232,"census-confirmed apartment unit; residential inferred (unit), not auditor-verified"
"4536 LAKE SIDE S H, Columbus, OH, 43232",4536,LAKE SIDE S,H,Columbus,OH,43232,"census-confirmed apartment unit; residential inferred (unit), not auditor-verified"
"2440 SHORE BLVD W C, Columbus, OH, 43232",2440,SHORE BLVD W,C,Columbus,OH,43232,"census-confirmed apartment unit; residential inferred (unit), not auditor-verified"
"5607 AUTUMN CHASE DR B, Columbus, OH, 43232",5607,AUTUMN CHASE DR,B,Columbus,OH,43232,"census-confirmed apartment unit; residential inferred (unit), not auditor-verified"
"4575 MANDEVILLE CT A, Columbus, OH, 43232",4575,MANDEVILLE CT,A,Columbus,OH,43232,"census-confirmed apartment unit; residential inferred (unit), not auditor-verified"
"2810 NEWCASTLE CT 201, Columbus, OH, 43232",2810,NEWCASTLE CT,201,Columbus,OH,43232,"census-confirmed apartment unit; residential inferred (unit), not auditor-verified"
"4545 LAKE SIDE N B, Columbus, OH, 43232",4545,LAKE SIDE N,B,Columbus,OH,43232,"census-confirmed apartment unit; residential inferred (unit), not auditor-verified"
"2391 SHORE BLVD E B, Columbus, OH, 43232",2391,SHORE BLVD E,B,Columbus,OH,43232,"census-confirmed apartment unit; residential inferred (unit), not auditor-verified"
"4630 HILTON CORPORATE DR 116, Columbus, OH, 43232",4630,HILTON CORPORATE DR,116,Columbus,OH,43232,"census-confirmed apartment unit; residential inferred (unit), not auditor-verified"
"5675 BAIRSFORD CIR N 3, Columbus, OH, 43232",5675,BAIRSFORD CIR N,3,Columbus,OH,43232,"census-confirmed apartment unit; residential inferred (unit), not auditor-verified"
"5983 LAKE CLUB SQ E, Columbus, OH, 43232",5983,LAKE CLUB SQ,E,Columbus,OH,43232,"census-confirmed apartment unit; residential inferred (unit), not auditor-verified"
"5980 LAKE CLUB SQ E, Columbus, OH, 43232",5980,LAKE CLUB SQ,E,Columbus,OH,43232,"census-confirmed apartment unit; residential inferred (unit), not auditor-verified"
"5079 CEDAR DR K, Columbus, OH, 43232",5079,CEDAR DR,K,Columbus,OH,43232,"census-confirmed apartment unit; residential inferred (unit), not auditor-verified"
"5083 CEDAR DR C, Columbus, OH, 43232",5083,CEDAR DR,C,Columbus,OH,43232,"census-confirmed apartment unit; residential inferred (unit), not auditor-verified"
"3466 COURTRIGHT LN B, Columbus, OH, 43232",3466,COURTRIGHT LN,B,Columbus,OH,43232,"census-confirmed apartment unit; residential inferred (unit), not auditor-verified"
"5555 HIBERNIA DR A, Columbus, OH, 43232",5555,HIBERNIA DR,A,Columbus,OH,43232,"census-confirmed apartment unit; residential inferred (unit), not auditor-verified"
"4605 REFUGEE RD 3C, Columbus, OH, 43232",4605,REFUGEE RD,3C,Columbus,OH,43232,"census-confirmed apartment unit; residential inferred (unit), not auditor-verified"
"4620 CHANNING TER B, Columbus, OH, 43232",4620,CHANNING TER,B,Columbus,OH,43232,"census-confirmed apartment unit; residential inferred (unit), not auditor-verified"
"4655 REFUGEE RD 2F, Columbus, OH, 43232",4655,REFUGEE RD,2F,Columbus,OH,43232,"census-confirmed apartment unit; residential inferred (unit), not auditor-verified"
"5685 BAIRSFORD CIR N 3, Columbus, OH, 43232",5685,BAIRSFORD CIR N,3,Columbus,OH,43232,"census-confirmed apartment unit; residential inferred (unit), not auditor-verified"
"4671 REFUGEE RD 2B, Columbus, OH, 43232",4671,REFUGEE RD,2B,Columbus,OH,43232,"census-confirmed apartment unit; residential inferred (unit), not auditor-verified"
"4630 HILTON CORPORATE DR 109, Columbus, OH, 43232",4630,HILTON CORPORATE DR,109,Columbus,OH,43232,"census-confirmed apartment unit; residential inferred (unit), not auditor-verified"
"2874 MERRYMOUNT CT B, Columbus, OH, 43232",2874,MERRYMOUNT CT,B,Columbus,OH,43232,"census-confirmed apartment unit; residential inferred (unit), not auditor-verified"
"1289 YORKLAND RD UNIT F, Columbus, OH, 43232",1289,YORKLAND RD,UNIT F,Columbus,OH,43232,"census-confirmed apartment unit; residential inferred (unit), not auditor-verified"
"4798 LARAINE CT 202, Columbus, OH, 43232",4798,LARAINE CT,202,Columbus,OH,43232,"census-confirmed apartment unit; residential inferred (unit), not auditor-verified"
"4822 REFUGEE RD B, Columbus, OH, 43232",4822,REFUGEE RD,B,Columbus,OH,43232,"census-confirmed apartment unit; residential inferred (unit), not auditor-verified"
"5356 YORKSHIRE TERRACE DR C, Columbus, OH, 43232",5356,YORKSHIRE TERRACE DR,C,Columbus,OH,43232,"census-confirmed apartment unit; residential inferred (unit), not auditor-verified"
"5415 YORKSHIRE TERRACE DR 1B, Columbus, OH, 43232",5415,YORKSHIRE TERRACE DR,1B,Columbus,OH,43232,"census-confirmed apartment unit; residential inferred (unit), not auditor-verified"
"5580 HIBERNIA DR C, Columbus, OH, 43232",5580,HIBERNIA DR,C,Columbus,OH,43232,"census-confirmed apartment unit; residential inferred (unit), not auditor-verified"
"5420 LONSDALE PL N UNIT B, Columbus, OH, 43232",5420,LONSDALE PL N,UNIT B,Columbus,OH,43232,"census-confirmed apartment unit; residential inferred (unit), not auditor-verified"
"1745 LONSDALE PL E UNIT A, Columbus, OH, 43232",1745,LONSDALE PL E,UNIT A,Columbus,OH,43232,"census-confirmed apartment unit; residential inferred (unit), not auditor-verified"
"5533 CANTARA PL 4, Columbus, OH, 43232",5533,CANTARA PL,4,Columbus,OH,43232,"census-confirmed apartment unit; residential inferred (unit), not auditor-verified"
"2786 CITIZENS PL C, Columbus, OH, 43232",2786,CITIZENS PL,C,Columbus,OH,43232,"census-confirmed apartment unit; residential inferred (unit), not auditor-verified"
"2744 CITIZENS PL C, Columbus, OH, 43232",2744,CITIZENS PL,C,Columbus,OH,43232,"census-confirmed apartment unit; residential inferred (unit), not auditor-verified"
"2470 SHORE BLVD W J, Columbus, OH, 43232",2470,SHORE BLVD W,J,Columbus,OH,43232,"census-confirmed apartment unit; residential inferred (unit), not auditor-verified"
"2870 WOOLWICH CT 100, Columbus, OH, 43232",2870,WOOLWICH CT,100,Columbus,OH,43232,"census-confirmed apartment unit; residential inferred (unit), not auditor-verified"
"4551 LAKE SIDE S B, Columbus, OH, 43232",4551,LAKE SIDE S,B,Columbus,OH,43232,"census-confirmed apartment unit; residential inferred (unit), not auditor-verified"
"4661 REFUGEE RD 3B, Columbus, OH, 43232",4661,REFUGEE RD,3B,Columbus,OH,43232,"census-confirmed apartment unit; residential inferred (unit), not auditor-verified"
"4650 HILTON CORPORATE DR 105, Columbus, OH, 43232",4650,HILTON CORPORATE DR,105,Columbus,OH,43232,"census-confirmed apartment unit; residential inferred (unit), not auditor-verified"
"1319 YORKLAND RD UNIT, Columbus, OH, 43232",1319,YORKLAND RD,UNIT,Columbus,OH,43232,"census-confirmed apartment unit; residential inferred (unit), not auditor-verified"
"5878 YORKLAND CT UNIT F, Columbus, OH, 43232",5878,YORKLAND CT,UNIT F,Columbus,OH,43232,"census-confirmed apartment unit; residential inferred (unit), not auditor-verified"
"4800 LARAINE CT 103, Columbus, OH, 43232",4800,LARAINE CT,103,Columbus,OH,43232,"census-confirmed apartment unit; residential inferred (unit), not auditor-verified"
"2740 BRANDY DR 202, Columbus, OH, 43232",2740,BRANDY DR,202,Columbus,OH,43232,"census-confirmed apartment unit; residential inferred (unit), not auditor-verified"
"4810 REFUGEE RD D, Columbus, OH, 43232",4810,REFUGEE RD,D,Columbus,OH,43232,"census-confirmed apartment unit; residential inferred (unit), not auditor-verified"
"5983 LAKE CLUB SQ B, Columbus, OH, 43232",5983,LAKE CLUB SQ,B,Columbus,OH,43232,"census-confirmed apartment unit; residential inferred (unit), not auditor-verified"
"5014 COVENTRY DR D, Columbus, OH, 43232",5014,COVENTRY DR,D,Columbus,OH,43232,"census-confirmed apartment unit; residential inferred (unit), not auditor-verified"
"5099 CEDAR DR K, Columbus, OH, 43232",5099,CEDAR DR,K,Columbus,OH,43232,"census-confirmed apartment unit; residential inferred (unit), not auditor-verified"
"5167 CEDAR DR C, Columbus, OH, 43232",5167,CEDAR DR,C,Columbus,OH,43232,"census-confirmed apartment unit; residential inferred (unit), not auditor-verified"
"5575 HIBERNIA DR B, Columbus, OH, 43232",5575,HIBERNIA DR,B,Columbus,OH,43232,"census-confirmed apartment unit; residential inferred (unit), not auditor-verified"
"5621 HIBERNIA DR C, Columbus, OH, 43232",5621,HIBERNIA DR,C,Columbus,OH,43232,"census-confirmed apartment unit; residential inferred (unit), not auditor-verified"
"5420 LONSDALE PL N UNIT C, Columbus, OH, 43232",5420,LONSDALE PL N,UNIT C,Columbus,OH,43232,"census-confirmed apartment unit; residential inferred (unit), not auditor-verified"
"5539 CANTARA PL 3, Columbus, OH, 43232",5539,CANTARA PL,3,Columbus,OH,43232,"census-confirmed apartment unit; residential inferred (unit), not auditor-verified"
"5598 AUTUMN CHASE DR A, Columbus, OH, 43232",5598,AUTUMN CHASE DR,A,Columbus,OH,43232,"census-confirmed apartment unit; residential inferred (unit), not auditor-verified"
"2826 CITIZENS PL D, Columbus, OH, 43232",2826,CITIZENS PL,D,Columbus,OH,43232,"census-confirmed apartment unit; residential inferred (unit), not auditor-verified"
"2776 CITIZENS PL D, Columbus, OH, 43232",2776,CITIZENS PL,D,Columbus,OH,43232,"census-confirmed apartment unit; residential inferred (unit), not auditor-verified"
"2747 TENNYSON BLVD D, Columbus, OH, 43232",2747,TENNYSON BLVD,D,Columbus,OH,43232,"census-confirmed apartment unit; residential inferred (unit), not auditor-verified"
"2791 NEWCASTLE CT B, Columbus, OH, 43232",2791,NEWCASTLE CT,B,Columbus,OH,43232,"census-confirmed apartment unit; residential inferred (unit), not auditor-verified"
"2451 SHORE BLVD E B, Columbus, OH, 43232",2451,SHORE BLVD E,B,Columbus,OH,43232,"census-confirmed apartment unit; residential inferred (unit), not auditor-verified"
"4609 REFUGEE RD 2H, Columbus, OH, 43232",4609,REFUGEE RD,2H,Columbus,OH,43232,"census-confirmed apartment unit; residential inferred (unit), not auditor-verified"
"4595 REFUGEE RD 3B, Columbus, OH, 43232",4595,REFUGEE RD,3B,Columbus,OH,43232,"census-confirmed apartment unit; residential inferred (unit), not auditor-verified"
"4615 WORDSWORTH CT D, Columbus, OH, 43232",4615,WORDSWORTH CT,D,Columbus,OH,43232,"census-confirmed apartment unit; residential inferred (unit), not auditor-verified"
"4594 ISINGTON CT 202, Columbus, OH, 43232",4594,ISINGTON CT,202,Columbus,OH,43232,"census-confirmed apartment unit; residential inferred (unit), not auditor-verified"
"4619 REFUGEE RD 1I, Columbus, OH, 43232",4619,REFUGEE RD,1I,Columbus,OH,43232,"census-confirmed apartment unit; residential inferred (unit), not auditor-verified"
"5838 HALLRIDGE CIR A, Columbus, OH, 43232",5838,HALLRIDGE CIR,A,Columbus,OH,43232,"census-confirmed apartment unit; residential inferred (unit), not auditor-verified"
"2764 BRANDY DR 201, Columbus, OH, 43232",2764,BRANDY DR,201,Columbus,OH,43232,"census-confirmed apartment unit; residential inferred (unit), not auditor-verified"
"4826 LARAINE CT 101, Columbus, OH, 43232",4826,LARAINE CT,101,Columbus,OH,43232,"census-confirmed apartment unit; residential inferred (unit), not auditor-verified"
"4782 REFUGEE RD A, Columbus, OH, 43232",4782,REFUGEE RD,A,Columbus,OH,43232,"census-confirmed apartment unit; residential inferred (unit), not auditor-verified"
"2504 SCARBOROUGH SQ 5, Columbus, OH, 43232",2504,SCARBOROUGH SQ,5,Columbus,OH,43232,"census-confirmed apartment unit; residential inferred (unit), not auditor-verified"
"5081 CEDAR DR G, Columbus, OH, 43232",5081,CEDAR DR,G,Columbus,OH,43232,"census-confirmed apartment unit; residential inferred (unit), not auditor-verified"
"5572 HIBERNIA DR C, Columbus, OH, 43232",5572,HIBERNIA DR,C,Columbus,OH,43232,"census-confirmed apartment unit; residential inferred (unit), not auditor-verified"
"5453 LONSDALE PL S UNIT A, Columbus, OH, 43232",5453,LONSDALE PL S,UNIT A,Columbus,OH,43232,"census-confirmed apartment unit; residential inferred (unit), not auditor-verified"
"5536 DUNFIELD LN 3, Columbus, OH, 43232",5536,DUNFIELD LN,3,Columbus,OH,43232,"census-confirmed apartment unit; residential inferred (unit), not auditor-verified"
"2853 CITIZENS PL A, Columbus, OH, 43232",2853,CITIZENS PL,A,Columbus,OH,43232,"census-confirmed apartment unit; residential inferred (unit), not auditor-verified"
"2860 CITIZENS PL E, Columbus, OH, 43232",2860,CITIZENS PL,E,Columbus,OH,43232,"census-confirmed apartment unit; residential inferred (unit), not auditor-verified"
"2796 CITIZENS PL F, Columbus, OH, 43232",2796,CITIZENS PL,F,Columbus,OH,43232,"census-confirmed apartment unit; residential inferred (unit), not auditor-verified"
"2744 CITIZENS PL A, Columbus, OH, 43232",2744,CITIZENS PL,A,Columbus,OH,43232,"census-confirmed apartment unit; residential inferred (unit), not auditor-verified"
"4567 MANDEVILLE CT A, Columbus, OH, 43232",4567,MANDEVILLE CT,A,Columbus,OH,43232,"census-confirmed apartment unit; residential inferred (unit), not auditor-verified"
"2935 TENNYSON BLVD A, Columbus, OH, 43232",2935,TENNYSON BLVD,A,Columbus,OH,43232,"census-confirmed apartment unit; residential inferred (unit), not auditor-verified"
"2431 SHORE BLVD E K, Columbus, OH, 43232",2431,SHORE BLVD E,K,Columbus,OH,43232,"census-confirmed apartment unit; residential inferred (unit), not auditor-verified"
"2411 SHORE BLVD E L, Columbus, OH, 43232",2411,SHORE BLVD E,L,Columbus,OH,43232,"census-confirmed apartment unit; residential inferred (unit), not auditor-verified"
"4617 REFUGEE RD 2H, Columbus, OH, 43232",4617,REFUGEE RD,2H,Columbus,OH,43232,"census-confirmed apartment unit; residential inferred (unit), not auditor-verified"
"4591 WORDSWORTH CT B, Columbus, OH, 43232",4591,WORDSWORTH CT,B,Columbus,OH,43232,"census-confirmed apartment unit; residential inferred (unit), not auditor-verified"
"2813 TENNYSON BLVD 209, Columbus, OH, 43232",2813,TENNYSON BLVD,209,Columbus,OH,43232,"census-confirmed apartment unit; residential inferred (unit), not auditor-verified"
"2491 SHORE BLVD E B, Columbus, OH, 43232",2491,SHORE BLVD E,B,Columbus,OH,43232,"census-confirmed apartment unit; residential inferred (unit), not auditor-verified"
"4633 COLERIDGE CT D, Columbus, OH, 43232",4633,COLERIDGE CT,D,Columbus,OH,43232,"census-confirmed apartment unit; residential inferred (unit), not auditor-verified"
"4667 REFUGEE RD 2A, Columbus, OH, 43232",4667,REFUGEE RD,2A,Columbus,OH,43232,"census-confirmed apartment unit; residential inferred (unit), not auditor-verified"
"1299 YORKLAND RD UNIT, Columbus, OH, 43232",1299,YORKLAND RD,UNIT,Columbus,OH,43232,"census-confirmed apartment unit; residential inferred (unit), not auditor-verified"
"1285 YORKLAND RD UNIT B, Columbus, OH, 43232",1285,YORKLAND RD,UNIT B,Columbus,OH,43232,"census-confirmed apartment unit; residential inferred (unit), not auditor-verified"
"5595 AUTUMN CHASE DR B, Columbus, OH, 43232",5595,AUTUMN CHASE DR,B,Columbus,OH,43232,"census-confirmed apartment unit; residential inferred (unit), not auditor-verified"
"2849 CITIZENS PL B, Columbus, OH, 43232",2849,CITIZENS PL,B,Columbus,OH,43232,"census-confirmed apartment unit; residential inferred (unit), not auditor-verified"
"2860 CITIZENS PL B, Columbus, OH, 43232",2860,CITIZENS PL,B,Columbus,OH,43232,"census-confirmed apartment unit; residential inferred (unit), not auditor-verified"
"5675 BAIRSFORD CIR N 2, Columbus, OH, 43232",5675,BAIRSFORD CIR N,2,Columbus,OH,43232,"census-confirmed apartment unit; residential inferred (unit), not auditor-verified"
"2817 WYMAN CT B, Columbus, OH, 43232",2817,WYMAN CT,B,Columbus,OH,43232,"census-confirmed apartment unit; residential inferred (unit), not auditor-verified"
"4515 LAKE SIDE N B, Columbus, OH, 43232",4515,LAKE SIDE N,B,Columbus,OH,43232,"census-confirmed apartment unit; residential inferred (unit), not auditor-verified"
"2870 WOOLWICH CT 202, Columbus, OH, 43232",2870,WOOLWICH CT,202,Columbus,OH,43232,"census-confirmed apartment unit; residential inferred (unit), not auditor-verified"
"4586 ISINGTON CT 202, Columbus, OH, 43232",4586,ISINGTON CT,202,Columbus,OH,43232,"census-confirmed apartment unit; residential inferred (unit), not auditor-verified"
"1285 YORKLAND RD UNIT I, Columbus, OH, 43232",1285,YORKLAND RD,UNIT I,Columbus,OH,43232,"census-confirmed apartment unit; residential inferred (unit), not auditor-verified"
"5878 YORKLAND CT UNIT C, Columbus, OH, 43232",5878,YORKLAND CT,UNIT C,Columbus,OH,43232,"census-confirmed apartment unit; residential inferred (unit), not auditor-verified"
"4605 REFUGEE RD 2A, Columbus, OH, 43232",4605,REFUGEE RD,2A,Columbus,OH,43232,"census-confirmed apartment unit; residential inferred (unit), not auditor-verified"
"4611 REFUGEE RD 3B, Columbus, OH, 43232",4611,REFUGEE RD,3B,Columbus,OH,43232,"census-confirmed apartment unit; residential inferred (unit), not auditor-verified"
"2886 TENNYSON BLVD D, Columbus, OH, 43232",2886,TENNYSON BLVD,D,Columbus,OH,43232,"census-confirmed apartment unit; residential inferred (unit), not auditor-verified"
"4613 REFUGEE RD 1B, Columbus, OH, 43232",4613,REFUGEE RD,1B,Columbus,OH,43232,"census-confirmed apartment unit; residential inferred (unit), not auditor-verified"
"4619 HEBRIDES DR D, Columbus, OH, 43232",4619,HEBRIDES DR,D,Columbus,OH,43232,"census-confirmed apartment unit; residential inferred (unit), not auditor-verified"
"4661 REFUGEE RD 3A, Columbus, OH, 43232",4661,REFUGEE RD,3A,Columbus,OH,43232,"census-confirmed apartment unit; residential inferred (unit), not auditor-verified"
"4671 REFUGEE RD 1D, Columbus, OH, 43232",4671,REFUGEE RD,1D,Columbus,OH,43232,"census-confirmed apartment unit; residential inferred (unit), not auditor-verified"
"3180 ELIM MANOR CT 201, Columbus, OH, 43232",3180,ELIM MANOR CT,201,Columbus,OH,43232,"census-confirmed apartment unit; residential inferred (unit), not auditor-verified"
"4792 LARAINE CT 204, Columbus, OH, 43232",4792,LARAINE CT,204,Columbus,OH,43232,"census-confirmed apartment unit; residential inferred (unit), not auditor-verified"
"2091 LAKE CLUB TER H, Columbus, OH, 43232",2091,LAKE CLUB TER,H,Columbus,OH,43232,"census-confirmed apartment unit; residential inferred (unit), not auditor-verified"
"5980 LAKE CLUB SQ I, Columbus, OH, 43232",5980,LAKE CLUB SQ,I,Columbus,OH,43232,"census-confirmed apartment unit; residential inferred (unit), not auditor-verified"
"1870 COVENTRY CT C, Columbus, OH, 43232",1870,COVENTRY CT,C,Columbus,OH,43232,"census-confirmed apartment unit; residential inferred (unit), not auditor-verified"
"5099 CEDAR DR C, Columbus, OH, 43232",5099,CEDAR DR,C,Columbus,OH,43232,"census-confirmed apartment unit; residential inferred (unit), not auditor-verified"
"5165 CEDAR DR L, Columbus, OH, 43232",5165,CEDAR DR,L,Columbus,OH,43232,"census-confirmed apartment unit; residential inferred (unit), not auditor-verified"
"5418 LONSDALE PL S UNIT D, Columbus, OH, 43232",5418,LONSDALE PL S,UNIT D,Columbus,OH,43232,"census-confirmed apartment unit; residential inferred (unit), not auditor-verified"
"5498 LONSDALE PL N UNIT A, Columbus, OH, 43232",5498,LONSDALE PL N,UNIT A,Columbus,OH,43232,"census-confirmed apartment unit; residential inferred (unit), not auditor-verified"
"5707 HIBERNIA DR C, Columbus, OH, 43232",5707,HIBERNIA DR,C,Columbus,OH,43232,"census-confirmed apartment unit; residential inferred (unit), not auditor-verified"
"4822 REFUGEE RD A, Columbus, OH, 43232",4822,REFUGEE RD,A,Columbus,OH,43232,"census-confirmed apartment unit; residential inferred (unit), not auditor-verified"
"5119 CEDAR DR B, Columbus, OH, 43232",5119,CEDAR DR,B,Columbus,OH,43232,"census-confirmed apartment unit; residential inferred (unit), not auditor-verified"
"2213 COURTSIDE DR D, Columbus, OH, 43232",2213,COURTSIDE DR,D,Columbus,OH,43232,"census-confirmed apartment unit; residential inferred (unit), not auditor-verified"
"5595 HIBERNIA DR A, Columbus, OH, 43232",5595,HIBERNIA DR,A,Columbus,OH,43232,"census-confirmed apartment unit; residential inferred (unit), not auditor-verified"
"5603 HIBERNIA DR B, Columbus, OH, 43232",5603,HIBERNIA DR,B,Columbus,OH,43232,"census-confirmed apartment unit; residential inferred (unit), not auditor-verified"
"5681 HIBERNIA DR B, Columbus, OH, 43232",5681,HIBERNIA DR,B,Columbus,OH,43232,"census-confirmed apartment unit; residential inferred (unit), not auditor-verified"
"5516 DUNFIELD LN 1, Columbus, OH, 43232",5516,DUNFIELD LN,1,Columbus,OH,43232,"census-confirmed apartment unit; residential inferred (unit), not auditor-verified"
"5716 HIBERNIA DR B, Columbus, OH, 43232",5716,HIBERNIA DR,B,Columbus,OH,43232,"census-confirmed apartment unit; residential inferred (unit), not auditor-verified"
"5796 HIBERNIA DR C, Columbus, OH, 43232",5796,HIBERNIA DR,C,Columbus,OH,43232,"census-confirmed apartment unit; residential inferred (unit), not auditor-verified"
"1778 LONSDALE PL E UNIT D, Columbus, OH, 43232",1778,LONSDALE PL E,UNIT D,Columbus,OH,43232,"census-confirmed apartment unit; residential inferred (unit), not auditor-verified"
"2830 WYMAN CT D, Columbus, OH, 43232",2830,WYMAN CT,D,Columbus,OH,43232,"census-confirmed apartment unit; residential inferred (unit), not auditor-verified"
"2460 SHORE BLVD W D, Columbus, OH, 43232",2460,SHORE BLVD W,D,Columbus,OH,43232,"census-confirmed apartment unit; residential inferred (unit), not auditor-verified"
"4530 LAKE SIDE N L, Columbus, OH, 43232",4530,LAKE SIDE N,L,Columbus,OH,43232,"census-confirmed apartment unit; residential inferred (unit), not auditor-verified"
"4599 REFUGEE RD 2C, Columbus, OH, 43232",4599,REFUGEE RD,2C,Columbus,OH,43232,"census-confirmed apartment unit; residential inferred (unit), not auditor-verified"
"2943 TENNYSON BLVD C, Columbus, OH, 43232",2943,TENNYSON BLVD,C,Columbus,OH,43232,"census-confirmed apartment unit; residential inferred (unit), not auditor-verified"
"4578 ISINGTON CT B, Columbus, OH, 43232",4578,ISINGTON CT,B,Columbus,OH,43232,"census-confirmed apartment unit; residential inferred (unit), not auditor-verified"
"4578 ISINGTON CT C, Columbus, OH, 43232",4578,ISINGTON CT,C,Columbus,OH,43232,"census-confirmed apartment unit; residential inferred (unit), not auditor-verified"
"2810 NEWCASTLE CT 202, Columbus, OH, 43232",2810,NEWCASTLE CT,202,Columbus,OH,43232,"census-confirmed apartment unit; residential inferred (unit), not auditor-verified"
"4544 LAKE SIDE S E, Columbus, OH, 43232",4544,LAKE SIDE S,E,Columbus,OH,43232,"census-confirmed apartment unit; residential inferred (unit), not auditor-verified"
"4617 REFUGEE RD 1F, Columbus, OH, 43232",4617,REFUGEE RD,1F,Columbus,OH,43232,"census-confirmed apartment unit; residential inferred (unit), not auditor-verified"
"4613 REFUGEE RD 1C, Columbus, OH, 43232",4613,REFUGEE RD,1C,Columbus,OH,43232,"census-confirmed apartment unit; residential inferred (unit), not auditor-verified"
"4620 CHANNING TER A, Columbus, OH, 43232",4620,CHANNING TER,A,Columbus,OH,43232,"census-confirmed apartment unit; residential inferred (unit), not auditor-verified"
"4619 HEBRIDES DR A, Columbus, OH, 43232",4619,HEBRIDES DR,A,Columbus,OH,43232,"census-confirmed apartment unit; residential inferred (unit), not auditor-verified"
"4661 REFUGEE RD 1E, Columbus, OH, 43232",4661,REFUGEE RD,1E,Columbus,OH,43232,"census-confirmed apartment unit; residential inferred (unit), not auditor-verified"
"4661 REFUGEE RD 2F, Columbus, OH, 43232",4661,REFUGEE RD,2F,Columbus,OH,43232,"census-confirmed apartment unit; residential inferred (unit), not auditor-verified"
"2865 THOREAU CT A, Columbus, OH, 43232",2865,THOREAU CT,A,Columbus,OH,43232,"census-confirmed apartment unit; residential inferred (unit), not auditor-verified"
"2912 MERRYMOUNT CT A, Columbus, OH, 43232",2912,MERRYMOUNT CT,A,Columbus,OH,43232,"census-confirmed apartment unit; residential inferred (unit), not auditor-verified"
"4656 HEBRIDES DR D, Columbus, OH, 43232",4656,HEBRIDES DR,D,Columbus,OH,43232,"census-confirmed apartment unit; residential inferred (unit), not auditor-verified"
"4630 HILTON CORPORATE DR 213, Columbus, OH, 43232",4630,HILTON CORPORATE DR,213,Columbus,OH,43232,"census-confirmed apartment unit; residential inferred (unit), not auditor-verified"
"2772 BRANDY DR 204, Columbus, OH, 43232",2772,BRANDY DR,204,Columbus,OH,43232,"census-confirmed apartment unit; residential inferred (unit), not auditor-verified"
"2847 CITIZENS PL E, Columbus, OH, 43232",2847,CITIZENS PL,E,Columbus,OH,43232,"census-confirmed apartment unit; residential inferred (unit), not auditor-verified"
"2827 WYMAN CT B, Columbus, OH, 43232",2827,WYMAN CT,B,Columbus,OH,43232,"census-confirmed apartment unit; residential inferred (unit), not auditor-verified"
"5685 BAIRSFORD CIR N 5, Columbus, OH, 43232",5685,BAIRSFORD CIR N,5,Columbus,OH,43232,"census-confirmed apartment unit; residential inferred (unit), not auditor-verified"
"4603 REFUGEE RD 1F, Columbus, OH, 43232",4603,REFUGEE RD,1F,Columbus,OH,43232,"census-confirmed apartment unit; residential inferred (unit), not auditor-verified"
"4599 REFUGEE RD 1B, Columbus, OH, 43232",4599,REFUGEE RD,1B,Columbus,OH,43232,"census-confirmed apartment unit; residential inferred (unit), not auditor-verified"
"4558 MANDEVILLE CT A, Columbus, OH, 43232",4558,MANDEVILLE CT,A,Columbus,OH,43232,"census-confirmed apartment unit; residential inferred (unit), not auditor-verified"
"4564 ISINGTON CT 202, Columbus, OH, 43232",4564,ISINGTON CT,202,Columbus,OH,43232,"census-confirmed apartment unit; residential inferred (unit), not auditor-verified"
"4573 MONMOUTH CT 209, Columbus, OH, 43232",4573,MONMOUTH CT,209,Columbus,OH,43232,"census-confirmed apartment unit; residential inferred (unit), not auditor-verified"
"2449 SHORE BLVD E D, Columbus, OH, 43232",2449,SHORE BLVD E,D,Columbus,OH,43232,"census-confirmed apartment unit; residential inferred (unit), not auditor-verified"
"4550 LAKE SIDE N I, Columbus, OH, 43232",4550,LAKE SIDE N,I,Columbus,OH,43232,"census-confirmed apartment unit; residential inferred (unit), not auditor-verified"
"4611 REFUGEE RD 3G, Columbus, OH, 43232",4611,REFUGEE RD,3G,Columbus,OH,43232,"census-confirmed apartment unit; residential inferred (unit), not auditor-verified"
"5878 YORKLAND CT UNIT P, Columbus, OH, 43232",5878,YORKLAND CT,UNIT P,Columbus,OH,43232,"census-confirmed apartment unit; residential inferred (unit), not auditor-verified"
"1281 MCNAUGHTEN RD UNIT E, Columbus, OH, 43232",1281,MCNAUGHTEN RD,UNIT E,Columbus,OH,43232,"census-confirmed apartment unit; residential inferred (unit), not auditor-verified"
"4615 REFUGEE RD 2A, Columbus, OH, 43232",4615,REFUGEE RD,2A,Columbus,OH,43232,"census-confirmed apartment unit; residential inferred (unit), not auditor-verified"
"4659 REFUGEE RD 1C, Columbus, OH, 43232",4659,REFUGEE RD,1C,Columbus,OH,43232,"census-confirmed apartment unit; residential inferred (unit), not auditor-verified"
"4661 REFUGEE RD 3F, Columbus, OH, 43232",4661,REFUGEE RD,3F,Columbus,OH,43232,"census-confirmed apartment unit; residential inferred (unit), not auditor-verified"
"2885 THOREAU CT D, Columbus, OH, 43232",2885,THOREAU CT,D,Columbus,OH,43232,"census-confirmed apartment unit; residential inferred (unit), not auditor-verified"
"3180 ELIM MANOR CT 206, Columbus, OH, 43232",3180,ELIM MANOR CT,206,Columbus,OH,43232,"census-confirmed apartment unit; residential inferred (unit), not auditor-verified"
"1870 COVENTRY CT D, Columbus, OH, 43232",1870,COVENTRY CT,D,Columbus,OH,43232,"census-confirmed apartment unit; residential inferred (unit), not auditor-verified"
"5095 CEDAR DR A, Columbus, OH, 43232",5095,CEDAR DR,A,Columbus,OH,43232,"census-confirmed apartment unit; residential inferred (unit), not auditor-verified"
"2233 COURTSIDE DR C, Columbus, OH, 43232",2233,COURTSIDE DR,C,Columbus,OH,43232,"census-confirmed apartment unit; residential inferred (unit), not auditor-verified"
"5330 YORKSHIRE TERRACE DR B6, Columbus, OH, 43232",5330,YORKSHIRE TERRACE DR,B6,Columbus,OH,43232,"census-confirmed apartment unit; residential inferred (unit), not auditor-verified"
"5664 HIBERNIA DR A, Columbus, OH, 43232",5664,HIBERNIA DR,A,Columbus,OH,43232,"census-confirmed apartment unit; residential inferred (unit), not auditor-verified"
"5726 HIBERNIA DR B, Columbus, OH, 43232",5726,HIBERNIA DR,B,Columbus,OH,43232,"census-confirmed apartment unit; residential inferred (unit), not auditor-verified"
"5476 LONSDALE PL N UNIT A, Columbus, OH, 43232",5476,LONSDALE PL N,UNIT A,Columbus,OH,43232,"census-confirmed apartment unit; residential inferred (unit), not auditor-verified"
"2510 KIMBERLY PKWY E UNIT 204, Columbus, OH, 43232",2510,KIMBERLY PKWY E,UNIT 204,Columbus,OH,43232,"census-confirmed apartment unit; residential inferred (unit), not auditor-verified"
"5554 AUTUMN CHASE DR A, Columbus, OH, 43232",5554,AUTUMN CHASE DR,A,Columbus,OH,43232,"census-confirmed apartment unit; residential inferred (unit), not auditor-verified"
"5577 AUTUMN CHASE DR B, Columbus, OH, 43232",5577,AUTUMN CHASE DR,B,Columbus,OH,43232,"census-confirmed apartment unit; residential inferred (unit), not auditor-verified"
"4788 ROLLINGBROOK LN B, Columbus, OH, 43232",4788,ROLLINGBROOK LN,B,Columbus,OH,43232,"census-confirmed apartment unit; residential inferred (unit), not auditor-verified"
"5083 CEDAR DR M, Columbus, OH, 43232",5083,CEDAR DR,M,Columbus,OH,43232,"census-confirmed apartment unit; residential inferred (unit), not auditor-verified"
"5119 CEDAR DR H, Columbus, OH, 43232",5119,CEDAR DR,H,Columbus,OH,43232,"census-confirmed apartment unit; residential inferred (unit), not auditor-verified"
"5381 YORKSHIRE TERRACE DR 1B, Columbus, OH, 43232",5381,YORKSHIRE TERRACE DR,1B,Columbus,OH,43232,"census-confirmed apartment unit; residential inferred (unit), not auditor-verified"
"5381 YORKSHIRE TERRACE DR 1C, Columbus, OH, 43232",5381,YORKSHIRE TERRACE DR,1C,Columbus,OH,43232,"census-confirmed apartment unit; residential inferred (unit), not auditor-verified"
"5563 HIBERNIA DR B, Columbus, OH, 43232",5563,HIBERNIA DR,B,Columbus,OH,43232,"census-confirmed apartment unit; residential inferred (unit), not auditor-verified"
"5393 YORKSHIRE TERRACE DR 2A, Columbus, OH, 43232",5393,YORKSHIRE TERRACE DR,2A,Columbus,OH,43232,"census-confirmed apartment unit; residential inferred (unit), not auditor-verified"
"2510 KIMBERLY PKWY E 102, Columbus, OH, 43232",2510,KIMBERLY PKWY E,102,Columbus,OH,43232,"census-confirmed apartment unit; residential inferred (unit), not auditor-verified"
"5453 LONSDALE PL S UNIT B, Columbus, OH, 43232",5453,LONSDALE PL S,UNIT B,Columbus,OH,43232,"census-confirmed apartment unit; residential inferred (unit), not auditor-verified"
"2752 EASTLAND MALL UNIT A, Columbus, OH, 43232",2752,EASTLAND MALL,UNIT A,Columbus,OH,43232,"census-confirmed apartment unit; residential inferred (unit), not auditor-verified"
"5565 AUTUMN CHASE DR B, Columbus, OH, 43232",5565,AUTUMN CHASE DR,B,Columbus,OH,43232,"census-confirmed apartment unit; residential inferred (unit), not auditor-verified"
"2786 CITIZENS PL F, Columbus, OH, 43232",2786,CITIZENS PL,F,Columbus,OH,43232,"census-confirmed apartment unit; residential inferred (unit), not auditor-verified"
"4601 REFUGEE RD 1I, Columbus, OH, 43232",4601,REFUGEE RD,1I,Columbus,OH,43232,"census-confirmed apartment unit; residential inferred (unit), not auditor-verified"
"2870 WOOLWICH CT 101, Columbus, OH, 43232",2870,WOOLWICH CT,101,Columbus,OH,43232,"census-confirmed apartment unit; residential inferred (unit), not auditor-verified"
"2870 WOOLWICH CT 206, Columbus, OH, 43232",2870,WOOLWICH CT,206,Columbus,OH,43232,"census-confirmed apartment unit; residential inferred (unit), not auditor-verified"
"2501 SHORE BLVD E J, Columbus, OH, 43232",2501,SHORE BLVD E,J,Columbus,OH,43232,"census-confirmed apartment unit; residential inferred (unit), not auditor-verified"
"4609 REFUGEE RD 3I, Columbus, OH, 43232",4609,REFUGEE RD,3I,Columbus,OH,43232,"census-confirmed apartment unit; residential inferred (unit), not auditor-verified"
"4591 WORDSWORTH CT C, Columbus, OH, 43232",4591,WORDSWORTH CT,C,Columbus,OH,43232,"census-confirmed apartment unit; residential inferred (unit), not auditor-verified"
"2881 TENNYSON BLVD 104, Columbus, OH, 43232",2881,TENNYSON BLVD,104,Columbus,OH,43232,"census-confirmed apartment unit; residential inferred (unit), not auditor-verified"
"2445 SHORE BLVD E H, Columbus, OH, 43232",2445,SHORE BLVD E,H,Columbus,OH,43232,"census-confirmed apartment unit; residential inferred (unit), not auditor-verified"
"4611 REFUGEE RD 3C, Columbus, OH, 43232",4611,REFUGEE RD,3C,Columbus,OH,43232,"census-confirmed apartment unit; residential inferred (unit), not auditor-verified"
"4690 FENIMORE CT C, Columbus, OH, 43232",4690,FENIMORE CT,C,Columbus,OH,43232,"census-confirmed apartment unit; residential inferred (unit), not auditor-verified"
"4686 FENIMORE CT C, Columbus, OH, 43232",4686,FENIMORE CT,C,Columbus,OH,43232,"census-confirmed apartment unit; residential inferred (unit), not auditor-verified"
"2450 SHORE BLVD W K, Columbus, OH, 43232",2450,SHORE BLVD W,K,Columbus,OH,43232,"census-confirmed apartment unit; residential inferred (unit), not auditor-verified"
"4617 REFUGEE RD 2C, Columbus, OH, 43232",4617,REFUGEE RD,2C,Columbus,OH,43232,"census-confirmed apartment unit; residential inferred (unit), not auditor-verified"
"2445 SHORE BLVD E E, Columbus, OH, 43232",2445,SHORE BLVD E,E,Columbus,OH,43232,"census-confirmed apartment unit; residential inferred (unit), not auditor-verified"
"4655 REFUGEE RD 2D, Columbus, OH, 43232",4655,REFUGEE RD,2D,Columbus,OH,43232,"census-confirmed apartment unit; residential inferred (unit), not auditor-verified"
"4619 REFUGEE RD 3H, Columbus, OH, 43232",4619,REFUGEE RD,3H,Columbus,OH,43232,"census-confirmed apartment unit; residential inferred (unit), not auditor-verified"
"4770 LARAINE CT 103, Columbus, OH, 43232",4770,LARAINE CT,103,Columbus,OH,43232,"census-confirmed apartment unit; residential inferred (unit), not auditor-verified"
"2720 BRANDY DR 203, Columbus, OH, 43232",2720,BRANDY DR,203,Columbus,OH,43232,"census-confirmed apartment unit; residential inferred (unit), not auditor-verified"
"3180 ELIM MANOR CT 204, Columbus, OH, 43232",3180,ELIM MANOR CT,204,Columbus,OH,43232,"census-confirmed apartment unit; residential inferred (unit), not auditor-verified"
"3180 ELIM MANOR CT 202, Columbus, OH, 43232",3180,ELIM MANOR CT,202,Columbus,OH,43232,"census-confirmed apartment unit; residential inferred (unit), not auditor-verified"
"5046 COVENTRY CT N C, Columbus, OH, 43232",5046,COVENTRY CT N,C,Columbus,OH,43232,"census-confirmed apartment unit; residential inferred (unit), not auditor-verified"
"5056 COVENTRY CT N C, Columbus, OH, 43232",5056,COVENTRY CT N,C,Columbus,OH,43232,"census-confirmed apartment unit; residential inferred (unit), not auditor-verified"
"5625 HIBERNIA DR C, Columbus, OH, 43232",5625,HIBERNIA DR,C,Columbus,OH,43232,"census-confirmed apartment unit; residential inferred (unit), not auditor-verified"
"5657 HIBERNIA DR C, Columbus, OH, 43232",5657,HIBERNIA DR,C,Columbus,OH,43232,"census-confirmed apartment unit; residential inferred (unit), not auditor-verified"
"5461 LONSDALE PL S UNIT C, Columbus, OH, 43232",5461,LONSDALE PL S,UNIT C,Columbus,OH,43232,"census-confirmed apartment unit; residential inferred (unit), not auditor-verified"
"5476 LONSDALE PL N UNIT C, Columbus, OH, 43232",5476,LONSDALE PL N,UNIT C,Columbus,OH,43232,"census-confirmed apartment unit; residential inferred (unit), not auditor-verified"
"5734 HIBERNIA DR B, Columbus, OH, 43232",5734,HIBERNIA DR,B,Columbus,OH,43232,"census-confirmed apartment unit; residential inferred (unit), not auditor-verified"
"5685 BAIRSFORD CIR N 9, Columbus, OH, 43232",5685,BAIRSFORD CIR N,9,Columbus,OH,43232,"census-confirmed apartment unit; residential inferred (unit), not auditor-verified"
"5427 YORKSHIRE TERRACE DR 2B, Columbus, OH, 43232",5427,YORKSHIRE TERRACE DR,2B,Columbus,OH,43232,"census-confirmed apartment unit; residential inferred (unit), not auditor-verified"
"5398 YORKSHIRE TERRACE DR A, Columbus, OH, 43232",5398,YORKSHIRE TERRACE DR,A,Columbus,OH,43232,"census-confirmed apartment unit; residential inferred (unit), not auditor-verified"
"5689 HIBERNIA DR C, Columbus, OH, 43232",5689,HIBERNIA DR,C,Columbus,OH,43232,"census-confirmed apartment unit; residential inferred (unit), not auditor-verified"
"5533 CANTARA PL 3, Columbus, OH, 43232",5533,CANTARA PL,3,Columbus,OH,43232,"census-confirmed apartment unit; residential inferred (unit), not auditor-verified"
"5530 DUNFIELD LN 6, Columbus, OH, 43232",5530,DUNFIELD LN,6,Columbus,OH,43232,"census-confirmed apartment unit; residential inferred (unit), not auditor-verified"
"5619 AUTUMN CHASE DR A, Columbus, OH, 43232",5619,AUTUMN CHASE DR,A,Columbus,OH,43232,"census-confirmed apartment unit; residential inferred (unit), not auditor-verified"
"5983 LAKE CLUB SQ A, Columbus, OH, 43232",5983,LAKE CLUB SQ,A,Columbus,OH,43232,"census-confirmed apartment unit; residential inferred (unit), not auditor-verified"
"5838 HALLRIDGE CIR D, Columbus, OH, 43232",5838,HALLRIDGE CIR,D,Columbus,OH,43232,"census-confirmed apartment unit; residential inferred (unit), not auditor-verified"
"1874 COVENTRY CT A, Columbus, OH, 43232",1874,COVENTRY CT,A,Columbus,OH,43232,"census-confirmed apartment unit; residential inferred (unit), not auditor-verified"
"5685 BAIRSFORD CIR N 14, Columbus, OH, 43232",5685,BAIRSFORD CIR N,14,Columbus,OH,43232,"census-confirmed apartment unit; residential inferred (unit), not auditor-verified"
"5081 CEDAR DR K, Columbus, OH, 43232",5081,CEDAR DR,K,Columbus,OH,43232,"census-confirmed apartment unit; residential inferred (unit), not auditor-verified"
"2853 CITIZENS PL F, Columbus, OH, 43232",2853,CITIZENS PL,F,Columbus,OH,43232,"census-confirmed apartment unit; residential inferred (unit), not auditor-verified"
"2776 CITIZENS PL G, Columbus, OH, 43232",2776,CITIZENS PL,G,Columbus,OH,43232,"census-confirmed apartment unit; residential inferred (unit), not auditor-verified"
"2755 TENNYSON BLVD C, Columbus, OH, 43232",2755,TENNYSON BLVD,C,Columbus,OH,43232,"census-confirmed apartment unit; residential inferred (unit), not auditor-verified"
"2735 TENNYSON BLVD D, Columbus, OH, 43232",2735,TENNYSON BLVD,D,Columbus,OH,43232,"census-confirmed apartment unit; residential inferred (unit), not auditor-verified"
"4593 REFUGEE RD 1F, Columbus, OH, 43232",4593,REFUGEE RD,1F,Columbus,OH,43232,"census-confirmed apartment unit; residential inferred (unit), not auditor-verified"
"2471 SHORE BLVD E A, Columbus, OH, 43232",2471,SHORE BLVD E,A,Columbus,OH,43232,"census-confirmed apartment unit; residential inferred (unit), not auditor-verified"
"4661 REFUGEE RD 1B, Columbus, OH, 43232",4661,REFUGEE RD,1B,Columbus,OH,43232,"census-confirmed apartment unit; residential inferred (unit), not auditor-verified"
"4630 HILTON CORPORATE DR 209, Columbus, OH, 43232",4630,HILTON CORPORATE DR,209,Columbus,OH,43232,"census-confirmed apartment unit; residential inferred (unit), not auditor-verified"
"2536 SCARBOROUGH SQ 12, Columbus, OH, 43232",2536,SCARBOROUGH SQ,12,Columbus,OH,43232,"census-confirmed apartment unit; residential inferred (unit), not auditor-verified"
"5356 YORKSHIRE TERRACE DR B, Columbus, OH, 43232",5356,YORKSHIRE TERRACE DR,B,Columbus,OH,43232,"census-confirmed apartment unit; residential inferred (unit), not auditor-verified"
"5543 HIBERNIA DR C, Columbus, OH, 43232",5543,HIBERNIA DR,C,Columbus,OH,43232,"census-confirmed apartment unit; residential inferred (unit), not auditor-verified"
"5588 HIBERNIA DR A, Columbus, OH, 43232",5588,HIBERNIA DR,A,Columbus,OH,43232,"census-confirmed apartment unit; residential inferred (unit), not auditor-verified"
"4800 LARAINE CT 204, Columbus, OH, 43232",4800,LARAINE CT,204,Columbus,OH,43232,"census-confirmed apartment unit; residential inferred (unit), not auditor-verified"
"2714 BRANDY DR 201, Columbus, OH, 43232",2714,BRANDY DR,201,Columbus,OH,43232,"census-confirmed apartment unit; residential inferred (unit), not auditor-verified"
"2738 BRANDY DR 201, Columbus, OH, 43232",2738,BRANDY DR,201,Columbus,OH,43232,"census-confirmed apartment unit; residential inferred (unit), not auditor-verified"
"2738 BRANDY DR 204, Columbus, OH, 43232",2738,BRANDY DR,204,Columbus,OH,43232,"census-confirmed apartment unit; residential inferred (unit), not auditor-verified"
"5545 CANTARA PL 1, Columbus, OH, 43232",5545,CANTARA PL,1,Columbus,OH,43232,"census-confirmed apartment unit; residential inferred (unit), not auditor-verified"
"5099 CEDAR DR G, Columbus, OH, 43232",5099,CEDAR DR,G,Columbus,OH,43232,"census-confirmed apartment unit; residential inferred (unit), not auditor-verified"
"5121 CEDAR DR D, Columbus, OH, 43232",5121,CEDAR DR,D,Columbus,OH,43232,"census-confirmed apartment unit; residential inferred (unit), not auditor-verified"
"5165 CEDAR DR C, Columbus, OH, 43232",5165,CEDAR DR,C,Columbus,OH,43232,"census-confirmed apartment unit; residential inferred (unit), not auditor-verified"
"4611 REFUGEE RD 1B, Columbus, OH, 43232",4611,REFUGEE RD,1B,Columbus,OH,43232,"census-confirmed apartment unit; residential inferred (unit), not auditor-verified"
"4593 REFUGEE RD 3I, Columbus, OH, 43232",4593,REFUGEE RD,3I,Columbus,OH,43232,"census-confirmed apartment unit; residential inferred (unit), not auditor-verified"
"4585 ISINGTON CT B, Columbus, OH, 43232",4585,ISINGTON CT,B,Columbus,OH,43232,"census-confirmed apartment unit; residential inferred (unit), not auditor-verified"
"4590 LAKE SIDE N K, Columbus, OH, 43232",4590,LAKE SIDE N,K,Columbus,OH,43232,"census-confirmed apartment unit; residential inferred (unit), not auditor-verified"
"2851 CITIZENS PL G, Columbus, OH, 43232",2851,CITIZENS PL,G,Columbus,OH,43232,"census-confirmed apartment unit; residential inferred (unit), not auditor-verified"
"2785 CITIZENS PL G, Columbus, OH, 43232",2785,CITIZENS PL,G,Columbus,OH,43232,"census-confirmed apartment unit; residential inferred (unit), not auditor-verified"
"2720 BRANDY DR 202, Columbus, OH, 43232",2720,BRANDY DR,202,Columbus,OH,43232,"census-confirmed apartment unit; residential inferred (unit), not auditor-verified"
"4561 MANDEVILLE CT D, Columbus, OH, 43232",4561,MANDEVILLE CT,D,Columbus,OH,43232,"census-confirmed apartment unit; residential inferred (unit), not auditor-verified"
"2935 TENNYSON BLVD B, Columbus, OH, 43232",2935,TENNYSON BLVD,B,Columbus,OH,43232,"census-confirmed apartment unit; residential inferred (unit), not auditor-verified"
"4545 LAKE SIDE S D, Columbus, OH, 43232",4545,LAKE SIDE S,D,Columbus,OH,43232,"census-confirmed apartment unit; residential inferred (unit), not auditor-verified"
"2411 SHORE BLVD E I, Columbus, OH, 43232",2411,SHORE BLVD E,I,Columbus,OH,43232,"census-confirmed apartment unit; residential inferred (unit), not auditor-verified"
"4594 ISINGTON CT 203, Columbus, OH, 43232",4594,ISINGTON CT,203,Columbus,OH,43232,"census-confirmed apartment unit; residential inferred (unit), not auditor-verified"
"2491 SHORE BLVD E A, Columbus, OH, 43232",2491,SHORE BLVD E,A,Columbus,OH,43232,"census-confirmed apartment unit; residential inferred (unit), not auditor-verified"
"4611 REFUGEE RD 1D, Columbus, OH, 43232",4611,REFUGEE RD,1D,Columbus,OH,43232,"census-confirmed apartment unit; residential inferred (unit), not auditor-verified"
"4619 REFUGEE RD 3E, Columbus, OH, 43232",4619,REFUGEE RD,3E,Columbus,OH,43232,"census-confirmed apartment unit; residential inferred (unit), not auditor-verified"
"4671 REFUGEE RD 2A, Columbus, OH, 43232",4671,REFUGEE RD,2A,Columbus,OH,43232,"census-confirmed apartment unit; residential inferred (unit), not auditor-verified"
"4665 REFUGEE RD 2J, Columbus, OH, 43232",4665,REFUGEE RD,2J,Columbus,OH,43232,"census-confirmed apartment unit; residential inferred (unit), not auditor-verified"
"4630 HILTON CORPORATE DR 102, Columbus, OH, 43232",4630,HILTON CORPORATE DR,102,Columbus,OH,43232,"census-confirmed apartment unit; residential inferred (unit), not auditor-verified"
"2824 TENNYSON BLVD C, Columbus, OH, 43232",2824,TENNYSON BLVD,C,Columbus,OH,43232,"census-confirmed apartment unit; residential inferred (unit), not auditor-verified"
"4644 HEBRIDES DR C, Columbus, OH, 43232",4644,HEBRIDES DR,C,Columbus,OH,43232,"census-confirmed apartment unit; residential inferred (unit), not auditor-verified"
"4671 REFUGEE RD 3F, Columbus, OH, 43232",4671,REFUGEE RD,3F,Columbus,OH,43232,"census-confirmed apartment unit; residential inferred (unit), not auditor-verified"
"4794 REFUGEE RD D, Columbus, OH, 43232",4794,REFUGEE RD,D,Columbus,OH,43232,"census-confirmed apartment unit; residential inferred (unit), not auditor-verified"
"1898 COVENTRY CT A, Columbus, OH, 43232",1898,COVENTRY CT,A,Columbus,OH,43232,"census-confirmed apartment unit; residential inferred (unit), not auditor-verified"
"5044 COVENTRY DR A, Columbus, OH, 43232",5044,COVENTRY DR,A,Columbus,OH,43232,"census-confirmed apartment unit; residential inferred (unit), not auditor-verified"
"5099 CEDAR DR F, Columbus, OH, 43232",5099,CEDAR DR,F,Columbus,OH,43232,"census-confirmed apartment unit; residential inferred (unit), not auditor-verified"
"5123 CEDAR DR F, Columbus, OH, 43232",5123,CEDAR DR,F,Columbus,OH,43232,"census-confirmed apartment unit; residential inferred (unit), not auditor-verified"
"5330 YORKSHIRE TERRACE DR B1, Columbus, OH, 43232",5330,YORKSHIRE TERRACE DR,B1,Columbus,OH,43232,"census-confirmed apartment unit; residential inferred (unit), not auditor-verified"
"2510 KIMBERLY PKWY E UNIT 207, Columbus, OH, 43232",2510,KIMBERLY PKWY E,UNIT 207,Columbus,OH,43232,"census-confirmed apartment unit; residential inferred (unit), not auditor-verified"
"5726 HIBERNIA DR C, Columbus, OH, 43232",5726,HIBERNIA DR,C,Columbus,OH,43232,"census-confirmed apartment unit; residential inferred (unit), not auditor-verified"
"2845 CITIZENS PL F, Columbus, OH, 43232",2845,CITIZENS PL,F,Columbus,OH,43232,"census-confirmed apartment unit; residential inferred (unit), not auditor-verified"
"2843 CITIZENS PL E, Columbus, OH, 43232",2843,CITIZENS PL,E,Columbus,OH,43232,"census-confirmed apartment unit; residential inferred (unit), not auditor-verified"
"2740 CITIZENS PL A, Columbus, OH, 43232",2740,CITIZENS PL,A,Columbus,OH,43232,"census-confirmed apartment unit; residential inferred (unit), not auditor-verified"
"3995 GROVES RD UNIT S, Columbus, OH, 43232",3995,GROVES RD,UNIT S,Columbus,OH,43232,"census-confirmed apartment unit; residential inferred (unit), not auditor-verified"
"3995 GROVES RD UNIT B, Columbus, OH, 43232",3995,GROVES RD,UNIT B,Columbus,OH,43232,"census-confirmed apartment unit; residential inferred (unit), not auditor-verified"
"3995 GROVES RD UNIT A, Columbus, OH, 43232",3995,GROVES RD,UNIT A,Columbus,OH,43232,"census-confirmed apartment unit; residential inferred (unit), not auditor-verified"
"2734 OLD COURTRIGHT RD UNIT K, Columbus, OH, 43232",2734,OLD COURTRIGHT RD,UNIT K,Columbus,OH,43232,"census-confirmed apartment unit; residential inferred (unit), not auditor-verified"
"2734 OLD COURTRIGHT RD UNIT H, Columbus, OH, 43232",2734,OLD COURTRIGHT RD,UNIT H,Columbus,OH,43232,"census-confirmed apartment unit; residential inferred (unit), not auditor-verified"
"2734 OLD COURTRIGHT RD UNIT J, Columbus, OH, 43232",2734,OLD COURTRIGHT RD,UNIT J,Columbus,OH,43232,"census-confirmed apartment unit; residential inferred (unit), not auditor-verified"
"2734 OLD COURTRIGHT RD UNIT L, Columbus, OH, 43232",2734,OLD COURTRIGHT RD,UNIT L,Columbus,OH,43232,"census-confirmed apartment unit; residential inferred (unit), not auditor-verified"
"2734 OLD COURTRIGHT RD UNIT G, Columbus, OH, 43232",2734,OLD COURTRIGHT RD,UNIT G,Columbus,OH,43232,"census-confirmed apartment unit; residential inferred (unit), not auditor-verified"
"2734 OLD COURTRIGHT RD UNIT I, Columbus, OH, 43232",2734,OLD COURTRIGHT RD,UNIT I,Columbus,OH,43232,"census-confirmed apartment unit; residential inferred (unit), not auditor-verified"
"2734 OLD COURTRIGHT RD UNIT C, Columbus, OH, 43232",2734,OLD COURTRIGHT RD,UNIT C,Columbus,OH,43232,"census-confirmed apartment unit; residential inferred (unit), not auditor-verified"
"2734 OLD COURTRIGHT RD UNIT D, Columbus, OH, 43232",2734,OLD COURTRIGHT RD,UNIT D,Columbus,OH,43232,"census-confirmed apartment unit; residential inferred (unit), not auditor-verified"
"2734 OLD COURTRIGHT RD UNIT M, Columbus, OH, 43232",2734,OLD COURTRIGHT RD,UNIT M,Columbus,OH,43232,"census-confirmed apartment unit; residential inferred (unit), not auditor-verified"
"2734 OLD COURTRIGHT RD UNIT E, Columbus, OH, 43232",2734,OLD COURTRIGHT RD,UNIT E,Columbus,OH,43232,"census-confirmed apartment unit; residential inferred (unit), not auditor-verified"
"2734 OLD COURTRIGHT RD UNIT B, Columbus, OH, 43232",2734,OLD COURTRIGHT RD,UNIT B,Columbus,OH,43232,"census-confirmed apartment unit; residential inferred (unit), not auditor-verified"
"2734 OLD COURTRIGHT RD UNIT A, Columbus, OH, 43232",2734,OLD COURTRIGHT RD,UNIT A,Columbus,OH,43232,"census-confirmed apartment unit; residential inferred (unit), not auditor-verified"
"2734 OLD COURTRIGHT RD UNIT F, Columbus, OH, 43232",2734,OLD COURTRIGHT RD,UNIT F,Columbus,OH,43232,"census-confirmed apartment unit; residential inferred (unit), not auditor-verified"
"4416 REFUGEE RD BLDG 5A, Columbus, OH, 43232",4416,REFUGEE RD,BLDG 5A,Columbus,OH,43232,"census-confirmed apartment unit; residential inferred (unit), not auditor-verified"
"4416 REFUGEE RD BLDG 4A, Columbus, OH, 43232",4416,REFUGEE RD,BLDG 4A,Columbus,OH,43232,"census-confirmed apartment unit; residential inferred (unit), not auditor-verified"
"4416 REFUGEE RD BLDG 8, Columbus, OH, 43232",4416,REFUGEE RD,BLDG 8,Columbus,OH,43232,"census-confirmed apartment unit; residential inferred (unit), not auditor-verified"
"4416 REFUGEE RD BLDG 6, Columbus, OH, 43232",4416,REFUGEE RD,BLDG 6,Columbus,OH,43232,"census-confirmed apartment unit; residential inferred (unit), not auditor-verified"
"4416 REFUGEE RD BLDG 4B, Columbus, OH, 43232",4416,REFUGEE RD,BLDG 4B,Columbus,OH,43232,"census-confirmed apartment unit; residential inferred (unit), not auditor-verified"
"4416 REFUGEE RD BLDG 7, Columbus, OH, 43232",4416,REFUGEE RD,BLDG 7,Columbus,OH,43232,"census-confirmed apartment unit; residential inferred (unit), not auditor-verified"
"1564 MCNAUGHTEN RD UNIT POOL, Columbus, OH, 43232",1564,MCNAUGHTEN RD,UNIT POOL,Columbus,OH,43232,"census-confirmed apartment unit; residential inferred (unit), not auditor-verified"
"1564 MCNAUGHTEN RD UNIT PRGL, Columbus, OH, 43232",1564,MCNAUGHTEN RD,UNIT PRGL,Columbus,OH,43232,"census-confirmed apartment unit; residential inferred (unit), not auditor-verified"
"2430 SHORE BLVD W UNIT I, Columbus, OH, 43232",2430,SHORE BLVD W,UNIT I,Columbus,OH,43232,"census-confirmed apartment unit; residential inferred (unit), not auditor-verified"
"2430 SHORE BLVD W UNIT K, Columbus, OH, 43232",2430,SHORE BLVD W,UNIT K,Columbus,OH,43232,"census-confirmed apartment unit; residential inferred (unit), not auditor-verified"
"2430 SHORE BLVD W UNIT J, Columbus, OH, 43232",2430,SHORE BLVD W,UNIT J,Columbus,OH,43232,"census-confirmed apartment unit; residential inferred (unit), not auditor-verified"
"2420 SHORE BLVD W APT D, Columbus, OH, 43232",2420,SHORE BLVD W,APT D,Columbus,OH,43232,"census-confirmed apartment unit; residential inferred (unit), not auditor-verified"
"2420 SHORE BLVD W APT C, Columbus, OH, 43232",2420,SHORE BLVD W,APT C,Columbus,OH,43232,"census-confirmed apartment unit; residential inferred (unit), not auditor-verified"
"2420 SHORE BLVD W APT B, Columbus, OH, 43232",2420,SHORE BLVD W,APT B,Columbus,OH,43232,"census-confirmed apartment unit; residential inferred (unit), not auditor-verified"
"3840 KIMBERLY PKWY N UNIT SIGN, Columbus, OH, 43232",3840,KIMBERLY PKWY N,UNIT SIGN,Columbus,OH,43232,"census-confirmed apartment unit; residential inferred (unit), not auditor-verified"
"3840 KIMBERLY PKWY N UNIT WTR, Columbus, OH, 43232",3840,KIMBERLY PKWY N,UNIT WTR,Columbus,OH,43232,"census-confirmed apartment unit; residential inferred (unit), not auditor-verified"
"5732 BIXBYWOODS CT A, Columbus, OH, 43232",5732,BIXBYWOODS CT,A,Columbus,OH,43232,"census-confirmed apartment unit; residential inferred (unit), not auditor-verified"
"5768 BIXBYWOODS CT B, Columbus, OH, 43232",5768,BIXBYWOODS CT,B,Columbus,OH,43232,"census-confirmed apartment unit; residential inferred (unit), not auditor-verified"
"1933 OLDE COVENTRY RD E UNIT D, Columbus, OH, 43232",1933,OLDE COVENTRY RD E,UNIT D,Columbus,OH,43232,"census-confirmed apartment unit; residential inferred (unit), not auditor-verified"
"4969 OLDE COVENTRY RD W UNIT A, Columbus, OH, 43232",4969,OLDE COVENTRY RD W,UNIT A,Columbus,OH,43232,"census-confirmed apartment unit; residential inferred (unit), not auditor-verified"
"5706 BIXBYWOODS CT C, Columbus, OH, 43232",5706,BIXBYWOODS CT,C,Columbus,OH,43232,"census-confirmed apartment unit; residential inferred (unit), not auditor-verified"
"5728 BIXBYWOODS CT C, Columbus, OH, 43232",5728,BIXBYWOODS CT,C,Columbus,OH,43232,"census-confirmed apartment unit; residential inferred (unit), not auditor-verified"
"1933 OLDE COVENTRY RD E UNIT B, Columbus, OH, 43232",1933,OLDE COVENTRY RD E,UNIT B,Columbus,OH,43232,"census-confirmed apartment unit; residential inferred (unit), not auditor-verified"
"5736 BIXBYWOODS CT B, Columbus, OH, 43232",5736,BIXBYWOODS CT,B,Columbus,OH,43232,"census-confirmed apartment unit; residential inferred (unit), not auditor-verified"
"5760 BIXBYWOODS CT C, Columbus, OH, 43232",5760,BIXBYWOODS CT,C,Columbus,OH,43232,"census-confirmed apartment unit; residential inferred (unit), not auditor-verified"
"5672 BIXBYWOODS CT B, Columbus, OH, 43232",5672,BIXBYWOODS CT,B,Columbus,OH,43232,"census-confirmed apartment unit; residential inferred (unit), not auditor-verified"
"5728 BIXBYWOODS CT B, Columbus, OH, 43232",5728,BIXBYWOODS CT,B,Columbus,OH,43232,"census-confirmed apartment unit; residential inferred (unit), not auditor-verified"
"1933 OLDE COVENTRY RD E UNIT C, Columbus, OH, 43232",1933,OLDE COVENTRY RD E,UNIT C,Columbus,OH,43232,"census-confirmed apartment unit; residential inferred (unit), not auditor-verified"
"5702 BIXBYWOODS CT B, Columbus, OH, 43232",5702,BIXBYWOODS CT,B,Columbus,OH,43232,"census-confirmed apartment unit; residential inferred (unit), not auditor-verified"
"5714 BIXBYWOODS CT A, Columbus, OH, 43232",5714,BIXBYWOODS CT,A,Columbus,OH,43232,"census-confirmed apartment unit; residential inferred (unit), not auditor-verified"
"5772 BIXBYWOODS CT A, Columbus, OH, 43232",5772,BIXBYWOODS CT,A,Columbus,OH,43232,"census-confirmed apartment unit; residential inferred (unit), not auditor-verified"
"5684 BIXBYWOODS CT B, Columbus, OH, 43232",5684,BIXBYWOODS CT,B,Columbus,OH,43232,"census-confirmed apartment unit; residential inferred (unit), not auditor-verified"
"1951 OLDE COVENTRY RD E UNIT C, Columbus, OH, 43232",1951,OLDE COVENTRY RD E,UNIT C,Columbus,OH,43232,"census-confirmed apartment unit; residential inferred (unit), not auditor-verified"
"5718 BIXBYWOODS CT A, Columbus, OH, 43232",5718,BIXBYWOODS CT,A,Columbus,OH,43232,"census-confirmed apartment unit; residential inferred (unit), not auditor-verified"
"5688 BIXBYWOODS CT A, Columbus, OH, 43232",5688,BIXBYWOODS CT,A,Columbus,OH,43232,"census-confirmed apartment unit; residential inferred (unit), not auditor-verified"
"4961 OLDE COVENTRY RD W UNIT C, Columbus, OH, 43232",4961,OLDE COVENTRY RD W,UNIT C,Columbus,OH,43232,"census-confirmed apartment unit; residential inferred (unit), not auditor-verified"
"5732 BIXBYWOODS CT B, Columbus, OH, 43232",5732,BIXBYWOODS CT,B,Columbus,OH,43232,"census-confirmed apartment unit; residential inferred (unit), not auditor-verified"
"5756 BIXBYWOODS CT B, Columbus, OH, 43232",5756,BIXBYWOODS CT,B,Columbus,OH,43232,"census-confirmed apartment unit; residential inferred (unit), not auditor-verified"
"5688 BIXBYWOODS CT C, Columbus, OH, 43232",5688,BIXBYWOODS CT,C,Columbus,OH,43232,"census-confirmed apartment unit; residential inferred (unit), not auditor-verified"
"5772 BIXBYWOODS CT C, Columbus, OH, 43232",5772,BIXBYWOODS CT,C,Columbus,OH,43232,"census-confirmed apartment unit; residential inferred (unit), not auditor-verified"
"5692 BIXBYWOODS CT A, Columbus, OH, 43232",5692,BIXBYWOODS CT,A,Columbus,OH,43232,"census-confirmed apartment unit; residential inferred (unit), not auditor-verified"
"5732 BIXBYWOODS CT C, Columbus, OH, 43232",5732,BIXBYWOODS CT,C,Columbus,OH,43232,"census-confirmed apartment unit; residential inferred (unit), not auditor-verified"
"5740 BIXBYWOODS CT C, Columbus, OH, 43232",5740,BIXBYWOODS CT,C,Columbus,OH,43232,"census-confirmed apartment unit; residential inferred (unit), not auditor-verified"
"5672 BIXBYWOODS CT A, Columbus, OH, 43232",5672,BIXBYWOODS CT,A,Columbus,OH,43232,"census-confirmed apartment unit; residential inferred (unit), not auditor-verified"
"5744 BIXBYWOODS CT B, Columbus, OH, 43232",5744,BIXBYWOODS CT,B,Columbus,OH,43232,"census-confirmed apartment unit; residential inferred (unit), not auditor-verified"
"1957 OLDE COVENTRY RD E UNIT D, Columbus, OH, 43232",1957,OLDE COVENTRY RD E,UNIT D,Columbus,OH,43232,"census-confirmed apartment unit; residential inferred (unit), not auditor-verified"
"5768 BIXBYWOODS CT A, Columbus, OH, 43232",5768,BIXBYWOODS CT,A,Columbus,OH,43232,"census-confirmed apartment unit; residential inferred (unit), not auditor-verified"
"5692 BIXBYWOODS CT C, Columbus, OH, 43232",5692,BIXBYWOODS CT,C,Columbus,OH,43232,"census-confirmed apartment unit; residential inferred (unit), not auditor-verified"
"5748 BIXBYWOODS CT C, Columbus, OH, 43232",5748,BIXBYWOODS CT,C,Columbus,OH,43232,"census-confirmed apartment unit; residential inferred (unit), not auditor-verified"
"5760 BIXBYWOODS CT A, Columbus, OH, 43232",5760,BIXBYWOODS CT,A,Columbus,OH,43232,"census-confirmed apartment unit; residential inferred (unit), not auditor-verified"
"5692 BIXBYWOODS CT B, Columbus, OH, 43232",5692,BIXBYWOODS CT,B,Columbus,OH,43232,"census-confirmed apartment unit; residential inferred (unit), not auditor-verified"
"5714 BIXBYWOODS CT C, Columbus, OH, 43232",5714,BIXBYWOODS CT,C,Columbus,OH,43232,"census-confirmed apartment unit; residential inferred (unit), not auditor-verified"
"5768 BIXBYWOODS CT C, Columbus, OH, 43232",5768,BIXBYWOODS CT,C,Columbus,OH,43232,"census-confirmed apartment unit; residential inferred (unit), not auditor-verified"
"5710 BIXBYWOODS CT A, Columbus, OH, 43232",5710,BIXBYWOODS CT,A,Columbus,OH,43232,"census-confirmed apartment unit; residential inferred (unit), not auditor-verified"
"5688 BIXBYWOODS CT B, Columbus, OH, 43232",5688,BIXBYWOODS CT,B,Columbus,OH,43232,"census-confirmed apartment unit; residential inferred (unit), not auditor-verified"
"4969 OLDE COVENTRY RD W UNIT D, Columbus, OH, 43232",4969,OLDE COVENTRY RD W,UNIT D,Columbus,OH,43232,"census-confirmed apartment unit; residential inferred (unit), not auditor-verified"
"5676 BIXBYWOODS CT C, Columbus, OH, 43232",5676,BIXBYWOODS CT,C,Columbus,OH,43232,"census-confirmed apartment unit; residential inferred (unit), not auditor-verified"
"5710 BIXBYWOODS CT C, Columbus, OH, 43232",5710,BIXBYWOODS CT,C,Columbus,OH,43232,"census-confirmed apartment unit; residential inferred (unit), not auditor-verified"
"5706 BIXBYWOODS CT B, Columbus, OH, 43232",5706,BIXBYWOODS CT,B,Columbus,OH,43232,"census-confirmed apartment unit; residential inferred (unit), not auditor-verified"
"5702 BIXBYWOODS CT A, Columbus, OH, 43232",5702,BIXBYWOODS CT,A,Columbus,OH,43232,"census-confirmed apartment unit; residential inferred (unit), not auditor-verified"
"5756 BIXBYWOODS CT C, Columbus, OH, 43232",5756,BIXBYWOODS CT,C,Columbus,OH,43232,"census-confirmed apartment unit; residential inferred (unit), not auditor-verified"
"1933 OLDE COVENTRY RD E UNIT A, Columbus, OH, 43232",1933,OLDE COVENTRY RD E,UNIT A,Columbus,OH,43232,"census-confirmed apartment unit; residential inferred (unit), not auditor-verified"
"5764 BIXBYWOODS CT B, Columbus, OH, 43232",5764,BIXBYWOODS CT,B,Columbus,OH,43232,"census-confirmed apartment unit; residential inferred (unit), not auditor-verified"
"5776 BIXBYWOODS CT B, Columbus, OH, 43232",5776,BIXBYWOODS CT,B,Columbus,OH,43232,"census-confirmed apartment unit; residential inferred (unit), not auditor-verified"
"4961 OLDE COVENTRY RD W UNIT D, Columbus, OH, 43232",4961,OLDE COVENTRY RD W,UNIT D,Columbus,OH,43232,"census-confirmed apartment unit; residential inferred (unit), not auditor-verified"
"5710 BIXBYWOODS CT B, Columbus, OH, 43232",5710,BIXBYWOODS CT,B,Columbus,OH,43232,"census-confirmed apartment unit; residential inferred (unit), not auditor-verified"
"5740 BIXBYWOODS CT A, Columbus, OH, 43232",5740,BIXBYWOODS CT,A,Columbus,OH,43232,"census-confirmed apartment unit; residential inferred (unit), not auditor-verified"
"1957 OLDE COVENTRY RD E UNIT C, Columbus, OH, 43232",1957,OLDE COVENTRY RD E,UNIT C,Columbus,OH,43232,"census-confirmed apartment unit; residential inferred (unit), not auditor-verified"
"5744 BIXBYWOODS CT C, Columbus, OH, 43232",5744,BIXBYWOODS CT,C,Columbus,OH,43232,"census-confirmed apartment unit; residential inferred (unit), not auditor-verified"
"1937 OLDE COVENTRY RD E UNIT C, Columbus, OH, 43232",1937,OLDE COVENTRY RD E,UNIT C,Columbus,OH,43232,"census-confirmed apartment unit; residential inferred (unit), not auditor-verified"
"1937 OLDE COVENTRY RD E UNIT D, Columbus, OH, 43232",1937,OLDE COVENTRY RD E,UNIT D,Columbus,OH,43232,"census-confirmed apartment unit; residential inferred (unit), not auditor-verified"
"5698 BIXBYWOODS CT C, Columbus, OH, 43232",5698,BIXBYWOODS CT,C,Columbus,OH,43232,"census-confirmed apartment unit; residential inferred (unit), not auditor-verified"
"5680 BIXBYWOODS CT C, Columbus, OH, 43232",5680,BIXBYWOODS CT,C,Columbus,OH,43232,"census-confirmed apartment unit; residential inferred (unit), not auditor-verified"
"4969 OLDE COVENTRY RD W UNIT B, Columbus, OH, 43232",4969,OLDE COVENTRY RD W,UNIT B,Columbus,OH,43232,"census-confirmed apartment unit; residential inferred (unit), not auditor-verified"
"1937 OLDE COVENTRY RD E UNIT B, Columbus, OH, 43232",1937,OLDE COVENTRY RD E,UNIT B,Columbus,OH,43232,"census-confirmed apartment unit; residential inferred (unit), not auditor-verified"
"4961 OLDE COVENTRY RD W UNIT A, Columbus, OH, 43232",4961,OLDE COVENTRY RD W,UNIT A,Columbus,OH,43232,"census-confirmed apartment unit; residential inferred (unit), not auditor-verified"
"5764 BIXBYWOODS CT C, Columbus, OH, 43232",5764,BIXBYWOODS CT,C,Columbus,OH,43232,"census-confirmed apartment unit; residential inferred (unit), not auditor-verified"
"5736 BIXBYWOODS CT A, Columbus, OH, 43232",5736,BIXBYWOODS CT,A,Columbus,OH,43232,"census-confirmed apartment unit; residential inferred (unit), not auditor-verified"
"5684 BIXBYWOODS CT C, Columbus, OH, 43232",5684,BIXBYWOODS CT,C,Columbus,OH,43232,"census-confirmed apartment unit; residential inferred (unit), not auditor-verified"
"1957 OLDE COVENTRY RD E UNIT A, Columbus, OH, 43232",1957,OLDE COVENTRY RD E,UNIT A,Columbus,OH,43232,"census-confirmed apartment unit; residential inferred (unit), not auditor-verified"
"5760 BIXBYWOODS CT B, Columbus, OH, 43232",5760,BIXBYWOODS CT,B,Columbus,OH,43232,"census-confirmed apartment unit; residential inferred (unit), not auditor-verified"
"5698 BIXBYWOODS CT A, Columbus, OH, 43232",5698,BIXBYWOODS CT,A,Columbus,OH,43232,"census-confirmed apartment unit; residential inferred (unit), not auditor-verified"
"5718 BIXBYWOODS CT C, Columbus, OH, 43232",5718,BIXBYWOODS CT,C,Columbus,OH,43232,"census-confirmed apartment unit; residential inferred (unit), not auditor-verified"
"5684 BIXBYWOODS CT A, Columbus, OH, 43232",5684,BIXBYWOODS CT,A,Columbus,OH,43232,"census-confirmed apartment unit; residential inferred (unit), not auditor-verified"
"5748 BIXBYWOODS CT B, Columbus, OH, 43232",5748,BIXBYWOODS CT,B,Columbus,OH,43232,"census-confirmed apartment unit; residential inferred (unit), not auditor-verified"
"5676 BIXBYWOODS CT B, Columbus, OH, 43232",5676,BIXBYWOODS CT,B,Columbus,OH,43232,"census-confirmed apartment unit; residential inferred (unit), not auditor-verified"
"1937 OLDE COVENTRY RD E UNIT A, Columbus, OH, 43232",1937,OLDE COVENTRY RD E,UNIT A,Columbus,OH,43232,"census-confirmed apartment unit; residential inferred (unit), not auditor-verified"
"4969 OLDE COVENTRY RD W UNIT C, Columbus, OH, 43232",4969,OLDE COVENTRY RD W,UNIT C,Columbus,OH,43232,"census-confirmed apartment unit; residential inferred (unit), not auditor-verified"
"5764 BIXBYWOODS CT A, Columbus, OH, 43232",5764,BIXBYWOODS CT,A,Columbus,OH,43232,"census-confirmed apartment unit; residential inferred (unit), not auditor-verified"
"5676 BIXBYWOODS CT A, Columbus, OH, 43232",5676,BIXBYWOODS CT,A,Columbus,OH,43232,"census-confirmed apartment unit; residential inferred (unit), not auditor-verified"
"5714 BIXBYWOODS CT B, Columbus, OH, 43232",5714,BIXBYWOODS CT,B,Columbus,OH,43232,"census-confirmed apartment unit; residential inferred (unit), not auditor-verified"
"5772 BIXBYWOODS CT B, Columbus, OH, 43232",5772,BIXBYWOODS CT,B,Columbus,OH,43232,"census-confirmed apartment unit; residential inferred (unit), not auditor-verified"
"1951 OLDE COVENTRY RD E UNIT A, Columbus, OH, 43232",1951,OLDE COVENTRY RD E,UNIT A,Columbus,OH,43232,"census-confirmed apartment unit; residential inferred (unit), not auditor-verified"
"1957 OLDE COVENTRY RD E UNIT B, Columbus, OH, 43232",1957,OLDE COVENTRY RD E,UNIT B,Columbus,OH,43232,"census-confirmed apartment unit; residential inferred (unit), not auditor-verified"
"1951 OLDE COVENTRY RD E UNIT D, Columbus, OH, 43232",1951,OLDE COVENTRY RD E,UNIT D,Columbus,OH,43232,"census-confirmed apartment unit; residential inferred (unit), not auditor-verified"
"1951 OLDE COVENTRY RD E UNIT B, Columbus, OH, 43232",1951,OLDE COVENTRY RD E,UNIT B,Columbus,OH,43232,"census-confirmed apartment unit; residential inferred (unit), not auditor-verified"
"5744 BIXBYWOODS CT A, Columbus, OH, 43232",5744,BIXBYWOODS CT,A,Columbus,OH,43232,"census-confirmed apartment unit; residential inferred (unit), not auditor-verified"
"4961 OLDE COVENTRY RD W UNIT B, Columbus, OH, 43232",4961,OLDE COVENTRY RD W,UNIT B,Columbus,OH,43232,"census-confirmed apartment unit; residential inferred (unit), not auditor-verified"
"5776 BIXBYWOODS CT A, Columbus, OH, 43232",5776,BIXBYWOODS CT,A,Columbus,OH,43232,"census-confirmed apartment unit; residential inferred (unit), not auditor-verified"
"5698 BIXBYWOODS CT B, Columbus, OH, 43232",5698,BIXBYWOODS CT,B,Columbus,OH,43232,"census-confirmed apartment unit; residential inferred (unit), not auditor-verified"
"5740 BIXBYWOODS CT B, Columbus, OH, 43232",5740,BIXBYWOODS CT,B,Columbus,OH,43232,"census-confirmed apartment unit; residential inferred (unit), not auditor-verified"
"5756 BIXBYWOODS CT A, Columbus, OH, 43232",5756,BIXBYWOODS CT,A,Columbus,OH,43232,"census-confirmed apartment unit; residential inferred (unit), not auditor-verified"
"5718 BIXBYWOODS CT B, Columbus, OH, 43232",5718,BIXBYWOODS CT,B,Columbus,OH,43232,"census-confirmed apartment unit; residential inferred (unit), not auditor-verified"
"5728 BIXBYWOODS CT A, Columbus, OH, 43232",5728,BIXBYWOODS CT,A,Columbus,OH,43232,"census-confirmed apartment unit; residential inferred (unit), not auditor-verified"
"5776 BIXBYWOODS CT C, Columbus, OH, 43232",5776,BIXBYWOODS CT,C,Columbus,OH,43232,"census-confirmed apartment unit; residential inferred (unit), not auditor-verified"
"5748 BIXBYWOODS CT A, Columbus, OH, 43232",5748,BIXBYWOODS CT,A,Columbus,OH,43232,"census-confirmed apartment unit; residential inferred (unit), not auditor-verified"
"5736 BIXBYWOODS CT C, Columbus, OH, 43232",5736,BIXBYWOODS CT,C,Columbus,OH,43232,"census-confirmed apartment unit; residential inferred (unit), not auditor-verified"
"5706 BIXBYWOODS CT A, Columbus, OH, 43232",5706,BIXBYWOODS CT,A,Columbus,OH,43232,"census-confirmed apartment unit; residential inferred (unit), not auditor-verified"
"5680 BIXBYWOODS CT B, Columbus, OH, 43232",5680,BIXBYWOODS CT,B,Columbus,OH,43232,"census-confirmed apartment unit; residential inferred (unit), not auditor-verified"
"5702 BIXBYWOODS CT C, Columbus, OH, 43232",5702,BIXBYWOODS CT,C,Columbus,OH,43232,"census-confirmed apartment unit; residential inferred (unit), not auditor-verified"
"5680 BIXBYWOODS CT A, Columbus, OH, 43232",5680,BIXBYWOODS CT,A,Columbus,OH,43232,"census-confirmed apartment unit; residential inferred (unit), not auditor-verified"
"5672 BIXBYWOODS CT C, Columbus, OH, 43232",5672,BIXBYWOODS CT,C,Columbus,OH,43232,"census-confirmed apartment unit; residential inferred (unit), not auditor-verified"
