address,number,street,unit,city,state,zip,latitude,longitude,final_classification,existence_source,residential_source,census_matched_address
"4484 REINBEAU DR, Columbus, OH, 43232",4484,REINBEAU DR,,Columbus,OH,43232,39.9067247,-82.8801963,RESIDENTIAL,census_geocoder,auditor_street (17/21 dwelling),Exact
"4472 REINBEAU DR, Columbus, OH, 43232",4472,REINBEAU DR,,Columbus,OH,43232,39.9067502,-82.8805351,RESIDENTIAL,census_geocoder,auditor_street (17/21 dwelling),Exact
"4479 REINBEAU DR, Columbus, OH, 43232",4479,REINBEAU DR,,Columbus,OH,43232,39.905871,-82.8803378,RESIDENTIAL,census_geocoder,auditor_street (17/21 dwelling),Exact
"5539 NEWPORT CT, Columbus, OH, 43232",5539,NEWPORT CT,,Columbus,OH,43232,39.9036058,-82.8547148,RESIDENTIAL,census_geocoder,auditor_street (8/11 dwelling),Exact
"4482 REINBEAU DR, Columbus, OH, 43232",4482,REINBEAU DR,,Columbus,OH,43232,39.9066505,-82.8802137,RESIDENTIAL,census_geocoder,auditor_street (17/21 dwelling),Exact
"4469 REINBEAU DR, Columbus, OH, 43232",4469,REINBEAU DR,,Columbus,OH,43232,39.9060807,-82.8799397,RESIDENTIAL,census_geocoder,auditor_street (17/21 dwelling),Exact
"3445 LATONIA RD, Columbus, OH, 43232",3445,LATONIA RD,,Columbus,OH,43232,39.9069302,-82.8621141,RESIDENTIAL,census_geocoder,auditor_street (45/45 dwelling),Exact
"4488 REINBEAU DR, Columbus, OH, 43232",4488,REINBEAU DR,,Columbus,OH,43232,39.9066577,-82.8801246,RESIDENTIAL,census_geocoder,auditor_street (17/21 dwelling),Exact
"4481 REINBEAU DR, Columbus, OH, 43232",4481,REINBEAU DR,,Columbus,OH,43232,39.9058713,-82.8802593,RESIDENTIAL,census_geocoder,auditor_street (17/21 dwelling),Exact
"4477 REINBEAU DR, Columbus, OH, 43232",4477,REINBEAU DR,,Columbus,OH,43232,39.9059388,-82.8801813,RESIDENTIAL,census_geocoder,auditor_street (17/21 dwelling),Exact
"4514 REINBEAU DR, Columbus, OH, 43232",4514,REINBEAU DR,,Columbus,OH,43232,39.906653,-82.8794545,RESIDENTIAL,census_geocoder,auditor_street (17/21 dwelling),Exact
"4453 REINBEAU DR, Columbus, OH, 43232",4453,REINBEAU DR,,Columbus,OH,43232,39.9061603,-82.8802787,RESIDENTIAL,census_geocoder,auditor_street (17/21 dwelling),Exact
"4476 REINBEAU DR, Columbus, OH, 43232",4476,REINBEAU DR,,Columbus,OH,43232,39.906677,-82.8804384,RESIDENTIAL,census_geocoder,auditor_street (17/21 dwelling),Exact
"4478 REINBEAU DR, Columbus, OH, 43232",4478,REINBEAU DR,,Columbus,OH,43232,39.9066097,-82.8804487,RESIDENTIAL,census_geocoder,auditor_street (17/21 dwelling),Exact
"3232 NOE BIXBY RD APT 2S, Columbus, OH, 43232",3232,NOE BIXBY RD,APT 2S,Columbus,OH,43232,39.9097293,-82.8642212,RESIDENTIAL,census_geocoder,auditor_street (242/328 dwelling),Exact
"4516 REINBEAU DR, Columbus, OH, 43232",4516,REINBEAU DR,,Columbus,OH,43232,39.9067068,-82.8794369,RESIDENTIAL,census_geocoder,auditor_street (17/21 dwelling),Exact
"4470 REINBEAU DR, Columbus, OH, 43232",4470,REINBEAU DR,,Columbus,OH,43232,39.9066832,-82.8805525,RESIDENTIAL,census_geocoder,auditor_street (17/21 dwelling),Exact
"5105 SEDALIA DR, Columbus, OH, 43232",5105,SEDALIA DR,,Columbus,OH,43232,39.9072903,-82.864351,RESIDENTIAL,census_geocoder,auditor_street (48/57 dwelling),Exact
"3423 LATONIA RD, Columbus, OH, 43232",3423,LATONIA RD,,Columbus,OH,43232,39.9073237,-82.8619022,RESIDENTIAL,census_geocoder,auditor_street (45/45 dwelling),Exact
"3371 NOE BIXBY RD, Columbus, OH, 43232",3371,NOE BIXBY RD,,Columbus,OH,43232,39.9076944,-82.8680282,RESIDENTIAL,census_geocoder,auditor_street (242/328 dwelling),Exact
"3455 LATONIA RD, Columbus, OH, 43232",3455,LATONIA RD,,Columbus,OH,43232,39.9068625,-82.8621636,RESIDENTIAL,census_geocoder,auditor_street (45/45 dwelling),Exact
"5148 SEDALIA DR, Columbus, OH, 43232",5148,SEDALIA DR,,Columbus,OH,43232,39.907285,-82.8634063,RESIDENTIAL,census_geocoder,auditor_street (48/57 dwelling),Exact
"5108 SEDALIA DR, Columbus, OH, 43232",5108,SEDALIA DR,,Columbus,OH,43232,39.9079235,-82.8635914,RESIDENTIAL,census_geocoder,auditor_street (48/57 dwelling),Exact
"5146 SEDALIA DR, Columbus, OH, 43232",5146,SEDALIA DR,,Columbus,OH,43232,39.9073327,-82.8633353,RESIDENTIAL,census_geocoder,auditor_street (48/57 dwelling),Exact
"5138 SEDALIA DR, Columbus, OH, 43232",5138,SEDALIA DR,,Columbus,OH,43232,39.9073188,-82.8634778,RESIDENTIAL,census_geocoder,auditor_street (48/57 dwelling),Exact
"3431 LATONIA RD, Columbus, OH, 43232",3431,LATONIA RD,,Columbus,OH,43232,39.9071339,-82.8619191,RESIDENTIAL,census_geocoder,auditor_street (45/45 dwelling),Exact
"3437 LATONIA RD, Columbus, OH, 43232",3437,LATONIA RD,,Columbus,OH,43232,39.9071334,-82.8620866,RESIDENTIAL,census_geocoder,auditor_street (45/45 dwelling),Exact
"5277 SEDALIA DR, Columbus, OH, 43232",5277,SEDALIA DR,,Columbus,OH,43232,39.9054008,-82.8613076,RESIDENTIAL,census_geocoder,auditor_street (48/57 dwelling),Exact
"5136 SEDALIA DR, Columbus, OH, 43232",5136,SEDALIA DR,,Columbus,OH,43232,39.9072846,-82.8635382,RESIDENTIAL,census_geocoder,auditor_street (48/57 dwelling),Exact
"3417 LATONIA RD, Columbus, OH, 43232",3417,LATONIA RD,,Columbus,OH,43232,39.9073108,-82.8617097,RESIDENTIAL,census_geocoder,auditor_street (45/45 dwelling),Exact
"3465 NOE BIXBY RD, Columbus, OH, 43232",3465,NOE BIXBY RD,,Columbus,OH,43232,39.9086686,-82.8721471,RESIDENTIAL,census_geocoder,auditor_street (242/328 dwelling),Exact
"4451 REINBEAU DR APT, Columbus, OH, 43232",4451,REINBEAU DR,APT,Columbus,OH,43232,39.9060919,-82.8802891,RESIDENTIAL,census_geocoder,auditor_street (17/21 dwelling),Non_Exact
"3232 NOE BIXBY RD APT 2A, Columbus, OH, 43232",3232,NOE BIXBY RD,APT 2A,Columbus,OH,43232,39.9097293,-82.8642212,RESIDENTIAL,census_geocoder,auditor_street (242/328 dwelling),Exact
"3232 NOE BIXBY RD APT 3M, Columbus, OH, 43232",3232,NOE BIXBY RD,APT 3M,Columbus,OH,43232,39.9097293,-82.8642212,RESIDENTIAL,census_geocoder,auditor_street (242/328 dwelling),Exact
"3232 NOE BIXBY RD APT 2L, Columbus, OH, 43232",3232,NOE BIXBY RD,APT 2L,Columbus,OH,43232,39.9097293,-82.8642212,RESIDENTIAL,census_geocoder,auditor_street (242/328 dwelling),Exact
"4585 GLENGATE DR, Columbus, OH, 43232",4585,GLENGATE DR,,Columbus,OH,43232,39.9042138,-82.8790526,RESIDENTIAL,census_geocoder,auditor_street (38/38 dwelling),Exact
"5025 WYMORE DR, Columbus, OH, 43232",5025,WYMORE DR,,Columbus,OH,43232,39.9059049,-82.8667783,RESIDENTIAL,census_geocoder,auditor_street (39/39 dwelling),Exact
"5144 SEDALIA DR, Columbus, OH, 43232",5144,SEDALIA DR,,Columbus,OH,43232,39.9073869,-82.8632928,RESIDENTIAL,census_geocoder,auditor_street (48/57 dwelling),Exact
"3246 NOE BIXBY RD, Columbus, OH, 43232",3246,NOE BIXBY RD,,Columbus,OH,43232,39.9090313,-82.8641712,RESIDENTIAL,census_geocoder,auditor_street (242/328 dwelling),Exact
"3232 NOE BIXBY RD APT 2Q, Columbus, OH, 43232",3232,NOE BIXBY RD,APT 2Q,Columbus,OH,43232,39.9097293,-82.8642212,RESIDENTIAL,census_geocoder,auditor_street (242/328 dwelling),Exact
"3232 NOE BIXBY RD APT 1B, Columbus, OH, 43232",3232,NOE BIXBY RD,APT 1B,Columbus,OH,43232,39.9097293,-82.8642212,RESIDENTIAL,census_geocoder,auditor_street (242/328 dwelling),Exact
"3427 LATONIA RD, Columbus, OH, 43232",3427,LATONIA RD,,Columbus,OH,43232,39.9072428,-82.8617877,RESIDENTIAL,census_geocoder,auditor_street (45/45 dwelling),Exact
"3232 NOE BIXBY RD APT 2H, Columbus, OH, 43232",3232,NOE BIXBY RD,APT 2H,Columbus,OH,43232,39.9097293,-82.8642212,RESIDENTIAL,census_geocoder,auditor_street (242/328 dwelling),Exact
"3463 LATONIA RD, Columbus, OH, 43232",3463,LATONIA RD,,Columbus,OH,43232,39.9066725,-82.8623587,RESIDENTIAL,census_geocoder,auditor_street (45/45 dwelling),Exact
"4475 REINBEAU DR, Columbus, OH, 43232",4475,REINBEAU DR,,Columbus,OH,43232,39.9059386,-82.8802526,RESIDENTIAL,census_geocoder,auditor_street (17/21 dwelling),Exact
"3416 BRANDONBURY WAY, Columbus, OH, 43232",3416,BRANDONBURY WAY,,Columbus,OH,43232,39.9063699,-82.8722881,RESIDENTIAL,census_geocoder,auditor_street (10/10 dwelling),Exact
"4459 REINBEAU DR APT, Columbus, OH, 43232",4459,REINBEAU DR,APT,Columbus,OH,43232,39.9061939,-82.8801684,RESIDENTIAL,census_geocoder,auditor_street (17/21 dwelling),Non_Exact
"5150 SEDALIA DR, Columbus, OH, 43232",5150,SEDALIA DR,,Columbus,OH,43232,39.9072239,-82.8634595,RESIDENTIAL,census_geocoder,auditor_street (48/57 dwelling),Exact
"4457 REINBEAU DR APT, Columbus, OH, 43232",4457,REINBEAU DR,APT,Columbus,OH,43232,39.9062351,-82.880158,RESIDENTIAL,census_geocoder,auditor_street (17/21 dwelling),Non_Exact
"5550 NEWPORT CT, Columbus, OH, 43232",5550,NEWPORT CT,,Columbus,OH,43232,39.9040049,-82.854371,RESIDENTIAL,census_geocoder,auditor_street (8/11 dwelling),Exact
"4495 REINBEAU DR, Columbus, OH, 43232",4495,REINBEAU DR,,Columbus,OH,43232,39.9060809,-82.8798613,RESIDENTIAL,census_geocoder,auditor_street (17/21 dwelling),Exact
"4486 REINBEAU DR, Columbus, OH, 43232",4486,REINBEAU DR,,Columbus,OH,43232,39.906725,-82.8801,RESIDENTIAL,census_geocoder,auditor_street (17/21 dwelling),Exact
"3759 EVANSTON RD, Columbus, OH, 43232",3759,EVANSTON RD,,Columbus,OH,43232,39.8999242,-82.864127,RESIDENTIAL,census_geocoder,auditor_street (35/36 dwelling),Exact
"3409 BRANDONBURY WAY, Columbus, OH, 43232",3409,BRANDONBURY WAY,,Columbus,OH,43232,39.9064542,-82.8726913,RESIDENTIAL,census_geocoder,auditor_street (10/10 dwelling),Exact
"3232 NOE BIXBY RD APT 1G, Columbus, OH, 43232",3232,NOE BIXBY RD,APT 1G,Columbus,OH,43232,39.9097293,-82.8642212,RESIDENTIAL,census_geocoder,auditor_street (242/328 dwelling),Exact
"4892 WYMORE DR, Columbus, OH, 43232",4892,WYMORE DR,,Columbus,OH,43232,39.9058397,-82.8702356,RESIDENTIAL,census_geocoder,auditor_street (39/39 dwelling),Exact
"3191 BENHAM CT, Columbus, OH, 43232",3191,BENHAM CT,,Columbus,OH,43232,39.9114602,-82.8632107,RESIDENTIAL,census_geocoder,auditor_street (15/15 dwelling),Exact
"3421 LATONIA RD, Columbus, OH, 43232",3421,LATONIA RD,,Columbus,OH,43232,39.9073848,-82.8618348,RESIDENTIAL,census_geocoder,auditor_street (45/45 dwelling),Exact
"3461 LATONIA RD, Columbus, OH, 43232",3461,LATONIA RD,,Columbus,OH,43232,39.9067198,-82.8623233,RESIDENTIAL,census_geocoder,auditor_street (45/45 dwelling),Exact
"5365 NEWPORT RD, Columbus, OH, 43232",5365,NEWPORT RD,,Columbus,OH,43232,39.9038657,-82.8589721,RESIDENTIAL,census_geocoder,auditor_street (46/46 dwelling),Exact
"3367 BEACHWORTH DR, Columbus, OH, 43232",3367,BEACHWORTH DR,,Columbus,OH,43232,39.9065863,-82.8793757,RESIDENTIAL,census_geocoder,auditor_street (22/31 dwelling),Exact
"5120 SEDALIA DR, Columbus, OH, 43232",5120,SEDALIA DR,,Columbus,OH,43232,39.907797,-82.8633912,RESIDENTIAL,census_geocoder,auditor_street (48/57 dwelling),Exact
"5101 SEDALIA DR, Columbus, OH, 43232",5101,SEDALIA DR,,Columbus,OH,43232,39.9073709,-82.8644619,RESIDENTIAL,census_geocoder,auditor_street (48/57 dwelling),Exact
"3451 LATONIA RD, Columbus, OH, 43232",3451,LATONIA RD,,Columbus,OH,43232,39.9069503,-82.8622781,RESIDENTIAL,census_geocoder,auditor_street (45/45 dwelling),Exact
"4590 GLENGATE DR, Columbus, OH, 43232",4590,GLENGATE DR,,Columbus,OH,43232,39.904495,-82.8786834,RESIDENTIAL,census_geocoder,auditor_street (38/38 dwelling),Exact
"5264 TUXWORTH DR, Columbus, OH, 43232",5264,TUXWORTH DR,,Columbus,OH,43232,39.9139791,-82.8561117,RESIDENTIAL,census_geocoder,auditor_street (19/19 dwelling),Exact
"3399 BRANDONBURY WAY, Columbus, OH, 43232",3399,BRANDONBURY WAY,,Columbus,OH,43232,39.9066593,-82.8727067,RESIDENTIAL,census_geocoder,auditor_street (10/10 dwelling),Exact
"4474 REINBEAU DR, Columbus, OH, 43232",4474,REINBEAU DR,,Columbus,OH,43232,39.9067374,-82.8804316,RESIDENTIAL,census_geocoder,auditor_street (17/21 dwelling),Exact
"3441 LATONIA RD, Columbus, OH, 43232",3441,LATONIA RD,,Columbus,OH,43232,39.9070528,-82.8619721,RESIDENTIAL,census_geocoder,auditor_street (45/45 dwelling),Exact
"3435 LATONIA RD, Columbus, OH, 43232",3435,LATONIA RD,,Columbus,OH,43232,39.9072014,-82.8620442,RESIDENTIAL,census_geocoder,auditor_street (45/45 dwelling),Exact
"3400 BRANDONBURY WAY, Columbus, OH, 43232",3400,BRANDONBURY WAY,,Columbus,OH,43232,39.9067162,-82.8723077,RESIDENTIAL,census_geocoder,auditor_street (10/10 dwelling),Exact
"3279 NOE BIXBY RD, Columbus, OH, 43232",3279,NOE BIXBY RD,,Columbus,OH,43232,39.9078051,-82.8719464,RESIDENTIAL,census_geocoder,auditor_street (242/328 dwelling),Exact
"5144 TUXWORTH CT, Columbus, OH, 43232",5144,TUXWORTH CT,,Columbus,OH,43232,39.9148261,-82.8586044,RESIDENTIAL,census_geocoder,auditor_street (13/13 dwelling),Exact
"5142 SEDALIA DR, Columbus, OH, 43232",5142,SEDALIA DR,,Columbus,OH,43232,39.9074204,-82.8633821,RESIDENTIAL,census_geocoder,auditor_street (48/57 dwelling),Exact
"5100 TREMAINE CT, Columbus, OH, 43232",5100,TREMAINE CT,,Columbus,OH,43232,39.9060706,-82.864701,RESIDENTIAL,census_geocoder,auditor_street (11/11 dwelling),Exact
"5110 SEDALIA DR, Columbus, OH, 43232",5110,SEDALIA DR,,Columbus,OH,43232,39.9078762,-82.8635235,RESIDENTIAL,census_geocoder,auditor_street (48/57 dwelling),Exact
"4473 REINBEAU DR, Columbus, OH, 43232",4473,REINBEAU DR,,Columbus,OH,43232,39.9059518,-82.8803239,RESIDENTIAL,census_geocoder,auditor_street (17/21 dwelling),Exact
"3365 BEACHWORTH DR, Columbus, OH, 43232",3365,BEACHWORTH DR,,Columbus,OH,43232,39.9066534,-82.8793404,RESIDENTIAL,census_geocoder,auditor_street (22/31 dwelling),Exact
"3417 BRANDONBURY WAY, Columbus, OH, 43232",3417,BRANDONBURY WAY,,Columbus,OH,43232,39.9063015,-82.8727119,RESIDENTIAL,census_geocoder,auditor_street (10/10 dwelling),Exact
"5104 SEDALIA DR, Columbus, OH, 43232",5104,SEDALIA DR,,Columbus,OH,43232,39.9079945,-82.863795,RESIDENTIAL,census_geocoder,auditor_street (48/57 dwelling),Exact
"3392 BRANDONBURY WAY, Columbus, OH, 43232",3392,BRANDONBURY WAY,,Columbus,OH,43232,39.9069173,-82.872348,RESIDENTIAL,census_geocoder,auditor_street (10/10 dwelling),Exact
"4512 REINBEAU DR, Columbus, OH, 43232",4512,REINBEAU DR,,Columbus,OH,43232,39.9065859,-82.8794719,RESIDENTIAL,census_geocoder,auditor_street (17/21 dwelling),Exact
"3433 LATONIA RD, Columbus, OH, 43232",3433,LATONIA RD,,Columbus,OH,43232,39.9071678,-82.8619834,RESIDENTIAL,census_geocoder,auditor_street (45/45 dwelling),Exact
"3459 LATONIA RD, Columbus, OH, 43232",3459,LATONIA RD,,Columbus,OH,43232,39.906754,-82.8622771,RESIDENTIAL,census_geocoder,auditor_street (45/45 dwelling),Exact
"3380 BRANDONBURY WAY, Columbus, OH, 43232",3380,BRANDONBURY WAY,,Columbus,OH,43232,39.9070439,-82.8723487,RESIDENTIAL,census_geocoder,auditor_street (10/10 dwelling),Exact
"5109 SEDALIA DR, Columbus, OH, 43232",5109,SEDALIA DR,,Columbus,OH,43232,39.9072397,-82.8642723,RESIDENTIAL,census_geocoder,auditor_street (48/57 dwelling),Exact
"3447 LATONIA RD, Columbus, OH, 43232",3447,LATONIA RD,,Columbus,OH,43232,39.9069778,-82.8621642,RESIDENTIAL,census_geocoder,auditor_street (45/45 dwelling),Exact
"3425 LATONIA RD, Columbus, OH, 43232",3425,LATONIA RD,,Columbus,OH,43232,39.9072967,-82.8618415,RESIDENTIAL,census_geocoder,auditor_street (45/45 dwelling),Exact
"3428 BRANDONBURY WAY, Columbus, OH, 43232",3428,BRANDONBURY WAY,,Columbus,OH,43232,39.9061499,-82.8723047,RESIDENTIAL,census_geocoder,auditor_street (10/10 dwelling),Exact
"3408 BRANDONBURY WAY, Columbus, OH, 43232",3408,BRANDONBURY WAY,,Columbus,OH,43232,39.9065524,-82.8722855,RESIDENTIAL,census_geocoder,auditor_street (10/10 dwelling),Exact
"3419 LATONIA RD, Columbus, OH, 43232",3419,LATONIA RD,,Columbus,OH,43232,39.907351,-82.8617812,RESIDENTIAL,census_geocoder,auditor_street (45/45 dwelling),Exact
"3585 TORWOOD DR, Columbus, OH, 43232",3585,TORWOOD DR,,Columbus,OH,43232,39.903786,-82.862864,RESIDENTIAL,census_geocoder,auditor_street (25/25 dwelling),Non_Exact
"3232 NOE BIXBY RD APT 2B, Columbus, OH, 43232",3232,NOE BIXBY RD,APT 2B,Columbus,OH,43232,39.9097293,-82.8642212,RESIDENTIAL,census_geocoder,auditor_street (242/328 dwelling),Exact
"3232 NOE BIXBY RD APT 2J, Columbus, OH, 43232",3232,NOE BIXBY RD,APT 2J,Columbus,OH,43232,39.9097293,-82.8642212,RESIDENTIAL,census_geocoder,auditor_street (242/328 dwelling),Exact
"3232 NOE BIXBY RD APT 2M, Columbus, OH, 43232",3232,NOE BIXBY RD,APT 2M,Columbus,OH,43232,39.9097293,-82.8642212,RESIDENTIAL,census_geocoder,auditor_street (242/328 dwelling),Exact
"5113 SEDALIA DR, Columbus, OH, 43232",5113,SEDALIA DR,,Columbus,OH,43232,39.9071791,-82.8641793,RESIDENTIAL,census_geocoder,auditor_street (48/57 dwelling),Exact
"3439 LATONIA RD, Columbus, OH, 43232",3439,LATONIA RD,,Columbus,OH,43232,39.9070998,-82.8620258,RESIDENTIAL,census_geocoder,auditor_street (45/45 dwelling),Exact
"3225 PORTMAN RD, Columbus, OH, 43232",3225,PORTMAN RD,,Columbus,OH,43232,39.911304,-82.8546328,RESIDENTIAL,census_geocoder,auditor_street (21/21 dwelling),Exact
"3232 NOE BIXBY RD APT 3D, Columbus, OH, 43232",3232,NOE BIXBY RD,APT 3D,Columbus,OH,43232,39.9097293,-82.8642212,RESIDENTIAL,census_geocoder,auditor_street (242/328 dwelling),Exact
"3232 NOE BIXBY RD APT 3P, Columbus, OH, 43232",3232,NOE BIXBY RD,APT 3P,Columbus,OH,43232,39.9097293,-82.8642212,RESIDENTIAL,census_geocoder,auditor_street (242/328 dwelling),Exact
"3232 NOE BIXBY RD APT 2N, Columbus, OH, 43232",3232,NOE BIXBY RD,APT 2N,Columbus,OH,43232,39.9097293,-82.8642212,RESIDENTIAL,census_geocoder,auditor_street (242/328 dwelling),Exact
"3232 NOE BIXBY RD APT 2R, Columbus, OH, 43232",3232,NOE BIXBY RD,APT 2R,Columbus,OH,43232,39.9097293,-82.8642212,RESIDENTIAL,census_geocoder,auditor_street (242/328 dwelling),Exact
"3232 NOE BIXBY RD APT 1D, Columbus, OH, 43232",3232,NOE BIXBY RD,APT 1D,Columbus,OH,43232,39.9097293,-82.8642212,RESIDENTIAL,census_geocoder,auditor_street (242/328 dwelling),Exact
"3232 NOE BIXBY RD APT 3L, Columbus, OH, 43232",3232,NOE BIXBY RD,APT 3L,Columbus,OH,43232,39.9097293,-82.8642212,RESIDENTIAL,census_geocoder,auditor_street (242/328 dwelling),Exact
"3232 NOE BIXBY RD APT 3J, Columbus, OH, 43232",3232,NOE BIXBY RD,APT 3J,Columbus,OH,43232,39.9097293,-82.8642212,RESIDENTIAL,census_geocoder,auditor_street (242/328 dwelling),Exact
"3232 NOE BIXBY RD APT 3S, Columbus, OH, 43232",3232,NOE BIXBY RD,APT 3S,Columbus,OH,43232,39.9097293,-82.8642212,RESIDENTIAL,census_geocoder,auditor_street (242/328 dwelling),Exact
"3232 NOE BIXBY RD APT 3F, Columbus, OH, 43232",3232,NOE BIXBY RD,APT 3F,Columbus,OH,43232,39.9097293,-82.8642212,RESIDENTIAL,census_geocoder,auditor_street (242/328 dwelling),Exact
"3232 NOE BIXBY RD APT 1E, Columbus, OH, 43232",3232,NOE BIXBY RD,APT 1E,Columbus,OH,43232,39.9097293,-82.8642212,RESIDENTIAL,census_geocoder,auditor_street (242/328 dwelling),Exact
"3232 NOE BIXBY RD APT 1C, Columbus, OH, 43232",3232,NOE BIXBY RD,APT 1C,Columbus,OH,43232,39.9097293,-82.8642212,RESIDENTIAL,census_geocoder,auditor_street (242/328 dwelling),Exact
"3232 NOE BIXBY RD APT 2K, Columbus, OH, 43232",3232,NOE BIXBY RD,APT 2K,Columbus,OH,43232,39.9097293,-82.8642212,RESIDENTIAL,census_geocoder,auditor_street (242/328 dwelling),Exact
"3232 NOE BIXBY RD APT 1R, Columbus, OH, 43232",3232,NOE BIXBY RD,APT 1R,Columbus,OH,43232,39.9097293,-82.8642212,RESIDENTIAL,census_geocoder,auditor_street (242/328 dwelling),Exact
"3232 NOE BIXBY RD APT 1S, Columbus, OH, 43232",3232,NOE BIXBY RD,APT 1S,Columbus,OH,43232,39.9097293,-82.8642212,RESIDENTIAL,census_geocoder,auditor_street (242/328 dwelling),Exact
"3232 NOE BIXBY RD APT 1H, Columbus, OH, 43232",3232,NOE BIXBY RD,APT 1H,Columbus,OH,43232,39.9097293,-82.8642212,RESIDENTIAL,census_geocoder,auditor_street (242/328 dwelling),Exact
"3232 NOE BIXBY RD APT 3Q, Columbus, OH, 43232",3232,NOE BIXBY RD,APT 3Q,Columbus,OH,43232,39.9097293,-82.8642212,RESIDENTIAL,census_geocoder,auditor_street (242/328 dwelling),Exact
"3232 NOE BIXBY RD APT 3N, Columbus, OH, 43232",3232,NOE BIXBY RD,APT 3N,Columbus,OH,43232,39.9097293,-82.8642212,RESIDENTIAL,census_geocoder,auditor_street (242/328 dwelling),Exact
"3232 NOE BIXBY RD APT 2P, Columbus, OH, 43232",3232,NOE BIXBY RD,APT 2P,Columbus,OH,43232,39.9097293,-82.8642212,RESIDENTIAL,census_geocoder,auditor_street (242/328 dwelling),Exact
"3232 NOE BIXBY RD APT 3R, Columbus, OH, 43232",3232,NOE BIXBY RD,APT 3R,Columbus,OH,43232,39.9097293,-82.8642212,RESIDENTIAL,census_geocoder,auditor_street (242/328 dwelling),Exact
"3232 NOE BIXBY RD APT 1A, Columbus, OH, 43232",3232,NOE BIXBY RD,APT 1A,Columbus,OH,43232,39.9097293,-82.8642212,RESIDENTIAL,census_geocoder,auditor_street (242/328 dwelling),Exact
"3232 NOE BIXBY RD APT 3E, Columbus, OH, 43232",3232,NOE BIXBY RD,APT 3E,Columbus,OH,43232,39.9097293,-82.8642212,RESIDENTIAL,census_geocoder,auditor_street (242/328 dwelling),Exact
"3232 NOE BIXBY RD APT 2F, Columbus, OH, 43232",3232,NOE BIXBY RD,APT 2F,Columbus,OH,43232,39.9097293,-82.8642212,RESIDENTIAL,census_geocoder,auditor_street (242/328 dwelling),Exact
"3232 NOE BIXBY RD APT 3G, Columbus, OH, 43232",3232,NOE BIXBY RD,APT 3G,Columbus,OH,43232,39.9097293,-82.8642212,RESIDENTIAL,census_geocoder,auditor_street (242/328 dwelling),Exact
"3232 NOE BIXBY RD APT 3K, Columbus, OH, 43232",3232,NOE BIXBY RD,APT 3K,Columbus,OH,43232,39.9097293,-82.8642212,RESIDENTIAL,census_geocoder,auditor_street (242/328 dwelling),Exact
"3232 NOE BIXBY RD APT 3H, Columbus, OH, 43232",3232,NOE BIXBY RD,APT 3H,Columbus,OH,43232,39.9097293,-82.8642212,RESIDENTIAL,census_geocoder,auditor_street (242/328 dwelling),Exact
"3465 LATONIA RD, Columbus, OH, 43232",3465,LATONIA RD,,Columbus,OH,43232,39.9066113,-82.8624261,RESIDENTIAL,census_geocoder,auditor_street (45/45 dwelling),Exact
"3232 NOE BIXBY RD APT 3A, Columbus, OH, 43232",3232,NOE BIXBY RD,APT 3A,Columbus,OH,43232,39.9097293,-82.8642212,RESIDENTIAL,census_geocoder,auditor_street (242/328 dwelling),Exact
"3232 NOE BIXBY RD APT 1J, Columbus, OH, 43232",3232,NOE BIXBY RD,APT 1J,Columbus,OH,43232,39.9097293,-82.8642212,RESIDENTIAL,census_geocoder,auditor_street (242/328 dwelling),Exact
"3232 NOE BIXBY RD APT 1L, Columbus, OH, 43232",3232,NOE BIXBY RD,APT 1L,Columbus,OH,43232,39.9097293,-82.8642212,RESIDENTIAL,census_geocoder,auditor_street (242/328 dwelling),Exact
"3232 NOE BIXBY RD APT 1M, Columbus, OH, 43232",3232,NOE BIXBY RD,APT 1M,Columbus,OH,43232,39.9097293,-82.8642212,RESIDENTIAL,census_geocoder,auditor_street (242/328 dwelling),Exact
"3232 NOE BIXBY RD APT 2C, Columbus, OH, 43232",3232,NOE BIXBY RD,APT 2C,Columbus,OH,43232,39.9097293,-82.8642212,RESIDENTIAL,census_geocoder,auditor_street (242/328 dwelling),Exact
"3232 NOE BIXBY RD APT 2G, Columbus, OH, 43232",3232,NOE BIXBY RD,APT 2G,Columbus,OH,43232,39.9097293,-82.8642212,RESIDENTIAL,census_geocoder,auditor_street (242/328 dwelling),Exact
"3232 NOE BIXBY RD APT 2E, Columbus, OH, 43232",3232,NOE BIXBY RD,APT 2E,Columbus,OH,43232,39.9097293,-82.8642212,RESIDENTIAL,census_geocoder,auditor_street (242/328 dwelling),Exact
"3232 NOE BIXBY RD APT 3B, Columbus, OH, 43232",3232,NOE BIXBY RD,APT 3B,Columbus,OH,43232,39.9097293,-82.8642212,RESIDENTIAL,census_geocoder,auditor_street (242/328 dwelling),Exact
"3232 NOE BIXBY RD APT 2D, Columbus, OH, 43232",3232,NOE BIXBY RD,APT 2D,Columbus,OH,43232,39.9097293,-82.8642212,RESIDENTIAL,census_geocoder,auditor_street (242/328 dwelling),Exact
"3232 NOE BIXBY RD APT 1F, Columbus, OH, 43232",3232,NOE BIXBY RD,APT 1F,Columbus,OH,43232,39.9097293,-82.8642212,RESIDENTIAL,census_geocoder,auditor_street (242/328 dwelling),Exact
"3232 NOE BIXBY RD APT 1Q, Columbus, OH, 43232",3232,NOE BIXBY RD,APT 1Q,Columbus,OH,43232,39.9097293,-82.8642212,RESIDENTIAL,census_geocoder,auditor_street (242/328 dwelling),Exact
"3857 NOE BIXBY RD, Columbus, OH, 43232",3857,NOE BIXBY RD,,Columbus,OH,43232,39.8985271,-82.8728734,RESIDENTIAL,census_geocoder,auditor_street (242/328 dwelling),Exact
"5117 SEDALIA DR, Columbus, OH, 43232",5117,SEDALIA DR,,Columbus,OH,43232,39.9071086,-82.8640684,RESIDENTIAL,census_geocoder,auditor_street (48/57 dwelling),Exact
"3232 NOE BIXBY RD APT 3C, Columbus, OH, 43232",3232,NOE BIXBY RD,APT 3C,Columbus,OH,43232,39.9097293,-82.8642212,RESIDENTIAL,census_geocoder,auditor_street (242/328 dwelling),Exact
"3232 NOE BIXBY RD APT 1K, Columbus, OH, 43232",3232,NOE BIXBY RD,APT 1K,Columbus,OH,43232,39.9097293,-82.8642212,RESIDENTIAL,census_geocoder,auditor_street (242/328 dwelling),Exact
"3232 NOE BIXBY RD APT 1P, Columbus, OH, 43232",3232,NOE BIXBY RD,APT 1P,Columbus,OH,43232,39.9097293,-82.8642212,RESIDENTIAL,census_geocoder,auditor_street (242/328 dwelling),Exact
"3449 LATONIA RD, Columbus, OH, 43232",3449,LATONIA RD,,Columbus,OH,43232,39.9070113,-82.8622357,RESIDENTIAL,census_geocoder,auditor_street (45/45 dwelling),Exact
"3427 BRANDONBURY WAY, Columbus, OH, 43232",3427,BRANDONBURY WAY,,Columbus,OH,43232,39.9061337,-82.8727502,RESIDENTIAL,census_geocoder,auditor_street (10/10 dwelling),Exact
"4480 REINBEAU DR, Columbus, OH, 43232",4480,REINBEAU DR,,Columbus,OH,43232,39.9065901,-82.8802205,RESIDENTIAL,census_geocoder,auditor_street (17/21 dwelling),Exact
"5116 SEDALIA DR, Columbus, OH, 43232",5116,SEDALIA DR,,Columbus,OH,43232,39.9078405,-82.8634484,RESIDENTIAL,census_geocoder,auditor_street (48/57 dwelling),Exact
"3453 LATONIA RD, Columbus, OH, 43232",3453,LATONIA RD,,Columbus,OH,43232,39.9069164,-82.8622281,RESIDENTIAL,census_geocoder,auditor_street (45/45 dwelling),Exact
"3215 PORTMAN RD, Columbus, OH, 43232",3215,PORTMAN RD,,Columbus,OH,43232,39.9114588,-82.8547013,RESIDENTIAL,census_geocoder,auditor_street (21/21 dwelling),Exact
"5020 ZIMMER DR, Columbus, OH, 43232",5020,ZIMMER DR,,Columbus,OH,43232,39.903668,-82.8681317,RESIDENTIAL,census_geocoder,auditor_street (61/61 dwelling),Exact
"5140 SEDALIA DR, Columbus, OH, 43232",5140,SEDALIA DR,,Columbus,OH,43232,39.907373,-82.8634317,RESIDENTIAL,census_geocoder,auditor_street (48/57 dwelling),Exact
"3232 NOE BIXBY RD APT 1N, Columbus, OH, 43232",3232,NOE BIXBY RD,APT 1N,Columbus,OH,43232,39.9097293,-82.8642212,RESIDENTIAL,census_geocoder,auditor_street (242/328 dwelling),Exact
"3699 MATHENA WAY, Columbus, OH, 43232",3699,MATHENA WAY,,Columbus,OH,43232,39.9121238,-82.8990841,RESIDENTIAL,census_geocoder,auditor_street (15/15 dwelling),Exact
"3458 WESTPOINT DR, Columbus, OH, 43232",3458,WESTPOINT DR,,Columbus,OH,43232,39.9190176,-82.9043484,RESIDENTIAL,census_geocoder,auditor_street (15/16 dwelling),Exact
"2466 NOE-BIXBY RD, Columbus, OH, 43232",2466,NOE-BIXBY RD,,Columbus,OH,43232,39.9260807,-82.8643115,RESIDENTIAL,census_geocoder,auditor_street (242/328 dwelling),Exact
"2169 S JAMES RD, Columbus, OH, 43232",2169,S JAMES RD,,Columbus,OH,43232,39.9269108,-82.9182713,RESIDENTIAL,census_geocoder,auditor_street (351/451 dwelling),Exact
"1946 FOUNTAINVIEW CT A, Columbus, OH, 43232",1946,FOUNTAINVIEW CT,A,Columbus,OH,43232,39.939672,-82.8339336,RESIDENTIAL,census_geocoder,auditor_street (11/12 dwelling),Non_Exact
"854 LITTLE BROOK WAY, Columbus, OH, 43232",854,LITTLE BROOK WAY,,Columbus,OH,43232,39.9445072,-82.8413743,RESIDENTIAL,census_geocoder,auditor_street (30/31 dwelling),Non_Exact
"5864 CHATFORD DR D, Columbus, OH, 43232",5864,CHATFORD DR,D,Columbus,OH,43232,39.9341652,-82.8361581,RESIDENTIAL,census_geocoder,auditor_street (14/20 dwelling),Non_Exact
"1810 NOE-BIXBY RD, Columbus, OH, 43232",1810,NOE-BIXBY RD,,Columbus,OH,43232,39.9395844,-82.860419,RESIDENTIAL,census_geocoder,auditor_street (242/328 dwelling),Exact
"2706 MAYWOOD RD, Columbus, OH, 43232",2706,MAYWOOD RD,,Columbus,OH,43232,39.9220352,-82.8583833,RESIDENTIAL,census_geocoder,auditor_street (40/40 dwelling),Exact
"1424 IDLEWILD DR, Columbus, OH, 43232",1424,IDLEWILD DR,,Columbus,OH,43232,39.9507245,-82.8313701,RESIDENTIAL,census_geocoder,auditor_street (67/90 dwelling),Exact
"776 LITTLE BROOK WAY, Columbus, OH, 43232",776,LITTLE BROOK WAY,,Columbus,OH,43232,39.9445072,-82.8413743,RESIDENTIAL,census_geocoder,auditor_street (30/31 dwelling),Non_Exact
"1765 SUNAPPLE WAY, Columbus, OH, 43232",1765,SUNAPPLE WAY,,Columbus,OH,43232,39.9443992,-82.8436027,RESIDENTIAL,census_geocoder,auditor_street (52/52 dwelling),Exact
"3515 PETZINGER RD, Columbus, OH, 43232",3515,PETZINGER RD,,Columbus,OH,43232,39.9269684,-82.899657,RESIDENTIAL,census_geocoder,auditor_street (122/146 dwelling),Exact
"888 LITTLE BROOK WAY, Columbus, OH, 43232",888,LITTLE BROOK WAY,,Columbus,OH,43232,39.9445072,-82.8413743,RESIDENTIAL,census_geocoder,auditor_street (30/31 dwelling),Non_Exact
"2025 COURTRIGHT RD, Columbus, OH, 43232",2025,COURTRIGHT RD,,Columbus,OH,43232,39.9297105,-82.9016532,RESIDENTIAL,census_geocoder,auditor_street (96/137 dwelling),Exact
"2504 COURTRIGHT RD, Columbus, OH, 43232",2504,COURTRIGHT RD,,Columbus,OH,43232,39.9219182,-82.8969737,RESIDENTIAL,census_geocoder,auditor_street (96/137 dwelling),Exact
"3452 WINCHESTER BEND DR, Columbus, OH, 43232",3452,WINCHESTER BEND DR,,Columbus,OH,43232,39.9025468,-82.8908419,RESIDENTIAL,census_geocoder,auditor_street (88/89 dwelling),Exact
"1931 FOUNTAINVIEW CT, Columbus, OH, 43232",1931,FOUNTAINVIEW CT,,Columbus,OH,43232,39.9401745,-82.8349977,RESIDENTIAL,census_geocoder,auditor_street (11/12 dwelling),Exact
"5933 LITTLE BROOK WAY, Columbus, OH, 43232",5933,LITTLE BROOK WAY,,Columbus,OH,43232,39.9445059,-82.8409543,RESIDENTIAL,census_geocoder,auditor_street (30/31 dwelling),Exact
"5822 CHATFORD DR F, Columbus, OH, 43232",5822,CHATFORD DR,F,Columbus,OH,43232,39.9342788,-82.8375708,RESIDENTIAL,census_geocoder,auditor_street (14/20 dwelling),Non_Exact
"1811 BAIRSFORD DR 1D, Columbus, OH, 43232",1811,BAIRSFORD DR,1D,Columbus,OH,43232,39.9410361,-82.8452878,RESIDENTIAL,census_geocoder,auditor_street (23/27 dwelling),Non_Exact
"5912 LITTLE BROOK WAY, Columbus, OH, 43232",5912,LITTLE BROOK WAY,,Columbus,OH,43232,39.9451801,-82.8413214,RESIDENTIAL,census_geocoder,auditor_street (30/31 dwelling),Exact
"5896 CHATFORD DR E, Columbus, OH, 43232",5896,CHATFORD DR,E,Columbus,OH,43232,39.9342155,-82.8348766,RESIDENTIAL,census_geocoder,auditor_street (14/20 dwelling),Non_Exact
"2920 SAXON CT, Columbus, OH, 43232",2920,SAXON CT,,Columbus,OH,43232,39.9116386,-82.9142167,RESIDENTIAL,census_geocoder,auditor_street (24/24 dwelling),Exact
"2938 THORNELL WAY, Columbus, OH, 43232",2938,THORNELL WAY,,Columbus,OH,43232,39.9189275,-82.8469922,RESIDENTIAL,census_geocoder,auditor_street (10/10 dwelling),Exact
"1873 BAIRSFORD DR, Columbus, OH, 43232",1873,BAIRSFORD DR,,Columbus,OH,43232,39.9398376,-82.8465458,RESIDENTIAL,census_geocoder,auditor_street (23/27 dwelling),Exact
"5746 SARANAC DR, Columbus, OH, 43232",5746,SARANAC DR,,Columbus,OH,43232,39.941643,-82.8417346,RESIDENTIAL,census_geocoder,auditor_street (23/31 dwelling),Exact
"2744 MAYWOOD RD, Columbus, OH, 43232",2744,MAYWOOD RD,,Columbus,OH,43232,39.9211751,-82.8586372,RESIDENTIAL,census_geocoder,auditor_street (40/40 dwelling),Exact
"1921 BAIRSFORD DR, Columbus, OH, 43232",1921,BAIRSFORD DR,,Columbus,OH,43232,39.9387653,-82.8470854,RESIDENTIAL,census_geocoder,auditor_street (23/27 dwelling),Exact
"5828 CHATFORD DR B, Columbus, OH, 43232",5828,CHATFORD DR,B,Columbus,OH,43232,39.9342284,-82.8373554,RESIDENTIAL,census_geocoder,auditor_street (14/20 dwelling),Non_Exact
"1622 NOE-BIXBY RD C, Columbus, OH, 43232",1622,NOE-BIXBY RD,C,Columbus,OH,43232,39.9441461,-82.853279,RESIDENTIAL,census_geocoder,auditor_street (242/328 dwelling),Non_Exact
"2432 BOTSFORD PL CATV, Columbus, OH, 43232",2432,BOTSFORD PL,CATV,Columbus,OH,43232,39.9273751,-82.861026,RESIDENTIAL,census_geocoder,auditor_street (6/6 dwelling),Non_Exact
"1610 NOE-BIXBY RD D, Columbus, OH, 43232",1610,NOE-BIXBY RD,D,Columbus,OH,43232,39.9444908,-82.8532576,RESIDENTIAL,census_geocoder,auditor_street (242/328 dwelling),Non_Exact
"1946 FOUNTAINVIEW CT G, Columbus, OH, 43232",1946,FOUNTAINVIEW CT,G,Columbus,OH,43232,39.9397299,-82.8339115,RESIDENTIAL,census_geocoder,auditor_street (11/12 dwelling),Non_Exact
"3424 CARDSTON PL, Columbus, OH, 43232",3424,CARDSTON PL,,Columbus,OH,43232,39.9254909,-82.9013323,RESIDENTIAL,census_geocoder,auditor_street (5/5 dwelling),Exact
"5660 SARANAC DR, Columbus, OH, 43232",5660,SARANAC DR,,Columbus,OH,43232,39.9415869,-82.8430717,RESIDENTIAL,census_geocoder,auditor_street (23/31 dwelling),Exact
"2075 BAIRSFORD DR, Columbus, OH, 43232",2075,BAIRSFORD DR,,Columbus,OH,43232,39.9355486,-82.8460719,RESIDENTIAL,census_geocoder,auditor_street (23/27 dwelling),Exact
"5824 CHATFORD DR, Columbus, OH, 43232",5824,CHATFORD DR,,Columbus,OH,43232,39.9339542,-82.8358592,RESIDENTIAL,census_geocoder,auditor_street (14/20 dwelling),Exact
"5898 CHATFORD DR, Columbus, OH, 43232",5898,CHATFORD DR,,Columbus,OH,43232,39.9339542,-82.8358592,RESIDENTIAL,census_geocoder,auditor_street (14/20 dwelling),Exact
"3474 WALNUT DR, Columbus, OH, 43232",3474,WALNUT DR,,Columbus,OH,43232,39.9218383,-82.9040376,RESIDENTIAL,census_geocoder,auditor_street (30/37 dwelling),Exact
"1811 BAIRSFORD DR 1B, Columbus, OH, 43232",1811,BAIRSFORD DR,1B,Columbus,OH,43232,39.9409726,-82.8452155,RESIDENTIAL,census_geocoder,auditor_street (23/27 dwelling),Non_Exact
"2081 BAIRSFORD DR, Columbus, OH, 43232",2081,BAIRSFORD DR,,Columbus,OH,43232,39.935423,-82.8459773,RESIDENTIAL,census_geocoder,auditor_street (23/27 dwelling),Exact
"2249 GARNET PL, Columbus, OH, 43232",2249,GARNET PL,,Columbus,OH,43232,39.9255656,-82.9075083,RESIDENTIAL,census_geocoder,auditor_street (6/7 dwelling),Exact
"5858 CHATFORD DR, Columbus, OH, 43232",5858,CHATFORD DR,,Columbus,OH,43232,39.9340898,-82.8364447,RESIDENTIAL,census_geocoder,auditor_street (14/20 dwelling),Exact
"1849 BAIRSFORD DR, Columbus, OH, 43232",1849,BAIRSFORD DR,,Columbus,OH,43232,39.9404478,-82.8460422,RESIDENTIAL,census_geocoder,auditor_street (23/27 dwelling),Exact
"5567 CHATFORD DR F, Columbus, OH, 43232",5567,CHATFORD DR,F,Columbus,OH,43232,39.9342028,-82.8443111,RESIDENTIAL,census_geocoder,auditor_street (14/20 dwelling),Non_Exact
"5537 CHATFORD DR, Columbus, OH, 43232",5537,CHATFORD DR,,Columbus,OH,43232,39.9348673,-82.8452779,RESIDENTIAL,census_geocoder,auditor_street (14/20 dwelling),Exact
"1811 BAIRSFORD DR 2K, Columbus, OH, 43232",1811,BAIRSFORD DR,2K,Columbus,OH,43232,39.9413205,-82.8454146,RESIDENTIAL,census_geocoder,auditor_street (23/27 dwelling),Non_Exact
"804 LITTLE BROOK WAY, Columbus, OH, 43232",804,LITTLE BROOK WAY,,Columbus,OH,43232,39.9445072,-82.8413743,RESIDENTIAL,census_geocoder,auditor_street (30/31 dwelling),Non_Exact
"5421 JACK RUSSELL WAY, Columbus, OH, 43232",5421,JACK RUSSELL WAY,,Columbus,OH,43232,39.9084157,-82.8508074,RESIDENTIAL,census_geocoder,auditor_street (5/5 dwelling),Exact
"1799 BAIRSFORD DR, Columbus, OH, 43232",1799,BAIRSFORD DR,,Columbus,OH,43232,39.9413949,-82.8445645,RESIDENTIAL,census_geocoder,auditor_street (23/27 dwelling),Exact
"1561 LONSDALE RD CATV, Columbus, OH, 43232",1561,LONSDALE RD,CATV,Columbus,OH,43232,39.9457835,-82.8498369,RESIDENTIAL,census_geocoder,auditor_street (54/64 dwelling),Non_Exact
"2533 COURTRIGHT RD, Columbus, OH, 43232",2533,COURTRIGHT RD,,Columbus,OH,43232,39.9212739,-82.8975521,RESIDENTIAL,census_geocoder,auditor_street (96/137 dwelling),Exact
"880 LITTLE BROOK WAY, Columbus, OH, 43232",880,LITTLE BROOK WAY,,Columbus,OH,43232,39.9445072,-82.8413743,RESIDENTIAL,census_geocoder,auditor_street (30/31 dwelling),Non_Exact
"1980 FOUNTAINVIEW CT, Columbus, OH, 43232",1980,FOUNTAINVIEW CT,,Columbus,OH,43232,39.9392869,-82.8343658,RESIDENTIAL,census_geocoder,auditor_street (11/12 dwelling),Exact
"5963 LITTLE BROOK WAY, Columbus, OH, 43232",5963,LITTLE BROOK WAY,,Columbus,OH,43232,39.9442623,-82.8402113,RESIDENTIAL,census_geocoder,auditor_street (30/31 dwelling),Exact
"774 LITTLE BROOK WAY, Columbus, OH, 43232",774,LITTLE BROOK WAY,,Columbus,OH,43232,39.9445072,-82.8413743,RESIDENTIAL,census_geocoder,auditor_street (30/31 dwelling),Non_Exact
"2269 COURTRIGHT RD, Columbus, OH, 43232",2269,COURTRIGHT RD,,Columbus,OH,43232,39.9258611,-82.8990382,RESIDENTIAL,census_geocoder,auditor_street (96/137 dwelling),Exact
"1811 BAIRSFORD DR 2H, Columbus, OH, 43232",1811,BAIRSFORD DR,2H,Columbus,OH,43232,39.941238,-82.8453043,RESIDENTIAL,census_geocoder,auditor_street (23/27 dwelling),Non_Exact
"2626 NOE-BIXBY RD D, Columbus, OH, 43232",2626,NOE-BIXBY RD,D,Columbus,OH,43232,39.9227706,-82.8639048,RESIDENTIAL,census_geocoder,auditor_street (242/328 dwelling),Non_Exact
"2273 COURTRIGHT RD, Columbus, OH, 43232",2273,COURTRIGHT RD,,Columbus,OH,43232,39.9255677,-82.8989295,RESIDENTIAL,census_geocoder,auditor_street (96/137 dwelling),Exact
"1824 MISTY WAY, Columbus, OH, 43232",1824,MISTY WAY,,Columbus,OH,43232,39.943562,-82.8390531,RESIDENTIAL,census_geocoder,auditor_street (47/47 dwelling),Exact
"1881 FOUNTAINVIEW CT B, Columbus, OH, 43232",1881,FOUNTAINVIEW CT,B,Columbus,OH,43232,39.9406985,-82.8351108,RESIDENTIAL,census_geocoder,auditor_street (11/12 dwelling),Non_Exact
"1926 NOE-BIXBY RD, Columbus, OH, 43232",1926,NOE-BIXBY RD,,Columbus,OH,43232,39.9370256,-82.8618577,RESIDENTIAL,census_geocoder,auditor_street (242/328 dwelling),Exact
"3513 PETZINGER RD, Columbus, OH, 43232",3513,PETZINGER RD,,Columbus,OH,43232,39.927084,-82.8996498,RESIDENTIAL,census_geocoder,auditor_street (122/146 dwelling),Exact
"3171 SCHWARTZ RD, Columbus, OH, 43232",3171,SCHWARTZ RD,,Columbus,OH,43232,39.9069909,-82.9116164,RESIDENTIAL,census_geocoder,auditor_street (24/31 dwelling),Exact
"1811 BAIRSFORD DR 2A, Columbus, OH, 43232",1811,BAIRSFORD DR,2A,Columbus,OH,43232,39.9410481,-82.845065,RESIDENTIAL,census_geocoder,auditor_street (23/27 dwelling),Non_Exact
"5912 CHATFORD DR B, Columbus, OH, 43232",5912,CHATFORD DR,B,Columbus,OH,43232,39.9340417,-82.8343848,RESIDENTIAL,census_geocoder,auditor_street (14/20 dwelling),Non_Exact
"1670 LONSDALE RD, Columbus, OH, 43232",1670,LONSDALE RD,,Columbus,OH,43232,39.9434986,-82.849941,RESIDENTIAL,census_geocoder,auditor_street (54/64 dwelling),Exact
"5804 CHATFORD DR A, Columbus, OH, 43232",5804,CHATFORD DR,A,Columbus,OH,43232,39.9339291,-82.8380116,RESIDENTIAL,census_geocoder,auditor_street (14/20 dwelling),Non_Exact
"1761 SUNAPPLE WAY, Columbus, OH, 43232",1761,SUNAPPLE WAY,,Columbus,OH,43232,39.9445334,-82.8437068,RESIDENTIAL,census_geocoder,auditor_street (52/52 dwelling),Exact
"2454 COURTRIGHT RD, Columbus, OH, 43232",2454,COURTRIGHT RD,,Columbus,OH,43232,39.9225709,-82.89797,RESIDENTIAL,census_geocoder,auditor_street (96/137 dwelling),Exact
"5652 SARANAC DR, Columbus, OH, 43232",5652,SARANAC DR,,Columbus,OH,43232,39.9416329,-82.843318,RESIDENTIAL,census_geocoder,auditor_street (23/31 dwelling),Exact
"2342 NOE-BIXBY RD, Columbus, OH, 43232",2342,NOE-BIXBY RD,,Columbus,OH,43232,39.9287941,-82.8635952,RESIDENTIAL,census_geocoder,auditor_street (242/328 dwelling),Exact
"5888 CHATFORD DR, Columbus, OH, 43232",5888,CHATFORD DR,,Columbus,OH,43232,39.9340219,-82.8352758,RESIDENTIAL,census_geocoder,auditor_street (14/20 dwelling),Exact
"1910 FOUNTAINVIEW CT, Columbus, OH, 43232",1910,FOUNTAINVIEW CT,,Columbus,OH,43232,39.9404981,-82.8341647,RESIDENTIAL,census_geocoder,auditor_street (11/12 dwelling),Exact
"5900 CHATFORD DR F, Columbus, OH, 43232",5900,CHATFORD DR,F,Columbus,OH,43232,39.9341984,-82.8346258,RESIDENTIAL,census_geocoder,auditor_street (14/20 dwelling),Non_Exact
"5896 CHATFORD DR H, Columbus, OH, 43232",5896,CHATFORD DR,H,Columbus,OH,43232,39.9341345,-82.8348437,RESIDENTIAL,census_geocoder,auditor_street (14/20 dwelling),Non_Exact
"3310 JOSHSTOCK DR, Columbus, OH, 43232",3310,JOSHSTOCK DR,,Columbus,OH,43232,39.9135308,-82.8374326,RESIDENTIAL,census_geocoder,auditor_street (4/4 dwelling),Exact
"5779 LUCINDA CT, Columbus, OH, 43232",5779,LUCINDA CT,,Columbus,OH,43232,39.9466854,-82.8435941,RESIDENTIAL,census_geocoder,auditor_street (19/19 dwelling),Exact
"3744 WESTPOINT DR UNIT 1, Columbus, OH, 43232",3744,WESTPOINT DR,UNIT 1,Columbus,OH,43232,39.918758,-82.895705,RESIDENTIAL,census_geocoder,auditor_street (15/16 dwelling),Exact
"3647 PETZINGER RD, Columbus, OH, 43232",3647,PETZINGER RD,,Columbus,OH,43232,39.9264357,-82.8957314,RESIDENTIAL,census_geocoder,auditor_street (122/146 dwelling),Exact
"1814 NOE-BIXBY RD UNIT D, Columbus, OH, 43232",1814,NOE-BIXBY RD,UNIT D,Columbus,OH,43232,39.9394034,-82.8605138,RESIDENTIAL,census_geocoder,auditor_street (242/328 dwelling),Non_Exact
"1884 FOUNTAINVIEW CT, Columbus, OH, 43232",1884,FOUNTAINVIEW CT,,Columbus,OH,43232,39.9408327,-82.8342519,RESIDENTIAL,census_geocoder,auditor_street (11/12 dwelling),Exact
"1862 MISTY WAY, Columbus, OH, 43232",1862,MISTY WAY,,Columbus,OH,43232,39.9434282,-82.8382182,RESIDENTIAL,census_geocoder,auditor_street (47/47 dwelling),Exact
"1949 BAIRSFORD DR, Columbus, OH, 43232",1949,BAIRSFORD DR,,Columbus,OH,43232,39.9381028,-82.846892,RESIDENTIAL,census_geocoder,auditor_street (23/27 dwelling),Exact
"2055 BAIRSFORD DR, Columbus, OH, 43232",2055,BAIRSFORD DR,,Columbus,OH,43232,39.9359211,-82.8462906,RESIDENTIAL,census_geocoder,auditor_street (23/27 dwelling),Exact
"5551 CHATFORD DR G, Columbus, OH, 43232",5551,CHATFORD DR,G,Columbus,OH,43232,39.934365,-82.8454576,RESIDENTIAL,census_geocoder,auditor_street (14/20 dwelling),Non_Exact
"1922 FOUNTAINVIEW CT, Columbus, OH, 43232",1922,FOUNTAINVIEW CT,,Columbus,OH,43232,39.9401385,-82.8341345,RESIDENTIAL,census_geocoder,auditor_street (11/12 dwelling),Exact
"1954 FOUNTAINVIEW CT, Columbus, OH, 43232",1954,FOUNTAINVIEW CT,,Columbus,OH,43232,39.9392633,-82.8339769,RESIDENTIAL,census_geocoder,auditor_street (11/12 dwelling),Exact
"1582 LONSDALE RD, Columbus, OH, 43232",1582,LONSDALE RD,,Columbus,OH,43232,39.9453854,-82.8495066,RESIDENTIAL,census_geocoder,auditor_street (54/64 dwelling),Exact
"3730 WESTPOINT DR, Columbus, OH, 43232",3730,WESTPOINT DR,,Columbus,OH,43232,39.9187532,-82.8959562,RESIDENTIAL,census_geocoder,auditor_street (15/16 dwelling),Exact
"1988 WOODCREST RD, Columbus, OH, 43232",1988,WOODCREST RD,,Columbus,OH,43232,39.9360928,-82.8584197,RESIDENTIAL,census_geocoder,auditor_street (78/78 dwelling),Exact
"2755 GLENBRIAR ST, Columbus, OH, 43232",2755,GLENBRIAR ST,,Columbus,OH,43232,39.9224071,-82.8486843,RESIDENTIAL,census_geocoder,auditor_street (51/51 dwelling),Exact
"5906 HALLWORTH AVE A, Columbus, OH, 43232",5906,HALLWORTH AVE,A,Columbus,OH,43232,39.9461521,-82.8402623,RESIDENTIAL,census_geocoder,auditor_street (16/16 dwelling),Non_Exact
"856 LITTLE BROOK WAY, Columbus, OH, 43232",856,LITTLE BROOK WAY,,Columbus,OH,43232,39.9445072,-82.8413743,RESIDENTIAL,census_geocoder,auditor_street (30/31 dwelling),Non_Exact
"1784 BAIRSFORD DR, Columbus, OH, 43232",1784,BAIRSFORD DR,,Columbus,OH,43232,39.9417775,-82.8436219,RESIDENTIAL,census_geocoder,auditor_street (23/27 dwelling),Exact
"812 LITTLE BROOK WAY, Columbus, OH, 43232",812,LITTLE BROOK WAY,,Columbus,OH,43232,39.9445072,-82.8413743,RESIDENTIAL,census_geocoder,auditor_street (30/31 dwelling),Non_Exact
"1743 LONSDALE RD, Columbus, OH, 43232",1743,LONSDALE RD,,Columbus,OH,43232,39.9419773,-82.8508183,RESIDENTIAL,census_geocoder,auditor_street (54/64 dwelling),Exact
"5900 CHATFORD DR A, Columbus, OH, 43232",5900,CHATFORD DR,A,Columbus,OH,43232,39.9342438,-82.8347481,RESIDENTIAL,census_geocoder,auditor_street (14/20 dwelling),Non_Exact
"2901 WHITLOW RD, Columbus, OH, 43232",2901,WHITLOW RD,,Columbus,OH,43232,39.9183504,-82.8520998,RESIDENTIAL,census_geocoder,auditor_street (36/36 dwelling),Exact
"1714 SUNAPPLE WAY, Columbus, OH, 43232",1714,SUNAPPLE WAY,,Columbus,OH,43232,39.9457107,-82.8428923,RESIDENTIAL,census_geocoder,auditor_street (52/52 dwelling),Exact
"1743 LONSDALE RD A, Columbus, OH, 43232",1743,LONSDALE RD,A,Columbus,OH,43232,39.9420426,-82.8508976,RESIDENTIAL,census_geocoder,auditor_street (54/64 dwelling),Non_Exact
"2141 NOE-BIXBY RD, Columbus, OH, 43232",2141,NOE-BIXBY RD,,Columbus,OH,43232,39.9332456,-82.8634205,RESIDENTIAL,census_geocoder,auditor_street (242/328 dwelling),Exact
"5700 SARANAC DR, Columbus, OH, 43232",5700,SARANAC DR,,Columbus,OH,43232,39.9413552,-82.8425071,RESIDENTIAL,census_geocoder,auditor_street (23/31 dwelling),Exact
"5894 LITTLE BROOK WAY, Columbus, OH, 43232",5894,LITTLE BROOK WAY,,Columbus,OH,43232,39.9455235,-82.8418658,RESIDENTIAL,census_geocoder,auditor_street (30/31 dwelling),Exact
"2460 COURTRIGHT RD, Columbus, OH, 43232",2460,COURTRIGHT RD,,Columbus,OH,43232,39.9224743,-82.8978147,RESIDENTIAL,census_geocoder,auditor_street (96/137 dwelling),Exact
"2040 COURTRIGHT RD, Columbus, OH, 43232",2040,COURTRIGHT RD,,Columbus,OH,43232,39.9309162,-82.8978668,RESIDENTIAL,census_geocoder,auditor_street (96/137 dwelling),Exact
"5816 CHATFORD DR A, Columbus, OH, 43232",5816,CHATFORD DR,A,Columbus,OH,43232,39.9340497,-82.8376456,RESIDENTIAL,census_geocoder,auditor_street (14/20 dwelling),Non_Exact
"1813 BAIRSFORD DR 2N, Columbus, OH, 43232",1813,BAIRSFORD DR,2N,Columbus,OH,43232,39.9411293,-82.8457295,RESIDENTIAL,census_geocoder,auditor_street (23/27 dwelling),Non_Exact
"3780 WESTPOINT DR, Columbus, OH, 43232",3780,WESTPOINT DR,,Columbus,OH,43232,39.9192863,-82.8946939,RESIDENTIAL,census_geocoder,auditor_street (15/16 dwelling),Exact
"1859 BAIRSFORD DR, Columbus, OH, 43232",1859,BAIRSFORD DR,,Columbus,OH,43232,39.9401289,-82.8461323,RESIDENTIAL,census_geocoder,auditor_street (23/27 dwelling),Exact
"5828 CHATFORD DR A, Columbus, OH, 43232",5828,CHATFORD DR,A,Columbus,OH,43232,39.9342728,-82.8373469,RESIDENTIAL,census_geocoder,auditor_street (14/20 dwelling),Non_Exact
"2608 NOE-BIXBY RD A, Columbus, OH, 43232",2608,NOE-BIXBY RD,A,Columbus,OH,43232,39.9229606,-82.8639255,RESIDENTIAL,census_geocoder,auditor_street (242/328 dwelling),Non_Exact
"1744 LONSDALE RD UNIT C, Columbus, OH, 43232",1744,LONSDALE RD,UNIT C,Columbus,OH,43232,39.9420227,-82.8501739,RESIDENTIAL,census_geocoder,auditor_street (54/64 dwelling),Non_Exact
"828 LITTLE BROOK WAY, Columbus, OH, 43232",828,LITTLE BROOK WAY,,Columbus,OH,43232,39.9445072,-82.8413743,RESIDENTIAL,census_geocoder,auditor_street (30/31 dwelling),Non_Exact
"2685 NATALIA DR, Columbus, OH, 43232",2685,NATALIA DR,,Columbus,OH,43232,39.9185185,-82.888444,RESIDENTIAL,census_geocoder,auditor_street (20/20 dwelling),Exact
"5828 CHATFORD DR C, Columbus, OH, 43232",5828,CHATFORD DR,C,Columbus,OH,43232,39.9341693,-82.8373532,RESIDENTIAL,census_geocoder,auditor_street (14/20 dwelling),Non_Exact
"3272 EDINWICK WAY, Columbus, OH, 43232",3272,EDINWICK WAY,,Columbus,OH,43232,39.9143151,-82.8379694,RESIDENTIAL,census_geocoder,auditor_street (8/8 dwelling),Exact
"5884 CHATFORD DR A, Columbus, OH, 43232",5884,CHATFORD DR,A,Columbus,OH,43232,39.9341495,-82.835378,RESIDENTIAL,census_geocoder,auditor_street (14/20 dwelling),Non_Exact
"3750 WESTPOINT DR, Columbus, OH, 43232",3750,WESTPOINT DR,,Columbus,OH,43232,39.91883,-82.8955092,RESIDENTIAL,census_geocoder,auditor_street (15/16 dwelling),Exact
"1919 FOUNTAINVIEW CT, Columbus, OH, 43232",1919,FOUNTAINVIEW CT,,Columbus,OH,43232,39.9400653,-82.8347939,RESIDENTIAL,census_geocoder,auditor_street (11/12 dwelling),Exact
"3669 LARKWELL WAY, Columbus, OH, 43232",3669,LARKWELL WAY,,Columbus,OH,43232,39.9099222,-82.9006934,RESIDENTIAL,census_geocoder,auditor_street (5/5 dwelling),Exact
"1958 FOUNTAINVIEW CT, Columbus, OH, 43232",1958,FOUNTAINVIEW CT,,Columbus,OH,43232,39.9393675,-82.8340131,RESIDENTIAL,census_geocoder,auditor_street (11/12 dwelling),Exact
"1921 FOUNTAINVIEW CT, Columbus, OH, 43232",1921,FOUNTAINVIEW CT,,Columbus,OH,43232,39.9400652,-82.8348367,RESIDENTIAL,census_geocoder,auditor_street (11/12 dwelling),Exact
"3468 WALNUT DR, Columbus, OH, 43232",3468,WALNUT DR,,Columbus,OH,43232,39.9216727,-82.9040664,RESIDENTIAL,census_geocoder,auditor_street (30/37 dwelling),Exact
"1946 FOUNTAINVIEW CT H, Columbus, OH, 43232",1946,FOUNTAINVIEW CT,H,Columbus,OH,43232,39.9397263,-82.8338392,RESIDENTIAL,census_geocoder,auditor_street (11/12 dwelling),Non_Exact
"1917 FOUNTAINVIEW CT, Columbus, OH, 43232",1917,FOUNTAINVIEW CT,,Columbus,OH,43232,39.9401642,-82.8347801,RESIDENTIAL,census_geocoder,auditor_street (11/12 dwelling),Exact
"5816 CHATFORD DR F, Columbus, OH, 43232",5816,CHATFORD DR,F,Columbus,OH,43232,39.9341328,-82.8377512,RESIDENTIAL,census_geocoder,auditor_street (14/20 dwelling),Non_Exact
"1877 FOUNTAINVIEW CT E, Columbus, OH, 43232",1877,FOUNTAINVIEW CT,E,Columbus,OH,43232,39.941037,-82.8351399,RESIDENTIAL,census_geocoder,auditor_street (11/12 dwelling),Non_Exact
"1913 FOUNTAINVIEW CT, Columbus, OH, 43232",1913,FOUNTAINVIEW CT,,Columbus,OH,43232,39.940329,-82.8347203,RESIDENTIAL,census_geocoder,auditor_street (11/12 dwelling),Exact
"5992 ABERNATHY LN, Columbus, OH, 43232",5992,ABERNATHY LN,,Columbus,OH,43232,39.9146999,-82.83567,RESIDENTIAL,census_geocoder,auditor_street (18/18 dwelling),Exact
"1852 NOE-BIXBY RD, Columbus, OH, 43232",1852,NOE-BIXBY RD,,Columbus,OH,43232,39.9387551,-82.8613069,RESIDENTIAL,census_geocoder,auditor_street (242/328 dwelling),Exact
"5115 BOTSFORD DR, Columbus, OH, 43232",5115,BOTSFORD DR,,Columbus,OH,43232,39.9293345,-82.8561618,RESIDENTIAL,census_geocoder,auditor_street (75/75 dwelling),Exact
"5644 SARANAC DR, Columbus, OH, 43232",5644,SARANAC DR,,Columbus,OH,43232,39.9415914,-82.8433998,RESIDENTIAL,census_geocoder,auditor_street (23/31 dwelling),Exact
"1872 MISTY WAY, Columbus, OH, 43232",1872,MISTY WAY,,Columbus,OH,43232,39.9431526,-82.8380364,RESIDENTIAL,census_geocoder,auditor_street (47/47 dwelling),Exact
"5941 MORRISSEY ST, Columbus, OH, 43232",5941,MORRISSEY ST,,Columbus,OH,43232,39.9134499,-82.8369473,RESIDENTIAL,census_geocoder,auditor_street (22/22 dwelling),Exact
"6010 ABERNATHY LN, Columbus, OH, 43232",6010,ABERNATHY LN,,Columbus,OH,43232,39.9146002,-82.8350064,RESIDENTIAL,census_geocoder,auditor_street (18/18 dwelling),Exact
"1877 FOUNTAINVIEW CT H, Columbus, OH, 43232",1877,FOUNTAINVIEW CT,H,Columbus,OH,43232,39.9410621,-82.8351386,RESIDENTIAL,census_geocoder,auditor_street (11/12 dwelling),Non_Exact
"3235 PAYDAY LN CATV, Columbus, OH, 43232",3235,PAYDAY LN,CATV,Columbus,OH,43232,39.9118442,-82.8453969,RESIDENTIAL,census_geocoder,auditor_street (37/37 dwelling),Non_Exact
"1764 SUNAPPLE WAY, Columbus, OH, 43232",1764,SUNAPPLE WAY,,Columbus,OH,43232,39.9445071,-82.8433144,RESIDENTIAL,census_geocoder,auditor_street (52/52 dwelling),Exact
"1930 FOUNTAINVIEW CT, Columbus, OH, 43232",1930,FOUNTAINVIEW CT,,Columbus,OH,43232,39.9402295,-82.8340137,RESIDENTIAL,census_geocoder,auditor_street (11/12 dwelling),Exact
"1811 BAIRSFORD DR 1E, Columbus, OH, 43232",1811,BAIRSFORD DR,1E,Columbus,OH,43232,39.9410628,-82.8453189,RESIDENTIAL,census_geocoder,auditor_street (23/27 dwelling),Non_Exact
"3675 MATHENA WAY, Columbus, OH, 43232",3675,MATHENA WAY,,Columbus,OH,43232,39.9121891,-82.9000648,RESIDENTIAL,census_geocoder,auditor_street (15/15 dwelling),Exact
"3730 WESTPOINT DR UNIT 4, Columbus, OH, 43232",3730,WESTPOINT DR,UNIT 4,Columbus,OH,43232,39.918766,-82.8959342,RESIDENTIAL,census_geocoder,auditor_street (15/16 dwelling),Exact
"1813 BAIRSFORD DR 2G, Columbus, OH, 43232",1813,BAIRSFORD DR,2G,Columbus,OH,43232,39.940947,-82.8455088,RESIDENTIAL,census_geocoder,auditor_street (23/27 dwelling),Non_Exact
"1871 BAIRSFORD DR, Columbus, OH, 43232",1871,BAIRSFORD DR,,Columbus,OH,43232,39.9398393,-82.8464463,RESIDENTIAL,census_geocoder,auditor_street (23/27 dwelling),Exact
"1810 NOE-BIXBY RD UNIT C, Columbus, OH, 43232",1810,NOE-BIXBY RD,UNIT C,Columbus,OH,43232,39.9395772,-82.860325,RESIDENTIAL,census_geocoder,auditor_street (242/328 dwelling),Non_Exact
"5553 CHATFORD DR A, Columbus, OH, 43232",5553,CHATFORD DR,A,Columbus,OH,43232,39.9342873,-82.8448387,RESIDENTIAL,census_geocoder,auditor_street (14/20 dwelling),Non_Exact
"1948 FOUNTAINVIEW CT B, Columbus, OH, 43232",1948,FOUNTAINVIEW CT,B,Columbus,OH,43232,39.9395644,-82.8338895,RESIDENTIAL,census_geocoder,auditor_street (11/12 dwelling),Non_Exact
"2023 BAIRSFORD DR 2J, Columbus, OH, 43232",2023,BAIRSFORD DR,2J,Columbus,OH,43232,39.9365689,-82.8466752,RESIDENTIAL,census_geocoder,auditor_street (23/27 dwelling),Non_Exact
"1930 NOE-BIXBY RD, Columbus, OH, 43232",1930,NOE-BIXBY RD,,Columbus,OH,43232,39.9369302,-82.8618591,RESIDENTIAL,census_geocoder,auditor_street (242/328 dwelling),Exact
"2620 COURTRIGHT RD, Columbus, OH, 43232",2620,COURTRIGHT RD,,Columbus,OH,43232,39.9198502,-82.896262,RESIDENTIAL,census_geocoder,auditor_street (96/137 dwelling),Exact
"2460 NOE-BIXBY RD, Columbus, OH, 43232",2460,NOE-BIXBY RD,,Columbus,OH,43232,39.9262428,-82.8643214,RESIDENTIAL,census_geocoder,auditor_street (242/328 dwelling),Exact
"1699 LONSDALE RD UNIT D, Columbus, OH, 43232",1699,LONSDALE RD,UNIT D,Columbus,OH,43232,39.9427759,-82.8503792,RESIDENTIAL,census_geocoder,auditor_street (54/64 dwelling),Non_Exact
"4939 CARBONDALE PL, Columbus, OH, 43232",4939,CARBONDALE PL,,Columbus,OH,43232,39.9245229,-82.859528,RESIDENTIAL,census_geocoder,auditor_street (10/10 dwelling),Non_Exact
"1940 FOUNTAINVIEW CT, Columbus, OH, 43232",1940,FOUNTAINVIEW CT,,Columbus,OH,43232,39.9402216,-82.8338817,RESIDENTIAL,census_geocoder,auditor_street (11/12 dwelling),Exact
"1850 NOE-BIXBY RD, Columbus, OH, 43232",1850,NOE-BIXBY RD,,Columbus,OH,43232,39.9387739,-82.8612864,RESIDENTIAL,census_geocoder,auditor_street (242/328 dwelling),Exact
"778 LITTLE BROOK WAY, Columbus, OH, 43232",778,LITTLE BROOK WAY,,Columbus,OH,43232,39.9445072,-82.8413743,RESIDENTIAL,census_geocoder,auditor_street (30/31 dwelling),Non_Exact
"1265 IDLEWILD DR, Columbus, OH, 43232",1265,IDLEWILD DR,,Columbus,OH,43232,39.9515996,-82.8322242,RESIDENTIAL,census_geocoder,auditor_street (67/90 dwelling),Exact
"5834 CHATFORD DR I, Columbus, OH, 43232",5834,CHATFORD DR,I,Columbus,OH,43232,39.9341531,-82.8370645,RESIDENTIAL,census_geocoder,auditor_street (14/20 dwelling),Non_Exact
"1985 BAIRSFORD DR, Columbus, OH, 43232",1985,BAIRSFORD DR,,Columbus,OH,43232,39.9374745,-82.8467863,RESIDENTIAL,census_geocoder,auditor_street (23/27 dwelling),Exact
"5144 BOTSFORD DR, Columbus, OH, 43232",5144,BOTSFORD DR,,Columbus,OH,43232,39.9292877,-82.8550396,RESIDENTIAL,census_geocoder,auditor_street (75/75 dwelling),Exact
"708 LITTLE BROOK WAY, Columbus, OH, 43232",708,LITTLE BROOK WAY,,Columbus,OH,43232,39.9445072,-82.8413743,RESIDENTIAL,census_geocoder,auditor_street (30/31 dwelling),Non_Exact
"1813 BAIRSFORD DR 1A, Columbus, OH, 43232",1813,BAIRSFORD DR,1A,Columbus,OH,43232,39.9407469,-82.8454795,RESIDENTIAL,census_geocoder,auditor_street (23/27 dwelling),Non_Exact
"1986 FOUNTAINVIEW CT F, Columbus, OH, 43232",1986,FOUNTAINVIEW CT,F,Columbus,OH,43232,39.9392194,-82.8349571,RESIDENTIAL,census_geocoder,auditor_street (11/12 dwelling),Non_Exact
"5892 CHATFORD DR C, Columbus, OH, 43232",5892,CHATFORD DR,C,Columbus,OH,43232,39.9341606,-82.8350387,RESIDENTIAL,census_geocoder,auditor_street (14/20 dwelling),Non_Exact
"5852 CHATFORD DR A, Columbus, OH, 43232",5852,CHATFORD DR,A,Columbus,OH,43232,39.9342306,-82.8366076,RESIDENTIAL,census_geocoder,auditor_street (14/20 dwelling),Non_Exact
"5736 SARANAC DR, Columbus, OH, 43232",5736,SARANAC DR,,Columbus,OH,43232,39.9415691,-82.8416558,RESIDENTIAL,census_geocoder,auditor_street (23/31 dwelling),Exact
"1813 BAIRSFORD DR 1M, Columbus, OH, 43232",1813,BAIRSFORD DR,1M,Columbus,OH,43232,39.9410313,-82.8458242,RESIDENTIAL,census_geocoder,auditor_street (23/27 dwelling),Non_Exact
"2019 BAIRSFORD DR, Columbus, OH, 43232",2019,BAIRSFORD DR,,Columbus,OH,43232,39.9370624,-82.846819,RESIDENTIAL,census_geocoder,auditor_street (23/27 dwelling),Exact
"2487 COURTRIGHT RD, Columbus, OH, 43232",2487,COURTRIGHT RD,,Columbus,OH,43232,39.9217656,-82.8978204,RESIDENTIAL,census_geocoder,auditor_street (96/137 dwelling),Exact
"3270 PAYDAY LN, Columbus, OH, 43232",3270,PAYDAY LN,,Columbus,OH,43232,39.911035,-82.8447161,RESIDENTIAL,census_geocoder,auditor_street (37/37 dwelling),Exact
"1949 FOUNTAINVIEW CT, Columbus, OH, 43232",1949,FOUNTAINVIEW CT,,Columbus,OH,43232,39.9400278,-82.8354178,RESIDENTIAL,census_geocoder,auditor_street (11/12 dwelling),Exact
"1948 FOUNTAINVIEW CT A, Columbus, OH, 43232",1948,FOUNTAINVIEW CT,A,Columbus,OH,43232,39.9395702,-82.8339916,RESIDENTIAL,census_geocoder,auditor_street (11/12 dwelling),Non_Exact
"1877 FOUNTAINVIEW CT F, Columbus, OH, 43232",1877,FOUNTAINVIEW CT,F,Columbus,OH,43232,39.9410428,-82.8352384,RESIDENTIAL,census_geocoder,auditor_street (11/12 dwelling),Non_Exact
"1963 BAIRSFORD DR, Columbus, OH, 43232",1963,BAIRSFORD DR,,Columbus,OH,43232,39.9379628,-82.8471199,RESIDENTIAL,census_geocoder,auditor_street (23/27 dwelling),Exact
"1928 FOUNTAINVIEW CT, Columbus, OH, 43232",1928,FOUNTAINVIEW CT,,Columbus,OH,43232,39.9402294,-82.8340529,RESIDENTIAL,census_geocoder,auditor_street (11/12 dwelling),Exact
"1766 BAIRSFORD DR, Columbus, OH, 43232",1766,BAIRSFORD DR,,Columbus,OH,43232,39.9423048,-82.8435425,RESIDENTIAL,census_geocoder,auditor_street (23/27 dwelling),Exact
"1989 FOUNTAINVIEW CT, Columbus, OH, 43232",1989,FOUNTAINVIEW CT,,Columbus,OH,43232,39.9393215,-82.835689,RESIDENTIAL,census_geocoder,auditor_street (11/12 dwelling),Exact
"3276 PETZINGER RD, Columbus, OH, 43232",3276,PETZINGER RD,,Columbus,OH,43232,39.9293324,-82.9058188,RESIDENTIAL,census_geocoder,auditor_street (122/146 dwelling),Exact
"5874 CHATFORD DR, Columbus, OH, 43232",5874,CHATFORD DR,,Columbus,OH,43232,39.9339542,-82.8358592,RESIDENTIAL,census_geocoder,auditor_street (14/20 dwelling),Exact
"5549 CHATFORD DR, Columbus, OH, 43232",5549,CHATFORD DR,,Columbus,OH,43232,39.9347088,-82.8449818,RESIDENTIAL,census_geocoder,auditor_street (14/20 dwelling),Exact
"1898 FOUNTAINVIEW CT, Columbus, OH, 43232",1898,FOUNTAINVIEW CT,,Columbus,OH,43232,39.9406271,-82.8341475,RESIDENTIAL,census_geocoder,auditor_street (11/12 dwelling),Exact
"5732 SARANAC DR, Columbus, OH, 43232",5732,SARANAC DR,,Columbus,OH,43232,39.941514,-82.8417268,RESIDENTIAL,census_geocoder,auditor_street (23/31 dwelling),Exact
"4008 VERONIA LN, Columbus, OH, 43232",4008,VERONIA LN,,Columbus,OH,43232,39.9173778,-82.8881396,RESIDENTIAL,census_geocoder,auditor_street (3/4 dwelling),Non_Exact
"782 LITTLE BROOK WAY, Columbus, OH, 43232",782,LITTLE BROOK WAY,,Columbus,OH,43232,39.9445072,-82.8413743,RESIDENTIAL,census_geocoder,auditor_street (30/31 dwelling),Non_Exact
"5914 CHATFORD DR, Columbus, OH, 43232",5914,CHATFORD DR,,Columbus,OH,43232,39.9339542,-82.8358592,RESIDENTIAL,census_geocoder,auditor_street (14/20 dwelling),Exact
"786 LITTLE BROOK WAY, Columbus, OH, 43232",786,LITTLE BROOK WAY,,Columbus,OH,43232,39.9445072,-82.8413743,RESIDENTIAL,census_geocoder,auditor_street (30/31 dwelling),Non_Exact
"844 LITTLE BROOK WAY, Columbus, OH, 43232",844,LITTLE BROOK WAY,,Columbus,OH,43232,39.9445072,-82.8413743,RESIDENTIAL,census_geocoder,auditor_street (30/31 dwelling),Non_Exact
"1979 BAIRSFORD DR, Columbus, OH, 43232",1979,BAIRSFORD DR,,Columbus,OH,43232,39.9376369,-82.8468066,RESIDENTIAL,census_geocoder,auditor_street (23/27 dwelling),Exact
"5834 CHATFORD DR G, Columbus, OH, 43232",5834,CHATFORD DR,G,Columbus,OH,43232,39.9342521,-82.8371139,RESIDENTIAL,census_geocoder,auditor_street (14/20 dwelling),Non_Exact
"3750 WESTPOINT DR UNIT 1, Columbus, OH, 43232",3750,WESTPOINT DR,UNIT 1,Columbus,OH,43232,39.9188135,-82.8955521,RESIDENTIAL,census_geocoder,auditor_street (15/16 dwelling),Exact
"1929 FOUNTAINVIEW CT, Columbus, OH, 43232",1929,FOUNTAINVIEW CT,,Columbus,OH,43232,39.9401719,-82.8349585,RESIDENTIAL,census_geocoder,auditor_street (11/12 dwelling),Exact
"5553 CHATFORD DR G, Columbus, OH, 43232",5553,CHATFORD DR,G,Columbus,OH,43232,39.9345677,-82.8448043,RESIDENTIAL,census_geocoder,auditor_street (14/20 dwelling),Non_Exact
"1790 BAIRSFORD DR, Columbus, OH, 43232",1790,BAIRSFORD DR,,Columbus,OH,43232,39.9416458,-82.8436034,RESIDENTIAL,census_geocoder,auditor_street (23/27 dwelling),Exact
"5065 BOTSFORD DR, Columbus, OH, 43232",5065,BOTSFORD DR,,Columbus,OH,43232,39.929827,-82.8573327,RESIDENTIAL,census_geocoder,auditor_street (75/75 dwelling),Exact
"5916 CHATFORD DR B, Columbus, OH, 43232",5916,CHATFORD DR,B,Columbus,OH,43232,39.9338139,-82.8344074,RESIDENTIAL,census_geocoder,auditor_street (14/20 dwelling),Non_Exact
"5883 LITTLE BROOK WAY, Columbus, OH, 43232",5883,LITTLE BROOK WAY,,Columbus,OH,43232,39.9452345,-82.842323,RESIDENTIAL,census_geocoder,auditor_street (30/31 dwelling),Exact
"2134 COURTRIGHT RD, Columbus, OH, 43232",2134,COURTRIGHT RD,,Columbus,OH,43232,39.9288552,-82.8976732,RESIDENTIAL,census_geocoder,auditor_street (96/137 dwelling),Exact
"2175 S JAMES RD, Columbus, OH, 43232",2175,S JAMES RD,,Columbus,OH,43232,39.9267971,-82.9184814,RESIDENTIAL,census_geocoder,auditor_street (351/451 dwelling),Exact
"2143 COURTRIGHT RD, Columbus, OH, 43232",2143,COURTRIGHT RD,,Columbus,OH,43232,39.9284245,-82.8988354,RESIDENTIAL,census_geocoder,auditor_street (96/137 dwelling),Exact
"3730 WESTPOINT DR UNIT 1, Columbus, OH, 43232",3730,WESTPOINT DR,UNIT 1,Columbus,OH,43232,39.9187463,-82.8960409,RESIDENTIAL,census_geocoder,auditor_street (15/16 dwelling),Exact
"2023 BAIRSFORD DR 2E, Columbus, OH, 43232",2023,BAIRSFORD DR,2E,Columbus,OH,43232,39.9365264,-82.8468682,RESIDENTIAL,census_geocoder,auditor_street (23/27 dwelling),Non_Exact
"2328 COURTRIGHT RD, Columbus, OH, 43232",2328,COURTRIGHT RD,,Columbus,OH,43232,39.9236056,-82.8938446,RESIDENTIAL,census_geocoder,auditor_street (96/137 dwelling),Exact
"5968 ABERNATHY LN, Columbus, OH, 43232",5968,ABERNATHY LN,,Columbus,OH,43232,39.9147118,-82.836301,RESIDENTIAL,census_geocoder,auditor_street (18/18 dwelling),Exact
"5551 CHATFORD DR C, Columbus, OH, 43232",5551,CHATFORD DR,C,Columbus,OH,43232,39.9345631,-82.8454445,RESIDENTIAL,census_geocoder,auditor_street (14/20 dwelling),Non_Exact
"3744 WESTPOINT DR UNIT 3, Columbus, OH, 43232",3744,WESTPOINT DR,UNIT 3,Columbus,OH,43232,39.918778,-82.8957144,RESIDENTIAL,census_geocoder,auditor_street (15/16 dwelling),Exact
"1861 MISTY WAY, Columbus, OH, 43232",1861,MISTY WAY,,Columbus,OH,43232,39.9429024,-82.8381565,RESIDENTIAL,census_geocoder,auditor_street (47/47 dwelling),Exact
"1948 FOUNTAINVIEW CT F, Columbus, OH, 43232",1948,FOUNTAINVIEW CT,F,Columbus,OH,43232,39.939581,-82.8337985,RESIDENTIAL,census_geocoder,auditor_street (11/12 dwelling),Non_Exact
"740 LITTLE BROOK WAY, Columbus, OH, 43232",740,LITTLE BROOK WAY,,Columbus,OH,43232,39.9445072,-82.8413743,RESIDENTIAL,census_geocoder,auditor_street (30/31 dwelling),Non_Exact
"2510 COURTRIGHT RD, Columbus, OH, 43232",2510,COURTRIGHT RD,,Columbus,OH,43232,39.9218051,-82.896816,RESIDENTIAL,census_geocoder,auditor_street (96/137 dwelling),Exact
"5822 CHATFORD DR, Columbus, OH, 43232",5822,CHATFORD DR,,Columbus,OH,43232,39.9341555,-82.8374685,RESIDENTIAL,census_geocoder,auditor_street (14/20 dwelling),Exact
"3372 YOZURI DR, Columbus, OH, 43232",3372,YOZURI DR,,Columbus,OH,43232,39.9094317,-82.8427912,RESIDENTIAL,census_geocoder,auditor_street (39/40 dwelling),Exact
"5804 CHATFORD DR E, Columbus, OH, 43232",5804,CHATFORD DR,E,Columbus,OH,43232,39.9339222,-82.8378985,RESIDENTIAL,census_geocoder,auditor_street (14/20 dwelling),Non_Exact
"5896 LITTLE BROOK WAY, Columbus, OH, 43232",5896,LITTLE BROOK WAY,,Columbus,OH,43232,39.9454541,-82.8417388,RESIDENTIAL,census_geocoder,auditor_street (30/31 dwelling),Exact
"2001 FOUNTAINVIEW CT, Columbus, OH, 43232",2001,FOUNTAINVIEW CT,,Columbus,OH,43232,39.9392147,-82.8356029,RESIDENTIAL,census_geocoder,auditor_street (11/12 dwelling),Exact
"1840 NOE-BIXBY RD, Columbus, OH, 43232",1840,NOE-BIXBY RD,,Columbus,OH,43232,39.9391107,-82.8609241,RESIDENTIAL,census_geocoder,auditor_street (242/328 dwelling),Exact
"5864 CHATFORD DR H, Columbus, OH, 43232",5864,CHATFORD DR,H,Columbus,OH,43232,39.9341882,-82.8360913,RESIDENTIAL,census_geocoder,auditor_street (14/20 dwelling),Non_Exact
"1751 LONSDALE RD D, Columbus, OH, 43232",1751,LONSDALE RD,D,Columbus,OH,43232,39.9417149,-82.8508247,RESIDENTIAL,census_geocoder,auditor_street (54/64 dwelling),Non_Exact
"3440 WESTPOINT DR, Columbus, OH, 43232",3440,WESTPOINT DR,,Columbus,OH,43232,39.9190457,-82.9047887,RESIDENTIAL,census_geocoder,auditor_street (15/16 dwelling),Exact
"1881 FOUNTAINVIEW CT C, Columbus, OH, 43232",1881,FOUNTAINVIEW CT,C,Columbus,OH,43232,39.9407286,-82.8350803,RESIDENTIAL,census_geocoder,auditor_street (11/12 dwelling),Non_Exact
"2513 COURTRIGHT RD, Columbus, OH, 43232",2513,COURTRIGHT RD,,Columbus,OH,43232,39.9213535,-82.897967,RESIDENTIAL,census_geocoder,auditor_street (96/137 dwelling),Exact
"1578 LONSDALE RD, Columbus, OH, 43232",1578,LONSDALE RD,,Columbus,OH,43232,39.9455512,-82.849271,RESIDENTIAL,census_geocoder,auditor_street (54/64 dwelling),Exact
"1997 BAIRSFORD DR, Columbus, OH, 43232",1997,BAIRSFORD DR,,Columbus,OH,43232,39.9372358,-82.8470643,RESIDENTIAL,census_geocoder,auditor_street (23/27 dwelling),Exact
"1877 FOUNTAINVIEW CT I, Columbus, OH, 43232",1877,FOUNTAINVIEW CT,I,Columbus,OH,43232,39.9410675,-82.8352302,RESIDENTIAL,census_geocoder,auditor_street (11/12 dwelling),Non_Exact
"3441 WESTPOINT DR, Columbus, OH, 43232",3441,WESTPOINT DR,,Columbus,OH,43232,39.9187392,-82.9048117,RESIDENTIAL,census_geocoder,auditor_street (15/16 dwelling),Exact
"5880 CHATFORD DR I, Columbus, OH, 43232",5880,CHATFORD DR,I,Columbus,OH,43232,39.9341063,-82.8355495,RESIDENTIAL,census_geocoder,auditor_street (14/20 dwelling),Non_Exact
"1786 BAIRSFORD DR, Columbus, OH, 43232",1786,BAIRSFORD DR,,Columbus,OH,43232,39.9417253,-82.8436252,RESIDENTIAL,census_geocoder,auditor_street (23/27 dwelling),Exact
"710 LITTLE BROOK WAY, Columbus, OH, 43232",710,LITTLE BROOK WAY,,Columbus,OH,43232,39.9445072,-82.8413743,RESIDENTIAL,census_geocoder,auditor_street (30/31 dwelling),Non_Exact
"3774 WESTPOINT DR UNIT 1, Columbus, OH, 43232",3774,WESTPOINT DR,UNIT 1,Columbus,OH,43232,39.9191542,-82.8948492,RESIDENTIAL,census_geocoder,auditor_street (15/16 dwelling),Exact
"5856 CHATFORD DR, Columbus, OH, 43232",5856,CHATFORD DR,,Columbus,OH,43232,39.9339542,-82.8358592,RESIDENTIAL,census_geocoder,auditor_street (14/20 dwelling),Exact
"770 LITTLE BROOK WAY, Columbus, OH, 43232",770,LITTLE BROOK WAY,,Columbus,OH,43232,39.9445072,-82.8413743,RESIDENTIAL,census_geocoder,auditor_street (30/31 dwelling),Non_Exact
"1743 SUNAPPLE WAY, Columbus, OH, 43232",1743,SUNAPPLE WAY,,Columbus,OH,43232,39.9450337,-82.8434632,RESIDENTIAL,census_geocoder,auditor_street (52/52 dwelling),Exact
"1811 BAIRSFORD DR 1C, Columbus, OH, 43232",1811,BAIRSFORD DR,1C,Columbus,OH,43232,39.9410011,-82.8452505,RESIDENTIAL,census_geocoder,auditor_street (23/27 dwelling),Non_Exact
"1895 FOUNTAINVIEW CT, Columbus, OH, 43232",1895,FOUNTAINVIEW CT,,Columbus,OH,43232,39.9403447,-82.8350164,RESIDENTIAL,census_geocoder,auditor_street (11/12 dwelling),Exact
"5883 MORRISSEY ST, Columbus, OH, 43232",5883,MORRISSEY ST,,Columbus,OH,43232,39.91375,-82.8385352,RESIDENTIAL,census_geocoder,auditor_street (22/22 dwelling),Exact
"3021 BRIAR RIDGE RD, Columbus, OH, 43232",3021,BRIAR RIDGE RD,,Columbus,OH,43232,39.9117623,-82.9012495,RESIDENTIAL,census_geocoder,auditor_street (41/41 dwelling),Exact
"1894 NOE-BIXBY RD, Columbus, OH, 43232",1894,NOE-BIXBY RD,,Columbus,OH,43232,39.9377772,-82.8618286,RESIDENTIAL,census_geocoder,auditor_street (242/328 dwelling),Exact
"1892 NOE-BIXBY RD, Columbus, OH, 43232",1892,NOE-BIXBY RD,,Columbus,OH,43232,39.9378147,-82.8618251,RESIDENTIAL,census_geocoder,auditor_street (242/328 dwelling),Exact
"1985 FOUNTAINVIEW CT, Columbus, OH, 43232",1985,FOUNTAINVIEW CT,,Columbus,OH,43232,39.9393873,-82.8357357,RESIDENTIAL,census_geocoder,auditor_street (11/12 dwelling),Exact
"1860 NOE-BIXBY RD, Columbus, OH, 43232",1860,NOE-BIXBY RD,,Columbus,OH,43232,39.9386102,-82.8614637,RESIDENTIAL,census_geocoder,auditor_street (242/328 dwelling),Exact
"1824 QUARRY RIDGE DR, Columbus, OH, 43232",1824,QUARRY RIDGE DR,,Columbus,OH,43232,39.9437966,-82.8406026,RESIDENTIAL,census_geocoder,auditor_street (6/6 dwelling),Exact
"1707 LONSDALE RD, Columbus, OH, 43232",1707,LONSDALE RD,,Columbus,OH,43232,39.9427394,-82.8504044,RESIDENTIAL,census_geocoder,auditor_street (54/64 dwelling),Exact
"5886 LITTLE BROOK WAY, Columbus, OH, 43232",5886,LITTLE BROOK WAY,,Columbus,OH,43232,39.9456338,-82.8420442,RESIDENTIAL,census_geocoder,auditor_street (30/31 dwelling),Exact
"2023 BAIRSFORD DR 2B, Columbus, OH, 43232",2023,BAIRSFORD DR,2B,Columbus,OH,43232,39.9365078,-82.8470241,RESIDENTIAL,census_geocoder,auditor_street (23/27 dwelling),Non_Exact
"714 LITTLE BROOK WAY, Columbus, OH, 43232",714,LITTLE BROOK WAY,,Columbus,OH,43232,39.9445072,-82.8413743,RESIDENTIAL,census_geocoder,auditor_street (30/31 dwelling),Non_Exact
"1937 BAIRSFORD DR, Columbus, OH, 43232",1937,BAIRSFORD DR,,Columbus,OH,43232,39.9384685,-82.8467541,RESIDENTIAL,census_geocoder,auditor_street (23/27 dwelling),Exact
"5876 CHATFORD DR, Columbus, OH, 43232",5876,CHATFORD DR,,Columbus,OH,43232,39.9340478,-82.8357634,RESIDENTIAL,census_geocoder,auditor_street (14/20 dwelling),Exact
"2293 COURTRIGHT RD, Columbus, OH, 43232",2293,COURTRIGHT RD,,Columbus,OH,43232,39.9253091,-82.8990885,RESIDENTIAL,census_geocoder,auditor_street (96/137 dwelling),Exact
"1909 FOUNTAINVIEW CT, Columbus, OH, 43232",1909,FOUNTAINVIEW CT,,Columbus,OH,43232,39.940425,-82.8347635,RESIDENTIAL,census_geocoder,auditor_street (11/12 dwelling),Exact
"2079 BAIRSFORD DR, Columbus, OH, 43232",2079,BAIRSFORD DR,,Columbus,OH,43232,39.9354711,-82.8460193,RESIDENTIAL,census_geocoder,auditor_street (23/27 dwelling),Exact
"1842 NOE-BIXBY RD, Columbus, OH, 43232",1842,NOE-BIXBY RD,,Columbus,OH,43232,39.9390552,-82.8609829,RESIDENTIAL,census_geocoder,auditor_street (242/328 dwelling),Exact
"5738 SARANAC DR, Columbus, OH, 43232",5738,SARANAC DR,,Columbus,OH,43232,39.9415692,-82.8416058,RESIDENTIAL,census_geocoder,auditor_street (23/31 dwelling),Exact
"858 LITTLE BROOK WAY, Columbus, OH, 43232",858,LITTLE BROOK WAY,,Columbus,OH,43232,39.9445072,-82.8413743,RESIDENTIAL,census_geocoder,auditor_street (30/31 dwelling),Non_Exact
"1778 BAIRSFORD DR, Columbus, OH, 43232",1778,BAIRSFORD DR,,Columbus,OH,43232,39.941923,-82.8436048,RESIDENTIAL,census_geocoder,auditor_street (23/27 dwelling),Exact
"2758 NATALIA DR, Columbus, OH, 43232",2758,NATALIA DR,,Columbus,OH,43232,39.9169597,-82.8882137,RESIDENTIAL,census_geocoder,auditor_street (20/20 dwelling),Exact
"1981 BAIRSFORD DR, Columbus, OH, 43232",1981,BAIRSFORD DR,,Columbus,OH,43232,39.9375601,-82.8468023,RESIDENTIAL,census_geocoder,auditor_street (23/27 dwelling),Exact
"6024 ABERNATHY LN, Columbus, OH, 43232",6024,ABERNATHY LN,,Columbus,OH,43232,39.9144217,-82.8350198,RESIDENTIAL,census_geocoder,auditor_street (18/18 dwelling),Exact
"5867 MORRISSEY ST, Columbus, OH, 43232",5867,MORRISSEY ST,,Columbus,OH,43232,39.913771,-82.8388918,RESIDENTIAL,census_geocoder,auditor_street (22/22 dwelling),Exact
"5882 LITTLE BROOK WAY, Columbus, OH, 43232",5882,LITTLE BROOK WAY,,Columbus,OH,43232,39.945688,-82.8422584,RESIDENTIAL,census_geocoder,auditor_street (30/31 dwelling),Exact
"1997 FOUNTAINVIEW CT, Columbus, OH, 43232",1997,FOUNTAINVIEW CT,,Columbus,OH,43232,39.9391705,-82.8357061,RESIDENTIAL,census_geocoder,auditor_street (11/12 dwelling),Exact
"2155 S JAMES RD, Columbus, OH, 43232",2155,S JAMES RD,,Columbus,OH,43232,39.9271151,-82.917736,RESIDENTIAL,census_geocoder,auditor_street (351/451 dwelling),Exact
"1847 MISTY WAY, Columbus, OH, 43232",1847,MISTY WAY,,Columbus,OH,43232,39.9429723,-82.8387653,RESIDENTIAL,census_geocoder,auditor_street (47/47 dwelling),Exact
"3562 DELPORT WAY, Columbus, OH, 43232",3562,DELPORT WAY,,Columbus,OH,43232,39.9092518,-82.9000408,RESIDENTIAL,census_geocoder,auditor_street (10/10 dwelling),Exact
"1993 FOUNTAINVIEW CT, Columbus, OH, 43232",1993,FOUNTAINVIEW CT,,Columbus,OH,43232,39.9392883,-82.8357994,RESIDENTIAL,census_geocoder,auditor_street (11/12 dwelling),Exact
"2955 THORNELL WAY, Columbus, OH, 43232",2955,THORNELL WAY,,Columbus,OH,43232,39.9185317,-82.8472643,RESIDENTIAL,census_geocoder,auditor_street (10/10 dwelling),Exact
"5852 CHATFORD DR E, Columbus, OH, 43232",5852,CHATFORD DR,E,Columbus,OH,43232,39.9341302,-82.8365657,RESIDENTIAL,census_geocoder,auditor_street (14/20 dwelling),Non_Exact
"5778 SARANAC DR, Columbus, OH, 43232",5778,SARANAC DR,,Columbus,OH,43232,39.941541,-82.8399794,RESIDENTIAL,census_geocoder,auditor_street (23/31 dwelling),Exact
"2213 COURTRIGHT RD, Columbus, OH, 43232",2213,COURTRIGHT RD,,Columbus,OH,43232,39.9270954,-82.8990411,RESIDENTIAL,census_geocoder,auditor_street (96/137 dwelling),Exact
"2011 BAIRSFORD DR, Columbus, OH, 43232",2011,BAIRSFORD DR,,Columbus,OH,43232,39.9370333,-82.8470327,RESIDENTIAL,census_geocoder,auditor_street (23/27 dwelling),Exact
"1805 BAIRSFORD DR, Columbus, OH, 43232",1805,BAIRSFORD DR,,Columbus,OH,43232,39.9413056,-82.8446629,RESIDENTIAL,census_geocoder,auditor_street (23/27 dwelling),Exact
"1709 LONSDALE RD, Columbus, OH, 43232",1709,LONSDALE RD,,Columbus,OH,43232,39.942691,-82.8504109,RESIDENTIAL,census_geocoder,auditor_street (54/64 dwelling),Exact
"5298 CARBONDALE DR CATV, Columbus, OH, 43232",5298,CARBONDALE DR,CATV,Columbus,OH,43232,39.9260927,-82.8496915,RESIDENTIAL,census_geocoder,auditor_street (127/131 dwelling),Non_Exact
"1881 FOUNTAINVIEW CT E, Columbus, OH, 43232",1881,FOUNTAINVIEW CT,E,Columbus,OH,43232,39.9407837,-82.8351005,RESIDENTIAL,census_geocoder,auditor_street (11/12 dwelling),Non_Exact
"1953 BAIRSFORD DR, Columbus, OH, 43232",1953,BAIRSFORD DR,,Columbus,OH,43232,39.9380636,-82.8470032,RESIDENTIAL,census_geocoder,auditor_street (23/27 dwelling),Exact
"5864 CHATFORD DR A, Columbus, OH, 43232",5864,CHATFORD DR,A,Columbus,OH,43232,39.9342017,-82.8362128,RESIDENTIAL,census_geocoder,auditor_street (14/20 dwelling),Non_Exact
"1622 NOE-BIXBY RD B, Columbus, OH, 43232",1622,NOE-BIXBY RD,B,Columbus,OH,43232,39.9442033,-82.8532763,RESIDENTIAL,census_geocoder,auditor_street (242/328 dwelling),Non_Exact
"1813 BAIRSFORD DR 1E, Columbus, OH, 43232",1813,BAIRSFORD DR,1E,Columbus,OH,43232,39.9408761,-82.8456361,RESIDENTIAL,census_geocoder,auditor_street (23/27 dwelling),Non_Exact
"5900 CHATFORD DR G, Columbus, OH, 43232",5900,CHATFORD DR,G,Columbus,OH,43232,39.934168,-82.8346112,RESIDENTIAL,census_geocoder,auditor_street (14/20 dwelling),Non_Exact
"800 LITTLE BROOK WAY, Columbus, OH, 43232",800,LITTLE BROOK WAY,,Columbus,OH,43232,39.9445072,-82.8413743,RESIDENTIAL,census_geocoder,auditor_street (30/31 dwelling),Non_Exact
"1800 QUARRY RIDGE DR, Columbus, OH, 43232",1800,QUARRY RIDGE DR,,Columbus,OH,43232,39.944072,-82.8405699,RESIDENTIAL,census_geocoder,auditor_street (6/6 dwelling),Exact
"1853 MISTY WAY, Columbus, OH, 43232",1853,MISTY WAY,,Columbus,OH,43232,39.942959,-82.8385098,RESIDENTIAL,census_geocoder,auditor_street (47/47 dwelling),Exact
"3266 MERIDIAN RD, Columbus, OH, 43232",3266,MERIDIAN RD,,Columbus,OH,43232,39.9265008,-82.9057403,RESIDENTIAL,census_geocoder,auditor_street (22/24 dwelling),Exact
"1933 BAIRSFORD DR, Columbus, OH, 43232",1933,BAIRSFORD DR,,Columbus,OH,43232,39.9385636,-82.8467355,RESIDENTIAL,census_geocoder,auditor_street (23/27 dwelling),Exact
"5954 ABERNATHY LN, Columbus, OH, 43232",5954,ABERNATHY LN,,Columbus,OH,43232,39.9147548,-82.8366292,RESIDENTIAL,census_geocoder,auditor_street (18/18 dwelling),Exact
"3724 WESTPOINT DR UNIT 5, Columbus, OH, 43232",3724,WESTPOINT DR,UNIT 5,Columbus,OH,43232,39.9188081,-82.896221,RESIDENTIAL,census_geocoder,auditor_street (15/16 dwelling),Exact
"3316 JOSHSTOCK DR, Columbus, OH, 43232",3316,JOSHSTOCK DR,,Columbus,OH,43232,39.9134759,-82.8374359,RESIDENTIAL,census_geocoder,auditor_street (4/4 dwelling),Exact
"2237 GARNET PL, Columbus, OH, 43232",2237,GARNET PL,,Columbus,OH,43232,39.9257249,-82.9074878,RESIDENTIAL,census_geocoder,auditor_street (6/7 dwelling),Exact
"5878 CHATFORD DR, Columbus, OH, 43232",5878,CHATFORD DR,,Columbus,OH,43232,39.9339542,-82.8358592,RESIDENTIAL,census_geocoder,auditor_street (14/20 dwelling),Exact
"1901 FOUNTAINVIEW CT, Columbus, OH, 43232",1901,FOUNTAINVIEW CT,,Columbus,OH,43232,39.9403395,-82.8348915,RESIDENTIAL,census_geocoder,auditor_street (11/12 dwelling),Exact
"5862 JACQUELINE CT, Columbus, OH, 43232",5862,JACQUELINE CT,,Columbus,OH,43232,39.9469557,-82.8424027,RESIDENTIAL,census_geocoder,auditor_street (17/17 dwelling),Exact
"1881 FOUNTAINVIEW CT A, Columbus, OH, 43232",1881,FOUNTAINVIEW CT,A,Columbus,OH,43232,39.9406652,-82.8351404,RESIDENTIAL,census_geocoder,auditor_street (11/12 dwelling),Non_Exact
"1811 BAIRSFORD DR 1G, Columbus, OH, 43232",1811,BAIRSFORD DR,1G,Columbus,OH,43232,39.9411121,-82.8453795,RESIDENTIAL,census_geocoder,auditor_street (23/27 dwelling),Non_Exact
"1611 LONSDALE RD, Columbus, OH, 43232",1611,LONSDALE RD,,Columbus,OH,43232,39.9447289,-82.8499956,RESIDENTIAL,census_geocoder,auditor_street (54/64 dwelling),Exact
"5910 LITTLE BROOK WAY, Columbus, OH, 43232",5910,LITTLE BROOK WAY,,Columbus,OH,43232,39.9452356,-82.841409,RESIDENTIAL,census_geocoder,auditor_street (30/31 dwelling),Exact
"3511 PETZINGER RD, Columbus, OH, 43232",3511,PETZINGER RD,,Columbus,OH,43232,39.9270881,-82.8997688,RESIDENTIAL,census_geocoder,auditor_street (122/146 dwelling),Exact
"1813 BAIRSFORD DR 1G, Columbus, OH, 43232",1813,BAIRSFORD DR,1G,Columbus,OH,43232,39.9409322,-82.8457053,RESIDENTIAL,census_geocoder,auditor_street (23/27 dwelling),Non_Exact
"2297 COURTRIGHT RD, Columbus, OH, 43232",2297,COURTRIGHT RD,,Columbus,OH,43232,39.9252102,-82.899095,RESIDENTIAL,census_geocoder,auditor_street (96/137 dwelling),Exact
"5692 SARANAC DR, Columbus, OH, 43232",5692,SARANAC DR,,Columbus,OH,43232,39.9414268,-82.8424504,RESIDENTIAL,census_geocoder,auditor_street (23/31 dwelling),Exact
"2067 BAIRSFORD DR, Columbus, OH, 43232",2067,BAIRSFORD DR,,Columbus,OH,43232,39.9357144,-82.8461667,RESIDENTIAL,census_geocoder,auditor_street (23/27 dwelling),Exact
"2831 BARROWS RD, Columbus, OH, 43232",2831,BARROWS RD,,Columbus,OH,43232,39.9211708,-82.8433255,RESIDENTIAL,census_geocoder,auditor_street (37/40 dwelling),Exact
"1711 LONSDALE RD, Columbus, OH, 43232",1711,LONSDALE RD,,Columbus,OH,43232,39.9426553,-82.8504113,RESIDENTIAL,census_geocoder,auditor_street (54/64 dwelling),Exact
"2005 FOUNTAINVIEW CT, Columbus, OH, 43232",2005,FOUNTAINVIEW CT,,Columbus,OH,43232,39.9391599,-82.8355563,RESIDENTIAL,census_geocoder,auditor_street (11/12 dwelling),Exact
"5405 JACK RUSSELL WAY, Columbus, OH, 43232",5405,JACK RUSSELL WAY,,Columbus,OH,43232,39.9084364,-82.8512103,RESIDENTIAL,census_geocoder,auditor_street (5/5 dwelling),Exact
"1919 1/2 BAIRSFORD DR CATV, Columbus, OH, 43232",1919 1/2,BAIRSFORD DR,CATV,Columbus,OH,43232,39.9390676,-82.8471989,RESIDENTIAL,census_geocoder,auditor_street (23/27 dwelling),Non_Exact
"1566 LONSDALE RD, Columbus, OH, 43232",1566,LONSDALE RD,,Columbus,OH,43232,39.9457858,-82.8492555,RESIDENTIAL,census_geocoder,auditor_street (54/64 dwelling),Exact
"2045 BAIRSFORD DR, Columbus, OH, 43232",2045,BAIRSFORD DR,,Columbus,OH,43232,39.9360908,-82.846393,RESIDENTIAL,census_geocoder,auditor_street (23/27 dwelling),Exact
"2608 NOE-BIXBY RD D, Columbus, OH, 43232",2608,NOE-BIXBY RD,D,Columbus,OH,43232,39.9231436,-82.8639387,RESIDENTIAL,census_geocoder,auditor_street (242/328 dwelling),Non_Exact
"1946 FOUNTAINVIEW CT I, Columbus, OH, 43232",1946,FOUNTAINVIEW CT,I,Columbus,OH,43232,39.9397253,-82.8337916,RESIDENTIAL,census_geocoder,auditor_street (11/12 dwelling),Non_Exact
"5873 LITTLE BROOK WAY, Columbus, OH, 43232",5873,LITTLE BROOK WAY,,Columbus,OH,43232,39.9455018,-82.842385,RESIDENTIAL,census_geocoder,auditor_street (30/31 dwelling),Exact
"1909 BAIRSFORD DR, Columbus, OH, 43232",1909,BAIRSFORD DR,,Columbus,OH,43232,39.9389505,-82.84673,RESIDENTIAL,census_geocoder,auditor_street (23/27 dwelling),Exact
"780 LITTLE BROOK WAY, Columbus, OH, 43232",780,LITTLE BROOK WAY,,Columbus,OH,43232,39.9445072,-82.8413743,RESIDENTIAL,census_geocoder,auditor_street (30/31 dwelling),Non_Exact
"5913 HALLWORTH AVE A, Columbus, OH, 43232",5913,HALLWORTH AVE,A,Columbus,OH,43232,39.9457822,-82.8400144,RESIDENTIAL,census_geocoder,auditor_street (16/16 dwelling),Non_Exact
"5994 LITTLE BROOK WAY, Columbus, OH, 43232",5994,LITTLE BROOK WAY,,Columbus,OH,43232,39.9444338,-82.8390838,RESIDENTIAL,census_geocoder,auditor_street (30/31 dwelling),Exact
"5846 CHATFORD DR D, Columbus, OH, 43232",5846,CHATFORD DR,D,Columbus,OH,43232,39.9342285,-82.8367755,RESIDENTIAL,census_geocoder,auditor_street (14/20 dwelling),Non_Exact
"1733 SUNAPPLE WAY, Columbus, OH, 43232",1733,SUNAPPLE WAY,,Columbus,OH,43232,39.9452036,-82.8435818,RESIDENTIAL,census_geocoder,auditor_street (52/52 dwelling),Exact
"14 GLENBRIAR CT, Columbus, OH, 43232",14,GLENBRIAR CT,,Columbus,OH,43232,39.922258,-82.8498994,RESIDENTIAL,census_geocoder,auditor_street (11/11 dwelling),Exact
"5900 CHATFORD DR H, Columbus, OH, 43232",5900,CHATFORD DR,H,Columbus,OH,43232,39.9342746,-82.8345983,RESIDENTIAL,census_geocoder,auditor_street (14/20 dwelling),Non_Exact
"1877 FOUNTAINVIEW CT C, Columbus, OH, 43232",1877,FOUNTAINVIEW CT,C,Columbus,OH,43232,39.9410117,-82.8352387,RESIDENTIAL,census_geocoder,auditor_street (11/12 dwelling),Non_Exact
"5912 CHATFORD DR A, Columbus, OH, 43232",5912,CHATFORD DR,A,Columbus,OH,43232,39.9340444,-82.8344261,RESIDENTIAL,census_geocoder,auditor_street (14/20 dwelling),Non_Exact
"2275 COURTRIGHT RD, Columbus, OH, 43232",2275,COURTRIGHT RD,,Columbus,OH,43232,39.925765,-82.8990447,RESIDENTIAL,census_geocoder,auditor_street (96/137 dwelling),Exact
"1811 BAIRSFORD DR 2J, Columbus, OH, 43232",1811,BAIRSFORD DR,2J,Columbus,OH,43232,39.941295,-82.8453765,RESIDENTIAL,census_geocoder,auditor_street (23/27 dwelling),Non_Exact
"1744 LONSDALE RD UNIT A, Columbus, OH, 43232",1744,LONSDALE RD,UNIT A,Columbus,OH,43232,39.941938,-82.8502059,RESIDENTIAL,census_geocoder,auditor_street (54/64 dwelling),Non_Exact
"1975 FOUNTAINVIEW CT, Columbus, OH, 43232",1975,FOUNTAINVIEW CT,,Columbus,OH,43232,39.939802,-82.8356628,RESIDENTIAL,census_geocoder,auditor_street (11/12 dwelling),Exact
"1814 NOE-BIXBY RD UNIT A, Columbus, OH, 43232",1814,NOE-BIXBY RD,UNIT A,Columbus,OH,43232,39.9394907,-82.860492,RESIDENTIAL,census_geocoder,auditor_street (242/328 dwelling),Non_Exact
"2009 BAIRSFORD DR, Columbus, OH, 43232",2009,BAIRSFORD DR,,Columbus,OH,43232,39.9370323,-82.8470451,RESIDENTIAL,census_geocoder,auditor_street (23/27 dwelling),Exact
"3774 WESTPOINT DR UNIT 5, Columbus, OH, 43232",3774,WESTPOINT DR,UNIT 5,Columbus,OH,43232,39.919188,-82.8948898,RESIDENTIAL,census_geocoder,auditor_street (15/16 dwelling),Exact
"2216 NOE-BIXBY RD, Columbus, OH, 43232",2216,NOE-BIXBY RD,,Columbus,OH,43232,39.9316393,-82.8624754,RESIDENTIAL,census_geocoder,auditor_street (242/328 dwelling),Exact
"3448 WESTPOINT DR, Columbus, OH, 43232",3448,WESTPOINT DR,,Columbus,OH,43232,39.9190298,-82.9045583,RESIDENTIAL,census_geocoder,auditor_street (15/16 dwelling),Exact
"1867 BAIRSFORD DR, Columbus, OH, 43232",1867,BAIRSFORD DR,,Columbus,OH,43232,39.9399828,-82.8462569,RESIDENTIAL,census_geocoder,auditor_street (23/27 dwelling),Exact
"1953 FOUNTAINVIEW CT, Columbus, OH, 43232",1953,FOUNTAINVIEW CT,,Columbus,OH,43232,39.9399401,-82.8353568,RESIDENTIAL,census_geocoder,auditor_street (11/12 dwelling),Exact
"5892 CHATFORD DR D, Columbus, OH, 43232",5892,CHATFORD DR,D,Columbus,OH,43232,39.9340975,-82.8350075,RESIDENTIAL,census_geocoder,auditor_street (14/20 dwelling),Non_Exact
"1797 BAIRSFORD DR, Columbus, OH, 43232",1797,BAIRSFORD DR,,Columbus,OH,43232,39.9414376,-82.8445179,RESIDENTIAL,census_geocoder,auditor_street (23/27 dwelling),Exact
"874 LITTLE BROOK WAY, Columbus, OH, 43232",874,LITTLE BROOK WAY,,Columbus,OH,43232,39.9445072,-82.8413743,RESIDENTIAL,census_geocoder,auditor_street (30/31 dwelling),Non_Exact
"1852 MISTY WAY, Columbus, OH, 43232",1852,MISTY WAY,,Columbus,OH,43232,39.9433785,-82.8386866,RESIDENTIAL,census_geocoder,auditor_street (47/47 dwelling),Exact
"6127 ASTOR AVE, Columbus, OH, 43232",6127,ASTOR AVE,,Columbus,OH,43232,39.9446344,-82.8306535,RESIDENTIAL,census_geocoder,auditor_street (242/274 dwelling),Exact
"3545 PETZINGER RD, Columbus, OH, 43232",3545,PETZINGER RD,,Columbus,OH,43232,39.9267956,-82.8992856,RESIDENTIAL,census_geocoder,auditor_street (122/146 dwelling),Exact
"1943 FOUNTAINVIEW CT, Columbus, OH, 43232",1943,FOUNTAINVIEW CT,,Columbus,OH,43232,39.940185,-82.8351618,RESIDENTIAL,census_geocoder,auditor_street (11/12 dwelling),Exact
"5884 CHATFORD DR C, Columbus, OH, 43232",5884,CHATFORD DR,C,Columbus,OH,43232,39.9340857,-82.8353814,RESIDENTIAL,census_geocoder,auditor_street (14/20 dwelling),Non_Exact
"6002 ABERNATHY LN, Columbus, OH, 43232",6002,ABERNATHY LN,,Columbus,OH,43232,39.9146842,-82.835374,RESIDENTIAL,census_geocoder,auditor_street (18/18 dwelling),Exact
"5953 MORRISSEY ST, Columbus, OH, 43232",5953,MORRISSEY ST,,Columbus,OH,43232,39.9136296,-82.8365133,RESIDENTIAL,census_geocoder,auditor_street (22/22 dwelling),Exact
"2294 GARNET PL, Columbus, OH, 43232",2294,GARNET PL,,Columbus,OH,43232,39.9243742,-82.9072808,RESIDENTIAL,census_geocoder,auditor_street (6/7 dwelling),Exact
"5702 SARANAC DR, Columbus, OH, 43232",5702,SARANAC DR,,Columbus,OH,43232,39.9413499,-82.8424571,RESIDENTIAL,census_geocoder,auditor_street (23/31 dwelling),Exact
"1851 MISTY WAY, Columbus, OH, 43232",1851,MISTY WAY,,Columbus,OH,43232,39.9429724,-82.8386312,RESIDENTIAL,census_geocoder,auditor_street (47/47 dwelling),Exact
"1905 BAIRSFORD DR, Columbus, OH, 43232",1905,BAIRSFORD DR,,Columbus,OH,43232,39.9391939,-82.8466414,RESIDENTIAL,census_geocoder,auditor_street (23/27 dwelling),Exact
"3556 DELPORT WAY, Columbus, OH, 43232",3556,DELPORT WAY,,Columbus,OH,43232,39.9092622,-82.900212,RESIDENTIAL,census_geocoder,auditor_street (10/10 dwelling),Exact
"1813 BAIRSFORD DR, Columbus, OH, 43232",1813,BAIRSFORD DR,,Columbus,OH,43232,39.9407929,-82.8454079,RESIDENTIAL,census_geocoder,auditor_street (23/27 dwelling),Exact
"1758 SUNAPPLE WAY, Columbus, OH, 43232",1758,SUNAPPLE WAY,,Columbus,OH,43232,39.9446865,-82.8429871,RESIDENTIAL,census_geocoder,auditor_street (52/52 dwelling),Exact
"5965 LITTLE BROOK WAY, Columbus, OH, 43232",5965,LITTLE BROOK WAY,,Columbus,OH,43232,39.9442445,-82.8401096,RESIDENTIAL,census_geocoder,auditor_street (30/31 dwelling),Exact
"2484 NOE-BIXBY RD, Columbus, OH, 43232",2484,NOE-BIXBY RD,,Columbus,OH,43232,39.9255132,-82.8642755,RESIDENTIAL,census_geocoder,auditor_street (242/328 dwelling),Exact
"2136 COURTRIGHT RD, Columbus, OH, 43232",2136,COURTRIGHT RD,,Columbus,OH,43232,39.928824,-82.8976722,RESIDENTIAL,census_geocoder,auditor_street (96/137 dwelling),Exact
"1745 SUNAPPLE WAY, Columbus, OH, 43232",1745,SUNAPPLE WAY,,Columbus,OH,43232,39.9449073,-82.8435161,RESIDENTIAL,census_geocoder,auditor_street (52/52 dwelling),Exact
"3666 MATHENA WAY, Columbus, OH, 43232",3666,MATHENA WAY,,Columbus,OH,43232,39.9125122,-82.9003055,RESIDENTIAL,census_geocoder,auditor_street (15/15 dwelling),Exact
"2618 COURTRIGHT RD, Columbus, OH, 43232",2618,COURTRIGHT RD,,Columbus,OH,43232,39.9199326,-82.8962446,RESIDENTIAL,census_geocoder,auditor_street (96/137 dwelling),Exact
"734 LITTLE BROOK WAY, Columbus, OH, 43232",734,LITTLE BROOK WAY,,Columbus,OH,43232,39.9445072,-82.8413743,RESIDENTIAL,census_geocoder,auditor_street (30/31 dwelling),Non_Exact
"1136 IDLEWILD DR, Columbus, OH, 43232",1136,IDLEWILD DR,,Columbus,OH,43232,39.9540005,-82.8314672,RESIDENTIAL,census_geocoder,auditor_street (67/90 dwelling),Exact
"1835 MISTY WAY, Columbus, OH, 43232",1835,MISTY WAY,,Columbus,OH,43232,39.9432316,-82.8391852,RESIDENTIAL,census_geocoder,auditor_street (47/47 dwelling),Exact
"1990 FOUNTAINVIEW CT E, Columbus, OH, 43232",1990,FOUNTAINVIEW CT,E,Columbus,OH,43232,39.9391128,-82.8352413,RESIDENTIAL,census_geocoder,auditor_street (11/12 dwelling),Non_Exact
"5834 CHATFORD DR F, Columbus, OH, 43232",5834,CHATFORD DR,F,Columbus,OH,43232,39.9342059,-82.837118,RESIDENTIAL,census_geocoder,auditor_street (14/20 dwelling),Non_Exact
"5202 ORLANDO RD, Columbus, OH, 43232",5202,ORLANDO RD,,Columbus,OH,43232,39.9380064,-82.8547146,RESIDENTIAL,census_geocoder,auditor_street (47/47 dwelling),Non_Exact
"2137 COURTRIGHT RD, Columbus, OH, 43232",2137,COURTRIGHT RD,,Columbus,OH,43232,39.9285273,-82.898829,RESIDENTIAL,census_geocoder,auditor_street (96/137 dwelling),Exact
"3422 WESTPOINT DR, Columbus, OH, 43232",3422,WESTPOINT DR,,Columbus,OH,43232,39.9191349,-82.9055301,RESIDENTIAL,census_geocoder,auditor_street (15/16 dwelling),Exact
"3730 WESTPOINT DR UNIT 3, Columbus, OH, 43232",3730,WESTPOINT DR,UNIT 3,Columbus,OH,43232,39.9187731,-82.8960403,RESIDENTIAL,census_geocoder,auditor_street (15/16 dwelling),Exact
"5553 CHATFORD DR C, Columbus, OH, 43232",5553,CHATFORD DR,C,Columbus,OH,43232,39.9343831,-82.8448351,RESIDENTIAL,census_geocoder,auditor_street (14/20 dwelling),Non_Exact
"5894 CHATFORD DR, Columbus, OH, 43232",5894,CHATFORD DR,,Columbus,OH,43232,39.9339542,-82.8358592,RESIDENTIAL,census_geocoder,auditor_street (14/20 dwelling),Exact
"5910 CHATFORD DR, Columbus, OH, 43232",5910,CHATFORD DR,,Columbus,OH,43232,39.9339542,-82.8358592,RESIDENTIAL,census_geocoder,auditor_street (14/20 dwelling),Exact
"5912 CHATFORD DR H, Columbus, OH, 43232",5912,CHATFORD DR,H,Columbus,OH,43232,39.9340175,-82.8343345,RESIDENTIAL,census_geocoder,auditor_street (14/20 dwelling),Non_Exact
"1813 BAIRSFORD DR 2I, Columbus, OH, 43232",1813,BAIRSFORD DR,2I,Columbus,OH,43232,39.940991,-82.8455624,RESIDENTIAL,census_geocoder,auditor_street (23/27 dwelling),Non_Exact
"2523 COURTRIGHT RD, Columbus, OH, 43232",2523,COURTRIGHT RD,,Columbus,OH,43232,39.9213428,-82.8977922,RESIDENTIAL,census_geocoder,auditor_street (96/137 dwelling),Exact
"5678 SARANAC DR, Columbus, OH, 43232",5678,SARANAC DR,,Columbus,OH,43232,39.9417039,-82.8425088,RESIDENTIAL,census_geocoder,auditor_street (23/31 dwelling),Exact
"5676 SARANAC DR, Columbus, OH, 43232",5676,SARANAC DR,,Columbus,OH,43232,39.9416958,-82.8424588,RESIDENTIAL,census_geocoder,auditor_street (23/31 dwelling),Exact
"2580 NOE-BIXBY RD B, Columbus, OH, 43232",2580,NOE-BIXBY RD,B,Columbus,OH,43232,39.9236286,-82.8639243,RESIDENTIAL,census_geocoder,auditor_street (242/328 dwelling),Non_Exact
"3724 WESTPOINT DR UNIT 6, Columbus, OH, 43232",3724,WESTPOINT DR,UNIT 6,Columbus,OH,43232,39.9188064,-82.8961139,RESIDENTIAL,census_geocoder,auditor_street (15/16 dwelling),Exact
"6008 ABERNATHY LN, Columbus, OH, 43232",6008,ABERNATHY LN,,Columbus,OH,43232,39.9146936,-82.8349962,RESIDENTIAL,census_geocoder,auditor_street (18/18 dwelling),Exact
"1576 LONSDALE RD, Columbus, OH, 43232",1576,LONSDALE RD,,Columbus,OH,43232,39.9455821,-82.8492686,RESIDENTIAL,census_geocoder,auditor_street (54/64 dwelling),Exact
"3331 BALFORD SQ S, Columbus, OH, 43232",3331,BALFORD SQ S,,Columbus,OH,43232,39.9266812,-82.9040383,RESIDENTIAL,census_geocoder,auditor_street (45/45 dwelling),Exact
"860 LITTLE BROOK WAY, Columbus, OH, 43232",860,LITTLE BROOK WAY,,Columbus,OH,43232,39.9445072,-82.8413743,RESIDENTIAL,census_geocoder,auditor_street (30/31 dwelling),Non_Exact
"1610 NOE-BIXBY RD G, Columbus, OH, 43232",1610,NOE-BIXBY RD,G,Columbus,OH,43232,39.9444436,-82.8532927,RESIDENTIAL,census_geocoder,auditor_street (242/328 dwelling),Non_Exact
"2610 COURTRIGHT RD, Columbus, OH, 43232",2610,COURTRIGHT RD,,Columbus,OH,43232,39.9201331,-82.8962208,RESIDENTIAL,census_geocoder,auditor_street (96/137 dwelling),Exact
"1999 FOUNTAINVIEW CT, Columbus, OH, 43232",1999,FOUNTAINVIEW CT,,Columbus,OH,43232,39.9392448,-82.835628,RESIDENTIAL,census_geocoder,auditor_street (11/12 dwelling),Exact
"5563 CHATFORD DR, Columbus, OH, 43232",5563,CHATFORD DR,,Columbus,OH,43232,39.9342231,-82.8444907,RESIDENTIAL,census_geocoder,auditor_street (14/20 dwelling),Exact
"1737 LONSDALE RD D, Columbus, OH, 43232",1737,LONSDALE RD,D,Columbus,OH,43232,39.9420699,-82.8506643,RESIDENTIAL,census_geocoder,auditor_street (54/64 dwelling),Non_Exact
"1752 BAIRSFORD DR, Columbus, OH, 43232",1752,BAIRSFORD DR,,Columbus,OH,43232,39.9426206,-82.843487,RESIDENTIAL,census_geocoder,auditor_street (23/27 dwelling),Exact
"2218 GLENBROOK DR, Columbus, OH, 43232",2218,GLENBROOK DR,,Columbus,OH,43232,39.9266583,-82.9053957,RESIDENTIAL,census_geocoder,auditor_street (39/39 dwelling),Exact
"3724 WESTPOINT DR UNIT 3, Columbus, OH, 43232",3724,WESTPOINT DR,UNIT 3,Columbus,OH,43232,39.9187828,-82.8962217,RESIDENTIAL,census_geocoder,auditor_street (15/16 dwelling),Exact
"2516 COURTRIGHT RD, Columbus, OH, 43232",2516,COURTRIGHT RD,,Columbus,OH,43232,39.9217139,-82.8966988,RESIDENTIAL,census_geocoder,auditor_street (96/137 dwelling),Exact
"2173 S JAMES RD, Columbus, OH, 43232",2173,S JAMES RD,,Columbus,OH,43232,39.9268316,-82.918425,RESIDENTIAL,census_geocoder,auditor_street (351/451 dwelling),Exact
"3718 WESTPOINT DR, Columbus, OH, 43232",3718,WESTPOINT DR,,Columbus,OH,43232,39.9187625,-82.8963503,RESIDENTIAL,census_geocoder,auditor_street (15/16 dwelling),Exact
"1988 FOUNTAINVIEW CT D, Columbus, OH, 43232",1988,FOUNTAINVIEW CT,D,Columbus,OH,43232,39.9391328,-82.8351121,RESIDENTIAL,census_geocoder,auditor_street (11/12 dwelling),Non_Exact
"5981 ASTOR AVE, Columbus, OH, 43232",5981,ASTOR AVE,,Columbus,OH,43232,39.9447145,-82.8357148,RESIDENTIAL,census_geocoder,auditor_street (242/274 dwelling),Exact
"1990 FOUNTAINVIEW CT F, Columbus, OH, 43232",1990,FOUNTAINVIEW CT,F,Columbus,OH,43232,39.9390987,-82.8352811,RESIDENTIAL,census_geocoder,auditor_street (11/12 dwelling),Non_Exact
"1644 HALLWORTH CT, Columbus, OH, 43232",1644,HALLWORTH CT,,Columbus,OH,43232,39.9454905,-82.8400251,RESIDENTIAL,census_geocoder,auditor_street (57/57 dwelling),Exact
"3420 WESTPOINT DR, Columbus, OH, 43232",3420,WESTPOINT DR,,Columbus,OH,43232,39.9190889,-82.9056072,RESIDENTIAL,census_geocoder,auditor_street (15/16 dwelling),Exact
"3001 ARGONNE CT CATV, Columbus, OH, 43232",3001,ARGONNE CT,CATV,Columbus,OH,43232,39.9173666,-82.8493802,RESIDENTIAL,census_geocoder,auditor_street (23/23 dwelling),Non_Exact
"5884 CHATFORD DR G, Columbus, OH, 43232",5884,CHATFORD DR,G,Columbus,OH,43232,39.9341159,-82.8353178,RESIDENTIAL,census_geocoder,auditor_street (14/20 dwelling),Non_Exact
"2514 COURTRIGHT RD, Columbus, OH, 43232",2514,COURTRIGHT RD,,Columbus,OH,43232,39.9217413,-82.8967299,RESIDENTIAL,census_geocoder,auditor_street (96/137 dwelling),Exact
"1989 BAIRSFORD DR, Columbus, OH, 43232",1989,BAIRSFORD DR,,Columbus,OH,43232,39.937253,-82.8468365,RESIDENTIAL,census_geocoder,auditor_street (23/27 dwelling),Exact
"1924 FOUNTAINVIEW CT, Columbus, OH, 43232",1924,FOUNTAINVIEW CT,,Columbus,OH,43232,39.9402346,-82.8341385,RESIDENTIAL,census_geocoder,auditor_street (11/12 dwelling),Exact
"3774 WESTPOINT DR UNIT 6, Columbus, OH, 43232",3774,WESTPOINT DR,UNIT 6,Columbus,OH,43232,39.9192576,-82.8948215,RESIDENTIAL,census_geocoder,auditor_street (15/16 dwelling),Exact
"5987 LITTLE BROOK WAY, Columbus, OH, 43232",5987,LITTLE BROOK WAY,,Columbus,OH,43232,39.944078,-82.8396857,RESIDENTIAL,census_geocoder,auditor_street (30/31 dwelling),Exact
"1610 NOE-BIXBY RD F, Columbus, OH, 43232",1610,NOE-BIXBY RD,F,Columbus,OH,43232,39.9445774,-82.8532499,RESIDENTIAL,census_geocoder,auditor_street (242/328 dwelling),Non_Exact
"706 LITTLE BROOK WAY, Columbus, OH, 43232",706,LITTLE BROOK WAY,,Columbus,OH,43232,39.9445072,-82.8413743,RESIDENTIAL,census_geocoder,auditor_street (30/31 dwelling),Non_Exact
"5888 CHATFORD DR F, Columbus, OH, 43232",5888,CHATFORD DR,F,Columbus,OH,43232,39.9340553,-82.8352056,RESIDENTIAL,census_geocoder,auditor_street (14/20 dwelling),Non_Exact
"5872 CHATFORD DR, Columbus, OH, 43232",5872,CHATFORD DR,,Columbus,OH,43232,39.9339542,-82.8358592,RESIDENTIAL,census_geocoder,auditor_street (14/20 dwelling),Exact
"1813 MISTY WAY, Columbus, OH, 43232",1813,MISTY WAY,,Columbus,OH,43232,39.9439735,-82.8389321,RESIDENTIAL,census_geocoder,auditor_street (47/47 dwelling),Exact
"1879 FOUNTAINVIEW CT G, Columbus, OH, 43232",1879,FOUNTAINVIEW CT,G,Columbus,OH,43232,39.940964,-82.8351408,RESIDENTIAL,census_geocoder,auditor_street (11/12 dwelling),Non_Exact
"1849 MISTY WAY, Columbus, OH, 43232",1849,MISTY WAY,,Columbus,OH,43232,39.9429887,-82.8387097,RESIDENTIAL,census_geocoder,auditor_street (47/47 dwelling),Exact
"1813 BAIRSFORD DR 1I, Columbus, OH, 43232",1813,BAIRSFORD DR,1I,Columbus,OH,43232,39.9409761,-82.8457574,RESIDENTIAL,census_geocoder,auditor_street (23/27 dwelling),Non_Exact
"5860 CHATFORD DR, Columbus, OH, 43232",5860,CHATFORD DR,,Columbus,OH,43232,39.9339542,-82.8358592,RESIDENTIAL,census_geocoder,auditor_street (14/20 dwelling),Exact
"2608 COURTRIGHT RD, Columbus, OH, 43232",2608,COURTRIGHT RD,,Columbus,OH,43232,39.9201682,-82.8962145,RESIDENTIAL,census_geocoder,auditor_street (96/137 dwelling),Exact
"5654 SARANAC DR, Columbus, OH, 43232",5654,SARANAC DR,,Columbus,OH,43232,39.9416331,-82.8432503,RESIDENTIAL,census_geocoder,auditor_street (23/31 dwelling),Exact
"3260 EDINWICK WAY, Columbus, OH, 43232",3260,EDINWICK WAY,,Columbus,OH,43232,39.914462,-82.8379593,RESIDENTIAL,census_geocoder,auditor_street (8/8 dwelling),Exact
"3770 WESTPOINT DR UNIT 4, Columbus, OH, 43232",3770,WESTPOINT DR,UNIT 4,Columbus,OH,43232,39.9191322,-82.8949181,RESIDENTIAL,census_geocoder,auditor_street (15/16 dwelling),Exact
"5921 LITTLE BROOK WAY, Columbus, OH, 43232",5921,LITTLE BROOK WAY,,Columbus,OH,43232,39.9446842,-82.8411475,RESIDENTIAL,census_geocoder,auditor_street (30/31 dwelling),Exact
"3304 JOSHSTOCK DR, Columbus, OH, 43232",3304,JOSHSTOCK DR,,Columbus,OH,43232,39.9136215,-82.8374223,RESIDENTIAL,census_geocoder,auditor_street (4/4 dwelling),Exact
"2157 S JAMES RD, Columbus, OH, 43232",2157,S JAMES RD,,Columbus,OH,43232,39.9270862,-82.9177933,RESIDENTIAL,census_geocoder,auditor_street (351/451 dwelling),Exact
"3780 WESTPOINT DR UNIT 3, Columbus, OH, 43232",3780,WESTPOINT DR,UNIT 3,Columbus,OH,43232,39.9192647,-82.894743,RESIDENTIAL,census_geocoder,auditor_street (15/16 dwelling),Exact
"1782 SUNAPPLE WAY, Columbus, OH, 43232",1782,SUNAPPLE WAY,,Columbus,OH,43232,39.9439031,-82.8433221,RESIDENTIAL,census_geocoder,auditor_street (52/52 dwelling),Exact
"1911 FOUNTAINVIEW CT, Columbus, OH, 43232",1911,FOUNTAINVIEW CT,,Columbus,OH,43232,39.9403289,-82.8347595,RESIDENTIAL,census_geocoder,auditor_street (11/12 dwelling),Exact
"5904 CHATFORD DR E, Columbus, OH, 43232",5904,CHATFORD DR,E,Columbus,OH,43232,39.9343144,-82.8345059,RESIDENTIAL,census_geocoder,auditor_street (14/20 dwelling),Non_Exact
"1758 BAIRSFORD DR, Columbus, OH, 43232",1758,BAIRSFORD DR,,Columbus,OH,43232,39.9424833,-82.8435255,RESIDENTIAL,census_geocoder,auditor_street (23/27 dwelling),Exact
"5900 CHATFORD DR D, Columbus, OH, 43232",5900,CHATFORD DR,D,Columbus,OH,43232,39.9342637,-82.8346562,RESIDENTIAL,census_geocoder,auditor_street (14/20 dwelling),Non_Exact
"5397 JACK RUSSELL WAY, Columbus, OH, 43232",5397,JACK RUSSELL WAY,,Columbus,OH,43232,39.9084331,-82.8514064,RESIDENTIAL,census_geocoder,auditor_street (5/5 dwelling),Exact
"3041 KINGS REALM AVE, Columbus, OH, 43232",3041,KINGS REALM AVE,,Columbus,OH,43232,39.9182795,-82.8403439,RESIDENTIAL,census_geocoder,auditor_street (55/55 dwelling),Exact
"2622 COURTRIGHT RD, Columbus, OH, 43232",2622,COURTRIGHT RD,,Columbus,OH,43232,39.9198942,-82.8962515,RESIDENTIAL,census_geocoder,auditor_street (96/137 dwelling),Exact
"1864 NOE-BIXBY RD, Columbus, OH, 43232",1864,NOE-BIXBY RD,,Columbus,OH,43232,39.9385378,-82.861544,RESIDENTIAL,census_geocoder,auditor_street (242/328 dwelling),Exact
"5912 CHATFORD DR I, Columbus, OH, 43232",5912,CHATFORD DR,I,Columbus,OH,43232,39.9339893,-82.8342509,RESIDENTIAL,census_geocoder,auditor_street (14/20 dwelling),Non_Exact
"2143 NOE-BIXBY RD, Columbus, OH, 43232",2143,NOE-BIXBY RD,,Columbus,OH,43232,39.9331825,-82.8634231,RESIDENTIAL,census_geocoder,auditor_street (242/328 dwelling),Exact
"1939 FOUNTAINVIEW CT, Columbus, OH, 43232",1939,FOUNTAINVIEW CT,,Columbus,OH,43232,39.9400808,-82.8351292,RESIDENTIAL,census_geocoder,auditor_street (11/12 dwelling),Exact
"1884 NOE-BIXBY RD, Columbus, OH, 43232",1884,NOE-BIXBY RD,,Columbus,OH,43232,39.9380019,-82.8618152,RESIDENTIAL,census_geocoder,auditor_street (242/328 dwelling),Exact
"5551 CHATFORD DR I, Columbus, OH, 43232",5551,CHATFORD DR,I,Columbus,OH,43232,39.9342765,-82.8454698,RESIDENTIAL,census_geocoder,auditor_street (14/20 dwelling),Non_Exact
"3724 WESTPOINT DR UNIT 4, Columbus, OH, 43232",3724,WESTPOINT DR,UNIT 4,Columbus,OH,43232,39.9187784,-82.896116,RESIDENTIAL,census_geocoder,auditor_street (15/16 dwelling),Exact
"5854 CHATFORD DR, Columbus, OH, 43232",5854,CHATFORD DR,,Columbus,OH,43232,39.9339542,-82.8358592,RESIDENTIAL,census_geocoder,auditor_street (14/20 dwelling),Exact
"2485 COURTRIGHT RD, Columbus, OH, 43232",2485,COURTRIGHT RD,,Columbus,OH,43232,39.9217713,-82.8979264,RESIDENTIAL,census_geocoder,auditor_street (96/137 dwelling),Exact
"802 LITTLE BROOK WAY, Columbus, OH, 43232",802,LITTLE BROOK WAY,,Columbus,OH,43232,39.9445072,-82.8413743,RESIDENTIAL,census_geocoder,auditor_street (30/31 dwelling),Non_Exact
"3151 QUINBY DR, Columbus, OH, 43232",3151,QUINBY DR,,Columbus,OH,43232,39.9163715,-82.8438981,RESIDENTIAL,census_geocoder,auditor_street (48/50 dwelling),Exact
"832 LITTLE BROOK WAY, Columbus, OH, 43232",832,LITTLE BROOK WAY,,Columbus,OH,43232,39.9445072,-82.8413743,RESIDENTIAL,census_geocoder,auditor_street (30/31 dwelling),Non_Exact
"712 LITTLE BROOK WAY, Columbus, OH, 43232",712,LITTLE BROOK WAY,,Columbus,OH,43232,39.9445072,-82.8413743,RESIDENTIAL,census_geocoder,auditor_street (30/31 dwelling),Non_Exact
"5864 CHATFORD DR F, Columbus, OH, 43232",5864,CHATFORD DR,F,Columbus,OH,43232,39.9341008,-82.8361603,RESIDENTIAL,census_geocoder,auditor_street (14/20 dwelling),Non_Exact
"750 LITTLE BROOK WAY, Columbus, OH, 43232",750,LITTLE BROOK WAY,,Columbus,OH,43232,39.9445072,-82.8413743,RESIDENTIAL,census_geocoder,auditor_street (30/31 dwelling),Non_Exact
"5905 LITTLE BROOK WAY, Columbus, OH, 43232",5905,LITTLE BROOK WAY,,Columbus,OH,43232,39.9449546,-82.8415766,RESIDENTIAL,census_geocoder,auditor_street (30/31 dwelling),Exact
"3664 LARKWELL WAY, Columbus, OH, 43232",3664,LARKWELL WAY,,Columbus,OH,43232,39.9102853,-82.9004745,RESIDENTIAL,census_geocoder,auditor_street (5/5 dwelling),Exact
"1841 MISTY WAY, Columbus, OH, 43232",1841,MISTY WAY,,Columbus,OH,43232,39.9430344,-82.8390416,RESIDENTIAL,census_geocoder,auditor_street (47/47 dwelling),Exact
"1984 FOUNTAINVIEW CT F, Columbus, OH, 43232",1984,FOUNTAINVIEW CT,F,Columbus,OH,43232,39.9391986,-82.8347931,RESIDENTIAL,census_geocoder,auditor_street (11/12 dwelling),Non_Exact
"1990 FOUNTAINVIEW CT D, Columbus, OH, 43232",1990,FOUNTAINVIEW CT,D,Columbus,OH,43232,39.9391763,-82.835282,RESIDENTIAL,census_geocoder,auditor_street (11/12 dwelling),Non_Exact
"5870 CHATFORD DR A, Columbus, OH, 43232",5870,CHATFORD DR,A,Columbus,OH,43232,39.9341868,-82.8360297,RESIDENTIAL,census_geocoder,auditor_street (14/20 dwelling),Non_Exact
"1774 BAIRSFORD DR, Columbus, OH, 43232",1774,BAIRSFORD DR,,Columbus,OH,43232,39.942063,-82.8436269,RESIDENTIAL,census_geocoder,auditor_street (23/27 dwelling),Exact
"1877 FOUNTAINVIEW CT B, Columbus, OH, 43232",1877,FOUNTAINVIEW CT,B,Columbus,OH,43232,39.9410077,-82.8351449,RESIDENTIAL,census_geocoder,auditor_street (11/12 dwelling),Non_Exact
"1924 KORNWAL DR, Columbus, OH, 43232",1924,KORNWAL DR,,Columbus,OH,43232,39.9375714,-82.8560425,RESIDENTIAL,census_geocoder,auditor_street (35/35 dwelling),Exact
"5960 LITTLE BROOK WAY, Columbus, OH, 43232",5960,LITTLE BROOK WAY,,Columbus,OH,43232,39.9446638,-82.8401582,RESIDENTIAL,census_geocoder,auditor_street (30/31 dwelling),Exact
"5908 CHATFORD DR E, Columbus, OH, 43232",5908,CHATFORD DR,E,Columbus,OH,43232,39.9341011,-82.8343281,RESIDENTIAL,census_geocoder,auditor_street (14/20 dwelling),Non_Exact
"3464 WALNUT DR, Columbus, OH, 43232",3464,WALNUT DR,,Columbus,OH,43232,39.9217464,-82.9042639,RESIDENTIAL,census_geocoder,auditor_street (30/37 dwelling),Exact
"1941 BAIRSFORD DR, Columbus, OH, 43232",1941,BAIRSFORD DR,,Columbus,OH,43232,39.938395,-82.8467601,RESIDENTIAL,census_geocoder,auditor_street (23/27 dwelling),Exact
"5908 CHATFORD DR B, Columbus, OH, 43232",5908,CHATFORD DR,B,Columbus,OH,43232,39.9341426,-82.834356,RESIDENTIAL,census_geocoder,auditor_street (14/20 dwelling),Non_Exact
"2470 COURTRIGHT RD, Columbus, OH, 43232",2470,COURTRIGHT RD,,Columbus,OH,43232,39.922312,-82.8975781,RESIDENTIAL,census_geocoder,auditor_street (96/137 dwelling),Exact
"1845 MISTY WAY, Columbus, OH, 43232",1845,MISTY WAY,,Columbus,OH,43232,39.9429882,-82.8388666,RESIDENTIAL,census_geocoder,auditor_street (47/47 dwelling),Exact
"1609 LONSDALE RD, Columbus, OH, 43232",1609,LONSDALE RD,,Columbus,OH,43232,39.9447728,-82.8499923,RESIDENTIAL,census_geocoder,auditor_street (54/64 dwelling),Exact
"704 LITTLE BROOK WAY, Columbus, OH, 43232",704,LITTLE BROOK WAY,,Columbus,OH,43232,39.9445072,-82.8413743,RESIDENTIAL,census_geocoder,auditor_street (30/31 dwelling),Non_Exact
"1727 LONSDALE RD D, Columbus, OH, 43232",1727,LONSDALE RD,D,Columbus,OH,43232,39.9422723,-82.8505718,RESIDENTIAL,census_geocoder,auditor_street (54/64 dwelling),Non_Exact
"1811 BAIRSFORD DR 2N, Columbus, OH, 43232",1811,BAIRSFORD DR,2N,Columbus,OH,43232,39.941403,-82.8455257,RESIDENTIAL,census_geocoder,auditor_street (23/27 dwelling),Non_Exact
"5561 CHATFORD DR, Columbus, OH, 43232",5561,CHATFORD DR,,Columbus,OH,43232,39.9342376,-82.8445753,RESIDENTIAL,census_geocoder,auditor_street (14/20 dwelling),Exact
"2131 COURTRIGHT RD, Columbus, OH, 43232",2131,COURTRIGHT RD,,Columbus,OH,43232,39.9286907,-82.8988159,RESIDENTIAL,census_geocoder,auditor_street (96/137 dwelling),Exact
"1813 BAIRSFORD DR 2A, Columbus, OH, 43232",1813,BAIRSFORD DR,2A,Columbus,OH,43232,39.9408331,-82.8453511,RESIDENTIAL,census_geocoder,auditor_street (23/27 dwelling),Non_Exact
"3718 WESTPOINT DR UNIT 2, Columbus, OH, 43232",3718,WESTPOINT DR,UNIT 2,Columbus,OH,43232,39.9187569,-82.8963046,RESIDENTIAL,census_geocoder,auditor_street (15/16 dwelling),Exact
"5962 ABERNATHY LN, Columbus, OH, 43232",5962,ABERNATHY LN,,Columbus,OH,43232,39.9147144,-82.8363581,RESIDENTIAL,census_geocoder,auditor_street (18/18 dwelling),Exact
"2005 BAIRSFORD DR, Columbus, OH, 43232",2005,BAIRSFORD DR,,Columbus,OH,43232,39.9370254,-82.8471744,RESIDENTIAL,census_geocoder,auditor_street (23/27 dwelling),Exact
"3756 WESTPOINT DR, Columbus, OH, 43232",3756,WESTPOINT DR,,Columbus,OH,43232,39.9188792,-82.8953492,RESIDENTIAL,census_geocoder,auditor_street (15/16 dwelling),Exact
"2148 COURTRIGHT RD, Columbus, OH, 43232",2148,COURTRIGHT RD,,Columbus,OH,43232,39.9286901,-82.8977886,RESIDENTIAL,census_geocoder,auditor_street (96/137 dwelling),Exact
"1887 BAIRSFORD DR, Columbus, OH, 43232",1887,BAIRSFORD DR,,Columbus,OH,43232,39.9397561,-82.8465843,RESIDENTIAL,census_geocoder,auditor_street (23/27 dwelling),Exact
"5912 CHATFORD DR D, Columbus, OH, 43232",5912,CHATFORD DR,D,Columbus,OH,43232,39.9340416,-82.8342947,RESIDENTIAL,census_geocoder,auditor_street (14/20 dwelling),Non_Exact
"3780 WESTPOINT DR UNIT 5, Columbus, OH, 43232",3780,WESTPOINT DR,UNIT 5,Columbus,OH,43232,39.9192835,-82.8947659,RESIDENTIAL,census_geocoder,auditor_street (15/16 dwelling),Exact
"3276 MERIDIAN RD, Columbus, OH, 43232",3276,MERIDIAN RD,,Columbus,OH,43232,39.9264534,-82.9054298,RESIDENTIAL,census_geocoder,auditor_street (22/24 dwelling),Exact
"5897 LITTLE BROOK WAY, Columbus, OH, 43232",5897,LITTLE BROOK WAY,,Columbus,OH,43232,39.9450889,-82.8417846,RESIDENTIAL,census_geocoder,auditor_street (30/31 dwelling),Exact
"2179 COURTRIGHT RD, Columbus, OH, 43232",2179,COURTRIGHT RD,,Columbus,OH,43232,39.9275331,-82.8989564,RESIDENTIAL,census_geocoder,auditor_street (96/137 dwelling),Exact
"1944 FOUNTAINVIEW CT A, Columbus, OH, 43232",1944,FOUNTAINVIEW CT,A,Columbus,OH,43232,39.93995,-82.8339325,RESIDENTIAL,census_geocoder,auditor_street (11/12 dwelling),Non_Exact
"3527 PETZINGER RD, Columbus, OH, 43232",3527,PETZINGER RD,,Columbus,OH,43232,39.9267791,-82.8998019,RESIDENTIAL,census_geocoder,auditor_street (122/146 dwelling),Exact
"1857 MISTY WAY, Columbus, OH, 43232",1857,MISTY WAY,,Columbus,OH,43232,39.9429431,-82.8383314,RESIDENTIAL,census_geocoder,auditor_street (47/47 dwelling),Exact
"1881 NOE-BIXBY RD, Columbus, OH, 43232",1881,NOE-BIXBY RD,,Columbus,OH,43232,39.9380471,-82.8626649,RESIDENTIAL,census_geocoder,auditor_street (242/328 dwelling),Exact
"5896 CHATFORD DR F, Columbus, OH, 43232",5896,CHATFORD DR,F,Columbus,OH,43232,39.9341923,-82.8348677,RESIDENTIAL,census_geocoder,auditor_street (14/20 dwelling),Non_Exact
"3466 WESTPOINT DR, Columbus, OH, 43232",3466,WESTPOINT DR,,Columbus,OH,43232,39.9190146,-82.9041396,RESIDENTIAL,census_geocoder,auditor_street (15/16 dwelling),Exact
"5896 CHATFORD DR A, Columbus, OH, 43232",5896,CHATFORD DR,A,Columbus,OH,43232,39.9341823,-82.8349343,RESIDENTIAL,census_geocoder,auditor_street (14/20 dwelling),Non_Exact
"1934 FOUNTAINVIEW CT, Columbus, OH, 43232",1934,FOUNTAINVIEW CT,,Columbus,OH,43232,39.9401307,-82.8339882,RESIDENTIAL,census_geocoder,auditor_street (11/12 dwelling),Exact
"1727 LONSDALE RD, Columbus, OH, 43232",1727,LONSDALE RD,,Columbus,OH,43232,39.9423316,-82.8506464,RESIDENTIAL,census_geocoder,auditor_street (54/64 dwelling),Exact
"5852 CHATFORD DR, Columbus, OH, 43232",5852,CHATFORD DR,,Columbus,OH,43232,39.934095,-82.8365482,RESIDENTIAL,census_geocoder,auditor_street (14/20 dwelling),Exact
"1891 NOE-BIXBY RD, Columbus, OH, 43232",1891,NOE-BIXBY RD,,Columbus,OH,43232,39.9375519,-82.8630878,RESIDENTIAL,census_geocoder,auditor_street (242/328 dwelling),Exact
"5642 SARANAC DR, Columbus, OH, 43232",5642,SARANAC DR,,Columbus,OH,43232,39.9416271,-82.8434,RESIDENTIAL,census_geocoder,auditor_street (23/31 dwelling),Exact
"1809 MISTY WAY, Columbus, OH, 43232",1809,MISTY WAY,,Columbus,OH,43232,39.944048,-82.8387969,RESIDENTIAL,census_geocoder,auditor_street (47/47 dwelling),Exact
"1983 FOUNTAINVIEW CT, Columbus, OH, 43232",1983,FOUNTAINVIEW CT,,Columbus,OH,43232,39.9394229,-82.8357573,RESIDENTIAL,census_geocoder,auditor_street (11/12 dwelling),Exact
"5986 LITTLE BROOK WAY, Columbus, OH, 43232",5986,LITTLE BROOK WAY,,Columbus,OH,43232,39.9443359,-82.839483,RESIDENTIAL,census_geocoder,auditor_street (30/31 dwelling),Exact
"842 LITTLE BROOK WAY, Columbus, OH, 43232",842,LITTLE BROOK WAY,,Columbus,OH,43232,39.9445072,-82.8413743,RESIDENTIAL,census_geocoder,auditor_street (30/31 dwelling),Non_Exact
"5947 MORRISSEY ST, Columbus, OH, 43232",5947,MORRISSEY ST,,Columbus,OH,43232,39.9134785,-82.8365304,RESIDENTIAL,census_geocoder,auditor_street (22/22 dwelling),Exact
"3271 EDINWICK WAY, Columbus, OH, 43232",3271,EDINWICK WAY,,Columbus,OH,43232,39.9143412,-82.8384144,RESIDENTIAL,census_geocoder,auditor_street (8/8 dwelling),Exact
"1577 HALLWORTH CT CATV, Columbus, OH, 43232",1577,HALLWORTH CT,CATV,Columbus,OH,43232,39.9468967,-82.8398303,RESIDENTIAL,census_geocoder,auditor_street (57/57 dwelling),Non_Exact
"3430 WESTPOINT DR, Columbus, OH, 43232",3430,WESTPOINT DR,,Columbus,OH,43232,39.9191891,-82.9052529,RESIDENTIAL,census_geocoder,auditor_street (15/16 dwelling),Exact
"2085 WADSWORTH DR, Columbus, OH, 43232",2085,WADSWORTH DR,,Columbus,OH,43232,39.9284729,-82.9113529,RESIDENTIAL,census_geocoder,auditor_street (31/35 dwelling),Exact
"5553 CHATFORD DR B, Columbus, OH, 43232",5553,CHATFORD DR,B,Columbus,OH,43232,39.9343321,-82.8448335,RESIDENTIAL,census_geocoder,auditor_street (14/20 dwelling),Non_Exact
"1890 FOUNTAINVIEW CT, Columbus, OH, 43232",1890,FOUNTAINVIEW CT,,Columbus,OH,43232,39.9407256,-82.83428,RESIDENTIAL,census_geocoder,auditor_street (11/12 dwelling),Exact
"3756 WESTPOINT DR UNIT 4, Columbus, OH, 43232",3756,WESTPOINT DR,UNIT 4,Columbus,OH,43232,39.9189139,-82.895313,RESIDENTIAL,census_geocoder,auditor_street (15/16 dwelling),Exact
"3481 WESTPOINT DR, Columbus, OH, 43232",3481,WESTPOINT DR,,Columbus,OH,43232,39.9186257,-82.9038231,RESIDENTIAL,census_geocoder,auditor_street (15/16 dwelling),Exact
"2238 WADSWORTH DR, Columbus, OH, 43232",2238,WADSWORTH DR,,Columbus,OH,43232,39.9254759,-82.9099377,RESIDENTIAL,census_geocoder,auditor_street (31/35 dwelling),Exact
"5904 CHATFORD DR A, Columbus, OH, 43232",5904,CHATFORD DR,A,Columbus,OH,43232,39.9342875,-82.8345438,RESIDENTIAL,census_geocoder,auditor_street (14/20 dwelling),Non_Exact
"2023 BAIRSFORD DR 1A, Columbus, OH, 43232",2023,BAIRSFORD DR,1A,Columbus,OH,43232,39.9366238,-82.8471213,RESIDENTIAL,census_geocoder,auditor_street (23/27 dwelling),Non_Exact
"5939 MORRISSEY ST, Columbus, OH, 43232",5939,MORRISSEY ST,,Columbus,OH,43232,39.913502,-82.836944,RESIDENTIAL,census_geocoder,auditor_street (22/22 dwelling),Exact
"5880 CHATFORD DR C, Columbus, OH, 43232",5880,CHATFORD DR,C,Columbus,OH,43232,39.9340998,-82.8356578,RESIDENTIAL,census_geocoder,auditor_street (14/20 dwelling),Non_Exact
"2216 GLENBROOK DR, Columbus, OH, 43232",2216,GLENBROOK DR,,Columbus,OH,43232,39.926668,-82.9055557,RESIDENTIAL,census_geocoder,auditor_street (39/39 dwelling),Exact
"3770 WESTPOINT DR UNIT 1, Columbus, OH, 43232",3770,WESTPOINT DR,UNIT 1,Columbus,OH,43232,39.9190502,-82.8949673,RESIDENTIAL,census_geocoder,auditor_street (15/16 dwelling),Exact
"2614 COURTRIGHT RD, Columbus, OH, 43232",2614,COURTRIGHT RD,,Columbus,OH,43232,39.9200178,-82.896238,RESIDENTIAL,census_geocoder,auditor_street (96/137 dwelling),Exact
"5918 CHATFORD DR, Columbus, OH, 43232",5918,CHATFORD DR,,Columbus,OH,43232,39.9339542,-82.8358592,RESIDENTIAL,census_geocoder,auditor_street (14/20 dwelling),Exact
"2291 COURTRIGHT RD, Columbus, OH, 43232",2291,COURTRIGHT RD,,Columbus,OH,43232,39.9253558,-82.8990816,RESIDENTIAL,census_geocoder,auditor_street (96/137 dwelling),Exact
"2537 COURTRIGHT RD, Columbus, OH, 43232",2537,COURTRIGHT RD,,Columbus,OH,43232,39.9213518,-82.8974926,RESIDENTIAL,census_geocoder,auditor_street (96/137 dwelling),Exact
"3744 WESTPOINT DR UNIT 4, Columbus, OH, 43232",3744,WESTPOINT DR,UNIT 4,Columbus,OH,43232,39.9188092,-82.895626,RESIDENTIAL,census_geocoder,auditor_street (15/16 dwelling),Exact
"1903 FOUNTAINVIEW CT, Columbus, OH, 43232",1903,FOUNTAINVIEW CT,,Columbus,OH,43232,39.9404383,-82.8349063,RESIDENTIAL,census_geocoder,auditor_street (11/12 dwelling),Exact
"772 LITTLE BROOK WAY, Columbus, OH, 43232",772,LITTLE BROOK WAY,,Columbus,OH,43232,39.9445072,-82.8413743,RESIDENTIAL,census_geocoder,auditor_street (30/31 dwelling),Non_Exact
"5986 ABERNATHY LN, Columbus, OH, 43232",5986,ABERNATHY LN,,Columbus,OH,43232,39.9147052,-82.8357306,RESIDENTIAL,census_geocoder,auditor_street (18/18 dwelling),Exact
"3436 WESTPOINT DR, Columbus, OH, 43232",3436,WESTPOINT DR,,Columbus,OH,43232,39.9190673,-82.9050826,RESIDENTIAL,census_geocoder,auditor_street (15/16 dwelling),Exact
"2933 THORNELL WAY, Columbus, OH, 43232",2933,THORNELL WAY,,Columbus,OH,43232,39.9188508,-82.8476751,RESIDENTIAL,census_geocoder,auditor_street (10/10 dwelling),Exact
"2588 NOE-BIXBY RD POOL, Columbus, OH, 43232",2588,NOE-BIXBY RD,POOL,Columbus,OH,43232,39.9234263,-82.8636884,RESIDENTIAL,census_geocoder,auditor_street (242/328 dwelling),Non_Exact
"728 LITTLE BROOK WAY, Columbus, OH, 43232",728,LITTLE BROOK WAY,,Columbus,OH,43232,39.9445072,-82.8413743,RESIDENTIAL,census_geocoder,auditor_street (30/31 dwelling),Non_Exact
"1905 FOUNTAINVIEW CT, Columbus, OH, 43232",1905,FOUNTAINVIEW CT,,Columbus,OH,43232,39.9404357,-82.8348527,RESIDENTIAL,census_geocoder,auditor_street (11/12 dwelling),Exact
"3480 WALNUT DR, Columbus, OH, 43232",3480,WALNUT DR,,Columbus,OH,43232,39.9217624,-82.9037763,RESIDENTIAL,census_geocoder,auditor_street (30/37 dwelling),Exact
"1751 LONSDALE RD A, Columbus, OH, 43232",1751,LONSDALE RD,A,Columbus,OH,43232,39.9417715,-82.8510139,RESIDENTIAL,census_geocoder,auditor_street (54/64 dwelling),Non_Exact
"1926 FOUNTAINVIEW CT, Columbus, OH, 43232",1926,FOUNTAINVIEW CT,,Columbus,OH,43232,39.940232,-82.8340957,RESIDENTIAL,census_geocoder,auditor_street (11/12 dwelling),Exact
"1737 LONSDALE RD A, Columbus, OH, 43232",1737,LONSDALE RD,A,Columbus,OH,43232,39.9421266,-82.8508534,RESIDENTIAL,census_geocoder,auditor_street (54/64 dwelling),Non_Exact
"2138 COURTRIGHT RD, Columbus, OH, 43232",2138,COURTRIGHT RD,,Columbus,OH,43232,39.928816,-82.8976276,RESIDENTIAL,census_geocoder,auditor_street (96/137 dwelling),Exact
"5870 CHATFORD DR F, Columbus, OH, 43232",5870,CHATFORD DR,F,Columbus,OH,43232,39.9341903,-82.8359907,RESIDENTIAL,census_geocoder,auditor_street (14/20 dwelling),Non_Exact
"1944 FOUNTAINVIEW CT F, Columbus, OH, 43232",1944,FOUNTAINVIEW CT,F,Columbus,OH,43232,39.9399144,-82.8337648,RESIDENTIAL,census_geocoder,auditor_street (11/12 dwelling),Non_Exact
"5876 CHATFORD DR A, Columbus, OH, 43232",5876,CHATFORD DR,A,Columbus,OH,43232,39.9341878,-82.8358142,RESIDENTIAL,census_geocoder,auditor_street (14/20 dwelling),Non_Exact
"2608 NOE-BIXBY RD B, Columbus, OH, 43232",2608,NOE-BIXBY RD,B,Columbus,OH,43232,39.923023,-82.8639296,RESIDENTIAL,census_geocoder,auditor_street (242/328 dwelling),Non_Exact
"1588 LONSDALE RD, Columbus, OH, 43232",1588,LONSDALE RD,,Columbus,OH,43232,39.9452304,-82.8493084,RESIDENTIAL,census_geocoder,auditor_street (54/64 dwelling),Exact
"3614 PETZINGER RD, Columbus, OH, 43232",3614,PETZINGER RD,,Columbus,OH,43232,39.9277754,-82.9003606,RESIDENTIAL,census_geocoder,auditor_street (122/146 dwelling),Exact
"1986 FOUNTAINVIEW CT B, Columbus, OH, 43232",1986,FOUNTAINVIEW CT,B,Columbus,OH,43232,39.9392212,-82.8349893,RESIDENTIAL,census_geocoder,auditor_street (11/12 dwelling),Non_Exact
"5970 ABERNATHY LN, Columbus, OH, 43232",5970,ABERNATHY LN,,Columbus,OH,43232,39.9147039,-82.8361869,RESIDENTIAL,census_geocoder,auditor_street (18/18 dwelling),Exact
"5864 CHATFORD DR, Columbus, OH, 43232",5864,CHATFORD DR,,Columbus,OH,43232,39.9340741,-82.8361558,RESIDENTIAL,census_geocoder,auditor_street (14/20 dwelling),Exact
"5864 CHATFORD DR G, Columbus, OH, 43232",5864,CHATFORD DR,G,Columbus,OH,43232,39.9340622,-82.8361619,RESIDENTIAL,census_geocoder,auditor_street (14/20 dwelling),Non_Exact
"760 LITTLE BROOK WAY, Columbus, OH, 43232",760,LITTLE BROOK WAY,,Columbus,OH,43232,39.9445072,-82.8413743,RESIDENTIAL,census_geocoder,auditor_street (30/31 dwelling),Non_Exact
"1951 FOUNTAINVIEW CT, Columbus, OH, 43232",1951,FOUNTAINVIEW CT,,Columbus,OH,43232,39.9399649,-82.8353248,RESIDENTIAL,census_geocoder,auditor_street (11/12 dwelling),Exact
"5880 CHATFORD DR H, Columbus, OH, 43232",5880,CHATFORD DR,H,Columbus,OH,43232,39.9341726,-82.8355436,RESIDENTIAL,census_geocoder,auditor_street (14/20 dwelling),Non_Exact
"5822 CHATFORD DR C, Columbus, OH, 43232",5822,CHATFORD DR,C,Columbus,OH,43232,39.9342154,-82.8375535,RESIDENTIAL,census_geocoder,auditor_street (14/20 dwelling),Non_Exact
"5640 SARANAC DR, Columbus, OH, 43232",5640,SARANAC DR,,Columbus,OH,43232,39.9416545,-82.8434323,RESIDENTIAL,census_geocoder,auditor_street (23/31 dwelling),Exact
"1751 SUNAPPLE WAY, Columbus, OH, 43232",1751,SUNAPPLE WAY,,Columbus,OH,43232,39.944808,-82.8436618,RESIDENTIAL,census_geocoder,auditor_street (52/52 dwelling),Exact
"5828 CHATFORD DR D, Columbus, OH, 43232",5828,CHATFORD DR,D,Columbus,OH,43232,39.9342539,-82.8372676,RESIDENTIAL,census_geocoder,auditor_street (14/20 dwelling),Non_Exact
"1858 MISTY WAY, Columbus, OH, 43232",1858,MISTY WAY,,Columbus,OH,43232,39.9435443,-82.8383237,RESIDENTIAL,census_geocoder,auditor_street (47/47 dwelling),Exact
"1885 FOUNTAINVIEW CT, Columbus, OH, 43232",1885,FOUNTAINVIEW CT,,Columbus,OH,43232,39.940358,-82.8351484,RESIDENTIAL,census_geocoder,auditor_street (11/12 dwelling),Exact
"1844 NOE-BIXBY RD, Columbus, OH, 43232",1844,NOE-BIXBY RD,,Columbus,OH,43232,39.9390346,-82.8610039,RESIDENTIAL,census_geocoder,auditor_street (242/328 dwelling),Exact
"2023 BAIRSFORD DR 1F, Columbus, OH, 43232",2023,BAIRSFORD DR,1F,Columbus,OH,43232,39.9366684,-82.8468602,RESIDENTIAL,census_geocoder,auditor_street (23/27 dwelling),Non_Exact
"1779 SUNAPPLE WAY, Columbus, OH, 43232",1779,SUNAPPLE WAY,,Columbus,OH,43232,39.9440063,-82.8437114,RESIDENTIAL,census_geocoder,auditor_street (52/52 dwelling),Exact
"1963 FOUNTAINVIEW CT, Columbus, OH, 43232",1963,FOUNTAINVIEW CT,,Columbus,OH,43232,39.9399011,-82.8355706,RESIDENTIAL,census_geocoder,auditor_street (11/12 dwelling),Exact
"5904 CHATFORD DR F, Columbus, OH, 43232",5904,CHATFORD DR,F,Columbus,OH,43232,39.9342116,-82.8344585,RESIDENTIAL,census_geocoder,auditor_street (14/20 dwelling),Non_Exact
"1793 BAIRSFORD DR, Columbus, OH, 43232",1793,BAIRSFORD DR,,Columbus,OH,43232,39.9414947,-82.8444335,RESIDENTIAL,census_geocoder,auditor_street (23/27 dwelling),Exact
"5985 ABERNATHY LN, Columbus, OH, 43232",5985,ABERNATHY LN,,Columbus,OH,43232,39.9143542,-82.8357674,RESIDENTIAL,census_geocoder,auditor_street (18/18 dwelling),Exact
"5543 CHATFORD DR, Columbus, OH, 43232",5543,CHATFORD DR,,Columbus,OH,43232,39.93477,-82.8451166,RESIDENTIAL,census_geocoder,auditor_street (14/20 dwelling),Exact
"1836 NOE-BIXBY RD, Columbus, OH, 43232",1836,NOE-BIXBY RD,,Columbus,OH,43232,39.9391834,-82.8608443,RESIDENTIAL,census_geocoder,auditor_street (242/328 dwelling),Exact
"2071 BAIRSFORD DR, Columbus, OH, 43232",2071,BAIRSFORD DR,,Columbus,OH,43232,39.9356288,-82.8461228,RESIDENTIAL,census_geocoder,auditor_street (23/27 dwelling),Exact
"758 LITTLE BROOK WAY, Columbus, OH, 43232",758,LITTLE BROOK WAY,,Columbus,OH,43232,39.9445072,-82.8413743,RESIDENTIAL,census_geocoder,auditor_street (30/31 dwelling),Non_Exact
"5908 CHATFORD DR D, Columbus, OH, 43232",5908,CHATFORD DR,D,Columbus,OH,43232,39.9340998,-82.8342843,RESIDENTIAL,census_geocoder,auditor_street (14/20 dwelling),Non_Exact
"1880 NOE-BIXBY RD, Columbus, OH, 43232",1880,NOE-BIXBY RD,,Columbus,OH,43232,39.9380937,-82.8618083,RESIDENTIAL,census_geocoder,auditor_street (242/328 dwelling),Exact
"822 LITTLE BROOK WAY, Columbus, OH, 43232",822,LITTLE BROOK WAY,,Columbus,OH,43232,39.9445072,-82.8413743,RESIDENTIAL,census_geocoder,auditor_street (30/31 dwelling),Non_Exact
"5840 CHATFORD DR I, Columbus, OH, 43232",5840,CHATFORD DR,I,Columbus,OH,43232,39.9341702,-82.8368478,RESIDENTIAL,census_geocoder,auditor_street (14/20 dwelling),Non_Exact
"3669 MATHENA WAY, Columbus, OH, 43232",3669,MATHENA WAY,,Columbus,OH,43232,39.9122075,-82.9003145,RESIDENTIAL,census_geocoder,auditor_street (15/15 dwelling),Exact
"1762 SUNAPPLE WAY, Columbus, OH, 43232",1762,SUNAPPLE WAY,,Columbus,OH,43232,39.9444881,-82.8432216,RESIDENTIAL,census_geocoder,auditor_street (52/52 dwelling),Exact
"2279 COURTRIGHT RD, Columbus, OH, 43232",2279,COURTRIGHT RD,,Columbus,OH,43232,39.9256688,-82.8990549,RESIDENTIAL,census_geocoder,auditor_street (96/137 dwelling),Exact
"2245 GARNET PL, Columbus, OH, 43232",2245,GARNET PL,,Columbus,OH,43232,39.9256123,-82.9075014,RESIDENTIAL,census_geocoder,auditor_street (6/7 dwelling),Exact
"722 LITTLE BROOK WAY, Columbus, OH, 43232",722,LITTLE BROOK WAY,,Columbus,OH,43232,39.9445072,-82.8413743,RESIDENTIAL,census_geocoder,auditor_street (30/31 dwelling),Non_Exact
"3408 FARM VIEW ST, Columbus, OH, 43232",3408,FARM VIEW ST,,Columbus,OH,43232,39.9093311,-82.8388506,RESIDENTIAL,census_geocoder,auditor_street (11/12 dwelling),Exact
"1959 FOUNTAINVIEW CT, Columbus, OH, 43232",1959,FOUNTAINVIEW CT,,Columbus,OH,43232,39.9399507,-82.835503,RESIDENTIAL,census_geocoder,auditor_street (11/12 dwelling),Exact
"2163 S JAMES RD, Columbus, OH, 43232",2163,S JAMES RD,,Columbus,OH,43232,39.9270252,-82.9180756,RESIDENTIAL,census_geocoder,auditor_street (351/451 dwelling),Exact
"1969 BAIRSFORD DR, Columbus, OH, 43232",1969,BAIRSFORD DR,,Columbus,OH,43232,39.9379278,-82.8469179,RESIDENTIAL,census_geocoder,auditor_street (23/27 dwelling),Exact
"5991 ABERNATHY LN, Columbus, OH, 43232",5991,ABERNATHY LN,,Columbus,OH,43232,39.9143489,-82.8357104,RESIDENTIAL,census_geocoder,auditor_street (18/18 dwelling),Exact
"1964 FOUNTAINVIEW CT, Columbus, OH, 43232",1964,FOUNTAINVIEW CT,,Columbus,OH,43232,39.9392684,-82.834116,RESIDENTIAL,census_geocoder,auditor_street (11/12 dwelling),Exact
"1727 LONSDALE RD B, Columbus, OH, 43232",1727,LONSDALE RD,B,Columbus,OH,43232,39.9423053,-82.8506819,RESIDENTIAL,census_geocoder,auditor_street (54/64 dwelling),Non_Exact
"732 LITTLE BROOK WAY, Columbus, OH, 43232",732,LITTLE BROOK WAY,,Columbus,OH,43232,39.9445072,-82.8413743,RESIDENTIAL,census_geocoder,auditor_street (30/31 dwelling),Non_Exact
"5870 CHATFORD DR E, Columbus, OH, 43232",5870,CHATFORD DR,E,Columbus,OH,43232,39.9340553,-82.8360328,RESIDENTIAL,census_geocoder,auditor_street (14/20 dwelling),Non_Exact
"5858 JACQUELINE CT, Columbus, OH, 43232",5858,JACQUELINE CT,,Columbus,OH,43232,39.9470848,-82.8423748,RESIDENTIAL,census_geocoder,auditor_street (17/17 dwelling),Exact
"748 LITTLE BROOK WAY, Columbus, OH, 43232",748,LITTLE BROOK WAY,,Columbus,OH,43232,39.9445072,-82.8413743,RESIDENTIAL,census_geocoder,auditor_street (30/31 dwelling),Non_Exact
"1916 FOUNTAINVIEW CT, Columbus, OH, 43232",1916,FOUNTAINVIEW CT,,Columbus,OH,43232,39.9401492,-82.8342629,RESIDENTIAL,census_geocoder,auditor_street (11/12 dwelling),Exact
"1952 FOUNTAINVIEW CT, Columbus, OH, 43232",1952,FOUNTAINVIEW CT,,Columbus,OH,43232,39.9392634,-82.8339377,RESIDENTIAL,census_geocoder,auditor_street (11/12 dwelling),Exact
"1879 BAIRSFORD DR, Columbus, OH, 43232",1879,BAIRSFORD DR,,Columbus,OH,43232,39.939892,-82.8466631,RESIDENTIAL,census_geocoder,auditor_street (23/27 dwelling),Exact
"1813 BAIRSFORD DR 2E, Columbus, OH, 43232",1813,BAIRSFORD DR,2E,Columbus,OH,43232,39.9409091,-82.8454568,RESIDENTIAL,census_geocoder,auditor_street (23/27 dwelling),Non_Exact
"3684 MATHENA WAY, Columbus, OH, 43232",3684,MATHENA WAY,,Columbus,OH,43232,39.9124677,-82.8996779,RESIDENTIAL,census_geocoder,auditor_street (15/15 dwelling),Exact
"730 LITTLE BROOK WAY, Columbus, OH, 43232",730,LITTLE BROOK WAY,,Columbus,OH,43232,39.9445072,-82.8413743,RESIDENTIAL,census_geocoder,auditor_street (30/31 dwelling),Non_Exact
"1967 FOUNTAINVIEW CT, Columbus, OH, 43232",1967,FOUNTAINVIEW CT,,Columbus,OH,43232,39.9398245,-82.8354739,RESIDENTIAL,census_geocoder,auditor_street (11/12 dwelling),Exact
"5904 LITTLE BROOK WAY, Columbus, OH, 43232",5904,LITTLE BROOK WAY,,Columbus,OH,43232,39.9453171,-82.8415002,RESIDENTIAL,census_geocoder,auditor_street (30/31 dwelling),Exact
"1941 FOUNTAINVIEW CT, Columbus, OH, 43232",1941,FOUNTAINVIEW CT,,Columbus,OH,43232,39.9400807,-82.8351756,RESIDENTIAL,census_geocoder,auditor_street (11/12 dwelling),Exact
"1607 LONSDALE RD, Columbus, OH, 43232",1607,LONSDALE RD,,Columbus,OH,43232,39.9449492,-82.8499198,RESIDENTIAL,census_geocoder,auditor_street (54/64 dwelling),Exact
"5881 LITTLE BROOK WAY, Columbus, OH, 43232",5881,LITTLE BROOK WAY,,Columbus,OH,43232,39.9452956,-82.8424007,RESIDENTIAL,census_geocoder,auditor_street (30/31 dwelling),Exact
"3653 PETZINGER RD, Columbus, OH, 43232",3653,PETZINGER RD,,Columbus,OH,43232,39.9264307,-82.8956307,RESIDENTIAL,census_geocoder,auditor_street (122/146 dwelling),Exact
"1813 BAIRSFORD DR 2F, Columbus, OH, 43232",1813,BAIRSFORD DR,2F,Columbus,OH,43232,39.9409304,-82.8454839,RESIDENTIAL,census_geocoder,auditor_street (23/27 dwelling),Non_Exact
"2493 COURTRIGHT RD, Columbus, OH, 43232",2493,COURTRIGHT RD,,Columbus,OH,43232,39.9217067,-82.8977047,RESIDENTIAL,census_geocoder,auditor_street (96/137 dwelling),Exact
"5890 CHATFORD DR, Columbus, OH, 43232",5890,CHATFORD DR,,Columbus,OH,43232,39.9339542,-82.8358592,RESIDENTIAL,census_geocoder,auditor_street (14/20 dwelling),Exact
"2271 COURTRIGHT RD, Columbus, OH, 43232",2271,COURTRIGHT RD,,Columbus,OH,43232,39.9258144,-82.8990415,RESIDENTIAL,census_geocoder,auditor_street (96/137 dwelling),Exact
"5567 CHATFORD DR D, Columbus, OH, 43232",5567,CHATFORD DR,D,Columbus,OH,43232,39.9343011,-82.8442898,RESIDENTIAL,census_geocoder,auditor_street (14/20 dwelling),Non_Exact
"2007 BAIRSFORD DR, Columbus, OH, 43232",2007,BAIRSFORD DR,,Columbus,OH,43232,39.9370272,-82.8471567,RESIDENTIAL,census_geocoder,auditor_street (23/27 dwelling),Exact
"1946 FOUNTAINVIEW CT D, Columbus, OH, 43232",1946,FOUNTAINVIEW CT,D,Columbus,OH,43232,39.9396986,-82.8338887,RESIDENTIAL,census_geocoder,auditor_street (11/12 dwelling),Non_Exact
"718 LITTLE BROOK WAY, Columbus, OH, 43232",718,LITTLE BROOK WAY,,Columbus,OH,43232,39.9445072,-82.8413743,RESIDENTIAL,census_geocoder,auditor_street (30/31 dwelling),Non_Exact
"5916 CHATFORD DR G, Columbus, OH, 43232",5916,CHATFORD DR,G,Columbus,OH,43232,39.9337853,-82.8344084,RESIDENTIAL,census_geocoder,auditor_street (14/20 dwelling),Non_Exact
"5881 MORRISSEY ST, Columbus, OH, 43232",5881,MORRISSEY ST,,Columbus,OH,43232,39.9137579,-82.83866,RESIDENTIAL,census_geocoder,auditor_street (22/22 dwelling),Exact
"2023 BAIRSFORD DR 2G, Columbus, OH, 43232",2023,BAIRSFORD DR,2G,Columbus,OH,43232,39.9365485,-82.8467791,RESIDENTIAL,census_geocoder,auditor_street (23/27 dwelling),Non_Exact
"5718 SARANAC DR, Columbus, OH, 43232",5718,SARANAC DR,,Columbus,OH,43232,39.9413107,-82.8417544,RESIDENTIAL,census_geocoder,auditor_street (23/31 dwelling),Exact
"2344 TEMPEST DR, Columbus, OH, 43232",2344,TEMPEST DR,,Columbus,OH,43232,39.9252374,-82.8929649,RESIDENTIAL,census_geocoder,auditor_street (17/17 dwelling),Exact
"5858 CHATFORD DR G, Columbus, OH, 43232",5858,CHATFORD DR,G,Columbus,OH,43232,39.9341324,-82.8363873,RESIDENTIAL,census_geocoder,auditor_street (14/20 dwelling),Non_Exact
"1877 BAIRSFORD DR, Columbus, OH, 43232",1877,BAIRSFORD DR,,Columbus,OH,43232,39.9398875,-82.8466443,RESIDENTIAL,census_geocoder,auditor_street (23/27 dwelling),Exact
"894 LITTLE BROOK WAY, Columbus, OH, 43232",894,LITTLE BROOK WAY,,Columbus,OH,43232,39.9445072,-82.8413743,RESIDENTIAL,census_geocoder,auditor_street (30/31 dwelling),Non_Exact
"2515 COURTRIGHT RD, Columbus, OH, 43232",2515,COURTRIGHT RD,,Columbus,OH,43232,39.9213937,-82.8979637,RESIDENTIAL,census_geocoder,auditor_street (96/137 dwelling),Exact
"2167 S JAMES RD, Columbus, OH, 43232",2167,S JAMES RD,,Columbus,OH,43232,39.9269374,-82.9182297,RESIDENTIAL,census_geocoder,auditor_street (351/451 dwelling),Exact
"5740 MOUZON DR, Columbus, OH, 43232",5740,MOUZON DR,,Columbus,OH,43232,39.9090221,-82.8418678,RESIDENTIAL,census_geocoder,auditor_street (47/53 dwelling),Exact
"1986 FOUNTAINVIEW CT A, Columbus, OH, 43232",1986,FOUNTAINVIEW CT,A,Columbus,OH,43232,39.9392481,-82.8350074,RESIDENTIAL,census_geocoder,auditor_street (11/12 dwelling),Non_Exact
"2129 COURTRIGHT RD, Columbus, OH, 43232",2129,COURTRIGHT RD,,Columbus,OH,43232,39.9287812,-82.8986381,RESIDENTIAL,census_geocoder,auditor_street (96/137 dwelling),Exact
"2684 NATALIA DR CATV, Columbus, OH, 43232",2684,NATALIA DR,CATV,Columbus,OH,43232,39.9185509,-82.8876293,RESIDENTIAL,census_geocoder,auditor_street (20/20 dwelling),Non_Exact
"2295 COURTRIGHT RD, Columbus, OH, 43232",2295,COURTRIGHT RD,,Columbus,OH,43232,39.9252624,-82.8990882,RESIDENTIAL,census_geocoder,auditor_street (96/137 dwelling),Exact
"5895 LITTLE BROOK WAY, Columbus, OH, 43232",5895,LITTLE BROOK WAY,,Columbus,OH,43232,39.9451287,-82.8418581,RESIDENTIAL,census_geocoder,auditor_street (30/31 dwelling),Exact
"2783 BARROWS RD, Columbus, OH, 43232",2783,BARROWS RD,,Columbus,OH,43232,39.9220714,-82.8431793,RESIDENTIAL,census_geocoder,auditor_street (37/40 dwelling),Exact
"3750 WESTPOINT DR UNIT 3, Columbus, OH, 43232",3750,WESTPOINT DR,UNIT 3,Columbus,OH,43232,39.9188334,-82.8955615,RESIDENTIAL,census_geocoder,auditor_street (15/16 dwelling),Exact
"886 LITTLE BROOK WAY, Columbus, OH, 43232",886,LITTLE BROOK WAY,,Columbus,OH,43232,39.9445072,-82.8413743,RESIDENTIAL,census_geocoder,auditor_street (30/31 dwelling),Non_Exact
"5730 SARANAC DR, Columbus, OH, 43232",5730,SARANAC DR,,Columbus,OH,43232,39.9414426,-82.8417336,RESIDENTIAL,census_geocoder,auditor_street (23/31 dwelling),Exact
"2464 COURTRIGHT RD, Columbus, OH, 43232",2464,COURTRIGHT RD,,Columbus,OH,43232,39.9224087,-82.8977167,RESIDENTIAL,census_geocoder,auditor_street (96/137 dwelling),Exact
"2472 NOE-BIXBY RD, Columbus, OH, 43232",2472,NOE-BIXBY RD,,Columbus,OH,43232,39.9259116,-82.8642986,RESIDENTIAL,census_geocoder,auditor_street (242/328 dwelling),Exact
"3756 WESTPOINT DR UNIT 3, Columbus, OH, 43232",3756,WESTPOINT DR,UNIT 3,Columbus,OH,43232,39.9188826,-82.8954014,RESIDENTIAL,census_geocoder,auditor_street (15/16 dwelling),Exact
"1760 BAIRSFORD DR, Columbus, OH, 43232",1760,BAIRSFORD DR,,Columbus,OH,43232,39.9424366,-82.843536,RESIDENTIAL,census_geocoder,auditor_street (23/27 dwelling),Exact
"5850 CHATFORD DR, Columbus, OH, 43232",5850,CHATFORD DR,,Columbus,OH,43232,39.9339542,-82.8358592,RESIDENTIAL,census_geocoder,auditor_street (14/20 dwelling),Exact
"2023 BAIRSFORD DR 2D, Columbus, OH, 43232",2023,BAIRSFORD DR,2D,Columbus,OH,43232,39.9365205,-82.8469251,RESIDENTIAL,census_geocoder,auditor_street (23/27 dwelling),Non_Exact
"1879 FOUNTAINVIEW CT I, Columbus, OH, 43232",1879,FOUNTAINVIEW CT,I,Columbus,OH,43232,39.9409806,-82.8350963,RESIDENTIAL,census_geocoder,auditor_street (11/12 dwelling),Non_Exact
"766 LITTLE BROOK WAY, Columbus, OH, 43232",766,LITTLE BROOK WAY,,Columbus,OH,43232,39.9445072,-82.8413743,RESIDENTIAL,census_geocoder,auditor_street (30/31 dwelling),Non_Exact
"5884 CHATFORD DR E, Columbus, OH, 43232",5884,CHATFORD DR,E,Columbus,OH,43232,39.9340304,-82.8353861,RESIDENTIAL,census_geocoder,auditor_street (14/20 dwelling),Non_Exact
"5822 CHATFORD DR E, Columbus, OH, 43232",5822,CHATFORD DR,E,Columbus,OH,43232,39.934204,-82.8374726,RESIDENTIAL,census_geocoder,auditor_street (14/20 dwelling),Non_Exact
"2023 BAIRSFORD DR 2F, Columbus, OH, 43232",2023,BAIRSFORD DR,2F,Columbus,OH,43232,39.9365436,-82.8468261,RESIDENTIAL,census_geocoder,auditor_street (23/27 dwelling),Non_Exact
"1972 FOUNTAINVIEW CT, Columbus, OH, 43232",1972,FOUNTAINVIEW CT,,Columbus,OH,43232,39.9393807,-82.8342057,RESIDENTIAL,census_geocoder,auditor_street (11/12 dwelling),Exact
"1863 BAIRSFORD DR, Columbus, OH, 43232",1863,BAIRSFORD DR,,Columbus,OH,43232,39.9400485,-82.8461648,RESIDENTIAL,census_geocoder,auditor_street (23/27 dwelling),Exact
"3760 WESTPOINT DR UNIT 5, Columbus, OH, 43232",3760,WESTPOINT DR,UNIT 5,Columbus,OH,43232,39.9189601,-82.8952655,RESIDENTIAL,census_geocoder,auditor_street (15/16 dwelling),Exact
"1979 FOUNTAINVIEW CT, Columbus, OH, 43232",1979,FOUNTAINVIEW CT,,Columbus,OH,43232,39.9394006,-82.8358784,RESIDENTIAL,census_geocoder,auditor_street (11/12 dwelling),Exact
"1896 FOUNTAINVIEW CT, Columbus, OH, 43232",1896,FOUNTAINVIEW CT,,Columbus,OH,43232,39.9406628,-82.8341441,RESIDENTIAL,census_geocoder,auditor_street (11/12 dwelling),Exact
"5944 LITTLE BROOK WAY, Columbus, OH, 43232",5944,LITTLE BROOK WAY,,Columbus,OH,43232,39.9447741,-82.8406101,RESIDENTIAL,census_geocoder,auditor_street (30/31 dwelling),Exact
"898 LITTLE BROOK WAY, Columbus, OH, 43232",898,LITTLE BROOK WAY,,Columbus,OH,43232,39.9445072,-82.8413743,RESIDENTIAL,census_geocoder,auditor_street (30/31 dwelling),Non_Exact
"5840 CHATFORD DR B, Columbus, OH, 43232",5840,CHATFORD DR,B,Columbus,OH,43232,39.9341979,-82.8369842,RESIDENTIAL,census_geocoder,auditor_street (14/20 dwelling),Non_Exact
"1945 BAIRSFORD DR, Columbus, OH, 43232",1945,BAIRSFORD DR,,Columbus,OH,43232,39.9383011,-82.8467593,RESIDENTIAL,census_geocoder,auditor_street (23/27 dwelling),Exact
"2996 HINSEL DR, Columbus, OH, 43232",2996,HINSEL DR,,Columbus,OH,43232,39.9192022,-82.8356168,RESIDENTIAL,census_geocoder,auditor_street (17/17 dwelling),Exact
"1735 SUNAPPLE WAY, Columbus, OH, 43232",1735,SUNAPPLE WAY,,Columbus,OH,43232,39.9452033,-82.8436638,RESIDENTIAL,census_geocoder,auditor_street (52/52 dwelling),Exact
"3567 DELPORT WAY, Columbus, OH, 43232",3567,DELPORT WAY,,Columbus,OH,43232,39.908879,-82.8998925,RESIDENTIAL,census_geocoder,auditor_street (10/10 dwelling),Exact
"1811 MISTY WAY, Columbus, OH, 43232",1811,MISTY WAY,,Columbus,OH,43232,39.9440121,-82.8388716,RESIDENTIAL,census_geocoder,auditor_street (47/47 dwelling),Exact
"5982 LITTLE BROOK WAY, Columbus, OH, 43232",5982,LITTLE BROOK WAY,,Columbus,OH,43232,39.9445,-82.8397284,RESIDENTIAL,census_geocoder,auditor_street (30/31 dwelling),Exact
"5740 SARANAC DR, Columbus, OH, 43232",5740,SARANAC DR,,Columbus,OH,43232,39.9416242,-82.8415883,RESIDENTIAL,census_geocoder,auditor_street (23/31 dwelling),Exact
"2815 BARROWS RD, Columbus, OH, 43232",2815,BARROWS RD,,Columbus,OH,43232,39.9215335,-82.843235,RESIDENTIAL,census_geocoder,auditor_street (37/40 dwelling),Exact
"4828 HANOVER HILL CT, Columbus, OH, 43232",4828,HANOVER HILL CT,,Columbus,OH,43232,39.9128827,-82.8667866,RESIDENTIAL,census_geocoder,auditor_street (18/18 dwelling),Exact
"5826 HIDDEN TRAIL WAY, Columbus, OH, 43232",5826,HIDDEN TRAIL WAY,,Columbus,OH,43232,39.9103494,-82.8387178,RESIDENTIAL,census_geocoder,auditor_street (13/14 dwelling),Exact
"1580 LONSDALE RD, Columbus, OH, 43232",1580,LONSDALE RD,,Columbus,OH,43232,39.9454083,-82.8492912,RESIDENTIAL,census_geocoder,auditor_street (54/64 dwelling),Exact
"1751 LONSDALE RD, Columbus, OH, 43232",1751,LONSDALE RD,,Columbus,OH,43232,39.9417742,-82.8508993,RESIDENTIAL,census_geocoder,auditor_street (54/64 dwelling),Exact
"5840 CHATFORD DR, Columbus, OH, 43232",5840,CHATFORD DR,,Columbus,OH,43232,39.9341111,-82.8368839,RESIDENTIAL,census_geocoder,auditor_street (14/20 dwelling),Exact
"2664 DENMARK RD, Columbus, OH, 43232",2664,DENMARK RD,,Columbus,OH,43232,39.9241768,-82.8514503,RESIDENTIAL,census_geocoder,auditor_street (50/50 dwelling),Exact
"1813 BAIRSFORD DR 1N, Columbus, OH, 43232",1813,BAIRSFORD DR,1N,Columbus,OH,43232,39.9410533,-82.8458506,RESIDENTIAL,census_geocoder,auditor_street (23/27 dwelling),Non_Exact
"2299 COURTRIGHT RD, Columbus, OH, 43232",2299,COURTRIGHT RD,,Columbus,OH,43232,39.9251636,-82.8990983,RESIDENTIAL,census_geocoder,auditor_street (96/137 dwelling),Exact
"1622 NOE-BIXBY RD D, Columbus, OH, 43232",1622,NOE-BIXBY RD,D,Columbus,OH,43232,39.9441126,-82.8532821,RESIDENTIAL,census_geocoder,auditor_street (242/328 dwelling),Non_Exact
"5946 ABERNATHY LN, Columbus, OH, 43232",5946,ABERNATHY LN,,Columbus,OH,43232,39.914768,-82.8368111,RESIDENTIAL,census_geocoder,auditor_street (18/18 dwelling),Exact
"5888 CHATFORD DR A, Columbus, OH, 43232",5888,CHATFORD DR,A,Columbus,OH,43232,39.9341433,-82.8352586,RESIDENTIAL,census_geocoder,auditor_street (14/20 dwelling),Non_Exact
"1811 BAIRSFORD DR, Columbus, OH, 43232",1811,BAIRSFORD DR,,Columbus,OH,43232,39.9410045,-82.8451189,RESIDENTIAL,census_geocoder,auditor_street (23/27 dwelling),Exact
"2222 GLENBROOK DR, Columbus, OH, 43232",2222,GLENBROOK DR,,Columbus,OH,43232,39.9265629,-82.9057782,RESIDENTIAL,census_geocoder,auditor_street (39/39 dwelling),Exact
"5846 CHATFORD DR F, Columbus, OH, 43232",5846,CHATFORD DR,F,Columbus,OH,43232,39.9341438,-82.8367237,RESIDENTIAL,census_geocoder,auditor_street (14/20 dwelling),Non_Exact
"2141 COURTRIGHT RD, Columbus, OH, 43232",2141,COURTRIGHT RD,,Columbus,OH,43232,39.928444,-82.8988341,RESIDENTIAL,census_geocoder,auditor_street (96/137 dwelling),Exact
"5896 CHATFORD DR I, Columbus, OH, 43232",5896,CHATFORD DR,I,Columbus,OH,43232,39.9342285,-82.8348307,RESIDENTIAL,census_geocoder,auditor_street (14/20 dwelling),Non_Exact
"2945 REMINGTON RIDGE RD, Columbus, OH, 43232",2945,REMINGTON RIDGE RD,,Columbus,OH,43232,39.9136209,-82.9020445,RESIDENTIAL,census_geocoder,auditor_street (51/51 dwelling),Exact
"5770 SARANAC DR, Columbus, OH, 43232",5770,SARANAC DR,,Columbus,OH,43232,39.9415707,-82.8401614,RESIDENTIAL,census_geocoder,auditor_street (23/31 dwelling),Exact
"2085 WORCESTER DR, Columbus, OH, 43232",2085,WORCESTER DR,,Columbus,OH,43232,39.935344,-82.8441143,RESIDENTIAL,census_geocoder,auditor_street (24/25 dwelling),Non_Exact
"1699 LONSDALE RD, Columbus, OH, 43232",1699,LONSDALE RD,,Columbus,OH,43232,39.9427941,-82.8504386,RESIDENTIAL,census_geocoder,auditor_street (54/64 dwelling),Exact
"2974 THORNELL WAY, Columbus, OH, 43232",2974,THORNELL WAY,,Columbus,OH,43232,39.9181188,-82.8466138,RESIDENTIAL,census_geocoder,auditor_street (10/10 dwelling),Exact
"2478 NOE-BIXBY RD, Columbus, OH, 43232",2478,NOE-BIXBY RD,,Columbus,OH,43232,39.9257435,-82.8642577,RESIDENTIAL,census_geocoder,auditor_street (242/328 dwelling),Exact
"3265 EDINWICK WAY, Columbus, OH, 43232",3265,EDINWICK WAY,,Columbus,OH,43232,39.9144509,-82.838409,RESIDENTIAL,census_geocoder,auditor_street (8/8 dwelling),Exact
"1821 MISTY WAY, Columbus, OH, 43232",1821,MISTY WAY,,Columbus,OH,43232,39.9438711,-82.8392276,RESIDENTIAL,census_geocoder,auditor_street (47/47 dwelling),Exact
"5906 CHATFORD DR, Columbus, OH, 43232",5906,CHATFORD DR,,Columbus,OH,43232,39.9339542,-82.8358592,RESIDENTIAL,census_geocoder,auditor_street (14/20 dwelling),Exact
"6060 ROSELAWN AVE, Columbus, OH, 43232",6060,ROSELAWN AVE,,Columbus,OH,43232,39.9466293,-82.8317939,RESIDENTIAL,census_geocoder,auditor_street (81/103 dwelling),Exact
"1932 NOE-BIXBY RD, Columbus, OH, 43232",1932,NOE-BIXBY RD,,Columbus,OH,43232,39.9368638,-82.8618606,RESIDENTIAL,census_geocoder,auditor_street (242/328 dwelling),Exact
"5985 LITTLE BROOK WAY, Columbus, OH, 43232",5985,LITTLE BROOK WAY,,Columbus,OH,43232,39.9441077,-82.8397945,RESIDENTIAL,census_geocoder,auditor_street (30/31 dwelling),Exact
"5551 CHATFORD DR D, Columbus, OH, 43232",5551,CHATFORD DR,D,Columbus,OH,43232,39.9345187,-82.8454217,RESIDENTIAL,census_geocoder,auditor_street (14/20 dwelling),Non_Exact
"1946 FOUNTAINVIEW CT B, Columbus, OH, 43232",1946,FOUNTAINVIEW CT,B,Columbus,OH,43232,39.9396662,-82.8338458,RESIDENTIAL,census_geocoder,auditor_street (11/12 dwelling),Non_Exact
"1886 NOE-BIXBY RD, Columbus, OH, 43232",1886,NOE-BIXBY RD,,Columbus,OH,43232,39.9379645,-82.8618174,RESIDENTIAL,census_geocoder,auditor_street (242/328 dwelling),Exact
"2499 COURTRIGHT RD, Columbus, OH, 43232",2499,COURTRIGHT RD,,Columbus,OH,43232,39.9216806,-82.8976646,RESIDENTIAL,census_geocoder,auditor_street (96/137 dwelling),Exact
"2450 COURTRIGHT RD, Columbus, OH, 43232",2450,COURTRIGHT RD,,Columbus,OH,43232,39.9226347,-82.8980846,RESIDENTIAL,census_geocoder,auditor_street (96/137 dwelling),Exact
"1897 BAIRSFORD DR, Columbus, OH, 43232",1897,BAIRSFORD DR,,Columbus,OH,43232,39.9393521,-82.8465994,RESIDENTIAL,census_geocoder,auditor_street (23/27 dwelling),Exact
"2215 COURTRIGHT RD, Columbus, OH, 43232",2215,COURTRIGHT RD,,Columbus,OH,43232,39.9270075,-82.8990481,RESIDENTIAL,census_geocoder,auditor_street (96/137 dwelling),Exact
"1763 SUNAPPLE WAY, Columbus, OH, 43232",1763,SUNAPPLE WAY,,Columbus,OH,43232,39.9445337,-82.8435998,RESIDENTIAL,census_geocoder,auditor_street (52/52 dwelling),Exact
"1864 MISTY WAY, Columbus, OH, 43232",1864,MISTY WAY,,Columbus,OH,43232,39.943369,-82.8381873,RESIDENTIAL,census_geocoder,auditor_street (47/47 dwelling),Exact
"3663 MATHENA WAY, Columbus, OH, 43232",3663,MATHENA WAY,,Columbus,OH,43232,39.9122067,-82.9005319,RESIDENTIAL,census_geocoder,auditor_street (15/15 dwelling),Exact
"5539 CHATFORD DR, Columbus, OH, 43232",5539,CHATFORD DR,,Columbus,OH,43232,39.9348233,-82.8452173,RESIDENTIAL,census_geocoder,auditor_street (14/20 dwelling),Exact
"2015 BAIRSFORD DR, Columbus, OH, 43232",2015,BAIRSFORD DR,,Columbus,OH,43232,39.9370443,-82.8469399,RESIDENTIAL,census_geocoder,auditor_street (23/27 dwelling),Exact
"1811 BAIRSFORD DR 1L, Columbus, OH, 43232",1811,BAIRSFORD DR,1L,Columbus,OH,43232,39.9412569,-82.8455575,RESIDENTIAL,census_geocoder,auditor_street (23/27 dwelling),Non_Exact
"1822 MISTY WAY, Columbus, OH, 43232",1822,MISTY WAY,,Columbus,OH,43232,39.9435733,-82.838939,RESIDENTIAL,census_geocoder,auditor_street (47/47 dwelling),Exact
"1610 NOE-BIXBY RD B, Columbus, OH, 43232",1610,NOE-BIXBY RD,B,Columbus,OH,43232,39.9444018,-82.8532649,RESIDENTIAL,census_geocoder,auditor_street (242/328 dwelling),Non_Exact
"3774 WESTPOINT DR 3, Columbus, OH, 43232",3774,WESTPOINT DR,3,Columbus,OH,43232,39.9191691,-82.8948669,RESIDENTIAL,census_geocoder,auditor_street (15/16 dwelling),Non_Exact
"5984 LITTLE BROOK WAY, Columbus, OH, 43232",5984,LITTLE BROOK WAY,,Columbus,OH,43232,39.9444688,-82.8396511,RESIDENTIAL,census_geocoder,auditor_street (30/31 dwelling),Exact
"5944 ABERNATHY LN, Columbus, OH, 43232",5944,ABERNATHY LN,,Columbus,OH,43232,39.9147731,-82.8369252,RESIDENTIAL,census_geocoder,auditor_street (18/18 dwelling),Exact
"1811 BAIRSFORD DR 1J, Columbus, OH, 43232",1811,BAIRSFORD DR,1J,Columbus,OH,43232,39.9412018,-82.8454837,RESIDENTIAL,census_geocoder,auditor_street (23/27 dwelling),Non_Exact
"5553 CHATFORD DR D, Columbus, OH, 43232",5553,CHATFORD DR,D,Columbus,OH,43232,39.93442,-82.8448318,RESIDENTIAL,census_geocoder,auditor_street (14/20 dwelling),Non_Exact
"798 LITTLE BROOK WAY, Columbus, OH, 43232",798,LITTLE BROOK WAY,,Columbus,OH,43232,39.9445072,-82.8413743,RESIDENTIAL,census_geocoder,auditor_street (30/31 dwelling),Non_Exact
"1948 FOUNTAINVIEW CT I, Columbus, OH, 43232",1948,FOUNTAINVIEW CT,I,Columbus,OH,43232,39.9396062,-82.8337966,RESIDENTIAL,census_geocoder,auditor_street (11/12 dwelling),Non_Exact
"3266 EDINWICK WAY, Columbus, OH, 43232",3266,EDINWICK WAY,,Columbus,OH,43232,39.9144229,-82.8379616,RESIDENTIAL,census_geocoder,auditor_street (8/8 dwelling),Exact
"3756 WESTPOINT DR UNIT 6, Columbus, OH, 43232",3756,WESTPOINT DR,UNIT 6,Columbus,OH,43232,39.9189392,-82.895324,RESIDENTIAL,census_geocoder,auditor_street (15/16 dwelling),Exact
"5913 HALLWORTH AVE B, Columbus, OH, 43232",5913,HALLWORTH AVE,B,Columbus,OH,43232,39.9457822,-82.8400144,RESIDENTIAL,census_geocoder,auditor_street (16/16 dwelling),Non_Exact
"1773 SUNAPPLE WAY, Columbus, OH, 43232",1773,SUNAPPLE WAY,,Columbus,OH,43232,39.9441381,-82.8437049,RESIDENTIAL,census_geocoder,auditor_street (52/52 dwelling),Exact
"1610 NOE-BIXBY RD E, Columbus, OH, 43232",1610,NOE-BIXBY RD,E,Columbus,OH,43232,39.9445345,-82.8532554,RESIDENTIAL,census_geocoder,auditor_street (242/328 dwelling),Non_Exact
"5828 CHATFORD DR E, Columbus, OH, 43232",5828,CHATFORD DR,E,Columbus,OH,43232,39.9341867,-82.837279,RESIDENTIAL,census_geocoder,auditor_street (14/20 dwelling),Non_Exact
"1737 LONSDALE RD B, Columbus, OH, 43232",1737,LONSDALE RD,B,Columbus,OH,43232,39.942103,-82.8507744,RESIDENTIAL,census_geocoder,auditor_street (54/64 dwelling),Non_Exact
"5983 ABERNATHY LN, Columbus, OH, 43232",5983,ABERNATHY LN,,Columbus,OH,43232,39.9143566,-82.8358922,RESIDENTIAL,census_geocoder,auditor_street (18/18 dwelling),Exact
"1922 NOE-BIXBY RD, Columbus, OH, 43232",1922,NOE-BIXBY RD,,Columbus,OH,43232,39.9371123,-82.8618563,RESIDENTIAL,census_geocoder,auditor_street (242/328 dwelling),Exact
"5864 JACQUELINE CT, Columbus, OH, 43232",5864,JACQUELINE CT,,Columbus,OH,43232,39.9469063,-82.8424025,RESIDENTIAL,census_geocoder,auditor_street (17/17 dwelling),Exact
"3730 WESTPOINT DR UNIT 5, Columbus, OH, 43232",3730,WESTPOINT DR,UNIT 5,Columbus,OH,43232,39.9187988,-82.8960381,RESIDENTIAL,census_geocoder,auditor_street (15/16 dwelling),Exact
"3444 WINCHESTER BEND DR, Columbus, OH, 43232",3444,WINCHESTER BEND DR,,Columbus,OH,43232,39.9026775,-82.8908103,RESIDENTIAL,census_geocoder,auditor_street (88/89 dwelling),Exact
"5882 CHATFORD DR, Columbus, OH, 43232",5882,CHATFORD DR,,Columbus,OH,43232,39.9339542,-82.8358592,RESIDENTIAL,census_geocoder,auditor_street (14/20 dwelling),Exact
"5852 CHATFORD DR B, Columbus, OH, 43232",5852,CHATFORD DR,B,Columbus,OH,43232,39.9341291,-82.8366146,RESIDENTIAL,census_geocoder,auditor_street (14/20 dwelling),Non_Exact
"3718 WESTPOINT DR UNIT 6, Columbus, OH, 43232",3718,WESTPOINT DR,UNIT 6,Columbus,OH,43232,39.9188022,-82.8963041,RESIDENTIAL,census_geocoder,auditor_street (15/16 dwelling),Exact
"746 LITTLE BROOK WAY, Columbus, OH, 43232",746,LITTLE BROOK WAY,,Columbus,OH,43232,39.9445072,-82.8413743,RESIDENTIAL,census_geocoder,auditor_street (30/31 dwelling),Non_Exact
"2281 COURTRIGHT RD, Columbus, OH, 43232",2281,COURTRIGHT RD,,Columbus,OH,43232,39.9256249,-82.8990582,RESIDENTIAL,census_geocoder,auditor_street (96/137 dwelling),Exact
"2146 COURTRIGHT RD, Columbus, OH, 43232",2146,COURTRIGHT RD,,Columbus,OH,43232,39.9286901,-82.8977886,RESIDENTIAL,census_geocoder,auditor_street (96/137 dwelling),Exact
"1960 FOUNTAINVIEW CT, Columbus, OH, 43232",1960,FOUNTAINVIEW CT,,Columbus,OH,43232,39.9393729,-82.8340559,RESIDENTIAL,census_geocoder,auditor_street (11/12 dwelling),Exact
"1775 SUNAPPLE WAY, Columbus, OH, 43232",1775,SUNAPPLE WAY,,Columbus,OH,43232,39.9441384,-82.8436086,RESIDENTIAL,census_geocoder,auditor_street (52/52 dwelling),Exact
"5864 CHATFORD DR B, Columbus, OH, 43232",5864,CHATFORD DR,B,Columbus,OH,43232,39.9341269,-82.836218,RESIDENTIAL,census_geocoder,auditor_street (14/20 dwelling),Non_Exact
"3474 WESTPOINT DR, Columbus, OH, 43232",3474,WESTPOINT DR,,Columbus,OH,43232,39.9190484,-82.9039332,RESIDENTIAL,census_geocoder,auditor_street (15/16 dwelling),Exact
"1813 BAIRSFORD DR 2J, Columbus, OH, 43232",1813,BAIRSFORD DR,2J,Columbus,OH,43232,39.941023,-82.8456013,RESIDENTIAL,census_geocoder,auditor_street (23/27 dwelling),Non_Exact
"1944 FOUNTAINVIEW CT C, Columbus, OH, 43232",1944,FOUNTAINVIEW CT,C,Columbus,OH,43232,39.9399439,-82.8337622,RESIDENTIAL,census_geocoder,auditor_street (11/12 dwelling),Non_Exact
"1751 LONSDALE RD C, Columbus, OH, 43232",1751,LONSDALE RD,C,Columbus,OH,43232,39.9417385,-82.8509022,RESIDENTIAL,census_geocoder,auditor_street (54/64 dwelling),Non_Exact
"1882 NOE-BIXBY RD, Columbus, OH, 43232",1882,NOE-BIXBY RD,,Columbus,OH,43232,39.938059,-82.8618118,RESIDENTIAL,census_geocoder,auditor_street (242/328 dwelling),Exact
"5856 JACQUELINE CT, Columbus, OH, 43232",5856,JACQUELINE CT,,Columbus,OH,43232,39.9471398,-82.8423573,RESIDENTIAL,census_geocoder,auditor_street (17/17 dwelling),Exact
"1843 BAIRSFORD DR, Columbus, OH, 43232",1843,BAIRSFORD DR,,Columbus,OH,43232,39.940518,-82.8461692,RESIDENTIAL,census_geocoder,auditor_street (23/27 dwelling),Exact
"2117 COURTRIGHT RD, Columbus, OH, 43232",2117,COURTRIGHT RD,,Columbus,OH,43232,39.9291045,-82.8987712,RESIDENTIAL,census_geocoder,auditor_street (96/137 dwelling),Exact
"1813 BAIRSFORD DR 1B, Columbus, OH, 43232",1813,BAIRSFORD DR,1B,Columbus,OH,43232,39.9407764,-82.8455118,RESIDENTIAL,census_geocoder,auditor_street (23/27 dwelling),Non_Exact
"1984 FOUNTAINVIEW CT A, Columbus, OH, 43232",1984,FOUNTAINVIEW CT,A,Columbus,OH,43232,39.9393134,-82.8348955,RESIDENTIAL,census_geocoder,auditor_street (11/12 dwelling),Non_Exact
"5846 CHATFORD DR, Columbus, OH, 43232",5846,CHATFORD DR,,Columbus,OH,43232,39.9341108,-82.8367836,RESIDENTIAL,census_geocoder,auditor_street (14/20 dwelling),Exact
"1929 BAIRSFORD DR, Columbus, OH, 43232",1929,BAIRSFORD DR,,Columbus,OH,43232,39.9387522,-82.846857,RESIDENTIAL,census_geocoder,auditor_street (23/27 dwelling),Exact
"5662 SARANAC DR, Columbus, OH, 43232",5662,SARANAC DR,,Columbus,OH,43232,39.941543,-82.8430786,RESIDENTIAL,census_geocoder,auditor_street (23/31 dwelling),Exact
"1834 NOE-BIXBY RD, Columbus, OH, 43232",1834,NOE-BIXBY RD,,Columbus,OH,43232,39.939203,-82.8608247,RESIDENTIAL,census_geocoder,auditor_street (242/328 dwelling),Exact
"3651 LARKWELL WAY, Columbus, OH, 43232",3651,LARKWELL WAY,,Columbus,OH,43232,39.9100338,-82.9009757,RESIDENTIAL,census_geocoder,auditor_street (5/5 dwelling),Exact
"2145 COURTRIGHT RD, Columbus, OH, 43232",2145,COURTRIGHT RD,,Columbus,OH,43232,39.9283574,-82.8988407,RESIDENTIAL,census_geocoder,auditor_street (96/137 dwelling),Exact
"1913 BAIRSFORD DR, Columbus, OH, 43232",1913,BAIRSFORD DR,,Columbus,OH,43232,39.9389337,-82.8468523,RESIDENTIAL,census_geocoder,auditor_street (23/27 dwelling),Exact
"700 LITTLE BROOK WAY, Columbus, OH, 43232",700,LITTLE BROOK WAY,,Columbus,OH,43232,39.9445072,-82.8413743,RESIDENTIAL,census_geocoder,auditor_street (30/31 dwelling),Non_Exact
"3770 WESTPOINT DR UNIT 6, Columbus, OH, 43232",3770,WESTPOINT DR,UNIT 6,Columbus,OH,43232,39.9191536,-82.8949396,RESIDENTIAL,census_geocoder,auditor_street (15/16 dwelling),Exact
"864 LITTLE BROOK WAY, Columbus, OH, 43232",864,LITTLE BROOK WAY,,Columbus,OH,43232,39.9445072,-82.8413743,RESIDENTIAL,census_geocoder,auditor_street (30/31 dwelling),Non_Exact
"3259 EDINWICK WAY, Columbus, OH, 43232",3259,EDINWICK WAY,,Columbus,OH,43232,39.9144875,-82.838405,RESIDENTIAL,census_geocoder,auditor_street (8/8 dwelling),Exact
"1768 SUNAPPLE WAY, Columbus, OH, 43232",1768,SUNAPPLE WAY,,Columbus,OH,43232,39.944359,-82.8432744,RESIDENTIAL,census_geocoder,auditor_street (52/52 dwelling),Exact
"1692 WOODCREST RD, Columbus, OH, 43232",1692,WOODCREST RD,,Columbus,OH,43232,39.9427258,-82.8533559,RESIDENTIAL,census_geocoder,auditor_street (78/78 dwelling),Exact
"5846 CHATFORD DR B, Columbus, OH, 43232",5846,CHATFORD DR,B,Columbus,OH,43232,39.9341375,-82.8367831,RESIDENTIAL,census_geocoder,auditor_street (14/20 dwelling),Non_Exact
"5884 CHATFORD DR F, Columbus, OH, 43232",5884,CHATFORD DR,F,Columbus,OH,43232,39.9341473,-82.8353167,RESIDENTIAL,census_geocoder,auditor_street (14/20 dwelling),Non_Exact
"5908 CHATFORD DR C, Columbus, OH, 43232",5908,CHATFORD DR,C,Columbus,OH,43232,39.9340986,-82.8342443,RESIDENTIAL,census_geocoder,auditor_street (14/20 dwelling),Non_Exact
"1729 SUNAPPLE WAY, Columbus, OH, 43232",1729,SUNAPPLE WAY,,Columbus,OH,43232,39.9451929,-82.8434747,RESIDENTIAL,census_geocoder,auditor_street (52/52 dwelling),Exact
"5979 LITTLE BROOK WAY, Columbus, OH, 43232",5979,LITTLE BROOK WAY,,Columbus,OH,43232,39.9441963,-82.8399021,RESIDENTIAL,census_geocoder,auditor_street (30/31 dwelling),Exact
"1768 BAIRSFORD DR, Columbus, OH, 43232",1768,BAIRSFORD DR,,Columbus,OH,43232,39.9422113,-82.8435777,RESIDENTIAL,census_geocoder,auditor_street (23/27 dwelling),Exact
"1811 BAIRSFORD DR 2E, Columbus, OH, 43232",1811,BAIRSFORD DR,2E,Columbus,OH,43232,39.9411549,-82.8452063,RESIDENTIAL,census_geocoder,auditor_street (23/27 dwelling),Non_Exact
"1879 FOUNTAINVIEW CT H, Columbus, OH, 43232",1879,FOUNTAINVIEW CT,H,Columbus,OH,43232,39.9409712,-82.8352491,RESIDENTIAL,census_geocoder,auditor_street (11/12 dwelling),Non_Exact
"5876 CHATFORD DR D, Columbus, OH, 43232",5876,CHATFORD DR,D,Columbus,OH,43232,39.9341641,-82.8357522,RESIDENTIAL,census_geocoder,auditor_street (14/20 dwelling),Non_Exact
"1584 LONSDALE RD, Columbus, OH, 43232",1584,LONSDALE RD,,Columbus,OH,43232,39.9453205,-82.8492995,RESIDENTIAL,census_geocoder,auditor_street (54/64 dwelling),Exact
"2961 THORNELL WAY, Columbus, OH, 43232",2961,THORNELL WAY,,Columbus,OH,43232,39.9183825,-82.8471605,RESIDENTIAL,census_geocoder,auditor_street (10/10 dwelling),Exact
"1754 BAIRSFORD DR, Columbus, OH, 43232",1754,BAIRSFORD DR,,Columbus,OH,43232,39.9426287,-82.8435441,RESIDENTIAL,census_geocoder,auditor_street (23/27 dwelling),Exact
"1988 FOUNTAINVIEW CT G, Columbus, OH, 43232",1988,FOUNTAINVIEW CT,G,Columbus,OH,43232,39.9391467,-82.8350697,RESIDENTIAL,census_geocoder,auditor_street (11/12 dwelling),Non_Exact
"2115 COURTRIGHT RD, Columbus, OH, 43232",2115,COURTRIGHT RD,,Columbus,OH,43232,39.9291796,-82.8987675,RESIDENTIAL,census_geocoder,auditor_street (96/137 dwelling),Exact
"1813 BAIRSFORD DR 2H, Columbus, OH, 43232",1813,BAIRSFORD DR,2H,Columbus,OH,43232,39.9409743,-82.8455399,RESIDENTIAL,census_geocoder,auditor_street (23/27 dwelling),Non_Exact
"2519 COURTRIGHT RD, Columbus, OH, 43232",2519,COURTRIGHT RD,,Columbus,OH,43232,39.9213479,-82.8978619,RESIDENTIAL,census_geocoder,auditor_street (96/137 dwelling),Exact
"3525 PETZINGER RD, Columbus, OH, 43232",3525,PETZINGER RD,,Columbus,OH,43232,39.9267778,-82.8996773,RESIDENTIAL,census_geocoder,auditor_street (122/146 dwelling),Exact
"5666 SARANAC DR, Columbus, OH, 43232",5666,SARANAC DR,,Columbus,OH,43232,39.9415707,-82.8429789,RESIDENTIAL,census_geocoder,auditor_street (23/31 dwelling),Exact
"1819 BAIRSFORD DR, Columbus, OH, 43232",1819,BAIRSFORD DR,,Columbus,OH,43232,39.9405857,-82.8458772,RESIDENTIAL,census_geocoder,auditor_street (23/27 dwelling),Exact
"1938 FOUNTAINVIEW CT, Columbus, OH, 43232",1938,FOUNTAINVIEW CT,,Columbus,OH,43232,39.9401228,-82.8338955,RESIDENTIAL,census_geocoder,auditor_street (11/12 dwelling),Exact
"1811 BAIRSFORD DR 2G, Columbus, OH, 43232",1811,BAIRSFORD DR,2G,Columbus,OH,43232,39.9412066,-82.8452701,RESIDENTIAL,census_geocoder,auditor_street (23/27 dwelling),Non_Exact
"3274 MERIDIAN RD, Columbus, OH, 43232",3274,MERIDIAN RD,,Columbus,OH,43232,39.9263404,-82.9054383,RESIDENTIAL,census_geocoder,auditor_street (22/24 dwelling),Exact
"3561 DELPORT WAY, Columbus, OH, 43232",3561,DELPORT WAY,,Columbus,OH,43232,39.9088893,-82.9000815,RESIDENTIAL,census_geocoder,auditor_street (10/10 dwelling),Exact
"1829 MISTY WAY, Columbus, OH, 43232",1829,MISTY WAY,,Columbus,OH,43232,39.9434014,-82.8393216,RESIDENTIAL,census_geocoder,auditor_street (47/47 dwelling),Exact
"5836 CHATFORD DR, Columbus, OH, 43232",5836,CHATFORD DR,,Columbus,OH,43232,39.9339542,-82.8358592,RESIDENTIAL,census_geocoder,auditor_street (14/20 dwelling),Exact
"5972 LITTLE BROOK WAY, Columbus, OH, 43232",5972,LITTLE BROOK WAY,,Columbus,OH,43232,39.9446012,-82.8398227,RESIDENTIAL,census_geocoder,auditor_street (30/31 dwelling),Exact
"5553 CHATFORD DR E, Columbus, OH, 43232",5553,CHATFORD DR,E,Columbus,OH,43232,39.9344819,-82.8448159,RESIDENTIAL,census_geocoder,auditor_street (14/20 dwelling),Non_Exact
"2594 NOE-BIXBY RD C, Columbus, OH, 43232",2594,NOE-BIXBY RD,C,Columbus,OH,43232,39.923381,-82.8639539,RESIDENTIAL,census_geocoder,auditor_street (242/328 dwelling),Non_Exact
"1885 BAIRSFORD DR, Columbus, OH, 43232",1885,BAIRSFORD DR,,Columbus,OH,43232,39.9397632,-82.8466021,RESIDENTIAL,census_geocoder,auditor_street (23/27 dwelling),Exact
"1855 BAIRSFORD DR, Columbus, OH, 43232",1855,BAIRSFORD DR,,Columbus,OH,43232,39.9402905,-82.8466516,RESIDENTIAL,census_geocoder,auditor_street (23/27 dwelling),Exact
"5866 HALLWORTH AVE B, Columbus, OH, 43232",5866,HALLWORTH AVE,B,Columbus,OH,43232,39.9462313,-82.8413434,RESIDENTIAL,census_geocoder,auditor_street (16/16 dwelling),Non_Exact
"744 LITTLE BROOK WAY, Columbus, OH, 43232",744,LITTLE BROOK WAY,,Columbus,OH,43232,39.9445072,-82.8413743,RESIDENTIAL,census_geocoder,auditor_street (30/31 dwelling),Non_Exact
"1831 MISTY WAY, Columbus, OH, 43232",1831,MISTY WAY,,Columbus,OH,43232,39.9433356,-82.8392785,RESIDENTIAL,census_geocoder,auditor_street (47/47 dwelling),Exact
"5846 CHATFORD DR A, Columbus, OH, 43232",5846,CHATFORD DR,A,Columbus,OH,43232,39.934095,-82.8367835,RESIDENTIAL,census_geocoder,auditor_street (14/20 dwelling),Non_Exact
"1988 FOUNTAINVIEW CT C, Columbus, OH, 43232",1988,FOUNTAINVIEW CT,C,Columbus,OH,43232,39.9391646,-82.8351305,RESIDENTIAL,census_geocoder,auditor_street (11/12 dwelling),Non_Exact
"1879 FOUNTAINVIEW CT A, Columbus, OH, 43232",1879,FOUNTAINVIEW CT,A,Columbus,OH,43232,39.9408315,-82.8351123,RESIDENTIAL,census_geocoder,auditor_street (11/12 dwelling),Non_Exact
"1920 FOUNTAINVIEW CT, Columbus, OH, 43232",1920,FOUNTAINVIEW CT,,Columbus,OH,43232,39.9401439,-82.8341773,RESIDENTIAL,census_geocoder,auditor_street (11/12 dwelling),Exact
"2452 COURTRIGHT RD, Columbus, OH, 43232",2452,COURTRIGHT RD,,Columbus,OH,43232,39.9225965,-82.8980058,RESIDENTIAL,census_geocoder,auditor_street (96/137 dwelling),Exact
"2135 COURTRIGHT RD, Columbus, OH, 43232",2135,COURTRIGHT RD,,Columbus,OH,43232,39.9285976,-82.8988238,RESIDENTIAL,census_geocoder,auditor_street (96/137 dwelling),Exact
"1737 LONSDALE RD C, Columbus, OH, 43232",1737,LONSDALE RD,C,Columbus,OH,43232,39.9420935,-82.8507418,RESIDENTIAL,census_geocoder,auditor_street (54/64 dwelling),Non_Exact
"5822 CHATFORD DR D, Columbus, OH, 43232",5822,CHATFORD DR,D,Columbus,OH,43232,39.9342451,-82.8375904,RESIDENTIAL,census_geocoder,auditor_street (14/20 dwelling),Non_Exact
"2009 FOUNTAINVIEW CT, Columbus, OH, 43232",2009,FOUNTAINVIEW CT,,Columbus,OH,43232,39.9390773,-82.8356593,RESIDENTIAL,census_geocoder,auditor_street (11/12 dwelling),Exact
"5782 SARANAC DR, Columbus, OH, 43232",5782,SARANAC DR,,Columbus,OH,43232,39.9415276,-82.8398617,RESIDENTIAL,census_geocoder,auditor_street (23/31 dwelling),Exact
"882 LITTLE BROOK WAY, Columbus, OH, 43232",882,LITTLE BROOK WAY,,Columbus,OH,43232,39.9445072,-82.8413743,RESIDENTIAL,census_geocoder,auditor_street (30/31 dwelling),Non_Exact
"2507 COURTRIGHT RD, Columbus, OH, 43232",2507,COURTRIGHT RD,,Columbus,OH,43232,39.9215711,-82.8973509,RESIDENTIAL,census_geocoder,auditor_street (96/137 dwelling),Exact
"2165 S JAMES RD, Columbus, OH, 43232",2165,S JAMES RD,,Columbus,OH,43232,39.926989,-82.918118,RESIDENTIAL,census_geocoder,auditor_street (351/451 dwelling),Exact
"1855 MISTY WAY, Columbus, OH, 43232",1855,MISTY WAY,,Columbus,OH,43232,39.9429538,-82.8384206,RESIDENTIAL,census_geocoder,auditor_street (47/47 dwelling),Exact
"2219 GARNET PL, Columbus, OH, 43232",2219,GARNET PL,,Columbus,OH,43232,39.9259907,-82.9076463,RESIDENTIAL,census_geocoder,auditor_street (6/7 dwelling),Exact
"1610 NOE-BIXBY RD H, Columbus, OH, 43232",1610,NOE-BIXBY RD,H,Columbus,OH,43232,39.9444802,-82.8532914,RESIDENTIAL,census_geocoder,auditor_street (242/328 dwelling),Non_Exact
"2215 GARNET PL, Columbus, OH, 43232",2215,GARNET PL,,Columbus,OH,43232,39.9259933,-82.9076891,RESIDENTIAL,census_geocoder,auditor_street (6/7 dwelling),Exact
"2012 BAIRSFORD DR, Columbus, OH, 43232",2012,BAIRSFORD DR,,Columbus,OH,43232,39.9369382,-82.8462369,RESIDENTIAL,census_geocoder,auditor_street (23/27 dwelling),Exact
"1939 BAIRSFORD DR, Columbus, OH, 43232",1939,BAIRSFORD DR,,Columbus,OH,43232,39.9384557,-82.8467558,RESIDENTIAL,census_geocoder,auditor_street (23/27 dwelling),Exact
"1897 FOUNTAINVIEW CT, Columbus, OH, 43232",1897,FOUNTAINVIEW CT,,Columbus,OH,43232,39.9403448,-82.8349736,RESIDENTIAL,census_geocoder,auditor_street (11/12 dwelling),Exact
"794 LITTLE BROOK WAY, Columbus, OH, 43232",794,LITTLE BROOK WAY,,Columbus,OH,43232,39.9445072,-82.8413743,RESIDENTIAL,census_geocoder,auditor_street (30/31 dwelling),Non_Exact
"1850 MISTY WAY, Columbus, OH, 43232",1850,MISTY WAY,,Columbus,OH,43232,39.9433509,-82.8387543,RESIDENTIAL,census_geocoder,auditor_street (47/47 dwelling),Exact
"1839 MISTY WAY, Columbus, OH, 43232",1839,MISTY WAY,,Columbus,OH,43232,39.9430973,-82.8390954,RESIDENTIAL,census_geocoder,auditor_street (47/47 dwelling),Exact
"1742 SUNAPPLE WAY, Columbus, OH, 43232",1742,SUNAPPLE WAY,,Columbus,OH,43232,39.9449882,-82.8430742,RESIDENTIAL,census_geocoder,auditor_street (52/52 dwelling),Exact
"1988 FOUNTAINVIEW CT F, Columbus, OH, 43232",1988,FOUNTAINVIEW CT,F,Columbus,OH,43232,39.939194,-82.8351084,RESIDENTIAL,census_geocoder,auditor_street (11/12 dwelling),Non_Exact
"1753 SUNAPPLE WAY, Columbus, OH, 43232",1753,SUNAPPLE WAY,,Columbus,OH,43232,39.9447864,-82.8435476,RESIDENTIAL,census_geocoder,auditor_street (52/52 dwelling),Exact
"1877 FOUNTAINVIEW CT D, Columbus, OH, 43232",1877,FOUNTAINVIEW CT,D,Columbus,OH,43232,39.9410333,-82.8350531,RESIDENTIAL,census_geocoder,auditor_street (11/12 dwelling),Non_Exact
"3756 WESTPOINT DR UNIT 5, Columbus, OH, 43232",3756,WESTPOINT DR,UNIT 5,Columbus,OH,43232,39.918907,-82.8954139,RESIDENTIAL,census_geocoder,auditor_street (15/16 dwelling),Exact
"1986 FOUNTAINVIEW CT C, Columbus, OH, 43232",1986,FOUNTAINVIEW CT,C,Columbus,OH,43232,39.9391857,-82.8349678,RESIDENTIAL,census_geocoder,auditor_street (11/12 dwelling),Non_Exact
"1738 SUNAPPLE WAY, Columbus, OH, 43232",1738,SUNAPPLE WAY,,Columbus,OH,43232,39.9451539,-82.8427327,RESIDENTIAL,census_geocoder,auditor_street (52/52 dwelling),Exact
"3780 WESTPOINT DR UNIT 6, Columbus, OH, 43232",3780,WESTPOINT DR,UNIT 6,Columbus,OH,43232,39.9193531,-82.8946976,RESIDENTIAL,census_geocoder,auditor_street (15/16 dwelling),Exact
"1734 SUNAPPLE WAY, Columbus, OH, 43232",1734,SUNAPPLE WAY,,Columbus,OH,43232,39.9451257,-82.8429857,RESIDENTIAL,census_geocoder,auditor_street (52/52 dwelling),Exact
"4014 VERONIA LN, Columbus, OH, 43232",4014,VERONIA LN,,Columbus,OH,43232,39.9173607,-82.887956,RESIDENTIAL,census_geocoder,auditor_street (3/4 dwelling),Non_Exact
"6119 ASTOR AVE, Columbus, OH, 43232",6119,ASTOR AVE,,Columbus,OH,43232,39.9446418,-82.8308344,RESIDENTIAL,census_geocoder,auditor_street (242/274 dwelling),Exact
"1990 FOUNTAINVIEW CT A, Columbus, OH, 43232",1990,FOUNTAINVIEW CT,A,Columbus,OH,43232,39.9391028,-82.8353708,RESIDENTIAL,census_geocoder,auditor_street (11/12 dwelling),Non_Exact
"3750 WESTPOINT DR UNIT 2, Columbus, OH, 43232",3750,WESTPOINT DR,UNIT 2,Columbus,OH,43232,39.9188441,-82.8954609,RESIDENTIAL,census_geocoder,auditor_street (15/16 dwelling),Exact
"5888 CHATFORD DR B, Columbus, OH, 43232",5888,CHATFORD DR,B,Columbus,OH,43232,39.9341114,-82.8352591,RESIDENTIAL,census_geocoder,auditor_street (14/20 dwelling),Non_Exact
"3101 GALLANT DR, Columbus, OH, 43232",3101,GALLANT DR,,Columbus,OH,43232,39.9170604,-82.8416912,RESIDENTIAL,census_geocoder,auditor_street (37/37 dwelling),Exact
"2751 NATALIA DR, Columbus, OH, 43232",2751,NATALIA DR,,Columbus,OH,43232,39.9170406,-82.8886651,RESIDENTIAL,census_geocoder,auditor_street (20/20 dwelling),Exact
"2073 BAIRSFORD DR, Columbus, OH, 43232",2073,BAIRSFORD DR,,Columbus,OH,43232,39.9355753,-82.8460895,RESIDENTIAL,census_geocoder,auditor_street (23/27 dwelling),Exact
"5888 CHATFORD DR E, Columbus, OH, 43232",5888,CHATFORD DR,E,Columbus,OH,43232,39.9341506,-82.835198,RESIDENTIAL,census_geocoder,auditor_street (14/20 dwelling),Non_Exact
"1810 NOE-BIXBY RD UNIT A, Columbus, OH, 43232",1810,NOE-BIXBY RD,UNIT A,Columbus,OH,43232,39.9396033,-82.8603734,RESIDENTIAL,census_geocoder,auditor_street (242/328 dwelling),Non_Exact
"1142 IDLEWILD DR, Columbus, OH, 43232",1142,IDLEWILD DR,,Columbus,OH,43232,39.9539171,-82.8310617,RESIDENTIAL,census_geocoder,auditor_street (67/90 dwelling),Exact
"2641 COURTRIGHT RD, Columbus, OH, 43232",2641,COURTRIGHT RD,,Columbus,OH,43232,39.9196217,-82.8968449,RESIDENTIAL,census_geocoder,auditor_street (96/137 dwelling),Exact
"1851 BAIRSFORD DR, Columbus, OH, 43232",1851,BAIRSFORD DR,,Columbus,OH,43232,39.9404206,-82.8459709,RESIDENTIAL,census_geocoder,auditor_street (23/27 dwelling),Exact
"5545 CHATFORD DR, Columbus, OH, 43232",5545,CHATFORD DR,,Columbus,OH,43232,39.9347505,-82.8450809,RESIDENTIAL,census_geocoder,auditor_street (14/20 dwelling),Exact
"5553 CHATFORD DR F, Columbus, OH, 43232",5553,CHATFORD DR,F,Columbus,OH,43232,39.9345156,-82.8448189,RESIDENTIAL,census_geocoder,auditor_street (14/20 dwelling),Non_Exact
"1811 BAIRSFORD DR 2L, Columbus, OH, 43232",1811,BAIRSFORD DR,2L,Columbus,OH,43232,39.9413478,-82.8454488,RESIDENTIAL,census_geocoder,auditor_street (23/27 dwelling),Non_Exact
"702 LITTLE BROOK WAY, Columbus, OH, 43232",702,LITTLE BROOK WAY,,Columbus,OH,43232,39.9445072,-82.8413743,RESIDENTIAL,census_geocoder,auditor_street (30/31 dwelling),Non_Exact
"5906 HALLWORTH AVE B, Columbus, OH, 43232",5906,HALLWORTH AVE,B,Columbus,OH,43232,39.9461521,-82.8402623,RESIDENTIAL,census_geocoder,auditor_street (16/16 dwelling),Non_Exact
"2904 BLUE TOP DR, Columbus, OH, 43232",2904,BLUE TOP DR,,Columbus,OH,43232,39.9208303,-82.8374608,RESIDENTIAL,census_geocoder,auditor_street (26/26 dwelling),Exact
"5804 CHATFORD DR F, Columbus, OH, 43232",5804,CHATFORD DR,F,Columbus,OH,43232,39.933965,-82.837956,RESIDENTIAL,census_geocoder,auditor_street (14/20 dwelling),Non_Exact
"1865 MISTY WAY, Columbus, OH, 43232",1865,MISTY WAY,,Columbus,OH,43232,39.9429441,-82.8379819,RESIDENTIAL,census_geocoder,auditor_street (47/47 dwelling),Exact
"5840 CHATFORD DR A, Columbus, OH, 43232",5840,CHATFORD DR,A,Columbus,OH,43232,39.9341345,-82.8369882,RESIDENTIAL,census_geocoder,auditor_street (14/20 dwelling),Non_Exact
"5838 CHATFORD DR, Columbus, OH, 43232",5838,CHATFORD DR,,Columbus,OH,43232,39.9339542,-82.8358592,RESIDENTIAL,census_geocoder,auditor_street (14/20 dwelling),Exact
"5876 CHATFORD DR C, Columbus, OH, 43232",5876,CHATFORD DR,C,Columbus,OH,43232,39.9340781,-82.8358273,RESIDENTIAL,census_geocoder,auditor_street (14/20 dwelling),Non_Exact
"3153 PETZINGER RD, Columbus, OH, 43232",3153,PETZINGER RD,,Columbus,OH,43232,39.9293173,-82.9093249,RESIDENTIAL,census_geocoder,auditor_street (122/146 dwelling),Exact
"3681 MATHENA WAY, Columbus, OH, 43232",3681,MATHENA WAY,,Columbus,OH,43232,39.9121351,-82.8998114,RESIDENTIAL,census_geocoder,auditor_street (15/15 dwelling),Exact
"2139 COURTRIGHT RD, Columbus, OH, 43232",2139,COURTRIGHT RD,,Columbus,OH,43232,39.9285089,-82.8988317,RESIDENTIAL,census_geocoder,auditor_street (96/137 dwelling),Exact
"2529 COURTRIGHT RD, Columbus, OH, 43232",2529,COURTRIGHT RD,,Columbus,OH,43232,39.9213374,-82.8976921,RESIDENTIAL,census_geocoder,auditor_street (96/137 dwelling),Exact
"2503 COURTRIGHT RD, Columbus, OH, 43232",2503,COURTRIGHT RD,,Columbus,OH,43232,39.9215436,-82.8974603,RESIDENTIAL,census_geocoder,auditor_street (96/137 dwelling),Exact
"1841 BAIRSFORD DR, Columbus, OH, 43232",1841,BAIRSFORD DR,,Columbus,OH,43232,39.9405625,-82.8462238,RESIDENTIAL,census_geocoder,auditor_street (23/27 dwelling),Exact
"1813 BAIRSFORD DR 2D, Columbus, OH, 43232",1813,BAIRSFORD DR,2D,Columbus,OH,43232,39.9408924,-82.8454319,RESIDENTIAL,census_geocoder,auditor_street (23/27 dwelling),Non_Exact
"1813 BAIRSFORD DR 2L, Columbus, OH, 43232",1813,BAIRSFORD DR,2L,Columbus,OH,43232,39.9410669,-82.8456541,RESIDENTIAL,census_geocoder,auditor_street (23/27 dwelling),Non_Exact
"1811 BAIRSFORD DR 1K, Columbus, OH, 43232",1811,BAIRSFORD DR,1K,Columbus,OH,43232,39.9412225,-82.8455132,RESIDENTIAL,census_geocoder,auditor_street (23/27 dwelling),Non_Exact
"1811 BAIRSFORD DR 1A, Columbus, OH, 43232",1811,BAIRSFORD DR,1A,Columbus,OH,43232,39.9409554,-82.8451876,RESIDENTIAL,census_geocoder,auditor_street (23/27 dwelling),Non_Exact
"1748 SUNAPPLE WAY, Columbus, OH, 43232",1748,SUNAPPLE WAY,,Columbus,OH,43232,39.9449585,-82.84291,RESIDENTIAL,census_geocoder,auditor_street (52/52 dwelling),Exact
"870 LITTLE BROOK WAY, Columbus, OH, 43232",870,LITTLE BROOK WAY,,Columbus,OH,43232,39.9445072,-82.8413743,RESIDENTIAL,census_geocoder,auditor_street (30/31 dwelling),Non_Exact
"5875 MORRISSEY ST, Columbus, OH, 43232",5875,MORRISSEY ST,,Columbus,OH,43232,39.9137605,-82.8387171,RESIDENTIAL,census_geocoder,auditor_street (22/22 dwelling),Exact
"5902 CHATFORD DR, Columbus, OH, 43232",5902,CHATFORD DR,,Columbus,OH,43232,39.9339542,-82.8358592,RESIDENTIAL,census_geocoder,auditor_street (14/20 dwelling),Exact
"1986 FOUNTAINVIEW CT G, Columbus, OH, 43232",1986,FOUNTAINVIEW CT,G,Columbus,OH,43232,39.9391537,-82.8349153,RESIDENTIAL,census_geocoder,auditor_street (11/12 dwelling),Non_Exact
"3414 WESTPOINT DR, Columbus, OH, 43232",3414,WESTPOINT DR,,Columbus,OH,43232,39.9189589,-82.9056478,RESIDENTIAL,census_geocoder,auditor_street (15/16 dwelling),Exact
"3277 EDINWICK WAY, Columbus, OH, 43232",3277,EDINWICK WAY,,Columbus,OH,43232,39.9143012,-82.8384191,RESIDENTIAL,census_geocoder,auditor_street (8/8 dwelling),Exact
"5933 MORRISSEY ST, Columbus, OH, 43232",5933,MORRISSEY ST,,Columbus,OH,43232,39.9136558,-82.8369305,RESIDENTIAL,census_geocoder,auditor_street (22/22 dwelling),Exact
"5852 CHATFORD DR C, Columbus, OH, 43232",5852,CHATFORD DR,C,Columbus,OH,43232,39.934215,-82.8365549,RESIDENTIAL,census_geocoder,auditor_street (14/20 dwelling),Non_Exact
"5880 CHATFORD DR G, Columbus, OH, 43232",5880,CHATFORD DR,G,Columbus,OH,43232,39.9341085,-82.8356015,RESIDENTIAL,census_geocoder,auditor_street (14/20 dwelling),Non_Exact
"5870 CHATFORD DR B, Columbus, OH, 43232",5870,CHATFORD DR,B,Columbus,OH,43232,39.9341597,-82.8360289,RESIDENTIAL,census_geocoder,auditor_street (14/20 dwelling),Non_Exact
"1990 FOUNTAINVIEW CT B, Columbus, OH, 43232",1990,FOUNTAINVIEW CT,B,Columbus,OH,43232,39.9391436,-82.8353505,RESIDENTIAL,census_geocoder,auditor_street (11/12 dwelling),Non_Exact
"5916 CHATFORD DR D, Columbus, OH, 43232",5916,CHATFORD DR,D,Columbus,OH,43232,39.9338051,-82.8342704,RESIDENTIAL,census_geocoder,auditor_street (14/20 dwelling),Non_Exact
"1937 FOUNTAINVIEW CT, Columbus, OH, 43232",1937,FOUNTAINVIEW CT,,Columbus,OH,43232,39.9400782,-82.8350828,RESIDENTIAL,census_geocoder,auditor_street (11/12 dwelling),Exact
"1948 FOUNTAINVIEW CT H, Columbus, OH, 43232",1948,FOUNTAINVIEW CT,H,Columbus,OH,43232,39.939609,-82.8338853,RESIDENTIAL,census_geocoder,auditor_street (11/12 dwelling),Non_Exact
"3718 WESTPOINT DR UNIT 5, Columbus, OH, 43232",3718,WESTPOINT DR,UNIT 5,Columbus,OH,43232,39.918804,-82.8964055,RESIDENTIAL,census_geocoder,auditor_street (15/16 dwelling),Exact
"3774 WESTPOINT DR, Columbus, OH, 43232",3774,WESTPOINT DR,,Columbus,OH,43232,39.9191907,-82.8948178,RESIDENTIAL,census_geocoder,auditor_street (15/16 dwelling),Exact
"2023 BAIRSFORD DR 1I, Columbus, OH, 43232",2023,BAIRSFORD DR,1I,Columbus,OH,43232,39.9367013,-82.8466957,RESIDENTIAL,census_geocoder,auditor_street (23/27 dwelling),Non_Exact
"1823 BAIRSFORD DR, Columbus, OH, 43232",1823,BAIRSFORD DR,,Columbus,OH,43232,39.9406499,-82.8459631,RESIDENTIAL,census_geocoder,auditor_street (23/27 dwelling),Exact
"1755 SUNAPPLE WAY, Columbus, OH, 43232",1755,SUNAPPLE WAY,,Columbus,OH,43232,39.9446572,-82.8436005,RESIDENTIAL,census_geocoder,auditor_street (52/52 dwelling),Exact
"1848 MISTY WAY, Columbus, OH, 43232",1848,MISTY WAY,,Columbus,OH,43232,39.943315,-82.8388219,RESIDENTIAL,census_geocoder,auditor_street (47/47 dwelling),Exact
"5864 CHATFORD DR E, Columbus, OH, 43232",5864,CHATFORD DR,E,Columbus,OH,43232,39.9341285,-82.8361585,RESIDENTIAL,census_geocoder,auditor_street (14/20 dwelling),Non_Exact
"1918 FOUNTAINVIEW CT, Columbus, OH, 43232",1918,FOUNTAINVIEW CT,,Columbus,OH,43232,39.9401465,-82.8342237,RESIDENTIAL,census_geocoder,auditor_street (11/12 dwelling),Exact
"1900 FOUNTAINVIEW CT, Columbus, OH, 43232",1900,FOUNTAINVIEW CT,,Columbus,OH,43232,39.9406515,-82.8342796,RESIDENTIAL,census_geocoder,auditor_street (11/12 dwelling),Exact
"1950 FOUNTAINVIEW CT D, Columbus, OH, 43232",1950,FOUNTAINVIEW CT,D,Columbus,OH,43232,39.9395435,-82.8339803,RESIDENTIAL,census_geocoder,auditor_street (11/12 dwelling),Non_Exact
"1946 FOUNTAINVIEW CT E, Columbus, OH, 43232",1946,FOUNTAINVIEW CT,E,Columbus,OH,43232,39.9396962,-82.8338409,RESIDENTIAL,census_geocoder,auditor_street (11/12 dwelling),Non_Exact
"3658 LARKWELL WAY, Columbus, OH, 43232",3658,LARKWELL WAY,,Columbus,OH,43232,39.9103505,-82.9006638,RESIDENTIAL,census_geocoder,auditor_street (5/5 dwelling),Exact
"1727 LONSDALE RD A, Columbus, OH, 43232",1727,LONSDALE RD,A,Columbus,OH,43232,39.9423289,-82.8507609,RESIDENTIAL,census_geocoder,auditor_street (54/64 dwelling),Non_Exact
"1767 SUNAPPLE WAY, Columbus, OH, 43232",1767,SUNAPPLE WAY,,Columbus,OH,43232,39.9444016,-82.8437026,RESIDENTIAL,census_geocoder,auditor_street (52/52 dwelling),Exact
"5795 LUCINDA CT, Columbus, OH, 43232",5795,LUCINDA CT,,Columbus,OH,43232,39.9465588,-82.84295,RESIDENTIAL,census_geocoder,auditor_street (19/19 dwelling),Exact
"720 LITTLE BROOK WAY, Columbus, OH, 43232",720,LITTLE BROOK WAY,,Columbus,OH,43232,39.9445072,-82.8413743,RESIDENTIAL,census_geocoder,auditor_street (30/31 dwelling),Non_Exact
"5918 LITTLE BROOK WAY, Columbus, OH, 43232",5918,LITTLE BROOK WAY,,Columbus,OH,43232,39.9450994,-82.8412004,RESIDENTIAL,census_geocoder,auditor_street (30/31 dwelling),Exact
"1817 MISTY WAY, Columbus, OH, 43232",1817,MISTY WAY,,Columbus,OH,43232,39.9439319,-82.8390924,RESIDENTIAL,census_geocoder,auditor_street (47/47 dwelling),Exact
"2233 GARNET PL, Columbus, OH, 43232",2233,GARNET PL,,Columbus,OH,43232,39.9257606,-82.9074845,RESIDENTIAL,census_geocoder,auditor_street (6/7 dwelling),Exact
"5852 CHATFORD DR F, Columbus, OH, 43232",5852,CHATFORD DR,F,Columbus,OH,43232,39.934093,-82.8365667,RESIDENTIAL,census_geocoder,auditor_street (14/20 dwelling),Non_Exact
"5842 CHATFORD DR, Columbus, OH, 43232",5842,CHATFORD DR,,Columbus,OH,43232,39.9339542,-82.8358592,RESIDENTIAL,census_geocoder,auditor_street (14/20 dwelling),Exact
"5820 CHATFORD DR, Columbus, OH, 43232",5820,CHATFORD DR,,Columbus,OH,43232,39.9339542,-82.8358592,RESIDENTIAL,census_geocoder,auditor_street (14/20 dwelling),Exact
"5884 CHATFORD DR, Columbus, OH, 43232",5884,CHATFORD DR,,Columbus,OH,43232,39.9340326,-82.8353265,RESIDENTIAL,census_geocoder,auditor_street (14/20 dwelling),Exact
"1950 FOUNTAINVIEW CT F, Columbus, OH, 43232",1950,FOUNTAINVIEW CT,F,Columbus,OH,43232,39.939532,-82.8338021,RESIDENTIAL,census_geocoder,auditor_street (11/12 dwelling),Non_Exact
"1882 FOUNTAINVIEW CT, Columbus, OH, 43232",1882,FOUNTAINVIEW CT,,Columbus,OH,43232,39.9408249,-82.8341271,RESIDENTIAL,census_geocoder,auditor_street (11/12 dwelling),Exact
"2944 REMINGTON RIDGE RD, Columbus, OH, 43232",2944,REMINGTON RIDGE RD,,Columbus,OH,43232,39.913617,-82.9015525,RESIDENTIAL,census_geocoder,auditor_street (51/51 dwelling),Exact
"2508 COURTRIGHT RD, Columbus, OH, 43232",2508,COURTRIGHT RD,,Columbus,OH,43232,39.9218508,-82.896871,RESIDENTIAL,census_geocoder,auditor_street (96/137 dwelling),Exact
"1899 BAIRSFORD DR, Columbus, OH, 43232",1899,BAIRSFORD DR,,Columbus,OH,43232,39.9393367,-82.8466052,RESIDENTIAL,census_geocoder,auditor_street (23/27 dwelling),Exact
"1813 BAIRSFORD DR 1C, Columbus, OH, 43232",1813,BAIRSFORD DR,1C,Columbus,OH,43232,39.9408172,-82.8455591,RESIDENTIAL,census_geocoder,auditor_street (23/27 dwelling),Non_Exact
"5858 CHATFORD DR F, Columbus, OH, 43232",5858,CHATFORD DR,F,Columbus,OH,43232,39.9341705,-82.8363844,RESIDENTIAL,census_geocoder,auditor_street (14/20 dwelling),Non_Exact
"5862 CHATFORD DR, Columbus, OH, 43232",5862,CHATFORD DR,,Columbus,OH,43232,39.9339542,-82.8358592,RESIDENTIAL,census_geocoder,auditor_street (14/20 dwelling),Exact
"1969 FOUNTAINVIEW CT, Columbus, OH, 43232",1969,FOUNTAINVIEW CT,,Columbus,OH,43232,39.9398025,-82.8355059,RESIDENTIAL,census_geocoder,auditor_street (11/12 dwelling),Exact
"5904 CHATFORD DR B, Columbus, OH, 43232",5904,CHATFORD DR,B,Columbus,OH,43232,39.9342604,-82.8345312,RESIDENTIAL,census_geocoder,auditor_street (14/20 dwelling),Non_Exact
"1936 FOUNTAINVIEW CT, Columbus, OH, 43232",1936,FOUNTAINVIEW CT,,Columbus,OH,43232,39.9401226,-82.8339418,RESIDENTIAL,census_geocoder,auditor_street (11/12 dwelling),Exact
"1944 FOUNTAINVIEW CT B, Columbus, OH, 43232",1944,FOUNTAINVIEW CT,B,Columbus,OH,43232,39.9399476,-82.8338408,RESIDENTIAL,census_geocoder,auditor_street (11/12 dwelling),Non_Exact
"3760 WESTPOINT DR UNIT 3, Columbus, OH, 43232",3760,WESTPOINT DR,UNIT 3,Columbus,OH,43232,39.9189357,-82.895253,RESIDENTIAL,census_geocoder,auditor_street (15/16 dwelling),Exact
"1724 SUNAPPLE WAY, Columbus, OH, 43232",1724,SUNAPPLE WAY,,Columbus,OH,43232,39.9454526,-82.8429196,RESIDENTIAL,census_geocoder,auditor_street (52/52 dwelling),Exact
"1802 QUARRY RIDGE DR, Columbus, OH, 43232",1802,QUARRY RIDGE DR,,Columbus,OH,43232,39.943991,-82.8405745,RESIDENTIAL,census_geocoder,auditor_street (6/6 dwelling),Exact
"5942 LITTLE BROOK WAY, Columbus, OH, 43232",5942,LITTLE BROOK WAY,,Columbus,OH,43232,39.9448517,-82.8407312,RESIDENTIAL,census_geocoder,auditor_street (30/31 dwelling),Exact
"5810 MOUZON DR, Columbus, OH, 43232",5810,MOUZON DR,,Columbus,OH,43232,39.9093815,-82.8394728,RESIDENTIAL,census_geocoder,auditor_street (47/53 dwelling),Exact
"5816 CHATFORD DR D, Columbus, OH, 43232",5816,CHATFORD DR,D,Columbus,OH,43232,39.9341076,-82.8377225,RESIDENTIAL,census_geocoder,auditor_street (14/20 dwelling),Non_Exact
"5984 ABERNATHY LN, Columbus, OH, 43232",5984,ABERNATHY LN,,Columbus,OH,43232,39.9147131,-82.8358519,RESIDENTIAL,census_geocoder,auditor_street (18/18 dwelling),Exact
"5876 CHATFORD DR F, Columbus, OH, 43232",5876,CHATFORD DR,F,Columbus,OH,43232,39.934074,-82.8357586,RESIDENTIAL,census_geocoder,auditor_street (14/20 dwelling),Non_Exact
"3420 WALNUT DR, Columbus, OH, 43232",3420,WALNUT DR,,Columbus,OH,43232,39.9224457,-82.905519,RESIDENTIAL,census_geocoder,auditor_street (30/37 dwelling),Exact
"2715 NATALIA DR, Columbus, OH, 43232",2715,NATALIA DR,,Columbus,OH,43232,39.9178295,-82.8885931,RESIDENTIAL,census_geocoder,auditor_street (20/20 dwelling),Exact
"3070 FOX CHAPLE DR, Columbus, OH, 43232",3070,FOX CHAPLE DR,,Columbus,OH,43232,39.9164071,-82.8441339,RESIDENTIAL,census_geocoder,auditor_street (45/46 dwelling),Exact
"5780 SARANAC DR, Columbus, OH, 43232",5780,SARANAC DR,,Columbus,OH,43232,39.9415357,-82.8399223,RESIDENTIAL,census_geocoder,auditor_street (23/31 dwelling),Exact
"2003 ZETTLER RD, Columbus, OH, 43232",2003,ZETTLER RD,,Columbus,OH,43232,39.9306464,-82.9122356,RESIDENTIAL,census_geocoder,auditor_street (96/113 dwelling),Exact
"768 LITTLE BROOK WAY, Columbus, OH, 43232",768,LITTLE BROOK WAY,,Columbus,OH,43232,39.9445072,-82.8413743,RESIDENTIAL,census_geocoder,auditor_street (30/31 dwelling),Non_Exact
"5846 CHATFORD DR E, Columbus, OH, 43232",5846,CHATFORD DR,E,Columbus,OH,43232,39.9342353,-82.8367186,RESIDENTIAL,census_geocoder,auditor_street (14/20 dwelling),Non_Exact
"1879 FOUNTAINVIEW CT D, Columbus, OH, 43232",1879,FOUNTAINVIEW CT,D,Columbus,OH,43232,39.9408897,-82.8351256,RESIDENTIAL,census_geocoder,auditor_street (11/12 dwelling),Non_Exact
"2588 NOE-BIXBY RD, Columbus, OH, 43232",2588,NOE-BIXBY RD,,Columbus,OH,43232,39.9234881,-82.8637265,RESIDENTIAL,census_geocoder,auditor_street (242/328 dwelling),Exact
"1811 STETSON RD, Columbus, OH, 43232",1811,STETSON RD,,Columbus,OH,43232,39.9406322,-82.8503103,RESIDENTIAL,census_geocoder,auditor_street (27/27 dwelling),Exact
"1759 LONSDALE RD B, Columbus, OH, 43232",1759,LONSDALE RD,B,Columbus,OH,43232,39.9416601,-82.8509802,RESIDENTIAL,census_geocoder,auditor_street (54/64 dwelling),Non_Exact
"1983 BAIRSFORD DR, Columbus, OH, 43232",1983,BAIRSFORD DR,,Columbus,OH,43232,39.9375461,-82.8468026,RESIDENTIAL,census_geocoder,auditor_street (23/27 dwelling),Exact
"5551 CHATFORD DR B, Columbus, OH, 43232",5551,CHATFORD DR,B,Columbus,OH,43232,39.9345935,-82.8454383,RESIDENTIAL,census_geocoder,auditor_street (14/20 dwelling),Non_Exact
"5567 CHATFORD DR C, Columbus, OH, 43232",5567,CHATFORD DR,C,Columbus,OH,43232,39.9343277,-82.8442864,RESIDENTIAL,census_geocoder,auditor_street (14/20 dwelling),Non_Exact
"1811 BAIRSFORD DR 1M, Columbus, OH, 43232",1811,BAIRSFORD DR,1M,Columbus,OH,43232,39.9412736,-82.8455823,RESIDENTIAL,census_geocoder,auditor_street (23/27 dwelling),Non_Exact
"1803 BAIRSFORD DR, Columbus, OH, 43232",1803,BAIRSFORD DR,,Columbus,OH,43232,39.9413277,-82.8446379,RESIDENTIAL,census_geocoder,auditor_street (23/27 dwelling),Exact
"1801 BAIRSFORD DR, Columbus, OH, 43232",1801,BAIRSFORD DR,,Columbus,OH,43232,39.9413693,-82.8445946,RESIDENTIAL,census_geocoder,auditor_street (23/27 dwelling),Exact
"1762 BAIRSFORD DR, Columbus, OH, 43232",1762,BAIRSFORD DR,,Columbus,OH,43232,39.9423899,-82.8435357,RESIDENTIAL,census_geocoder,auditor_street (23/27 dwelling),Exact
"1712 SUNAPPLE WAY, Columbus, OH, 43232",1712,SUNAPPLE WAY,,Columbus,OH,43232,39.9457085,-82.8427104,RESIDENTIAL,census_geocoder,auditor_street (52/52 dwelling),Exact
"2594 NOE-BIXBY RD A, Columbus, OH, 43232",2594,NOE-BIXBY RD,A,Columbus,OH,43232,39.92326,-82.8639479,RESIDENTIAL,census_geocoder,auditor_street (242/328 dwelling),Non_Exact
"6026 ABERNATHY LN, Columbus, OH, 43232",6026,ABERNATHY LN,,Columbus,OH,43232,39.9143256,-82.8350336,RESIDENTIAL,census_geocoder,auditor_street (18/18 dwelling),Exact
"1948 FOUNTAINVIEW CT D, Columbus, OH, 43232",1948,FOUNTAINVIEW CT,D,Columbus,OH,43232,39.9395879,-82.8339899,RESIDENTIAL,census_geocoder,auditor_street (11/12 dwelling),Non_Exact
"2212 GLENBROOK DR, Columbus, OH, 43232",2212,GLENBROOK DR,,Columbus,OH,43232,39.9266717,-82.9056066,RESIDENTIAL,census_geocoder,auditor_street (39/39 dwelling),Exact
"2525 COURTRIGHT RD, Columbus, OH, 43232",2525,COURTRIGHT RD,,Columbus,OH,43232,39.921384,-82.8977889,RESIDENTIAL,census_geocoder,auditor_street (96/137 dwelling),Exact
"2967 THORNELL WAY, Columbus, OH, 43232",2967,THORNELL WAY,,Columbus,OH,43232,39.9182324,-82.8471884,RESIDENTIAL,census_geocoder,auditor_street (10/10 dwelling),Exact
"5551 CHATFORD DR J, Columbus, OH, 43232",5551,CHATFORD DR,J,Columbus,OH,43232,39.9342445,-82.8454732,RESIDENTIAL,census_geocoder,auditor_street (14/20 dwelling),Non_Exact
"1811 BAIRSFORD DR 2I, Columbus, OH, 43232",1811,BAIRSFORD DR,2I,Columbus,OH,43232,39.9412665,-82.8453354,RESIDENTIAL,census_geocoder,auditor_street (23/27 dwelling),Non_Exact
"5880 LITTLE BROOK WAY, Columbus, OH, 43232",5880,LITTLE BROOK WAY,,Columbus,OH,43232,39.9456339,-82.8423602,RESIDENTIAL,census_geocoder,auditor_street (30/31 dwelling),Exact
"5932 LITTLE BROOK WAY, Columbus, OH, 43232",5932,LITTLE BROOK WAY,,Columbus,OH,43232,39.9448845,-82.8408867,RESIDENTIAL,census_geocoder,auditor_street (30/31 dwelling),Exact
"5772 SARANAC DR, Columbus, OH, 43232",5772,SARANAC DR,,Columbus,OH,43232,39.941524,-82.8401684,RESIDENTIAL,census_geocoder,auditor_street (23/31 dwelling),Exact
"5816 CHATFORD DR H, Columbus, OH, 43232",5816,CHATFORD DR,H,Columbus,OH,43232,39.9341365,-82.837615,RESIDENTIAL,census_geocoder,auditor_street (14/20 dwelling),Non_Exact
"5978 ABERNATHY LN, Columbus, OH, 43232",5978,ABERNATHY LN,,Columbus,OH,43232,39.9146907,-82.836005,RESIDENTIAL,census_geocoder,auditor_street (18/18 dwelling),Exact
"6000 ABERNATHY LN, Columbus, OH, 43232",6000,ABERNATHY LN,,Columbus,OH,43232,39.9146894,-82.8354952,RESIDENTIAL,census_geocoder,auditor_street (18/18 dwelling),Exact
"5876 CHATFORD DR B, Columbus, OH, 43232",5876,CHATFORD DR,B,Columbus,OH,43232,39.9341358,-82.8358195,RESIDENTIAL,census_geocoder,auditor_street (14/20 dwelling),Non_Exact
"5726 SARANAC DR, Columbus, OH, 43232",5726,SARANAC DR,,Columbus,OH,43232,39.9413768,-82.8416869,RESIDENTIAL,census_geocoder,auditor_street (23/31 dwelling),Exact
"5903 LITTLE BROOK WAY, Columbus, OH, 43232",5903,LITTLE BROOK WAY,,Columbus,OH,43232,39.9449973,-82.8416474,RESIDENTIAL,census_geocoder,auditor_street (30/31 dwelling),Exact
"838 LITTLE BROOK WAY, Columbus, OH, 43232",838,LITTLE BROOK WAY,,Columbus,OH,43232,39.9445072,-82.8413743,RESIDENTIAL,census_geocoder,auditor_street (30/31 dwelling),Non_Exact
"756 LITTLE BROOK WAY, Columbus, OH, 43232",756,LITTLE BROOK WAY,,Columbus,OH,43232,39.9445072,-82.8413743,RESIDENTIAL,census_geocoder,auditor_street (30/31 dwelling),Non_Exact
"5834 CHATFORD DR E, Columbus, OH, 43232",5834,CHATFORD DR,E,Columbus,OH,43232,39.934173,-82.8371228,RESIDENTIAL,census_geocoder,auditor_street (14/20 dwelling),Non_Exact
"5830 CHATFORD DR, Columbus, OH, 43232",5830,CHATFORD DR,,Columbus,OH,43232,39.9339542,-82.8358592,RESIDENTIAL,census_geocoder,auditor_street (14/20 dwelling),Exact
"5876 CHATFORD DR E, Columbus, OH, 43232",5876,CHATFORD DR,E,Columbus,OH,43232,39.9341045,-82.8357538,RESIDENTIAL,census_geocoder,auditor_street (14/20 dwelling),Non_Exact
"1977 FOUNTAINVIEW CT, Columbus, OH, 43232",1977,FOUNTAINVIEW CT,,Columbus,OH,43232,39.93978,-82.8356877,RESIDENTIAL,census_geocoder,auditor_street (11/12 dwelling),Exact
"3466 WALNUT DR, Columbus, OH, 43232",3466,WALNUT DR,,Columbus,OH,43232,39.9216898,-82.9041646,RESIDENTIAL,census_geocoder,auditor_street (30/37 dwelling),Exact
"2142 COURTRIGHT RD, Columbus, OH, 43232",2142,COURTRIGHT RD,,Columbus,OH,43232,39.9286901,-82.8977886,RESIDENTIAL,census_geocoder,auditor_street (96/137 dwelling),Exact
"3750 WESTPOINT DR UNIT 4, Columbus, OH, 43232",3750,WESTPOINT DR,UNIT 4,Columbus,OH,43232,39.9188647,-82.895473,RESIDENTIAL,census_geocoder,auditor_street (15/16 dwelling),Exact
"1572 LONSDALE RD, Columbus, OH, 43232",1572,LONSDALE RD,,Columbus,OH,43232,39.9456694,-82.8492634,RESIDENTIAL,census_geocoder,auditor_street (54/64 dwelling),Exact
"5646 SARANAC DR, Columbus, OH, 43232",5646,SARANAC DR,,Columbus,OH,43232,39.9415475,-82.8434103,RESIDENTIAL,census_geocoder,auditor_street (23/31 dwelling),Exact
"1780 SUNAPPLE WAY, Columbus, OH, 43232",1780,SUNAPPLE WAY,,Columbus,OH,43232,39.9440457,-82.8433656,RESIDENTIAL,census_geocoder,auditor_street (52/52 dwelling),Exact
"5698 SARANAC DR, Columbus, OH, 43232",5698,SARANAC DR,,Columbus,OH,43232,39.9413578,-82.8425749,RESIDENTIAL,census_geocoder,auditor_street (23/31 dwelling),Exact
"1736 SUNAPPLE WAY, Columbus, OH, 43232",1736,SUNAPPLE WAY,,Columbus,OH,43232,39.945041,-82.8428498,RESIDENTIAL,census_geocoder,auditor_street (52/52 dwelling),Exact
"896 LITTLE BROOK WAY, Columbus, OH, 43232",896,LITTLE BROOK WAY,,Columbus,OH,43232,39.9445072,-82.8413743,RESIDENTIAL,census_geocoder,auditor_street (30/31 dwelling),Non_Exact
"1823 MISTY WAY, Columbus, OH, 43232",1823,MISTY WAY,,Columbus,OH,43232,39.943849,-82.8392764,RESIDENTIAL,census_geocoder,auditor_street (47/47 dwelling),Exact
"5884 CHATFORD DR B, Columbus, OH, 43232",5884,CHATFORD DR,B,Columbus,OH,43232,39.9341162,-82.8353791,RESIDENTIAL,census_geocoder,auditor_street (14/20 dwelling),Non_Exact
"1971 FOUNTAINVIEW CT, Columbus, OH, 43232",1971,FOUNTAINVIEW CT,,Columbus,OH,43232,39.9397777,-82.8355343,RESIDENTIAL,census_geocoder,auditor_street (11/12 dwelling),Exact
"1955 FOUNTAINVIEW CT, Columbus, OH, 43232",1955,FOUNTAINVIEW CT,,Columbus,OH,43232,39.9399181,-82.8353888,RESIDENTIAL,census_geocoder,auditor_street (11/12 dwelling),Exact
"1934 NOE-BIXBY RD, Columbus, OH, 43232",1934,NOE-BIXBY RD,,Columbus,OH,43232,39.936832,-82.8618623,RESIDENTIAL,census_geocoder,auditor_street (242/328 dwelling),Exact
"1810 NOE-BIXBY RD UNIT B, Columbus, OH, 43232",1810,NOE-BIXBY RD,UNIT B,Columbus,OH,43232,39.9395416,-82.8604412,RESIDENTIAL,census_geocoder,auditor_street (242/328 dwelling),Non_Exact
"5912 CHATFORD DR F, Columbus, OH, 43232",5912,CHATFORD DR,F,Columbus,OH,43232,39.9340127,-82.8342491,RESIDENTIAL,census_geocoder,auditor_street (14/20 dwelling),Non_Exact
"3780 WESTPOINT DR UNIT 2, Columbus, OH, 43232",3780,WESTPOINT DR,UNIT 2,Columbus,OH,43232,39.919314,-82.8946486,RESIDENTIAL,census_geocoder,auditor_street (15/16 dwelling),Exact
"2083 BAIRSFORD DR, Columbus, OH, 43232",2083,BAIRSFORD DR,,Columbus,OH,43232,39.9354002,-82.8459563,RESIDENTIAL,census_geocoder,auditor_street (23/27 dwelling),Exact
"5531 CHATFORD DR, Columbus, OH, 43232",5531,CHATFORD DR,,Columbus,OH,43232,39.9350198,-82.8455511,RESIDENTIAL,census_geocoder,auditor_street (14/20 dwelling),Exact
"1811 BAIRSFORD DR 2B, Columbus, OH, 43232",1811,BAIRSFORD DR,2B,Columbus,OH,43232,39.9410641,-82.8450929,RESIDENTIAL,census_geocoder,auditor_street (23/27 dwelling),Non_Exact
"1788 BAIRSFORD DR, Columbus, OH, 43232",1788,BAIRSFORD DR,,Columbus,OH,43232,39.9416456,-82.8436605,RESIDENTIAL,census_geocoder,auditor_street (23/27 dwelling),Exact
"1756 BAIRSFORD DR, Columbus, OH, 43232",1756,BAIRSFORD DR,,Columbus,OH,43232,39.9425437,-82.8435187,RESIDENTIAL,census_geocoder,auditor_street (23/27 dwelling),Exact
"5760 GLENBRIAR ST, Columbus, OH, 43232",5760,GLENBRIAR ST,,Columbus,OH,43232,39.9224,-82.8482814,RESIDENTIAL,census_geocoder,auditor_street (51/51 dwelling),Exact
"816 LITTLE BROOK WAY, Columbus, OH, 43232",816,LITTLE BROOK WAY,,Columbus,OH,43232,39.9445072,-82.8413743,RESIDENTIAL,census_geocoder,auditor_street (30/31 dwelling),Non_Exact
"2235 WADSWORTH DR, Columbus, OH, 43232",2235,WADSWORTH DR,,Columbus,OH,43232,39.9255178,-82.9104553,RESIDENTIAL,census_geocoder,auditor_street (31/35 dwelling),Exact
"3462 WALNUT DR, Columbus, OH, 43232",3462,WALNUT DR,,Columbus,OH,43232,39.9218557,-82.9041689,RESIDENTIAL,census_geocoder,auditor_street (30/37 dwelling),Exact
"5812 CHATFORD DR, Columbus, OH, 43232",5812,CHATFORD DR,,Columbus,OH,43232,39.9339542,-82.8358592,RESIDENTIAL,census_geocoder,auditor_street (14/20 dwelling),Exact
"2174 NOE-BIXBY RD CATV, Columbus, OH, 43232",2174,NOE-BIXBY RD,CATV,Columbus,OH,43232,39.9325877,-82.862092,RESIDENTIAL,census_geocoder,auditor_street (242/328 dwelling),Non_Exact
"1924 NOE-BIXBY RD, Columbus, OH, 43232",1924,NOE-BIXBY RD,,Columbus,OH,43232,39.9370545,-82.861856,RESIDENTIAL,census_geocoder,auditor_street (242/328 dwelling),Exact
"5744 SARANAC DR, Columbus, OH, 43232",5744,SARANAC DR,,Columbus,OH,43232,39.9416322,-82.8416775,RESIDENTIAL,census_geocoder,auditor_street (23/31 dwelling),Exact
"5920 LITTLE BROOK WAY, Columbus, OH, 43232",5920,LITTLE BROOK WAY,,Columbus,OH,43232,39.9450204,-82.8410792,RESIDENTIAL,census_geocoder,auditor_street (30/31 dwelling),Exact
"3423 WESTPOINT DR, Columbus, OH, 43232",3423,WESTPOINT DR,,Columbus,OH,43232,39.9186649,-82.9053357,RESIDENTIAL,census_geocoder,auditor_street (15/16 dwelling),Exact
"3672 MATHENA WAY, Columbus, OH, 43232",3672,MATHENA WAY,,Columbus,OH,43232,39.9124854,-82.9001271,RESIDENTIAL,census_geocoder,auditor_street (15/15 dwelling),Exact
"1920 NOE-BIXBY RD, Columbus, OH, 43232",1920,NOE-BIXBY RD,,Columbus,OH,43232,39.9371484,-82.8618565,RESIDENTIAL,census_geocoder,auditor_street (242/328 dwelling),Exact
"3479 WESTPOINT DR, Columbus, OH, 43232",3479,WESTPOINT DR,,Columbus,OH,43232,39.9186367,-82.9039673,RESIDENTIAL,census_geocoder,auditor_street (15/16 dwelling),Exact
"2329 CARDSTON CT, Columbus, OH, 43232",2329,CARDSTON CT,,Columbus,OH,43232,39.9264584,-82.9017764,RESIDENTIAL,census_geocoder,auditor_street (19/19 dwelling),Non_Exact
"2505 COURTRIGHT RD, Columbus, OH, 43232",2505,COURTRIGHT RD,,Columbus,OH,43232,39.9215993,-82.8973859,RESIDENTIAL,census_geocoder,auditor_street (96/137 dwelling),Exact
"2003 BAIRSFORD DR, Columbus, OH, 43232",2003,BAIRSFORD DR,,Columbus,OH,43232,39.9372133,-82.8471922,RESIDENTIAL,census_geocoder,auditor_street (23/27 dwelling),Exact
"4023 VERONIA LN, Columbus, OH, 43232",4023,VERONIA LN,,Columbus,OH,43232,39.9170744,-82.887679,RESIDENTIAL,census_geocoder,auditor_street (3/4 dwelling),Non_Exact
"5797 LUCINDA CT, Columbus, OH, 43232",5797,LUCINDA CT,,Columbus,OH,43232,39.946559,-82.842868,RESIDENTIAL,census_geocoder,auditor_street (19/19 dwelling),Exact
"5650 CHATFORD DR, Columbus, OH, 43232",5650,CHATFORD DR,,Columbus,OH,43232,39.9346721,-82.8420177,RESIDENTIAL,census_geocoder,auditor_street (14/20 dwelling),Exact
"1837 MISTY WAY, Columbus, OH, 43232",1837,MISTY WAY,,Columbus,OH,43232,39.9431576,-82.8391492,RESIDENTIAL,census_geocoder,auditor_street (47/47 dwelling),Exact
"5834 CHATFORD DR D, Columbus, OH, 43232",5834,CHATFORD DR,D,Columbus,OH,43232,39.9341542,-82.8371759,RESIDENTIAL,census_geocoder,auditor_street (14/20 dwelling),Non_Exact
"5834 CHATFORD DR B, Columbus, OH, 43232",5834,CHATFORD DR,B,Columbus,OH,43232,39.9342243,-82.8371725,RESIDENTIAL,census_geocoder,auditor_street (14/20 dwelling),Non_Exact
"5858 CHATFORD DR A, Columbus, OH, 43232",5858,CHATFORD DR,A,Columbus,OH,43232,39.9342085,-82.8364354,RESIDENTIAL,census_geocoder,auditor_street (14/20 dwelling),Non_Exact
"5999 ABERNATHY LN, Columbus, OH, 43232",5999,ABERNATHY LN,,Columbus,OH,43232,39.9143412,-82.8355321,RESIDENTIAL,census_geocoder,auditor_street (18/18 dwelling),Exact
"5886 CHATFORD DR, Columbus, OH, 43232",5886,CHATFORD DR,,Columbus,OH,43232,39.9339542,-82.8358592,RESIDENTIAL,census_geocoder,auditor_street (14/20 dwelling),Exact
"1988 FOUNTAINVIEW CT B, Columbus, OH, 43232",1988,FOUNTAINVIEW CT,B,Columbus,OH,43232,39.939072,-82.8351189,RESIDENTIAL,census_geocoder,auditor_street (11/12 dwelling),Non_Exact
"6018 ABERNATHY LN, Columbus, OH, 43232",6018,ABERNATHY LN,,Columbus,OH,43232,39.9144657,-82.8350164,RESIDENTIAL,census_geocoder,auditor_street (18/18 dwelling),Exact
"5916 CHATFORD DR, Columbus, OH, 43232",5916,CHATFORD DR,,Columbus,OH,43232,39.9337963,-82.8344321,RESIDENTIAL,census_geocoder,auditor_street (14/20 dwelling),Exact
"1948 FOUNTAINVIEW CT E, Columbus, OH, 43232",1948,FOUNTAINVIEW CT,E,Columbus,OH,43232,39.9395844,-82.8338881,RESIDENTIAL,census_geocoder,auditor_street (11/12 dwelling),Non_Exact
"1948 FOUNTAINVIEW CT C, Columbus, OH, 43232",1948,FOUNTAINVIEW CT,C,Columbus,OH,43232,39.9395565,-82.8337941,RESIDENTIAL,census_geocoder,auditor_street (11/12 dwelling),Non_Exact
"2594 NOE-BIXBY RD B, Columbus, OH, 43232",2594,NOE-BIXBY RD,B,Columbus,OH,43232,39.9233215,-82.8639499,RESIDENTIAL,census_geocoder,auditor_street (242/328 dwelling),Non_Exact
"3425 WESTPOINT DR, Columbus, OH, 43232",3425,WESTPOINT DR,,Columbus,OH,43232,39.9186605,-82.9052503,RESIDENTIAL,census_geocoder,auditor_street (15/16 dwelling),Exact
"1830 NOE-BIXBY RD, Columbus, OH, 43232",1830,NOE-BIXBY RD,,Columbus,OH,43232,39.9392736,-82.8607463,RESIDENTIAL,census_geocoder,auditor_street (242/328 dwelling),Exact
"3455 WESTPOINT DR, Columbus, OH, 43232",3455,WESTPOINT DR,,Columbus,OH,43232,39.9186787,-82.9043813,RESIDENTIAL,census_geocoder,auditor_street (15/16 dwelling),Exact
"2926 TRACER RD, Columbus, OH, 43232",2926,TRACER RD,,Columbus,OH,43232,39.913734,-82.9034569,RESIDENTIAL,census_geocoder,auditor_street (26/26 dwelling),Exact
"3693 MATHENA WAY, Columbus, OH, 43232",3693,MATHENA WAY,,Columbus,OH,43232,39.9121558,-82.8993623,RESIDENTIAL,census_geocoder,auditor_street (15/15 dwelling),Exact
"5468 IVYHURST DR, Columbus, OH, 43232",5468,IVYHURST DR,,Columbus,OH,43232,39.9413419,-82.8483195,RESIDENTIAL,census_geocoder,auditor_street (50/55 dwelling),Exact
"1811 BAIRSFORD DR 1F, Columbus, OH, 43232",1811,BAIRSFORD DR,1F,Columbus,OH,43232,39.9410884,-82.84535,RESIDENTIAL,census_geocoder,auditor_street (23/27 dwelling),Non_Exact
"5722 SARANAC DR, Columbus, OH, 43232",5722,SARANAC DR,,Columbus,OH,43232,39.9413002,-82.8416223,RESIDENTIAL,census_geocoder,auditor_street (23/31 dwelling),Exact
"824 LITTLE BROOK WAY, Columbus, OH, 43232",824,LITTLE BROOK WAY,,Columbus,OH,43232,39.9445072,-82.8413743,RESIDENTIAL,census_geocoder,auditor_street (30/31 dwelling),Non_Exact
"5960 ABERNATHY LN, Columbus, OH, 43232",5960,ABERNATHY LN,,Columbus,OH,43232,39.9147195,-82.8364793,RESIDENTIAL,census_geocoder,auditor_street (18/18 dwelling),Exact
"1988 FOUNTAINVIEW CT A, Columbus, OH, 43232",1988,FOUNTAINVIEW CT,A,Columbus,OH,43232,39.9391184,-82.8351479,RESIDENTIAL,census_geocoder,auditor_street (11/12 dwelling),Non_Exact
"5892 CHATFORD DR E, Columbus, OH, 43232",5892,CHATFORD DR,E,Columbus,OH,43232,39.9340362,-82.8349801,RESIDENTIAL,census_geocoder,auditor_street (14/20 dwelling),Non_Exact
"5892 CHATFORD DR A, Columbus, OH, 43232",5892,CHATFORD DR,A,Columbus,OH,43232,39.934164,-82.8350921,RESIDENTIAL,census_geocoder,auditor_street (14/20 dwelling),Non_Exact
"5904 CHATFORD DR D, Columbus, OH, 43232",5904,CHATFORD DR,D,Columbus,OH,43232,39.934184,-82.8345053,RESIDENTIAL,census_geocoder,auditor_street (14/20 dwelling),Non_Exact
"1894 FOUNTAINVIEW CT, Columbus, OH, 43232",1894,FOUNTAINVIEW CT,,Columbus,OH,43232,39.9406931,-82.8341372,RESIDENTIAL,census_geocoder,auditor_street (11/12 dwelling),Exact
"2239 GARNET PL, Columbus, OH, 43232",2239,GARNET PL,,Columbus,OH,43232,39.9256865,-82.9074912,RESIDENTIAL,census_geocoder,auditor_street (6/7 dwelling),Exact
"2169 BALFORD SQ E, Columbus, OH, 43232",2169,BALFORD SQ E,,Columbus,OH,43232,39.9274994,-82.9040181,RESIDENTIAL,census_geocoder,auditor_street (45/45 dwelling),Exact
"1759 LONSDALE RD A, Columbus, OH, 43232",1759,LONSDALE RD,A,Columbus,OH,43232,39.9416837,-82.8510592,RESIDENTIAL,census_geocoder,auditor_street (54/64 dwelling),Non_Exact
"3750 WESTPOINT DR UNIT 6, Columbus, OH, 43232",3750,WESTPOINT DR,UNIT 6,Columbus,OH,43232,39.9188899,-82.895484,RESIDENTIAL,census_geocoder,auditor_street (15/16 dwelling),Exact
"2673 NATALIA DR, Columbus, OH, 43232",2673,NATALIA DR,,Columbus,OH,43232,39.9188308,-82.8883311,RESIDENTIAL,census_geocoder,auditor_street (20/20 dwelling),Exact
"2023 BAIRSFORD DR 1D, Columbus, OH, 43232",2023,BAIRSFORD DR,1D,Columbus,OH,43232,39.9366452,-82.8469629,RESIDENTIAL,census_geocoder,auditor_street (23/27 dwelling),Non_Exact
"1955 BAIRSFORD DR, Columbus, OH, 43232",1955,BAIRSFORD DR,,Columbus,OH,43232,39.9380612,-82.8470224,RESIDENTIAL,census_geocoder,auditor_street (23/27 dwelling),Exact
"1777 SUNAPPLE WAY, Columbus, OH, 43232",1777,SUNAPPLE WAY,,Columbus,OH,43232,39.9440066,-82.8436115,RESIDENTIAL,census_geocoder,auditor_street (52/52 dwelling),Exact
"5902 LITTLE BROOK WAY, Columbus, OH, 43232",5902,LITTLE BROOK WAY,,Columbus,OH,43232,39.9453897,-82.8416111,RESIDENTIAL,census_geocoder,auditor_street (30/31 dwelling),Exact
"890 LITTLE BROOK WAY, Columbus, OH, 43232",890,LITTLE BROOK WAY,,Columbus,OH,43232,39.9445072,-82.8413743,RESIDENTIAL,census_geocoder,auditor_street (30/31 dwelling),Non_Exact
"796 LITTLE BROOK WAY, Columbus, OH, 43232",796,LITTLE BROOK WAY,,Columbus,OH,43232,39.9445072,-82.8413743,RESIDENTIAL,census_geocoder,auditor_street (30/31 dwelling),Non_Exact
"2225 GARNET PL, Columbus, OH, 43232",2225,GARNET PL,,Columbus,OH,43232,39.9259855,-82.9075571,RESIDENTIAL,census_geocoder,auditor_street (6/7 dwelling),Exact
"2454 NOE-BIXBY RD, Columbus, OH, 43232",2454,NOE-BIXBY RD,,Columbus,OH,43232,39.9264558,-82.8643767,RESIDENTIAL,census_geocoder,auditor_street (242/328 dwelling),Exact
"3428 WESTPOINT DR, Columbus, OH, 43232",3428,WESTPOINT DR,,Columbus,OH,43232,39.9191944,-82.9053686,RESIDENTIAL,census_geocoder,auditor_street (15/16 dwelling),Exact
"2580 NOE-BIXBY RD D, Columbus, OH, 43232",2580,NOE-BIXBY RD,D,Columbus,OH,43232,39.9236128,-82.8637667,RESIDENTIAL,census_geocoder,auditor_street (242/328 dwelling),Non_Exact
"1928 NOE-BIXBY RD, Columbus, OH, 43232",1928,NOE-BIXBY RD,,Columbus,OH,43232,39.9369577,-82.8618592,RESIDENTIAL,census_geocoder,auditor_street (242/328 dwelling),Exact
"2517 COURTRIGHT RD, Columbus, OH, 43232",2517,COURTRIGHT RD,,Columbus,OH,43232,39.9213883,-82.8978585,RESIDENTIAL,census_geocoder,auditor_street (96/137 dwelling),Exact
"2150 COURTRIGHT RD, Columbus, OH, 43232",2150,COURTRIGHT RD,,Columbus,OH,43232,39.9286901,-82.8977886,RESIDENTIAL,census_geocoder,auditor_street (96/137 dwelling),Exact
"3724 WESTPOINT DR, Columbus, OH, 43232",3724,WESTPOINT DR,,Columbus,OH,43232,39.918747,-82.8961665,RESIDENTIAL,census_geocoder,auditor_street (15/16 dwelling),Exact
"5816 CHATFORD DR C, Columbus, OH, 43232",5816,CHATFORD DR,C,Columbus,OH,43232,39.9340865,-82.837696,RESIDENTIAL,census_geocoder,auditor_street (14/20 dwelling),Non_Exact
"5816 CHATFORD DR, Columbus, OH, 43232",5816,CHATFORD DR,,Columbus,OH,43232,39.9340893,-82.8375502,RESIDENTIAL,census_geocoder,auditor_street (14/20 dwelling),Exact
"5870 CHATFORD DR C, Columbus, OH, 43232",5870,CHATFORD DR,C,Columbus,OH,43232,39.9341211,-82.8360288,RESIDENTIAL,census_geocoder,auditor_street (14/20 dwelling),Non_Exact
"1990 FOUNTAINVIEW CT C, Columbus, OH, 43232",1990,FOUNTAINVIEW CT,C,Columbus,OH,43232,39.9391633,-82.8353186,RESIDENTIAL,census_geocoder,auditor_street (11/12 dwelling),Non_Exact
"1978 FOUNTAINVIEW CT, Columbus, OH, 43232",1978,FOUNTAINVIEW CT,,Columbus,OH,43232,39.9393885,-82.8343413,RESIDENTIAL,census_geocoder,auditor_street (11/12 dwelling),Exact
"1933 FOUNTAINVIEW CT, Columbus, OH, 43232",1933,FOUNTAINVIEW CT,,Columbus,OH,43232,39.9401744,-82.8350441,RESIDENTIAL,census_geocoder,auditor_street (11/12 dwelling),Exact
"2251 GARNET PL, Columbus, OH, 43232",2251,GARNET PL,,Columbus,OH,43232,39.9255162,-82.9075116,RESIDENTIAL,census_geocoder,auditor_street (6/7 dwelling),Exact
"2626 NOE-BIXBY RD B, Columbus, OH, 43232",2626,NOE-BIXBY RD,B,Columbus,OH,43232,39.9226491,-82.8639148,RESIDENTIAL,census_geocoder,auditor_street (242/328 dwelling),Non_Exact
"1946 FOUNTAINVIEW CT C, Columbus, OH, 43232",1946,FOUNTAINVIEW CT,C,Columbus,OH,43232,39.9396628,-82.8337817,RESIDENTIAL,census_geocoder,auditor_street (11/12 dwelling),Non_Exact
"3573 DELPORT WAY, Columbus, OH, 43232",3573,DELPORT WAY,,Columbus,OH,43232,39.9088715,-82.8996821,RESIDENTIAL,census_geocoder,auditor_street (10/10 dwelling),Exact
"1743 LONSDALE RD C, Columbus, OH, 43232",1743,LONSDALE RD,C,Columbus,OH,43232,39.9420095,-82.850786,RESIDENTIAL,census_geocoder,auditor_street (54/64 dwelling),Non_Exact
"4020 VERONIA LN, Columbus, OH, 43232",4020,VERONIA LN,,Columbus,OH,43232,39.9173554,-82.8877879,RESIDENTIAL,census_geocoder,auditor_street (3/4 dwelling),Non_Exact
"5551 CHATFORD DR A, Columbus, OH, 43232",5551,CHATFORD DR,A,Columbus,OH,43232,39.9346599,-82.8454233,RESIDENTIAL,census_geocoder,auditor_street (14/20 dwelling),Non_Exact
"1845 BAIRSFORD DR, Columbus, OH, 43232",1845,BAIRSFORD DR,,Columbus,OH,43232,39.9404969,-82.8461281,RESIDENTIAL,census_geocoder,auditor_street (23/27 dwelling),Exact
"2043 BAIRSFORD DR, Columbus, OH, 43232",2043,BAIRSFORD DR,,Columbus,OH,43232,39.9361664,-82.8464148,RESIDENTIAL,census_geocoder,auditor_street (23/27 dwelling),Exact
"1861 BAIRSFORD DR, Columbus, OH, 43232",1861,BAIRSFORD DR,,Columbus,OH,43232,39.9400621,-82.8461547,RESIDENTIAL,census_geocoder,auditor_street (23/27 dwelling),Exact
"1783 BAIRSFORD DR, Columbus, OH, 43232",1783,BAIRSFORD DR,,Columbus,OH,43232,39.9416934,-82.8446542,RESIDENTIAL,census_geocoder,auditor_street (23/27 dwelling),Exact
"808 LITTLE BROOK WAY, Columbus, OH, 43232",808,LITTLE BROOK WAY,,Columbus,OH,43232,39.9445072,-82.8413743,RESIDENTIAL,census_geocoder,auditor_street (30/31 dwelling),Non_Exact
"5828 CHATFORD DR, Columbus, OH, 43232",5828,CHATFORD DR,,Columbus,OH,43232,39.9341258,-82.8372829,RESIDENTIAL,census_geocoder,auditor_street (14/20 dwelling),Exact
"5858 CHATFORD DR H, Columbus, OH, 43232",5858,CHATFORD DR,H,Columbus,OH,43232,39.934195,-82.8363022,RESIDENTIAL,census_geocoder,auditor_street (14/20 dwelling),Non_Exact
"5864 CHATFORD DR I, Columbus, OH, 43232",5864,CHATFORD DR,I,Columbus,OH,43232,39.934162,-82.83609,RESIDENTIAL,census_geocoder,auditor_street (14/20 dwelling),Non_Exact
"1948 FOUNTAINVIEW CT G, Columbus, OH, 43232",1948,FOUNTAINVIEW CT,G,Columbus,OH,43232,39.9396133,-82.8339861,RESIDENTIAL,census_geocoder,auditor_street (11/12 dwelling),Non_Exact
"1944 FOUNTAINVIEW CT D, Columbus, OH, 43232",1944,FOUNTAINVIEW CT,D,Columbus,OH,43232,39.9399216,-82.8339514,RESIDENTIAL,census_geocoder,auditor_street (11/12 dwelling),Non_Exact
"2947 THORNELL WAY, Columbus, OH, 43232",2947,THORNELL WAY,,Columbus,OH,43232,39.9186444,-82.8473614,RESIDENTIAL,census_geocoder,auditor_street (10/10 dwelling),Exact
"5668 SARANAC DR, Columbus, OH, 43232",5668,SARANAC DR,,Columbus,OH,43232,39.9416256,-82.8429792,RESIDENTIAL,census_geocoder,auditor_street (23/31 dwelling),Exact
"1752 SUNAPPLE WAY, Columbus, OH, 43232",1752,SUNAPPLE WAY,,Columbus,OH,43232,39.9447437,-82.8431372,RESIDENTIAL,census_geocoder,auditor_street (52/52 dwelling),Exact
"814 LITTLE BROOK WAY, Columbus, OH, 43232",814,LITTLE BROOK WAY,,Columbus,OH,43232,39.9445072,-82.8413743,RESIDENTIAL,census_geocoder,auditor_street (30/31 dwelling),Non_Exact
"2788 NOE-BIXBY RD, Columbus, OH, 43232",2788,NOE-BIXBY RD,,Columbus,OH,43232,39.9192663,-82.8646954,RESIDENTIAL,census_geocoder,auditor_street (242/328 dwelling),Exact
"5834 CHATFORD DR C, Columbus, OH, 43232",5834,CHATFORD DR,C,Columbus,OH,43232,39.9341895,-82.8371748,RESIDENTIAL,census_geocoder,auditor_street (14/20 dwelling),Non_Exact
"5858 CHATFORD DR D, Columbus, OH, 43232",5858,CHATFORD DR,D,Columbus,OH,43232,39.9340793,-82.8364502,RESIDENTIAL,census_geocoder,auditor_street (14/20 dwelling),Non_Exact
"2626 NOE-BIXBY RD A, Columbus, OH, 43232",2626,NOE-BIXBY RD,A,Columbus,OH,43232,39.9225863,-82.8639209,RESIDENTIAL,census_geocoder,auditor_street (242/328 dwelling),Non_Exact
"5884 CHATFORD DR I, Columbus, OH, 43232",5884,CHATFORD DR,I,Columbus,OH,43232,39.9340591,-82.8353231,RESIDENTIAL,census_geocoder,auditor_street (14/20 dwelling),Non_Exact
"3476 WALNUT DR, Columbus, OH, 43232",3476,WALNUT DR,,Columbus,OH,43232,39.9218145,-82.9039008,RESIDENTIAL,census_geocoder,auditor_street (30/37 dwelling),Exact
"2051 BAIRSFORD DR, Columbus, OH, 43232",2051,BAIRSFORD DR,,Columbus,OH,43232,39.9360014,-82.8463475,RESIDENTIAL,census_geocoder,auditor_street (23/27 dwelling),Exact
"1813 BAIRSFORD DR 2B, Columbus, OH, 43232",1813,BAIRSFORD DR,2B,Columbus,OH,43232,39.9408509,-82.8453744,RESIDENTIAL,census_geocoder,auditor_street (23/27 dwelling),Non_Exact
"2213 GARNET PL, Columbus, OH, 43232",2213,GARNET PL,,Columbus,OH,43232,39.9259931,-82.9077319,RESIDENTIAL,census_geocoder,auditor_street (6/7 dwelling),Exact
"1783 SUNAPPLE WAY, Columbus, OH, 43232",1783,SUNAPPLE WAY,,Columbus,OH,43232,39.9439102,-82.8437287,RESIDENTIAL,census_geocoder,auditor_street (52/52 dwelling),Exact
"3270 MERIDIAN RD, Columbus, OH, 43232",3270,MERIDIAN RD,,Columbus,OH,43232,39.9263451,-82.9055711,RESIDENTIAL,census_geocoder,auditor_street (22/24 dwelling),Exact
"5686 SARANAC DR, Columbus, OH, 43232",5686,SARANAC DR,,Columbus,OH,43232,39.941619,-82.8424371,RESIDENTIAL,census_geocoder,auditor_street (23/31 dwelling),Exact
"1722 SUNAPPLE WAY, Columbus, OH, 43232",1722,SUNAPPLE WAY,,Columbus,OH,43232,39.9454531,-82.8427341,RESIDENTIAL,census_geocoder,auditor_street (52/52 dwelling),Exact
"792 LITTLE BROOK WAY, Columbus, OH, 43232",792,LITTLE BROOK WAY,,Columbus,OH,43232,39.9445072,-82.8413743,RESIDENTIAL,census_geocoder,auditor_street (30/31 dwelling),Non_Exact
"3507 PETZINGER RD, Columbus, OH, 43232",3507,PETZINGER RD,,Columbus,OH,43232,39.9271947,-82.8997538,RESIDENTIAL,census_geocoder,auditor_street (122/146 dwelling),Exact
"2949 WHITLOW RD, Columbus, OH, 43232",2949,WHITLOW RD,,Columbus,OH,43232,39.9176254,-82.8528112,RESIDENTIAL,census_geocoder,auditor_street (36/36 dwelling),Exact
"5834 CHATFORD DR H, Columbus, OH, 43232",5834,CHATFORD DR,H,Columbus,OH,43232,39.9342537,-82.8370625,RESIDENTIAL,census_geocoder,auditor_street (14/20 dwelling),Non_Exact
"5834 CHATFORD DR, Columbus, OH, 43232",5834,CHATFORD DR,,Columbus,OH,43232,39.9341257,-82.8371799,RESIDENTIAL,census_geocoder,auditor_street (14/20 dwelling),Exact
"5852 CHATFORD DR D, Columbus, OH, 43232",5852,CHATFORD DR,D,Columbus,OH,43232,39.9341688,-82.8365621,RESIDENTIAL,census_geocoder,auditor_street (14/20 dwelling),Non_Exact
"2144 COURTRIGHT RD, Columbus, OH, 43232",2144,COURTRIGHT RD,,Columbus,OH,43232,39.9286901,-82.8977886,RESIDENTIAL,census_geocoder,auditor_street (96/137 dwelling),Exact
"1965 FOUNTAINVIEW CT, Columbus, OH, 43232",1965,FOUNTAINVIEW CT,,Columbus,OH,43232,39.9398736,-82.8355918,RESIDENTIAL,census_geocoder,auditor_street (11/12 dwelling),Exact
"5896 CHATFORD DR D, Columbus, OH, 43232",5896,CHATFORD DR,D,Columbus,OH,43232,39.93406,-82.8348768,RESIDENTIAL,census_geocoder,auditor_street (14/20 dwelling),Non_Exact
"1986 FOUNTAINVIEW CT E, Columbus, OH, 43232",1986,FOUNTAINVIEW CT,E,Columbus,OH,43232,39.9392803,-82.8349949,RESIDENTIAL,census_geocoder,auditor_street (11/12 dwelling),Non_Exact
"1986 FOUNTAINVIEW CT H, Columbus, OH, 43232",1986,FOUNTAINVIEW CT,H,Columbus,OH,43232,39.939292,-82.834963,RESIDENTIAL,census_geocoder,auditor_street (11/12 dwelling),Non_Exact
"1974 FOUNTAINVIEW CT, Columbus, OH, 43232",1974,FOUNTAINVIEW CT,,Columbus,OH,43232,39.9393805,-82.8342485,RESIDENTIAL,census_geocoder,auditor_street (11/12 dwelling),Exact
"2728 NATALIA DR, Columbus, OH, 43232",2728,NATALIA DR,,Columbus,OH,43232,39.9174953,-82.8881861,RESIDENTIAL,census_geocoder,auditor_street (20/20 dwelling),Exact
"2771 GLENBRIAR CT, Columbus, OH, 43232",2771,GLENBRIAR CT,,Columbus,OH,43232,39.9221105,-82.8487042,RESIDENTIAL,census_geocoder,auditor_street (11/11 dwelling),Exact
"2053 BAIRSFORD DR, Columbus, OH, 43232",2053,BAIRSFORD DR,,Columbus,OH,43232,39.9359314,-82.846296,RESIDENTIAL,census_geocoder,auditor_street (23/27 dwelling),Exact
"1973 BAIRSFORD DR, Columbus, OH, 43232",1973,BAIRSFORD DR,,Columbus,OH,43232,39.9377377,-82.8467984,RESIDENTIAL,census_geocoder,auditor_street (23/27 dwelling),Exact
"1825 BAIRSFORD DR, Columbus, OH, 43232",1825,BAIRSFORD DR,,Columbus,OH,43232,39.9406725,-82.8459944,RESIDENTIAL,census_geocoder,auditor_street (23/27 dwelling),Exact
"1817 BAIRSFORD DR, Columbus, OH, 43232",1817,BAIRSFORD DR,,Columbus,OH,43232,39.9405386,-82.8458351,RESIDENTIAL,census_geocoder,auditor_street (23/27 dwelling),Exact
"1811 BAIRSFORD DR 2M, Columbus, OH, 43232",1811,BAIRSFORD DR,2M,Columbus,OH,43232,39.941368,-82.8454744,RESIDENTIAL,census_geocoder,auditor_street (23/27 dwelling),Non_Exact
"1811 BAIRSFORD DR 1H, Columbus, OH, 43232",1811,BAIRSFORD DR,1H,Columbus,OH,43232,39.9411394,-82.8454114,RESIDENTIAL,census_geocoder,auditor_street (23/27 dwelling),Non_Exact
"1718 SUNAPPLE WAY, Columbus, OH, 43232",1718,SUNAPPLE WAY,,Columbus,OH,43232,39.9455795,-82.8427169,RESIDENTIAL,census_geocoder,auditor_street (52/52 dwelling),Exact
"5716 SARANAC DR, Columbus, OH, 43232",5716,SARANAC DR,,Columbus,OH,43232,39.9412531,-82.8417469,RESIDENTIAL,census_geocoder,auditor_street (23/31 dwelling),Exact
"5788 SARANAC DR, Columbus, OH, 43232",5788,SARANAC DR,,Columbus,OH,43232,39.9414953,-82.8396582,RESIDENTIAL,census_geocoder,auditor_street (23/31 dwelling),Exact
"5804 CHATFORD DR D, Columbus, OH, 43232",5804,CHATFORD DR,D,Columbus,OH,43232,39.9338772,-82.8378202,RESIDENTIAL,census_geocoder,auditor_street (14/20 dwelling),Non_Exact
"1831 BAIRSFORD DR, Columbus, OH, 43232",1831,BAIRSFORD DR,,Columbus,OH,43232,39.9407352,-82.8461784,RESIDENTIAL,census_geocoder,auditor_street (23/27 dwelling),Exact
"1813 BAIRSFORD DR 2K, Columbus, OH, 43232",1813,BAIRSFORD DR,2K,Columbus,OH,43232,39.9410432,-82.8456246,RESIDENTIAL,census_geocoder,auditor_street (23/27 dwelling),Non_Exact
"5948 LITTLE BROOK WAY, Columbus, OH, 43232",5948,LITTLE BROOK WAY,,Columbus,OH,43232,39.9446827,-82.8405252,RESIDENTIAL,census_geocoder,auditor_street (30/31 dwelling),Exact
"3278 EDINWICK WAY, Columbus, OH, 43232",3278,EDINWICK WAY,,Columbus,OH,43232,39.9142726,-82.8379716,RESIDENTIAL,census_geocoder,auditor_street (8/8 dwelling),Exact
"5816 CHATFORD DR E, Columbus, OH, 43232",5816,CHATFORD DR,E,Columbus,OH,43232,39.934184,-82.8376729,RESIDENTIAL,census_geocoder,auditor_street (14/20 dwelling),Non_Exact
"1863 MISTY WAY, Columbus, OH, 43232",1863,MISTY WAY,,Columbus,OH,43232,39.9429163,-82.8380817,RESIDENTIAL,census_geocoder,auditor_street (47/47 dwelling),Exact
"5908 CHATFORD DR F, Columbus, OH, 43232",5908,CHATFORD DR,F,Columbus,OH,43232,39.9341059,-82.8344187,RESIDENTIAL,census_geocoder,auditor_street (14/20 dwelling),Non_Exact
"1906 FOUNTAINVIEW CT, Columbus, OH, 43232",1906,FOUNTAINVIEW CT,,Columbus,OH,43232,39.9405416,-82.8342898,RESIDENTIAL,census_geocoder,auditor_street (11/12 dwelling),Exact
"1942 FOUNTAINVIEW CT, Columbus, OH, 43232",1942,FOUNTAINVIEW CT,,Columbus,OH,43232,39.940219,-82.833846,RESIDENTIAL,census_geocoder,auditor_street (11/12 dwelling),Exact
"2283 COURTRIGHT RD, Columbus, OH, 43232",2283,COURTRIGHT RD,,Columbus,OH,43232,39.9255286,-82.8990302,RESIDENTIAL,census_geocoder,auditor_street (96/137 dwelling),Exact
"3543 PETZINGER RD, Columbus, OH, 43232",3543,PETZINGER RD,,Columbus,OH,43232,39.9266815,-82.8992927,RESIDENTIAL,census_geocoder,auditor_street (122/146 dwelling),Exact
"3760 WESTPOINT DR UNIT 4, Columbus, OH, 43232",3760,WESTPOINT DR,UNIT 4,Columbus,OH,43232,39.918967,-82.8951646,RESIDENTIAL,census_geocoder,auditor_street (15/16 dwelling),Exact
"1727 LONSDALE RD C, Columbus, OH, 43232",1727,LONSDALE RD,C,Columbus,OH,43232,39.9422959,-82.8506493,RESIDENTIAL,census_geocoder,auditor_street (54/64 dwelling),Non_Exact
"1699 LONSDALE RD UNIT B, Columbus, OH, 43232",1699,LONSDALE RD,UNIT B,Columbus,OH,43232,39.9427818,-82.8504357,RESIDENTIAL,census_geocoder,auditor_street (54/64 dwelling),Non_Exact
"5030 LINDORA DR CATV, Columbus, OH, 43232",5030,LINDORA DR,CATV,Columbus,OH,43232,39.9242202,-82.8570662,RESIDENTIAL,census_geocoder,auditor_street (62/65 dwelling),Non_Exact
"2497 COURTRIGHT RD, Columbus, OH, 43232",2497,COURTRIGHT RD,,Columbus,OH,43232,39.9217459,-82.8976037,RESIDENTIAL,census_geocoder,auditor_street (96/137 dwelling),Exact
"2480 COURTRIGHT RD, Columbus, OH, 43232",2480,COURTRIGHT RD,,Columbus,OH,43232,39.922148,-82.8973202,RESIDENTIAL,census_geocoder,auditor_street (96/137 dwelling),Exact
"1813 BAIRSFORD DR 1F, Columbus, OH, 43232",1813,BAIRSFORD DR,1F,Columbus,OH,43232,39.9409132,-82.8456809,RESIDENTIAL,census_geocoder,auditor_street (23/27 dwelling),Non_Exact
"5992 LITTLE BROOK WAY, Columbus, OH, 43232",5992,LITTLE BROOK WAY,,Columbus,OH,43232,39.9444401,-82.8392098,RESIDENTIAL,census_geocoder,auditor_street (30/31 dwelling),Exact
"5951 MORRISSEY ST, Columbus, OH, 43232",5951,MORRISSEY ST,,Columbus,OH,43232,39.9135664,-82.8365237,RESIDENTIAL,census_geocoder,auditor_street (22/22 dwelling),Exact
"5840 CHATFORD DR F, Columbus, OH, 43232",5840,CHATFORD DR,F,Columbus,OH,43232,39.9341285,-82.8369027,RESIDENTIAL,census_geocoder,auditor_street (14/20 dwelling),Non_Exact
"5912 CHATFORD DR E, Columbus, OH, 43232",5912,CHATFORD DR,E,Columbus,OH,43232,39.9340406,-82.834251,RESIDENTIAL,census_geocoder,auditor_street (14/20 dwelling),Non_Exact
"1984 FOUNTAINVIEW CT C, Columbus, OH, 43232",1984,FOUNTAINVIEW CT,C,Columbus,OH,43232,39.9391899,-82.8348261,RESIDENTIAL,census_geocoder,auditor_street (11/12 dwelling),Non_Exact
"1927 FOUNTAINVIEW CT, Columbus, OH, 43232",1927,FOUNTAINVIEW CT,,Columbus,OH,43232,39.9401693,-82.8349085,RESIDENTIAL,census_geocoder,auditor_street (11/12 dwelling),Exact
"1854 NOE-BIXBY RD, Columbus, OH, 43232",1854,NOE-BIXBY RD,,Columbus,OH,43232,39.9387015,-82.8613685,RESIDENTIAL,census_geocoder,auditor_street (242/328 dwelling),Exact
"3541 PETZINGER RD, Columbus, OH, 43232",3541,PETZINGER RD,,Columbus,OH,43232,39.9266714,-82.8991679,RESIDENTIAL,census_geocoder,auditor_street (122/146 dwelling),Exact
"3744 WESTPOINT DR UNIT 5, Columbus, OH, 43232",3744,WESTPOINT DR,UNIT 5,Columbus,OH,43232,39.9188023,-82.895727,RESIDENTIAL,census_geocoder,auditor_street (15/16 dwelling),Exact
"2013 BAIRSFORD DR, Columbus, OH, 43232",2013,BAIRSFORD DR,,Columbus,OH,43232,39.937043,-82.8469522,RESIDENTIAL,census_geocoder,auditor_street (23/27 dwelling),Exact
"1999 BAIRSFORD DR, Columbus, OH, 43232",1999,BAIRSFORD DR,,Columbus,OH,43232,39.9372338,-82.8470798,RESIDENTIAL,census_geocoder,auditor_street (23/27 dwelling),Exact
"1907 BAIRSFORD DR, Columbus, OH, 43232",1907,BAIRSFORD DR,,Columbus,OH,43232,39.9391758,-82.8466482,RESIDENTIAL,census_geocoder,auditor_street (23/27 dwelling),Exact
"5875 LITTLE BROOK WAY, Columbus, OH, 43232",5875,LITTLE BROOK WAY,,Columbus,OH,43232,39.9454261,-82.8424063,RESIDENTIAL,census_geocoder,auditor_street (30/31 dwelling),Exact
"5889 LITTLE BROOK WAY, Columbus, OH, 43232",5889,LITTLE BROOK WAY,,Columbus,OH,43232,39.9451309,-82.8420473,RESIDENTIAL,census_geocoder,auditor_street (30/31 dwelling),Exact
"810 LITTLE BROOK WAY, Columbus, OH, 43232",810,LITTLE BROOK WAY,,Columbus,OH,43232,39.9445072,-82.8413743,RESIDENTIAL,census_geocoder,auditor_street (30/31 dwelling),Non_Exact
"5818 CHATFORD DR, Columbus, OH, 43232",5818,CHATFORD DR,,Columbus,OH,43232,39.9339542,-82.8358592,RESIDENTIAL,census_geocoder,auditor_street (14/20 dwelling),Exact
"5814 CHATFORD DR, Columbus, OH, 43232",5814,CHATFORD DR,,Columbus,OH,43232,39.9339542,-82.8358592,RESIDENTIAL,census_geocoder,auditor_street (14/20 dwelling),Exact
"1947 FOUNTAINVIEW CT, Columbus, OH, 43232",1947,FOUNTAINVIEW CT,,Columbus,OH,43232,39.9400499,-82.8353823,RESIDENTIAL,census_geocoder,auditor_street (11/12 dwelling),Exact
"1945 FOUNTAINVIEW CT, Columbus, OH, 43232",1945,FOUNTAINVIEW CT,,Columbus,OH,43232,39.9401877,-82.8352011,RESIDENTIAL,census_geocoder,auditor_street (11/12 dwelling),Exact
"3678 MATHENA WAY, Columbus, OH, 43232",3678,MATHENA WAY,,Columbus,OH,43232,39.9125082,-82.8998777,RESIDENTIAL,census_geocoder,auditor_street (15/15 dwelling),Exact
"5332 CHAUMONTE AVE, Columbus, OH, 43232",5332,CHAUMONTE AVE,,Columbus,OH,43232,39.9177992,-82.8471409,RESIDENTIAL,census_geocoder,auditor_street (22/22 dwelling),Exact
"1965 BAIRSFORD DR, Columbus, OH, 43232",1965,BAIRSFORD DR,,Columbus,OH,43232,39.9379733,-82.8470182,RESIDENTIAL,census_geocoder,auditor_street (23/27 dwelling),Exact
"2069 BAIRSFORD DR, Columbus, OH, 43232",2069,BAIRSFORD DR,,Columbus,OH,43232,39.9356542,-82.8461368,RESIDENTIAL,census_geocoder,auditor_street (23/27 dwelling),Exact
"5567 CHATFORD DR E, Columbus, OH, 43232",5567,CHATFORD DR,E,Columbus,OH,43232,39.934243,-82.8443064,RESIDENTIAL,census_geocoder,auditor_street (14/20 dwelling),Non_Exact
"2161 S JAMES RD, Columbus, OH, 43232",2161,S JAMES RD,,Columbus,OH,43232,39.9270548,-82.9179709,RESIDENTIAL,census_geocoder,auditor_street (351/451 dwelling),Exact
"788 LITTLE BROOK WAY, Columbus, OH, 43232",788,LITTLE BROOK WAY,,Columbus,OH,43232,39.9445072,-82.8413743,RESIDENTIAL,census_geocoder,auditor_street (30/31 dwelling),Non_Exact
"1819 MISTY WAY, Columbus, OH, 43232",1819,MISTY WAY,,Columbus,OH,43232,39.9439015,-82.83916,RESIDENTIAL,census_geocoder,auditor_street (47/47 dwelling),Exact
"5858 CHATFORD DR I, Columbus, OH, 43232",5858,CHATFORD DR,I,Columbus,OH,43232,39.934114,-82.8363049,RESIDENTIAL,census_geocoder,auditor_street (14/20 dwelling),Non_Exact
"5993 ABERNATHY LN, Columbus, OH, 43232",5993,ABERNATHY LN,,Columbus,OH,43232,39.9143437,-82.8355927,RESIDENTIAL,census_geocoder,auditor_street (18/18 dwelling),Exact
"5994 ABERNATHY LN, Columbus, OH, 43232",5994,ABERNATHY LN,,Columbus,OH,43232,39.9146947,-82.8355594,RESIDENTIAL,census_geocoder,auditor_street (18/18 dwelling),Exact
"1877 FOUNTAINVIEW CT G, Columbus, OH, 43232",1877,FOUNTAINVIEW CT,G,Columbus,OH,43232,39.941058,-82.8350499,RESIDENTIAL,census_geocoder,auditor_street (11/12 dwelling),Non_Exact
"1908 FOUNTAINVIEW CT, Columbus, OH, 43232",1908,FOUNTAINVIEW CT,,Columbus,OH,43232,39.940531,-82.8341613,RESIDENTIAL,census_geocoder,auditor_street (11/12 dwelling),Exact
"1858 NOE-BIXBY RD, Columbus, OH, 43232",1858,NOE-BIXBY RD,,Columbus,OH,43232,39.9386348,-82.8614413,RESIDENTIAL,census_geocoder,auditor_street (242/328 dwelling),Exact
"2509 COURTRIGHT RD, Columbus, OH, 43232",2509,COURTRIGHT RD,,Columbus,OH,43232,39.9215155,-82.8974258,RESIDENTIAL,census_geocoder,auditor_street (96/137 dwelling),Exact
"2612 COURTRIGHT RD, Columbus, OH, 43232",2612,COURTRIGHT RD,,Columbus,OH,43232,39.9200617,-82.8962382,RESIDENTIAL,census_geocoder,auditor_street (96/137 dwelling),Exact
"3635 WINCHESTER BEND DR, Columbus, OH, 43232",3635,WINCHESTER BEND DR,,Columbus,OH,43232,39.9016004,-82.8898954,RESIDENTIAL,census_geocoder,auditor_street (88/89 dwelling),Exact
"1881 BAIRSFORD DR, Columbus, OH, 43232",1881,BAIRSFORD DR,,Columbus,OH,43232,39.9397837,-82.846723,RESIDENTIAL,census_geocoder,auditor_street (23/27 dwelling),Exact
"1847 BAIRSFORD DR, Columbus, OH, 43232",1847,BAIRSFORD DR,,Columbus,OH,43232,39.9404676,-82.8460789,RESIDENTIAL,census_geocoder,auditor_street (23/27 dwelling),Exact
"848 LITTLE BROOK WAY, Columbus, OH, 43232",848,LITTLE BROOK WAY,,Columbus,OH,43232,39.9445072,-82.8413743,RESIDENTIAL,census_geocoder,auditor_street (30/31 dwelling),Non_Exact
"820 LITTLE BROOK WAY, Columbus, OH, 43232",820,LITTLE BROOK WAY,,Columbus,OH,43232,39.9445072,-82.8413743,RESIDENTIAL,census_geocoder,auditor_street (30/31 dwelling),Non_Exact
"1818 MISTY WAY, Columbus, OH, 43232",1818,MISTY WAY,,Columbus,OH,43232,39.9436615,-82.8388111,RESIDENTIAL,census_geocoder,auditor_street (47/47 dwelling),Exact
"5880 CHATFORD DR E, Columbus, OH, 43232",5880,CHATFORD DR,E,Columbus,OH,43232,39.9341724,-82.8355956,RESIDENTIAL,census_geocoder,auditor_street (14/20 dwelling),Non_Exact
"5892 CHATFORD DR F, Columbus, OH, 43232",5892,CHATFORD DR,F,Columbus,OH,43232,39.9341696,-82.8349954,RESIDENTIAL,census_geocoder,auditor_street (14/20 dwelling),Non_Exact
"1935 FOUNTAINVIEW CT, Columbus, OH, 43232",1935,FOUNTAINVIEW CT,,Columbus,OH,43232,39.9400811,-82.8350365,RESIDENTIAL,census_geocoder,auditor_street (11/12 dwelling),Exact
"2119 COURTRIGHT RD, Columbus, OH, 43232",2119,COURTRIGHT RD,,Columbus,OH,43232,39.9290879,-82.8987721,RESIDENTIAL,census_geocoder,auditor_street (96/137 dwelling),Exact
"5413 JACK RUSSELL WAY, Columbus, OH, 43232",5413,JACK RUSSELL WAY,,Columbus,OH,43232,39.9084397,-82.8510393,RESIDENTIAL,census_geocoder,auditor_street (5/5 dwelling),Exact
"2733 NATALIA DR, Columbus, OH, 43232",2733,NATALIA DR,,Columbus,OH,43232,39.9174291,-82.8886367,RESIDENTIAL,census_geocoder,auditor_street (20/20 dwelling),Exact
"1829 BAIRSFORD DR, Columbus, OH, 43232",1829,BAIRSFORD DR,,Columbus,OH,43232,39.9407239,-82.8460785,RESIDENTIAL,census_geocoder,auditor_street (23/27 dwelling),Exact
"1811 BAIRSFORD DR 1N, Columbus, OH, 43232",1811,BAIRSFORD DR,1N,Columbus,OH,43232,39.941305,-82.8456157,RESIDENTIAL,census_geocoder,auditor_street (23/27 dwelling),Non_Exact
"2963 QUINBY DR, Columbus, OH, 43232",2963,QUINBY DR,,Columbus,OH,43232,39.9188751,-82.8436468,RESIDENTIAL,census_geocoder,auditor_street (48/50 dwelling),Exact
"1789 SUNAPPLE WAY, Columbus, OH, 43232",1789,SUNAPPLE WAY,,Columbus,OH,43232,39.9438305,-82.8437426,RESIDENTIAL,census_geocoder,auditor_street (52/52 dwelling),Exact
"1843 QUARRY RIDGE DR CATV, Columbus, OH, 43232",1843,QUARRY RIDGE DR,CATV,Columbus,OH,43232,39.9433001,-82.841115,RESIDENTIAL,census_geocoder,auditor_street (6/6 dwelling),Non_Exact
"878 LITTLE BROOK WAY, Columbus, OH, 43232",878,LITTLE BROOK WAY,,Columbus,OH,43232,39.9445072,-82.8413743,RESIDENTIAL,census_geocoder,auditor_street (30/31 dwelling),Non_Exact
"5858 CHATFORD DR E, Columbus, OH, 43232",5858,CHATFORD DR,E,Columbus,OH,43232,39.9342124,-82.8363815,RESIDENTIAL,census_geocoder,auditor_street (14/20 dwelling),Non_Exact
"5870 CHATFORD DR D, Columbus, OH, 43232",5870,CHATFORD DR,D,Columbus,OH,43232,39.9340915,-82.8360299,RESIDENTIAL,census_geocoder,auditor_street (14/20 dwelling),Non_Exact
"5916 CHATFORD DR H, Columbus, OH, 43232",5916,CHATFORD DR,H,Columbus,OH,43232,39.9337855,-82.834449,RESIDENTIAL,census_geocoder,auditor_street (14/20 dwelling),Non_Exact
"1925 FOUNTAINVIEW CT, Columbus, OH, 43232",1925,FOUNTAINVIEW CT,,Columbus,OH,43232,39.9400731,-82.8349259,RESIDENTIAL,census_geocoder,auditor_street (11/12 dwelling),Exact
"1879 FOUNTAINVIEW CT C, Columbus, OH, 43232",1879,FOUNTAINVIEW CT,C,Columbus,OH,43232,39.9408861,-82.8352593,RESIDENTIAL,census_geocoder,auditor_street (11/12 dwelling),Non_Exact
"1912 FOUNTAINVIEW CT, Columbus, OH, 43232",1912,FOUNTAINVIEW CT,,Columbus,OH,43232,39.9402479,-82.8343062,RESIDENTIAL,census_geocoder,auditor_street (11/12 dwelling),Exact
"1888 FOUNTAINVIEW CT, Columbus, OH, 43232",1888,FOUNTAINVIEW CT,,Columbus,OH,43232,39.9407613,-82.8342694,RESIDENTIAL,census_geocoder,auditor_street (11/12 dwelling),Exact
"2554 ILENE RD, Columbus, OH, 43232",2554,ILENE RD,,Columbus,OH,43232,39.92465,-82.8613389,RESIDENTIAL,census_geocoder,auditor_street (19/19 dwelling),Exact
"5557 CHATFORD DR, Columbus, OH, 43232",5557,CHATFORD DR,,Columbus,OH,43232,39.9342454,-82.8446676,RESIDENTIAL,census_geocoder,auditor_street (14/20 dwelling),Exact
"1795 BAIRSFORD DR, Columbus, OH, 43232",1795,BAIRSFORD DR,,Columbus,OH,43232,39.9414627,-82.8444898,RESIDENTIAL,census_geocoder,auditor_street (23/27 dwelling),Exact
"3724 WESTPOINT DR UNIT 2, Columbus, OH, 43232",3724,WESTPOINT DR,UNIT 2,Columbus,OH,43232,39.9187513,-82.8961174,RESIDENTIAL,census_geocoder,auditor_street (15/16 dwelling),Exact
"738 LITTLE BROOK WAY, Columbus, OH, 43232",738,LITTLE BROOK WAY,,Columbus,OH,43232,39.9445072,-82.8413743,RESIDENTIAL,census_geocoder,auditor_street (30/31 dwelling),Non_Exact
"868 LITTLE BROOK WAY, Columbus, OH, 43232",868,LITTLE BROOK WAY,,Columbus,OH,43232,39.9445072,-82.8413743,RESIDENTIAL,census_geocoder,auditor_street (30/31 dwelling),Non_Exact
"834 LITTLE BROOK WAY, Columbus, OH, 43232",834,LITTLE BROOK WAY,,Columbus,OH,43232,39.9445072,-82.8413743,RESIDENTIAL,census_geocoder,auditor_street (30/31 dwelling),Non_Exact
"1820 MISTY WAY, Columbus, OH, 43232",1820,MISTY WAY,,Columbus,OH,43232,39.9436339,-82.8388716,RESIDENTIAL,census_geocoder,auditor_street (47/47 dwelling),Exact
"5868 CHATFORD DR, Columbus, OH, 43232",5868,CHATFORD DR,,Columbus,OH,43232,39.9339542,-82.8358592,RESIDENTIAL,census_geocoder,auditor_street (14/20 dwelling),Exact
"1892 FOUNTAINVIEW CT, Columbus, OH, 43232",1892,FOUNTAINVIEW CT,,Columbus,OH,43232,39.9407233,-82.8341302,RESIDENTIAL,census_geocoder,auditor_street (11/12 dwelling),Exact
"2277 COURTRIGHT RD, Columbus, OH, 43232",2277,COURTRIGHT RD,,Columbus,OH,43232,39.925721,-82.8990481,RESIDENTIAL,census_geocoder,auditor_street (96/137 dwelling),Exact
"2125 COURTRIGHT RD, Columbus, OH, 43232",2125,COURTRIGHT RD,,Columbus,OH,43232,39.9289287,-82.8987904,RESIDENTIAL,census_geocoder,auditor_street (96/137 dwelling),Exact
"2512 COURTRIGHT RD, Columbus, OH, 43232",2512,COURTRIGHT RD,,Columbus,OH,43232,39.9217814,-82.8967849,RESIDENTIAL,census_geocoder,auditor_street (96/137 dwelling),Exact
"1832 NOE-BIXBY RD, Columbus, OH, 43232",1832,NOE-BIXBY RD,,Columbus,OH,43232,39.9392595,-82.8607631,RESIDENTIAL,census_geocoder,auditor_street (242/328 dwelling),Exact
"1814 NOE-BIXBY RD, Columbus, OH, 43232",1814,NOE-BIXBY RD,,Columbus,OH,43232,39.9394688,-82.8605395,RESIDENTIAL,census_geocoder,auditor_street (242/328 dwelling),Exact
"3574 DELPORT WAY, Columbus, OH, 43232",3574,DELPORT WAY,,Columbus,OH,43232,39.9092612,-82.8997058,RESIDENTIAL,census_geocoder,auditor_street (10/10 dwelling),Exact
"2462 COURTRIGHT RD, Columbus, OH, 43232",2462,COURTRIGHT RD,,Columbus,OH,43232,39.9224524,-82.8977836,RESIDENTIAL,census_geocoder,auditor_street (96/137 dwelling),Exact
"3770 WESTPOINT DR UNIT 5, Columbus, OH, 43232",3770,WESTPOINT DR,UNIT 5,Columbus,OH,43232,39.919084,-82.8950079,RESIDENTIAL,census_geocoder,auditor_street (15/16 dwelling),Exact
"1759 LONSDALE RD C, Columbus, OH, 43232",1759,LONSDALE RD,C,Columbus,OH,43232,39.9416506,-82.8509476,RESIDENTIAL,census_geocoder,auditor_street (54/64 dwelling),Non_Exact
"5389 JACK RUSSELL WAY, Columbus, OH, 43232",5389,JACK RUSSELL WAY,,Columbus,OH,43232,39.9084515,-82.8516738,RESIDENTIAL,census_geocoder,auditor_street (5/5 dwelling),Exact
"1837 BAIRSFORD DR, Columbus, OH, 43232",1837,BAIRSFORD DR,,Columbus,OH,43232,39.9406456,-82.8462833,RESIDENTIAL,census_geocoder,auditor_street (23/27 dwelling),Exact
"1751 LONSDALE RD B, Columbus, OH, 43232",1751,LONSDALE RD,B,Columbus,OH,43232,39.9417479,-82.8509348,RESIDENTIAL,census_geocoder,auditor_street (54/64 dwelling),Non_Exact
"5533 CHATFORD DR, Columbus, OH, 43232",5533,CHATFORD DR,,Columbus,OH,43232,39.9349967,-82.8455231,RESIDENTIAL,census_geocoder,auditor_street (14/20 dwelling),Exact
"5553 CHATFORD DR H, Columbus, OH, 43232",5553,CHATFORD DR,H,Columbus,OH,43232,39.9346052,-82.8447996,RESIDENTIAL,census_geocoder,auditor_street (14/20 dwelling),Non_Exact
"5658 SARANAC DR, Columbus, OH, 43232",5658,SARANAC DR,,Columbus,OH,43232,39.9416254,-82.8430683,RESIDENTIAL,census_geocoder,auditor_street (23/31 dwelling),Exact
"2023 BAIRSFORD DR 1C, Columbus, OH, 43232",2023,BAIRSFORD DR,1C,Columbus,OH,43232,39.9366384,-82.8470247,RESIDENTIAL,census_geocoder,auditor_street (23/27 dwelling),Non_Exact
"840 LITTLE BROOK WAY, Columbus, OH, 43232",840,LITTLE BROOK WAY,,Columbus,OH,43232,39.9445072,-82.8413743,RESIDENTIAL,census_geocoder,auditor_street (30/31 dwelling),Non_Exact
"1927 BAIRSFORD DR, Columbus, OH, 43232",1927,BAIRSFORD DR,,Columbus,OH,43232,39.9387821,-82.8469461,RESIDENTIAL,census_geocoder,auditor_street (23/27 dwelling),Exact
"5976 ABERNATHY LN, Columbus, OH, 43232",5976,ABERNATHY LN,,Columbus,OH,43232,39.9147013,-82.8361263,RESIDENTIAL,census_geocoder,auditor_street (18/18 dwelling),Exact
"5840 CHATFORD DR G, Columbus, OH, 43232",5840,CHATFORD DR,G,Columbus,OH,43232,39.9341023,-82.8369057,RESIDENTIAL,census_geocoder,auditor_street (14/20 dwelling),Non_Exact
"836 LITTLE BROOK WAY, Columbus, OH, 43232",836,LITTLE BROOK WAY,,Columbus,OH,43232,39.9445072,-82.8413743,RESIDENTIAL,census_geocoder,auditor_street (30/31 dwelling),Non_Exact
"752 LITTLE BROOK WAY, Columbus, OH, 43232",752,LITTLE BROOK WAY,,Columbus,OH,43232,39.9445072,-82.8413743,RESIDENTIAL,census_geocoder,auditor_street (30/31 dwelling),Non_Exact
"5912 CHATFORD DR G, Columbus, OH, 43232",5912,CHATFORD DR,G,Columbus,OH,43232,39.9339921,-82.8343372,RESIDENTIAL,census_geocoder,auditor_street (14/20 dwelling),Non_Exact
"5904 CHATFORD DR, Columbus, OH, 43232",5904,CHATFORD DR,,Columbus,OH,43232,39.9341639,-82.8345052,RESIDENTIAL,census_geocoder,auditor_street (14/20 dwelling),Exact
"1976 FOUNTAINVIEW CT, Columbus, OH, 43232",1976,FOUNTAINVIEW CT,,Columbus,OH,43232,39.9393859,-82.8342985,RESIDENTIAL,census_geocoder,auditor_street (11/12 dwelling),Exact
"1879 FOUNTAINVIEW CT F, Columbus, OH, 43232",1879,FOUNTAINVIEW CT,F,Columbus,OH,43232,39.940927,-82.8352335,RESIDENTIAL,census_geocoder,auditor_street (11/12 dwelling),Non_Exact
"5828 CHATFORD DR F, Columbus, OH, 43232",5828,CHATFORD DR,F,Columbus,OH,43232,39.9341471,-82.8372838,RESIDENTIAL,census_geocoder,auditor_street (14/20 dwelling),Non_Exact
"2236 WADSWORTH DR, Columbus, OH, 43232",2236,WADSWORTH DR,,Columbus,OH,43232,39.9255201,-82.9099346,RESIDENTIAL,census_geocoder,auditor_street (31/35 dwelling),Exact
"1838 NOE-BIXBY RD, Columbus, OH, 43232",1838,NOE-BIXBY RD,,Columbus,OH,43232,39.939128,-82.8609059,RESIDENTIAL,census_geocoder,auditor_street (242/328 dwelling),Exact
"3411 CARDSTON PL, Columbus, OH, 43232",3411,CARDSTON PL,,Columbus,OH,43232,39.9251474,-82.9016894,RESIDENTIAL,census_geocoder,auditor_street (5/5 dwelling),Exact
"2314 CARDSTON DR, Columbus, OH, 43232",2314,CARDSTON DR,,Columbus,OH,43232,39.9247584,-82.900376,RESIDENTIAL,census_geocoder,auditor_street (27/27 dwelling),Exact
"2123 COURTRIGHT RD, Columbus, OH, 43232",2123,COURTRIGHT RD,,Columbus,OH,43232,39.929001,-82.8987819,RESIDENTIAL,census_geocoder,auditor_street (96/137 dwelling),Exact
"3730 WESTPOINT DR UNIT 2, Columbus, OH, 43232",3730,WESTPOINT DR,UNIT 2,Columbus,OH,43232,39.9187422,-82.8959384,RESIDENTIAL,census_geocoder,auditor_street (15/16 dwelling),Exact
"3756 WESTPOINT DR UNIT 1, Columbus, OH, 43232",3756,WESTPOINT DR,UNIT 1,Columbus,OH,43232,39.9188627,-82.895392,RESIDENTIAL,census_geocoder,auditor_street (15/16 dwelling),Exact
"5551 CHATFORD DR F, Columbus, OH, 43232",5551,CHATFORD DR,F,Columbus,OH,43232,39.9344291,-82.8454445,RESIDENTIAL,census_geocoder,auditor_street (14/20 dwelling),Non_Exact
"1770 BAIRSFORD DR, Columbus, OH, 43232",1770,BAIRSFORD DR,,Columbus,OH,43232,39.9422115,-82.8435277,RESIDENTIAL,census_geocoder,auditor_street (23/27 dwelling),Exact
"2535 COURTRIGHT RD, Columbus, OH, 43232",2535,COURTRIGHT RD,,Columbus,OH,43232,39.9213546,-82.8975463,RESIDENTIAL,census_geocoder,auditor_street (96/137 dwelling),Exact
"1765 LONSDALE RD, Columbus, OH, 43232",1765,LONSDALE RD,,Columbus,OH,43232,39.9415604,-82.8512812,RESIDENTIAL,census_geocoder,auditor_street (54/64 dwelling),Exact
"3486 WINCHESTER BEND DR, Columbus, OH, 43232",3486,WINCHESTER BEND DR,,Columbus,OH,43232,39.9019949,-82.8907722,RESIDENTIAL,census_geocoder,auditor_street (88/89 dwelling),Exact
"5421 MELLOWBROOK CT, Columbus, OH, 43232",5421,MELLOWBROOK CT,,Columbus,OH,43232,39.9237408,-82.8460454,RESIDENTIAL,census_geocoder,auditor_street (6/6 dwelling),Exact
"2171 S JAMES RD, Columbus, OH, 43232",2171,S JAMES RD,,Columbus,OH,43232,39.9268529,-82.9183738,RESIDENTIAL,census_geocoder,auditor_street (351/451 dwelling),Exact
"736 LITTLE BROOK WAY, Columbus, OH, 43232",736,LITTLE BROOK WAY,,Columbus,OH,43232,39.9445072,-82.8413743,RESIDENTIAL,census_geocoder,auditor_street (30/31 dwelling),Non_Exact
"5977 LITTLE BROOK WAY, Columbus, OH, 43232",5977,LITTLE BROOK WAY,,Columbus,OH,43232,39.9442217,-82.8400146,RESIDENTIAL,census_geocoder,auditor_street (30/31 dwelling),Exact
"5822 CHATFORD DR B, Columbus, OH, 43232",5822,CHATFORD DR,B,Columbus,OH,43232,39.9341878,-82.837517,RESIDENTIAL,census_geocoder,auditor_street (14/20 dwelling),Non_Exact
"5840 CHATFORD DR C, Columbus, OH, 43232",5840,CHATFORD DR,C,Columbus,OH,43232,39.9342503,-82.8369776,RESIDENTIAL,census_geocoder,auditor_street (14/20 dwelling),Non_Exact
"5985 ASTOR AVE, Columbus, OH, 43232",5985,ASTOR AVE,,Columbus,OH,43232,39.9447071,-82.8355243,RESIDENTIAL,census_geocoder,auditor_street (242/274 dwelling),Exact
"1881 FOUNTAINVIEW CT F, Columbus, OH, 43232",1881,FOUNTAINVIEW CT,F,Columbus,OH,43232,39.9408055,-82.8350783,RESIDENTIAL,census_geocoder,auditor_street (11/12 dwelling),Non_Exact
"2354 NOE-BIXBY RD, Columbus, OH, 43232",2354,NOE-BIXBY RD,,Columbus,OH,43232,39.928487,-82.8637396,RESIDENTIAL,census_geocoder,auditor_street (242/328 dwelling),Exact
"3326 PETZINGER RD, Columbus, OH, 43232",3326,PETZINGER RD,,Columbus,OH,43232,39.9289594,-82.9045882,RESIDENTIAL,census_geocoder,auditor_street (122/146 dwelling),Exact
"846 LITTLE BROOK WAY, Columbus, OH, 43232",846,LITTLE BROOK WAY,,Columbus,OH,43232,39.9445072,-82.8413743,RESIDENTIAL,census_geocoder,auditor_street (30/31 dwelling),Non_Exact
"2003 FOUNTAINVIEW CT, Columbus, OH, 43232",2003,FOUNTAINVIEW CT,,Columbus,OH,43232,39.9391818,-82.8355778,RESIDENTIAL,census_geocoder,auditor_street (11/12 dwelling),Exact
"1880 FOUNTAINVIEW CT, Columbus, OH, 43232",1880,FOUNTAINVIEW CT,,Columbus,OH,43232,39.9408551,-82.8341237,RESIDENTIAL,census_geocoder,auditor_street (11/12 dwelling),Exact
"3412 WESTPOINT DR, Columbus, OH, 43232",3412,WESTPOINT DR,,Columbus,OH,43232,39.9188593,-82.9056392,RESIDENTIAL,census_geocoder,auditor_street (15/16 dwelling),Exact
"3718 WESTPOINT DR UNIT 4, Columbus, OH, 43232",3718,WESTPOINT DR,UNIT 4,Columbus,OH,43232,39.9187787,-82.8963043,RESIDENTIAL,census_geocoder,auditor_street (15/16 dwelling),Exact
"1744 LONSDALE RD UNIT D, Columbus, OH, 43232",1744,LONSDALE RD,UNIT D,Columbus,OH,43232,39.942049,-82.8501632,RESIDENTIAL,census_geocoder,auditor_street (54/64 dwelling),Non_Exact
"2023 BAIRSFORD DR 1J, Columbus, OH, 43232",2023,BAIRSFORD DR,1J,Columbus,OH,43232,39.9367119,-82.8466536,RESIDENTIAL,census_geocoder,auditor_street (23/27 dwelling),Non_Exact
"5551 CHATFORD DR E, Columbus, OH, 43232",5551,CHATFORD DR,E,Columbus,OH,43232,39.9344616,-82.8454404,RESIDENTIAL,census_geocoder,auditor_street (14/20 dwelling),Non_Exact
"1813 BAIRSFORD DR 1L, Columbus, OH, 43232",1813,BAIRSFORD DR,1L,Columbus,OH,43232,39.9410147,-82.8458017,RESIDENTIAL,census_geocoder,auditor_street (23/27 dwelling),Non_Exact
"5684 SARANAC DR, Columbus, OH, 43232",5684,SARANAC DR,,Columbus,OH,43232,39.9416216,-82.8424906,RESIDENTIAL,census_geocoder,auditor_street (23/31 dwelling),Exact
"5888 LITTLE BROOK WAY, Columbus, OH, 43232",5888,LITTLE BROOK WAY,,Columbus,OH,43232,39.9456096,-82.8419566,RESIDENTIAL,census_geocoder,auditor_street (30/31 dwelling),Exact
"5930 LITTLE BROOK WAY, Columbus, OH, 43232",5930,LITTLE BROOK WAY,,Columbus,OH,43232,39.944945,-82.8409929,RESIDENTIAL,census_geocoder,auditor_street (30/31 dwelling),Exact
"2594 NOE-BIXBY RD D, Columbus, OH, 43232",2594,NOE-BIXBY RD,D,Columbus,OH,43232,39.9234438,-82.8639558,RESIDENTIAL,census_geocoder,auditor_street (242/328 dwelling),Non_Exact
"3687 MATHENA WAY, Columbus, OH, 43232",3687,MATHENA WAY,,Columbus,OH,43232,39.9121414,-82.8995797,RESIDENTIAL,census_geocoder,auditor_street (15/15 dwelling),Exact
"2506 COURTRIGHT RD, Columbus, OH, 43232",2506,COURTRIGHT RD,,Columbus,OH,43232,39.9218727,-82.8968997,RESIDENTIAL,census_geocoder,auditor_street (96/137 dwelling),Exact
"3460 WINCHESTER BEND DR, Columbus, OH, 43232",3460,WINCHESTER BEND DR,,Columbus,OH,43232,39.9024559,-82.8902583,RESIDENTIAL,census_geocoder,auditor_street (88/89 dwelling),Exact
"1893 BAIRSFORD DR, Columbus, OH, 43232",1893,BAIRSFORD DR,,Columbus,OH,43232,39.9394497,-82.8465595,RESIDENTIAL,census_geocoder,auditor_street (23/27 dwelling),Exact
"3702 MATHENA WAY, Columbus, OH, 43232",3702,MATHENA WAY,,Columbus,OH,43232,39.9124837,-82.8990149,RESIDENTIAL,census_geocoder,auditor_street (15/15 dwelling),Exact
"3770 WESTPOINT DR, Columbus, OH, 43232",3770,WESTPOINT DR,,Columbus,OH,43232,39.9190868,-82.894936,RESIDENTIAL,census_geocoder,auditor_street (15/16 dwelling),Exact
"1734 LONSDALE RD UNIT A, Columbus, OH, 43232",1734,LONSDALE RD,UNIT A,Columbus,OH,43232,39.9421142,-82.8501176,RESIDENTIAL,census_geocoder,auditor_street (54/64 dwelling),Non_Exact
"1813 BAIRSFORD DR 2M, Columbus, OH, 43232",1813,BAIRSFORD DR,2M,Columbus,OH,43232,39.9410937,-82.8456868,RESIDENTIAL,census_geocoder,auditor_street (23/27 dwelling),Non_Exact
"5950 LITTLE BROOK WAY, Columbus, OH, 43232",5950,LITTLE BROOK WAY,,Columbus,OH,43232,39.9446381,-82.8403857,RESIDENTIAL,census_geocoder,auditor_street (30/31 dwelling),Exact
"5774 SARANAC DR, Columbus, OH, 43232",5774,SARANAC DR,,Columbus,OH,43232,39.9415462,-82.8401007,RESIDENTIAL,census_geocoder,auditor_street (23/31 dwelling),Exact
"1860 MISTY WAY, Columbus, OH, 43232",1860,MISTY WAY,,Columbus,OH,43232,39.9435088,-82.8382733,RESIDENTIAL,census_geocoder,auditor_street (47/47 dwelling),Exact
"1988 FOUNTAINVIEW CT E, Columbus, OH, 43232",1988,FOUNTAINVIEW CT,E,Columbus,OH,43232,39.9390847,-82.8350849,RESIDENTIAL,census_geocoder,auditor_street (11/12 dwelling),Non_Exact
"1986 FOUNTAINVIEW CT I, Columbus, OH, 43232",1986,FOUNTAINVIEW CT,I,Columbus,OH,43232,39.9392578,-82.8349434,RESIDENTIAL,census_geocoder,auditor_street (11/12 dwelling),Non_Exact
"1881 FOUNTAINVIEW CT D, Columbus, OH, 43232",1881,FOUNTAINVIEW CT,D,Columbus,OH,43232,39.9407487,-82.8350739,RESIDENTIAL,census_geocoder,auditor_street (11/12 dwelling),Non_Exact
"2348 NOE-BIXBY RD, Columbus, OH, 43232",2348,NOE-BIXBY RD,,Columbus,OH,43232,39.9286354,-82.863674,RESIDENTIAL,census_geocoder,auditor_street (242/328 dwelling),Exact
"2301 COURTRIGHT RD, Columbus, OH, 43232",2301,COURTRIGHT RD,,Columbus,OH,43232,39.9251169,-82.8991052,RESIDENTIAL,census_geocoder,auditor_street (96/137 dwelling),Exact
"2518 COURTRIGHT RD, Columbus, OH, 43232",2518,COURTRIGHT RD,,Columbus,OH,43232,39.9216665,-82.8966367,RESIDENTIAL,census_geocoder,auditor_street (96/137 dwelling),Exact
"2065 BAIRSFORD DR, Columbus, OH, 43232",2065,BAIRSFORD DR,,Columbus,OH,43232,39.9357455,-82.846187,RESIDENTIAL,census_geocoder,auditor_street (23/27 dwelling),Exact
"1811 BAIRSFORD DR 2F, Columbus, OH, 43232",1811,BAIRSFORD DR,2F,Columbus,OH,43232,39.9411804,-82.8452359,RESIDENTIAL,census_geocoder,auditor_street (23/27 dwelling),Non_Exact
"818 LITTLE BROOK WAY, Columbus, OH, 43232",818,LITTLE BROOK WAY,,Columbus,OH,43232,39.9445072,-82.8413743,RESIDENTIAL,census_geocoder,auditor_street (30/31 dwelling),Non_Exact
"5900 CHATFORD DR C, Columbus, OH, 43232",5900,CHATFORD DR,C,Columbus,OH,43232,39.9341399,-82.8347058,RESIDENTIAL,census_geocoder,auditor_street (14/20 dwelling),Non_Exact
"1893 FOUNTAINVIEW CT, Columbus, OH, 43232",1893,FOUNTAINVIEW CT,,Columbus,OH,43232,39.9404463,-82.8350097,RESIDENTIAL,census_geocoder,auditor_street (11/12 dwelling),Exact
"2580 NOE-BIXBY RD C, Columbus, OH, 43232",2580,NOE-BIXBY RD,C,Columbus,OH,43232,39.9236209,-82.8638399,RESIDENTIAL,census_geocoder,auditor_street (242/328 dwelling),Non_Exact
"1785 SUNAPPLE WAY, Columbus, OH, 43232",1785,SUNAPPLE WAY,,Columbus,OH,43232,39.9439024,-82.8435575,RESIDENTIAL,census_geocoder,auditor_street (52/52 dwelling),Exact
"5870 CHATFORD DR, Columbus, OH, 43232",5870,CHATFORD DR,,Columbus,OH,43232,39.9340662,-82.8360452,RESIDENTIAL,census_geocoder,auditor_street (14/20 dwelling),Exact
"1981 FOUNTAINVIEW CT, Columbus, OH, 43232",1981,FOUNTAINVIEW CT,,Columbus,OH,43232,39.9393704,-82.835864,RESIDENTIAL,census_geocoder,auditor_street (11/12 dwelling),Exact
"6016 ABERNATHY LN, Columbus, OH, 43232",6016,ABERNATHY LN,,Columbus,OH,43232,39.9145563,-82.8350098,RESIDENTIAL,census_geocoder,auditor_street (18/18 dwelling),Exact
"1982 FOUNTAINVIEW CT, Columbus, OH, 43232",1982,FOUNTAINVIEW CT,,Columbus,OH,43232,39.9392923,-82.8344015,RESIDENTIAL,census_geocoder,auditor_street (11/12 dwelling),Exact
"1879 FOUNTAINVIEW CT B, Columbus, OH, 43232",1879,FOUNTAINVIEW CT,B,Columbus,OH,43232,39.9408404,-82.8352633,RESIDENTIAL,census_geocoder,auditor_street (11/12 dwelling),Non_Exact
"1877 FOUNTAINVIEW CT A, Columbus, OH, 43232",1877,FOUNTAINVIEW CT,A,Columbus,OH,43232,39.9410051,-82.8350548,RESIDENTIAL,census_geocoder,auditor_street (11/12 dwelling),Non_Exact
"2001 NOE-BIXBY RD, Columbus, OH, 43232",2001,NOE-BIXBY RD,,Columbus,OH,43232,39.9367092,-82.8632385,RESIDENTIAL,census_geocoder,auditor_street (242/328 dwelling),Exact
"2210 GLENBROOK DR, Columbus, OH, 43232",2210,GLENBROOK DR,,Columbus,OH,43232,39.9266814,-82.9057697,RESIDENTIAL,census_geocoder,auditor_street (39/39 dwelling),Exact
"3470 WALNUT DR, Columbus, OH, 43232",3470,WALNUT DR,,Columbus,OH,43232,39.92167,-82.9040305,RESIDENTIAL,census_geocoder,auditor_street (30/37 dwelling),Exact
"3718 WESTPOINT DR UNIT 3, Columbus, OH, 43232",3718,WESTPOINT DR,UNIT 3,Columbus,OH,43232,39.9187783,-82.8964065,RESIDENTIAL,census_geocoder,auditor_street (15/16 dwelling),Exact
"2562 CARBONDALE CT, Columbus, OH, 43232",2562,CARBONDALE CT,,Columbus,OH,43232,39.9267012,-82.8490812,RESIDENTIAL,census_geocoder,auditor_street (4/4 dwelling),Exact
"1919 BAIRSFORD DR, Columbus, OH, 43232",1919,BAIRSFORD DR,,Columbus,OH,43232,39.9389662,-82.8469837,RESIDENTIAL,census_geocoder,auditor_street (23/27 dwelling),Exact
"3351 YOZURI DR, Columbus, OH, 43232",3351,YOZURI DR,,Columbus,OH,43232,39.9099724,-82.8432325,RESIDENTIAL,census_geocoder,auditor_street (39/40 dwelling),Exact
"5650 SARANAC DR, Columbus, OH, 43232",5650,SARANAC DR,,Columbus,OH,43232,39.9415917,-82.8433214,RESIDENTIAL,census_geocoder,auditor_street (23/31 dwelling),Exact
"1741 SUNAPPLE WAY, Columbus, OH, 43232",1741,SUNAPPLE WAY,,Columbus,OH,43232,39.9450771,-82.8436453,RESIDENTIAL,census_geocoder,auditor_street (52/52 dwelling),Exact
"3290 YOZURI DR, Columbus, OH, 43232",3290,YOZURI DR,,Columbus,OH,43232,39.911389,-82.8423496,RESIDENTIAL,census_geocoder,auditor_street (39/40 dwelling),Exact
"5742 SARANAC DR, Columbus, OH, 43232",5742,SARANAC DR,,Columbus,OH,43232,39.9416296,-82.8416275,RESIDENTIAL,census_geocoder,auditor_street (23/31 dwelling),Exact
"5958 LITTLE BROOK WAY, Columbus, OH, 43232",5958,LITTLE BROOK WAY,,Columbus,OH,43232,39.9446659,-82.8401768,RESIDENTIAL,census_geocoder,auditor_street (30/31 dwelling),Exact
"1815 MISTY WAY, Columbus, OH, 43232",1815,MISTY WAY,,Columbus,OH,43232,39.943965,-82.8390247,RESIDENTIAL,census_geocoder,auditor_street (47/47 dwelling),Exact
"6001 ABERNATHY LN, Columbus, OH, 43232",6001,ABERNATHY LN,,Columbus,OH,43232,39.9143305,-82.8354144,RESIDENTIAL,census_geocoder,auditor_street (18/18 dwelling),Exact
"1856 NOE-BIXBY RD, Columbus, OH, 43232",1856,NOE-BIXBY RD,,Columbus,OH,43232,39.9386812,-82.861389,RESIDENTIAL,census_geocoder,auditor_street (242/328 dwelling),Exact
"2240 WADSWORTH DR, Columbus, OH, 43232",2240,WADSWORTH DR,,Columbus,OH,43232,39.9254341,-82.909978,RESIDENTIAL,census_geocoder,auditor_street (31/35 dwelling),Exact
"2153 S JAMES RD, Columbus, OH, 43232",2153,S JAMES RD,,Columbus,OH,43232,39.9271256,-82.9175818,RESIDENTIAL,census_geocoder,auditor_street (351/451 dwelling),Exact
"2159 S JAMES RD, Columbus, OH, 43232",2159,S JAMES RD,,Columbus,OH,43232,39.9270879,-82.9179335,RESIDENTIAL,census_geocoder,auditor_street (351/451 dwelling),Exact
"862 LITTLE BROOK WAY, Columbus, OH, 43232",862,LITTLE BROOK WAY,,Columbus,OH,43232,39.9445072,-82.8413743,RESIDENTIAL,census_geocoder,auditor_street (30/31 dwelling),Non_Exact
"1812 MISTY WAY, Columbus, OH, 43232",1812,MISTY WAY,,Columbus,OH,43232,39.9437569,-82.838591,RESIDENTIAL,census_geocoder,auditor_street (47/47 dwelling),Exact
"5908 CHATFORD DR, Columbus, OH, 43232",5908,CHATFORD DR,,Columbus,OH,43232,39.9340956,-82.834405,RESIDENTIAL,census_geocoder,auditor_street (14/20 dwelling),Exact
"1984 FOUNTAINVIEW CT D, Columbus, OH, 43232",1984,FOUNTAINVIEW CT,D,Columbus,OH,43232,39.9393204,-82.8348664,RESIDENTIAL,census_geocoder,auditor_street (11/12 dwelling),Non_Exact
"1887 FOUNTAINVIEW CT, Columbus, OH, 43232",1887,FOUNTAINVIEW CT,,Columbus,OH,43232,39.9404651,-82.8351311,RESIDENTIAL,census_geocoder,auditor_street (11/12 dwelling),Exact
"1810 NOE-BIXBY RD UNIT D, Columbus, OH, 43232",1810,NOE-BIXBY RD,UNIT D,Columbus,OH,43232,39.939516,-82.8603952,RESIDENTIAL,census_geocoder,auditor_street (242/328 dwelling),Non_Exact
"2975 THORNELL WAY, Columbus, OH, 43232",2975,THORNELL WAY,,Columbus,OH,43232,39.9180595,-82.8471661,RESIDENTIAL,census_geocoder,auditor_street (10/10 dwelling),Exact
"1895 BAIRSFORD DR, Columbus, OH, 43232",1895,BAIRSFORD DR,,Columbus,OH,43232,39.9394355,-82.8465652,RESIDENTIAL,census_geocoder,auditor_street (23/27 dwelling),Exact
"5682 SARANAC DR, Columbus, OH, 43232",5682,SARANAC DR,,Columbus,OH,43232,39.9416269,-82.8425476,RESIDENTIAL,census_geocoder,auditor_street (23/31 dwelling),Exact
"1756 SUNAPPLE WAY, Columbus, OH, 43232",1756,SUNAPPLE WAY,,Columbus,OH,43232,39.9445654,-82.8430828,RESIDENTIAL,census_geocoder,auditor_street (52/52 dwelling),Exact
"850 LITTLE BROOK WAY, Columbus, OH, 43232",850,LITTLE BROOK WAY,,Columbus,OH,43232,39.9445072,-82.8413743,RESIDENTIAL,census_geocoder,auditor_street (30/31 dwelling),Non_Exact
"764 LITTLE BROOK WAY, Columbus, OH, 43232",764,LITTLE BROOK WAY,,Columbus,OH,43232,39.9445072,-82.8413743,RESIDENTIAL,census_geocoder,auditor_street (30/31 dwelling),Non_Exact
"1783 QUARRY RIDGE DR, Columbus, OH, 43232",1783,QUARRY RIDGE DR,,Columbus,OH,43232,39.9443369,-82.8409258,RESIDENTIAL,census_geocoder,auditor_street (6/6 dwelling),Exact
"5827 HIDDEN TRAIL WAY, Columbus, OH, 43232",5827,HIDDEN TRAIL WAY,,Columbus,OH,43232,39.9100456,-82.8387587,RESIDENTIAL,census_geocoder,auditor_street (13/14 dwelling),Exact
"5935 MORRISSEY ST, Columbus, OH, 43232",5935,MORRISSEY ST,,Columbus,OH,43232,39.9135927,-82.8369373,RESIDENTIAL,census_geocoder,auditor_street (22/22 dwelling),Exact
"1879 FOUNTAINVIEW CT E, Columbus, OH, 43232",1879,FOUNTAINVIEW CT,E,Columbus,OH,43232,39.9409266,-82.835123,RESIDENTIAL,census_geocoder,auditor_street (11/12 dwelling),Non_Exact
"2133 COURTRIGHT RD, Columbus, OH, 43232",2133,COURTRIGHT RD,,Columbus,OH,43232,39.928616,-82.8988225,RESIDENTIAL,census_geocoder,auditor_street (96/137 dwelling),Exact
"2721 NATALIA DR, Columbus, OH, 43232",2721,NATALIA DR,,Columbus,OH,43232,39.9176999,-82.8886076,RESIDENTIAL,census_geocoder,auditor_street (20/20 dwelling),Exact
"1782 BAIRSFORD DR, Columbus, OH, 43232",1782,BAIRSFORD DR,,Columbus,OH,43232,39.9418242,-82.843615,RESIDENTIAL,census_geocoder,auditor_street (23/27 dwelling),Exact
"5880 CHATFORD DR F, Columbus, OH, 43232",5880,CHATFORD DR,F,Columbus,OH,43232,39.9341424,-82.8355992,RESIDENTIAL,census_geocoder,auditor_street (14/20 dwelling),Non_Exact
"1968 FOUNTAINVIEW CT, Columbus, OH, 43232",1968,FOUNTAINVIEW CT,,Columbus,OH,43232,39.9392736,-82.834191,RESIDENTIAL,census_geocoder,auditor_street (11/12 dwelling),Exact
"2544 ILENE RD, Columbus, OH, 43232",2544,ILENE RD,,Columbus,OH,43232,39.9248287,-82.8612757,RESIDENTIAL,census_geocoder,auditor_street (19/19 dwelling),Exact
"3555 DELPORT WAY, Columbus, OH, 43232",3555,DELPORT WAY,,Columbus,OH,43232,39.9089078,-82.9002812,RESIDENTIAL,census_geocoder,auditor_street (10/10 dwelling),Exact
"2456 COURTRIGHT RD, Columbus, OH, 43232",2456,COURTRIGHT RD,,Columbus,OH,43232,39.9225363,-82.897915,RESIDENTIAL,census_geocoder,auditor_street (96/137 dwelling),Exact
"2121 COURTRIGHT RD, Columbus, OH, 43232",2121,COURTRIGHT RD,,Columbus,OH,43232,39.929016,-82.8987809,RESIDENTIAL,census_geocoder,auditor_street (96/137 dwelling),Exact
"2527 COURTRIGHT RD, Columbus, OH, 43232",2527,COURTRIGHT RD,,Columbus,OH,43232,39.9213786,-82.8976888,RESIDENTIAL,census_geocoder,auditor_street (96/137 dwelling),Exact
"3774 WESTPOINT DR UNIT 2, Columbus, OH, 43232",3774,WESTPOINT DR,UNIT 2,Columbus,OH,43232,39.9192184,-82.8947725,RESIDENTIAL,census_geocoder,auditor_street (15/16 dwelling),Exact
"1734 LONSDALE RD UNIT D, Columbus, OH, 43232",1734,LONSDALE RD,UNIT D,Columbus,OH,43232,39.9422419,-82.850061,RESIDENTIAL,census_geocoder,auditor_street (54/64 dwelling),Non_Exact
"2691 NATALIA DR, Columbus, OH, 43232",2691,NATALIA DR,,Columbus,OH,43232,39.918383,-82.8884968,RESIDENTIAL,census_geocoder,auditor_street (20/20 dwelling),Exact
"1813 BAIRSFORD DR 1K, Columbus, OH, 43232",1813,BAIRSFORD DR,1K,Columbus,OH,43232,39.9410147,-82.8458017,RESIDENTIAL,census_geocoder,auditor_street (23/27 dwelling),Non_Exact
"3657 MATHENA WAY, Columbus, OH, 43232",3657,MATHENA WAY,,Columbus,OH,43232,39.9121799,-82.9007276,RESIDENTIAL,census_geocoder,auditor_street (15/15 dwelling),Exact
"3770 WESTPOINT DR UNIT 2, Columbus, OH, 43232",3770,WESTPOINT DR,UNIT 2,Columbus,OH,43232,39.9191144,-82.8948906,RESIDENTIAL,census_geocoder,auditor_street (15/16 dwelling),Exact
"1807 MISTY WAY, Columbus, OH, 43232",1807,MISTY WAY,,Columbus,OH,43232,39.9440786,-82.8386758,RESIDENTIAL,census_geocoder,auditor_street (47/47 dwelling),Exact
"5880 CHATFORD DR, Columbus, OH, 43232",5880,CHATFORD DR,,Columbus,OH,43232,39.9340426,-82.83566,RESIDENTIAL,census_geocoder,auditor_street (14/20 dwelling),Exact
"1988 FOUNTAINVIEW CT I, Columbus, OH, 43232",1988,FOUNTAINVIEW CT,I,Columbus,OH,43232,39.9392079,-82.8350666,RESIDENTIAL,census_geocoder,auditor_street (11/12 dwelling),Non_Exact
"5892 CHATFORD DR, Columbus, OH, 43232",5892,CHATFORD DR,,Columbus,OH,43232,39.93405,-82.8349932,RESIDENTIAL,census_geocoder,auditor_street (14/20 dwelling),Exact
"3462 PETZINGER RD, Columbus, OH, 43232",3462,PETZINGER RD,,Columbus,OH,43232,39.9300967,-82.9086617,RESIDENTIAL,census_geocoder,auditor_street (122/146 dwelling),Exact
"1737 LONSDALE RD, Columbus, OH, 43232",1737,LONSDALE RD,,Columbus,OH,43232,39.9421293,-82.8507389,RESIDENTIAL,census_geocoder,auditor_street (54/64 dwelling),Exact
"1935 BAIRSFORD DR, Columbus, OH, 43232",1935,BAIRSFORD DR,,Columbus,OH,43232,39.9385473,-82.8467377,RESIDENTIAL,census_geocoder,auditor_street (23/27 dwelling),Exact
"1915 BAIRSFORD DR, Columbus, OH, 43232",1915,BAIRSFORD DR,,Columbus,OH,43232,39.938934,-82.846871,RESIDENTIAL,census_geocoder,auditor_street (23/27 dwelling),Exact
"1889 BAIRSFORD DR, Columbus, OH, 43232",1889,BAIRSFORD DR,,Columbus,OH,43232,39.9396969,-82.8465173,RESIDENTIAL,census_geocoder,auditor_street (23/27 dwelling),Exact
"5694 SARANAC DR, Columbus, OH, 43232",5694,SARANAC DR,,Columbus,OH,43232,39.9414321,-82.8425075,RESIDENTIAL,census_geocoder,auditor_street (23/31 dwelling),Exact
"2279 COURTLEY DR, Columbus, OH, 43232",2279,COURTLEY DR,,Columbus,OH,43232,39.9244267,-82.9143502,RESIDENTIAL,census_geocoder,auditor_street (3/3 dwelling),Exact
"3047 KINGS REALM AVE, Columbus, OH, 43232",3047,KINGS REALM AVE,,Columbus,OH,43232,39.91828,-82.8405548,RESIDENTIAL,census_geocoder,auditor_street (55/55 dwelling),Exact
"892 LITTLE BROOK WAY, Columbus, OH, 43232",892,LITTLE BROOK WAY,,Columbus,OH,43232,39.9445072,-82.8413743,RESIDENTIAL,census_geocoder,auditor_street (30/31 dwelling),Non_Exact
"872 LITTLE BROOK WAY, Columbus, OH, 43232",872,LITTLE BROOK WAY,,Columbus,OH,43232,39.9445072,-82.8413743,RESIDENTIAL,census_geocoder,auditor_street (30/31 dwelling),Non_Exact
"5786 SARANAC DR, Columbus, OH, 43232",5786,SARANAC DR,,Columbus,OH,43232,39.9415337,-82.8396513,RESIDENTIAL,census_geocoder,auditor_street (23/31 dwelling),Exact
"5848 CHATFORD DR, Columbus, OH, 43232",5848,CHATFORD DR,,Columbus,OH,43232,39.9339542,-82.8358592,RESIDENTIAL,census_geocoder,auditor_street (14/20 dwelling),Exact
"3142 AMBERFIELD DR, Columbus, OH, 43232",3142,AMBERFIELD DR,,Columbus,OH,43232,39.912343,-82.8641766,RESIDENTIAL,census_geocoder,auditor_street (19/21 dwelling),Exact
"5912 CHATFORD DR C, Columbus, OH, 43232",5912,CHATFORD DR,C,Columbus,OH,43232,39.9340415,-82.8343328,RESIDENTIAL,census_geocoder,auditor_street (14/20 dwelling),Non_Exact
"1734 LONSDALE RD UNIT C, Columbus, OH, 43232",1734,LONSDALE RD,UNIT C,Columbus,OH,43232,39.942187,-82.8500886,RESIDENTIAL,census_geocoder,auditor_street (54/64 dwelling),Non_Exact
"2950 THORNELL WAY, Columbus, OH, 43232",2950,THORNELL WAY,,Columbus,OH,43232,39.9186036,-82.8467968,RESIDENTIAL,census_geocoder,auditor_street (10/10 dwelling),Exact
"2017 BAIRSFORD DR, Columbus, OH, 43232",2017,BAIRSFORD DR,,Columbus,OH,43232,39.9370606,-82.8468352,RESIDENTIAL,census_geocoder,auditor_street (23/27 dwelling),Exact
"1947 BAIRSFORD DR, Columbus, OH, 43232",1947,BAIRSFORD DR,,Columbus,OH,43232,39.9382834,-82.8467608,RESIDENTIAL,census_geocoder,auditor_street (23/27 dwelling),Exact
"1925 BAIRSFORD DR, Columbus, OH, 43232",1925,BAIRSFORD DR,,Columbus,OH,43232,39.9387834,-82.8469672,RESIDENTIAL,census_geocoder,auditor_street (23/27 dwelling),Exact
"790 LITTLE BROOK WAY, Columbus, OH, 43232",790,LITTLE BROOK WAY,,Columbus,OH,43232,39.9445072,-82.8413743,RESIDENTIAL,census_geocoder,auditor_street (30/31 dwelling),Non_Exact
"1868 MISTY WAY, Columbus, OH, 43232",1868,MISTY WAY,,Columbus,OH,43232,39.9432704,-82.8381048,RESIDENTIAL,census_geocoder,auditor_street (47/47 dwelling),Exact
"5840 CHATFORD DR E, Columbus, OH, 43232",5840,CHATFORD DR,E,Columbus,OH,43232,39.9341676,-82.8368992,RESIDENTIAL,census_geocoder,auditor_street (14/20 dwelling),Non_Exact
"5884 CHATFORD DR H, Columbus, OH, 43232",5884,CHATFORD DR,H,Columbus,OH,43232,39.9340839,-82.8353226,RESIDENTIAL,census_geocoder,auditor_street (14/20 dwelling),Non_Exact
"5888 CHATFORD DR D, Columbus, OH, 43232",5888,CHATFORD DR,D,Columbus,OH,43232,39.9340346,-82.8352643,RESIDENTIAL,census_geocoder,auditor_street (14/20 dwelling),Non_Exact
"5908 CHATFORD DR A, Columbus, OH, 43232",5908,CHATFORD DR,A,Columbus,OH,43232,39.934134,-82.8342148,RESIDENTIAL,census_geocoder,auditor_street (14/20 dwelling),Non_Exact
"1950 FOUNTAINVIEW CT B, Columbus, OH, 43232",1950,FOUNTAINVIEW CT,B,Columbus,OH,43232,39.9395025,-82.8338531,RESIDENTIAL,census_geocoder,auditor_street (11/12 dwelling),Non_Exact
"3690 MATHENA WAY, Columbus, OH, 43232",3690,MATHENA WAY,,Columbus,OH,43232,39.912474,-82.8994533,RESIDENTIAL,census_geocoder,auditor_street (15/15 dwelling),Exact
"2217 COURTRIGHT RD, Columbus, OH, 43232",2217,COURTRIGHT RD,,Columbus,OH,43232,39.9269411,-82.8990146,RESIDENTIAL,census_geocoder,auditor_street (96/137 dwelling),Exact
"3756 WESTPOINT DR UNIT 2, Columbus, OH, 43232",3756,WESTPOINT DR,UNIT 2,Columbus,OH,43232,39.9188934,-82.8953009,RESIDENTIAL,census_geocoder,auditor_street (15/16 dwelling),Exact
"2220 GLENBROOK DR, Columbus, OH, 43232",2220,GLENBROOK DR,,Columbus,OH,43232,39.9265548,-82.9056161,RESIDENTIAL,census_geocoder,auditor_street (39/39 dwelling),Exact
"1888 NOE-BIXBY RD, Columbus, OH, 43232",1888,NOE-BIXBY RD,,Columbus,OH,43232,39.9379092,-82.8618208,RESIDENTIAL,census_geocoder,auditor_street (242/328 dwelling),Exact
"2038 COURTRIGHT RD, Columbus, OH, 43232",2038,COURTRIGHT RD,,Columbus,OH,43232,39.9309202,-82.8979523,RESIDENTIAL,census_geocoder,auditor_street (96/137 dwelling),Exact
"3760 WESTPOINT DR, Columbus, OH, 43232",3760,WESTPOINT DR,,Columbus,OH,43232,39.9189323,-82.8952007,RESIDENTIAL,census_geocoder,auditor_street (15/16 dwelling),Exact
"1610 NOE-BIXBY RD A, Columbus, OH, 43232",1610,NOE-BIXBY RD,A,Columbus,OH,43232,39.9443724,-82.8532669,RESIDENTIAL,census_geocoder,auditor_street (242/328 dwelling),Non_Exact
"3780 WESTPOINT DR UNIT 1, Columbus, OH, 43232",3780,WESTPOINT DR,UNIT 1,Columbus,OH,43232,39.9192497,-82.8947253,RESIDENTIAL,census_geocoder,auditor_street (15/16 dwelling),Exact
"2023 BAIRSFORD DR 2A, Columbus, OH, 43232",2023,BAIRSFORD DR,2A,Columbus,OH,43232,39.9364981,-82.8470686,RESIDENTIAL,census_geocoder,auditor_street (23/27 dwelling),Non_Exact
"5866 HALLWORTH AVE A, Columbus, OH, 43232",5866,HALLWORTH AVE,A,Columbus,OH,43232,39.9462313,-82.8413434,RESIDENTIAL,census_geocoder,auditor_street (16/16 dwelling),Non_Exact
"716 LITTLE BROOK WAY, Columbus, OH, 43232",716,LITTLE BROOK WAY,,Columbus,OH,43232,39.9445072,-82.8413743,RESIDENTIAL,census_geocoder,auditor_street (30/31 dwelling),Non_Exact
"806 LITTLE BROOK WAY, Columbus, OH, 43232",806,LITTLE BROOK WAY,,Columbus,OH,43232,39.9445072,-82.8413743,RESIDENTIAL,census_geocoder,auditor_street (30/31 dwelling),Non_Exact
"5990 LITTLE BROOK WAY, Columbus, OH, 43232",5990,LITTLE BROOK WAY,,Columbus,OH,43232,39.9444296,-82.8393114,RESIDENTIAL,census_geocoder,auditor_street (30/31 dwelling),Exact
"3360 FARM VIEW ST, Columbus, OH, 43232",3360,FARM VIEW ST,,Columbus,OH,43232,39.9105481,-82.838704,RESIDENTIAL,census_geocoder,auditor_street (11/12 dwelling),Exact
"5816 CHATFORD DR G, Columbus, OH, 43232",5816,CHATFORD DR,G,Columbus,OH,43232,39.9341051,-82.8375731,RESIDENTIAL,census_geocoder,auditor_street (14/20 dwelling),Non_Exact
"5816 CHATFORD DR I, Columbus, OH, 43232",5816,CHATFORD DR,I,Columbus,OH,43232,39.9341617,-82.8376449,RESIDENTIAL,census_geocoder,auditor_street (14/20 dwelling),Non_Exact
"5832 CHATFORD DR, Columbus, OH, 43232",5832,CHATFORD DR,,Columbus,OH,43232,39.9339542,-82.8358592,RESIDENTIAL,census_geocoder,auditor_street (14/20 dwelling),Exact
"5916 CHATFORD DR E, Columbus, OH, 43232",5916,CHATFORD DR,E,Columbus,OH,43232,39.933778,-82.8342726,RESIDENTIAL,census_geocoder,auditor_street (14/20 dwelling),Non_Exact
"5900 CHATFORD DR I, Columbus, OH, 43232",5900,CHATFORD DR,I,Columbus,OH,43232,39.9342517,-82.8345879,RESIDENTIAL,census_geocoder,auditor_street (14/20 dwelling),Non_Exact
"1907 FOUNTAINVIEW CT, Columbus, OH, 43232",1907,FOUNTAINVIEW CT,,Columbus,OH,43232,39.9404358,-82.83481,RESIDENTIAL,census_geocoder,auditor_street (11/12 dwelling),Exact
"2626 NOE-BIXBY RD C, Columbus, OH, 43232",2626,NOE-BIXBY RD,C,Columbus,OH,43232,39.9227091,-82.8639103,RESIDENTIAL,census_geocoder,auditor_street (242/328 dwelling),Non_Exact
"2336 NOE-BIXBY RD, Columbus, OH, 43232",2336,NOE-BIXBY RD,,Columbus,OH,43232,39.928935,-82.8634764,RESIDENTIAL,census_geocoder,auditor_street (242/328 dwelling),Exact
"5896 CHATFORD DR C, Columbus, OH, 43232",5896,CHATFORD DR,C,Columbus,OH,43232,39.934108,-82.834896,RESIDENTIAL,census_geocoder,auditor_street (14/20 dwelling),Non_Exact
"1984 FOUNTAINVIEW CT B, Columbus, OH, 43232",1984,FOUNTAINVIEW CT,B,Columbus,OH,43232,39.9392539,-82.8348602,RESIDENTIAL,census_geocoder,auditor_street (11/12 dwelling),Non_Exact
"1902 FOUNTAINVIEW CT, Columbus, OH, 43232",1902,FOUNTAINVIEW CT,,Columbus,OH,43232,39.940613,-82.8342866,RESIDENTIAL,census_geocoder,auditor_street (11/12 dwelling),Exact
"2846 NOE-BIXBY RD CATV, Columbus, OH, 43232",2846,NOE-BIXBY RD,CATV,Columbus,OH,43232,39.9186579,-82.864432,RESIDENTIAL,census_geocoder,auditor_street (242/328 dwelling),Non_Exact
"1814 NOE-BIXBY RD UNIT C, Columbus, OH, 43232",1814,NOE-BIXBY RD,UNIT C,Columbus,OH,43232,39.9394646,-82.8604435,RESIDENTIAL,census_geocoder,auditor_street (242/328 dwelling),Non_Exact
"1900 ORLANDO CT, Columbus, OH, 43232",1900,ORLANDO CT,,Columbus,OH,43232,39.9381101,-82.8558277,RESIDENTIAL,census_geocoder,auditor_street (6/6 dwelling),Non_Exact
"2221 GARNET PL, Columbus, OH, 43232",2221,GARNET PL,,Columbus,OH,43232,39.9259881,-82.9076035,RESIDENTIAL,census_geocoder,auditor_street (6/7 dwelling),Exact
"3431 WESTPOINT DR, Columbus, OH, 43232",3431,WESTPOINT DR,,Columbus,OH,43232,39.9187425,-82.9050218,RESIDENTIAL,census_geocoder,auditor_street (15/16 dwelling),Exact
"3398 CLARKSTON AVE, Columbus, OH, 43232",3398,CLARKSTON AVE,,Columbus,OH,43232,39.9227791,-82.9014546,RESIDENTIAL,census_geocoder,auditor_street (31/31 dwelling),Exact
"1759 LONSDALE RD, Columbus, OH, 43232",1759,LONSDALE RD,,Columbus,OH,43232,39.9416231,-82.8509893,RESIDENTIAL,census_geocoder,auditor_street (54/64 dwelling),Exact
"2902 GENTRY LN, Columbus, OH, 43232",2902,GENTRY LN,,Columbus,OH,43232,39.9189065,-82.8492739,RESIDENTIAL,census_geocoder,auditor_street (17/17 dwelling),Exact
"1568 LONSDALE RD, Columbus, OH, 43232",1568,LONSDALE RD,,Columbus,OH,43232,39.9457613,-82.8492582,RESIDENTIAL,census_geocoder,auditor_street (54/64 dwelling),Exact
"2049 BAIRSFORD DR, Columbus, OH, 43232",2049,BAIRSFORD DR,,Columbus,OH,43232,39.9360108,-82.8463533,RESIDENTIAL,census_geocoder,auditor_street (23/27 dwelling),Exact
"1787 SUNAPPLE WAY, Columbus, OH, 43232",1787,SUNAPPLE WAY,,Columbus,OH,43232,39.9438173,-82.8435678,RESIDENTIAL,census_geocoder,auditor_street (52/52 dwelling),Exact
"5734 SARANAC DR, Columbus, OH, 43232",5734,SARANAC DR,,Columbus,OH,43232,39.9415744,-82.8417236,RESIDENTIAL,census_geocoder,auditor_street (23/31 dwelling),Exact
"2847 BLUE MOON DR, Columbus, OH, 43232",2847,BLUE MOON DR,,Columbus,OH,43232,39.92205,-82.8399771,RESIDENTIAL,census_geocoder,auditor_street (41/41 dwelling),Exact
"3298 JOSHSTOCK DR, Columbus, OH, 43232",3298,JOSHSTOCK DR,,Columbus,OH,43232,39.9136819,-82.837419,RESIDENTIAL,census_geocoder,auditor_street (4/4 dwelling),Exact
"1957 FOUNTAINVIEW CT, Columbus, OH, 43232",1957,FOUNTAINVIEW CT,,Columbus,OH,43232,39.9398933,-82.8354136,RESIDENTIAL,census_geocoder,auditor_street (11/12 dwelling),Exact
"5916 CHATFORD DR F, Columbus, OH, 43232",5916,CHATFORD DR,F,Columbus,OH,43232,39.9337837,-82.8343581,RESIDENTIAL,census_geocoder,auditor_street (14/20 dwelling),Non_Exact
"1923 FOUNTAINVIEW CT, Columbus, OH, 43232",1923,FOUNTAINVIEW CT,,Columbus,OH,43232,39.9400678,-82.8348866,RESIDENTIAL,census_geocoder,auditor_street (11/12 dwelling),Exact
"1914 FOUNTAINVIEW CT, Columbus, OH, 43232",1914,FOUNTAINVIEW CT,,Columbus,OH,43232,39.940248,-82.8342634,RESIDENTIAL,census_geocoder,auditor_street (11/12 dwelling),Exact
"1993 BAIRSFORD DR, Columbus, OH, 43232",1993,BAIRSFORD DR,,Columbus,OH,43232,39.9372476,-82.846961,RESIDENTIAL,census_geocoder,auditor_street (23/27 dwelling),Exact
"5559 CHATFORD DR, Columbus, OH, 43232",5559,CHATFORD DR,,Columbus,OH,43232,39.934233,-82.8446159,RESIDENTIAL,census_geocoder,auditor_street (14/20 dwelling),Exact
"1776 BAIRSFORD DR, Columbus, OH, 43232",1776,BAIRSFORD DR,,Columbus,OH,43232,39.9419779,-82.8436015,RESIDENTIAL,census_geocoder,auditor_street (23/27 dwelling),Exact
"1716 SUNAPPLE WAY, Columbus, OH, 43232",1716,SUNAPPLE WAY,,Columbus,OH,43232,39.9455789,-82.8429024,RESIDENTIAL,census_geocoder,auditor_street (52/52 dwelling),Exact
"866 LITTLE BROOK WAY, Columbus, OH, 43232",866,LITTLE BROOK WAY,,Columbus,OH,43232,39.9445072,-82.8413743,RESIDENTIAL,census_geocoder,auditor_street (30/31 dwelling),Non_Exact
"1814 MISTY WAY, Columbus, OH, 43232",1814,MISTY WAY,,Columbus,OH,43232,39.943721,-82.8386515,RESIDENTIAL,census_geocoder,auditor_street (47/47 dwelling),Exact
"5826 CHATFORD DR, Columbus, OH, 43232",5826,CHATFORD DR,,Columbus,OH,43232,39.9339542,-82.8358592,RESIDENTIAL,census_geocoder,auditor_street (14/20 dwelling),Exact
"5880 CHATFORD DR D, Columbus, OH, 43232",5880,CHATFORD DR,D,Columbus,OH,43232,39.9340736,-82.8356583,RESIDENTIAL,census_geocoder,auditor_street (14/20 dwelling),Non_Exact
"1995 FOUNTAINVIEW CT, Columbus, OH, 43232",1995,FOUNTAINVIEW CT,,Columbus,OH,43232,39.9391951,-82.8357312,RESIDENTIAL,census_geocoder,auditor_street (11/12 dwelling),Exact
"1987 FOUNTAINVIEW CT, Columbus, OH, 43232",1987,FOUNTAINVIEW CT,,Columbus,OH,43232,39.9393571,-82.8357142,RESIDENTIAL,census_geocoder,auditor_street (11/12 dwelling),Exact
"1961 FOUNTAINVIEW CT, Columbus, OH, 43232",1961,FOUNTAINVIEW CT,,Columbus,OH,43232,39.9399232,-82.835535,RESIDENTIAL,census_geocoder,auditor_street (11/12 dwelling),Exact
"5900 CHATFORD DR E, Columbus, OH, 43232",5900,CHATFORD DR,E,Columbus,OH,43232,39.9342373,-82.8346459,RESIDENTIAL,census_geocoder,auditor_street (14/20 dwelling),Non_Exact
"1950 FOUNTAINVIEW CT A, Columbus, OH, 43232",1950,FOUNTAINVIEW CT,A,Columbus,OH,43232,39.9395083,-82.833945,RESIDENTIAL,census_geocoder,auditor_street (11/12 dwelling),Non_Exact
"2023 BAIRSFORD DR 2C, Columbus, OH, 43232",2023,BAIRSFORD DR,2C,Columbus,OH,43232,39.9365146,-82.8469758,RESIDENTIAL,census_geocoder,auditor_street (23/27 dwelling),Non_Exact
"1853 BAIRSFORD DR, Columbus, OH, 43232",1853,BAIRSFORD DR,,Columbus,OH,43232,39.9404035,-82.8459394,RESIDENTIAL,census_geocoder,auditor_street (23/27 dwelling),Exact
"3264 PETZINGER RD, Columbus, OH, 43232",3264,PETZINGER RD,,Columbus,OH,43232,39.9293297,-82.9058224,RESIDENTIAL,census_geocoder,auditor_street (122/146 dwelling),Exact
"5670 SARANAC DR, Columbus, OH, 43232",5670,SARANAC DR,,Columbus,OH,43232,39.9416203,-82.8429221,RESIDENTIAL,census_geocoder,auditor_street (23/31 dwelling),Exact
"5704 SARANAC DR, Columbus, OH, 43232",5704,SARANAC DR,,Columbus,OH,43232,39.9413032,-82.8424498,RESIDENTIAL,census_geocoder,auditor_street (23/31 dwelling),Exact
"3696 MATHENA WAY, Columbus, OH, 43232",3696,MATHENA WAY,,Columbus,OH,43232,39.9124555,-82.8992215,RESIDENTIAL,census_geocoder,auditor_street (15/15 dwelling),Exact
"2666 MAYBURY RD, Columbus, OH, 43232",2666,MAYBURY RD,,Columbus,OH,43232,39.9236689,-82.8535967,RESIDENTIAL,census_geocoder,auditor_street (43/44 dwelling),Exact
"876 LITTLE BROOK WAY, Columbus, OH, 43232",876,LITTLE BROOK WAY,,Columbus,OH,43232,39.9445072,-82.8413743,RESIDENTIAL,census_geocoder,auditor_street (30/31 dwelling),Non_Exact
"762 LITTLE BROOK WAY, Columbus, OH, 43232",762,LITTLE BROOK WAY,,Columbus,OH,43232,39.9445072,-82.8413743,RESIDENTIAL,census_geocoder,auditor_street (30/31 dwelling),Non_Exact
"2974 FENWOOD DR, Columbus, OH, 43232",2974,FENWOOD DR,,Columbus,OH,43232,39.9197755,-82.8386251,RESIDENTIAL,census_geocoder,auditor_street (32/32 dwelling),Exact
"1713 LONSDALE RD, Columbus, OH, 43232",1713,LONSDALE RD,,Columbus,OH,43232,39.9426119,-82.8504182,RESIDENTIAL,census_geocoder,auditor_street (54/64 dwelling),Exact
"1870 MISTY WAY, Columbus, OH, 43232",1870,MISTY WAY,,Columbus,OH,43232,39.9432127,-82.838051,RESIDENTIAL,census_geocoder,auditor_street (47/47 dwelling),Exact
"2495 COURTRIGHT RD, Columbus, OH, 43232",2495,COURTRIGHT RD,,Columbus,OH,43232,39.9217689,-82.8976406,RESIDENTIAL,census_geocoder,auditor_street (96/137 dwelling),Exact
"3744 WESTPOINT DR, Columbus, OH, 43232",3744,WESTPOINT DR,,Columbus,OH,43232,39.9187746,-82.8956622,RESIDENTIAL,census_geocoder,auditor_street (15/16 dwelling),Exact
"3760 WESTPOINT DR UNIT 6, Columbus, OH, 43232",3760,WESTPOINT DR,UNIT 6,Columbus,OH,43232,39.9189923,-82.8951755,RESIDENTIAL,census_geocoder,auditor_street (15/16 dwelling),Exact
"5858 CHATFORD DR C, Columbus, OH, 43232",5858,CHATFORD DR,C,Columbus,OH,43232,39.9341265,-82.8364455,RESIDENTIAL,census_geocoder,auditor_street (14/20 dwelling),Non_Exact
"5880 CHATFORD DR B, Columbus, OH, 43232",5880,CHATFORD DR,B,Columbus,OH,43232,39.9341403,-82.8356549,RESIDENTIAL,census_geocoder,auditor_street (14/20 dwelling),Non_Exact
"1915 FOUNTAINVIEW CT, Columbus, OH, 43232",1915,FOUNTAINVIEW CT,,Columbus,OH,43232,39.9401615,-82.8347444,RESIDENTIAL,census_geocoder,auditor_street (11/12 dwelling),Exact
"5873 MORRISSEY ST, Columbus, OH, 43232",5873,MORRISSEY ST,,Columbus,OH,43232,39.9137684,-82.8388347,RESIDENTIAL,census_geocoder,auditor_street (22/22 dwelling),Exact
"3535 PETZINGER RD, Columbus, OH, 43232",3535,PETZINGER RD,,Columbus,OH,43232,39.9267348,-82.8995133,RESIDENTIAL,census_geocoder,auditor_street (122/146 dwelling),Exact
"3718 WESTPOINT DR UNIT 1, Columbus, OH, 43232",3718,WESTPOINT DR,UNIT 1,Columbus,OH,43232,39.9187614,-82.8964064,RESIDENTIAL,census_geocoder,auditor_street (15/16 dwelling),Exact
"2616 COURTRIGHT RD, Columbus, OH, 43232",2616,COURTRIGHT RD,,Columbus,OH,43232,39.9199766,-82.8962448,RESIDENTIAL,census_geocoder,auditor_street (96/137 dwelling),Exact
"2697 NATALIA DR, Columbus, OH, 43232",2697,NATALIA DR,,Columbus,OH,43232,39.9182357,-82.8885418,RESIDENTIAL,census_geocoder,auditor_street (20/20 dwelling),Exact
"2925 THORNELL WAY, Columbus, OH, 43232",2925,THORNELL WAY,,Columbus,OH,43232,39.919055,-82.8478047,RESIDENTIAL,census_geocoder,auditor_street (10/10 dwelling),Exact
"1977 BAIRSFORD DR, Columbus, OH, 43232",1977,BAIRSFORD DR,,Columbus,OH,43232,39.9376499,-82.8468067,RESIDENTIAL,census_geocoder,auditor_street (23/27 dwelling),Exact
"2077 BAIRSFORD DR, Columbus, OH, 43232",2077,BAIRSFORD DR,,Columbus,OH,43232,39.9354951,-82.8460351,RESIDENTIAL,census_geocoder,auditor_street (23/27 dwelling),Exact
"1813 BAIRSFORD DR 1D, Columbus, OH, 43232",1813,BAIRSFORD DR,1D,Columbus,OH,43232,39.9408438,-82.8455914,RESIDENTIAL,census_geocoder,auditor_street (23/27 dwelling),Non_Exact
"5696 SARANAC DR, Columbus, OH, 43232",5696,SARANAC DR,,Columbus,OH,43232,39.9414347,-82.8425681,RESIDENTIAL,census_geocoder,auditor_street (23/31 dwelling),Exact
"724 LITTLE BROOK WAY, Columbus, OH, 43232",724,LITTLE BROOK WAY,,Columbus,OH,43232,39.9445072,-82.8413743,RESIDENTIAL,census_geocoder,auditor_street (30/31 dwelling),Non_Exact
"754 LITTLE BROOK WAY, Columbus, OH, 43232",754,LITTLE BROOK WAY,,Columbus,OH,43232,39.9445072,-82.8413743,RESIDENTIAL,census_geocoder,auditor_street (30/31 dwelling),Non_Exact
"5888 CHATFORD DR C, Columbus, OH, 43232",5888,CHATFORD DR,C,Columbus,OH,43232,39.934078,-82.8352614,RESIDENTIAL,census_geocoder,auditor_street (14/20 dwelling),Non_Exact
"5900 CHATFORD DR, Columbus, OH, 43232",5900,CHATFORD DR,,Columbus,OH,43232,39.9341445,-82.8346013,RESIDENTIAL,census_geocoder,auditor_street (14/20 dwelling),Exact
"1956 FOUNTAINVIEW CT, Columbus, OH, 43232",1956,FOUNTAINVIEW CT,,Columbus,OH,43232,39.9393676,-82.8339739,RESIDENTIAL,census_geocoder,auditor_street (11/12 dwelling),Exact
"2227 GARNET PL, Columbus, OH, 43232",2227,GARNET PL,,Columbus,OH,43232,39.9259829,-82.9075143,RESIDENTIAL,census_geocoder,auditor_street (6/7 dwelling),Exact
"2581 COURTRIGHT RD, Columbus, OH, 43232",2581,COURTRIGHT RD,,Columbus,OH,43232,39.9208204,-82.896765,RESIDENTIAL,census_geocoder,auditor_street (96/137 dwelling),Exact
"1743 LONSDALE RD B, Columbus, OH, 43232",1743,LONSDALE RD,B,Columbus,OH,43232,39.942019,-82.8508185,RESIDENTIAL,census_geocoder,auditor_street (54/64 dwelling),Non_Exact
"2023 BAIRSFORD DR 1H, Columbus, OH, 43232",2023,BAIRSFORD DR,1H,Columbus,OH,43232,39.9366897,-82.8467513,RESIDENTIAL,census_geocoder,auditor_street (23/27 dwelling),Non_Exact
"1991 BAIRSFORD DR, Columbus, OH, 43232",1991,BAIRSFORD DR,,Columbus,OH,43232,39.937251,-82.8468566,RESIDENTIAL,census_geocoder,auditor_street (23/27 dwelling),Exact
"5527 CHATFORD DR, Columbus, OH, 43232",5527,CHATFORD DR,,Columbus,OH,43232,39.935092,-82.8456389,RESIDENTIAL,census_geocoder,auditor_street (14/20 dwelling),Exact
"2081 WORCESTER DR, Columbus, OH, 43232",2081,WORCESTER DR,,Columbus,OH,43232,39.9354227,-82.8444249,RESIDENTIAL,census_geocoder,auditor_street (24/25 dwelling),Non_Exact
"1811 BAIRSFORD DR 2C, Columbus, OH, 43232",1811,BAIRSFORD DR,2C,Columbus,OH,43232,39.9410985,-82.845138,RESIDENTIAL,census_geocoder,auditor_street (23/27 dwelling),Non_Exact
"5690 SARANAC DR, Columbus, OH, 43232",5690,SARANAC DR,,Columbus,OH,43232,39.9414899,-82.8424364,RESIDENTIAL,census_geocoder,auditor_street (23/31 dwelling),Exact
"1726 SUNAPPLE WAY, Columbus, OH, 43232",1726,SUNAPPLE WAY,,Columbus,OH,43232,39.9453208,-82.8429261,RESIDENTIAL,census_geocoder,auditor_street (52/52 dwelling),Exact
"1732 SUNAPPLE WAY, Columbus, OH, 43232",1732,SUNAPPLE WAY,,Columbus,OH,43232,39.9452359,-82.8428686,RESIDENTIAL,census_geocoder,auditor_street (52/52 dwelling),Exact
"5911 LITTLE BROOK WAY, Columbus, OH, 43232",5911,LITTLE BROOK WAY,,Columbus,OH,43232,39.9443278,-82.8420415,RESIDENTIAL,census_geocoder,auditor_street (30/31 dwelling),Exact
"830 LITTLE BROOK WAY, Columbus, OH, 43232",830,LITTLE BROOK WAY,,Columbus,OH,43232,39.9445072,-82.8413743,RESIDENTIAL,census_geocoder,auditor_street (30/31 dwelling),Non_Exact
"5866 CHATFORD DR, Columbus, OH, 43232",5866,CHATFORD DR,,Columbus,OH,43232,39.9339542,-82.8358592,RESIDENTIAL,census_geocoder,auditor_street (14/20 dwelling),Exact
"5864 CHATFORD DR C, Columbus, OH, 43232",5864,CHATFORD DR,C,Columbus,OH,43232,39.9341938,-82.836157,RESIDENTIAL,census_geocoder,auditor_street (14/20 dwelling),Non_Exact
"1988 FOUNTAINVIEW CT H, Columbus, OH, 43232",1988,FOUNTAINVIEW CT,H,Columbus,OH,43232,39.9391143,-82.8350501,RESIDENTIAL,census_geocoder,auditor_street (11/12 dwelling),Non_Exact
"1970 FOUNTAINVIEW CT, Columbus, OH, 43232",1970,FOUNTAINVIEW CT,,Columbus,OH,43232,39.9392735,-82.8342302,RESIDENTIAL,census_geocoder,auditor_street (11/12 dwelling),Exact
"1966 FOUNTAINVIEW CT, Columbus, OH, 43232",1966,FOUNTAINVIEW CT,,Columbus,OH,43232,39.9392737,-82.8341589,RESIDENTIAL,census_geocoder,auditor_street (11/12 dwelling),Exact
"1932 FOUNTAINVIEW CT, Columbus, OH, 43232",1932,FOUNTAINVIEW CT,,Columbus,OH,43232,39.9401306,-82.834031,RESIDENTIAL,census_geocoder,auditor_street (11/12 dwelling),Exact
"3568 DELPORT WAY, Columbus, OH, 43232",3568,DELPORT WAY,,Columbus,OH,43232,39.9092387,-82.8998482,RESIDENTIAL,census_geocoder,auditor_street (10/10 dwelling),Exact
"3550 DELPORT WAY, Columbus, OH, 43232",3550,DELPORT WAY,,Columbus,OH,43232,39.9093382,-82.9004726,RESIDENTIAL,census_geocoder,auditor_street (10/10 dwelling),Exact
"3521 PETZINGER RD, Columbus, OH, 43232",3521,PETZINGER RD,,Columbus,OH,43232,39.9268929,-82.899791,RESIDENTIAL,census_geocoder,auditor_street (122/146 dwelling),Exact
"3730 WESTPOINT DR UNIT 6, Columbus, OH, 43232",3730,WESTPOINT DR,UNIT 6,Columbus,OH,43232,39.9187941,-82.8959317,RESIDENTIAL,census_geocoder,auditor_street (15/16 dwelling),Exact
"1759 LONSDALE RD D, Columbus, OH, 43232",1759,LONSDALE RD,D,Columbus,OH,43232,39.941627,-82.8508701,RESIDENTIAL,census_geocoder,auditor_street (54/64 dwelling),Non_Exact
"1744 LONSDALE RD UNIT B, Columbus, OH, 43232",1744,LONSDALE RD,UNIT B,Columbus,OH,43232,39.9419941,-82.850183,RESIDENTIAL,census_geocoder,auditor_street (54/64 dwelling),Non_Exact
"5299 CARBONDALE DR CATV, Columbus, OH, 43232",5299,CARBONDALE DR,CATV,Columbus,OH,43232,39.9257127,-82.8497274,RESIDENTIAL,census_geocoder,auditor_street (127/131 dwelling),Non_Exact
"1590 LONSDALE RD, Columbus, OH, 43232",1590,LONSDALE RD,,Columbus,OH,43232,39.945208,-82.8493108,RESIDENTIAL,census_geocoder,auditor_street (54/64 dwelling),Exact
"2023 BAIRSFORD DR 1E, Columbus, OH, 43232",2023,BAIRSFORD DR,1E,Columbus,OH,43232,39.9366568,-82.8469109,RESIDENTIAL,census_geocoder,auditor_street (23/27 dwelling),Non_Exact
"2911 HEATH CT, Columbus, OH, 43232",2911,HEATH CT,,Columbus,OH,43232,39.9269127,-82.915571,RESIDENTIAL,census_geocoder,auditor_street (5/5 dwelling),Exact
"2869 BARROWS RD, Columbus, OH, 43232",2869,BARROWS RD,,Columbus,OH,43232,39.9189462,-82.8434199,RESIDENTIAL,census_geocoder,auditor_street (37/40 dwelling),Exact
"5727 MOUZON DR, Columbus, OH, 43232",5727,MOUZON DR,,Columbus,OH,43232,39.9085426,-82.842323,RESIDENTIAL,census_geocoder,auditor_street (47/53 dwelling),Exact
"5887 LITTLE BROOK WAY, Columbus, OH, 43232",5887,LITTLE BROOK WAY,,Columbus,OH,43232,39.9452142,-82.8421675,RESIDENTIAL,census_geocoder,auditor_street (30/31 dwelling),Exact
"2234 WADSWORTH DR, Columbus, OH, 43232",2234,WADSWORTH DR,,Columbus,OH,43232,39.9255676,-82.9099596,RESIDENTIAL,census_geocoder,auditor_street (31/35 dwelling),Exact
"5804 CHATFORD DR B, Columbus, OH, 43232",5804,CHATFORD DR,B,Columbus,OH,43232,39.9338863,-82.8379549,RESIDENTIAL,census_geocoder,auditor_street (14/20 dwelling),Non_Exact
"5816 CHATFORD DR B, Columbus, OH, 43232",5816,CHATFORD DR,B,Columbus,OH,43232,39.9340687,-82.8376681,RESIDENTIAL,census_geocoder,auditor_street (14/20 dwelling),Non_Exact
"1866 MISTY WAY, Columbus, OH, 43232",1866,MISTY WAY,,Columbus,OH,43232,39.9433334,-82.8381586,RESIDENTIAL,census_geocoder,auditor_street (47/47 dwelling),Exact
"2113 COURTRIGHT RD, Columbus, OH, 43232",2113,COURTRIGHT RD,,Columbus,OH,43232,39.9291954,-82.8987666,RESIDENTIAL,census_geocoder,auditor_street (96/137 dwelling),Exact
"3744 WESTPOINT DR UNIT 2, Columbus, OH, 43232",3744,WESTPOINT DR,UNIT 2,Columbus,OH,43232,39.9187887,-82.8956139,RESIDENTIAL,census_geocoder,auditor_street (15/16 dwelling),Exact
"5724 SARANAC DR, Columbus, OH, 43232",5724,SARANAC DR,,Columbus,OH,43232,39.9413743,-82.8416263,RESIDENTIAL,census_geocoder,auditor_street (23/31 dwelling),Exact
"826 LITTLE BROOK WAY, Columbus, OH, 43232",826,LITTLE BROOK WAY,,Columbus,OH,43232,39.9445072,-82.8413743,RESIDENTIAL,census_geocoder,auditor_street (30/31 dwelling),Non_Exact
"5804 CHATFORD DR C, Columbus, OH, 43232",5804,CHATFORD DR,C,Columbus,OH,43232,39.9338614,-82.837916,RESIDENTIAL,census_geocoder,auditor_street (14/20 dwelling),Non_Exact
"5846 CHATFORD DR C, Columbus, OH, 43232",5846,CHATFORD DR,C,Columbus,OH,43232,39.9341784,-82.8367796,RESIDENTIAL,census_geocoder,auditor_street (14/20 dwelling),Non_Exact
"5858 CHATFORD DR B, Columbus, OH, 43232",5858,CHATFORD DR,B,Columbus,OH,43232,39.9341713,-82.8364395,RESIDENTIAL,census_geocoder,auditor_street (14/20 dwelling),Non_Exact
"1988 FOUNTAINVIEW CT, Columbus, OH, 43232",1988,FOUNTAINVIEW CT,,Columbus,OH,43232,39.9391813,-82.8351846,RESIDENTIAL,census_geocoder,auditor_street (11/12 dwelling),Exact
"3670 LARKWELL WAY, Columbus, OH, 43232",3670,LARKWELL WAY,,Columbus,OH,43232,39.910176,-82.9003242,RESIDENTIAL,census_geocoder,auditor_street (5/5 dwelling),Exact
"2984 BRIAR RIDGE RD, Columbus, OH, 43232",2984,BRIAR RIDGE RD,,Columbus,OH,43232,39.9125439,-82.9006765,RESIDENTIAL,census_geocoder,auditor_street (41/41 dwelling),Exact
"2023 BAIRSFORD DR 2I, Columbus, OH, 43232",2023,BAIRSFORD DR,2I,Columbus,OH,43232,39.9365853,-82.8466121,RESIDENTIAL,census_geocoder,auditor_street (23/27 dwelling),Non_Exact
"5424 MONFORT AVE, Columbus, OH, 43232",5424,MONFORT AVE,,Columbus,OH,43232,39.9230112,-82.8457538,RESIDENTIAL,census_geocoder,auditor_street (3/3 dwelling),Exact
"1780 BAIRSFORD DR, Columbus, OH, 43232",1780,BAIRSFORD DR,,Columbus,OH,43232,39.9418708,-82.8436116,RESIDENTIAL,census_geocoder,auditor_street (23/27 dwelling),Exact
"5674 SARANAC DR, Columbus, OH, 43232",5674,SARANAC DR,,Columbus,OH,43232,39.9416877,-82.8424089,RESIDENTIAL,census_geocoder,auditor_street (23/31 dwelling),Exact
"1746 SUNAPPLE WAY, Columbus, OH, 43232",1746,SUNAPPLE WAY,,Columbus,OH,43232,39.9448183,-82.8429593,RESIDENTIAL,census_geocoder,auditor_street (52/52 dwelling),Exact
"852 LITTLE BROOK WAY, Columbus, OH, 43232",852,LITTLE BROOK WAY,,Columbus,OH,43232,39.9445072,-82.8413743,RESIDENTIAL,census_geocoder,auditor_street (30/31 dwelling),Non_Exact
"5912 CHATFORD DR, Columbus, OH, 43232",5912,CHATFORD DR,,Columbus,OH,43232,39.9340187,-82.8344153,RESIDENTIAL,census_geocoder,auditor_street (14/20 dwelling),Exact
"1886 FOUNTAINVIEW CT, Columbus, OH, 43232",1886,FOUNTAINVIEW CT,,Columbus,OH,43232,39.940797,-82.8342625,RESIDENTIAL,census_geocoder,auditor_street (11/12 dwelling),Exact
"2243 GARNET PL, Columbus, OH, 43232",2243,GARNET PL,,Columbus,OH,43232,39.9256508,-82.9074945,RESIDENTIAL,census_geocoder,auditor_street (6/7 dwelling),Exact
"2231 GARNET PL, Columbus, OH, 43232",2231,GARNET PL,,Columbus,OH,43232,39.9257991,-82.9074811,RESIDENTIAL,census_geocoder,auditor_street (6/7 dwelling),Exact
"3551 DELPORT WAY, Columbus, OH, 43232",3551,DELPORT WAY,,Columbus,OH,43232,39.9089617,-82.9005845,RESIDENTIAL,census_geocoder,auditor_street (10/10 dwelling),Exact
"2478 COURTRIGHT RD, Columbus, OH, 43232",2478,COURTRIGHT RD,,Columbus,OH,43232,39.9221935,-82.8973871,RESIDENTIAL,census_geocoder,auditor_street (96/137 dwelling),Exact
"5236 HACKET DR, Columbus, OH, 43232",5236,HACKET DR,,Columbus,OH,43232,39.9280425,-82.8522151,RESIDENTIAL,census_geocoder,auditor_street (26/26 dwelling),Exact
"3770 WESTPOINT DR UNIT 3, Columbus, OH, 43232",3770,WESTPOINT DR,UNIT 3,Columbus,OH,43232,39.9190651,-82.8949851,RESIDENTIAL,census_geocoder,auditor_street (15/16 dwelling),Exact
"1971 BAIRSFORD DR, Columbus, OH, 43232",1971,BAIRSFORD DR,,Columbus,OH,43232,39.937924,-82.8469027,RESIDENTIAL,census_geocoder,auditor_street (23/27 dwelling),Exact
"5535 CHATFORD DR, Columbus, OH, 43232",5535,CHATFORD DR,,Columbus,OH,43232,39.9348843,-82.8453082,RESIDENTIAL,census_geocoder,auditor_street (14/20 dwelling),Exact
"5840 CHATFORD DR H, Columbus, OH, 43232",5840,CHATFORD DR,H,Columbus,OH,43232,39.9342326,-82.8368456,RESIDENTIAL,census_geocoder,auditor_street (14/20 dwelling),Non_Exact
"5840 CHATFORD DR D, Columbus, OH, 43232",5840,CHATFORD DR,D,Columbus,OH,43232,39.9342339,-82.8368921,RESIDENTIAL,census_geocoder,auditor_street (14/20 dwelling),Non_Exact
"5892 CHATFORD DR B, Columbus, OH, 43232",5892,CHATFORD DR,B,Columbus,OH,43232,39.9340813,-82.83506,RESIDENTIAL,census_geocoder,auditor_street (14/20 dwelling),Non_Exact
"5916 CHATFORD DR C, Columbus, OH, 43232",5916,CHATFORD DR,C,Columbus,OH,43232,39.9338114,-82.8343551,RESIDENTIAL,census_geocoder,auditor_street (14/20 dwelling),Non_Exact
"5904 CHATFORD DR C, Columbus, OH, 43232",5904,CHATFORD DR,C,Columbus,OH,43232,39.9342243,-82.8345185,RESIDENTIAL,census_geocoder,auditor_street (14/20 dwelling),Non_Exact
"1891 FOUNTAINVIEW CT, Columbus, OH, 43232",1891,FOUNTAINVIEW CT,,Columbus,OH,43232,39.9404544,-82.835049,RESIDENTIAL,census_geocoder,auditor_street (11/12 dwelling),Exact
"1950 FOUNTAINVIEW CT C, Columbus, OH, 43232",1950,FOUNTAINVIEW CT,C,Columbus,OH,43232,39.9394998,-82.8337854,RESIDENTIAL,census_geocoder,auditor_street (11/12 dwelling),Non_Exact
"1946 FOUNTAINVIEW CT F, Columbus, OH, 43232",1946,FOUNTAINVIEW CT,F,Columbus,OH,43232,39.9396933,-82.8337766,RESIDENTIAL,census_geocoder,auditor_street (11/12 dwelling),Non_Exact
"3505 PETZINGER RD, Columbus, OH, 43232",3505,PETZINGER RD,,Columbus,OH,43232,39.9271621,-82.8996347,RESIDENTIAL,census_geocoder,auditor_street (122/146 dwelling),Exact
"2140 COURTRIGHT RD, Columbus, OH, 43232",2140,COURTRIGHT RD,,Columbus,OH,43232,39.9287885,-82.8979318,RESIDENTIAL,census_geocoder,auditor_street (96/137 dwelling),Exact
"1743 LONSDALE RD D, Columbus, OH, 43232",1743,LONSDALE RD,D,Columbus,OH,43232,39.9419859,-82.8507084,RESIDENTIAL,census_geocoder,auditor_street (54/64 dwelling),Non_Exact
"1570 LONSDALE RD, Columbus, OH, 43232",1570,LONSDALE RD,,Columbus,OH,43232,39.9456927,-82.8492609,RESIDENTIAL,census_geocoder,auditor_street (54/64 dwelling),Exact
"5650 OAKMONT DR, Columbus, OH, 43232",5650,OAKMONT DR,,Columbus,OH,43232,39.9380878,-82.8427263,RESIDENTIAL,census_geocoder,auditor_street (28/30 dwelling),Exact
"1744 SUNAPPLE WAY, Columbus, OH, 43232",1744,SUNAPPLE WAY,,Columbus,OH,43232,39.9448535,-82.8431271,RESIDENTIAL,census_geocoder,auditor_street (52/52 dwelling),Exact
"5923 LITTLE BROOK WAY, Columbus, OH, 43232",5923,LITTLE BROOK WAY,,Columbus,OH,43232,39.9446396,-82.8410779,RESIDENTIAL,census_geocoder,auditor_street (30/31 dwelling),Exact
"742 LITTLE BROOK WAY, Columbus, OH, 43232",742,LITTLE BROOK WAY,,Columbus,OH,43232,39.9445072,-82.8413743,RESIDENTIAL,census_geocoder,auditor_street (30/31 dwelling),Non_Exact
"5784 SARANAC DR, Columbus, OH, 43232",5784,SARANAC DR,,Columbus,OH,43232,39.9415278,-82.8397975,RESIDENTIAL,census_geocoder,auditor_street (23/31 dwelling),Exact
"1810 MISTY WAY, Columbus, OH, 43232",1810,MISTY WAY,,Columbus,OH,43232,39.9437763,-82.8385162,RESIDENTIAL,census_geocoder,auditor_street (47/47 dwelling),Exact
"5822 CHATFORD DR A, Columbus, OH, 43232",5822,CHATFORD DR,A,Columbus,OH,43232,39.9341691,-82.8374914,RESIDENTIAL,census_geocoder,auditor_street (14/20 dwelling),Non_Exact
"5938 ABERNATHY LN, Columbus, OH, 43232",5938,ABERNATHY LN,,Columbus,OH,43232,39.9147785,-82.8369823,RESIDENTIAL,census_geocoder,auditor_street (18/18 dwelling),Exact
"5844 CHATFORD DR, Columbus, OH, 43232",5844,CHATFORD DR,,Columbus,OH,43232,39.9339542,-82.8358592,RESIDENTIAL,census_geocoder,auditor_street (14/20 dwelling),Exact
"5916 CHATFORD DR I, Columbus, OH, 43232",5916,CHATFORD DR,I,Columbus,OH,43232,39.9337641,-82.8344493,RESIDENTIAL,census_geocoder,auditor_street (14/20 dwelling),Non_Exact
"1899 FOUNTAINVIEW CT, Columbus, OH, 43232",1899,FOUNTAINVIEW CT,,Columbus,OH,43232,39.9403449,-82.8349272,RESIDENTIAL,census_geocoder,auditor_street (11/12 dwelling),Exact
"1962 FOUNTAINVIEW CT, Columbus, OH, 43232",1962,FOUNTAINVIEW CT,,Columbus,OH,43232,39.9393727,-82.8340987,RESIDENTIAL,census_geocoder,auditor_street (11/12 dwelling),Exact
"1944 FOUNTAINVIEW CT E, Columbus, OH, 43232",1944,FOUNTAINVIEW CT,E,Columbus,OH,43232,39.9399177,-82.833855,RESIDENTIAL,census_geocoder,auditor_street (11/12 dwelling),Non_Exact
"3493 WESTPOINT DR, Columbus, OH, 43232",3493,WESTPOINT DR,,Columbus,OH,43232,39.9185757,-82.9031065,RESIDENTIAL,census_geocoder,auditor_street (15/16 dwelling),Exact
"1890 NOE-BIXBY RD, Columbus, OH, 43232",1890,NOE-BIXBY RD,,Columbus,OH,43232,39.9378718,-82.861823,RESIDENTIAL,census_geocoder,auditor_street (242/328 dwelling),Exact
"3760 WESTPOINT DR UNIT 2, Columbus, OH, 43232",3760,WESTPOINT DR,UNIT 2,Columbus,OH,43232,39.9189465,-82.8951524,RESIDENTIAL,census_geocoder,auditor_street (15/16 dwelling),Exact
"1586 LONSDALE RD, Columbus, OH, 43232",1586,LONSDALE RD,,Columbus,OH,43232,39.945295,-82.8493002,RESIDENTIAL,census_geocoder,auditor_street (54/64 dwelling),Exact
"3484 WINCHESTER BEND DR, Columbus, OH, 43232",3484,WINCHESTER BEND DR,,Columbus,OH,43232,39.9020612,-82.890914,RESIDENTIAL,census_geocoder,auditor_street (88/89 dwelling),Exact
"3446 WINCHESTER BEND DR, Columbus, OH, 43232",3446,WINCHESTER BEND DR,,Columbus,OH,43232,39.9026282,-82.8907346,RESIDENTIAL,census_geocoder,auditor_street (88/89 dwelling),Exact
"1957 BAIRSFORD DR, Columbus, OH, 43232",1957,BAIRSFORD DR,,Columbus,OH,43232,39.9380796,-82.8471188,RESIDENTIAL,census_geocoder,auditor_street (23/27 dwelling),Exact
"5551 CHATFORD DR H, Columbus, OH, 43232",5551,CHATFORD DR,H,Columbus,OH,43232,39.9343335,-82.8454539,RESIDENTIAL,census_geocoder,auditor_street (14/20 dwelling),Non_Exact
"3744 WESTPOINT DR UNIT 6, Columbus, OH, 43232",3744,WESTPOINT DR,UNIT 6,Columbus,OH,43232,39.9188345,-82.895637,RESIDENTIAL,census_geocoder,auditor_street (15/16 dwelling),Exact
"2023 BAIRSFORD DR 1B, Columbus, OH, 43232",2023,BAIRSFORD DR,1B,Columbus,OH,43232,39.9366306,-82.8470693,RESIDENTIAL,census_geocoder,auditor_street (23/27 dwelling),Non_Exact
"1959 BAIRSFORD DR, Columbus, OH, 43232",1959,BAIRSFORD DR,,Columbus,OH,43232,39.9380772,-82.8471371,RESIDENTIAL,census_geocoder,auditor_street (23/27 dwelling),Exact
"1813 BAIRSFORD DR 1J, Columbus, OH, 43232",1813,BAIRSFORD DR,1J,Columbus,OH,43232,39.9409998,-82.8457815,RESIDENTIAL,census_geocoder,auditor_street (23/27 dwelling),Non_Exact
"5567 CHATFORD DR B, Columbus, OH, 43232",5567,CHATFORD DR,B,Columbus,OH,43232,39.934394,-82.8442747,RESIDENTIAL,census_geocoder,auditor_street (14/20 dwelling),Non_Exact
"5567 CHATFORD DR A, Columbus, OH, 43232",5567,CHATFORD DR,A,Columbus,OH,43232,39.9344289,-82.8442699,RESIDENTIAL,census_geocoder,auditor_street (14/20 dwelling),Non_Exact
"1754 SUNAPPLE WAY, Columbus, OH, 43232",1754,SUNAPPLE WAY,,Columbus,OH,43232,39.9446336,-82.8432258,RESIDENTIAL,census_geocoder,auditor_street (52/52 dwelling),Exact
"1711 SUNAPPLE WAY, Columbus, OH, 43232",1711,SUNAPPLE WAY,,Columbus,OH,43232,39.9457259,-82.8433275,RESIDENTIAL,census_geocoder,auditor_street (52/52 dwelling),Exact
"1713 SUNAPPLE WAY, Columbus, OH, 43232",1713,SUNAPPLE WAY,,Columbus,OH,43232,39.9457235,-82.8432205,RESIDENTIAL,census_geocoder,auditor_street (52/52 dwelling),Exact
"5728 SARANAC DR, Columbus, OH, 43232",5728,SARANAC DR,,Columbus,OH,43232,39.9413822,-82.841744,RESIDENTIAL,census_geocoder,auditor_street (23/31 dwelling),Exact
"726 LITTLE BROOK WAY, Columbus, OH, 43232",726,LITTLE BROOK WAY,,Columbus,OH,43232,39.9445072,-82.8413743,RESIDENTIAL,census_geocoder,auditor_street (30/31 dwelling),Non_Exact
"5776 SARANAC DR, Columbus, OH, 43232",5776,SARANAC DR,,Columbus,OH,43232,39.9415463,-82.8400401,RESIDENTIAL,census_geocoder,auditor_street (23/31 dwelling),Exact
"5865 MORRISSEY ST, Columbus, OH, 43232",5865,MORRISSEY ST,,Columbus,OH,43232,39.9137761,-82.8390166,RESIDENTIAL,census_geocoder,auditor_street (22/22 dwelling),Exact
"5896 CHATFORD DR, Columbus, OH, 43232",5896,CHATFORD DR,,Columbus,OH,43232,39.9340723,-82.8348827,RESIDENTIAL,census_geocoder,auditor_street (14/20 dwelling),Exact
"1950 FOUNTAINVIEW CT E, Columbus, OH, 43232",1950,FOUNTAINVIEW CT,E,Columbus,OH,43232,39.9395382,-82.8338829,RESIDENTIAL,census_geocoder,auditor_street (11/12 dwelling),Non_Exact
"1727 SUNAPPLE WAY, Columbus, OH, 43232",1727,SUNAPPLE WAY,,Columbus,OH,43232,39.945174,-82.8433747,RESIDENTIAL,census_geocoder,auditor_street (52/52 dwelling),Exact
"3011 PETZINGER RD, Columbus, OH, 43232",3011,PETZINGER RD,,Columbus,OH,43232,39.9295028,-82.9130703,RESIDENTIAL,census_geocoder,auditor_street (122/146 dwelling),Exact
"784 LITTLE BROOK WAY, Columbus, OH, 43232",784,LITTLE BROOK WAY,,Columbus,OH,43232,39.9445072,-82.8413743,RESIDENTIAL,census_geocoder,auditor_street (30/31 dwelling),Non_Exact
"5970 LITTLE BROOK WAY, Columbus, OH, 43232",5970,LITTLE BROOK WAY,,Columbus,OH,43232,39.9446387,-82.8399829,RESIDENTIAL,census_geocoder,auditor_street (30/31 dwelling),Exact
"1854 MISTY WAY, Columbus, OH, 43232",1854,MISTY WAY,,Columbus,OH,43232,39.9434034,-82.8386261,RESIDENTIAL,census_geocoder,auditor_street (47/47 dwelling),Exact
"5834 CHATFORD DR A, Columbus, OH, 43232",5834,CHATFORD DR,A,Columbus,OH,43232,39.9342548,-82.8371708,RESIDENTIAL,census_geocoder,auditor_street (14/20 dwelling),Non_Exact
"5880 CHATFORD DR A, Columbus, OH, 43232",5880,CHATFORD DR,A,Columbus,OH,43232,39.9341661,-82.8356538,RESIDENTIAL,census_geocoder,auditor_street (14/20 dwelling),Non_Exact
"5896 CHATFORD DR B, Columbus, OH, 43232",5896,CHATFORD DR,B,Columbus,OH,43232,39.9341431,-82.8349171,RESIDENTIAL,census_geocoder,auditor_street (14/20 dwelling),Non_Exact
"2986 REMINGTON RIDGE RD, Columbus, OH, 43232",2986,REMINGTON RIDGE RD,,Columbus,OH,43232,39.9126669,-82.9016504,RESIDENTIAL,census_geocoder,auditor_street (51/51 dwelling),Exact
"2489 COURTRIGHT RD, Columbus, OH, 43232",2489,COURTRIGHT RD,,Columbus,OH,43232,39.9217267,-82.8978243,RESIDENTIAL,census_geocoder,auditor_street (96/137 dwelling),Exact
"1622 NOE-BIXBY RD A, Columbus, OH, 43232",1622,NOE-BIXBY RD,A,Columbus,OH,43232,39.9442326,-82.8532721,RESIDENTIAL,census_geocoder,auditor_street (242/328 dwelling),Non_Exact
"1581 LONSDALE RD, Columbus, OH, 43232",1581,LONSDALE RD,,Columbus,OH,43232,39.9455131,-82.8499229,RESIDENTIAL,census_geocoder,auditor_street (54/64 dwelling),Exact
"2023 BAIRSFORD DR 2H, Columbus, OH, 43232",2023,BAIRSFORD DR,2H,Columbus,OH,43232,39.9365601,-82.8467284,RESIDENTIAL,census_geocoder,auditor_street (23/27 dwelling),Non_Exact
"1813 BAIRSFORD DR 2C, Columbus, OH, 43232",1813,BAIRSFORD DR,2C,Columbus,OH,43232,39.9408663,-82.8454055,RESIDENTIAL,census_geocoder,auditor_street (23/27 dwelling),Non_Exact
"5936 ABERNATHY LN, Columbus, OH, 43232",5936,ABERNATHY LN,,Columbus,OH,43232,39.9147836,-82.8371035,RESIDENTIAL,census_geocoder,auditor_street (18/18 dwelling),Exact
"1984 FOUNTAINVIEW CT E, Columbus, OH, 43232",1984,FOUNTAINVIEW CT,E,Columbus,OH,43232,39.9392561,-82.8348289,RESIDENTIAL,census_geocoder,auditor_street (11/12 dwelling),Non_Exact
"1889 FOUNTAINVIEW CT, Columbus, OH, 43232",1889,FOUNTAINVIEW CT,,Columbus,OH,43232,39.9404652,-82.8350918,RESIDENTIAL,census_geocoder,auditor_street (11/12 dwelling),Exact
"3268 MERIDIAN RD, Columbus, OH, 43232",3268,MERIDIAN RD,,Columbus,OH,43232,39.9264598,-82.9055678,RESIDENTIAL,census_geocoder,auditor_street (22/24 dwelling),Exact
"2580 NOE-BIXBY RD A, Columbus, OH, 43232",2580,NOE-BIXBY RD,A,Columbus,OH,43232,39.9236378,-82.8640044,RESIDENTIAL,census_geocoder,auditor_street (242/328 dwelling),Non_Exact
"1862 NOE-BIXBY RD, Columbus, OH, 43232",1862,NOE-BIXBY RD,,Columbus,OH,43232,39.938561,-82.8615216,RESIDENTIAL,census_geocoder,auditor_street (242/328 dwelling),Exact
"3780 WESTPOINT DR UNIT 4, Columbus, OH, 43232",3780,WESTPOINT DR,UNIT 4,Columbus,OH,43232,39.9193317,-82.8946761,RESIDENTIAL,census_geocoder,auditor_street (15/16 dwelling),Exact
"1610 NOE-BIXBY RD C, Columbus, OH, 43232",1610,NOE-BIXBY RD,C,Columbus,OH,43232,39.9444299,-82.8532625,RESIDENTIAL,census_geocoder,auditor_street (242/328 dwelling),Non_Exact
"2709 NATALIA DR, Columbus, OH, 43232",2709,NATALIA DR,,Columbus,OH,43232,39.9179648,-82.8885861,RESIDENTIAL,census_geocoder,auditor_street (20/20 dwelling),Exact
"1734 LONSDALE RD, Columbus, OH, 43232",1734,LONSDALE RD,,Columbus,OH,43232,39.9422169,-82.8500686,RESIDENTIAL,census_geocoder,auditor_street (54/64 dwelling),Exact
"1917 BAIRSFORD DR, Columbus, OH, 43232",1917,BAIRSFORD DR,,Columbus,OH,43232,39.9389645,-82.8469599,RESIDENTIAL,census_geocoder,auditor_street (23/27 dwelling),Exact
"5523 CHATFORD DR, Columbus, OH, 43232",5523,CHATFORD DR,,Columbus,OH,43232,39.9351621,-82.8457084,RESIDENTIAL,census_geocoder,auditor_street (14/20 dwelling),Exact
"5529 CHATFORD DR, Columbus, OH, 43232",5529,CHATFORD DR,,Columbus,OH,43232,39.9350771,-82.8456028,RESIDENTIAL,census_geocoder,auditor_street (14/20 dwelling),Exact
"1747 SUNAPPLE WAY, Columbus, OH, 43232",1747,SUNAPPLE WAY,,Columbus,OH,43232,39.9449507,-82.8436982,RESIDENTIAL,census_geocoder,auditor_street (52/52 dwelling),Exact
"1808 MISTY WAY, Columbus, OH, 43232",1808,MISTY WAY,,Columbus,OH,43232,39.9437875,-82.8384628,RESIDENTIAL,census_geocoder,auditor_street (47/47 dwelling),Exact
"1869 BAIRSFORD DR, Columbus, OH, 43232",1869,BAIRSFORD DR,,Columbus,OH,43232,39.9398336,-82.8464228,RESIDENTIAL,census_geocoder,auditor_street (23/27 dwelling),Exact
"2847 RAPHAEL DR CATV, Columbus, OH, 43232",2847,RAPHAEL DR,CATV,Columbus,OH,43232,39.9205123,-82.8448538,RESIDENTIAL,census_geocoder,auditor_street (49/49 dwelling),Non_Exact
"1811 BAIRSFORD DR 1I, Columbus, OH, 43232",1811,BAIRSFORD DR,1I,Columbus,OH,43232,39.9411685,-82.8454425,RESIDENTIAL,census_geocoder,auditor_street (23/27 dwelling),Non_Exact
"1757 SUNAPPLE WAY, Columbus, OH, 43232",1757,SUNAPPLE WAY,,Columbus,OH,43232,39.9446816,-82.843704,RESIDENTIAL,census_geocoder,auditor_street (52/52 dwelling),Exact
"1766 SUNAPPLE WAY, Columbus, OH, 43232",1766,SUNAPPLE WAY,,Columbus,OH,43232,39.9443806,-82.8433673,RESIDENTIAL,census_geocoder,auditor_street (52/52 dwelling),Exact
"1728 SUNAPPLE WAY, Columbus, OH, 43232",1728,SUNAPPLE WAY,,Columbus,OH,43232,39.9453213,-82.8427371,RESIDENTIAL,census_geocoder,auditor_street (52/52 dwelling),Exact
"884 LITTLE BROOK WAY, Columbus, OH, 43232",884,LITTLE BROOK WAY,,Columbus,OH,43232,39.9445072,-82.8413743,RESIDENTIAL,census_geocoder,auditor_street (30/31 dwelling),Non_Exact
"1833 MISTY WAY, Columbus, OH, 43232",1833,MISTY WAY,,Columbus,OH,43232,39.9432891,-82.839239,RESIDENTIAL,census_geocoder,auditor_street (47/47 dwelling),Exact
"1816 MISTY WAY, Columbus, OH, 43232",1816,MISTY WAY,,Columbus,OH,43232,39.9436742,-82.8387261,RESIDENTIAL,census_geocoder,auditor_street (47/47 dwelling),Exact
"5945 MORRISSEY ST, Columbus, OH, 43232",5945,MORRISSEY ST,,Columbus,OH,43232,39.9134236,-82.8365337,RESIDENTIAL,census_geocoder,auditor_street (22/22 dwelling),Exact
"1986 FOUNTAINVIEW CT D, Columbus, OH, 43232",1986,FOUNTAINVIEW CT,D,Columbus,OH,43232,39.939137,-82.8349403,RESIDENTIAL,census_geocoder,auditor_street (11/12 dwelling),Non_Exact
"2170 NOE-BIXBY RD, Columbus, OH, 43232",2170,NOE-BIXBY RD,,Columbus,OH,43232,39.9325427,-82.8619058,RESIDENTIAL,census_geocoder,auditor_street (242/328 dwelling),Exact
"1819 NOE-BIXBY RD, Columbus, OH, 43232",1819,NOE-BIXBY RD,,Columbus,OH,43232,39.9398617,-82.8605305,RESIDENTIAL,census_geocoder,auditor_street (242/328 dwelling),Exact
"3517 PETZINGER RD, Columbus, OH, 43232",3517,PETZINGER RD,,Columbus,OH,43232,39.9269725,-82.8997837,RESIDENTIAL,census_geocoder,auditor_street (122/146 dwelling),Exact
"3503 PETZINGER RD, Columbus, OH, 43232",3503,PETZINGER RD,,Columbus,OH,43232,39.9272748,-82.8995807,RESIDENTIAL,census_geocoder,auditor_street (122/146 dwelling),Exact
"3724 WESTPOINT DR UNIT 1, Columbus, OH, 43232",3724,WESTPOINT DR,UNIT 1,Columbus,OH,43232,39.918756,-82.8962242,RESIDENTIAL,census_geocoder,auditor_street (15/16 dwelling),Exact
"2703 NATALIA DR, Columbus, OH, 43232",2703,NATALIA DR,,Columbus,OH,43232,39.9181179,-82.8885717,RESIDENTIAL,census_geocoder,auditor_street (20/20 dwelling),Exact
"5791 LUCINDA CT, Columbus, OH, 43232",5791,LUCINDA CT,,Columbus,OH,43232,39.9465666,-82.8431106,RESIDENTIAL,census_geocoder,auditor_street (19/19 dwelling),Exact
"1744 LONSDALE RD, Columbus, OH, 43232",1744,LONSDALE RD,,Columbus,OH,43232,39.9419667,-82.8501922,RESIDENTIAL,census_geocoder,auditor_street (54/64 dwelling),Exact
"2023 BAIRSFORD DR, Columbus, OH, 43232",2023,BAIRSFORD DR,,Columbus,OH,43232,39.936652,-82.8466187,RESIDENTIAL,census_geocoder,auditor_street (23/27 dwelling),Exact
"1995 BAIRSFORD DR, Columbus, OH, 43232",1995,BAIRSFORD DR,,Columbus,OH,43232,39.9372454,-82.8469759,RESIDENTIAL,census_geocoder,auditor_street (23/27 dwelling),Exact
"1811 BAIRSFORD DR 2D, Columbus, OH, 43232",1811,BAIRSFORD DR,2D,Columbus,OH,43232,39.9411229,-82.8451683,RESIDENTIAL,census_geocoder,auditor_street (23/27 dwelling),Non_Exact
"5900 CHATFORD DR B, Columbus, OH, 43232",5900,CHATFORD DR,B,Columbus,OH,43232,39.9341984,-82.8347312,RESIDENTIAL,census_geocoder,auditor_street (14/20 dwelling),Non_Exact
"1772 BAIRSFORD DR, Columbus, OH, 43232",1772,BAIRSFORD DR,,Columbus,OH,43232,39.9420576,-82.8435662,RESIDENTIAL,census_geocoder,auditor_street (23/27 dwelling),Exact
"5084 KEELSON DR, Columbus, OH, 43232",5084,KEELSON DR,,Columbus,OH,43232,39.928077,-82.8574416,RESIDENTIAL,census_geocoder,auditor_street (41/41 dwelling),Exact
"5952 ABERNATHY LN, Columbus, OH, 43232",5952,ABERNATHY LN,,Columbus,OH,43232,39.9147654,-82.8367469,RESIDENTIAL,census_geocoder,auditor_street (18/18 dwelling),Exact
"5884 CHATFORD DR D, Columbus, OH, 43232",5884,CHATFORD DR,D,Columbus,OH,43232,39.9340561,-82.8353843,RESIDENTIAL,census_geocoder,auditor_street (14/20 dwelling),Non_Exact
"5896 CHATFORD DR G, Columbus, OH, 43232",5896,CHATFORD DR,G,Columbus,OH,43232,39.934167,-82.8348569,RESIDENTIAL,census_geocoder,auditor_street (14/20 dwelling),Non_Exact
"1904 FOUNTAINVIEW CT, Columbus, OH, 43232",1904,FOUNTAINVIEW CT,,Columbus,OH,43232,39.9405801,-82.83429,RESIDENTIAL,census_geocoder,auditor_street (11/12 dwelling),Exact
"5559 DEFOREST DR, Columbus, OH, 43232",5559,DEFOREST DR,,Columbus,OH,43232,39.9077871,-82.8521921,RESIDENTIAL,census_geocoder,auditor_street (61/62 dwelling),Exact
"2360 NOE-BIXBY RD, Columbus, OH, 43232",2360,NOE-BIXBY RD,,Columbus,OH,43232,39.9283511,-82.8638684,RESIDENTIAL,census_geocoder,auditor_street (242/328 dwelling),Exact
"1574 LONSDALE RD, Columbus, OH, 43232",1574,LONSDALE RD,,Columbus,OH,43232,39.9456052,-82.8492668,RESIDENTIAL,census_geocoder,auditor_street (54/64 dwelling),Exact
"2330 NOE-BIXBY RD, Columbus, OH, 43232",2330,NOE-BIXBY RD,,Columbus,OH,43232,39.9291292,-82.8634135,RESIDENTIAL,census_geocoder,auditor_street (242/328 dwelling),Exact
"2941 THORNELL WAY, Columbus, OH, 43232",2941,THORNELL WAY,,Columbus,OH,43232,39.9187438,-82.8475101,RESIDENTIAL,census_geocoder,auditor_street (10/10 dwelling),Exact
"2023 BAIRSFORD DR 1G, Columbus, OH, 43232",2023,BAIRSFORD DR,1G,Columbus,OH,43232,39.9366762,-82.8468045,RESIDENTIAL,census_geocoder,auditor_street (23/27 dwelling),Non_Exact
"1903 BAIRSFORD DR, Columbus, OH, 43232",1903,BAIRSFORD DR,,Columbus,OH,43232,39.9392772,-82.8466237,RESIDENTIAL,census_geocoder,auditor_street (23/27 dwelling),Exact
"1835 BAIRSFORD DR, Columbus, OH, 43232",1835,BAIRSFORD DR,,Columbus,OH,43232,39.9406637,-82.8462635,RESIDENTIAL,census_geocoder,auditor_street (23/27 dwelling),Exact
"1813 BAIRSFORD DR 1H, Columbus, OH, 43232",1813,BAIRSFORD DR,1H,Columbus,OH,43232,39.9409589,-82.8457356,RESIDENTIAL,census_geocoder,auditor_street (23/27 dwelling),Non_Exact
"1809 BAIRSFORD DR, Columbus, OH, 43232",1809,BAIRSFORD DR,,Columbus,OH,43232,39.9412302,-82.8447317,RESIDENTIAL,census_geocoder,auditor_street (23/27 dwelling),Exact
"1764 BAIRSFORD DR, Columbus, OH, 43232",1764,BAIRSFORD DR,,Columbus,OH,43232,39.9423487,-82.8435427,RESIDENTIAL,census_geocoder,auditor_street (23/27 dwelling),Exact
"4820 NIELES EDGE DR, Columbus, OH, 43232",4820,NIELES EDGE DR,,Columbus,OH,43232,39.9125564,-82.866653,RESIDENTIAL,census_geocoder,auditor_street (34/36 dwelling),Exact
"2608 NOE-BIXBY RD C, Columbus, OH, 43232",2608,NOE-BIXBY RD,C,Columbus,OH,43232,39.9230821,-82.8639347,RESIDENTIAL,census_geocoder,auditor_street (242/328 dwelling),Non_Exact
"1905 NOE-BIXBY RD, Columbus, OH, 43232",1905,NOE-BIXBY RD,,Columbus,OH,43232,39.9372887,-82.8634999,RESIDENTIAL,census_geocoder,auditor_street (242/328 dwelling),Exact
"1991 FOUNTAINVIEW CT, Columbus, OH, 43232",1991,FOUNTAINVIEW CT,,Columbus,OH,43232,39.9393184,-82.8358245,RESIDENTIAL,census_geocoder,auditor_street (11/12 dwelling),Exact
"2007 FOUNTAINVIEW CT, Columbus, OH, 43232",2007,FOUNTAINVIEW CT,,Columbus,OH,43232,39.9391047,-82.8356701,RESIDENTIAL,census_geocoder,auditor_street (11/12 dwelling),Exact
"1973 FOUNTAINVIEW CT, Columbus, OH, 43232",1973,FOUNTAINVIEW CT,,Columbus,OH,43232,39.9397529,-82.8355699,RESIDENTIAL,census_geocoder,auditor_street (11/12 dwelling),Exact
"5916 CHATFORD DR A, Columbus, OH, 43232",5916,CHATFORD DR,A,Columbus,OH,43232,39.9338147,-82.8344469,RESIDENTIAL,census_geocoder,auditor_street (14/20 dwelling),Non_Exact
"1883 FOUNTAINVIEW CT, Columbus, OH, 43232",1883,FOUNTAINVIEW CT,,Columbus,OH,43232,39.9403579,-82.8351912,RESIDENTIAL,census_geocoder,auditor_street (11/12 dwelling),Exact
"1814 NOE-BIXBY RD UNIT B, Columbus, OH, 43232",1814,NOE-BIXBY RD,UNIT B,Columbus,OH,43232,39.939429,-82.8605598,RESIDENTIAL,census_geocoder,auditor_street (242/328 dwelling),Non_Exact
"2985 BRIAR RIDGE RD, Columbus, OH, 43232",2985,BRIAR RIDGE RD,,Columbus,OH,43232,39.9126272,-82.9012081,RESIDENTIAL,census_geocoder,auditor_street (41/41 dwelling),Exact
"3523 PETZINGER RD, Columbus, OH, 43232",3523,PETZINGER RD,,Columbus,OH,43232,39.9268874,-82.8996643,RESIDENTIAL,census_geocoder,auditor_street (122/146 dwelling),Exact
"2458 COURTRIGHT RD, Columbus, OH, 43232",2458,COURTRIGHT RD,,Columbus,OH,43232,39.9225108,-82.8978744,RESIDENTIAL,census_geocoder,auditor_street (96/137 dwelling),Exact
"3750 WESTPOINT DR UNIT 5, Columbus, OH, 43232",3750,WESTPOINT DR,UNIT 5,Columbus,OH,43232,39.9188578,-82.895574,RESIDENTIAL,census_geocoder,auditor_street (15/16 dwelling),Exact
"3760 WESTPOINT DR UNIT 1, Columbus, OH, 43232",3760,WESTPOINT DR,UNIT 1,Columbus,OH,43232,39.9189158,-82.8952436,RESIDENTIAL,census_geocoder,auditor_street (15/16 dwelling),Exact
"3774 WESTPOINT DR UNIT 4, Columbus, OH, 43232",3774,WESTPOINT DR,UNIT 4,Columbus,OH,43232,39.9192362,-82.8948,RESIDENTIAL,census_geocoder,auditor_street (15/16 dwelling),Exact
"3585 WINCHESTER BEND DR, Columbus, OH, 43232",3585,WINCHESTER BEND DR,,Columbus,OH,43232,39.9011979,-82.8909236,RESIDENTIAL,census_geocoder,auditor_street (88/89 dwelling),Exact
"1734 LONSDALE RD UNIT B, Columbus, OH, 43232",1734,LONSDALE RD,UNIT B,Columbus,OH,43232,39.9421584,-82.8500993,RESIDENTIAL,census_geocoder,auditor_street (54/64 dwelling),Non_Exact
"1967 BAIRSFORD DR, Columbus, OH, 43232",1967,BAIRSFORD DR,,Columbus,OH,43232,39.9379703,-82.8470024,RESIDENTIAL,census_geocoder,auditor_street (23/27 dwelling),Exact
"2092 NOE-BIXBY RD, Columbus, OH, 43232",2092,NOE-BIXBY RD,,Columbus,OH,43232,39.9334539,-82.855645,RESIDENTIAL,census_geocoder,auditor_street (242/328 dwelling),Exact
"5712 SARANAC DR, Columbus, OH, 43232",5712,SARANAC DR,,Columbus,OH,43232,39.9415837,-82.8420861,RESIDENTIAL,census_geocoder,auditor_street (23/31 dwelling),Exact
"5710 SARANAC DR, Columbus, OH, 43232",5710,SARANAC DR,,Columbus,OH,43232,39.9414036,-82.8420778,RESIDENTIAL,census_geocoder,auditor_street (23/31 dwelling),Exact
"2676 COURTRIGHT RD, Columbus, OH, 43232",2676,COURTRIGHT RD,,Columbus,OH,43232,39.9176123,-82.896526,RESIDENTIAL,census_geocoder,auditor_street (96/137 dwelling),Exact
"2680 COURTRIGHT RD, Columbus, OH, 43232",2680,COURTRIGHT RD,,Columbus,OH,43232,39.9175063,-82.8965348,RESIDENTIAL,census_geocoder,auditor_street (96/137 dwelling),Exact
"2678 COURTRIGHT RD, Columbus, OH, 43232",2678,COURTRIGHT RD,,Columbus,OH,43232,39.9174424,-82.8965421,RESIDENTIAL,census_geocoder,auditor_street (96/137 dwelling),Exact
"2256 COURTRIGHT RD, Columbus, OH, 43232",2256,COURTRIGHT RD,,Columbus,OH,43232,39.9268742,-82.8976931,RESIDENTIAL,census_geocoder,auditor_street (96/137 dwelling),Exact
"5046 BOTSFORD DR, Columbus, OH, 43232",5046,BOTSFORD DR,,Columbus,OH,43232,39.930262,-82.858338,RESIDENTIAL,census_geocoder,auditor_street (75/75 dwelling),Exact
"5833 HIDDEN TRAIL WAY, Columbus, OH, 43232",5833,HIDDEN TRAIL WAY,,Columbus,OH,43232,39.9100173,-82.8385491,RESIDENTIAL,census_geocoder,auditor_street (13/14 dwelling),Exact
"5869 HIDDEN TRAIL WAY, Columbus, OH, 43232",5869,HIDDEN TRAIL WAY,,Columbus,OH,43232,39.9099957,-82.8376423,RESIDENTIAL,census_geocoder,auditor_street (13/14 dwelling),Exact
"5850 HIDDEN TRAIL WAY, Columbus, OH, 43232",5850,HIDDEN TRAIL WAY,,Columbus,OH,43232,39.9103524,-82.8379946,RESIDENTIAL,census_geocoder,auditor_street (13/14 dwelling),Exact
"5838 HIDDEN TRAIL WAY, Columbus, OH, 43232",5838,HIDDEN TRAIL WAY,,Columbus,OH,43232,39.910372,-82.838356,RESIDENTIAL,census_geocoder,auditor_street (13/14 dwelling),Exact
"5844 HIDDEN TRAIL WAY, Columbus, OH, 43232",5844,HIDDEN TRAIL WAY,,Columbus,OH,43232,39.9103633,-82.8381776,RESIDENTIAL,census_geocoder,auditor_street (13/14 dwelling),Exact
"5839 HIDDEN TRAIL WAY, Columbus, OH, 43232",5839,HIDDEN TRAIL WAY,,Columbus,OH,43232,39.910009,-82.8383493,RESIDENTIAL,census_geocoder,auditor_street (13/14 dwelling),Exact
"5868 HIDDEN TRAIL WAY, Columbus, OH, 43232",5868,HIDDEN TRAIL WAY,,Columbus,OH,43232,39.9103076,-82.8374508,RESIDENTIAL,census_geocoder,auditor_street (13/14 dwelling),Exact
"5862 HIDDEN TRAIL WAY, Columbus, OH, 43232",5862,HIDDEN TRAIL WAY,,Columbus,OH,43232,39.9103356,-82.8376346,RESIDENTIAL,census_geocoder,auditor_street (13/14 dwelling),Exact
"5856 HIDDEN TRAIL WAY, Columbus, OH, 43232",5856,HIDDEN TRAIL WAY,,Columbus,OH,43232,39.9103444,-82.8378164,RESIDENTIAL,census_geocoder,auditor_street (13/14 dwelling),Exact
"5845 HIDDEN TRAIL WAY, Columbus, OH, 43232",5845,HIDDEN TRAIL WAY,,Columbus,OH,43232,39.9099938,-82.8381647,RESIDENTIAL,census_geocoder,auditor_street (13/14 dwelling),Exact
"5853 HIDDEN TRAIL WAY, Columbus, OH, 43232",5853,HIDDEN TRAIL WAY,,Columbus,OH,43232,39.9099888,-82.8379624,RESIDENTIAL,census_geocoder,auditor_street (13/14 dwelling),Exact
"5832 HIDDEN TRAIL WAY, Columbus, OH, 43232",5832,HIDDEN TRAIL WAY,,Columbus,OH,43232,39.9103896,-82.8385339,RESIDENTIAL,census_geocoder,auditor_street (13/14 dwelling),Exact
"1995 WOODCREST RD, Columbus, OH, 43232",1995,WOODCREST RD,,Columbus,OH,43232,39.9361769,-82.8587038,RESIDENTIAL,census_geocoder,auditor_street (78/78 dwelling),Exact
"3105 AMBERFIELD DR, Columbus, OH, 43232",3105,AMBERFIELD DR,,Columbus,OH,43232,39.9133413,-82.8641418,RESIDENTIAL,census_geocoder,auditor_street (19/21 dwelling),Exact
"1156 MANOR DR, Columbus, OH, 43232",1156,MANOR DR,,Columbus,OH,43232,39.9537164,-82.8328936,RESIDENTIAL,census_geocoder,auditor_street (58/73 dwelling),Exact
"4803 NIELES EDGE DR, Columbus, OH, 43232",4803,NIELES EDGE DR,,Columbus,OH,43232,39.9123935,-82.8675162,RESIDENTIAL,census_geocoder,auditor_street (34/36 dwelling),Exact
"2660 COURTRIGHT RD, Columbus, OH, 43232",2660,COURTRIGHT RD,,Columbus,OH,43232,39.9179357,-82.8965015,RESIDENTIAL,census_geocoder,auditor_street (96/137 dwelling),Exact
"2670 COURTRIGHT RD, Columbus, OH, 43232",2670,COURTRIGHT RD,,Columbus,OH,43232,39.9176789,-82.8965217,RESIDENTIAL,census_geocoder,auditor_street (96/137 dwelling),Exact
"5874 HIDDEN TRAIL WAY, Columbus, OH, 43232",5874,HIDDEN TRAIL WAY,,Columbus,OH,43232,39.910258,-82.8372233,RESIDENTIAL,census_geocoder,auditor_street (13/14 dwelling),Exact
"3346 FARM VIEW ST, Columbus, OH, 43232",3346,FARM VIEW ST,,Columbus,OH,43232,39.9107152,-82.8387696,RESIDENTIAL,census_geocoder,auditor_street (11/12 dwelling),Exact
"1860 1/2 NOE-BIXBY RD, Columbus, OH, 43232",1860 1/2,NOE-BIXBY RD,,Columbus,OH,43232,39.9386672,-82.8616118,RESIDENTIAL,census_geocoder,auditor_street (242/328 dwelling),Non_Exact
"5911 LITTLE BROOK WAY UNIT 115, Columbus, OH, 43232",5911,LITTLE BROOK WAY,UNIT 115,Columbus,OH,43232,39.944311,-82.8424292,RESIDENTIAL,census_geocoder,auditor_street (30/31 dwelling),Exact
"5911 LITTLE BROOK WAY UNIT 201, Columbus, OH, 43232",5911,LITTLE BROOK WAY,UNIT 201,Columbus,OH,43232,39.9444324,-82.8416318,RESIDENTIAL,census_geocoder,auditor_street (30/31 dwelling),Exact
"5911 LITTLE BROOK WAY UNIT 106, Columbus, OH, 43232",5911,LITTLE BROOK WAY,UNIT 106,Columbus,OH,43232,39.9444015,-82.8418435,RESIDENTIAL,census_geocoder,auditor_street (30/31 dwelling),Exact
"5911 LITTLE BROOK WAY UNIT 215, Columbus, OH, 43232",5911,LITTLE BROOK WAY,UNIT 215,Columbus,OH,43232,39.9442677,-82.8422799,RESIDENTIAL,census_geocoder,auditor_street (30/31 dwelling),Exact
"5911 LITTLE BROOK WAY UNIT 218, Columbus, OH, 43232",5911,LITTLE BROOK WAY,UNIT 218,Columbus,OH,43232,39.9443777,-82.8424177,RESIDENTIAL,census_geocoder,auditor_street (30/31 dwelling),Exact
"5911 LITTLE BROOK WAY UNIT 117, Columbus, OH, 43232",5911,LITTLE BROOK WAY,UNIT 117,Columbus,OH,43232,39.9443253,-82.8425095,RESIDENTIAL,census_geocoder,auditor_street (30/31 dwelling),Exact
"5911 LITTLE BROOK WAY UNIT 118, Columbus, OH, 43232",5911,LITTLE BROOK WAY,UNIT 118,Columbus,OH,43232,39.9443937,-82.8425763,RESIDENTIAL,census_geocoder,auditor_street (30/31 dwelling),Exact
"5911 LITTLE BROOK WAY UNIT 120, Columbus, OH, 43232",5911,LITTLE BROOK WAY,UNIT 120,Columbus,OH,43232,39.9443517,-82.8426667,RESIDENTIAL,census_geocoder,auditor_street (30/31 dwelling),Exact
"5911 LITTLE BROOK WAY UNIT 112, Columbus, OH, 43232",5911,LITTLE BROOK WAY,UNIT 112,Columbus,OH,43232,39.9443512,-82.8423383,RESIDENTIAL,census_geocoder,auditor_street (30/31 dwelling),Exact
"5911 LITTLE BROOK WAY UNIT 105, Columbus, OH, 43232",5911,LITTLE BROOK WAY,UNIT 105,Columbus,OH,43232,39.944375,-82.8417702,RESIDENTIAL,census_geocoder,auditor_street (30/31 dwelling),Exact
"5911 LITTLE BROOK WAY UNIT 207, Columbus, OH, 43232",5911,LITTLE BROOK WAY,UNIT 207,Columbus,OH,43232,39.9443293,-82.84182,RESIDENTIAL,census_geocoder,auditor_street (30/31 dwelling),Exact
"5911 LITTLE BROOK WAY UNIT 206, Columbus, OH, 43232",5911,LITTLE BROOK WAY,UNIT 206,Columbus,OH,43232,39.9444167,-82.8418554,RESIDENTIAL,census_geocoder,auditor_street (30/31 dwelling),Exact
"5911 LITTLE BROOK WAY UNIT 119, Columbus, OH, 43232",5911,LITTLE BROOK WAY,UNIT 119,Columbus,OH,43232,39.9443413,-82.8425872,RESIDENTIAL,census_geocoder,auditor_street (30/31 dwelling),Exact
"5911 LITTLE BROOK WAY UNIT 101, Columbus, OH, 43232",5911,LITTLE BROOK WAY,UNIT 101,Columbus,OH,43232,39.9444441,-82.841639,RESIDENTIAL,census_geocoder,auditor_street (30/31 dwelling),Exact
"5911 LITTLE BROOK WAY UNIT 113, Columbus, OH, 43232",5911,LITTLE BROOK WAY,UNIT 113,Columbus,OH,43232,39.9442976,-82.8423522,RESIDENTIAL,census_geocoder,auditor_street (30/31 dwelling),Exact
"5911 LITTLE BROOK WAY UNIT 103, Columbus, OH, 43232",5911,LITTLE BROOK WAY,UNIT 103,Columbus,OH,43232,39.9444101,-82.8417048,RESIDENTIAL,census_geocoder,auditor_street (30/31 dwelling),Exact
"5911 LITTLE BROOK WAY UNIT 210, Columbus, OH, 43232",5911,LITTLE BROOK WAY,UNIT 210,Columbus,OH,43232,39.9442582,-82.8419512,RESIDENTIAL,census_geocoder,auditor_street (30/31 dwelling),Exact
"5911 LITTLE BROOK WAY UNIT 212, Columbus, OH, 43232",5911,LITTLE BROOK WAY,UNIT 212,Columbus,OH,43232,39.9443365,-82.8421806,RESIDENTIAL,census_geocoder,auditor_street (30/31 dwelling),Exact
"5911 LITTLE BROOK WAY UNIT 211, Columbus, OH, 43232",5911,LITTLE BROOK WAY,UNIT 211,Columbus,OH,43232,39.9442481,-82.8421189,RESIDENTIAL,census_geocoder,auditor_street (30/31 dwelling),Exact
"5911 LITTLE BROOK WAY UNIT 109, Columbus, OH, 43232",5911,LITTLE BROOK WAY,UNIT 109,Columbus,OH,43232,39.9443276,-82.8421795,RESIDENTIAL,census_geocoder,auditor_street (30/31 dwelling),Exact
"5911 LITTLE BROOK WAY UNIT 214, Columbus, OH, 43232",5911,LITTLE BROOK WAY,UNIT 214,Columbus,OH,43232,39.9443521,-82.8422555,RESIDENTIAL,census_geocoder,auditor_street (30/31 dwelling),Exact
"5911 LITTLE BROOK WAY UNIT 219, Columbus, OH, 43232",5911,LITTLE BROOK WAY,UNIT 219,Columbus,OH,43232,39.9442934,-82.8424363,RESIDENTIAL,census_geocoder,auditor_street (30/31 dwelling),Exact
"5911 LITTLE BROOK WAY UNIT 220, Columbus, OH, 43232",5911,LITTLE BROOK WAY,UNIT 220,Columbus,OH,43232,39.9443933,-82.8424962,RESIDENTIAL,census_geocoder,auditor_street (30/31 dwelling),Exact
"5911 LITTLE BROOK WAY UNIT 222, Columbus, OH, 43232",5911,LITTLE BROOK WAY,UNIT 222,Columbus,OH,43232,39.944403,-82.8425713,RESIDENTIAL,census_geocoder,auditor_street (30/31 dwelling),Exact
"5911 LITTLE BROOK WAY UNIT 116, Columbus, OH, 43232",5911,LITTLE BROOK WAY,UNIT 116,Columbus,OH,43232,39.9443802,-82.8424959,RESIDENTIAL,census_geocoder,auditor_street (30/31 dwelling),Exact
"5911 LITTLE BROOK WAY UNIT 208, Columbus, OH, 43232",5911,LITTLE BROOK WAY,UNIT 208,Columbus,OH,43232,39.9443832,-82.8419157,RESIDENTIAL,census_geocoder,auditor_street (30/31 dwelling),Exact
"5911 LITTLE BROOK WAY UNIT 110, Columbus, OH, 43232",5911,LITTLE BROOK WAY,UNIT 110,Columbus,OH,43232,39.9443412,-82.8422579,RESIDENTIAL,census_geocoder,auditor_street (30/31 dwelling),Exact
"5911 LITTLE BROOK WAY UNIT 217, Columbus, OH, 43232",5911,LITTLE BROOK WAY,UNIT 217,Columbus,OH,43232,39.9442809,-82.8423537,RESIDENTIAL,census_geocoder,auditor_street (30/31 dwelling),Exact
"5911 LITTLE BROOK WAY UNIT 223, Columbus, OH, 43232",5911,LITTLE BROOK WAY,UNIT 223,Columbus,OH,43232,39.9443248,-82.8425942,RESIDENTIAL,census_geocoder,auditor_street (30/31 dwelling),Exact
"5911 LITTLE BROOK WAY UNIT 209, Columbus, OH, 43232",5911,LITTLE BROOK WAY,UNIT 209,Columbus,OH,43232,39.9442879,-82.8418835,RESIDENTIAL,census_geocoder,auditor_street (30/31 dwelling),Exact
"5911 LITTLE BROOK WAY UNIT 111, Columbus, OH, 43232",5911,LITTLE BROOK WAY,UNIT 111,Columbus,OH,43232,39.9442861,-82.8422724,RESIDENTIAL,census_geocoder,auditor_street (30/31 dwelling),Exact
"5911 LITTLE BROOK WAY UNIT 203, Columbus, OH, 43232",5911,LITTLE BROOK WAY,UNIT 203,Columbus,OH,43232,39.9443994,-82.8416913,RESIDENTIAL,census_geocoder,auditor_street (30/31 dwelling),Exact
"5911 LITTLE BROOK WAY UNIT 224, Columbus, OH, 43232",5911,LITTLE BROOK WAY,UNIT 224,Columbus,OH,43232,39.9443365,-82.842672,RESIDENTIAL,census_geocoder,auditor_street (30/31 dwelling),Exact
"5911 LITTLE BROOK WAY UNIT 108, Columbus, OH, 43232",5911,LITTLE BROOK WAY,UNIT 108,Columbus,OH,43232,39.9443675,-82.841905,RESIDENTIAL,census_geocoder,auditor_street (30/31 dwelling),Exact
"5911 LITTLE BROOK WAY UNIT 104, Columbus, OH, 43232",5911,LITTLE BROOK WAY,UNIT 104,Columbus,OH,43232,39.9444355,-82.8417738,RESIDENTIAL,census_geocoder,auditor_street (30/31 dwelling),Exact
"5911 LITTLE BROOK WAY UNIT 213, Columbus, OH, 43232",5911,LITTLE BROOK WAY,UNIT 213,Columbus,OH,43232,39.9442545,-82.842198,RESIDENTIAL,census_geocoder,auditor_street (30/31 dwelling),Exact
"5911 LITTLE BROOK WAY UNIT 204, Columbus, OH, 43232",5911,LITTLE BROOK WAY,UNIT 204,Columbus,OH,43232,39.9444468,-82.8417872,RESIDENTIAL,census_geocoder,auditor_street (30/31 dwelling),Exact
"5911 LITTLE BROOK WAY UNIT 114, Columbus, OH, 43232",5911,LITTLE BROOK WAY,UNIT 114,Columbus,OH,43232,39.9443647,-82.8424178,RESIDENTIAL,census_geocoder,auditor_street (30/31 dwelling),Exact
"5911 LITTLE BROOK WAY UNIT 107, Columbus, OH, 43232",5911,LITTLE BROOK WAY,UNIT 107,Columbus,OH,43232,39.9443411,-82.8418317,RESIDENTIAL,census_geocoder,auditor_street (30/31 dwelling),Exact
"5911 LITTLE BROOK WAY UNIT 102, Columbus, OH, 43232",5911,LITTLE BROOK WAY,UNIT 102,Columbus,OH,43232,39.9444684,-82.8417099,RESIDENTIAL,census_geocoder,auditor_street (30/31 dwelling),Exact
"5911 LITTLE BROOK WAY UNIT 221, Columbus, OH, 43232",5911,LITTLE BROOK WAY,UNIT 221,Columbus,OH,43232,39.9443082,-82.8425133,RESIDENTIAL,census_geocoder,auditor_street (30/31 dwelling),Exact
"5911 LITTLE BROOK WAY UNIT 216, Columbus, OH, 43232",5911,LITTLE BROOK WAY,UNIT 216,Columbus,OH,43232,39.9443646,-82.842335,RESIDENTIAL,census_geocoder,auditor_street (30/31 dwelling),Exact
"5911 LITTLE BROOK WAY UNIT 205, Columbus, OH, 43232",5911,LITTLE BROOK WAY,UNIT 205,Columbus,OH,43232,39.9443624,-82.8417618,RESIDENTIAL,census_geocoder,auditor_street (30/31 dwelling),Exact
"5911 LITTLE BROOK WAY UNIT 202, Columbus, OH, 43232",5911,LITTLE BROOK WAY,UNIT 202,Columbus,OH,43232,39.944484,-82.8417206,RESIDENTIAL,census_geocoder,auditor_street (30/31 dwelling),Exact
"4000 VERONIA LN, Columbus, OH, 43232",4000,VERONIA LN,,Columbus,OH,43232,39.9172684,-82.8893847,RESIDENTIAL,census_geocoder,auditor_street (3/4 dwelling),Non_Exact
"3093 PETZINGER RD, Columbus, OH, 43232",3093,PETZINGER RD,,Columbus,OH,43232,39.9294189,-82.9107487,RESIDENTIAL,census_geocoder,auditor_street (122/146 dwelling),Exact
"1699 LONSDALE RD UNIT C, Columbus, OH, 43232",1699,LONSDALE RD,UNIT C,Columbus,OH,43232,39.9428591,-82.8503672,RESIDENTIAL,census_geocoder,auditor_street (54/64 dwelling),Non_Exact
"1699 LONSDALE RD UNIT A, Columbus, OH, 43232",1699,LONSDALE RD,UNIT A,Columbus,OH,43232,39.9428609,-82.8504254,RESIDENTIAL,census_geocoder,auditor_street (54/64 dwelling),Non_Exact
"5055 CARBONDALE DR, Columbus, OH, 43232",5055,CARBONDALE DR,,Columbus,OH,43232,39.9261503,-82.8566476,RESIDENTIAL,census_geocoder,auditor_street (127/131 dwelling),Exact
"2445 WEYBURN RD, Columbus, OH, 43232",2445,WEYBURN RD,,Columbus,OH,43232,39.9220601,-82.9038128,RESIDENTIAL,census_geocoder,auditor_street (38/42 dwelling),Exact
"1851 NOE BIXBY RD, Columbus, OH, 43232",1851,NOE BIXBY RD,,Columbus,OH,43232,39.9391171,-82.8615052,RESIDENTIAL,census_geocoder,auditor_street (242/328 dwelling),Exact
"2829 SCHWARTZ RD, Columbus, OH, 43232",2829,SCHWARTZ RD,,Columbus,OH,43232,39.9135332,-82.9104974,RESIDENTIAL,census_geocoder,auditor_street (24/31 dwelling),Exact
"1914 NOE-BIXBY RD UNIT D, Columbus, OH, 43232",1914,NOE-BIXBY RD,UNIT D,Columbus,OH,43232,39.9372757,-82.8617912,RESIDENTIAL,census_geocoder,auditor_street (242/328 dwelling),Non_Exact
"1906 NOE-BIXBY RD UNIT D, Columbus, OH, 43232",1906,NOE-BIXBY RD,UNIT D,Columbus,OH,43232,39.9374208,-82.861787,RESIDENTIAL,census_geocoder,auditor_street (242/328 dwelling),Non_Exact
"1914 NOE-BIXBY RD UNIT B, Columbus, OH, 43232",1914,NOE-BIXBY RD,UNIT B,Columbus,OH,43232,39.937276,-82.8618249,RESIDENTIAL,census_geocoder,auditor_street (242/328 dwelling),Non_Exact
"1914 NOE-BIXBY RD UNIT C, Columbus, OH, 43232",1914,NOE-BIXBY RD,UNIT C,Columbus,OH,43232,39.9372954,-82.8617908,RESIDENTIAL,census_geocoder,auditor_street (242/328 dwelling),Non_Exact
"2025 NOE-BIXBY RD, Columbus, OH, 43232",2025,NOE-BIXBY RD,,Columbus,OH,43232,39.9361103,-82.8622447,RESIDENTIAL,census_geocoder,auditor_street (242/328 dwelling),Exact
"1906 NOE-BIXBY RD UNIT B, Columbus, OH, 43232",1906,NOE-BIXBY RD,UNIT B,Columbus,OH,43232,39.9374219,-82.8618213,RESIDENTIAL,census_geocoder,auditor_street (242/328 dwelling),Non_Exact
"1914 NOE-BIXBY RD UNIT A, Columbus, OH, 43232",1914,NOE-BIXBY RD,UNIT A,Columbus,OH,43232,39.9372963,-82.8618243,RESIDENTIAL,census_geocoder,auditor_street (242/328 dwelling),Non_Exact
"1906 NOE-BIXBY RD UNIT A, Columbus, OH, 43232",1906,NOE-BIXBY RD,UNIT A,Columbus,OH,43232,39.9374382,-82.8618214,RESIDENTIAL,census_geocoder,auditor_street (242/328 dwelling),Non_Exact
"1906 NOE-BIXBY RD UNIT C, Columbus, OH, 43232",1906,NOE-BIXBY RD,UNIT C,Columbus,OH,43232,39.9374379,-82.8617867,RESIDENTIAL,census_geocoder,auditor_street (242/328 dwelling),Non_Exact
"3409 WALNUT DR, Columbus, OH, 43232",3409,WALNUT DR,,Columbus,OH,43232,39.9214881,-82.9039888,RESIDENTIAL,census_geocoder,auditor_street (30/37 dwelling),Exact
"2519 WEYBURN RD, Columbus, OH, 43232",2519,WEYBURN RD,,Columbus,OH,43232,39.9217018,-82.9035891,RESIDENTIAL,census_geocoder,auditor_street (38/42 dwelling),Exact
"2533 WEYBURN RD, Columbus, OH, 43232",2533,WEYBURN RD,,Columbus,OH,43232,39.9212024,-82.9034826,RESIDENTIAL,census_geocoder,auditor_street (38/42 dwelling),Exact
"3319 JOSHSTOCK DR, Columbus, OH, 43232",3319,JOSHSTOCK DR,,Columbus,OH,43232,39.9134349,-82.8377112,RESIDENTIAL,census_geocoder,auditor_street (4/4 dwelling),Exact
