number,street,unit,nearest_parcel_land_use,distance_m,reason
4484,REINBEAU DR,,403,9.2,nearest non-residential (403)
4472,REINBEAU DR,,403,20.4,nearest non-residential (403)
4479,REINBEAU DR,,417,30.4,nearest non-residential (417)
3411,OLDE CAPE W,,403,42.7,nearest non-residential (403)
4220,WINCHESTER PIKE,BLDG,499,107.6,nearest parcel 108m away (> 60m)
4444,WINCHESTER PIKE,,407,133.7,nearest parcel 134m away (> 60m)
4482,REINBEAU DR,,403,10.0,nearest non-residential (403)
4469,REINBEAU DR,,403,7.3,nearest non-residential (403)
4990,CHATTERTON RD,APT 4,420,49.4,nearest non-residential (420)
4488,REINBEAU DR,,403,16.2,nearest non-residential (403)
4481,REINBEAU DR,,403,28.9,nearest non-residential (403)
4477,REINBEAU DR,,403,19.0,nearest non-residential (403)
5024,CHATTERTON RD,APT 4,403,8.6,nearest non-residential (403)
4514,REINBEAU DR,,403,5.5,nearest non-residential (403)
4453,REINBEAU DR,,403,25.3,nearest non-residential (403)
4476,REINBEAU DR,,403,12.1,nearest non-residential (403)
4478,REINBEAU DR,,403,16.6,nearest non-residential (403)
5008,CHATTERTON RD,APT 8,403,52.9,nearest non-residential (403)
3232,NOE BIXBY RD,APT 2S,630,9.5,nearest non-residential (630)
4516,REINBEAU DR,,403,4.5,nearest non-residential (403)
4470,REINBEAU DR,,403,21.5,nearest non-residential (403)
5105,SEDALIA DR,,401,19.0,nearest non-residential (401)
5185,OLDE CAPE N,,403,45.7,nearest non-residential (403)
3371,NOE BIXBY RD,,685,43.4,nearest non-residential (685)
5148,SEDALIA DR,,510,61.9,nearest parcel 62m away (> 60m)
0,FLOYD DR,,599,7.6,nearest non-residential (599)
5108,SEDALIA DR,,425,27.4,nearest non-residential (425)
3417,OLDE CAPE W,,403,27.4,nearest non-residential (403)
5146,SEDALIA DR,,403,54.4,nearest non-residential (403)
3341,WINCHESTER PIKE,,499,27.2,nearest non-residential (499)
3465,NOE BIXBY RD,,650,45.0,nearest non-residential (650)
4451,REINBEAU DR,APT,417,23.3,nearest non-residential (417)
5976,E LIVINGSTON (R) AVE,,420,21.8,nearest non-residential (420)
3232,NOE BIXBY RD,APT 2A,630,9.5,nearest non-residential (630)
3232,NOE BIXBY RD,APT 3M,630,9.5,nearest non-residential (630)
4990,CHATTERTON RD,APT 10,420,49.4,nearest non-residential (420)
5020,CHATTERTON RD,APT 12,403,39.2,nearest non-residential (403)
3232,NOE BIXBY RD,APT 2L,630,9.5,nearest non-residential (630)
4490,WINCHESTER PIKE,APT R,499,7.2,nearest non-residential (499)
5562,SEDALIA DR,,403,47.8,nearest non-residential (403)
5021,CHATTERTON RD,,425,25.9,nearest non-residential (425)
3413,OLDE CAPE W,,403,39.4,nearest non-residential (403)
5144,SEDALIA DR,,403,49.2,nearest non-residential (403)
3439,OLDE CAPE W,,403,37.1,nearest non-residential (403)
3246,NOE BIXBY RD,,420,17.8,nearest non-residential (420)
5024,CHATTERTON RD,APT 10,403,8.6,nearest non-residential (403)
5020,CHATTERTON RD,APT 8,403,39.2,nearest non-residential (403)
5016,CHATTERTON RD,APT 5,403,19.1,nearest non-residential (403)
5016,CHATTERTON RD,APT 2,403,19.1,nearest non-residential (403)
5026,CHATTERTON RD,APT 10,403,35.7,nearest non-residential (403)
5020,CHATTERTON RD,APT 5,403,39.2,nearest non-residential (403)
5000,CHATTERTON RD,APT 9,403,23.6,nearest non-residential (403)
4990,CHATTERTON RD,APT 9,420,49.4,nearest non-residential (420)
5016,CHATTERTON RD,APT 3,403,19.1,nearest non-residential (403)
5016,CHATTERTON RD,APT 10,403,19.1,nearest non-residential (403)
5020,CHATTERTON RD,APT 4,403,39.2,nearest non-residential (403)
4990,CHATTERTON RD,APT 12,420,49.4,nearest non-residential (420)
3445,LATONIA,,403,41.4,nearest non-residential (403)
3425,OLDE CAPE W,,403,29.4,nearest non-residential (403)
3232,NOE BIXBY RD,APT 2Q,630,9.5,nearest non-residential (630)
5000,CHATTERTON RD,APT 12,403,23.6,nearest non-residential (403)
3232,NOE BIXBY RD,APT 1B,630,9.5,nearest non-residential (630)
0,KATHERINE RD,,599,5.7,nearest non-residential (599)
5011,CHATTERTON RD,,425,14.6,nearest non-residential (425)
5024,CHATTERTON RD,APT 3,403,8.6,nearest non-residential (403)
3232,NOE BIXBY RD,APT 2H,630,9.5,nearest non-residential (630)
6184,E LIVINGSTON AVE,,452,9.9,nearest non-residential (452)
4990,CHATTERTON RD,APT 11,420,49.4,nearest non-residential (420)
4475,REINBEAU DR,,403,23.8,nearest non-residential (403)
5008,CHATTERTON RD,APT 3,403,52.9,nearest non-residential (403)
5008,CHATTERTON RD,APT 6,403,52.9,nearest non-residential (403)
4459,REINBEAU DR,APT,403,20.2,nearest non-residential (403)
4990,CHATTERTON RD,APT 5,420,49.4,nearest non-residential (420)
5026,CHATTERTON RD,APT 9,403,35.7,nearest non-residential (403)
4220,WINCHESTER PIKE,,101,95.3,nearest parcel 95m away (> 60m)
3401,OLDE CAPE E,,403,26.1,nearest non-residential (403)
4457,REINBEAU DR,APT,403,23.5,nearest non-residential (403)
4490,WINCHESTER PIKE,,447,7.1,nearest non-residential (447)
4495,REINBEAU DR,,403,13.6,nearest non-residential (403)
5000,CHATTERTON RD,APT 11,403,23.6,nearest non-residential (403)
5000,CHATTERTON RD,APT 7,403,23.6,nearest non-residential (403)
4486,REINBEAU DR,,403,17.4,nearest non-residential (403)
3405,OLDE CAPE E,,403,35.6,nearest non-residential (403)
5570,SEDALIA DR,,510,61.5,nearest parcel 61m away (> 60m)
3232,NOE BIXBY RD,APT 1G,630,9.5,nearest non-residential (630)
5042,CHATTERTON RD,APT 9,403,42.6,nearest non-residential (403)
3429,OLDE CAPE E,,403,26.1,nearest non-residential (403)
5008,CHATTERTON RD,APT 11,403,52.9,nearest non-residential (403)
2871,BRICE RD,,685,63.6,nearest parcel 64m away (> 60m)
4989,CHATTERTON RD,,458,47.3,nearest non-residential (458)
3427,OLDE CAPE E,,403,18.7,nearest non-residential (403)
5051,CHATTERTON RD,,479,56.8,nearest non-residential (479)
5041,CHATTERTON RD,,425,55.8,nearest non-residential (425)
3367,BEACHWORTH DR,,403,10.4,nearest non-residential (403)
5120,SEDALIA DR,,425,49.3,nearest non-residential (425)
5101,SEDALIA DR,,401,12.4,nearest non-residential (401)
3409,OLDE CAPE W,,403,49.0,nearest non-residential (403)
3419,OLDE CAPE E,,403,17.6,nearest non-residential (403)
3480,WINCHESTER PIKE,,510,71.9,nearest parcel 72m away (> 60m)
5037,CHATTERTON RD,,425,47.7,nearest non-residential (425)
3407,OLDE CAPE E,,403,40.2,nearest non-residential (403)
5042,CHATTERTON RD,APT 3,403,42.6,nearest non-residential (403)
5000,CHATTERTON RD,APT 8,403,23.6,nearest non-residential (403)
4474,REINBEAU DR,,403,11.5,nearest non-residential (403)
3279,NOE BIXBY RD,,650,58.1,nearest non-residential (650)
4760,WINCHESTER PIKE,,685,16.6,nearest non-residential (685)
5580,SEDALIA DR,,510,64.2,nearest parcel 64m away (> 60m)
5142,SEDALIA DR,,403,55.9,nearest non-residential (403)
5110,SEDALIA DR,,425,35.1,nearest non-residential (425)
5179,OLDE CAPE N,,403,34.6,nearest non-residential (403)
4473,REINBEAU DR,,417,25.0,nearest non-residential (417)
3288,EVERSON RD E,,500,7.3,nearest=vacant land
3437,OLDE CAPE W,,403,42.8,nearest non-residential (403)
3431,OLDE CAPE W,,403,40.2,nearest non-residential (403)
3365,BEACHWORTH DR,,403,5.7,nearest non-residential (403)
3415,OLDE CAPE E,,403,33.5,nearest non-residential (403)
3421,OLDE CAPE W,,403,40.0,nearest non-residential (403)
5181,OLDE CAPE N,,403,36.5,nearest non-residential (403)
5104,SEDALIA DR,,425,8.5,nearest non-residential (425)
4462,WINCHESTER PIKE,,407,97.0,nearest parcel 97m away (> 60m)
3451,WINCHESTER PIKE,,480,43.4,nearest non-residential (480)
3423,OLDE CAPE W,,403,37.3,nearest non-residential (403)
3433,OLDE CAPE W,,403,34.4,nearest non-residential (403)
5042,CHATTERTON RD,APT 12,403,42.6,nearest non-residential (403)
0,MADELINE RD,,500,4.7,nearest=vacant land
5005,CHATTERTON RD,,425,17.8,nearest non-residential (425)
4512,REINBEAU DR,,403,12.0,nearest non-residential (403)
3427,OLDE CAPE W,,403,22.4,nearest non-residential (403)
5564,SEDALIA DR,,403,55.9,nearest non-residential (403)
3373,WINCHESTER PIKE,,429,30.6,nearest non-residential (429)
3435,OLDE CAPE W,,403,27.5,nearest non-residential (403)
5558,SEDALIA DR,,403,39.6,nearest non-residential (403)
3425,OLDE CAPE E,,403,12.0,nearest non-residential (403)
5183,OLDE CAPE N,,403,40.5,nearest non-residential (403)
5109,SEDALIA DR,,401,26.6,nearest non-residential (401)
3403,OLDE CAPE W,,403,45.9,nearest non-residential (403)
3421,OLDE CAPE E,,403,13.2,nearest non-residential (403)
1750,IDLEWILD RD,,420,9.3,nearest non-residential (420)
5000,CHATTERTON RD,APT 10,403,23.6,nearest non-residential (403)
5578,SEDALIA DR,,403,60.7,nearest parcel 61m away (> 60m)
3419,OLDE CAPE W,,403,32.8,nearest non-residential (403)
3403,OLDE CAPE E,,403,29.7,nearest non-residential (403)
4990,CHATTERTON RD,APT 2,420,49.4,nearest non-residential (420)
5008,CHATTERTON RD,APT 12,403,52.9,nearest non-residential (403)
3232,NOE BIXBY RD,APT 2B,630,9.5,nearest non-residential (630)
3232,NOE BIXBY RD,APT 2J,630,9.5,nearest non-residential (630)
5026,CHATTERTON RD,APT 8,403,35.7,nearest non-residential (403)
3232,NOE BIXBY RD,APT 2M,630,9.5,nearest non-residential (630)
5091,SEDALIA RD,,401,20.9,nearest non-residential (401)
3441,WINCHESTER PIKE,,480,55.9,nearest non-residential (480)
3601,WATKINS RD,,501,28.2,nearest=vacant land
3417,OLDE CAPE E,,403,25.8,nearest non-residential (403)
5026,CHATTERTON RD,APT 11,403,35.7,nearest non-residential (403)
5024,CHATTERTON RD,APT 8,403,8.6,nearest non-residential (403)
4990,CHATTERTON RD,APT 8,420,49.4,nearest non-residential (420)
5008,CHATTERTON RD,APT 4,403,52.9,nearest non-residential (403)
3232,NOE BIXBY RD,APT 3D,630,9.5,nearest non-residential (630)
3232,NOE BIXBY RD,APT 3P,630,9.5,nearest non-residential (630)
5016,CHATTERTON RD,APT 6,403,19.1,nearest non-residential (403)
3232,NOE BIXBY RD,APT 2N,630,9.5,nearest non-residential (630)
3232,NOE BIXBY RD,APT 2R,630,9.5,nearest non-residential (630)
5042,CHATTERTON RD,APT 7,403,42.6,nearest non-residential (403)
5024,CHATTERTON RD,APT 2,403,8.6,nearest non-residential (403)
5020,CHATTERTON RD,APT 3,403,39.2,nearest non-residential (403)
5024,CHATTERTON RD,APT 11,403,8.6,nearest non-residential (403)
5016,CHATTERTON RD,APT 7,403,19.1,nearest non-residential (403)
5000,CHATTERTON RD,APT 2,403,23.6,nearest non-residential (403)
3232,NOE BIXBY RD,APT 1D,630,9.5,nearest non-residential (630)
5042,CHATTERTON RD,APT 5,403,42.6,nearest non-residential (403)
3232,NOE BIXBY RD,APT 3L,630,9.5,nearest non-residential (630)
5024,CHATTERTON RD,APT 7,403,8.6,nearest non-residential (403)
3232,NOE BIXBY RD,APT 3J,630,9.5,nearest non-residential (630)
3232,NOE BIXBY RD,APT 3S,630,9.5,nearest non-residential (630)
5026,CHATTERTON RD,APT 5,403,35.7,nearest non-residential (403)
3232,NOE BIXBY RD,APT 3F,630,9.5,nearest non-residential (630)
5026,CHATTERTON RD,APT 12,403,35.7,nearest non-residential (403)
5042,CHATTERTON RD,APT 8,403,42.6,nearest non-residential (403)
3232,NOE BIXBY RD,APT 1E,630,9.5,nearest non-residential (630)
3232,NOE BIXBY RD,APT 1C,630,9.5,nearest non-residential (630)
5020,CHATTERTON RD,APT 9,403,39.2,nearest non-residential (403)
3232,NOE BIXBY RD,APT 2K,630,9.5,nearest non-residential (630)
5026,CHATTERTON RD,APT 7,403,35.7,nearest non-residential (403)
3232,NOE BIXBY RD,APT 1R,630,9.5,nearest non-residential (630)
5020,CHATTERTON RD,APT 6,403,39.2,nearest non-residential (403)
5042,CHATTERTON RD,APT 1,403,42.6,nearest non-residential (403)
5042,CHATTERTON RD,APT 4,403,42.6,nearest non-residential (403)
5024,CHATTERTON RD,APT 9,403,8.6,nearest non-residential (403)
5020,CHATTERTON RD,APT 10,403,39.2,nearest non-residential (403)
3232,NOE BIXBY RD,APT 1S,630,9.5,nearest non-residential (630)
5020,CHATTERTON RD,APT 1,403,39.2,nearest non-residential (403)
5024,CHATTERTON RD,APT 12,403,8.6,nearest non-residential (403)
3232,NOE BIXBY RD,APT 1H,630,9.5,nearest non-residential (630)
5024,CHATTERTON RD,APT 6,403,8.6,nearest non-residential (403)
5000,CHATTERTON RD,APT 3,403,23.6,nearest non-residential (403)
3232,NOE BIXBY RD,APT 3Q,630,9.5,nearest non-residential (630)
5000,CHATTERTON RD,APT 4,403,23.6,nearest non-residential (403)
3232,NOE BIXBY RD,APT 3N,630,9.5,nearest non-residential (630)
3232,NOE BIXBY RD,APT 2P,630,9.5,nearest non-residential (630)
5042,CHATTERTON RD,APT 6,403,42.6,nearest non-residential (403)
5026,CHATTERTON RD,APT 6,403,35.7,nearest non-residential (403)
3232,NOE BIXBY RD,APT 3R,630,9.5,nearest non-residential (630)
0,GERLING BLVD,,599,8.3,nearest non-residential (599)
3232,NOE BIXBY RD,APT 1A,630,9.5,nearest non-residential (630)
3232,NOE BIXBY RD,APT 3E,630,9.5,nearest non-residential (630)
4990,CHATTERTON RD,APT 1,420,49.4,nearest non-residential (420)
3232,NOE BIXBY RD,APT 2F,630,9.5,nearest non-residential (630)
5016,CHATTERTON RD,APT 12,403,19.1,nearest non-residential (403)
3232,NOE BIXBY RD,APT 3G,630,9.5,nearest non-residential (630)
3232,NOE BIXBY RD,APT 3K,630,9.5,nearest non-residential (630)
3232,NOE BIXBY RD,APT 3H,630,9.5,nearest non-residential (630)
4211,WINCHESTER PIKE,,101,39.2,nearest non-residential (101)
4215,WINCHESTER PIKE,,101,51.0,nearest non-residential (101)
0,S HAMILTON RD,,500,34.9,nearest=vacant land
4194,WINCHESTER PIKE,,101,32.4,nearest non-residential (101)
3232,NOE BIXBY RD,APT 3A,630,9.5,nearest non-residential (630)
3232,NOE BIXBY RD,APT 1J,630,9.5,nearest non-residential (630)
5024,CHATTERTON RD,APT 5,403,8.6,nearest non-residential (403)
5042,CHATTERTON RD,APT 10,403,42.6,nearest non-residential (403)
3232,NOE BIXBY RD,APT 1L,630,9.5,nearest non-residential (630)
5026,CHATTERTON RD,APT 1,403,35.7,nearest non-residential (403)
3232,NOE BIXBY RD,APT 1M,630,9.5,nearest non-residential (630)
3232,NOE BIXBY RD,APT 2C,630,9.5,nearest non-residential (630)
3232,NOE BIXBY RD,APT 2G,630,9.5,nearest non-residential (630)
5020,CHATTERTON RD,APT 11,403,39.2,nearest non-residential (403)
5042,CHATTERTON RD,APT 2,403,42.6,nearest non-residential (403)
3232,NOE BIXBY RD,APT 2E,630,9.5,nearest non-residential (630)
3232,NOE BIXBY RD,APT 3B,630,9.5,nearest non-residential (630)
5016,CHATTERTON RD,APT 11,403,19.1,nearest non-residential (403)
3232,NOE BIXBY RD,APT 2D,630,9.5,nearest non-residential (630)
3232,NOE BIXBY RD,APT 1F,630,9.5,nearest non-residential (630)
5008,CHATTERTON RD,APT 9,403,52.9,nearest non-residential (403)
5008,CHATTERTON RD,APT 2,403,52.9,nearest non-residential (403)
5026,CHATTERTON RD,APT 2,403,35.7,nearest non-residential (403)
4990,CHATTERTON RD,APT 6,420,49.4,nearest non-residential (420)
4990,CHATTERTON RD,APT 7,420,49.4,nearest non-residential (420)
3232,NOE BIXBY RD,APT 1Q,630,9.5,nearest non-residential (630)
5020,CHATTERTON RD,APT 2,403,39.2,nearest non-residential (403)
3431,OLDE CAPE E,,403,32.9,nearest non-residential (403)
3309,JAMES DENNIS DR,,650,92.0,nearest parcel 92m away (> 60m)
5574,SEDALIA DR,,403,50.9,nearest non-residential (403)
5016,CHATTERTON RD,APT 9,403,19.1,nearest non-residential (403)
5000,CHATTERTON RD,APT 1,403,23.6,nearest non-residential (403)
5008,CHATTERTON RD,APT 1,403,52.9,nearest non-residential (403)
3232,NOE BIXBY RD,APT 3C,630,9.5,nearest non-residential (630)
5008,CHATTERTON RD,APT 7,403,52.9,nearest non-residential (403)
3232,NOE BIXBY RD,APT 1K,630,9.5,nearest non-residential (630)
3232,NOE BIXBY RD,APT 1P,630,9.5,nearest non-residential (630)
5016,CHATTERTON RD,APT 4,403,19.1,nearest non-residential (403)
5572,SEDALIA DR,,403,57.3,nearest non-residential (403)
4480,REINBEAU DR,,403,14.9,nearest non-residential (403)
5560,SEDALIA DR,,403,42.8,nearest non-residential (403)
5116,SEDALIA DR,,425,42.6,nearest non-residential (425)
3405,OLDE CAPE W,,403,50.0,nearest non-residential (403)
5556,SEDALIA DR,,403,45.3,nearest non-residential (403)
5140,SEDALIA DR,,403,61.1,nearest parcel 61m away (> 60m)
3441,OLDE CAPE W,,403,32.3,nearest non-residential (403)
3424,S HAMILTON RD,,495,18.0,nearest non-residential (495)
5576,SEDALIA DR,,403,55.7,nearest non-residential (403)
5554,SEDALIA DR,,403,52.3,nearest non-residential (403)
4990,CHATTERTON RD,APT 3,420,49.4,nearest non-residential (420)
5016,CHATTERTON RD,APT 1,403,19.1,nearest non-residential (403)
5020,CHATTERTON RD,APT 7,403,39.2,nearest non-residential (403)
5026,CHATTERTON RD,APT 3,403,35.7,nearest non-residential (403)
5042,CHATTERTON RD,APT 11,403,42.6,nearest non-residential (403)
5024,CHATTERTON RD,APT 1,403,8.6,nearest non-residential (403)
5008,CHATTERTON RD,APT 5,403,52.9,nearest non-residential (403)
5026,CHATTERTON RD,APT 4,403,35.7,nearest non-residential (403)
5000,CHATTERTON RD,APT 6,403,23.6,nearest non-residential (403)
3232,NOE BIXBY RD,APT 1N,630,9.5,nearest non-residential (630)
5000,CHATTERTON RD,APT 5,403,23.6,nearest non-residential (403)
5008,CHATTERTON RD,APT 10,403,52.9,nearest non-residential (403)
5016,CHATTERTON RD,APT 8,403,19.1,nearest non-residential (403)
3345,S HAMILTON RD,APT R,640,36.0,nearest non-residential (640)
4595,MONMOUTH CT,,403,77.1,nearest parcel 77m away (> 60m)
4657,REFUGEE RD,2H,403,77.6,nearest parcel 78m away (> 60m)
2328,RANDY CT,,520,76.7,nearest parcel 77m away (> 60m)
5415,YORKSHIRE TERRACE DR,1C,403,16.6,nearest non-residential (403)
4411,WINCHESTER PIKE,,550,177.6,nearest parcel 178m away (> 60m)
2620,BIRCHTREE CT,,403,46.6,nearest non-residential (403)
2434,SHORE BLVD W,,403,63.9,nearest parcel 64m away (> 60m)
4630,HILTON CORPORATE DR,211,411,90.1,nearest parcel 90m away (> 60m)
5484,DUNFIELD LN,1,403,47.9,nearest non-residential (403)
2730,TENNYSON BLVD,A,481,171.9,nearest parcel 172m away (> 60m)
5792,HIBERNIA DR,B,403,52.2,nearest non-residential (403)
2564,SILVER OAK DR,,403,67.5,nearest parcel 68m away (> 60m)
5145,CEDAR DR,A,,35.4,nearest non-residential ()
2279,SEVILLE AVE,,403,52.1,nearest non-residential (403)
2355,HUDSON BAY WAY,,403,97.1,nearest parcel 97m away (> 60m)
1289,YORKLAND RD,UNIT K,403,16.2,nearest non-residential (403)
2171,SOFT WIND CT,,403,102.9,nearest parcel 103m away (> 60m)
5649,CHANTRY DR,,510,85.3,nearest parcel 85m away (> 60m)
6339,MCNAUGHTEN CT,,425,46.0,nearest non-residential (425)
3142,S HAMILTON RD,,425,5.6,nearest non-residential (425)
2205,COURTSIDE DR,C,400,26.7,nearest non-residential (400)
150,CHANTRY DR,,447,15.6,nearest non-residential (447)
5621,CHANTRY DR,,447,23.8,nearest non-residential (447)
4255,MACSWAY AVE,,422,43.6,nearest non-residential (422)
5079,CEDAR DR,L,,13.1,nearest non-residential ()
4537,LAKE SIDE S,,122,111.1,nearest parcel 111m away (> 60m)
2089,LAKE CLUB TER,I,400,70.2,nearest parcel 70m away (> 60m)
3201,WEBSTER DR,,403,70.3,nearest parcel 70m away (> 60m)
2466,NOE-BIXBY RD,,500,24.7,nearest=vacant land
2169,S JAMES RD,,371,37.2,nearest non-residential (371)
1946,FOUNTAINVIEW CT,A,403,103.9,nearest parcel 104m away (> 60m)
5555,HIBERNIA DR,,640,88.7,nearest parcel 89m away (> 60m)
5567,HIBERNIA DR,B,510,89.1,nearest parcel 89m away (> 60m)
5864,CHATFORD DR,D,403,17.8,nearest non-residential (403)
4659,REFUGEE RD,3C,403,89.5,nearest parcel 90m away (> 60m)
4550,LAKE SIDE N,K,350,148.0,nearest parcel 148m away (> 60m)
2740,CITIZENS PL,C,403,167.4,nearest parcel 167m away (> 60m)
4669,REFUGEE RD,2I,403,11.1,nearest non-residential (403)
6000,LAKE CLUB CT,A,449,147.9,nearest parcel 148m away (> 60m)
4593,REFUGEE RD,3F,403,72.1,nearest parcel 72m away (> 60m)
3301,TRADAN DR,,403,53.0,nearest non-residential (403)
2162,SUNSHINE PL,,400,98.2,nearest parcel 98m away (> 60m)
4291,DONLYN CT,,447,35.0,nearest non-residential (447)
2051,LAKE CLUB TER,,403,27.8,nearest non-residential (403)
2811,BERWICK SQ,,403,4.5,nearest non-residential (403)
3366,TRADAN DR,,400,46.8,nearest non-residential (400)
2182,SUNSHINE PL,,403,59.8,nearest non-residential (403)
6117,MCNAUGHTEN CT,,425,46.0,nearest non-residential (425)
3275,SUNMARK AVE,,,29.3,nearest non-residential ()
2732,EASTLAND MALL,,427,34.0,nearest non-residential (427)
1745,LONSDALE PL E,,403,38.0,nearest non-residential (403)
3180,ELIM MANOR CT,104,591,28.2,nearest non-residential (591)
5458,CHATFORD SQ,,403,73.1,nearest parcel 73m away (> 60m)
5573,AUTUMN CHASE DR,,411,53.7,nearest non-residential (411)
2795,GROSSE POINT,,403,94.1,nearest parcel 94m away (> 60m)
4964,COVENTRY CT S,,660,99.3,nearest parcel 99m away (> 60m)
2214,SUNSHINE PL,,520,86.1,nearest parcel 86m away (> 60m)
3153,REFUGEE RD,,465,75.4,nearest parcel 75m away (> 60m)
3675,MENDON PL,,520,70.8,nearest parcel 71m away (> 60m)
5539,CANTARA PL,4,403,24.3,nearest non-residential (403)
1759,CHANNINGWAY CT W,,403,84.5,nearest parcel 84m away (> 60m)
3325,WINTER LANE PARK,,510,101.3,nearest parcel 101m away (> 60m)
6137,MCNAUGHTEN CT,,425,46.0,nearest non-residential (425)
3634,RIVERDALE SQ,,625,82.4,nearest parcel 82m away (> 60m)
2828,WYMAN CT,,403,57.3,nearest non-residential (403)
3776,SOFT WIND DR,,403,78.1,nearest parcel 78m away (> 60m)
2025,COURTRIGHT RD,,340,110.7,nearest parcel 111m away (> 60m)
3955,MAUMEE BAY WAY,,510,72.0,nearest parcel 72m away (> 60m)
2504,COURTRIGHT RD,,402,62.2,nearest parcel 62m away (> 60m)
2525,FRANKSWAY ST,,422,94.4,nearest parcel 94m away (> 60m)
6157,GIOFFRE WOODS LN,,,3.6,nearest non-residential ()
5034,COVENTRY DR,D,403,56.6,nearest non-residential (403)
2346,RANDY CT,,403,48.3,nearest non-residential (403)
1931,FOUNTAINVIEW CT,,403,37.1,nearest non-residential (403)
5605,CHANTRY DR,,447,53.5,nearest non-residential (447)
3669,MENDON PL,,520,75.4,nearest parcel 75m away (> 60m)
4670,FENIMORE CT,,403,82.2,nearest parcel 82m away (> 60m)
3925,KIMBERLY PKWY N,,550,75.3,nearest parcel 75m away (> 60m)
5822,CHATFORD DR,F,899,110.5,nearest parcel 110m away (> 60m)
4611,REFUGEE RD,3D,403,87.2,nearest parcel 87m away (> 60m)
4615,REFUGEE RD,2C,403,45.2,nearest non-residential (403)
2830,WYMAN CT,C,403,68.5,nearest parcel 68m away (> 60m)
4609,REFUGEE RD,1K,403,66.2,nearest parcel 66m away (> 60m)
4650,HILTON CORPORATE DR,101,484,93.2,nearest parcel 93m away (> 60m)
6645,MCNAUGHTEN CT,,425,46.0,nearest non-residential (425)
4653,HILTON CORPORATE DR,,670,36.1,nearest non-residential (670)
4408,CROSSROADS CENTER,,444,48.0,nearest non-residential (444)
3737,NOAM CT,,403,65.4,nearest parcel 65m away (> 60m)
5381,YORKSHIRE TERRACE DR,5A,550,75.1,nearest parcel 75m away (> 60m)
2813,TENNYSON BLVD,210,403,33.6,nearest non-residential (403)
1811,BAIRSFORD DR,1D,403,20.4,nearest non-residential (403)
82,CHANTRY DR,,447,15.6,nearest non-residential (447)
4491,LAKE SIDE S,E,456,123.1,nearest parcel 123m away (> 60m)
5673,HIBERNIA DR,B,510,67.5,nearest parcel 68m away (> 60m)
3747,KIMBERLY WEST DR,,403,62.7,nearest parcel 63m away (> 60m)
5896,CHATFORD DR,E,403,104.4,nearest parcel 104m away (> 60m)
2433,SHORE BLVD E,,403,34.7,nearest non-residential (403)
372,CHANTRY DR,,447,15.6,nearest non-residential (447)
5481,E LIVINGSTON AVE,UNIT A,426,80.8,nearest parcel 81m away (> 60m)
3134,S HAMILTON RD,,425,24.2,nearest non-residential (425)
6447,MCNAUGHTEN CT,,425,46.0,nearest non-residential (425)
4520,LAKE SIDE S,B,425,142.3,nearest parcel 142m away (> 60m)
2587,S HAMILTON RD,,425,23.8,nearest non-residential (425)
5345,YORKSHIRE TERRACE DR,D,403,29.3,nearest non-residential (403)
3751,BIRCHTREE LN,,403,37.1,nearest non-residential (403)
4671,REFUGEE RD,3E,403,25.1,nearest non-residential (403)
2776,CITIZENS PL,E,403,111.8,nearest parcel 112m away (> 60m)
1873,BAIRSFORD DR,,520,70.5,nearest parcel 71m away (> 60m)
1286,MCKAHAN AVE,,,16.6,nearest non-residential ()
652,CHANTRY DR,,447,15.6,nearest non-residential (447)
5576,MILLERSFIELD DR,,403,51.3,nearest non-residential (403)
10,CHANTRY DR,,447,15.6,nearest non-residential (447)
4575,LAKE SIDE S,C,122,101.7,nearest parcel 102m away (> 60m)
5435,LONSDALE PL N,UNIT C,439,58.7,nearest non-residential (439)
192,CHANTRY DR,,447,15.6,nearest non-residential (447)
168,CHANTRY DR,,447,15.6,nearest non-residential (447)
5746,SARANAC DR,,511,62.2,nearest parcel 62m away (> 60m)
4300,KIMBERLY PKWY,,449,17.5,nearest non-residential (449)
2780,CITIZENS PL,A,403,99.5,nearest parcel 100m away (> 60m)
5415,YORKSHIRE TERRACE DR,5C,403,18.1,nearest non-residential (403)
5708,GREENPINE ST,,400,85.2,nearest parcel 85m away (> 60m)
4667,REFUGEE RD,2B,403,39.6,nearest non-residential (403)
5415,YORKSHIRE TERRACE DR,6B,403,22.2,nearest non-residential (403)
2497,SHORE BLVD E,,122,147.0,nearest parcel 147m away (> 60m)
5637,HIBERNIA DR,A,510,96.3,nearest parcel 96m away (> 60m)
5730,HIBERNIA DR,,403,82.9,nearest parcel 83m away (> 60m)
3325,SUFFIELD,,510,102.1,nearest parcel 102m away (> 60m)
3766,KIMBERLY WEST DR,,403,46.9,nearest non-residential (403)
2436,CHELSEA CT,,403,33.6,nearest non-residential (403)
2853,CITIZENS PL,H,436,106.5,nearest parcel 106m away (> 60m)
5653,HIBERNIA DR,A,510,82.2,nearest parcel 82m away (> 60m)
2175,MUIRWOOD DR,,400,126.3,nearest parcel 126m away (> 60m)
2226,SEVILLE AVE,,403,66.3,nearest parcel 66m away (> 60m)
310,CHANTRY DR,,447,15.6,nearest non-residential (447)
1921,BAIRSFORD DR,,403,27.6,nearest non-residential (403)
3973,PENNIMAN ST,,501,37.3,nearest=vacant land
5427,LONSDALE PL S,UNIT A,401,44.5,nearest non-residential (401)
3731,CHARBERT CT,,403,63.7,nearest parcel 64m away (> 60m)
4611,REFUGEE RD,1A,403,70.7,nearest parcel 71m away (> 60m)
258,CHANTRY DR,,447,15.6,nearest non-residential (447)
2735,EASTLAND MALL,,427,33.0,nearest non-residential (427)
5828,CHATFORD DR,B,899,93.9,nearest parcel 94m away (> 60m)
1563,APPLETON CT,,403,32.3,nearest non-residential (403)
6767,MCNAUGHTEN CT,,425,46.0,nearest non-residential (425)
3264,WINTER LANE PARK,,481,93.0,nearest parcel 93m away (> 60m)
5684,GREENPINE ST,,400,67.0,nearest parcel 67m away (> 60m)
5585,AUTUMN CHASE DR,A,411,39.8,nearest non-residential (411)
4616,HEBRIDES DR,C,403,106.4,nearest parcel 106m away (> 60m)
4800,LARAINE CT,102,403,42.3,nearest non-residential (403)
4992,OLDE COVENTRY RD W,,403,51.9,nearest non-residential (403)
5356,YORKSHIRE TERRACE DR,,403,28.7,nearest non-residential (403)
5575,CHATTERTON RD,,481,3.2,nearest non-residential (481)
2340,PETZINGER CT,,403,72.4,nearest parcel 72m away (> 60m)
5123,CEDAR DR,,,15.2,nearest non-residential ()
5119,CEDAR DR,M,,16.6,nearest non-residential ()
4582,MANDEVILLE CT,C,685,97.6,nearest parcel 98m away (> 60m)
1559,BANDERA CT,,403,22.5,nearest non-residential (403)
3728,NOAM CT,,403,78.3,nearest parcel 78m away (> 60m)
1775,CHANNINGWAY CT W,,403,71.4,nearest parcel 71m away (> 60m)
2788,CITIZENS PL,D,403,54.3,nearest non-residential (403)
5119,CEDAR DR,E,,3.6,nearest non-residential ()
2788,BERWICK SQ,,403,44.8,nearest non-residential (403)
2580,SILVER OAK DR,,403,67.3,nearest parcel 67m away (> 60m)
6161,MCNAUGHTEN CT,,425,46.0,nearest non-residential (425)
5918,SHANA DR,,403,25.9,nearest non-residential (403)
2845,CITIZENS PL,C,499,75.0,nearest parcel 75m away (> 60m)
2087,PINE GROVE LN,,401,40.6,nearest non-residential (401)
1946,FOUNTAINVIEW CT,G,403,104.7,nearest parcel 105m away (> 60m)
6495,MCNAUGHTEN CT,,425,46.0,nearest non-residential (425)
2786,CITIZENS PL,E,403,64.0,nearest parcel 64m away (> 60m)
4630,HILTON CORPORATE DR,104,484,120.6,nearest parcel 121m away (> 60m)
5530,DUNFIELD LN,3,403,15.3,nearest non-residential (403)
2543,SILVER OAK DR,,455,120.1,nearest parcel 120m away (> 60m)
3282,TRADAN DR,,403,89.1,nearest parcel 89m away (> 60m)
5660,SARANAC DR,,403,41.3,nearest non-residential (403)
6565,MCNAUGHTEN CT,,425,46.0,nearest non-residential (425)
4185,CADILLAC CT,,417,75.6,nearest parcel 76m away (> 60m)
5681,HIBERNIA DR,,510,68.0,nearest parcel 68m away (> 60m)
4669,REFUGEE RD,2G,403,12.2,nearest non-residential (403)
4597,MONMOUTH CT,,403,66.6,nearest parcel 67m away (> 60m)
5792,HIBERNIA DR,,403,50.0,nearest non-residential (403)
3855,BUCKMAN ST,,500,14.0,nearest=vacant land
2732,TENNYSON BLVD,,481,182.5,nearest parcel 182m away (> 60m)
2207,COURTSIDE DR,B,400,13.9,nearest non-residential (400)
5521,CANTARA PL,6,403,21.6,nearest non-residential (403)
2901,TUPPENCE DR,,403,51.1,nearest non-residential (403)
2655,SILVER OAK DR,,403,126.7,nearest parcel 127m away (> 60m)
4671,REFUGEE RD,3C,403,16.4,nearest non-residential (403)
4789,ROLLINGBROOK LN,D,403,19.6,nearest non-residential (403)
3385,WINTER LANE PARK,,403,70.2,nearest parcel 70m away (> 60m)
3249,WEBSTER DR,,480,72.3,nearest parcel 72m away (> 60m)
5824,CHATFORD DR,,403,19.6,nearest non-residential (403)
3312,SUFFIELD,,510,64.0,nearest parcel 64m away (> 60m)
3820,BUCKMAN ST,,500,5.6,nearest=vacant land
5700,SPRUCE TREE DR,,403,38.0,nearest non-residential (403)
2390,CANAL BAY WAY,,403,15.4,nearest non-residential (403)
5597,CHANTRY DR,,447,61.1,nearest parcel 61m away (> 60m)
5898,CHATFORD DR,,403,19.6,nearest non-residential (403)
4678,FENIMORE CT,D,403,111.1,nearest parcel 111m away (> 60m)
4630,HILTON CORPORATE DR,110,411,93.8,nearest parcel 94m away (> 60m)
2217,MUIRWOOD DR,,400,68.8,nearest parcel 69m away (> 60m)
238,CHANTRY DR,,447,15.6,nearest non-residential (447)
3474,WALNUT DR,,400,54.6,nearest non-residential (400)
164,CHANTRY DR,,447,15.6,nearest non-residential (447)
2720,BRANDY DR,204,458,58.6,nearest non-residential (458)
4573,MONMOUTH CT,212,403,58.0,nearest non-residential (403)
1811,BAIRSFORD DR,1B,403,27.9,nearest non-residential (403)
5792,HIBERNIA DR,C,403,51.7,nearest non-residential (403)
4520,LAKE SIDE S,D,425,145.9,nearest parcel 146m away (> 60m)
4442,CROSSROADS CENTER,,426,21.2,nearest non-residential (426)
2249,GARNET PL,,403,11.9,nearest non-residential (403)
2598,SILVER OAK DR,,403,84.0,nearest parcel 84m away (> 60m)
2000,SEPICH LN,,480,49.5,nearest non-residential (480)
5898,SHANA DR,,403,27.6,nearest non-residential (403)
16,CHANTRY DR,,447,15.6,nearest non-residential (447)
4592,LAKE SIDE N,,351,153.4,nearest parcel 153m away (> 60m)
5499,CHATFORD SQ,,403,79.8,nearest parcel 80m away (> 60m)
2912,MERRYMOUNT CT,C,403,74.0,nearest parcel 74m away (> 60m)
5858,CHATFORD DR,,403,32.6,nearest non-residential (403)
2797,TENNYSON BLVD,C,403,17.8,nearest non-residential (403)
4271,DONLYN CT,,447,48.9,nearest non-residential (447)
1849,BAIRSFORD DR,,520,71.6,nearest parcel 72m away (> 60m)
4241,EASTLAND SQUARE DR,,422,63.2,nearest parcel 63m away (> 60m)
5121,CEDAR DR,C,,22.7,nearest non-residential ()
5624,HIBERNIA DR,C,403,48.1,nearest non-residential (403)
2047,PINE NEEDLE CT,,401,6.2,nearest non-residential (401)
6703,MCNAUGHTEN CT,,425,46.0,nearest non-residential (425)
2174,SUNSHINE PL,,403,69.0,nearest parcel 69m away (> 60m)
2853,CITIZENS PL,C,436,104.5,nearest parcel 105m away (> 60m)
1838,S HAMILTON RD,,510,221.2,nearest parcel 221m away (> 60m)
2371,SHORE BLVD E,H,403,135.4,nearest parcel 135m away (> 60m)
3847,MAUMEE BAY WAY,,680,46.0,nearest non-residential (680)
6033,LAKE CLUB CT,,430,100.0,nearest parcel 100m away (> 60m)
5537,CHATFORD DR,,403,42.7,nearest non-residential (403)
4987,COVENTRY DR,,403,74.4,nearest parcel 74m away (> 60m)
1811,BAIRSFORD DR,2K,403,31.4,nearest non-residential (403)
2102,LAKE CLUB TER,,447,39.4,nearest non-residential (447)
2855,CITIZENS PL,D,403,94.7,nearest parcel 95m away (> 60m)
2894,MERRYMOUNT CT,B,403,132.3,nearest parcel 132m away (> 60m)
4114,ALVADA ST,,403,74.3,nearest parcel 74m away (> 60m)
2744,BRANDY DR,203,403,32.4,nearest non-residential (403)
3747,KIMBERLY WEST DR,UNIT 5,403,56.0,nearest non-residential (403)
5788,HIBERNIA DR,A,403,57.4,nearest non-residential (403)
1799,BAIRSFORD DR,,680,53.9,nearest non-residential (680)
5735,SPRUCE TREE DR,,400,105.3,nearest parcel 105m away (> 60m)
5934,SHANA DR,,403,58.3,nearest non-residential (403)
5200,CEDAR DR,D,,16.9,nearest non-residential ()
6375,MCNAUGHTEN CT,,425,46.0,nearest non-residential (425)
3760,KNIGHTSWAY LN,,402,46.0,nearest non-residential (402)
1567,APPLETON CT,,403,29.5,nearest non-residential (403)
5141,CEDAR DR,,,21.9,nearest non-residential ()
2173,SUNSHINE PL,,403,23.9,nearest non-residential (403)
2533,COURTRIGHT RD,,402,50.1,nearest non-residential (402)
4627,HILTON CORPORATE DR,,670,85.9,nearest parcel 86m away (> 60m)
4680,FENIMORE CT,B,403,110.3,nearest parcel 110m away (> 60m)
3346,SUFFIELD,,510,66.0,nearest parcel 66m away (> 60m)
2740,CITIZENS PL,E,403,162.8,nearest parcel 163m away (> 60m)
4599,REFUGEE RD,2A,403,34.2,nearest non-residential (403)
2231,COURTSIDE DR,D,400,33.8,nearest non-residential (400)
5687,E LIVINGSTON AVE,,400,63.2,nearest parcel 63m away (> 60m)
2627,SILVER OAK DR,,403,134.6,nearest parcel 135m away (> 60m)
4617,REFUGEE RD,1C,403,3.3,nearest non-residential (403)
5605,AUTUMN CHASE DR,B,411,31.0,nearest non-residential (411)
5603,HIBERNIA DR,A,510,77.6,nearest parcel 78m away (> 60m)
5880,YORKLAND CT,UNIT K,,9.7,nearest non-residential ()
5669,CHANTRY DR,,340,54.7,nearest non-residential (340)
1980,FOUNTAINVIEW CT,,403,90.7,nearest parcel 91m away (> 60m)
3863,SOLDIER ST,,500,16.6,nearest=vacant land
4969,COVENTRY CT S,,403,113.6,nearest parcel 114m away (> 60m)
4615,WORDSWORTH CT,C,403,60.6,nearest parcel 61m away (> 60m)
2431,SHORE BLVD E,I,403,34.7,nearest non-residential (403)
3695,KIDRON CT,,403,82.1,nearest parcel 82m away (> 60m)
4650,HILTON CORPORATE DR,111,484,83.3,nearest parcel 83m away (> 60m)
4665,REFUGEE RD,3H,403,58.4,nearest non-residential (403)
5435,LONSDALE PL N,UNIT A,403,54.5,nearest non-residential (403)
5720,HIBERNIA DR,B,690,82.6,nearest parcel 83m away (> 60m)
2035,PINE NEEDLE CT,,401,8.8,nearest non-residential (401)
5739,HIBERNIA DR,A,403,57.2,nearest non-residential (403)
4659,REFUGEE RD,1E,403,91.9,nearest parcel 92m away (> 60m)
3304,WINTER LANE PARK,,403,117.9,nearest parcel 118m away (> 60m)
4667,REFUGEE RD,3A,403,41.1,nearest non-residential (403)
5556,AUTUMN CHASE DR,A,411,51.2,nearest non-residential (411)
3735,BIRCHTREE LN,,403,57.9,nearest non-residential (403)
1779,BAIRSFORD CIR W,,403,52.7,nearest non-residential (403)
1754,LONSDALE PL E,UNIT B,403,73.2,nearest parcel 73m away (> 60m)
5583,HIBERNIA DR,A,510,61.8,nearest parcel 62m away (> 60m)
2760,EASTLAND MALL,,427,68.4,nearest parcel 68m away (> 60m)
4415,CROSSROADS CENTER,,426,33.3,nearest non-residential (426)
2810,CITIZENS PL,B,403,25.5,nearest non-residential (403)
4650,HILTON CORPORATE DR,306,484,74.5,nearest parcel 74m away (> 60m)
2757,S HAMILTON RD,,427,105.6,nearest parcel 106m away (> 60m)
3154,S HAMILTON RD,,425,38.7,nearest non-residential (425)
2637,BIRCHTREE CT,,403,72.4,nearest parcel 72m away (> 60m)
5561,CHATTERTON RD,,425,35.6,nearest non-residential (425)
2223,SEVILLE AVE,,403,102.6,nearest parcel 103m away (> 60m)
6763,MCNAUGHTEN CT,,425,46.0,nearest non-residential (425)
5123,CEDAR DR,E,,10.2,nearest non-residential ()
1811,BAIRSFORD DR,2H,403,28.1,nearest non-residential (403)
5563,HIBERNIA DR,,510,95.9,nearest parcel 96m away (> 60m)
6441,MCNAUGHTEN CT,,425,46.0,nearest non-residential (425)
5703,SPRUCE TREE DR,,403,68.8,nearest parcel 69m away (> 60m)
2784,MARWOOD CT,A,403,65.4,nearest parcel 65m away (> 60m)
2205,COURTSIDE DR,G,400,36.2,nearest non-residential (400)
5695,GREENPINE ST,,400,43.3,nearest non-residential (400)
6721,MCNAUGHTEN CT,,425,46.0,nearest non-residential (425)
5628,HIBERNIA DR,A,403,46.1,nearest non-residential (403)
648,CHANTRY DR,,447,15.6,nearest non-residential (447)
3749,EMRICK CT,,403,29.8,nearest non-residential (403)
2630,CHAPPEL CHASE,,403,95.2,nearest parcel 95m away (> 60m)
5540,MILLERSFIELD DR,,403,99.0,nearest parcel 99m away (> 60m)
4106,JENERA PL,,403,63.2,nearest parcel 63m away (> 60m)
2740,CITIZENS PL,D,403,164.4,nearest parcel 164m away (> 60m)
4636,GROVES RD,,353,24.0,nearest non-residential (353)
1893,COVENTRY CT,,403,66.4,nearest parcel 66m away (> 60m)
2776,CITIZENS PL,C,403,104.9,nearest parcel 105m away (> 60m)
262,CHANTRY DR,,447,15.6,nearest non-residential (447)
2348,PETZINGER CT,,640,57.0,nearest non-residential (640)
2748,CITIZENS PL,B,403,149.3,nearest parcel 149m away (> 60m)
2626,NOE-BIXBY RD,D,458,58.2,nearest non-residential (458)
5097,CEDAR DR,B,,12.6,nearest non-residential ()
6357,MCNAUGHTEN CT,,425,46.0,nearest non-residential (425)
3740,SOFT WIND DR,,403,122.2,nearest parcel 122m away (> 60m)
4774,LARAINE CT,203,403,47.9,nearest non-residential (403)
2583,KIMBERLY PKWY W,,403,67.3,nearest parcel 67m away (> 60m)
5121,CEDAR DR,L,,27.9,nearest non-residential ()
2273,COURTRIGHT RD,,403,31.4,nearest non-residential (403)
2296,MUIRWOOD DR,,400,85.9,nearest parcel 86m away (> 60m)
2314,SEVILLE AVE,,403,66.9,nearest parcel 67m away (> 60m)
5321,YORKSHIRE TERRACE DR,B,403,46.2,nearest non-residential (403)
2798,MARWOOD CT,C,403,48.5,nearest non-residential (403)
2187,ROTUNDA DR,,403,27.3,nearest non-residential (403)
2391,SHORE BLVD E,D,403,116.6,nearest parcel 117m away (> 60m)
2768,GROSSE POINT,,403,89.9,nearest parcel 90m away (> 60m)
5564,MILLERSFIELD DR,,403,70.1,nearest parcel 70m away (> 60m)
4599,REFUGEE RD,3A,403,35.8,nearest non-residential (403)
2824,CITIZENS PL,D,403,10.9,nearest non-residential (403)
4594,MONMOUTH CT,,403,40.1,nearest non-residential (403)
5545,CANTARA PL,5,403,31.0,nearest non-residential (403)
3308,TRADAN DR,,403,16.2,nearest non-residential (403)
2935,TENNYSON BLVD,D,685,133.4,nearest parcel 133m away (> 60m)
638,CHANTRY DR,,447,15.6,nearest non-residential (447)
4649,COLERIDGE CT,D,403,43.9,nearest non-residential (403)
5435,LONSDALE PL N,UNIT B,403,58.7,nearest non-residential (403)
2150,SUNSHINE PL,,400,114.8,nearest parcel 115m away (> 60m)
1881,FOUNTAINVIEW CT,B,899,88.7,nearest parcel 89m away (> 60m)
4564,ISINGTON CT,203,403,78.7,nearest parcel 79m away (> 60m)
4652,HEBRIDES DR,,403,114.7,nearest parcel 115m away (> 60m)
1926,NOE-BIXBY RD,,403,82.8,nearest parcel 83m away (> 60m)
2824,TENNYSON BLVD,A,403,106.8,nearest parcel 107m away (> 60m)
1267,STEVENLANE BLVD,,,47.3,nearest non-residential ()
2802,CITIZENS PL,G,403,32.9,nearest non-residential (403)
2851,CITIZENS PL,D,435,91.4,nearest parcel 91m away (> 60m)
3652,RIVERDALE SQ,,403,73.2,nearest parcel 73m away (> 60m)
3729,FRANCINE CT,,403,83.7,nearest parcel 84m away (> 60m)
2888,SHILLING DR,,403,57.2,nearest non-residential (403)
3595,ARIEL DR,,403,22.4,nearest non-residential (403)
1759,LONSDALE PL E,UNIT D,403,33.8,nearest non-residential (403)
4624,CHANNING TER,D,403,89.0,nearest parcel 89m away (> 60m)
558,CHANTRY DR,,447,15.6,nearest non-residential (447)
3171,SCHWARTZ RD,,499,53.4,nearest non-residential (499)
1811,BAIRSFORD DR,2A,403,39.3,nearest non-residential (403)
4615,REFUGEE RD,2F,403,61.6,nearest parcel 62m away (> 60m)
2602,CHAPPEL CHASE,,403,80.3,nearest parcel 80m away (> 60m)
4665,REFUGEE RD,1I,403,53.8,nearest non-residential (403)
5912,CHATFORD DR,B,449,115.9,nearest parcel 116m away (> 60m)
4599,REFUGEE RD,1A,403,37.7,nearest non-residential (403)
4642,HEBRIDES DR,C,403,129.9,nearest parcel 130m away (> 60m)
3595,REFUGEE RD,CATV,499,85.6,nearest parcel 86m away (> 60m)
3803,RIVERCREEK BAY WAY,,510,62.6,nearest parcel 63m away (> 60m)
1670,LONSDALE RD,,425,42.0,nearest non-residential (425)
2635,BIRCHTREE CT,,403,69.5,nearest parcel 69m away (> 60m)
5804,CHATFORD DR,A,899,122.4,nearest parcel 122m away (> 60m)
5516,DUNFIELD LN,3,403,45.9,nearest non-residential (403)
2782,TENNYSON BLVD,,403,42.7,nearest non-residential (403)
378,CHANTRY DR,,447,15.6,nearest non-residential (447)
3654,RIVERDALE SQ,,403,78.6,nearest parcel 79m away (> 60m)
2435,SHORE BLVD E,,403,38.9,nearest non-residential (403)
2449,SHORE BLVD E,C,403,64.2,nearest parcel 64m away (> 60m)
4798,LARAINE CT,104,403,37.8,nearest non-residential (403)
102,CHANTRY DR,,447,15.6,nearest non-residential (447)
2820,WYMAN CT,B,403,33.8,nearest non-residential (403)
3839,MAUMEE BAY WAY,,680,38.7,nearest non-residential (680)
2240,MUIRWOOD DR,,403,15.8,nearest non-residential (403)
5481,E LIVINGSTON AVE,,426,77.0,nearest parcel 77m away (> 60m)
4309,DONLYN CT,,447,35.0,nearest non-residential (447)
5145,CEDAR DR,F,,29.3,nearest non-residential ()
2184,SOFT WIND CT,,403,121.9,nearest parcel 122m away (> 60m)
2927,TENNYSON BLVD,D,685,125.3,nearest parcel 125m away (> 60m)
5652,SARANAC DR,,403,43.0,nearest non-residential (403)
2792,TENNYSON BLVD,,403,20.0,nearest non-residential (403)
4617,REFUGEE RD,3A,403,21.2,nearest non-residential (403)
1898,COVENTRY CT,,403,67.9,nearest parcel 68m away (> 60m)
2090,PINE GROVE LN,,403,15.8,nearest non-residential (403)
4960,COVENTRY CT S,,660,91.4,nearest parcel 91m away (> 60m)
2785,MARWOOD CT,A,403,76.8,nearest parcel 77m away (> 60m)
2087,LAKE CLUB TER,B,400,63.4,nearest parcel 63m away (> 60m)
4630,HILTON CORPORATE DR,206,411,102.2,nearest parcel 102m away (> 60m)
4603,REFUGEE RD,1E,685,79.7,nearest parcel 80m away (> 60m)
6769,MCNAUGHTEN CT,,425,46.0,nearest non-residential (425)
2342,NOE-BIXBY RD,,500,34.5,nearest=vacant land
5888,CHATFORD DR,,403,68.1,nearest parcel 68m away (> 60m)
1910,FOUNTAINVIEW CT,,441,101.0,nearest parcel 101m away (> 60m)
4582,MANDEVILLE CT,D,685,98.2,nearest parcel 98m away (> 60m)
1285,YORKLAND RD,UNIT C,403,43.3,nearest non-residential (403)
3239,ELIM MANOR CT,,591,30.1,nearest non-residential (591)
2784,CITIZENS PL,C,403,67.7,nearest parcel 68m away (> 60m)
1922,OLDE COVENTRY RD E,,510,68.0,nearest parcel 68m away (> 60m)
2805,TENNYSON BLVD,,403,25.3,nearest non-residential (403)
2401,SHORE BLVD E,D,403,77.7,nearest parcel 78m away (> 60m)
2116,SUNSHINE PL,,400,87.0,nearest parcel 87m away (> 60m)
5900,CHATFORD DR,F,449,116.8,nearest parcel 117m away (> 60m)
2900,NATHANIEL BLVD,,403,63.6,nearest parcel 64m away (> 60m)
5533,CANTARA PL,5,403,3.8,nearest non-residential (403)
5510,E LIVINGSTON AVE,,,17.6,nearest non-residential ()
5567,HIBERNIA DR,C,510,89.1,nearest parcel 89m away (> 60m)
5896,CHATFORD DR,H,403,105.7,nearest parcel 106m away (> 60m)
3310,JOSHSTOCK DR,,,18.8,nearest non-residential ()
2114,MUIRWOOD DR,,400,123.4,nearest parcel 123m away (> 60m)
3651,RIVERDALE SQ,,403,51.5,nearest non-residential (403)
2423,SHORE BLVD E,,403,49.8,nearest non-residential (403)
2142,MUIRWOOD DR,,481,136.3,nearest parcel 136m away (> 60m)
1763,CHANNINGWAY CT W,,403,74.9,nearest parcel 75m away (> 60m)
4177,CADILLAC CT,,417,99.4,nearest parcel 99m away (> 60m)
3813,BUCKMAN ST,,500,12.8,nearest=vacant land
2602,SUMMERWAY CT,,403,42.8,nearest non-residential (403)
2263,MUIRWOOD DR,,400,13.3,nearest non-residential (400)
190,CHANTRY DR,,447,15.6,nearest non-residential (447)
1869,LAKE CLUB DR,,899,32.4,nearest non-residential (899)
5645,CHANTRY DR,,510,72.6,nearest parcel 73m away (> 60m)
6026,LAKE CLUB CT,,449,111.6,nearest parcel 112m away (> 60m)
3358,TRADAN DR,,400,44.3,nearest non-residential (400)
2403,SHORE BLVD E,,403,71.1,nearest parcel 71m away (> 60m)
2521,FRANKSWAY ST,,436,91.1,nearest parcel 91m away (> 60m)
2214,MUIRWOOD DR,,403,41.0,nearest non-residential (403)
2826,TENNYSON BLVD,B,403,96.8,nearest parcel 97m away (> 60m)
5774,HIBERNIA DR,,403,69.4,nearest parcel 69m away (> 60m)
1921,CHANNINGWAY CENTER DR,,422,43.1,nearest non-residential (422)
5571,AUTUMN CHASE DR,,411,46.2,nearest non-residential (411)
2082,LAKE CLUB TER,,447,36.9,nearest non-residential (447)
3211,WABASH CT N,,400,28.4,nearest non-residential (400)
5781,CHANTRY DR,,426,56.4,nearest non-residential (426)
4599,MONMOUTH CT,207,403,83.4,nearest parcel 83m away (> 60m)
3744,WESTPOINT DR,UNIT 1,403,65.0,nearest parcel 65m away (> 60m)
3647,PETZINGER RD,,403,82.2,nearest parcel 82m away (> 60m)
5650,MAPLE TREE LN,,403,107.0,nearest parcel 107m away (> 60m)
5738,GREENPINE ST,,400,128.3,nearest parcel 128m away (> 60m)
4603,REFUGEE RD,2E,403,79.6,nearest parcel 80m away (> 60m)
3365,WINTER LANE PARK,,510,95.9,nearest parcel 96m away (> 60m)
2796,BERWICK SQ,,403,30.3,nearest non-residential (403)
1814,NOE-BIXBY RD,UNIT D,510,73.1,nearest parcel 73m away (> 60m)
2234,SUNSHINE PL,,520,70.3,nearest parcel 70m away (> 60m)
6014,LAKE CLUB CT,,449,125.3,nearest parcel 125m away (> 60m)
2780,CITIZENS PL,C,403,95.0,nearest parcel 95m away (> 60m)
5652,HIBERNIA DR,C,403,43.5,nearest non-residential (403)
2586,S HAMILTON RD,,425,57.0,nearest non-residential (425)
1884,FOUNTAINVIEW CT,,441,93.9,nearest parcel 94m away (> 60m)
5345,YORKSHIRE TERRACE DR,C,403,23.4,nearest non-residential (403)
3746,NOAM CT,,550,68.0,nearest parcel 68m away (> 60m)
4556,ISINGTON CT,,403,66.8,nearest parcel 67m away (> 60m)
5548,AUTUMN CHASE DR,B,411,62.1,nearest parcel 62m away (> 60m)
4571,HEMINGWAY CT,A,685,86.1,nearest parcel 86m away (> 60m)
5951,SHANA DR,,403,62.5,nearest parcel 62m away (> 60m)
3169,WEBSTER DR,,420,66.1,nearest parcel 66m away (> 60m)
1949,BAIRSFORD DR,,520,61.7,nearest parcel 62m away (> 60m)
5554,AUTUMN CHASE DR,,411,53.9,nearest non-residential (411)
5483,RED BIRD CT,,402,16.7,nearest non-residential (402)
5510,CHANTRY DR,,354,84.6,nearest parcel 85m away (> 60m)
4080,PORSCHE CT,,680,49.9,nearest non-residential (680)
5551,CHATFORD DR,G,403,32.3,nearest non-residential (403)
3717,KIMBERLY WEST DR,UNIT 6,600,58.6,nearest non-residential (600)
1922,FOUNTAINVIEW CT,,403,90.4,nearest parcel 90m away (> 60m)
5568,TINLEY PARK,,481,74.9,nearest parcel 75m away (> 60m)
4557,LAKE SIDE S,B,122,70.9,nearest parcel 71m away (> 60m)
1954,FOUNTAINVIEW CT,,403,118.3,nearest parcel 118m away (> 60m)
5490,DUNFIELD LN,2,403,53.1,nearest non-residential (403)
5427,YORKSHIRE TERRACE DR,5B,403,31.6,nearest non-residential (403)
1870,COVENTRY CT,A,403,61.3,nearest parcel 61m away (> 60m)
4623,WORDSWORTH CT,,403,55.1,nearest non-residential (403)
2606,SUMMERWAY CT,,403,37.5,nearest non-residential (403)
5467,RED BIRD CT,,402,31.0,nearest non-residential (402)
2828,TENNYSON BLVD,D,403,82.9,nearest parcel 83m away (> 60m)
4520,LAKE SIDE N,A,400,122.2,nearest parcel 122m away (> 60m)
5536,MILLERSFIELD DR,,403,104.3,nearest parcel 104m away (> 60m)
3736,KNIGHTSWAY LN,,402,52.0,nearest non-residential (402)
6321,MCNAUGHTEN CT,,425,46.0,nearest non-residential (425)
6311,MCNAUGHTEN CT,,425,46.0,nearest non-residential (425)
4659,REFUGEE RD,1D,403,89.1,nearest parcel 89m away (> 60m)
2255,MUIRWOOD DR,,400,0.4,nearest non-residential (400)
5427,YORKSHIRE TERRACE DR,1A,403,22.0,nearest non-residential (403)
3730,WESTPOINT DR,,403,86.4,nearest parcel 86m away (> 60m)
2735,TENNYSON BLVD,A,403,150.1,nearest parcel 150m away (> 60m)
4224,EASTLAND FOOD CT,,427,45.9,nearest non-residential (427)
2066,PINE GROVE LN,,403,73.0,nearest parcel 73m away (> 60m)
2810,NEWCASTLE CT,205,403,31.3,nearest non-residential (403)
2452,SHORE BLVD W,,480,94.2,nearest parcel 94m away (> 60m)
4669,REFUGEE RD,2H,403,6.9,nearest non-residential (403)
5484,DUNFIELD LN,,403,45.3,nearest non-residential (403)
2225,COURTSIDE DR,F,400,36.7,nearest non-residential (400)
2093,LAKE CLUB TER,F,400,79.3,nearest parcel 79m away (> 60m)
5944,SHANA DR,,499,46.5,nearest non-residential (499)
6050,CHANNINGWAY BLVD,,449,48.8,nearest non-residential (449)
5016,COVENTRY DR,B,403,12.8,nearest non-residential (403)
6221,MCNAUGHTEN CT,,425,46.0,nearest non-residential (425)
3748,NOAM CT,,550,65.6,nearest parcel 66m away (> 60m)
3342,TRADAN DR,,403,66.8,nearest parcel 67m away (> 60m)
3838,BUCKMAN ST,,500,4.6,nearest=vacant land
3738,KNIGHTSWAY LN,,402,49.6,nearest non-residential (402)
4263,DONLYN CT,,447,35.0,nearest non-residential (447)
3730,SOFT WIND DR,,520,113.5,nearest parcel 113m away (> 60m)
3943,KIMBERLY PKWY N,,403,90.2,nearest parcel 90m away (> 60m)
1784,BAIRSFORD DR,,403,53.1,nearest non-residential (403)
3695,MENDON PL,,403,58.9,nearest non-residential (403)
1743,LONSDALE RD,,401,18.0,nearest non-residential (401)
5900,CHATFORD DR,A,403,115.8,nearest parcel 116m away (> 60m)
2087,LAKE CLUB TER,D,403,64.1,nearest parcel 64m away (> 60m)
3705,KIMBERLY PKWY N,,402,52.6,nearest non-residential (402)
6277,MCNAUGHTEN CT,,425,46.0,nearest non-residential (425)
3742,BUCKMAN ST,,500,1.8,nearest=vacant land
4657,REFUGEE RD,2G,403,79.3,nearest parcel 79m away (> 60m)
6741,MCNAUGHTEN CT,,425,46.0,nearest non-residential (425)
3118,S HAMILTON RD,,425,50.6,nearest non-residential (425)
4480,GROVES RD,,429,13.2,nearest non-residential (429)
2310,SEVILLE AVE,,403,81.2,nearest parcel 81m away (> 60m)
2747,EASTLAND MALL,,427,75.0,nearest parcel 75m away (> 60m)
1776,CHANNINGWAY CT W,,403,38.9,nearest non-residential (403)
2889,TUPPENCE DR,,403,49.3,nearest non-residential (403)
4630,HILTON CORPORATE DR,318,411,74.3,nearest parcel 74m away (> 60m)
3826,BUCKMAN ST,,500,6.0,nearest=vacant land
2227,DURANT AVE,,403,48.3,nearest non-residential (403)
1774,MCNAUGHTEN RD,,401,10.3,nearest non-residential (401)
2796,GROSSE POINT,,403,58.1,nearest non-residential (403)
5661,E LIVINGSTON AVE,,403,37.8,nearest non-residential (403)
366,CHANTRY DR,,447,15.6,nearest non-residential (447)
2425,KIMBERLY PKWY E,,412,24.2,nearest non-residential (412)
5736,GREENPINE ST,,400,132.3,nearest parcel 132m away (> 60m)
4619,HILTON CORPORATE DR,,400,79.2,nearest parcel 79m away (> 60m)
6219,MCNAUGHTEN CT,,425,46.0,nearest non-residential (425)
5333,YORKSHIRE TERRACE DR,A,403,20.0,nearest non-residential (403)
2810,CITIZENS PL,A,403,29.0,nearest non-residential (403)
2224,SUNSHINE PL,,520,79.0,nearest parcel 79m away (> 60m)
5476,LONSDALE PL N,UNIT B,403,55.5,nearest non-residential (403)
5202,CEDAR DR,E,,19.4,nearest non-residential ()
5202,CEDAR DR,C,,5.0,nearest non-residential ()
4216,EASTLAND SQUARE DR,,422,80.3,nearest parcel 80m away (> 60m)
4630,GROVES RD,,353,7.4,nearest non-residential (353)
3245,WEBSTER DR,,403,75.0,nearest parcel 75m away (> 60m)
6609,MCNAUGHTEN CT,,425,46.0,nearest non-residential (425)
3333,WINTER LANE PARK,,510,92.4,nearest parcel 92m away (> 60m)
6675,MCNAUGHTEN CT,,425,46.0,nearest non-residential (425)
4540,LAKE SIDE N,D,400,163.8,nearest parcel 164m away (> 60m)
5516,DUNFIELD LN,,403,45.0,nearest non-residential (403)
2870,WOOLWICH CT,209,685,112.2,nearest parcel 112m away (> 60m)
6717,MCNAUGHTEN CT,,425,46.0,nearest non-residential (425)
5141,CEDAR DR,H,,26.4,nearest non-residential ()
4329,DONLYN CT,,447,35.0,nearest non-residential (447)
3769,KIMBERLY WEST DR,UNIT 6,403,69.6,nearest parcel 70m away (> 60m)
4505,LAKE SIDE N,A,400,119.4,nearest parcel 119m away (> 60m)
2560,PARK CRESCENT,,455,19.8,nearest non-residential (455)
3334,TRADAN DR,,403,71.2,nearest parcel 71m away (> 60m)
3717,KIMBERLY WEST DR,UNIT 3,600,67.2,nearest parcel 67m away (> 60m)
1743,LONSDALE RD,A,401,27.6,nearest non-residential (401)
5461,RED BIRD CT,,402,31.7,nearest non-residential (402)
2215,MUIRWOOD DR,,400,57.5,nearest non-residential (400)
546,CHANTRY DR,,447,15.6,nearest non-residential (447)
3756,BIRCHTREE LN,,403,31.0,nearest non-residential (403)
1908,OLDE COVENTRY RD E,,403,61.6,nearest parcel 62m away (> 60m)
2516,SCARBOROUGH SQ,8,425,40.5,nearest non-residential (425)
2141,NOE-BIXBY RD,,501,48.0,nearest=vacant land
5700,SARANAC DR,,520,60.8,nearest parcel 61m away (> 60m)
5712,HIBERNIA DR,A,690,84.4,nearest parcel 84m away (> 60m)
5675,BAIRSFORD CIR N,12,403,20.3,nearest non-residential (403)
56,CHANTRY DR,,447,15.6,nearest non-residential (447)
4419,CROSSROADS CENTER,,426,31.6,nearest non-residential (426)
2784,CITIZENS PL,D,403,70.9,nearest parcel 71m away (> 60m)
5805,MAPLE TREE LN,,403,165.4,nearest parcel 165m away (> 60m)
672,CHANTRY DR,,447,15.6,nearest non-residential (447)
2242,MUIRWOOD DR,,403,21.5,nearest non-residential (403)
2784,CITIZENS PL,E,403,76.2,nearest parcel 76m away (> 60m)
6295,MCNAUGHTEN CT,,425,46.0,nearest non-residential (425)
6797,MCNAUGHTEN CT,,425,46.0,nearest non-residential (425)
5445,LONSDALE PL N,UNIT A,403,29.3,nearest non-residential (403)
1919,OLDE COVENTRY RD E,,403,14.8,nearest non-residential (403)
2812,TENNYSON BLVD,C,403,62.9,nearest parcel 63m away (> 60m)
5522,DUNFIELD LN,4,403,16.4,nearest non-residential (403)
5615,AUTUMN CHASE DR,A,411,26.0,nearest non-residential (411)
6109,LIVINGSTON AVE,,685,26.0,nearest non-residential (685)
658,CHANTRY DR,,447,15.6,nearest non-residential (447)
2108,PINE GROVE LN,,403,25.9,nearest non-residential (403)
6755,MCNAUGHTEN CT,,425,46.0,nearest non-residential (425)
4249,EASTLAND FOOD CT,,427,63.5,nearest parcel 64m away (> 60m)
3681,MENDON PL,,403,71.6,nearest parcel 72m away (> 60m)
2744,CITIZENS PL,E,403,162.0,nearest parcel 162m away (> 60m)
4661,REFUGEE RD,2A,403,55.2,nearest non-residential (403)
5552,AUTUMN CHASE DR,B,411,51.0,nearest non-residential (411)
4339,DONLYN CT,,447,35.0,nearest non-residential (447)
4087,ROLLS ROYCE CT,,403,149.2,nearest parcel 149m away (> 60m)
4121,KIMBERLY PKWY N,,403,63.4,nearest parcel 63m away (> 60m)
5739,HIBERNIA DR,C,403,56.7,nearest non-residential (403)
2205,COURTSIDE DR,A,400,33.3,nearest non-residential (400)
2351,HAMILTON RD,,425,14.2,nearest non-residential (425)
4511,LAKE SIDE S,,400,119.4,nearest parcel 119m away (> 60m)
4603,REFUGEE RD,3A,403,61.2,nearest parcel 61m away (> 60m)
4630,HILTON CORPORATE DR,310,411,89.1,nearest parcel 89m away (> 60m)
2784,CITIZENS PL,F,403,71.4,nearest parcel 71m away (> 60m)
2578,SILVER OAK DR,,403,72.0,nearest parcel 72m away (> 60m)
76,CHANTRY DR,,447,15.6,nearest non-residential (447)
2740,EASTLAND MALL,UNIT A,427,60.3,nearest parcel 60m away (> 60m)
3923,MAUMEE BAY WAY,,510,105.2,nearest parcel 105m away (> 60m)
2040,COURTRIGHT RD,,685,139.7,nearest parcel 140m away (> 60m)
2479,SHORE BLVD E,,403,119.2,nearest parcel 119m away (> 60m)
5816,CHATFORD DR,A,899,99.7,nearest parcel 100m away (> 60m)
5698,GREENPINE ST,,400,69.0,nearest parcel 69m away (> 60m)
2597,S HAMILTON RD,,425,11.4,nearest non-residential (425)
3713,KNIGHTSWAY LN,,403,90.9,nearest parcel 91m away (> 60m)
2242,S HAMILTON RD,103,447,25.6,nearest non-residential (447)
3693,MENDON PL,,403,61.0,nearest parcel 61m away (> 60m)
4576,MANDEVILLE CT,B,685,81.5,nearest parcel 82m away (> 60m)
1813,BAIRSFORD DR,2N,403,19.4,nearest non-residential (403)
4611,WORDSWORTH CT,A,403,97.2,nearest parcel 97m away (> 60m)
2899,TENNYSON BLVD,A,685,121.2,nearest parcel 121m away (> 60m)
4815,ROLLINGBROOK LN,D,403,62.7,nearest parcel 63m away (> 60m)
408,CHANTRY DR,,447,15.6,nearest non-residential (447)
3780,WESTPOINT DR,,403,59.7,nearest non-residential (403)
2560,SPRINGWAY CT,,402,83.7,nearest parcel 84m away (> 60m)
5005,COVENTRY DR,,403,50.1,nearest non-residential (403)
4977,COVENTRY CT S,,403,124.3,nearest parcel 124m away (> 60m)
4612,CHANNING TER,B,403,124.1,nearest parcel 124m away (> 60m)
5823,MAPLE TREE LN,,454,162.7,nearest parcel 163m away (> 60m)
2200,SOFT WIND CT,,403,83.8,nearest parcel 84m away (> 60m)
5751,HIBERNIA DR,B,403,39.8,nearest non-residential (403)
4564,ISINGTON CT,201,403,86.5,nearest parcel 86m away (> 60m)
4802,ROLLINGBROOK LN,A,403,13.9,nearest non-residential (403)
5828,CHATFORD DR,A,899,97.3,nearest parcel 97m away (> 60m)
5525,CANTARA PL,5,403,14.5,nearest non-residential (403)
3234,WINTER LANE PARK,,400,56.3,nearest non-residential (400)
3267,ELIM MANOR CT,,591,16.6,nearest non-residential (591)
5661,HIBERNIA DR,A,510,70.0,nearest parcel 70m away (> 60m)
2881,TENNYSON BLVD,109,403,126.3,nearest parcel 126m away (> 60m)
5878,YORKLAND CT,UNIT M,403,48.9,nearest non-residential (403)
2577,S HAMILTON RD,,425,34.0,nearest non-residential (425)
3747,KIMBERLY WEST DR,UNIT 6,403,62.1,nearest parcel 62m away (> 60m)
5660,HIBERNIA DR,,403,53.2,nearest non-residential (403)
5545,CANTARA PL,3,403,31.5,nearest non-residential (403)
2218,MUIRWOOD DR,,403,27.3,nearest non-residential (403)
2608,NOE-BIXBY RD,A,403,67.4,nearest parcel 67m away (> 60m)
2812,TENNYSON BLVD,D,403,60.7,nearest parcel 61m away (> 60m)
5947,SHANA DR,,403,51.2,nearest non-residential (403)
5518,DUNFIELD LN,3,403,32.4,nearest non-residential (403)
2844,CITIZENS PL,B,403,73.0,nearest parcel 73m away (> 60m)
5734,HIBERNIA DR,C,403,72.8,nearest parcel 73m away (> 60m)
2087,LAKE CLUB TER,E,400,59.4,nearest non-residential (400)
5445,LONSDALE PL N,UNIT C,403,38.7,nearest non-residential (403)
2804,GROSSE POINT,,403,33.3,nearest non-residential (403)
5560,AUTUMN CHASE DR,A,411,61.4,nearest parcel 61m away (> 60m)
5530,CANTARA PL,,403,38.4,nearest non-residential (403)
4665,REFUGEE RD,3I,403,54.0,nearest non-residential (403)
1744,LONSDALE RD,UNIT C,401,32.6,nearest non-residential (401)
5733,CHANTRY DR,,426,65.4,nearest parcel 65m away (> 60m)
6000,LAKE CLUB CT,B,449,147.4,nearest parcel 147m away (> 60m)
3678,MENDON PL,,403,94.2,nearest parcel 94m away (> 60m)
2298,MUIRWOOD DR,,400,85.8,nearest parcel 86m away (> 60m)
502,CHANTRY DR,,447,15.6,nearest non-residential (447)
2774,CITIZENS PL,D,403,118.9,nearest parcel 119m away (> 60m)
5030,COVENTRY DR,,403,39.0,nearest non-residential (403)
4582,HEMINGWAY CT,B,685,112.0,nearest parcel 112m away (> 60m)
2390,S HAMILTON RD,,435,66.9,nearest parcel 67m away (> 60m)
2172,RIVERDALE SQ E,,403,20.4,nearest non-residential (403)
5584,MILLERSFIELD DR,,403,42.7,nearest non-residential (403)
2160,SOFT WIND CT,,403,87.5,nearest parcel 87m away (> 60m)
5828,CHATFORD DR,C,899,88.9,nearest parcel 89m away (> 60m)
6733,MCNAUGHTEN CT,,425,46.0,nearest non-residential (425)
2550,SCARBOROUGH SQ,15,410,62.5,nearest parcel 62m away (> 60m)
3219,WEBSTER DR,,403,69.9,nearest parcel 70m away (> 60m)
2052,SEPICH LN,,480,57.0,nearest non-residential (480)
4633,COLERIDGE CT,A,403,22.0,nearest non-residential (403)
6003,LAKE CLUB CT,D,403,145.6,nearest parcel 146m away (> 60m)
1934,OLDE COVENTRY RD E,,510,60.8,nearest parcel 61m away (> 60m)
5509,CHATFORD SQ,,403,74.5,nearest parcel 75m away (> 60m)
1821,CHANNINGWAY CT W,,510,65.6,nearest parcel 66m away (> 60m)
4,CHANTRY DR,,447,15.6,nearest non-residential (447)
3691,FARTHING LN,,510,64.4,nearest parcel 64m away (> 60m)
2438,CHELSEA CT,,403,31.0,nearest non-residential (403)
2500,EASTERN PINE RD,,403,139.7,nearest parcel 140m away (> 60m)
3272,EDINWICK WAY,,,16.5,nearest non-residential ()
5884,CHATFORD DR,A,403,61.1,nearest parcel 61m away (> 60m)
4655,REFUGEE RD,3F,403,53.0,nearest non-residential (403)
3750,WESTPOINT DR,,403,48.4,nearest non-residential (403)
6343,MCNAUGHTEN CT,,425,46.0,nearest non-residential (425)
6011,LAKE CLUB CT,,430,129.5,nearest parcel 129m away (> 60m)
5532,CANTARA PL,,403,38.0,nearest non-residential (403)
3872,MAUMEE BAY WAY,,403,70.8,nearest parcel 71m away (> 60m)
1803,CHANNINGWAY CT W,,403,78.0,nearest parcel 78m away (> 60m)
1919,FOUNTAINVIEW CT,,403,36.8,nearest non-residential (403)
2810,NEWCASTLE CT,204,403,35.5,nearest non-residential (403)
2299,PETZINGER CT,,640,22.3,nearest non-residential (640)
2560,S HAMILTON RD,,425,57.0,nearest non-residential (425)
4617,REFUGEE RD,2G,403,33.5,nearest non-residential (403)
4615,REFUGEE RD,3B,403,37.1,nearest non-residential (403)
2183,MUIRWOOD DR,,403,124.8,nearest parcel 125m away (> 60m)
4249,EASTLAND SQUARE DR,,422,78.1,nearest parcel 78m away (> 60m)
2847,CITIZENS PL,F,499,50.6,nearest non-residential (499)
2908,MERRYMOUNT CT,,403,83.7,nearest parcel 84m away (> 60m)
1958,FOUNTAINVIEW CT,,403,109.5,nearest parcel 110m away (> 60m)
5800,HIBERNIA DR,C,403,37.5,nearest non-residential (403)
1921,FOUNTAINVIEW CT,,403,34.0,nearest non-residential (403)
2629,BIRCHTREE CT,,403,59.4,nearest non-residential (403)
4499,LAKE SIDE S,A,400,112.1,nearest parcel 112m away (> 60m)
2733,TENNYSON BLVD,A,403,163.5,nearest parcel 164m away (> 60m)
88,CHANTRY DR,,447,15.6,nearest non-residential (447)
5321,YORKSHIRE TERRACE DR,A,403,45.1,nearest non-residential (403)
3172,WEBSTER DR,,685,36.5,nearest non-residential (685)
5742,HIBERNIA DR,A,403,68.3,nearest parcel 68m away (> 60m)
3468,WALNUT DR,,400,37.7,nearest non-residential (400)
4621,REFUGEE RD,2A,403,70.2,nearest parcel 70m away (> 60m)
5496,DUNFIELD LN,2,403,59.9,nearest non-residential (403)
4525,LAKE SIDE N,G,403,147.6,nearest parcel 148m away (> 60m)
2440,CORVETTE CT,,403,103.4,nearest parcel 103m away (> 60m)
1946,FOUNTAINVIEW CT,H,403,110.9,nearest parcel 111m away (> 60m)
5498,CHATFORD SQ,,403,25.2,nearest non-residential (403)
1917,FOUNTAINVIEW CT,,403,45.3,nearest non-residential (403)
5473,NOE-BIXBY RD,,402,27.7,nearest non-residential (402)
2902,MERRYMOUNT CT,B,403,121.8,nearest parcel 122m away (> 60m)
5816,CHATFORD DR,F,899,112.2,nearest parcel 112m away (> 60m)
1877,FOUNTAINVIEW CT,E,899,57.8,nearest non-residential (899)
1913,FOUNTAINVIEW CT,,403,63.1,nearest parcel 63m away (> 60m)
2801,MARWOOD CT,C,403,55.2,nearest non-residential (403)
2844,CITIZENS PL,A,403,70.5,nearest parcel 71m away (> 60m)
5992,ABERNATHY LN,,,3.3,nearest non-residential ()
5200,CEDAR DR,G,,10.6,nearest non-residential ()
5981,LAKE CLUB SQ,H,403,42.0,nearest non-residential (403)
1852,NOE-BIXBY RD,,660,61.6,nearest parcel 62m away (> 60m)
3230,WINTER LANE PARK,,400,49.4,nearest non-residential (400)
3644,RIVERDALE SQ,,403,60.3,nearest parcel 60m away (> 60m)
3377,WINTER LANE PARK,,403,77.8,nearest parcel 78m away (> 60m)
6475,MCNAUGHTEN CT,,425,46.0,nearest non-residential (425)
2796,TENNYSON BLVD,,403,18.4,nearest non-residential (403)
5644,SARANAC DR,,403,50.8,nearest non-residential (403)
248,CHANTRY DR,,447,15.6,nearest non-residential (447)
5629,CHANTRY DR,,447,47.4,nearest non-residential (447)
5941,MORRISSEY ST,,,20.2,nearest non-residential ()
5485,RED BIRD CT,,402,13.0,nearest non-residential (402)
5475,LONSDALE PL S,UNIT A,401,39.9,nearest non-residential (401)
4671,REFUGEE RD,2D,403,21.1,nearest non-residential (403)
2551,SILVER OAK DR,,455,104.0,nearest parcel 104m away (> 60m)
6010,ABERNATHY LN,,,56.0,nearest non-residential ()
5636,HIBERNIA DR,B,403,29.6,nearest non-residential (403)
2750,TENNYSON BLVD,B,403,135.0,nearest parcel 135m away (> 60m)
1903,OLDE COVENTRY RD E,,403,49.4,nearest non-residential (403)
1750,MCNAUGHTEN RD,,401,10.3,nearest non-residential (401)
5202,CEDAR DR,M,,12.6,nearest non-residential ()
3308,WINTER LANE PARK,,403,109.0,nearest parcel 109m away (> 60m)
1877,FOUNTAINVIEW CT,H,899,56.1,nearest non-residential (899)
3180,ELIM MANOR CT,101,591,20.2,nearest non-residential (591)
2722,TENNYSON BLVD,B,481,140.1,nearest parcel 140m away (> 60m)
2879,MERRYMOUNT CT,,403,108.1,nearest parcel 108m away (> 60m)
4798,LARAINE CT,204,403,37.1,nearest non-residential (403)
2895,SHILLING DR,,403,47.1,nearest non-residential (403)
4545,LAKE SIDE S,H,122,79.2,nearest parcel 79m away (> 60m)
3723,CHARBERT CT,,403,76.4,nearest parcel 76m away (> 60m)
1930,FOUNTAINVIEW CT,,403,103.7,nearest parcel 104m away (> 60m)
4280,GROVES RD,,351,91.8,nearest parcel 92m away (> 60m)
2847,CITIZENS PL,A,499,54.0,nearest non-residential (499)
2110,PINE GROVE LN,,403,26.6,nearest non-residential (403)
3932,MAUMEE BAY WAY,,510,70.4,nearest parcel 70m away (> 60m)
1811,BAIRSFORD DR,1E,403,17.7,nearest non-residential (403)
4593,REFUGEE RD,2F,403,73.7,nearest parcel 74m away (> 60m)
2213,COURTSIDE DR,A,400,4.1,nearest non-residential (400)
3730,WESTPOINT DR,UNIT 4,403,84.5,nearest parcel 84m away (> 60m)
5618,CHANTRY DR,,400,111.6,nearest parcel 112m away (> 60m)
5484,LONSDALE PL N,UNIT A,403,68.7,nearest parcel 69m away (> 60m)
1813,BAIRSFORD DR,2G,403,11.7,nearest non-residential (403)
5165,CEDAR DR,F,,27.2,nearest non-residential ()
4995,COVENTRY DR,,403,87.4,nearest parcel 87m away (> 60m)
2136,MUIRWOOD DR,,403,134.0,nearest parcel 134m away (> 60m)
1871,BAIRSFORD DR,,520,62.6,nearest parcel 63m away (> 60m)
4277,EASTLAND SQUARE DR,,422,67.6,nearest parcel 68m away (> 60m)
5590,BAIRSFORD CIR N,,403,57.1,nearest non-residential (403)
5496,DUNFIELD LN,3,403,58.5,nearest non-residential (403)
1891,COVENTRY CT,,403,60.0,nearest non-residential (403)
5553,CHATFORD DR,A,403,34.1,nearest non-residential (403)
1813,CHANNINGWAY CT W,,403,78.9,nearest parcel 79m away (> 60m)
2268,SEVILLE AVE,,403,6.9,nearest non-residential (403)
1948,FOUNTAINVIEW CT,B,403,110.5,nearest parcel 111m away (> 60m)
2306,SEVILLE AVE,,403,36.6,nearest non-residential (403)
6633,MCNAUGHTEN CT,,425,46.0,nearest non-residential (425)
3759,KIMBERLY WEST DR,UNIT 1,403,60.3,nearest parcel 60m away (> 60m)
2615,S HAMILTON RD,,425,99.5,nearest parcel 100m away (> 60m)
5557,AUTUMN CHASE DR,,411,69.1,nearest parcel 69m away (> 60m)
580,CHANTRY DR,,447,15.6,nearest non-residential (447)
1281,MCNAUGHTEN RD,UNIT G,403,90.9,nearest parcel 91m away (> 60m)
5681,MAPLE TREE LN,,403,73.6,nearest parcel 74m away (> 60m)
5675,BAIRSFORD CIR N,19,403,22.5,nearest non-residential (403)
4952,OLDE COVENTRY RD W,,403,108.1,nearest parcel 108m away (> 60m)
4659,REFUGEE RD,2A,403,70.3,nearest parcel 70m away (> 60m)
1930,NOE-BIXBY RD,,401,78.3,nearest parcel 78m away (> 60m)
4223,DONLYN CT,,447,65.2,nearest parcel 65m away (> 60m)
5393,YORKSHIRE TERRACE DR,2C,403,45.6,nearest non-residential (403)
2620,COURTRIGHT RD,,403,60.3,nearest parcel 60m away (> 60m)
5489,RED BIRD CT,,402,5.4,nearest non-residential (402)
2761,TENNYSON BLVD,,403,102.9,nearest parcel 103m away (> 60m)
5563,HIBERNIA DR,A,510,87.0,nearest parcel 87m away (> 60m)
2460,NOE-BIXBY RD,,640,29.9,nearest non-residential (640)
3707,KIMBERLY PKWY N,,402,55.6,nearest non-residential (402)
1870,COVENTRY CT,,403,58.4,nearest non-residential (403)
1699,LONSDALE RD,UNIT D,401,8.2,nearest non-residential (401)
2776,CITIZENS PL,A,403,109.5,nearest parcel 109m away (> 60m)
5165,CEDAR DR,K,,23.8,nearest non-residential ()
2711,EASTLAND MALL,,427,105.4,nearest parcel 105m away (> 60m)
5633,HIBERNIA DR,C,510,83.1,nearest parcel 83m away (> 60m)
5381,YORKSHIRE TERRACE DR,6C,550,79.7,nearest parcel 80m away (> 60m)
4615,REFUGEE RD,2D,403,49.5,nearest non-residential (403)
1862,COVENTRY LN,D,403,20.5,nearest non-residential (403)
3338,SUFFIELD,,510,63.3,nearest parcel 63m away (> 60m)
2760,TENNYSON BLVD,D,403,94.1,nearest parcel 94m away (> 60m)
4555,LAKE SIDE N,A,403,149.3,nearest parcel 149m away (> 60m)
1933,OLDE COVENTRY RD,,401,78.6,nearest parcel 79m away (> 60m)
1940,FOUNTAINVIEW CT,,441,96.5,nearest parcel 96m away (> 60m)
5455,RED BIRD CT,,402,41.5,nearest non-residential (402)
2859,CITIZENS PL,A,670,107.2,nearest parcel 107m away (> 60m)
1850,NOE-BIXBY RD,,660,61.3,nearest parcel 61m away (> 60m)
2886,TENNYSON BLVD,B,403,83.3,nearest parcel 83m away (> 60m)
2084,SUNSHINE PL,,403,68.2,nearest parcel 68m away (> 60m)
3920,MAUMEE BAY WAY,,510,82.9,nearest parcel 83m away (> 60m)
3732,KNIGHTSWAY LN,,403,67.9,nearest parcel 68m away (> 60m)
1853,COVENTRY LN,,403,62.2,nearest parcel 62m away (> 60m)
1914,OLDE COVENTRY RD E,,403,71.3,nearest parcel 71m away (> 60m)
5097,CEDAR DR,G,,11.9,nearest non-residential ()
2580,S HAMILTON RD,,425,57.0,nearest non-residential (425)
2498,FOREST GREEN CT,,400,58.8,nearest non-residential (400)
5548,MILLERSFIELD DR,,403,88.8,nearest parcel 89m away (> 60m)
2817,CITIZENS PL,A,403,83.6,nearest parcel 84m away (> 60m)
6191,MCNAUGHTEN CT,,425,46.0,nearest non-residential (425)
2880,NATHANIEL BLVD,B,403,88.7,nearest parcel 89m away (> 60m)
2277,MUIRWOOD DR,,400,30.3,nearest non-residential (400)
4528,LAKE SIDE N,,400,129.7,nearest parcel 130m away (> 60m)
3180,ELIM MANOR CT,218,591,12.7,nearest non-residential (591)
152,CHANTRY DR,,447,15.6,nearest non-residential (447)
1265,IDLEWILD DR,,500,7.0,nearest=vacant land
2255,KIMBERLY PKWY E,,499,37.2,nearest non-residential (499)
2860,CITIZENS PL,G,685,96.3,nearest parcel 96m away (> 60m)
2396,HUDSON BAY WAY,,510,77.8,nearest parcel 78m away (> 60m)
5522,DUNFIELD LN,5,403,18.3,nearest non-residential (403)
2881,TENNYSON BLVD,111,403,129.8,nearest parcel 130m away (> 60m)
2810,CITIZENS PL,F,403,24.1,nearest non-residential (403)
6621,MCNAUGHTEN CT,,425,46.0,nearest non-residential (425)
4155,ASTON MARTIN CT,,403,43.5,nearest non-residential (403)
3754,KIMBERLY WEST DR,,403,73.7,nearest parcel 74m away (> 60m)
5834,CHATFORD DR,I,899,72.9,nearest parcel 73m away (> 60m)
5512,CHATFORD SQ,,403,54.6,nearest non-residential (403)
4560,LAKE SIDE N,D,351,178.5,nearest parcel 178m away (> 60m)
2345,HAMILTON RD,,425,14.2,nearest non-residential (425)
426,CHANTRY DR,,447,15.6,nearest non-residential (447)
5743,HIBERNIA DR,,403,48.4,nearest non-residential (403)
3664,SOFT WIND DR,,403,30.8,nearest non-residential (403)
4650,HILTON CORPORATE DR,107,484,82.4,nearest parcel 82m away (> 60m)
3762,BIRCHTREE LN,,403,14.0,nearest non-residential (403)
2756,S HAMILTON RD,,426,39.4,nearest non-residential (426)
6657,MCNAUGHTEN CT,,425,46.0,nearest non-residential (425)
2824,CITIZENS PL,A,403,7.7,nearest non-residential (403)
5653,HIBERNIA DR,C,510,88.8,nearest parcel 89m away (> 60m)
5575,HIBERNIA DR,A,510,70.6,nearest parcel 71m away (> 60m)
3199,WEBSTER DR,,403,64.4,nearest parcel 64m away (> 60m)
4250,EASTLAND FOOD CT,,427,64.2,nearest parcel 64m away (> 60m)
3226,WINTER LANE PARK,,400,49.0,nearest non-residential (400)
2233,COURTSIDE DR,E,400,48.1,nearest non-residential (400)
3326,TRADAN DR,,403,39.4,nearest non-residential (403)
4505,LAKE SIDE N,E,400,131.2,nearest parcel 131m away (> 60m)
4337,DONLYN CT,,447,9.0,nearest non-residential (447)
5720,GREENPINE ST,,400,90.8,nearest parcel 91m away (> 60m)
3684,MENDON PL,,403,79.5,nearest parcel 79m away (> 60m)
4513,LAKE SIDE S,,400,115.2,nearest parcel 115m away (> 60m)
4615,REFUGEE RD,3D,403,49.9,nearest non-residential (403)
2252,SEVILLE AVE,,403,29.2,nearest non-residential (403)
3759,SOFT WIND DR,,520,78.3,nearest parcel 78m away (> 60m)
5200,CEDAR DR,H,,14.7,nearest non-residential ()
5518,DUNFIELD LN,,403,32.6,nearest non-residential (403)
1766,CHANNINGWAY CT W,,403,41.3,nearest non-residential (403)
2216,SUNSHINE PL,,520,88.6,nearest parcel 89m away (> 60m)
5450,CHATFORD SQ,,403,50.8,nearest non-residential (403)
2859,CITIZENS PL,D,403,108.6,nearest parcel 109m away (> 60m)
3706,KIMBERLY PKWY N,,403,56.4,nearest non-residential (403)
4657,REFUGEE RD,3G,403,76.6,nearest parcel 77m away (> 60m)
2065,LAKE CLUB TER,,403,35.4,nearest non-residential (403)
3868,MAUMEE BAY WAY,,403,67.2,nearest parcel 67m away (> 60m)
4524,LAKE SIDE S,A,403,144.3,nearest parcel 144m away (> 60m)
6269,MCNAUGHTEN CT,,425,46.0,nearest non-residential (425)
4567,MANDEVILLE CT,D,685,109.8,nearest parcel 110m away (> 60m)
2273,MUIRWOOD DR,,400,41.9,nearest non-residential (400)
3758,BIRCHTREE LN,,403,22.5,nearest non-residential (403)
1813,BAIRSFORD DR,1A,403,34.1,nearest non-residential (403)
2738,EASTLAND MALL,,427,55.0,nearest non-residential (427)
2785,MARWOOD CT,B,403,80.3,nearest parcel 80m away (> 60m)
2472,SHORE BLVD W,,403,103.8,nearest parcel 104m away (> 60m)
4635,WORDSWORTH CT,D,403,53.0,nearest non-residential (403)
550,CHANTRY DR,,447,15.6,nearest non-residential (447)
4640,HEBRIDES DR,A,403,117.9,nearest parcel 118m away (> 60m)
2089,LAKE CLUB TER,D,400,66.3,nearest parcel 66m away (> 60m)
3213,WABASH CT N,,400,24.3,nearest non-residential (400)
2100,LAKE CLUB TER,,447,39.2,nearest non-residential (447)
5653,CHANTRY DR,,340,85.8,nearest parcel 86m away (> 60m)
6529,MCNAUGHTEN CT,,425,46.0,nearest non-residential (425)
4514,WINCHESTER PIKE,,435,41.7,nearest non-residential (435)
5621,HIBERNIA DR,B,510,90.3,nearest parcel 90m away (> 60m)
5749,SPRUCE TREE DR,,400,116.7,nearest parcel 117m away (> 60m)
1986,FOUNTAINVIEW CT,F,403,72.3,nearest parcel 72m away (> 60m)
3802,SOFT WIND DR,,403,52.2,nearest non-residential (403)
2744,CITIZENS PL,D,403,159.7,nearest parcel 160m away (> 60m)
2751,EASTLAND MALL,,427,97.9,nearest parcel 98m away (> 60m)
4255,KIMBERLY PKWY,,425,25.6,nearest non-residential (425)
5145,CEDAR DR,J,,28.4,nearest non-residential ()
5892,CHATFORD DR,C,403,89.7,nearest parcel 90m away (> 60m)
6317,MCNAUGHTEN CT,,425,46.0,nearest non-residential (425)
5675,BAIRSFORD CIR N,14,403,15.8,nearest non-residential (403)
5852,CHATFORD DR,A,403,51.3,nearest non-residential (403)
5958,SHANA DR,,499,25.4,nearest non-residential (499)
2791,NEWCASTLE CT,D,403,64.4,nearest parcel 64m away (> 60m)
2069,LAKE CLUB TER,,403,40.0,nearest non-residential (403)
5507,LONSDALE PL N,,426,121.5,nearest parcel 121m away (> 60m)
5393,YORKSHIRE TERRACE DR,1B,403,43.3,nearest non-residential (403)
2765,TENNYSON BLVD,B,403,100.3,nearest parcel 100m away (> 60m)
2433,CHELSEA CT,,403,58.7,nearest non-residential (403)
2881,TENNYSON BLVD,108,403,124.8,nearest parcel 125m away (> 60m)
5736,SARANAC DR,,511,70.4,nearest parcel 70m away (> 60m)
5539,CANTARA PL,5,403,16.1,nearest non-residential (403)
2744,BRANDY DR,204,403,26.0,nearest non-residential (403)
4544,LAKE SIDE S,D,403,143.4,nearest parcel 143m away (> 60m)
4611,REFUGEE RD,2E,403,88.1,nearest parcel 88m away (> 60m)
5596,BAIRSFORD CIR N,,403,56.6,nearest non-residential (403)
2275,SEVILLE AVE,,403,40.9,nearest non-residential (403)
4297,DONLYN CT,,447,35.0,nearest non-residential (447)
362,CHANTRY DR,,447,15.6,nearest non-residential (447)
4667,REFUGEE RD,3D,403,28.4,nearest non-residential (403)
2713,S HAMILTON RD,,427,37.3,nearest non-residential (427)
1772,MCNAUGHTEN RD,,401,10.3,nearest non-residential (401)
3786,SOFT WIND DR,,403,54.1,nearest non-residential (403)
3927,RIVERCREEK BAY WAY,,510,71.5,nearest parcel 72m away (> 60m)
4261,DONLYN CT,,447,41.6,nearest non-residential (447)
2391,SHORE BLVD E,C,403,119.9,nearest parcel 120m away (> 60m)
5484,CHATFORD SQ,,403,25.4,nearest non-residential (403)
4601,REFUGEE RD,2J,403,44.8,nearest non-residential (403)
2751,WINCHESTER PIKE,,458,124.5,nearest parcel 124m away (> 60m)
1813,BAIRSFORD DR,1M,403,25.5,nearest non-residential (403)
5518,DUNFIELD LN,2,403,28.2,nearest non-residential (403)
2487,COURTRIGHT RD,,401,22.0,nearest non-residential (401)
2093,LAKE CLUB TER,B,400,74.9,nearest parcel 75m away (> 60m)
4585,MONMOUTH CT,C,403,84.7,nearest parcel 85m away (> 60m)
3198,WINTER LANE PARK,,510,78.4,nearest parcel 78m away (> 60m)
2391,HUDSON BAY WAY,,550,105.1,nearest parcel 105m away (> 60m)
4611,REFUGEE RD,2C,403,86.6,nearest parcel 87m away (> 60m)
5678,SPRUCE TREE DR,,403,17.6,nearest non-residential (403)
1949,FOUNTAINVIEW CT,,403,31.2,nearest non-residential (403)
3755,BIRCHTREE LN,,403,25.1,nearest non-residential (403)
3236,WINTER LANE PARK,,400,62.1,nearest parcel 62m away (> 60m)
3324,WINTER LANE PARK,,403,86.9,nearest parcel 87m away (> 60m)
4562,LAKE SIDE N,,351,170.1,nearest parcel 170m away (> 60m)
2750,EASTLAND MALL,,427,86.4,nearest parcel 86m away (> 60m)
4984,COVENTRY CT S,,403,86.6,nearest parcel 87m away (> 60m)
3180,ELIM MANOR CT,207,591,18.8,nearest non-residential (591)
4401,HILTON CORPORATE DR,,670,111.7,nearest parcel 112m away (> 60m)
4094,JENERA PL,,403,33.6,nearest non-residential (403)
6743,MCNAUGHTEN CT,,425,46.0,nearest non-residential (425)
1948,FOUNTAINVIEW CT,A,403,102.0,nearest parcel 102m away (> 60m)
5683,E LIVINGSTON AVE,,400,55.4,nearest non-residential (400)
5775,E LIVINGSTON AVE,,511,60.7,nearest parcel 61m away (> 60m)
5595,CHATTERTON RD,,425,38.2,nearest non-residential (425)
5600,AUTUMN CHASE DR,A,411,47.2,nearest non-residential (411)
4613,REFUGEE RD,2D,403,64.7,nearest parcel 65m away (> 60m)
1877,FOUNTAINVIEW CT,F,899,51.4,nearest non-residential (899)
5613,CHANTRY DR,,447,62.4,nearest parcel 62m away (> 60m)
2744,CITIZENS PL,F,403,166.2,nearest parcel 166m away (> 60m)
2640,BIRCHTREE WAY,,403,94.2,nearest parcel 94m away (> 60m)
4630,HILTON CORPORATE DR,306,411,100.6,nearest parcel 101m away (> 60m)
2072,PINE GROVE LN,,403,63.8,nearest parcel 64m away (> 60m)
3857,SOLDIER ST,,500,17.0,nearest=vacant land
6651,MCNAUGHTEN CT,,425,46.0,nearest non-residential (425)
356,CHANTRY DR,,447,15.6,nearest non-residential (447)
1963,BAIRSFORD DR,,520,80.3,nearest parcel 80m away (> 60m)
1928,FOUNTAINVIEW CT,,403,100.7,nearest parcel 101m away (> 60m)
18,CHANTRY DR,,447,15.6,nearest non-residential (447)
3320,TRADAN DR,,403,27.0,nearest non-residential (403)
5569,CHANTRY DR,,447,54.3,nearest non-residential (447)
5649,HIBERNIA DR,A,510,87.1,nearest parcel 87m away (> 60m)
2740,TENNYSON BLVD,D,403,155.1,nearest parcel 155m away (> 60m)
5095,CEDAR DR,M,,28.1,nearest non-residential ()
2791,CITIZENS PL,F,403,118.4,nearest parcel 118m away (> 60m)
3725,KIMBERLY PKWY N,,402,87.8,nearest parcel 88m away (> 60m)
1766,BAIRSFORD DR,,403,57.3,nearest non-residential (403)
1989,FOUNTAINVIEW CT,,403,76.3,nearest parcel 76m away (> 60m)
5468,CHATFORD SQ,,403,92.5,nearest parcel 92m away (> 60m)
2189,SUNSHINE PL,,403,30.4,nearest non-residential (403)
2786,BERWICK SQ,,403,41.9,nearest non-residential (403)
4999,COVENTRY DR,,403,94.9,nearest parcel 95m away (> 60m)
4599,REFUGEE RD,3B,403,43.6,nearest non-residential (403)
3745,NOAM CT,,403,62.7,nearest parcel 63m away (> 60m)
3276,PETZINGER RD,,370,26.9,nearest non-residential (370)
1905,OLDE COVENTRY RD E,,403,46.4,nearest non-residential (403)
5874,CHATFORD DR,,403,19.6,nearest non-residential (403)
5549,CHATFORD DR,,403,26.0,nearest non-residential (403)
4661,COLERIDGE CT,A,403,84.4,nearest parcel 84m away (> 60m)
2898,SHILLING DR,,403,66.0,nearest parcel 66m away (> 60m)
5539,CANTARA PL,6,403,23.7,nearest non-residential (403)
3682,KIDRON CT,,350,112.0,nearest parcel 112m away (> 60m)
5536,DUNFIELD LN,2,403,29.2,nearest non-residential (403)
6015,LAKE CLUB CT,,430,122.9,nearest parcel 123m away (> 60m)
2440,CHELSEA CT,,403,29.5,nearest non-residential (403)
1898,FOUNTAINVIEW CT,,441,95.5,nearest parcel 95m away (> 60m)
3030,WINCHESTER PIKE,6,640,64.0,nearest parcel 64m away (> 60m)
4667,HILTON CORPORATE DR,,670,44.1,nearest non-residential (670)
5732,SARANAC DR,,511,76.5,nearest parcel 76m away (> 60m)
3144,S HAMILTON RD,,425,4.5,nearest non-residential (425)
4601,REFUGEE RD,3J,403,46.1,nearest non-residential (403)
4651,COLERIDGE CT,C,403,78.6,nearest parcel 79m away (> 60m)
4589,MONMOUTH CT,,403,87.3,nearest parcel 87m away (> 60m)
5123,CEDAR DR,D,,10.8,nearest non-residential ()
3728,KNIGHTSWAY LN,,402,65.5,nearest parcel 66m away (> 60m)
5914,CHATFORD DR,,403,19.6,nearest non-residential (403)
2855,CITIZENS PL,G,403,97.0,nearest parcel 97m away (> 60m)
2445,SHORE BLVD E,C,403,99.4,nearest parcel 99m away (> 60m)
5670,GREENPINE ST,,400,66.5,nearest parcel 66m away (> 60m)
5793,MAPLE TREE LN,,403,163.9,nearest parcel 164m away (> 60m)
3577,REFUGEE RD,,499,117.7,nearest parcel 118m away (> 60m)
4593,REFUGEE RD,2G,403,80.1,nearest parcel 80m away (> 60m)
3260,WINTER LANE PARK,,481,90.2,nearest parcel 90m away (> 60m)
5518,DUNFIELD LN,1,403,33.8,nearest non-residential (403)
5454,LONSDALE PL N,UNIT B,439,44.7,nearest non-residential (439)
4593,REFUGEE RD,1G,403,82.6,nearest parcel 83m away (> 60m)
2177,SUNSHINE PL,,403,16.1,nearest non-residential (403)
4630,HILTON CORPORATE DR,316,411,76.9,nearest parcel 77m away (> 60m)
5760,SPRUCE TREE DR,,403,139.3,nearest parcel 139m away (> 60m)
5165,CEDAR DR,B,,27.6,nearest non-residential ()
6135,MCNAUGHTEN CT,,425,46.0,nearest non-residential (425)
1786,CHANNINGWAY CT W,,403,22.8,nearest non-residential (403)
5834,CHATFORD DR,G,899,84.6,nearest parcel 85m away (> 60m)
3750,WESTPOINT DR,UNIT 1,403,51.9,nearest non-residential (403)
1532,ABRAHAM WOODS,,,0.7,nearest non-residential ()
5675,BAIRSFORD CIR N,5,403,19.8,nearest non-residential (403)
5583,HIBERNIA DR,B,510,63.7,nearest parcel 64m away (> 60m)
196,CHANTRY DR,,447,15.6,nearest non-residential (447)
2915,TENNYSON BLVD,C,685,116.5,nearest parcel 116m away (> 60m)
2772,BRANDY DR,103,403,59.4,nearest non-residential (403)
5393,YORKSHIRE TERRACE DR,3A,403,43.7,nearest non-residential (403)
2860,CITIZENS PL,D,685,101.6,nearest parcel 102m away (> 60m)
1929,FOUNTAINVIEW CT,,403,38.0,nearest non-residential (403)
5553,CHATFORD DR,G,403,28.2,nearest non-residential (403)
6299,MCNAUGHTEN CT,,425,46.0,nearest non-residential (425)
1790,BAIRSFORD DR,,680,56.3,nearest non-residential (680)
4241,DONLYN CT,,447,65.6,nearest parcel 66m away (> 60m)
2802,CITIZENS PL,B,403,37.9,nearest non-residential (403)
4231,DONLYN CT,,447,60.7,nearest parcel 61m away (> 60m)
5916,CHATFORD DR,B,449,138.3,nearest parcel 138m away (> 60m)
4116,JENERA PL,,403,53.4,nearest non-residential (403)
2436,CORVETTE CT,,403,94.8,nearest parcel 95m away (> 60m)
4672,FENIMORE CT,B,403,85.8,nearest parcel 86m away (> 60m)
5121,CEDAR DR,J,,27.5,nearest non-residential ()
2730,TENNYSON BLVD,C,481,175.9,nearest parcel 176m away (> 60m)
2785,BERWICK SQ,,403,35.9,nearest non-residential (403)
2809,CITIZENS PL,D,403,97.2,nearest parcel 97m away (> 60m)
3808,BUCKMAN ST,,501,8.7,nearest=vacant land
1874,COVENTRY CT,C,403,51.4,nearest non-residential (403)
2609,SILVER OAK DR,,403,118.6,nearest parcel 119m away (> 60m)
1506,ABRAHAM WOODS,,,9.9,nearest non-residential ()
3743,BIRCHTREE LN,,403,46.0,nearest non-residential (403)
4335,DONLYN CT,,447,12.5,nearest non-residential (447)
4595,REFUGEE RD,3C,403,56.3,nearest non-residential (403)
4680,FENIMORE CT,A,403,105.6,nearest parcel 106m away (> 60m)
2881,TENNYSON BLVD,214,403,136.3,nearest parcel 136m away (> 60m)
3180,ELIM MANOR CT,203,591,21.8,nearest non-residential (591)
2200,SUNSHINE PL,,520,109.3,nearest parcel 109m away (> 60m)
2233,S HAMILTON RD,,499,58.6,nearest non-residential (499)
4582,ISINGTON CT,,403,102.4,nearest parcel 102m away (> 60m)
2175,S JAMES RD,,371,29.8,nearest non-residential (371)
4650,HILTON CORPORATE DR,205,411,118.1,nearest parcel 118m away (> 60m)
2143,COURTRIGHT RD,,403,34.3,nearest non-residential (403)
4611,WORDSWORTH CT,D,403,99.3,nearest parcel 99m away (> 60m)
2495,SHORE BLVD E,,122,147.0,nearest parcel 147m away (> 60m)
1480,ABRAHAM WOODS,,,6.4,nearest non-residential ()
3382,WINTER LANE PARK,,403,15.9,nearest non-residential (403)
5878,YORKLAND CT,UNIT O,403,50.2,nearest non-residential (403)
5167,CEDAR DR,G,,11.7,nearest non-residential ()
5165,CEDAR DR,J,,22.6,nearest non-residential ()
3730,WESTPOINT DR,UNIT 1,600,82.3,nearest parcel 82m away (> 60m)
4635,WORDSWORTH CT,B,403,49.5,nearest non-residential (403)
5501,E LIVINGSTON AVE,UNIT A,426,105.8,nearest parcel 106m away (> 60m)
5040,COVENTRY DR,D,403,66.9,nearest parcel 67m away (> 60m)
5420,CHATFORD SQ,,403,123.4,nearest parcel 123m away (> 60m)
2166,MUIRWOOD DR,,403,103.3,nearest parcel 103m away (> 60m)
4988,COVENTRY CT S,,403,83.4,nearest parcel 83m away (> 60m)
1874,COVENTRY CT,B,403,50.3,nearest non-residential (403)
5991,LAKE CLUB SQ,,403,45.2,nearest non-residential (403)
5693,HIBERNIA DR,C,510,83.5,nearest parcel 84m away (> 60m)
2327,HAMILTON RD,,425,14.2,nearest non-residential (425)
5653,MAPLE TREE LN,,403,77.1,nearest parcel 77m away (> 60m)
5730,GREENPINE ST,,400,113.6,nearest parcel 114m away (> 60m)
4991,COVENTRY CT S,,403,86.5,nearest parcel 87m away (> 60m)
2780,BERWICK SQ,,403,24.2,nearest non-residential (403)
2023,BAIRSFORD DR,2E,520,74.1,nearest parcel 74m away (> 60m)
3750,KIMBERLY PKWY N,,403,59.5,nearest non-residential (403)
2881,TENNYSON BLVD,210,403,130.9,nearest parcel 131m away (> 60m)
2604,SUMMERWAY CT,,403,39.8,nearest non-residential (403)
2824,CITIZENS PL,H,403,12.4,nearest non-residential (403)
5729,SPRUCE TREE DR,,400,105.3,nearest parcel 105m away (> 60m)
314,CHANTRY DR,,447,15.6,nearest non-residential (447)
2328,COURTRIGHT RD,,403,72.3,nearest parcel 72m away (> 60m)
4661,COLERIDGE CT,D,403,82.7,nearest parcel 83m away (> 60m)
5393,YORKSHIRE TERRACE DR,,403,56.0,nearest non-residential (403)
3726,NOAM CT,,403,80.4,nearest parcel 80m away (> 60m)
4095,ROLLS ROYCE CT,,403,132.2,nearest parcel 132m away (> 60m)
4608,CHANNING TER,,403,131.6,nearest parcel 132m away (> 60m)
4609,REFUGEE RD,1H,403,83.1,nearest parcel 83m away (> 60m)
5968,ABERNATHY LN,,,19.8,nearest non-residential ()
2190,SOFT WIND CT,,403,109.8,nearest parcel 110m away (> 60m)
4605,REFUGEE RD,1B,403,67.4,nearest parcel 67m away (> 60m)
2950,NATHANIEL BLVD,,403,120.6,nearest parcel 121m away (> 60m)
4481,REFUGEE RD,,660,28.4,nearest non-residential (660)
5580,MILLERSFIELD DR,,403,46.4,nearest non-residential (403)
5551,CHATFORD DR,C,403,28.2,nearest non-residential (403)
2566 1/2,PARK CRESCENT,,403,87.6,nearest parcel 88m away (> 60m)
5607,HIBERNIA DR,,510,81.6,nearest parcel 82m away (> 60m)
3744,WESTPOINT DR,UNIT 3,403,65.7,nearest parcel 66m away (> 60m)
2308,PETZINGER CT,,403,43.0,nearest non-residential (403)
2359,HUDSON BAY WAY,,510,100.4,nearest parcel 100m away (> 60m)
2590,SILVER OAK DR,,403,68.8,nearest parcel 69m away (> 60m)
1948,FOUNTAINVIEW CT,F,403,117.5,nearest parcel 117m away (> 60m)
6371,MCNAUGHTEN CT,,425,46.0,nearest non-residential (425)
4613,REFUGEE RD,2A,403,66.6,nearest parcel 67m away (> 60m)
2780,CITIZENS PL,F,403,96.1,nearest parcel 96m away (> 60m)
4585,LAKE SIDE S,I,122,72.3,nearest parcel 72m away (> 60m)
2799,MARWOOD CT,D,403,56.3,nearest non-residential (403)
3666,RIVERDALE SQ,,403,39.4,nearest non-residential (403)
5856,MCKAHAN CT,,,13.9,nearest non-residential ()
2238,SEVILLE AVE,,403,57.1,nearest non-residential (403)
2802,CITIZENS PL,D,403,38.0,nearest non-residential (403)
2510,COURTRIGHT RD,,402,51.4,nearest non-residential (402)
2371,SHORE BLVD E,B,403,154.3,nearest parcel 154m away (> 60m)
3389,WINTER LANE PARK,,403,65.9,nearest parcel 66m away (> 60m)
5822,CHATFORD DR,,899,94.7,nearest parcel 95m away (> 60m)
3372,YOZURI DR,,501,27.5,nearest=vacant land
5804,CHATFORD DR,E,899,113.1,nearest parcel 113m away (> 60m)
2744,CITIZENS PL,B,403,164.0,nearest parcel 164m away (> 60m)
4084,PORSCHE CT,,680,66.5,nearest parcel 66m away (> 60m)
1460,ABRAHAM WOODS,,,25.9,nearest non-residential ()
4089,JENERA PL,,403,61.9,nearest parcel 62m away (> 60m)
5585,HUTCHINSTONE RD,,403,52.0,nearest non-residential (403)
4597,REFUGEE RD,2E,403,47.9,nearest non-residential (403)
2233,COURTSIDE DR,I,400,44.2,nearest non-residential (400)
2228,MUIRWOOD DR,,403,10.1,nearest non-residential (403)
3744,SOFT WIND DR,,403,130.8,nearest parcel 131m away (> 60m)
2001,FOUNTAINVIEW CT,,403,82.0,nearest parcel 82m away (> 60m)
6001,LAKE CLUB CT,F,403,153.8,nearest parcel 154m away (> 60m)
3331,WINTER LANE PARK,,510,97.2,nearest parcel 97m away (> 60m)
4573,MONMOUTH CT,213,403,56.5,nearest non-residential (403)
4665,REFUGEE RD,2F,403,73.9,nearest parcel 74m away (> 60m)
5518,E LIVINGSTON AVE,,,21.8,nearest non-residential ()
3678,FARTHING LN,,403,16.9,nearest non-residential (403)
1840,NOE-BIXBY RD,,660,73.5,nearest parcel 74m away (> 60m)
1923,OLDE COVENTRY RD E,,403,16.4,nearest non-residential (403)
2809,CITIZENS PL,A,403,95.3,nearest parcel 95m away (> 60m)
5121,CEDAR DR,F,,24.1,nearest non-residential ()
4622,HEBRIDES DR,A,403,117.4,nearest parcel 117m away (> 60m)
5981,LAKE CLUB SQ,B,403,54.6,nearest non-residential (403)
5864,CHATFORD DR,H,403,18.9,nearest non-residential (403)
1751,LONSDALE RD,D,401,7.0,nearest non-residential (401)
3388,WINTER LANE PARK,,403,13.9,nearest non-residential (403)
1881,FOUNTAINVIEW CT,C,899,87.3,nearest parcel 87m away (> 60m)
4667,REFUGEE RD,1B,403,39.5,nearest non-residential (403)
4607,REFUGEE RD,3A,403,55.2,nearest non-residential (403)
2202,SEVILLE AVE,,403,114.7,nearest parcel 115m away (> 60m)
6443,MCNAUGHTEN CT,,425,46.0,nearest non-residential (425)
5460,LONSDALE PL S,UNIT D,403,22.6,nearest non-residential (403)
3802,BUCKMAN ST,,501,10.3,nearest=vacant land
2513,COURTRIGHT RD,,401,69.1,nearest parcel 69m away (> 60m)
2870,WOOLWICH CT,105,685,97.2,nearest parcel 97m away (> 60m)
4671,REFUGEE RD,1F,403,25.8,nearest non-residential (403)
1806,CHANNINGWAY CT W,,403,28.9,nearest non-residential (403)
2828,TENNYSON BLVD,A,403,84.7,nearest parcel 85m away (> 60m)
4536,LAKE SIDE S,A,403,142.5,nearest parcel 143m away (> 60m)
4671,REFUGEE RD,2F,403,26.6,nearest non-residential (403)
4529,LAKE SIDE S,,122,124.8,nearest parcel 125m away (> 60m)
6141,MCNAUGHTEN CT,,425,46.0,nearest non-residential (425)
4615,REFUGEE RD,3A,403,42.1,nearest non-residential (403)
2810,TENNYSON BLVD,C,403,54.5,nearest non-residential (403)
2231,COURTSIDE DR,G,400,35.0,nearest non-residential (400)
162,CHANTRY DR,,447,15.6,nearest non-residential (447)
4667,REFUGEE RD,3B,403,39.8,nearest non-residential (403)
1816,CHANNINGWAY CT W,,403,26.1,nearest non-residential (403)
3712,DAWN CT,,403,47.9,nearest non-residential (403)
4656,HEBRIDES DR,C,403,122.4,nearest parcel 122m away (> 60m)
1997,BAIRSFORD DR,,520,76.0,nearest parcel 76m away (> 60m)
5685,BAIRSFORD CIR N,18,403,28.7,nearest non-residential (403)
180,CHANTRY DR,,447,15.6,nearest non-residential (447)
5427,YORKSHIRE TERRACE DR,6C,403,32.7,nearest non-residential (403)
1877,FOUNTAINVIEW CT,I,899,49.9,nearest non-residential (899)
2750,TENNYSON BLVD,A,403,134.2,nearest parcel 134m away (> 60m)
2791,CITIZENS PL,B,403,116.8,nearest parcel 117m away (> 60m)
4554,ISINGTON CT,,403,64.1,nearest parcel 64m away (> 60m)
5738,HIBERNIA DR,B,403,72.8,nearest parcel 73m away (> 60m)
3757,KNIGHTSWAY LN,,403,28.8,nearest non-residential (403)
6467,MCNAUGHTEN CT,,425,46.0,nearest non-residential (425)
5467,LONSDALE PL N,,439,71.7,nearest parcel 72m away (> 60m)
5880,YORKLAND CT,UNIT E,,23.5,nearest non-residential ()
1762,LONSDALE PL E,,403,73.6,nearest parcel 74m away (> 60m)
6227,MCNAUGHTEN CT,,425,46.0,nearest non-residential (425)
2061,LAKE CLUB TER,,403,26.9,nearest non-residential (403)
2781,MARWOOD CT,,403,67.9,nearest parcel 68m away (> 60m)
2581,KIMBERLY PKWY W,,403,72.6,nearest parcel 73m away (> 60m)
3208,WINTER LANE PARK,,400,60.4,nearest parcel 60m away (> 60m)
5880,CHATFORD DR,I,403,45.7,nearest non-residential (403)
2367,HUDSON BAY WAY,,510,106.3,nearest parcel 106m away (> 60m)
5730,HIBERNIA DR,A,403,81.1,nearest parcel 81m away (> 60m)
2785,CITIZENS PL,D,403,107.8,nearest parcel 108m away (> 60m)
1786,BAIRSFORD DR,,403,55.8,nearest non-residential (403)
6113,MCNAUGHTEN CENTER,,425,36.4,nearest non-residential (425)
4626,CHANNING TER,D,403,87.5,nearest parcel 88m away (> 60m)
3332,WINTER LANE PARK,,403,73.5,nearest parcel 74m away (> 60m)
4593,REFUGEE RD,2I,403,66.0,nearest parcel 66m away (> 60m)
5675,BAIRSFORD CIR N,13,403,18.1,nearest non-residential (403)
3774,WESTPOINT DR,UNIT 1,403,41.8,nearest non-residential (403)
3122,S HAMILTON RD,,425,30.5,nearest non-residential (425)
2612,BIRCHTREE WAY,,403,97.9,nearest parcel 98m away (> 60m)
5856,CHATFORD DR,,403,19.6,nearest non-residential (403)
2176,RIVERDALE SQ E,,403,27.6,nearest non-residential (403)
3984,LAUREL LN,,403,64.2,nearest parcel 64m away (> 60m)
1811,BAIRSFORD DR,1C,403,24.2,nearest non-residential (403)
5518,DUNFIELD LN,5,403,31.2,nearest non-residential (403)
4619,REFUGEE RD,3B,403,66.4,nearest parcel 66m away (> 60m)
2797,MARWOOD CT,D,403,66.4,nearest parcel 66m away (> 60m)
2544,SILVER OAK DR,,403,82.0,nearest parcel 82m away (> 60m)
270,CHANTRY DR,,447,15.6,nearest non-residential (447)
4978,COVENTRY CT S,,403,93.5,nearest parcel 94m away (> 60m)
5590,AUTUMN CHASE DR,B,411,37.6,nearest non-residential (411)
5738,HIBERNIA DR,C,403,74.9,nearest parcel 75m away (> 60m)
2246,S HAMILTON RD,201,425,50.3,nearest non-residential (425)
5097,CEDAR DR,E,,25.8,nearest non-residential ()
2892,NATHANIEL BLVD,,403,72.0,nearest parcel 72m away (> 60m)
2870,MERRYMOUNT CT,C,403,157.2,nearest parcel 157m away (> 60m)
4165,CADILLAC CT,,403,109.1,nearest parcel 109m away (> 60m)
2553,SILVER OAK DR,,455,99.7,nearest parcel 100m away (> 60m)
1895,FOUNTAINVIEW CT,,403,55.2,nearest non-residential (403)
5546,AUTUMN CHASE DR,B,411,61.4,nearest parcel 61m away (> 60m)
2740,BRANDY DR,204,403,32.8,nearest non-residential (403)
4609,REFUGEE RD,2J,403,76.3,nearest parcel 76m away (> 60m)
3728,KIMBERLY WEST DR,,403,86.5,nearest parcel 87m away (> 60m)
4525,LAKE SIDE N,C,403,159.6,nearest parcel 160m away (> 60m)
5424,LONSDALE PL N,UNIT B,439,22.1,nearest non-residential (439)
2031,PINE NEEDLE CT,,401,19.6,nearest non-residential (401)
1814,CHANNINGWAY CT W,,403,24.2,nearest non-residential (403)
1793,CHANNINGWAY CT W,,403,72.8,nearest parcel 73m away (> 60m)
2799,MARWOOD CT,C,403,60.2,nearest parcel 60m away (> 60m)
1289,YORKLAND RD,UNIT C,403,15.0,nearest non-residential (403)
4434,CROSSROADS CENTER,,426,30.9,nearest non-residential (426)
5792,MAPLE TREE LN,,340,154.7,nearest parcel 155m away (> 60m)
5706,GREENPINE ST,,400,90.3,nearest parcel 90m away (> 60m)
3724,SOFT WIND DR,,520,106.8,nearest parcel 107m away (> 60m)
400,CHANTRY DR,,447,15.6,nearest non-residential (447)
424,CHANTRY DR,,447,15.6,nearest non-residential (447)
2257,MUIRWOOD DR,,400,9.1,nearest non-residential (400)
2144,MUIRWOOD DR,,481,136.1,nearest parcel 136m away (> 60m)
3724,BIRCHTREE LN,,403,89.2,nearest parcel 89m away (> 60m)
4617,REFUGEE RD,1E,403,14.7,nearest non-residential (403)
528,CHANTRY DR,,447,15.6,nearest non-residential (447)
2824,CITIZENS PL,C,403,11.4,nearest non-residential (403)
2328,PETZINGER CT,,403,56.8,nearest non-residential (403)
3716,DAWN CT,,403,57.5,nearest non-residential (403)
3225,WEBSTER DR,,403,48.4,nearest non-residential (403)
1555,APPLETON CT,,403,31.1,nearest non-residential (403)
2456,KIMBERLY WOODS DR,,680,47.3,nearest non-residential (680)
5333,YORKSHIRE TERRACE DR,B,403,21.8,nearest non-residential (403)
2866,MERRYMOUNT CT,B,403,169.6,nearest parcel 170m away (> 60m)
4669,REFUGEE RD,1F,403,17.4,nearest non-residential (403)
2789,GROSSE POINT,,403,102.0,nearest parcel 102m away (> 60m)
5123,CEDAR DR,C,,12.9,nearest non-residential ()
5427,YORKSHIRE TERRACE DR,6A,403,35.0,nearest non-residential (403)
4545,LAKE SIDE N,C,403,157.8,nearest parcel 158m away (> 60m)
2830,WYMAN CT,A,403,64.0,nearest parcel 64m away (> 60m)
1552,ABRAHAM WOODS,,,24.1,nearest non-residential ()
2772,BRANDY DR,203,403,57.3,nearest non-residential (403)
2885,THOREAU CT,C,403,50.1,nearest non-residential (403)
1843,COVENTRY LN,,403,66.6,nearest parcel 67m away (> 60m)
5559,AUTUMN CHASE DR,,411,59.6,nearest non-residential (411)
2450,SHORE BLVD W,I,480,92.0,nearest parcel 92m away (> 60m)
5600,BAIRSFORD CIR N,,403,59.8,nearest non-residential (403)
2844,CITIZENS PL,H,403,73.5,nearest parcel 73m away (> 60m)
2806,BANWICK RD,,351,77.8,nearest parcel 78m away (> 60m)
1894,NOE-BIXBY RD,,403,84.4,nearest parcel 84m away (> 60m)
452,CHANTRY DR,,447,15.6,nearest non-residential (447)
5506,E LIVINGSTON AVE,,,52.0,nearest non-residential ()
1892,NOE-BIXBY RD,,403,84.5,nearest parcel 85m away (> 60m)
3297,WINTER LANE PARK,,510,91.0,nearest parcel 91m away (> 60m)
202,CHANTRY DR,,447,15.6,nearest non-residential (447)
1985,FOUNTAINVIEW CT,,403,73.5,nearest parcel 74m away (> 60m)
2865,CITIZENS PL,E,670,86.6,nearest parcel 87m away (> 60m)
2381,SHORE BLVD E,A,403,123.3,nearest parcel 123m away (> 60m)
3717,KIMBERLY WEST DR,UNIT 4,600,59.9,nearest non-residential (600)
4270,S HAMILTON RD,,426,83.9,nearest parcel 84m away (> 60m)
2343,HAMILTON RD,,425,14.2,nearest non-residential (425)
1860,NOE-BIXBY RD,,660,68.2,nearest parcel 68m away (> 60m)
4777,ROLLINGBROOK LN,D,458,42.2,nearest non-residential (458)
5501,E LIVINGSTON AVE,UNIT C,426,112.4,nearest parcel 112m away (> 60m)
1707,LONSDALE RD,,401,12.3,nearest non-residential (401)
5661,HIBERNIA DR,,510,74.4,nearest parcel 74m away (> 60m)
4273,EASTLAND SQUARE DR,,422,62.3,nearest parcel 62m away (> 60m)
2378,MERCEDES LN,,403,33.0,nearest non-residential (403)
4613,REFUGEE RD,3C,403,57.6,nearest non-residential (403)
4611,REFUGEE RD,3E,403,85.9,nearest parcel 86m away (> 60m)
2740,BRANDY DR,101,403,39.5,nearest non-residential (403)
6401,MCNAUGHTEN CT,,425,46.0,nearest non-residential (425)
5462,CHATFORD SQ,,403,80.8,nearest parcel 81m away (> 60m)
2573,S HAMILTON RD,,425,46.1,nearest non-residential (425)
1787,CHANNINGWAY CT W,,403,70.0,nearest parcel 70m away (> 60m)
2023,BAIRSFORD DR,2B,520,87.5,nearest parcel 87m away (> 60m)
2726,TENNYSON BLVD,A,481,147.3,nearest parcel 147m away (> 60m)
5880,YORKLAND CT,UNIT A,,34.6,nearest non-residential ()
3747,NOAM CT,,403,63.6,nearest parcel 64m away (> 60m)
2765,TENNYSON BLVD,A,403,104.6,nearest parcel 105m away (> 60m)
3263,WINTER LANE PARK,,510,90.7,nearest parcel 91m away (> 60m)
5418,LONSDALE PL S,,401,57.2,nearest non-residential (401)
5920,SHANA DR,,403,25.9,nearest non-residential (403)
1937,BAIRSFORD DR,,403,21.0,nearest non-residential (403)
2086,PINE GROVE LN,,403,29.0,nearest non-residential (403)
3265,ELIM MANOR CT,,591,8.7,nearest non-residential (591)
6115,MCNAUGHTEN CENTER,,425,42.1,nearest non-residential (425)
4671,REFUGEE RD,2E,403,24.9,nearest non-residential (403)
2231,DURANT AVE,,403,51.7,nearest non-residential (403)
3731,BIRCHTREE LN,,403,61.4,nearest parcel 61m away (> 60m)
2182,MUIRWOOD DR,,403,85.1,nearest parcel 85m away (> 60m)
4650,HILTON CORPORATE DR,104,411,115.3,nearest parcel 115m away (> 60m)
5079,CEDAR DR,B,,23.7,nearest non-residential ()
5617,AUTUMN CHASE DR,A,411,34.1,nearest non-residential (411)
2713,EASTLAND MALL,,427,86.5,nearest parcel 86m away (> 60m)
5876,CHATFORD DR,,403,26.6,nearest non-residential (403)
2237,SEVILLE AVE,,403,89.4,nearest parcel 89m away (> 60m)
5568,CHANTRY DR,,403,69.1,nearest parcel 69m away (> 60m)
1289,YORKLAND RD,UNIT M,403,18.5,nearest non-residential (403)
2293,COURTRIGHT RD,,403,29.6,nearest non-residential (403)
2138,SUNSHINE PL,,400,99.8,nearest parcel 100m away (> 60m)
4595,REFUGEE RD,1B,403,50.3,nearest non-residential (403)
5044,COVENTRY DR,D,403,71.4,nearest parcel 71m away (> 60m)
1909,FOUNTAINVIEW CT,,403,70.5,nearest parcel 70m away (> 60m)
150,MCNAUGHTEN RD,,,23.7,nearest non-residential ()
2785,CITIZENS PL,F,403,111.9,nearest parcel 112m away (> 60m)
6513,MCNAUGHTEN CT,,425,46.0,nearest non-residential (425)
5795,KARENWAY DR,,,17.5,nearest non-residential ()
3667,MENDON PL,,520,71.4,nearest parcel 71m away (> 60m)
2892,SHILLING DR,,403,47.6,nearest non-residential (403)
2086,SUNSHINE PL,,403,71.0,nearest parcel 71m away (> 60m)
2292,SEVILLE AVE,,403,21.8,nearest non-residential (403)
2546,CHAPPEL CHASE,,403,42.6,nearest non-residential (403)
2361,PARK CRESCENT,,355,218.5,nearest parcel 218m away (> 60m)
3880,MAUMEE BAY WAY,,403,80.7,nearest parcel 81m away (> 60m)
4257,DONLYN CT,,447,35.0,nearest non-residential (447)
5014,COVENTRY DR,,403,22.5,nearest non-residential (403)
1842,NOE-BIXBY RD,,660,69.4,nearest parcel 69m away (> 60m)
4630,HILTON CORPORATE DR,208,411,96.6,nearest parcel 97m away (> 60m)
3677,RIVERDALE SQ,,403,25.3,nearest non-residential (403)
5738,SARANAC DR,,511,70.7,nearest parcel 71m away (> 60m)
1778,BAIRSFORD DR,,403,47.9,nearest non-residential (403)
5944,SCARBOROUGH BLVD,,455,40.7,nearest non-residential (455)
1898,COVENTRY CT,D,403,73.4,nearest parcel 73m away (> 60m)
2089,LAKE CLUB TER,G,400,64.8,nearest parcel 65m away (> 60m)
4515,LAKE SIDE N,C,400,140.1,nearest parcel 140m away (> 60m)
6223,MCNAUGHTEN CT,,425,46.0,nearest non-residential (425)
4615,REFUGEE RD,3F,403,58.3,nearest non-residential (403)
4548,LAKE SIDE N,,350,155.8,nearest parcel 156m away (> 60m)
6006,LAKE CLUB CT,,449,137.0,nearest parcel 137m away (> 60m)
6024,ABERNATHY LN,,640,55.8,nearest non-residential (640)
6112,MCNAUGHTEN CENTER,,458,34.4,nearest non-residential (458)
3268,CALVEYLEE LN,,,15.7,nearest non-residential ()
2059,LAKE CLUB TER,,403,21.9,nearest non-residential (403)
4254,S HAMILTON RD,,426,83.9,nearest parcel 84m away (> 60m)
6097,MCNAUGHTEN CENTER,,425,31.2,nearest non-residential (425)
302,CHANTRY DR,,447,15.6,nearest non-residential (447)
5669,GREENPINE ST,,400,43.1,nearest non-residential (400)
2733,EASTLAND MALL,,427,29.2,nearest non-residential (427)
2539,FRANKSWAY ST,,422,45.0,nearest non-residential (422)
3217,WEBSTER DR,,403,76.3,nearest parcel 76m away (> 60m)
112,CHANTRY DR,,447,15.6,nearest non-residential (447)
5167,CEDAR DR,D,,10.3,nearest non-residential ()
2524,BENIE CT,,403,18.2,nearest non-residential (403)
5461,LONSDALE PL S,UNIT A,680,42.7,nearest non-residential (680)
5427,YORKSHIRE TERRACE DR,2C,403,17.5,nearest non-residential (403)
2870,WOOLWICH CT,212,403,120.4,nearest parcel 120m away (> 60m)
4609,REFUGEE RD,1L,403,61.5,nearest parcel 61m away (> 60m)
2870,WOOLWICH CT,201,685,90.2,nearest parcel 90m away (> 60m)
5016,COVENTRY DR,A,403,12.0,nearest non-residential (403)
2566,SPRINGWAY CT,,402,64.3,nearest parcel 64m away (> 60m)
1997,FOUNTAINVIEW CT,,403,90.8,nearest parcel 91m away (> 60m)
2155,S JAMES RD,,351,15.0,nearest non-residential (351)
2772,BRANDY DR,101,403,60.8,nearest parcel 61m away (> 60m)
4096,JENERA PL,,403,43.3,nearest non-residential (403)
2870,WOOLWICH CT,203,685,94.5,nearest parcel 95m away (> 60m)
5748,SPRUCE TREE DR,,403,121.6,nearest parcel 122m away (> 60m)
5572,CHANTRY DR,,403,65.4,nearest parcel 65m away (> 60m)
2726,EASTLAND MALL,UNIT A,427,24.0,nearest non-residential (427)
5576,AUTUMN CHASE DR,,411,63.0,nearest parcel 63m away (> 60m)
2408,HUDSON BAY WAY,,510,86.7,nearest parcel 87m away (> 60m)
4601,REFUGEE RD,2G,403,66.0,nearest parcel 66m away (> 60m)
5034,COVENTRY DR,B,403,50.1,nearest non-residential (403)
1993,FOUNTAINVIEW CT,,403,85.2,nearest parcel 85m away (> 60m)
2244,S HAMILTON RD,100,447,39.2,nearest non-residential (447)
2836,WYMAN CT,A,403,65.1,nearest parcel 65m away (> 60m)
3284,TRADAN DR,,403,82.2,nearest parcel 82m away (> 60m)
6253,MCNAUGHTEN CT,,425,46.0,nearest non-residential (425)
5415,YORKSHIRE TERRACE DR,2C,403,14.4,nearest non-residential (403)
2894,TENNYSON BLVD,,403,79.3,nearest parcel 79m away (> 60m)
6385,MCNAUGHTEN CT,,425,46.0,nearest non-residential (425)
2460,SHORE BLVD W,A,403,85.4,nearest parcel 85m away (> 60m)
4558,MANDEVILLE CT,D,685,71.0,nearest parcel 71m away (> 60m)
2202,SUNSHINE PL,,520,103.1,nearest parcel 103m away (> 60m)
5852,CHATFORD DR,E,403,43.8,nearest non-residential (403)
2587,SILVER OAK DR,,403,101.3,nearest parcel 101m away (> 60m)
342,CHANTRY DR,,447,15.6,nearest non-residential (447)
2811,GROSSE POINT,,403,61.2,nearest parcel 61m away (> 60m)
2583,SILVER OAK DR,,455,115.8,nearest parcel 116m away (> 60m)
3670,RIVERDALE SQ,,403,31.9,nearest non-residential (403)
3219,WABASH CT N,,400,18.8,nearest non-residential (400)
5778,SARANAC DR,,403,40.6,nearest non-residential (403)
3875,MAUMEE BAY WAY,,680,81.7,nearest parcel 82m away (> 60m)
2852,CITIZENS PL,H,403,89.6,nearest parcel 90m away (> 60m)
2011,BAIRSFORD DR,,520,75.6,nearest parcel 76m away (> 60m)
6001,LAKE CLUB CT,I,403,140.8,nearest parcel 141m away (> 60m)
4617,REFUGEE RD,1G,403,35.9,nearest non-residential (403)
678,CHANTRY DR,,447,15.6,nearest non-residential (447)
5683,MAPLE TREE LN,,403,79.3,nearest parcel 79m away (> 60m)
1709,LONSDALE RD,,401,8.5,nearest non-residential (401)
4525,LAKE SIDE N,B,403,147.3,nearest parcel 147m away (> 60m)
3689,KIDRON CT,,403,93.5,nearest parcel 93m away (> 60m)
4568,LAKE SIDE N,,351,155.6,nearest parcel 156m away (> 60m)
1881,FOUNTAINVIEW CT,E,899,81.2,nearest parcel 81m away (> 60m)
5465,RED BIRD CT,,402,29.9,nearest non-residential (402)
4792,LARAINE CT,104,403,38.3,nearest non-residential (403)
5427,YORKSHIRE TERRACE DR,6B,403,33.7,nearest non-residential (403)
2118,PINE GROVE LN,,403,27.9,nearest non-residential (403)
4967,COVENTRY CT S,,403,107.3,nearest parcel 107m away (> 60m)
3571,ARIEL DR,,403,40.2,nearest non-residential (403)
108,CHANTRY DR,,447,15.6,nearest non-residential (447)
2962,NATHANIEL BLVD,C,403,140.4,nearest parcel 140m away (> 60m)
4505,LAKE SIDE N,B,400,121.1,nearest parcel 121m away (> 60m)
2033,LAKE CLUB TER,,403,50.8,nearest non-residential (403)
1953,BAIRSFORD DR,,403,68.0,nearest parcel 68m away (> 60m)
5864,CHATFORD DR,A,403,23.5,nearest non-residential (403)
5415,YORKSHIRE TERRACE DR,8B,403,36.8,nearest non-residential (403)
5981,LAKE CLUB SQ,F,403,50.4,nearest non-residential (403)
2413,SHORE BLVD E,,403,55.4,nearest non-residential (403)
5762,HIBERNIA DR,B,403,52.9,nearest non-residential (403)
1783,BAIRSFORD CIR W,,403,51.6,nearest non-residential (403)
4269,DONLYN CT,,447,35.0,nearest non-residential (447)
4607,REFUGEE RD,3C,403,71.8,nearest parcel 72m away (> 60m)
432,CHANTRY DR,,447,15.6,nearest non-residential (447)
3729,BIRCHTREE LN,,403,69.9,nearest parcel 70m away (> 60m)
2560,SILVER OAK DR,,403,72.6,nearest parcel 73m away (> 60m)
2870,WOOLWICH CT,107,685,103.5,nearest parcel 104m away (> 60m)
5573,AUTUMN CHASE DR,A,411,35.6,nearest non-residential (411)
6000,LAKE CLUB CT,G,403,146.8,nearest parcel 147m away (> 60m)
5202,CEDAR DR,A,,15.8,nearest non-residential ()
4671,REFUGEE RD,3B,403,11.3,nearest non-residential (403)
2847,CITIZENS PL,D,499,56.3,nearest non-residential (499)
1813,BAIRSFORD DR,1E,403,21.7,nearest non-residential (403)
5393,YORKSHIRE TERRACE DR,5C,403,54.6,nearest non-residential (403)
3266,ELIM MANOR CT,,591,65.3,nearest parcel 65m away (> 60m)
5799,MAPLE TREE LN,,454,156.7,nearest parcel 157m away (> 60m)
5591,HIBERNIA DR,A,510,62.9,nearest parcel 63m away (> 60m)
5081,CEDAR DR,L,,15.4,nearest non-residential ()
5811,MAPLE TREE LN,,454,157.6,nearest parcel 158m away (> 60m)
304,CHANTRY DR,,447,15.6,nearest non-residential (447)
4955,MYERS RD,,401,3.3,nearest non-residential (401)
6016,BATHEREST CIR,,400,37.4,nearest non-residential (400)
3413,SUFFIELD,,510,73.2,nearest parcel 73m away (> 60m)
2805,GROSSE POINT,,403,82.4,nearest parcel 82m away (> 60m)
2870,WOOLWICH CT,110,685,113.0,nearest parcel 113m away (> 60m)
5644,HIBERNIA DR,B,403,27.1,nearest non-residential (403)
4403,CROSSROADS CENTER,,420,35.0,nearest non-residential (420)
5675,BAIRSFORD CIR N,15,403,14.3,nearest non-residential (403)
2760,S HAMILTON RD,,426,50.1,nearest non-residential (426)
1846,COVENTRY LN,,403,51.0,nearest non-residential (403)
3724,KNIGHTSWAY LN,,402,61.9,nearest parcel 62m away (> 60m)
5900,CHATFORD DR,G,449,118.1,nearest parcel 118m away (> 60m)
2054,PINE GROVE LN,,510,63.0,nearest parcel 63m away (> 60m)
4205,DONLYN CT,,685,67.6,nearest parcel 68m away (> 60m)
2791,CITIZENS PL,A,403,114.0,nearest parcel 114m away (> 60m)
2535,SILVER OAK DR,,455,120.2,nearest parcel 120m away (> 60m)
2428,SHORE BLVD W,,403,74.3,nearest parcel 74m away (> 60m)
4544,LAKE SIDE S,G,403,137.6,nearest parcel 138m away (> 60m)
1754,LONSDALE PL E,UNIT C,403,74.1,nearest parcel 74m away (> 60m)
6729,MCNAUGHTEN CT,,425,46.0,nearest non-residential (425)
5480,CHATTERTON RD,,510,67.0,nearest parcel 67m away (> 60m)
2891,SHILLING DR,,403,46.0,nearest non-residential (403)
2256,MUIRWOOD DR,,403,40.1,nearest non-residential (403)
3168,WEBSTER DR,,685,35.4,nearest non-residential (685)
5625,HIBERNIA DR,,510,94.1,nearest parcel 94m away (> 60m)
2265,MUIRWOOD DR,,400,9.4,nearest non-residential (400)
2393,HUDSON BAY WAY,,403,37.1,nearest non-residential (403)
6008,LAKE CLUB SQ,,430,94.3,nearest parcel 94m away (> 60m)
4594,ISINGTON CT,204,403,99.2,nearest parcel 99m away (> 60m)
5664,SPRUCE TREE DR,,403,45.9,nearest non-residential (403)
6595,MCNAUGHTEN CT,,425,46.0,nearest non-residential (425)
6383,MCNAUGHTEN CT,,425,46.0,nearest non-residential (425)
1898,OLDE COVENTRY RD E,,403,54.3,nearest non-residential (403)
2225,COURTSIDE DR,E,400,31.5,nearest non-residential (400)
1933,BAIRSFORD DR,,403,11.3,nearest non-residential (403)
4612,CHANNING TER,D,403,126.3,nearest parcel 126m away (> 60m)
3301,WINTER LANE PARK,,510,85.5,nearest parcel 85m away (> 60m)
5954,ABERNATHY LN,,,17.1,nearest non-residential ()
4257,KIMBERLY PKWY,,425,29.8,nearest non-residential (425)
3750,KIMBERLY WEST DR,,403,93.8,nearest parcel 94m away (> 60m)
3724,WESTPOINT DR,UNIT 5,600,66.8,nearest parcel 67m away (> 60m)
5897,SHANA DR,,403,51.1,nearest non-residential (403)
5922,SHANA DR,,403,27.8,nearest non-residential (403)
3374,WINTER LANE PARK,,403,30.7,nearest non-residential (403)
4250,KIMBERLY PKWY,,400,42.4,nearest non-residential (400)
3713,FRANCINE CT,,403,47.5,nearest non-residential (403)
5577,CHANTRY DR,,447,60.0,nearest non-residential (447)
5740,OLD LIVINGSTON AVE,,400,10.1,nearest non-residential (400)
3316,JOSHSTOCK DR,,,20.8,nearest non-residential ()
2234,SEVILLE AVE,,403,68.8,nearest parcel 69m away (> 60m)
2865,THOREAU CT,B,403,80.0,nearest parcel 80m away (> 60m)
5119,CEDAR DR,D,,5.1,nearest non-residential ()
4111,JENERA PL,,403,77.3,nearest parcel 77m away (> 60m)
5165,CEDAR DR,M,,19.8,nearest non-residential ()
4598,MONMOUTH CT,,403,37.7,nearest non-residential (403)
2599,SUMMERWAY CT,,403,62.7,nearest parcel 63m away (> 60m)
3138,WEBSTER DR,,458,83.3,nearest parcel 83m away (> 60m)
2570,CHAPPEL CHASE,,403,71.7,nearest parcel 72m away (> 60m)
6453,MCNAUGHTEN CT,,425,46.0,nearest non-residential (425)
4117,ALVADA ST,,403,64.2,nearest parcel 64m away (> 60m)
4657,COLERIDGE CT,,403,78.5,nearest parcel 79m away (> 60m)
4560,LAKE SIDE N,B,351,176.5,nearest parcel 176m away (> 60m)
5685,BAIRSFORD CIR N,6,403,35.8,nearest non-residential (403)
2566,CHAPPEL CHASE,,403,66.3,nearest parcel 66m away (> 60m)
2705,EASTLAND MALL,,427,123.6,nearest parcel 124m away (> 60m)
6631,MCNAUGHTEN CT,,425,46.0,nearest non-residential (425)
3691,MENDON PL,,520,63.0,nearest parcel 63m away (> 60m)
38,CHANTRY DR,,447,15.6,nearest non-residential (447)
4499,LAKE SIDE S,C,400,120.3,nearest parcel 120m away (> 60m)
4544,LAKE SIDE S,A,403,138.4,nearest parcel 138m away (> 60m)
4276,GROVES RD,,351,131.2,nearest parcel 131m away (> 60m)
6707,MCNAUGHTEN CT,,425,46.0,nearest non-residential (425)
3635,RIVERDALE SQ,,625,19.0,nearest non-residential (625)
5123,CEDAR DR,B,,15.2,nearest non-residential ()
2237,GARNET PL,,403,18.9,nearest non-residential (403)
3670,SOFT WIND DR,,403,9.3,nearest non-residential (403)
458,CHANTRY DR,,447,15.6,nearest non-residential (447)
4228,EASTLAND SQUARE DR,,422,99.6,nearest parcel 100m away (> 60m)
404,CHANTRY DR,,447,15.6,nearest non-residential (447)
5692,GREENPINE ST,,400,63.3,nearest parcel 63m away (> 60m)
2881,TENNYSON BLVD,211,403,132.4,nearest parcel 132m away (> 60m)
5821,MAPLE TREE LN,,454,158.0,nearest parcel 158m away (> 60m)
2704,EASTLAND MALL,,427,105.5,nearest parcel 106m away (> 60m)
2870,WOOLWICH CT,103,685,91.8,nearest parcel 92m away (> 60m)
3816,SOFT WIND DR,,403,25.4,nearest non-residential (403)
2205,COURTSIDE DR,I,400,24.8,nearest non-residential (400)
2146,SUNSHINE PL,,400,127.1,nearest parcel 127m away (> 60m)
2374,MERCEDES LN,,403,51.2,nearest non-residential (403)
5878,CHATFORD DR,,403,19.6,nearest non-residential (403)
2770,GROSSE POINT,,403,94.7,nearest parcel 95m away (> 60m)
3744,RIVERCREEK BAY WAY,,403,78.5,nearest parcel 79m away (> 60m)
6157,MCNAUGHTEN CT,,425,46.0,nearest non-residential (425)
6179,MCNAUGHTEN CT,,425,46.0,nearest non-residential (425)
3738,NOAM CT,,403,59.6,nearest non-residential (403)
4550,LAKE SIDE N,J,350,148.8,nearest parcel 149m away (> 60m)
4579,HEMINGWAY CT,D,685,96.8,nearest parcel 97m away (> 60m)
2612,SUMMERWAY CT,,403,31.1,nearest non-residential (403)
3713,DAWN CT,,403,64.9,nearest parcel 65m away (> 60m)
3780,SOFT WIND DR,,403,70.9,nearest parcel 71m away (> 60m)
5476,CHATFORD SQ,,403,45.0,nearest non-residential (403)
4571,HEMINGWAY CT,D,685,83.6,nearest parcel 84m away (> 60m)
3253,WINTER LANE PARK,,510,78.0,nearest parcel 78m away (> 60m)
386,CHANTRY DR,,447,15.6,nearest non-residential (447)
2159,RIVERDALE SQ E,,403,30.0,nearest non-residential (403)
5530,LIVINGSTON AVE,,,59.2,nearest non-residential ()
2810,NEWCASTLE CT,200,403,42.9,nearest non-residential (403)
3586,ARIEL DR,,403,24.3,nearest non-residential (403)
574,CHANTRY DR,,447,15.6,nearest non-residential (447)
4652,CHANNING TER,B,403,110.7,nearest parcel 111m away (> 60m)
2401,KIMBERLY WOODS DR,,520,74.9,nearest parcel 75m away (> 60m)
4671,REFUGEE RD,3D,403,20.0,nearest non-residential (403)
3330,WINTER LANE PARK,,403,76.1,nearest parcel 76m away (> 60m)
6665,MCNAUGHTEN CT,,425,46.0,nearest non-residential (425)
3418,WINTER LANE PARK,,403,53.9,nearest non-residential (403)
1901,FOUNTAINVIEW CT,,403,57.4,nearest non-residential (403)
3738,SOFT WIND DR,,403,117.6,nearest parcel 118m away (> 60m)
3747,KIMBERLY WEST DR,UNIT 4,403,63.9,nearest parcel 64m away (> 60m)
3702,KIMBERLY PKWY N,,403,60.7,nearest parcel 61m away (> 60m)
5697,MAPLE TREE LN,,403,79.6,nearest parcel 80m away (> 60m)
2827,WYMAN CT,C,403,80.7,nearest parcel 81m away (> 60m)
3715,CHARBERT CT,,403,58.6,nearest non-residential (403)
1881,FOUNTAINVIEW CT,A,403,90.0,nearest parcel 90m away (> 60m)
6042,CHANNINGWAY BLVD,,449,62.0,nearest parcel 62m away (> 60m)
3146,WEBSTER DR,,467,77.8,nearest parcel 78m away (> 60m)
1927,OLDE COVENTRY RD,,403,91.9,nearest parcel 92m away (> 60m)
1811,BAIRSFORD DR,1G,403,14.2,nearest non-residential (403)
4741,REFUGEE RD,,660,121.0,nearest parcel 121m away (> 60m)
3336,TRADAN DR,,403,69.0,nearest parcel 69m away (> 60m)
5119,CEDAR DR,J,,13.8,nearest non-residential ()
3795,SOFT WIND DR,,520,60.8,nearest parcel 61m away (> 60m)
5675,BAIRSFORD CIR N,1,403,10.8,nearest non-residential (403)
2608,BIRCHTREE WAY,,403,97.9,nearest parcel 98m away (> 60m)
1611,LONSDALE RD,,403,55.6,nearest non-residential (403)
2094,PINE GROVE LN,,403,22.6,nearest non-residential (403)
3725,KIMBERLY WEST DR,UNIT 4,600,74.7,nearest parcel 75m away (> 60m)
2156,RIVERDALE SQ E,,403,29.9,nearest non-residential (403)
2927,TENNYSON BLVD,A,685,126.8,nearest parcel 127m away (> 60m)
4552,MANDEVILLE CT,B,685,80.1,nearest parcel 80m away (> 60m)
2819,WYMAN CT,,403,60.0,nearest parcel 60m away (> 60m)
6479,MCNAUGHTEN CT,,425,46.0,nearest non-residential (425)
4619,REFUGEE RD,2D,403,82.7,nearest parcel 83m away (> 60m)
5708,HIBERNIA DR,,690,77.3,nearest parcel 77m away (> 60m)
5518,DUNFIELD LN,6,403,24.9,nearest non-residential (403)
5123,CEDAR DR,A,,17.4,nearest non-residential ()
1813,BAIRSFORD DR,1G,403,20.3,nearest non-residential (403)
4650,HILTON CORPORATE DR,113,484,88.0,nearest parcel 88m away (> 60m)
2826,CITIZENS PL,G,403,35.0,nearest non-residential (403)
2260,MUIRWOOD DR,,403,46.6,nearest non-residential (403)
2297,COURTRIGHT RD,,403,32.6,nearest non-residential (403)
5145,CEDAR DR,H,,25.1,nearest non-residential ()
5200,CEDAR DR,C,,23.3,nearest non-residential ()
3136,WEBSTER DR,,458,81.2,nearest parcel 81m away (> 60m)
5692,SARANAC DR,,520,69.5,nearest parcel 69m away (> 60m)
5835,MAPLE TREE LN,,454,171.8,nearest parcel 172m away (> 60m)
2047,LAKE CLUB TER,,403,36.9,nearest non-residential (403)
5460,LONSDALE PL S,UNIT A,403,16.6,nearest non-residential (403)
3719,CHARBERT CT,,403,66.5,nearest parcel 67m away (> 60m)
5484,DUNFIELD LN,5,403,54.4,nearest non-residential (403)
2500,SCARBOROUGH SQ,4,425,46.3,nearest non-residential (425)
1468,ABRAHAM WOODS,,,14.5,nearest non-residential ()
86,CHANTRY DR,,447,15.6,nearest non-residential (447)
2875,WINCHESTER CT,B,499,28.3,nearest non-residential (499)
5141,CEDAR DR,B,,25.5,nearest non-residential ()
360,CHANTRY DR,,447,15.6,nearest non-residential (447)
2590,S HAMILTON RD,,425,57.0,nearest non-residential (425)
4661,REFUGEE RD,3E,403,64.5,nearest parcel 64m away (> 60m)
5200,CEDAR DR,F,,23.5,nearest non-residential ()
5764,SPRUCE TREE DR,,403,147.5,nearest parcel 148m away (> 60m)
5946,SHANA DR,,499,45.1,nearest non-residential (499)
2784,CITIZENS PL,A,403,73.6,nearest parcel 74m away (> 60m)
1297,YORKLAND RD,UNIT,,48.6,nearest non-residential ()
2669,SILVER OAK DR,,403,113.7,nearest parcel 114m away (> 60m)
1811,CHANNINGWAY CT W,,510,79.8,nearest parcel 80m away (> 60m)
2855,CITIZENS PL,E,403,95.6,nearest parcel 96m away (> 60m)
2347,HAMILTON RD,,425,14.2,nearest non-residential (425)
4655,REFUGEE RD,1B,403,62.2,nearest parcel 62m away (> 60m)
6561,MCNAUGHTEN CT,,425,46.0,nearest non-residential (425)
3408,WINTER LANE PARK,,403,37.2,nearest non-residential (403)
2166,SUNSHINE PL,,403,88.7,nearest parcel 89m away (> 60m)
2160,RIVERDALE SQ E,,403,22.7,nearest non-residential (403)
2720,EASTLAND MALL,,427,22.3,nearest non-residential (427)
3876,MAUMEE BAY WAY,,403,74.6,nearest parcel 75m away (> 60m)
1711,LONSDALE RD,,401,6.7,nearest non-residential (401)
5629,HIBERNIA DR,A,403,95.3,nearest parcel 95m away (> 60m)
3960,LAUREL LN,,403,14.8,nearest non-residential (403)
3721,DAWN CT,,403,75.5,nearest parcel 76m away (> 60m)
2268,MUIRWOOD DR,,403,65.2,nearest parcel 65m away (> 60m)
4199,WINCHESTER PIKE,,101,14.0,nearest non-residential (101)
3743,KIMBERLY PKWY N,,550,66.9,nearest parcel 67m away (> 60m)
4525,LAKE SIDE S,C,122,132.0,nearest parcel 132m away (> 60m)
2855,CITIZENS PL,H,403,92.5,nearest parcel 93m away (> 60m)
2205,ROTUNDA DR,,403,27.4,nearest non-residential (403)
2152,RIVERDALE SQ E,,403,40.0,nearest non-residential (403)
5751,HIBERNIA DR,C,403,39.3,nearest non-residential (403)
2768,BERWICK SQ,,403,12.9,nearest non-residential (403)
2825,CITIZENS PL,E,403,73.5,nearest parcel 73m away (> 60m)
5685,BAIRSFORD CIR N,4,403,33.4,nearest non-residential (403)
2323,HAMILTON RD,,425,14.2,nearest non-residential (425)
2005,FOUNTAINVIEW CT,,403,85.6,nearest parcel 86m away (> 60m)
5476,LONSDALE PL N,,403,59.2,nearest non-residential (403)
6032,LAKE CLUB CT,,449,105.9,nearest parcel 106m away (> 60m)
1293,YORKLAND RD,UNIT,,53.7,nearest non-residential ()
5878,YORKLAND CT,UNIT B,,47.6,nearest non-residential ()
1919 1/2,BAIRSFORD DR,CATV,403,57.4,nearest non-residential (403)
5657,HIBERNIA DR,,510,78.6,nearest parcel 79m away (> 60m)
4275,KIMBERLY PKWY,,425,20.3,nearest non-residential (425)
3734,KNIGHTSWAY LN,,402,57.3,nearest non-residential (402)
3406,WINTER LANE PARK,,403,31.6,nearest non-residential (403)
6231,MCNAUGHTEN CT,,425,46.0,nearest non-residential (425)
2823,WYMAN CT,,403,67.0,nearest parcel 67m away (> 60m)
2605,SILVER OAK DR,,403,124.4,nearest parcel 124m away (> 60m)
5887,SHANA DR,,400,54.6,nearest non-residential (400)
6000,LAKE CLUB CT,H,403,148.3,nearest parcel 148m away (> 60m)
2845,CITIZENS PL,B,499,72.5,nearest parcel 73m away (> 60m)
2870,MERRYMOUNT CT,B,403,159.3,nearest parcel 159m away (> 60m)
6739,MCNAUGHTEN CT,,425,46.0,nearest non-residential (425)
5568,AUTUMN CHASE DR,B,411,57.4,nearest non-residential (411)
2734,OLD COURTRIGHT RD,,400,62.2,nearest parcel 62m away (> 60m)
3180,ELIM MANOR CT,109,591,11.1,nearest non-residential (591)
2608,NOE-BIXBY RD,D,510,62.6,nearest parcel 63m away (> 60m)
1946,FOUNTAINVIEW CT,I,403,114.9,nearest parcel 115m away (> 60m)
2733,TENNYSON BLVD,D,403,166.7,nearest parcel 167m away (> 60m)
5648,HIBERNIA DR,B,403,33.3,nearest non-residential (403)
3217,WABASH CT N,,400,21.2,nearest non-residential (400)
6010,BATHEREST CIR,,400,33.2,nearest non-residential (400)
1909,BAIRSFORD DR,,403,33.4,nearest non-residential (403)
3648,RIVERDALE SQ,,403,66.0,nearest parcel 66m away (> 60m)
5447,CHATFORD SQ,,403,39.0,nearest non-residential (403)
2644,BIRCHTREE WAY,,403,80.0,nearest parcel 80m away (> 60m)
5617,CHANTRY DR,,447,31.0,nearest non-residential (447)
2744,CITIZENS PL,G,403,161.9,nearest parcel 162m away (> 60m)
3698,NOAM CT,,520,60.6,nearest parcel 61m away (> 60m)
5981,LAKE CLUB SQ,I,403,37.6,nearest non-residential (403)
1754,LONSDALE PL E,,403,72.4,nearest parcel 72m away (> 60m)
5424,LONSDALE PL N,UNIT D,439,21.9,nearest non-residential (439)
5671,E LIVINGSTON AVE,,403,52.8,nearest non-residential (403)
2566,SILVER OAK DR,,403,64.8,nearest parcel 65m away (> 60m)
1754,MCNAUGHTEN RD,,401,10.3,nearest non-residential (401)
5556,AUTUMN CHASE DR,,411,55.5,nearest non-residential (411)
338,CHANTRY DR,,447,15.6,nearest non-residential (447)
3860,KIMBERLY PKWY N,,680,36.8,nearest non-residential (680)
330,CHANTRY DR,,447,15.6,nearest non-residential (447)
2809,CITIZENS PL,G,403,101.2,nearest parcel 101m away (> 60m)
4613,REFUGEE RD,1D,403,67.5,nearest parcel 68m away (> 60m)
5611,E MAIN ST,,403,97.0,nearest parcel 97m away (> 60m)
4515,LAKE SIDE S,L,400,104.9,nearest parcel 105m away (> 60m)
5525,CANTARA PL,1,403,17.6,nearest non-residential (403)
3180,ELIM MANOR CT,222,591,14.6,nearest non-residential (591)
2747,TENNYSON BLVD,A,403,106.0,nearest parcel 106m away (> 60m)
3978,SOLDIER ST,,500,26.7,nearest=vacant land
5656,HIBERNIA DR,A,403,45.5,nearest non-residential (403)
6005,LAKE CLUB SQ,,403,61.4,nearest parcel 61m away (> 60m)
2667,SILVER OAK DR,,403,119.8,nearest parcel 120m away (> 60m)
5579,HIBERNIA DR,B,510,69.4,nearest parcel 69m away (> 60m)
5846,CHATFORD DR,D,403,64.3,nearest parcel 64m away (> 60m)
2091,LAKE CLUB TER,A,400,64.9,nearest parcel 65m away (> 60m)
3683,MENDON PL,,403,73.7,nearest parcel 74m away (> 60m)
78,CHANTRY DR,,447,15.6,nearest non-residential (447)
3354,TRADAN DR,,400,60.7,nearest parcel 61m away (> 60m)
2027,LAKE CLUB TER,,400,46.4,nearest non-residential (400)
2060,PINE GROVE LN,,510,79.2,nearest parcel 79m away (> 60m)
5900,CHATFORD DR,H,449,109.5,nearest parcel 110m away (> 60m)
6685,MCNAUGHTEN CT,,425,46.0,nearest non-residential (425)
4619,REFUGEE RD,3F,403,82.0,nearest parcel 82m away (> 60m)
3702,SOFT WIND DR,,403,41.0,nearest non-residential (403)
2532,BENIE CT,,403,35.6,nearest non-residential (403)
4593,REFUGEE RD,1H,403,80.8,nearest parcel 81m away (> 60m)
4619,REFUGEE RD,3G,403,76.8,nearest parcel 77m away (> 60m)
1877,FOUNTAINVIEW CT,C,899,53.9,nearest non-residential (899)
2432,CORVETTE CT,,403,86.6,nearest parcel 87m away (> 60m)
3783,BUCKMAN ST,,500,14.2,nearest=vacant land
5992,LAKE CLUB SQ,,403,99.8,nearest parcel 100m away (> 60m)
2785,CITIZENS PL,B,403,110.6,nearest parcel 111m away (> 60m)
3152,WEBSTER DR,,467,49.8,nearest non-residential (467)
3592,ARIEL DR,,403,18.1,nearest non-residential (403)
2474,FOREST GREEN CT,,640,85.2,nearest parcel 85m away (> 60m)
2039,PINE NEEDLE CT,,401,21.5,nearest non-residential (401)
2508,SCARBOROUGH SQ,6,425,41.0,nearest non-residential (425)
3974,LAUREL LN,,403,31.3,nearest non-residential (403)
3684,FARTHING LN,,403,8.3,nearest non-residential (403)
5912,CHATFORD DR,A,449,117.8,nearest parcel 118m away (> 60m)
4966,COVENTRY CT S,,660,103.1,nearest parcel 103m away (> 60m)
3731,KIMBERLY PKWY N,,550,89.0,nearest parcel 89m away (> 60m)
2785,CITIZENS PL,E,403,107.0,nearest parcel 107m away (> 60m)
2283,SEVILLE AVE,,403,61.9,nearest parcel 62m away (> 60m)
2066,SUNSHINE PL,,403,48.1,nearest non-residential (403)
3326,WINTER LANE PARK,,403,88.3,nearest parcel 88m away (> 60m)
3414,WINTER LANE PARK,,403,49.0,nearest non-residential (403)
2740,EASTLAND MALL,UNIT B,427,73.0,nearest parcel 73m away (> 60m)
4099,ROLLS ROYCE CT,,403,126.0,nearest parcel 126m away (> 60m)
3843,BUCKMAN ST,,500,13.9,nearest=vacant land
2213,COURTSIDE DR,F,400,3.9,nearest non-residential (400)
5445,LONSDALE PL N,UNIT B,403,33.7,nearest non-residential (403)
2093,LAKE CLUB TER,A,400,68.6,nearest parcel 69m away (> 60m)
1811,BAIRSFORD DR,2J,403,29.9,nearest non-residential (403)
2180,MUIRWOOD DR,,403,90.9,nearest parcel 91m away (> 60m)
2093,PINE GROVE LN,,403,28.9,nearest non-residential (403)
2430,CHELSEA CT,,403,46.5,nearest non-residential (403)
5625,HIBERNIA DR,B,510,91.0,nearest parcel 91m away (> 60m)
4644,HEBRIDES DR,A,403,120.3,nearest parcel 120m away (> 60m)
2300,MUIRWOOD DR,,400,86.3,nearest parcel 86m away (> 60m)
1744,LONSDALE RD,UNIT A,401,33.1,nearest non-residential (401)
6110,MCNAUGHTEN CENTER,,458,26.9,nearest non-residential (458)
3597,ARIEL DR,,403,25.4,nearest non-residential (403)
1975,FOUNTAINVIEW CT,,403,46.0,nearest non-residential (403)
5667,MAPLE TREE LN,,403,67.1,nearest parcel 67m away (> 60m)
4570,MANDEVILLE CT,C,685,70.8,nearest parcel 71m away (> 60m)
5669,E LIVINGSTON AVE,,403,49.8,nearest non-residential (403)
1814,NOE-BIXBY RD,UNIT A,510,67.9,nearest parcel 68m away (> 60m)
4642,HEBRIDES DR,A,403,124.6,nearest parcel 125m away (> 60m)
6012,LAKE CLUB SQ,,430,93.9,nearest parcel 94m away (> 60m)
6579,MCNAUGHTEN CT,,425,46.0,nearest non-residential (425)
6053,LAKE CLUB PL,,441,128.3,nearest parcel 128m away (> 60m)
6023,LAKE CLUB CT,,430,108.6,nearest parcel 109m away (> 60m)
4643,HILTON CORPORATE DR,,670,36.4,nearest non-residential (670)
2009,BAIRSFORD DR,,520,76.6,nearest parcel 77m away (> 60m)
4965,COVENTRY CT S,,403,103.3,nearest parcel 103m away (> 60m)
3774,WESTPOINT DR,UNIT 5,403,45.1,nearest non-residential (403)
4649,COLERIDGE CT,A,403,47.0,nearest non-residential (403)
508,CHANTRY DR,,447,15.6,nearest non-residential (447)
142,CHANTRY DR,,447,15.6,nearest non-residential (447)
2233,COURTSIDE DR,D,400,45.2,nearest non-residential (400)
1809,CHANNINGWAY CT W,,510,79.6,nearest parcel 80m away (> 60m)
5533,CANTARA PL,2,403,13.7,nearest non-residential (403)
4520,LAKE SIDE N,D,400,131.0,nearest parcel 131m away (> 60m)
1802,CHANNINGWAY CT W,,403,34.6,nearest non-residential (403)
5119,CEDAR DR,K,,16.5,nearest non-residential ()
2785,MARWOOD CT,C,403,78.5,nearest parcel 78m away (> 60m)
1953,FOUNTAINVIEW CT,,403,21.6,nearest non-residential (403)
4599,MONMOUTH CT,211,403,63.6,nearest parcel 64m away (> 60m)
2184,SUNSHINE PL,,403,59.1,nearest non-residential (403)
4665,REFUGEE RD,2I,403,53.9,nearest non-residential (403)
5664,HIBERNIA DR,C,403,62.6,nearest parcel 63m away (> 60m)
3411,SUFFIELD,,510,76.5,nearest parcel 77m away (> 60m)
3194,WINTER LANE PARK,,510,69.8,nearest parcel 70m away (> 60m)
3739,KIMBERLY WEST DR,UNIT 1,403,69.5,nearest parcel 69m away (> 60m)
5892,CHATFORD DR,D,403,91.4,nearest parcel 91m away (> 60m)
2074,SUNSHINE PL,,403,65.0,nearest parcel 65m away (> 60m)
5333,YORKSHIRE TERRACE DR,D,403,29.8,nearest non-residential (403)
1797,BAIRSFORD DR,,680,52.2,nearest non-residential (680)
5512,E LIVINGSTON AVE,,,15.7,nearest non-residential ()
2349,RANDY CT,,403,60.0,nearest non-residential (403)
2088,LAKE CLUB TER,,447,42.4,nearest non-residential (447)
6127,ASTOR AVE,,500,20.1,nearest=vacant land
2776,GROSSE POINT,,403,105.1,nearest parcel 105m away (> 60m)
6017,LAKE CLUB CT,,430,120.0,nearest parcel 120m away (> 60m)
5467,LONSDALE PL N,UNIT C,439,78.0,nearest parcel 78m away (> 60m)
2646,BIRCHTREE WAY,,403,72.8,nearest parcel 73m away (> 60m)
2870,WOOLWICH CT,207,685,105.9,nearest parcel 106m away (> 60m)
230,CHANTRY DR,,447,15.6,nearest non-residential (447)
2188,SOFT WIND CT,,403,115.1,nearest parcel 115m away (> 60m)
1281,MCNAUGHTEN RD,,403,71.3,nearest parcel 71m away (> 60m)
6647,MCNAUGHTEN CT,,425,46.0,nearest non-residential (425)
1943,FOUNTAINVIEW CT,,403,36.7,nearest non-residential (403)
2596,SILVER OAK DR,,403,77.8,nearest parcel 78m away (> 60m)
5884,CHATFORD DR,C,403,59.5,nearest non-residential (403)
1565,CABORA LN,,403,36.2,nearest non-residential (403)
5464,CHATFORD SQ,,403,82.8,nearest parcel 83m away (> 60m)
2883,MERRYMOUNT CT,,403,106.9,nearest parcel 107m away (> 60m)
5475,LONSDALE PL S,UNIT D,680,44.4,nearest non-residential (680)
4570,ISINGTON CT,207,403,89.8,nearest parcel 90m away (> 60m)
2421,HUDSON BAY WAY,,550,71.7,nearest parcel 72m away (> 60m)
1894,COVENTRY CT,B,403,60.5,nearest parcel 60m away (> 60m)
2351,RANDY CT,,403,56.5,nearest non-residential (403)
4277,DONLYN CT,,447,35.0,nearest non-residential (447)
5496,DUNFIELD LN,,403,55.5,nearest non-residential (403)
5656,HIBERNIA DR,B,403,46.0,nearest non-residential (403)
6002,ABERNATHY LN,,,24.1,nearest non-residential ()
2492,FOREST GREEN CT,,401,50.4,nearest non-residential (401)
2798,MARWOOD CT,D,403,46.7,nearest non-residential (403)
5953,MORRISSEY ST,,,54.7,nearest non-residential ()
116,CHANTRY DR,,447,15.6,nearest non-residential (447)
5585,AUTUMN CHASE DR,,411,29.5,nearest non-residential (411)
4737,HILTON CORPORATE DR,,447,55.4,nearest non-residential (447)
456,CHANTRY DR,,447,15.6,nearest non-residential (447)
3302,WINTER LANE PARK,,403,123.1,nearest parcel 123m away (> 60m)
3867,MAUMEE BAY WAY,,680,71.7,nearest parcel 72m away (> 60m)
2525,SILVER OAK DR,,403,118.8,nearest parcel 119m away (> 60m)
2744,BRANDY DR,202,403,25.2,nearest non-residential (403)
6757,MCNAUGHTEN CT,,425,46.0,nearest non-residential (425)
2088,S HAMILTON RD,,411,67.5,nearest parcel 68m away (> 60m)
2740,CITIZENS PL,H,403,162.9,nearest parcel 163m away (> 60m)
2280,MUIRWOOD DR,,403,90.8,nearest parcel 91m away (> 60m)
1498,ABRAHAM WOODS,,,2.1,nearest non-residential ()
5123,CEDAR DR,H,,10.9,nearest non-residential ()
3278,TRADAN DR,,403,88.3,nearest parcel 88m away (> 60m)
5629,HIBERNIA DR,B,510,91.0,nearest parcel 91m away (> 60m)
5145,CEDAR DR,,,25.1,nearest non-residential ()
3690,KIDRON CT,,350,102.7,nearest parcel 103m away (> 60m)
4798,LARAINE CT,102,403,37.3,nearest non-residential (403)
5547,HIBERNIA DR,A,640,73.7,nearest parcel 74m away (> 60m)
3791,SOFT WIND DR,,520,68.1,nearest parcel 68m away (> 60m)
2596,SUMMERWAY CT,,403,22.1,nearest non-residential (403)
2191,SUNSHINE PL,,403,24.7,nearest non-residential (403)
4630,HILTON CORPORATE DR,202,411,122.2,nearest parcel 122m away (> 60m)
2741,EASTLAND MALL,,427,52.9,nearest non-residential (427)
2294,GARNET PL,,403,11.2,nearest non-residential (403)
2736,TENNYSON BLVD,,403,172.8,nearest parcel 173m away (> 60m)
2869,THOREAU CT,,403,72.7,nearest parcel 73m away (> 60m)
2663,SILVER OAK DR,,403,117.8,nearest parcel 118m away (> 60m)
4789,ROLLINGBROOK LN,C,403,15.2,nearest non-residential (403)
6213,MCNAUGHTEN CT,,425,46.0,nearest non-residential (425)
2508,EASTERN PINE RD,,403,123.3,nearest parcel 123m away (> 60m)
6471,MCNAUGHTEN CT,,425,46.0,nearest non-residential (425)
1285,YORKLAND RD,UNIT L,403,31.7,nearest non-residential (403)
3383,SUFFIELD,,510,91.8,nearest parcel 92m away (> 60m)
3956,LAUREL LN,,403,26.1,nearest non-residential (403)
5459,E LIVINGSTON AVE,UNIT B,439,43.3,nearest non-residential (439)
2204,SUNSHINE PL,,520,98.3,nearest parcel 98m away (> 60m)
2401,SHORE BLVD E,C,403,74.6,nearest parcel 75m away (> 60m)
4597,REFUGEE RD,3H,403,33.5,nearest non-residential (403)
6393,MCNAUGHTEN CT,,425,46.0,nearest non-residential (425)
4345,DONLYN CT,,447,10.8,nearest non-residential (447)
5722,GREENPINE ST,,400,95.5,nearest parcel 95m away (> 60m)
26,CHANTRY DR,,447,15.6,nearest non-residential (447)
5702,SARANAC DR,,520,60.9,nearest parcel 61m away (> 60m)
2212,MUIRWOOD DR,,403,34.2,nearest non-residential (403)
5589,AUTUMN CHASE DR,A,411,33.6,nearest non-residential (411)
1771,CHANNINGWAY CT W,,403,74.0,nearest parcel 74m away (> 60m)
4505,LAKE SIDE N,D,400,117.4,nearest parcel 117m away (> 60m)
2642,BIRCHTREE WAY,,403,86.8,nearest parcel 87m away (> 60m)
2725,S HAMILTON RD,,424,134.7,nearest parcel 135m away (> 60m)
5607,HIBERNIA DR,A,510,80.7,nearest parcel 81m away (> 60m)
5633,HIBERNIA DR,B,510,90.6,nearest parcel 91m away (> 60m)
4663,REFUGEE RD,1D,403,81.0,nearest parcel 81m away (> 60m)
2800,MARWOOD CT,C,403,35.1,nearest non-residential (403)
2810,CITIZENS PL,G,403,22.9,nearest non-residential (403)
596,CHANTRY DR,,447,15.6,nearest non-residential (447)
2703,EASTLAND MALL,,424,117.3,nearest parcel 117m away (> 60m)
2875,WINCHESTER PIKE,,499,4.9,nearest non-residential (499)
1813,BAIRSFORD DR,,403,30.5,nearest non-residential (403)
3750,NOAM CT,,550,64.6,nearest parcel 65m away (> 60m)
4573,MONMOUTH CT,214,403,55.1,nearest non-residential (403)
5685,BAIRSFORD CIR N,2,403,31.2,nearest non-residential (403)
3378,WINTER LANE PARK,,403,22.1,nearest non-residential (403)
3730,KIMBERLY WEST DR,,403,89.8,nearest parcel 90m away (> 60m)
2488,BENIE CT,,403,53.9,nearest non-residential (403)
2810,HAMPTON RD S,,680,31.6,nearest non-residential (680)
5603,HIBERNIA DR,C,510,64.5,nearest parcel 64m away (> 60m)
2231,COURTSIDE DR,F,400,39.6,nearest non-residential (400)
3333,SUFFIELD,,510,96.5,nearest parcel 97m away (> 60m)
3713,CHARBERT CT,,403,54.0,nearest non-residential (403)
2724,TENNYSON BLVD,D,481,146.9,nearest parcel 147m away (> 60m)
2484,NOE-BIXBY RD,,500,23.9,nearest=vacant land
2421,SHORE BLVD E,D,403,57.7,nearest non-residential (403)
2781,GROSSE POINT,,403,82.8,nearest parcel 83m away (> 60m)
5675,BAIRSFORD CIR N,8,403,25.3,nearest non-residential (403)
328,CHANTRY DR,,447,15.6,nearest non-residential (447)
370,CHANTRY DR,,447,15.6,nearest non-residential (447)
5917,SHANA DR,,403,10.7,nearest non-residential (403)
2509,SHORE BLVD E,,122,138.6,nearest parcel 139m away (> 60m)
5475,CHATFORD SQ,,403,91.8,nearest parcel 92m away (> 60m)
3237,WEBSTER DR,,403,49.8,nearest non-residential (403)
4557,LAKE SIDE S,A,122,68.3,nearest parcel 68m away (> 60m)
4200,S HAMILTON RD,,400,57.8,nearest non-residential (400)
3328,WINTER LANE PARK,,403,81.5,nearest parcel 82m away (> 60m)
5415,YORKSHIRE TERRACE DR,8C,403,36.1,nearest non-residential (403)
1780,CHANNINGWAY CT W,,403,39.1,nearest non-residential (403)
2618,COURTRIGHT RD,,403,65.7,nearest parcel 66m away (> 60m)
2288,MUIRWOOD DR,,400,67.9,nearest parcel 68m away (> 60m)
5522,DUNFIELD LN,1,403,22.9,nearest non-residential (403)
5473,CHATFORD SQ,,403,88.6,nearest parcel 89m away (> 60m)
336,CHANTRY DR,,447,15.6,nearest non-residential (447)
3720,KIMBERLY WEST DR,,403,68.0,nearest parcel 68m away (> 60m)
2370,CANAL BAY WAY,,403,28.0,nearest non-residential (403)
2472,HUDSON BAY WAY,,403,74.1,nearest parcel 74m away (> 60m)
2025,LAKE CLUB TER,,400,43.8,nearest non-residential (400)
2178,RIVERDALE SQ E,,403,30.0,nearest non-residential (403)
2231,COURTSIDE DR,I,400,41.4,nearest non-residential (400)
6058,CHANNINGWAY BLVD,,449,31.7,nearest non-residential (449)
5415,YORKSHIRE TERRACE DR,7C,403,32.9,nearest non-residential (403)
2626,BIRCHTREE CT,,403,43.6,nearest non-residential (403)
1136,IDLEWILD DR,,447,42.0,nearest non-residential (447)
4505,LAKE SIDE S,D,400,137.4,nearest parcel 137m away (> 60m)
1938,OLDE COVENTRY RD E,,510,60.2,nearest parcel 60m away (> 60m)
5445,CHATFORD SQ,,403,46.5,nearest non-residential (403)
5609,CHANTRY DR,,447,56.7,nearest non-residential (447)
1781,BAIRSFORD CIR W,,403,52.3,nearest non-residential (403)
1990,FOUNTAINVIEW CT,E,403,83.2,nearest parcel 83m away (> 60m)
5617,HIBERNIA DR,A,403,88.4,nearest parcel 88m away (> 60m)
4640,CHANNING TER,,403,111.3,nearest parcel 111m away (> 60m)
2912,MERRYMOUNT CT,B,403,77.2,nearest parcel 77m away (> 60m)
5834,CHATFORD DR,F,899,80.3,nearest parcel 80m away (> 60m)
2454,SHORE BLVD W,,480,91.8,nearest parcel 92m away (> 60m)
2050,PINE NEEDLE CT,,401,46.2,nearest non-residential (401)
2137,COURTRIGHT RD,,403,22.9,nearest non-residential (403)
3730,WESTPOINT DR,UNIT 3,600,82.2,nearest parcel 82m away (> 60m)
292,CHANTRY DR,,447,15.6,nearest non-residential (447)
4800,LARAINE CT,101,403,43.7,nearest non-residential (403)
5393,YORKSHIRE TERRACE DR,4C,403,49.1,nearest non-residential (403)
2574,S HAMILTON RD,,425,57.0,nearest non-residential (425)
2604,SILVER OAK DR,,403,69.6,nearest parcel 70m away (> 60m)
5553,CHATFORD DR,C,403,27.9,nearest non-residential (403)
2881,SHILLING DR,,403,60.2,nearest parcel 60m away (> 60m)
2500,PARK CRESCENT,,640,13.2,nearest non-residential (640)
5894,CHATFORD DR,,403,19.6,nearest non-residential (403)
4657,REFUGEE RD,3F,403,83.2,nearest parcel 83m away (> 60m)
5711,HIBERNIA DR,C,690,54.8,nearest non-residential (690)
2776,CITIZENS PL,F,403,107.0,nearest parcel 107m away (> 60m)
5097,CEDAR DR,C,,17.5,nearest non-residential ()
2290,PETZINGER CT,,403,47.2,nearest non-residential (403)
5910,CHATFORD DR,,403,19.6,nearest non-residential (403)
4575,LAKE SIDE S,B,122,103.2,nearest parcel 103m away (> 60m)
4524,LAKE SIDE N,,400,129.4,nearest parcel 129m away (> 60m)
2830,WYMAN CT,B,403,65.2,nearest parcel 65m away (> 60m)
5912,CHATFORD DR,H,449,115.8,nearest parcel 116m away (> 60m)
2410,PARK CRESCENT,,417,23.2,nearest non-residential (417)
1813,BAIRSFORD DR,2I,403,7.4,nearest non-residential (403)
2163,RIVERDALE SQ E,,403,27.2,nearest non-residential (403)
5547,CHANTRY DR,,495,29.3,nearest non-residential (495)
2523,COURTRIGHT RD,,401,69.0,nearest parcel 69m away (> 60m)
4622,HEBRIDES DR,D,403,119.0,nearest parcel 119m away (> 60m)
1476,ABRAHAM WOODS,,,4.3,nearest non-residential ()
3726,KNIGHTSWAY LN,,402,63.4,nearest parcel 63m away (> 60m)
4985,OLDE COVENTRY RD W,,403,38.7,nearest non-residential (403)
1931,OLDE COVENTRY RD,,401,86.9,nearest parcel 87m away (> 60m)
2870,MERRYMOUNT CT,A,403,155.7,nearest parcel 156m away (> 60m)
4621,REFUGEE RD,3A,403,66.7,nearest parcel 67m away (> 60m)
4096,PORSCHE CT,,680,93.4,nearest parcel 93m away (> 60m)
3361,SUFFIELD,,510,101.0,nearest parcel 101m away (> 60m)
3714,SOFT WIND DR,,403,85.3,nearest parcel 85m away (> 60m)
5739,HIBERNIA DR,,403,59.4,nearest non-residential (403)
2599,KIMBERLY PKWY W,,403,32.2,nearest non-residential (403)
1812,CHANNINGWAY CT W,,403,23.8,nearest non-residential (403)
6064,CHANNINGWAY BLVD,,449,13.2,nearest non-residential (449)
2782,BERWICK SQ,,403,30.7,nearest non-residential (403)
3907,RIVERCREEK BAY WAY,,403,64.3,nearest parcel 64m away (> 60m)
3312,TRADAN DR,,403,10.2,nearest non-residential (403)
3758,SOFT WIND DR,,340,133.6,nearest parcel 134m away (> 60m)
2870,WOOLWICH CT,108,685,107.0,nearest parcel 107m away (> 60m)
4669,REFUGEE RD,3G,403,10.7,nearest non-residential (403)
4657,REFUGEE RD,1F,403,88.9,nearest parcel 89m away (> 60m)
6347,MCNAUGHTEN CT,,425,46.0,nearest non-residential (425)
4595,REFUGEE RD,1C,403,61.5,nearest parcel 62m away (> 60m)
4630,HILTON CORPORATE DR,201,411,115.6,nearest parcel 116m away (> 60m)
3745,BIRCHTREE LN,,403,50.3,nearest non-residential (403)
5975,E LIVINGSTON AVE,,447,42.8,nearest non-residential (447)
2886,TENNYSON BLVD,C,403,81.7,nearest parcel 82m away (> 60m)
2828,CITIZENS PL,F,403,48.7,nearest non-residential (403)
84,CHANTRY DR,,447,15.6,nearest non-residential (447)
4615,REFUGEE RD,1B,403,40.8,nearest non-residential (403)
3732,BONNETT CT,,550,88.3,nearest parcel 88m away (> 60m)
2286,SEVILLE AVE,,403,23.6,nearest non-residential (403)
5678,SARANAC DR,,403,53.8,nearest non-residential (403)
5504,CHATFORD SQ,,403,51.3,nearest non-residential (403)
2731,EASTLAND MALL,,427,27.0,nearest non-residential (427)
2802,CITIZENS PL,F,403,38.1,nearest non-residential (403)
1784,CHANNINGWAY CT W,,403,24.3,nearest non-residential (403)
2794,TENNYSON BLVD,C,403,20.0,nearest non-residential (403)
2089,LAKE CLUB TER,C,400,57.9,nearest non-residential (400)
2507,EASTERN PINE RD,,403,72.8,nearest parcel 73m away (> 60m)
4974,OLDE COVENTRY RD W,,403,83.9,nearest parcel 84m away (> 60m)
2755,TENNYSON BLVD,A,403,104.9,nearest parcel 105m away (> 60m)
5676,SARANAC DR,,403,57.9,nearest non-residential (403)
5083,CEDAR DR,G,,36.2,nearest non-residential ()
5119,CEDAR DR,A,,15.6,nearest non-residential ()
3240,ELIM MANOR CT,,591,67.7,nearest parcel 68m away (> 60m)
440,CHANTRY DR,,447,15.6,nearest non-residential (447)
6001,LAKE CLUB CT,H,403,145.9,nearest parcel 146m away (> 60m)
2205,COURTSIDE DR,H,400,33.2,nearest non-residential (400)
2865,CITIZENS PL,C,670,87.6,nearest parcel 88m away (> 60m)
12,CHANTRY DR,,447,15.6,nearest non-residential (447)
2817,WYMAN CT,D,403,53.5,nearest non-residential (403)
4615,REFUGEE RD,1C,403,44.8,nearest non-residential (403)
2580,NOE-BIXBY RD,B,499,30.2,nearest non-residential (499)
4593,REFUGEE RD,3J,403,59.7,nearest non-residential (403)
5696,SPRUCE TREE DR,,403,26.0,nearest non-residential (403)
3724,WESTPOINT DR,UNIT 6,600,75.9,nearest parcel 76m away (> 60m)
2624,BIRCHTREE WAY,,403,69.7,nearest parcel 70m away (> 60m)
5665,E LIVINGSTON AVE,,403,33.7,nearest non-residential (403)
5690,MAPLE TREE LN,,403,122.7,nearest parcel 123m away (> 60m)
4774,LARAINE CT,202,403,53.6,nearest non-residential (403)
3387,WINTER LANE PARK,,403,69.3,nearest parcel 69m away (> 60m)
6127,MCNAUGHTEN CT,,425,46.0,nearest non-residential (425)
2272,PETZINGER CT,,403,69.0,nearest parcel 69m away (> 60m)
4622,HEBRIDES DR,B,403,114.5,nearest parcel 115m away (> 60m)
2130,PINE GROVE LN,,403,57.9,nearest non-residential (403)
4609,REFUGEE RD,2K,403,63.6,nearest parcel 64m away (> 60m)
2820,BANWICK RD,,351,86.1,nearest parcel 86m away (> 60m)
6008,ABERNATHY LN,,,55.9,nearest non-residential ()
2787,BERWICK SQ,,403,36.1,nearest non-residential (403)
3730,NOAM CT,,403,74.3,nearest parcel 74m away (> 60m)
2764,S HAMILTON RD,,426,54.5,nearest non-residential (426)
4581,LAKE SIDE S,,122,85.1,nearest parcel 85m away (> 60m)
2544,SCARBOROUGH SQ,13,425,55.8,nearest non-residential (425)
2791,CITIZENS PL,D,403,113.5,nearest parcel 114m away (> 60m)
6173,MCNAUGHTEN CT,,425,46.0,nearest non-residential (425)
4624,CHANNING TER,B,403,83.5,nearest parcel 84m away (> 60m)
5487,RED BIRD CT,,402,9.3,nearest non-residential (402)
5415,YORKSHIRE TERRACE DR,,403,10.4,nearest non-residential (403)
2610,COURTRIGHT RD,,403,71.2,nearest parcel 71m away (> 60m)
2236,S HAMILTON RD,200,454,58.7,nearest non-residential (454)
4649,GROVES RD,,351,16.1,nearest non-residential (351)
4475,REFUGEE RD,,426,70.6,nearest parcel 71m away (> 60m)
2943,TENNYSON BLVD,A,455,118.4,nearest parcel 118m away (> 60m)
1999,FOUNTAINVIEW CT,,403,80.2,nearest parcel 80m away (> 60m)
2799,GROSSE POINT,,403,100.0,nearest parcel 100m away (> 60m)
6027,LAKE CLUB CT,,430,111.3,nearest parcel 111m away (> 60m)
5505,CHATFORD SQ,,403,73.3,nearest parcel 73m away (> 60m)
5427,YORKSHIRE TERRACE DR,5A,403,32.7,nearest non-residential (403)
1737,LONSDALE RD,D,401,8.8,nearest non-residential (401)
6431,MCNAUGHTEN CT,,425,46.0,nearest non-residential (425)
350,CHANTRY DR,,447,15.6,nearest non-residential (447)
1752,BAIRSFORD DR,,400,28.2,nearest non-residential (400)
3331,SUFFIELD,,510,102.5,nearest parcel 102m away (> 60m)
5460,CHATFORD SQ,,403,74.9,nearest parcel 75m away (> 60m)
5762,HIBERNIA DR,,403,51.4,nearest non-residential (403)
5191,REFUGEE RD,,510,77.3,nearest parcel 77m away (> 60m)
5747,SPRUCE TREE DR,,400,110.5,nearest parcel 110m away (> 60m)
2843,CITIZENS PL,D,403,93.0,nearest parcel 93m away (> 60m)
3724,WESTPOINT DR,UNIT 3,600,66.7,nearest parcel 67m away (> 60m)
2849,CITIZENS PL,H,442,71.0,nearest parcel 71m away (> 60m)
3224,WINTER LANE PARK,,400,31.0,nearest non-residential (400)
4619,REFUGEE RD,1H,403,67.9,nearest parcel 68m away (> 60m)
4659,REFUGEE RD,2E,403,88.8,nearest parcel 89m away (> 60m)
5777,E LIVINGSTON AVE,,511,61.3,nearest parcel 61m away (> 60m)
2516,COURTRIGHT RD,,402,46.0,nearest non-residential (402)
2037,LAKE CLUB TER,,403,44.0,nearest non-residential (403)
3725,KIMBERLY WEST DR,UNIT 5,600,78.4,nearest parcel 78m away (> 60m)
4951,MYERS RD,,401,7.6,nearest non-residential (401)
6237,MCNAUGHTEN CT,,425,46.0,nearest non-residential (425)
6099,MCNAUGHTEN CENTER,,425,27.5,nearest non-residential (425)
5479,CHATFORD SQ,,403,94.2,nearest parcel 94m away (> 60m)
3128,S HAMILTON RD,,425,24.0,nearest non-residential (425)
4640,HEBRIDES DR,D,403,119.6,nearest parcel 120m away (> 60m)
5357,YORKSHIRE TERRACE DR,A,403,40.1,nearest non-residential (403)
1790,CHANNINGWAY CT W,,403,20.5,nearest non-residential (403)
1801,CHANNINGWAY CT W,,403,73.8,nearest parcel 74m away (> 60m)
2380,MALKA CT,,510,64.3,nearest parcel 64m away (> 60m)
2456,SHORE BLVD W,,480,88.9,nearest parcel 89m away (> 60m)
4983,OLDE COVENTRY RD W,,403,45.7,nearest non-residential (403)
2049,LAKE CLUB TER,,403,31.0,nearest non-residential (403)
656,CHANTRY DR,,447,15.6,nearest non-residential (447)
3766,BUCKMAN ST,,500,3.9,nearest=vacant land
2173,S JAMES RD,,371,30.1,nearest non-residential (371)
2405,SHORE BLVD E,,403,67.2,nearest parcel 67m away (> 60m)
3620,RIVERDALE SQ,,511,95.9,nearest parcel 96m away (> 60m)
5792,HIBERNIA DR,A,403,52.6,nearest non-residential (403)
3391,SUFFIELD,,510,94.0,nearest parcel 94m away (> 60m)
5555,HIBERNIA DR,C,640,91.8,nearest parcel 92m away (> 60m)
572,CHANTRY DR,,447,15.6,nearest non-residential (447)
3355,WINTER LANE PARK,,510,83.7,nearest parcel 84m away (> 60m)
3305,SUFFIELD,,510,100.5,nearest parcel 100m away (> 60m)
2718,EASTLAND MALL,,427,29.1,nearest non-residential (427)
6133,MCNAUGHTEN CT,,425,46.0,nearest non-residential (425)
324,CHANTRY DR,,447,15.6,nearest non-residential (447)
1285,YORKLAND RD,UNIT D,403,34.8,nearest non-residential (403)
4977,OLDE COVENTRY RD W,,403,58.1,nearest non-residential (403)
3718,WESTPOINT DR,,600,55.8,nearest non-residential (600)
4591,WORDSWORTH CT,A,403,122.9,nearest parcel 123m away (> 60m)
4313,DONLYN CT,,447,14.8,nearest non-residential (447)
1988,FOUNTAINVIEW CT,D,403,80.4,nearest parcel 80m away (> 60m)
5981,ASTOR AVE,,500,3.7,nearest=vacant land
4405,CROSSROADS CENTER,,426,41.5,nearest non-residential (426)
3708,KIMBERLY PKWY N,,403,55.5,nearest non-residential (403)
4583,ISINGTON CT,C,685,128.2,nearest parcel 128m away (> 60m)
5980,LAKE CLUB SQ,F,403,72.6,nearest parcel 73m away (> 60m)
6759,MCNAUGHTEN CT,,425,46.0,nearest non-residential (425)
5536,DUNFIELD LN,6,403,25.5,nearest non-residential (403)
1990,FOUNTAINVIEW CT,F,403,85.2,nearest parcel 85m away (> 60m)
6095,MCNAUGHTEN CENTER,,425,35.2,nearest non-residential (425)
4521,LAKE SIDE S,,400,124.7,nearest parcel 125m away (> 60m)
4597,REFUGEE RD,1F,403,51.6,nearest non-residential (403)
2570,S HAMILTON RD,,425,57.0,nearest non-residential (425)
5556,MILLERSFIELD DR,,403,80.9,nearest parcel 81m away (> 60m)
3253,ELIM MANOR CT,,591,11.7,nearest non-residential (591)
3420,WESTPOINT DR,,520,60.0,nearest parcel 60m away (> 60m)
1486,ABRAHAM WOODS,,,17.5,nearest non-residential ()
4652,CHANNING TER,D,403,117.1,nearest parcel 117m away (> 60m)
3594,ARIEL DR,,403,19.0,nearest non-residential (403)
6333,MCNAUGHTEN CT,,425,46.0,nearest non-residential (425)
2844,CITIZENS PL,E,403,67.6,nearest parcel 68m away (> 60m)
5884,CHATFORD DR,G,403,65.4,nearest parcel 65m away (> 60m)
2514,COURTRIGHT RD,,402,47.4,nearest non-residential (402)
5980,LAKE CLUB SQ,B,403,75.6,nearest parcel 76m away (> 60m)
4112,JENERA PL,,403,64.7,nearest parcel 65m away (> 60m)
5145,CEDAR DR,D,,29.1,nearest non-residential ()
2422,HUDSON BAY WAY,,510,102.9,nearest parcel 103m away (> 60m)
2814,BANWICK RD,,351,114.4,nearest parcel 114m away (> 60m)
2618,BIRCHTREE WAY,,403,87.7,nearest parcel 88m away (> 60m)
1924,FOUNTAINVIEW CT,,403,94.3,nearest parcel 94m away (> 60m)
4201,DONLYN CT,,685,64.6,nearest parcel 65m away (> 60m)
3115,ELIM ESTATES DR,,591,18.0,nearest non-residential (591)
5580,TINLEY PARK,,510,83.1,nearest parcel 83m away (> 60m)
2875,WINCHESTER CT,C,499,28.3,nearest non-residential (499)
5894,SHANA DR,,553,63.1,nearest parcel 63m away (> 60m)
4567,MANDEVILLE CT,C,685,113.6,nearest parcel 114m away (> 60m)
2786,CITIZENS PL,D,403,60.0,nearest non-residential (403)
3903,RIVERCREEK BAY WAY,,403,59.8,nearest non-residential (403)
3643,FARTHING LN,,403,51.8,nearest non-residential (403)
2260,SEVILLE AVE,,403,17.4,nearest non-residential (403)
6353,MCNAUGHTEN CT,,425,46.0,nearest non-residential (425)
5448,LONSDALE PL S,UNIT B,403,23.0,nearest non-residential (403)
2092,S HAMILTON RD,,411,27.2,nearest non-residential (411)
3774,WESTPOINT DR,UNIT 6,403,53.6,nearest non-residential (403)
2344,RANDY CT,,403,51.1,nearest non-residential (403)
2779,CITIZENS PL,G,403,111.6,nearest parcel 112m away (> 60m)
5467,E LIVINGSTON AVE,UNIT D,403,18.4,nearest non-residential (403)
96,CHANTRY DR,,447,15.6,nearest non-residential (447)
3322,TRADAN DR,,403,39.3,nearest non-residential (403)
5551,HIBERNIA DR,C,640,89.0,nearest parcel 89m away (> 60m)
2797,MARWOOD CT,A,403,63.9,nearest parcel 64m away (> 60m)
3756,KIMBERLY WEST DR,,403,64.9,nearest parcel 65m away (> 60m)
4249,DONLYN CT,,447,43.8,nearest non-residential (447)
4241,KIMBERLY PKWY N,,417,13.7,nearest non-residential (417)
5689,HIBERNIA DR,B,510,84.6,nearest parcel 85m away (> 60m)
640,CHANTRY DR,,447,15.6,nearest non-residential (447)
132,CHANTRY DR,,447,15.6,nearest non-residential (447)
2731,TENNYSON BLVD,C,481,153.3,nearest parcel 153m away (> 60m)
6057,LAKE CLUB PL,,449,128.6,nearest parcel 129m away (> 60m)
600,CHANTRY DR,,447,15.6,nearest non-residential (447)
4609,REFUGEE RD,3L,403,56.9,nearest non-residential (403)
2311,HAMILTON RD,,425,14.2,nearest non-residential (425)
5030,COVENTRY DR,B,403,37.3,nearest non-residential (403)
4800,LARAINE CT,201,403,43.0,nearest non-residential (403)
2435,CHELSEA CT,,403,64.6,nearest parcel 65m away (> 60m)
5145,CEDAR DR,C,,31.2,nearest non-residential ()
2232,SUNSHINE PL,,520,78.9,nearest parcel 79m away (> 60m)
2764,BRANDY DR,102,403,58.2,nearest non-residential (403)
4515,LAKE SIDE S,J,400,108.0,nearest parcel 108m away (> 60m)
2439,CHELSEA CT,,550,68.0,nearest parcel 68m away (> 60m)
422,CHANTRY DR,,447,15.6,nearest non-residential (447)
2434,HUDSON BAY WAY,,550,94.4,nearest parcel 94m away (> 60m)
2322,PETZINGER CT,,403,46.6,nearest non-residential (403)
2425,KIMBERLY PKWY E,1,412,11.3,nearest non-residential (412)
4661,COLERIDGE CT,C,403,86.2,nearest parcel 86m away (> 60m)
5888,CHATFORD DR,F,403,74.1,nearest parcel 74m away (> 60m)
5747,HIBERNIA DR,B,403,36.5,nearest non-residential (403)
4597,REFUGEE RD,1E,403,50.8,nearest non-residential (403)
5872,CHATFORD DR,,403,19.6,nearest non-residential (403)
5454,CHATFORD SQ,,403,57.0,nearest non-residential (403)
4774,LARAINE CT,102,403,53.4,nearest non-residential (403)
2778,TENNYSON BLVD,A,403,61.8,nearest parcel 62m away (> 60m)
1879,FOUNTAINVIEW CT,G,899,63.4,nearest parcel 63m away (> 60m)
2547,FRANKSWAY ST,,422,33.7,nearest non-residential (422)
5081,CEDAR DR,,,27.0,nearest non-residential ()
3755,KIMBERLY WEST DR,UNIT 3,403,52.4,nearest non-residential (403)
2404,HUDSON BAY WAY,,510,83.7,nearest parcel 84m away (> 60m)
2320,SEVILLE AVE,,403,84.4,nearest parcel 84m away (> 60m)
1813,BAIRSFORD DR,1I,403,21.5,nearest non-residential (403)
5860,CHATFORD DR,,403,19.6,nearest non-residential (403)
2337,HAMILTON RD,,425,14.2,nearest non-residential (425)
2900,NATHANIEL BLVD,D,403,61.8,nearest parcel 62m away (> 60m)
4968,OLDE COVENTRY RD W,,403,94.8,nearest parcel 95m away (> 60m)
4108,PORSCHE CT,,403,63.9,nearest parcel 64m away (> 60m)
630,CHANTRY DR,,447,15.6,nearest non-residential (447)
4605,REFUGEE RD,2B,403,64.8,nearest parcel 65m away (> 60m)
3182,WEBSTER DR,,685,66.1,nearest parcel 66m away (> 60m)
5880,YORKLAND CT,UNIT M,,6.8,nearest non-residential ()
6155,MCNAUGHTEN CT,,425,46.0,nearest non-residential (425)
5356,YORKSHIRE TERRACE DR,D,403,35.5,nearest non-residential (403)
2313,HAMILTON RD,,425,14.2,nearest non-residential (425)
4615,REFUGEE RD,2E,403,60.3,nearest parcel 60m away (> 60m)
2314,PETZINGER CT,,403,23.7,nearest non-residential (403)
3952,LAUREL LN,,403,39.8,nearest non-residential (403)
2608,COURTRIGHT RD,,403,69.0,nearest parcel 69m away (> 60m)
2222,SUNSHINE PL,,520,81.6,nearest parcel 82m away (> 60m)
2797,TENNYSON BLVD,D,403,14.3,nearest non-residential (403)
5654,SARANAC DR,,403,40.1,nearest non-residential (403)
3755,EMRICK CT,,403,45.0,nearest non-residential (403)
3260,EDINWICK WAY,,,14.8,nearest non-residential ()
4980,COVENTRY CT S,,403,90.7,nearest parcel 91m away (> 60m)
2481,SHORE BLVD E,K,403,123.5,nearest parcel 123m away (> 60m)
4603,REFUGEE RD,2D,403,83.2,nearest parcel 83m away (> 60m)
2568,S HAMILTON RD,,425,57.0,nearest non-residential (425)
5675,BAIRSFORD CIR N,11,403,21.8,nearest non-residential (403)
2283,MUIRWOOD DR,,400,40.0,nearest non-residential (400)
5893,SHANA DR,,403,56.3,nearest non-residential (403)
5462,LONSDALE PL N,UNIT D,403,53.1,nearest non-residential (403)
2614,BIRCHTREE WAY,,403,94.2,nearest parcel 94m away (> 60m)
4669,REFUGEE RD,1G,403,14.2,nearest non-residential (403)
4585,LAKE SIDE S,L,122,74.3,nearest parcel 74m away (> 60m)
3770,WESTPOINT DR,UNIT 4,403,38.7,nearest non-residential (403)
3760,BIRCHTREE LN,,403,16.4,nearest non-residential (403)
5685,BAIRSFORD CIR N,10,403,32.8,nearest non-residential (403)
2238,S HAMILTON RD,100,454,31.0,nearest non-residential (454)
2741,WINCHESTER PIKE,,458,87.5,nearest parcel 88m away (> 60m)
2882,TENNYSON BLVD,,403,90.9,nearest parcel 91m away (> 60m)
2800,MARWOOD CT,D,403,32.5,nearest non-residential (403)
2785,MARWOOD CT,D,403,74.9,nearest parcel 75m away (> 60m)
6189,MCNAUGHTEN CT,,425,46.0,nearest non-residential (425)
4689,HILTON CORPORATE DR,,447,35.1,nearest non-residential (447)
2834,WYMAN CT,A,403,58.4,nearest non-residential (403)
4650,HILTON CORPORATE DR,318,484,77.9,nearest parcel 78m away (> 60m)
2696,S HAMILTON RD,,499,69.3,nearest parcel 69m away (> 60m)
4616,CHANNING TER,B,403,109.2,nearest parcel 109m away (> 60m)
3304,JOSHSTOCK DR,,,19.4,nearest non-residential ()
4609,REFUGEE RD,3H,403,78.0,nearest parcel 78m away (> 60m)
2157,S JAMES RD,,351,16.5,nearest non-residential (351)
4544,LAKE SIDE S,B,403,135.5,nearest parcel 135m away (> 60m)
4431,CROSSROADS CENTER,,426,17.8,nearest non-residential (426)
5596,MILLERSFIELD DR,,403,33.2,nearest non-residential (403)
5501,E LIVINGSTON AVE,UNIT D,426,116.4,nearest parcel 116m away (> 60m)
2501,EASTERN PINE RD,,403,87.2,nearest parcel 87m away (> 60m)
3780,WESTPOINT DR,UNIT 3,403,56.0,nearest non-residential (403)
4261,KIMBERLY PKWY,,425,26.5,nearest non-residential (425)
4613,REFUGEE RD,1A,403,69.8,nearest parcel 70m away (> 60m)
4597,REFUGEE RD,3F,403,46.1,nearest non-residential (403)
4650,HILTON CORPORATE DR,316,484,72.8,nearest parcel 73m away (> 60m)
5588,AUTUMN CHASE DR,,411,41.1,nearest non-residential (411)
4788,ROLLINGBROOK LN,C,403,47.7,nearest non-residential (403)
4244,EASTLAND SQUARE DR,,422,117.7,nearest parcel 118m away (> 60m)
2513,EASTERN PINE RD,,403,86.1,nearest parcel 86m away (> 60m)
6041,LAKE CLUB PL,,441,128.0,nearest parcel 128m away (> 60m)
2100,SUNSHINE PL,,400,69.2,nearest parcel 69m away (> 60m)
4098,JENERA PL,,403,42.8,nearest non-residential (403)
2793,GROSSE POINT,,403,95.9,nearest parcel 96m away (> 60m)
2845,CITIZENS PL,D,499,76.4,nearest parcel 76m away (> 60m)
1902,OLDE COVENTRY RD E,,403,55.7,nearest non-residential (403)
4570,MANDEVILLE CT,D,685,71.5,nearest parcel 72m away (> 60m)
1848,COVENTRY LN,,403,48.3,nearest non-residential (403)
3739,BIRCHTREE LN,,403,54.8,nearest non-residential (403)
1911,FOUNTAINVIEW CT,,403,61.3,nearest parcel 61m away (> 60m)
2880,NATHANIEL BLVD,,403,86.1,nearest parcel 86m away (> 60m)
1906,OLDE COVENTRY RD E,,403,58.9,nearest non-residential (403)
5685,BAIRSFORD CIR N,17,403,29.7,nearest non-residential (403)
5460,E LIVINGSTON AVE,,425,22.2,nearest non-residential (425)
2220,S HAMILTON RD,,670,30.1,nearest non-residential (670)
4281,EASTLAND SQUARE DR,,422,78.6,nearest parcel 79m away (> 60m)
4612,CHANNING TER,C,403,121.9,nearest parcel 122m away (> 60m)
5904,CHATFORD DR,E,449,100.6,nearest parcel 101m away (> 60m)
2205,COURTSIDE DR,E,400,32.2,nearest non-residential (400)
2300,PETZINGER CT,,403,27.2,nearest non-residential (403)
4327,DONLYN CT,,447,22.3,nearest non-residential (447)
3404,WINTER LANE PARK,,403,45.6,nearest non-residential (403)
4631,WORDSWORTH CT,,403,52.9,nearest non-residential (403)
3338,WINTER LANE PARK,,403,61.0,nearest parcel 61m away (> 60m)
6677,MCNAUGHTEN CT,,425,46.0,nearest non-residential (425)
1778,LONSDALE PL E,UNIT B,401,55.0,nearest non-residential (401)
2537,SILVER OAK DR,,455,106.4,nearest parcel 106m away (> 60m)
1758,BAIRSFORD DR,,400,43.7,nearest non-residential (400)
2810,CITIZENS PL,H,403,30.4,nearest non-residential (403)
2883,SHILLING DR,,403,60.4,nearest parcel 60m away (> 60m)
5900,CHATFORD DR,D,449,114.2,nearest parcel 114m away (> 60m)
3596,ARIEL DR,,403,23.0,nearest non-residential (403)
618,CHANTRY DR,,447,15.6,nearest non-residential (447)
4258,GROVES RD,,390,67.9,nearest parcel 68m away (> 60m)
4582,HEMINGWAY CT,A,685,108.8,nearest parcel 109m away (> 60m)
5657,HIBERNIA DR,A,510,75.4,nearest parcel 75m away (> 60m)
2870,WOOLWICH CT,102,685,89.4,nearest parcel 89m away (> 60m)
4520,LAKE SIDE S,A,425,143.5,nearest parcel 144m away (> 60m)
2852,CITIZENS PL,G,403,93.0,nearest parcel 93m away (> 60m)
3895,RIVERCREEK BAY WAY,,403,53.8,nearest non-residential (403)
2281,CRESWICK ST,,400,22.4,nearest non-residential (400)
2622,COURTRIGHT RD,,403,63.2,nearest parcel 63m away (> 60m)
4618,CHANNING TER,A,403,99.2,nearest parcel 99m away (> 60m)
5145,CEDAR DR,B,,33.7,nearest non-residential ()
6491,MCNAUGHTEN CT,,425,46.0,nearest non-residential (425)
1858,COVENTRY LN,A,403,34.3,nearest non-residential (403)
2885,SHILLING DR,,403,62.0,nearest parcel 62m away (> 60m)
2421,SHORE BLVD E,B,403,54.6,nearest non-residential (403)
5912,SHANA DR,,403,30.7,nearest non-residential (403)
1864,NOE-BIXBY RD,,660,73.4,nearest parcel 73m away (> 60m)
5415,YORKSHIRE TERRACE DR,2A,403,16.8,nearest non-residential (403)
3716,KNIGHTSWAY LN,,403,83.4,nearest parcel 83m away (> 60m)
2778,BERWICK SQ,,403,18.3,nearest non-residential (403)
4774,LARAINE CT,103,403,50.5,nearest non-residential (403)
5518,DUNFIELD LN,4,403,26.3,nearest non-residential (403)
5345,YORKSHIRE TERRACE DR,B,403,18.4,nearest non-residential (403)
5459,RED BIRD CT,,402,33.4,nearest non-residential (402)
6355,MCNAUGHTEN CT,,425,46.0,nearest non-residential (425)
22,CHANTRY DR,,447,15.6,nearest non-residential (447)
5726,HIBERNIA DR,,403,86.1,nearest parcel 86m away (> 60m)
2851,CITIZENS PL,H,435,91.2,nearest parcel 91m away (> 60m)
2779,CITIZENS PL,D,403,107.4,nearest parcel 107m away (> 60m)
2776,BERWICK SQ,,403,12.4,nearest non-residential (403)
5569,AUTUMN CHASE DR,,411,41.7,nearest non-residential (411)
2516,EASTERN PINE RD,,403,132.5,nearest parcel 133m away (> 60m)
2798,MARWOOD CT,A,403,49.9,nearest non-residential (403)
5912,CHATFORD DR,I,449,114.8,nearest parcel 115m away (> 60m)
2303,HAMILTON RD,,425,14.2,nearest non-residential (425)
4642,HEBRIDES DR,D,403,126.8,nearest parcel 127m away (> 60m)
2143,NOE-BIXBY RD,,501,47.7,nearest=vacant land
1762,LONSDALE PL E,UNIT D,403,73.4,nearest parcel 73m away (> 60m)
2774,BERWICK SQ,,403,6.5,nearest non-residential (403)
6273,MCNAUGHTEN CT,,425,46.0,nearest non-residential (425)
2219,SEVILLE AVE,,403,110.7,nearest parcel 111m away (> 60m)
4538,LAKE SIDE N,,400,122.1,nearest parcel 122m away (> 60m)
2518,EASTERN PINE RD,,403,127.0,nearest parcel 127m away (> 60m)
3591,ARIEL DR,,403,25.2,nearest non-residential (403)
1939,FOUNTAINVIEW CT,,403,25.0,nearest non-residential (403)
1884,NOE-BIXBY RD,,403,87.6,nearest parcel 88m away (> 60m)
5516,DUNFIELD LN,5,403,45.0,nearest non-residential (403)
2238,S HAMILTON RD,200,454,29.8,nearest non-residential (454)
2780,CITIZENS PL,B,403,96.3,nearest parcel 96m away (> 60m)
5704,HIBERNIA DR,B,690,66.3,nearest parcel 66m away (> 60m)
2110,MUIRWOOD DR,,400,124.9,nearest parcel 125m away (> 60m)
3340,SUFFIELD,,510,64.4,nearest parcel 64m away (> 60m)
5551,CHATFORD DR,I,403,38.7,nearest non-residential (403)
2478,FOREST GREEN CT,,640,82.7,nearest parcel 83m away (> 60m)
5742,HIBERNIA DR,C,403,71.8,nearest parcel 72m away (> 60m)
5470,CHATFORD SQ,,403,55.9,nearest non-residential (403)
4619,REFUGEE RD,3C,403,77.6,nearest parcel 78m away (> 60m)
3724,WESTPOINT DR,UNIT 4,600,75.7,nearest parcel 76m away (> 60m)
5677,HIBERNIA DR,C,510,66.9,nearest parcel 67m away (> 60m)
5854,CHATFORD DR,,403,19.6,nearest non-residential (403)
4575,LAKE SIDE S,A,122,106.2,nearest parcel 106m away (> 60m)
5734,HIBERNIA DR,,403,72.9,nearest parcel 73m away (> 60m)
2852,CITIZENS PL,B,403,87.5,nearest parcel 88m away (> 60m)
2485,COURTRIGHT RD,,401,23.6,nearest non-residential (401)
2003,BRICE RD,,435,50.5,nearest non-residential (435)
4655,REFUGEE RD,2A,403,53.9,nearest non-residential (403)
2476,SHORE BLVD W,,403,95.4,nearest parcel 95m away (> 60m)
6030,LAKE CLUB CT,,449,104.9,nearest parcel 105m away (> 60m)
2130,SUNSHINE PL,,400,108.7,nearest parcel 109m away (> 60m)
2222,SEVILLE AVE,,403,84.7,nearest parcel 85m away (> 60m)
6653,MCNAUGHTEN CT,,425,46.0,nearest non-residential (425)
4777,ROLLINGBROOK LN,A,403,29.6,nearest non-residential (403)
5459,E LIVINGSTON AVE,,439,51.0,nearest non-residential (439)
2724,EASTLAND MALL,,427,2.5,nearest non-residential (427)
2847,CITIZENS PL,H,499,58.3,nearest non-residential (499)
2100,S HAMILTON RD,,411,77.4,nearest parcel 77m away (> 60m)
5910,SHANA DR,,403,32.0,nearest non-residential (403)
5859,CHANTRY DR,,443,72.7,nearest parcel 73m away (> 60m)
3735,CHARBERT CT,,403,73.2,nearest parcel 73m away (> 60m)
3965,KIMBERLY PKWY N,,401,48.3,nearest non-residential (401)
1787,CHANNINGWAY CT E,,499,42.4,nearest non-residential (499)
3215,WEBSTER DR,,480,81.0,nearest parcel 81m away (> 60m)
3287,WINTER LANE PARK,,510,89.7,nearest parcel 90m away (> 60m)
3743,NOAM CT,,403,62.5,nearest parcel 62m away (> 60m)
3671,RIVERDALE SQ,,403,37.2,nearest non-residential (403)
2056,PINE GROVE LN,,510,70.6,nearest parcel 71m away (> 60m)
5381,YORKSHIRE TERRACE DR,,550,69.3,nearest parcel 69m away (> 60m)
646,CHANTRY DR,,447,15.6,nearest non-residential (447)
5762,HIBERNIA DR,A,403,52.3,nearest non-residential (403)
4490,GROVES RD,,340,15.7,nearest non-residential (340)
2747,EASTLAND MALL,UNIT A,427,85.6,nearest parcel 86m away (> 60m)
3329,WINTER LANE PARK,,510,94.3,nearest parcel 94m away (> 60m)
2702,EASTLAND MALL,,427,101.6,nearest parcel 102m away (> 60m)
2057,LAKE CLUB TER,,403,27.5,nearest non-residential (403)
6153,MCNAUGHTEN CT,,425,46.0,nearest non-residential (425)
5864,CHATFORD DR,F,403,11.7,nearest non-residential (403)
4747,HILTON CORPORATE DR,,447,44.9,nearest non-residential (447)
4601,REFUGEE RD,3G,403,64.0,nearest parcel 64m away (> 60m)
5381,YORKSHIRE TERRACE DR,4B,550,65.0,nearest parcel 65m away (> 60m)
2845,CITIZENS PL,G,499,75.6,nearest parcel 76m away (> 60m)
5902,SHANA DR,,403,46.0,nearest non-residential (403)
5321,YORKSHIRE TERRACE DR,,403,42.9,nearest non-residential (403)
6163,MCNAUGHTEN CT,,425,46.0,nearest non-residential (425)
4285,DONLYN CT,,447,26.5,nearest non-residential (447)
3954,LAUREL LN,,403,32.2,nearest non-residential (403)
2915,WINCHESTER PIKE,,499,69.8,nearest parcel 70m away (> 60m)
2361,SHORE BLVD E,B,403,176.9,nearest parcel 177m away (> 60m)
6487,MCNAUGHTEN CT,,425,46.0,nearest non-residential (425)
6635,MCNAUGHTEN CT,,425,46.0,nearest non-residential (425)
2902,MERRYMOUNT CT,A,403,117.3,nearest parcel 117m away (> 60m)
4091,COVENTRY DR,,403,80.4,nearest parcel 80m away (> 60m)
6689,MCNAUGHTEN CT,,425,46.0,nearest non-residential (425)
4107,ALVADA ST,,403,57.1,nearest non-residential (403)
3637,RIVERDALE SQ,,625,23.3,nearest non-residential (625)
2881,TENNYSON BLVD,107,403,122.9,nearest parcel 123m away (> 60m)
4605,REFUGEE RD,2C,403,58.1,nearest non-residential (403)
2170,SUNSHINE PL,,403,90.9,nearest parcel 91m away (> 60m)
2531,SILVER OAK DR,,455,127.0,nearest parcel 127m away (> 60m)
3733,CHARBERT CT,,403,68.8,nearest parcel 69m away (> 60m)
4586,ISINGTON CT,201,403,93.7,nearest parcel 94m away (> 60m)
4580,ISINGTON CT,,403,102.3,nearest parcel 102m away (> 60m)
3720,NOAM CT,,520,90.4,nearest parcel 90m away (> 60m)
1984,FOUNTAINVIEW CT,F,403,78.5,nearest parcel 78m away (> 60m)
2916,MERRYMOUNT CT,,403,65.8,nearest parcel 66m away (> 60m)
1990,FOUNTAINVIEW CT,D,403,76.7,nearest parcel 77m away (> 60m)
5796,HIBERNIA DR,A,403,46.7,nearest non-residential (403)
4707,HILTON CORPORATE DR,,400,66.6,nearest parcel 67m away (> 60m)
5099,CEDAR DR,L,,29.5,nearest non-residential ()
6001,LAKE CLUB CT,B,449,154.1,nearest parcel 154m away (> 60m)
2492,SCARBOROUGH SQ,3,425,53.9,nearest non-residential (425)
5014,COVENTRY DR,B,403,29.6,nearest non-residential (403)
2855,CITIZENS PL,C,403,96.7,nearest parcel 97m away (> 60m)
6351,MCNAUGHTEN CT,,425,46.0,nearest non-residential (425)
5502,CHATFORD SQ,,403,51.4,nearest non-residential (403)
6279,MCNAUGHTEN CT,,425,46.0,nearest non-residential (425)
318,CHANTRY DR,,447,15.6,nearest non-residential (447)
5870,CHATFORD DR,A,403,19.0,nearest non-residential (403)
2309,HAMILTON RD,,425,14.2,nearest non-residential (425)
1774,BAIRSFORD DR,,403,51.0,nearest non-residential (403)
3997,PENNIMAN ST,,501,71.3,nearest parcel 71m away (> 60m)
4682,FENIMORE CT,A,403,111.0,nearest parcel 111m away (> 60m)
6587,MCNAUGHTEN CT,,425,46.0,nearest non-residential (425)
5044,COVENTRY DR,,403,68.9,nearest parcel 69m away (> 60m)
5734,HIBERNIA DR,A,403,68.3,nearest parcel 68m away (> 60m)
5599,HIBERNIA DR,C,510,62.8,nearest parcel 63m away (> 60m)
4578,ISINGTON CT,A,403,105.1,nearest parcel 105m away (> 60m)
2694,S HAMILTON RD,,499,74.2,nearest parcel 74m away (> 60m)
5652,HIBERNIA DR,,403,39.9,nearest non-residential (403)
5751,SPRUCE TREE DR,,400,119.0,nearest parcel 119m away (> 60m)
6018,LAKE CLUB CT,,449,123.7,nearest parcel 124m away (> 60m)
2711,EASTLAND MALL,UNIT A,427,96.3,nearest parcel 96m away (> 60m)
4599,MONMOUTH CT,208,403,77.1,nearest parcel 77m away (> 60m)
1877,FOUNTAINVIEW CT,B,899,59.7,nearest non-residential (899)
2348,RANDY CT,,403,40.6,nearest non-residential (403)
430,CHANTRY DR,,447,15.6,nearest non-residential (447)
4621,REFUGEE RD,2C,403,60.7,nearest parcel 61m away (> 60m)
2859,CITIZENS PL,F,670,104.3,nearest parcel 104m away (> 60m)
4665,REFUGEE RD,2G,403,62.4,nearest parcel 62m away (> 60m)
5648,HIBERNIA DR,,403,23.3,nearest non-residential (403)
3383,WINTER LANE PARK,,403,71.1,nearest parcel 71m away (> 60m)
2090,LAKE CLUB TER,,447,41.1,nearest non-residential (447)
5461,CHATFORD SQ,,403,62.4,nearest parcel 62m away (> 60m)
3704,SOFT WIND DR,,403,44.1,nearest non-residential (403)
5659,E LIVINGSTON AVE,,403,35.5,nearest non-residential (403)
3254,WINTER LANE PARK,,400,74.7,nearest parcel 75m away (> 60m)
3964,LAUREL LN,,403,1.7,nearest non-residential (403)
4279,DONLYN CT,,447,35.0,nearest non-residential (447)
5908,CHATFORD DR,E,449,107.7,nearest parcel 108m away (> 60m)
4663,REFUGEE RD,3C,403,76.0,nearest parcel 76m away (> 60m)
3464,WALNUT DR,,400,53.2,nearest non-residential (400)
4428,CROSSROADS CENTER,,426,42.4,nearest non-residential (426)
5829,MAPLE TREE LN,,454,185.3,nearest parcel 185m away (> 60m)
1941,BAIRSFORD DR,,403,29.0,nearest non-residential (403)
4615,HEBRIDES DR,B,403,103.6,nearest parcel 104m away (> 60m)
2789,MARWOOD CT,,403,87.6,nearest parcel 88m away (> 60m)
5730,HIBERNIA DR,C,403,84.3,nearest parcel 84m away (> 60m)
1915,OLDE COVENTRY RD E,,403,19.2,nearest non-residential (403)
5908,CHATFORD DR,B,449,105.5,nearest parcel 105m away (> 60m)
2101,PINE GROVE LN,,401,32.3,nearest non-residential (401)
4575,MONMOUTH CT,,403,61.8,nearest parcel 62m away (> 60m)
2096,SUNSHINE PL,,400,62.0,nearest parcel 62m away (> 60m)
2800,BERWICK SQ,,403,31.4,nearest non-residential (403)
1609,LONSDALE RD,,403,56.9,nearest non-residential (403)
4617,REFUGEE RD,2F,403,19.3,nearest non-residential (403)
2119,PINE GROVE LN,,401,19.5,nearest non-residential (401)
4985,COVENTRY DR,,403,72.6,nearest parcel 73m away (> 60m)
4264,EASTLAND SQUARE DR,,426,112.8,nearest parcel 113m away (> 60m)
3157,WEBSTER DR,,685,93.9,nearest parcel 94m away (> 60m)
2321,SEVILLE AVE,,403,95.0,nearest parcel 95m away (> 60m)
6305,MCNAUGHTEN CT,,425,46.0,nearest non-residential (425)
2236,S HAMILTON RD,103,447,60.6,nearest parcel 61m away (> 60m)
1727,LONSDALE RD,D,401,11.9,nearest non-residential (401)
3688,BUCKMAN ST,,481,22.3,nearest non-residential (481)
3755,KIMBERLY WEST DR,UNIT 5,403,49.9,nearest non-residential (403)
3831,BUCKMAN ST,,500,14.3,nearest=vacant land
3603,REFUGEE RD,,471,17.2,nearest non-residential (471)
1811,BAIRSFORD DR,2N,403,39.1,nearest non-residential (403)
4686,FENIMORE CT,D,403,131.1,nearest parcel 131m away (> 60m)
5880,YORKLAND CT,UNIT C,,30.5,nearest non-residential ()
2785,CITIZENS PL,H,403,106.7,nearest parcel 107m away (> 60m)
5561,CHATFORD DR,,403,55.2,nearest non-residential (403)
2915,TENNYSON BLVD,D,685,121.0,nearest parcel 121m away (> 60m)
2752,TENNYSON BLVD,,403,122.7,nearest parcel 123m away (> 60m)
2126,PINE GROVE LN,,403,47.0,nearest non-residential (403)
598,CHANTRY DR,,447,15.6,nearest non-residential (447)
5357,YORKSHIRE TERRACE DR,C,403,42.2,nearest non-residential (403)
2131,COURTRIGHT RD,,403,5.9,nearest non-residential (403)
4560,LAKE SIDE N,C,351,175.1,nearest parcel 175m away (> 60m)
4001,S HAMILTON RD,,660,50.0,nearest non-residential (660)
1289,YORKLAND RD,UNIT J,403,22.5,nearest non-residential (403)
3689,FARTHING LN,,403,61.6,nearest parcel 62m away (> 60m)
2828,TENNYSON BLVD,C,403,85.4,nearest parcel 85m away (> 60m)
4110,ALVADA ST,,403,84.1,nearest parcel 84m away (> 60m)
1813,BAIRSFORD DR,2A,403,28.5,nearest non-residential (403)
552,CHANTRY DR,,447,15.6,nearest non-residential (447)
2296,PETZINGER CT,,403,36.8,nearest non-residential (403)
614,CHANTRY DR,,447,15.6,nearest non-residential (447)
5707,SPRUCE TREE DR,,403,89.1,nearest parcel 89m away (> 60m)
2851,ROCKFORD LN,,403,116.9,nearest parcel 117m away (> 60m)
2150,MUIRWOOD DR,,481,126.9,nearest parcel 127m away (> 60m)
2248,SEVILLE AVE,,403,42.7,nearest non-residential (403)
6373,MCNAUGHTEN CT,,425,46.0,nearest non-residential (425)
4611,REFUGEE RD,2G,403,82.0,nearest parcel 82m away (> 60m)
3718,WESTPOINT DR,UNIT 2,600,59.7,nearest non-residential (600)
3859,MAUMEE BAY WAY,,680,59.2,nearest non-residential (680)
2295,SEVILLE AVE,,403,57.3,nearest non-residential (403)
3717,DAWN CT,,403,70.6,nearest parcel 71m away (> 60m)
3248,ELIM MANOR CT,,591,65.7,nearest parcel 66m away (> 60m)
2797,TENNYSON BLVD,B,403,15.2,nearest non-residential (403)
4617,REFUGEE RD,3F,403,20.1,nearest non-residential (403)
6667,MCNAUGHTEN CT,,425,46.0,nearest non-residential (425)
3588,ARIEL DR,,403,20.0,nearest non-residential (403)
1819,CHANNINGWAY CT W,,510,71.2,nearest parcel 71m away (> 60m)
2270,SEVILLE AVE,,403,9.5,nearest non-residential (403)
1285,YORKLAND RD,UNIT M,403,40.7,nearest non-residential (403)
4552,MANDEVILLE CT,C,685,76.8,nearest parcel 77m away (> 60m)
1818,CHANNINGWAY CT W,,403,27.4,nearest non-residential (403)
2326,RANDY CT,,520,73.6,nearest parcel 74m away (> 60m)
148,CHANTRY DR,,447,15.6,nearest non-residential (447)
3759,KIMBERLY WEST DR,UNIT 4,403,53.9,nearest non-residential (403)
5962,ABERNATHY LN,,,19.9,nearest non-residential ()
4630,HILTON CORPORATE DR,118,411,80.7,nearest parcel 81m away (> 60m)
368,CHANTRY DR,,447,15.6,nearest non-residential (447)
5430,LONSDALE PL S,UNIT C,403,69.0,nearest parcel 69m away (> 60m)
2005,BAIRSFORD DR,,520,87.7,nearest parcel 88m away (> 60m)
2216,MUIRWOOD DR,,403,35.8,nearest non-residential (403)
2320,RANDY CT,,520,61.7,nearest parcel 62m away (> 60m)
3756,WESTPOINT DR,,403,36.1,nearest non-residential (403)
2148,COURTRIGHT RD,,403,47.6,nearest non-residential (403)
3150,S HAMILTON RD,,425,31.3,nearest non-residential (425)
2055,PINE NEEDLE CT,,401,29.1,nearest non-residential (401)
2776,TENNYSON BLVD,,403,69.4,nearest parcel 69m away (> 60m)
2033,PINE NEEDLE CT,,401,10.1,nearest non-residential (401)
4595,REFUGEE RD,2C,403,58.5,nearest non-residential (403)
2425,SHORE BLVD E,,403,46.6,nearest non-residential (403)
2690,WINCHESTER PIKE,,352,35.9,nearest non-residential (352)
3600,ARIEL DR,,403,30.4,nearest non-residential (403)
4536,LAKE SIDE N,,400,121.6,nearest parcel 122m away (> 60m)
4495,REFUGEE RD,,426,57.1,nearest non-residential (426)
3746,KNIGHTSWAY LN,,402,31.0,nearest non-residential (402)
1887,BAIRSFORD DR,,520,69.1,nearest parcel 69m away (> 60m)
2819,GROSSE POINT,,403,56.7,nearest non-residential (403)
3140,WEBSTER DR,,458,86.0,nearest parcel 86m away (> 60m)
4661,REFUGEE RD,3C,403,69.7,nearest parcel 70m away (> 60m)
4225,DONLYN CT,,447,61.5,nearest parcel 62m away (> 60m)
5539,HIBERNIA DR,,640,72.1,nearest parcel 72m away (> 60m)
4582,MANDEVILLE CT,B,685,94.7,nearest parcel 95m away (> 60m)
3616,RIVERDALE SQ,,511,87.1,nearest parcel 87m away (> 60m)
4650,HILTON CORPORATE DR,209,484,84.6,nearest parcel 85m away (> 60m)
2745,TENNYSON BLVD,A,403,118.2,nearest parcel 118m away (> 60m)
5784,HIBERNIA DR,B,403,62.5,nearest parcel 62m away (> 60m)
2797,GROSSE POINT,,403,105.3,nearest parcel 105m away (> 60m)
1773,CHANNINGWAY CT W,,403,71.8,nearest parcel 72m away (> 60m)
5912,CHATFORD DR,D,449,111.7,nearest parcel 112m away (> 60m)
3700,KIMBERLY PKWY N,,402,63.9,nearest parcel 64m away (> 60m)
5542,DUNFIELD LN,1,403,36.4,nearest non-residential (403)
2424,SHORE BLVD W,,403,70.3,nearest parcel 70m away (> 60m)
3780,WESTPOINT DR,UNIT 5,403,57.5,nearest non-residential (403)
3718,BUCKMAN ST,,500,1.7,nearest=vacant land
3757,SOFT WIND DR,,520,76.3,nearest parcel 76m away (> 60m)
6052,CHANNINGWAY BLVD,,449,47.7,nearest non-residential (449)
5543,HIBERNIA DR,,640,75.1,nearest parcel 75m away (> 60m)
6617,MCNAUGHTEN CT,,425,46.0,nearest non-residential (425)
2802,CITIZENS PL,C,403,35.5,nearest non-residential (403)
4630,HILTON CORPORATE DR,216,411,80.6,nearest parcel 81m away (> 60m)
4491,REFUGEE RD,,452,7.2,nearest non-residential (452)
2900,NATHANIEL BLVD,C,403,65.6,nearest parcel 66m away (> 60m)
4789,ROLLINGBROOK LN,A,403,14.6,nearest non-residential (403)
5167,CEDAR DR,J,,3.9,nearest non-residential ()
2179,COURTRIGHT RD,,403,29.0,nearest non-residential (403)
20,CHANTRY DR,,447,15.6,nearest non-residential (447)
434,CHANTRY DR,,447,15.6,nearest non-residential (447)
3759,KIMBERLY WEST DR,UNIT 6,403,50.6,nearest non-residential (403)
4238,S HAMILTON RD,,426,83.9,nearest parcel 84m away (> 60m)
2041,PINE GROVE LN,,401,54.8,nearest non-residential (401)
3217,ELIM MANOR CT,,591,11.8,nearest non-residential (591)
2965,ELIM ESTATES DR,,591,15.8,nearest non-residential (591)
4245,EASTLAND SQUARE DR,,422,69.7,nearest parcel 70m away (> 60m)
5393,YORKSHIRE TERRACE DR,5A,403,50.9,nearest non-residential (403)
5521,CANTARA PL,4,403,22.1,nearest non-residential (403)
4541,LAKE SIDE S,,122,118.5,nearest parcel 118m away (> 60m)
4231,EASTLAND FOOD CT,,427,53.5,nearest non-residential (427)
1390,YORKLAND RD,,401,19.0,nearest non-residential (401)
2899,TENNYSON BLVD,C,685,117.3,nearest parcel 117m away (> 60m)
1929,OLDE COVENTRY RD E,,403,26.2,nearest non-residential (403)
4617,REFUGEE RD,3H,403,27.6,nearest non-residential (403)
1944,FOUNTAINVIEW CT,A,403,102.5,nearest parcel 103m away (> 60m)
594,CHANTRY DR,,447,15.6,nearest non-residential (447)
4535,LAKE SIDE S,K,122,107.4,nearest parcel 107m away (> 60m)
2764,BRANDY DR,103,403,54.5,nearest non-residential (403)
684,CHANTRY DR,,447,15.6,nearest non-residential (447)
5542,CANTARA PL,,403,44.1,nearest non-residential (403)
1894,COVENTRY CT,A,403,52.3,nearest non-residential (403)
6001,CHATFORD DR,,403,157.8,nearest parcel 158m away (> 60m)
2826,TENNYSON BLVD,D,403,91.9,nearest parcel 92m away (> 60m)
2756,EASTLAND MALL,,427,112.1,nearest parcel 112m away (> 60m)
2430,SHORE BLVD W,UNIT L,403,71.3,nearest parcel 71m away (> 60m)
2879,SHILLING DR,,403,71.8,nearest parcel 72m away (> 60m)
3941,MAUMEE BAY WAY,,510,85.7,nearest parcel 86m away (> 60m)
4573,MONMOUTH CT,208,403,66.0,nearest parcel 66m away (> 60m)
1881,NOE-BIXBY RD,,403,27.7,nearest non-residential (403)
5896,CHATFORD DR,F,403,104.7,nearest parcel 105m away (> 60m)
4505,LAKE SIDE S,B,400,134.1,nearest parcel 134m away (> 60m)
414,CHANTRY DR,,447,15.6,nearest non-residential (447)
5485,CHATFORD SQ,,403,97.9,nearest parcel 98m away (> 60m)
5704,GREENPINE ST,,400,78.7,nearest parcel 79m away (> 60m)
5896,CHATFORD DR,A,403,98.9,nearest parcel 99m away (> 60m)
80,CHANTRY DR,,447,15.6,nearest non-residential (447)
6641,MCNAUGHTEN CT,,425,46.0,nearest non-residential (425)
1794,CHANNINGWAY CT W,,403,22.0,nearest non-residential (403)
1934,FOUNTAINVIEW CT,,403,101.9,nearest parcel 102m away (> 60m)
1727,LONSDALE RD,,401,18.7,nearest non-residential (401)
2880,NATHANIEL BLVD,C,403,85.8,nearest parcel 86m away (> 60m)
5852,CHATFORD DR,,403,41.4,nearest non-residential (403)
2855,CITIZENS PL,A,403,95.9,nearest parcel 96m away (> 60m)
1891,NOE-BIXBY RD,,403,38.3,nearest non-residential (403)
4655,REFUGEE RD,3C,403,67.1,nearest parcel 67m away (> 60m)
1558,BANDERA CT,,403,47.0,nearest non-residential (403)
5642,SARANAC DR,,403,47.6,nearest non-residential (403)
4563,HEMINGWAY CT,D,685,70.1,nearest parcel 70m away (> 60m)
2871,MERRYMOUNT CT,D,403,121.7,nearest parcel 122m away (> 60m)
1983,FOUNTAINVIEW CT,,403,72.1,nearest parcel 72m away (> 60m)
2809,CITIZENS PL,C,403,99.3,nearest parcel 99m away (> 60m)
5735,CHANTRY DR,,426,62.4,nearest parcel 62m away (> 60m)
3581,REFUGEE RD,,499,114.4,nearest parcel 114m away (> 60m)
3753,BUCKMAN ST,,500,19.3,nearest=vacant land
5528,CANTARA PL,,403,41.1,nearest non-residential (403)
446,CHANTRY DR,,447,15.6,nearest non-residential (447)
2495,EASTERN PINE RD,,403,113.3,nearest parcel 113m away (> 60m)
2207,SOFT WIND CT,,403,49.1,nearest non-residential (403)
2336,PETZINGER CT,,403,66.0,nearest parcel 66m away (> 60m)
130,CHANTRY DR,,447,15.6,nearest non-residential (447)
3725,KIMBERLY WEST DR,UNIT 2,600,75.3,nearest parcel 75m away (> 60m)
5780,HIBERNIA DR,A,403,70.7,nearest parcel 71m away (> 60m)
2317,SEVILLE AVE,,403,86.3,nearest parcel 86m away (> 60m)
5487,CHATFORD SQ,,403,100.1,nearest parcel 100m away (> 60m)
4659,REFUGEE RD,1A,403,71.9,nearest parcel 72m away (> 60m)
5947,MORRISSEY ST,,,54.8,nearest non-residential ()
5703,HIBERNIA DR,B,403,50.9,nearest non-residential (403)
2381,CANAL BAY WAY,,403,30.7,nearest non-residential (403)
5097,CEDAR DR,J,,21.5,nearest non-residential ()
4544,LAKE SIDE S,C,403,146.2,nearest parcel 146m away (> 60m)
4619,REFUGEE RD,2E,403,82.2,nearest parcel 82m away (> 60m)
2606,CHAPPEL CHASE,,403,81.1,nearest parcel 81m away (> 60m)
6735,MCNAUGHTEN CT,,425,46.0,nearest non-residential (425)
6007,LAKE CLUB SQ,,400,63.0,nearest parcel 63m away (> 60m)
4517,LAKE SIDE S,,400,114.7,nearest parcel 115m away (> 60m)
5628,HIBERNIA DR,C,403,41.0,nearest non-residential (403)
398,CHANTRY DR,,447,15.6,nearest non-residential (447)
5981,LAKE CLUB SQ,A,403,50.9,nearest non-residential (403)
3751,SOFT WIND DR,,520,66.2,nearest parcel 66m away (> 60m)
5427,YORKSHIRE TERRACE DR,4C,403,21.5,nearest non-residential (403)
2722,TENNYSON BLVD,C,481,139.9,nearest parcel 140m away (> 60m)
5800,HIBERNIA DR,A,403,38.7,nearest non-residential (403)
6791,MCNAUGHTEN CT,,425,46.0,nearest non-residential (425)
3726,BONNETT CT,,550,102.4,nearest parcel 102m away (> 60m)
4525,LAKE SIDE N,D,403,155.4,nearest parcel 155m away (> 60m)
3757,BIRCHTREE LN,,403,22.1,nearest non-residential (403)
5685,BAIRSFORD CIR N,12,403,30.2,nearest non-residential (403)
5418,LONSDALE PL S,UNIT B,401,54.2,nearest non-residential (401)
1740,LONSDALE PL E,,403,84.8,nearest parcel 85m away (> 60m)
200,CHANTRY DR,,447,15.6,nearest non-residential (447)
2913,SHILLING DR,,403,24.2,nearest non-residential (403)
3180,ELIM MANOR CT,212,591,28.8,nearest non-residential (591)
2788,CITIZENS PL,A,403,54.7,nearest non-residential (403)
1285,YORKLAND RD,UNIT N,403,32.4,nearest non-residential (403)
4650,HILTON CORPORATE DR,102,484,105.9,nearest parcel 106m away (> 60m)
448,CHANTRY DR,,447,15.6,nearest non-residential (447)
6639,MCNAUGHTEN CT,,425,46.0,nearest non-residential (425)
2262,SEVILLE AVE,,403,17.5,nearest non-residential (403)
5553,CHATFORD DR,B,403,31.1,nearest non-residential (403)
2371,HUDSON BAY WAY,,510,109.5,nearest parcel 110m away (> 60m)
2052,S HAMILTON RD,,410,60.4,nearest parcel 60m away (> 60m)
5704,HIBERNIA DR,A,690,68.6,nearest parcel 69m away (> 60m)
3723,FRANCINE CT,,403,72.9,nearest parcel 73m away (> 60m)
4564,ISINGTON CT,207,403,68.9,nearest parcel 69m away (> 60m)
2166,RIVERDALE SQ E,,403,14.4,nearest non-residential (403)
2266,PETZINGER CT,,403,76.7,nearest parcel 77m away (> 60m)
1502,ABRAHAM WOODS,,,1.2,nearest non-residential ()
4257,EASTLAND FOOD CT,,427,80.3,nearest parcel 80m away (> 60m)
2779,CITIZENS PL,E,403,105.4,nearest parcel 105m away (> 60m)
3630,RIVERDALE SQ,,403,91.4,nearest parcel 91m away (> 60m)
2788,CITIZENS PL,C,403,50.6,nearest non-residential (403)
4215,DONLYN CT,,447,87.2,nearest parcel 87m away (> 60m)
3737,SOFT WIND DR,,520,65.8,nearest parcel 66m away (> 60m)
3146,S HAMILTON RD,,425,11.3,nearest non-residential (425)
1540,COBORA LN,,403,36.3,nearest non-residential (403)
2843,CITIZENS PL,B,499,93.7,nearest parcel 94m away (> 60m)
1890,FOUNTAINVIEW CT,,441,101.5,nearest parcel 102m away (> 60m)
4305,DONLYN CT,,447,35.0,nearest non-residential (447)
4802,ROLLINGBROOK LN,D,403,29.4,nearest non-residential (403)
2794,BERWICK SQ,,403,48.6,nearest non-residential (403)
3756,WESTPOINT DR,UNIT 4,403,34.6,nearest non-residential (403)
2195,SOFT WIND CT,,403,42.8,nearest non-residential (403)
4599,MONMOUTH CT,210,403,68.0,nearest parcel 68m away (> 60m)
3481,WESTPOINT DR,,500,17.6,nearest=vacant land
4172,ASTON MARTIN CT,,403,58.2,nearest non-residential (403)
4237,DONLYN CT,,447,35.0,nearest non-residential (447)
2307,PETZINGER CT,,640,13.3,nearest non-residential (640)
3755,KIMBERLY WEST DR,UNIT 1,403,55.9,nearest non-residential (403)
5821,CHANTRY DR,,426,24.5,nearest non-residential (426)
460,CHANTRY DR,,447,15.6,nearest non-residential (447)
4655,REFUGEE RD,2B,403,60.7,nearest parcel 61m away (> 60m)
5904,CHATFORD DR,A,449,105.0,nearest parcel 105m away (> 60m)
3699,MENDON PL,,403,50.0,nearest non-residential (403)
2875,WINCHESTER CT,A,499,28.3,nearest non-residential (499)
5141,CEDAR DR,A,,29.0,nearest non-residential ()
3810,SOFT WIND DR,,403,35.3,nearest non-residential (403)
2383,HUDSON BAY WAY,,510,113.0,nearest parcel 113m away (> 60m)
3265,WINTER LANE PARK,,510,89.9,nearest parcel 90m away (> 60m)
2023,BAIRSFORD DR,1A,520,92.1,nearest parcel 92m away (> 60m)
4640,HEBRIDES DR,C,403,122.4,nearest parcel 122m away (> 60m)
5711,HIBERNIA DR,,403,55.0,nearest non-residential (403)
464,CHANTRY DR,,447,15.6,nearest non-residential (447)
2874,MERRYMOUNT CT,C,403,150.4,nearest parcel 150m away (> 60m)
2915,TENNYSON BLVD,B,685,116.7,nearest parcel 117m away (> 60m)
654,CHANTRY DR,,447,15.6,nearest non-residential (447)
5592,MILLERSFIELD DR,,403,36.3,nearest non-residential (403)
5939,MORRISSEY ST,,,19.6,nearest non-residential ()
2800,MARWOOD CT,B,403,37.9,nearest non-residential (403)
4756,GROVES RD,,351,19.2,nearest non-residential (351)
2094,LAKE CLUB TER,,447,30.7,nearest non-residential (447)
3790,BUCKMAN ST,,500,4.1,nearest=vacant land
4655,HILTON CORPORATE DR,,670,33.5,nearest non-residential (670)
390,CHANTRY DR,,447,15.6,nearest non-residential (447)
5880,CHATFORD DR,C,403,36.6,nearest non-residential (403)
2566,PARK CRESCENT,,403,76.0,nearest parcel 76m away (> 60m)
5016,COVENTRY DR,,403,6.9,nearest non-residential (403)
2588,SUMMERWAY CT,,403,12.9,nearest non-residential (403)
6123,MCNAUGHTEN CT,,425,46.0,nearest non-residential (425)
3722,SOFT WIND DR,,403,108.2,nearest parcel 108m away (> 60m)
4242,EASTLAND FOOD CT,,427,60.9,nearest parcel 61m away (> 60m)
1281,MCNAUGHTEN RD,UNIT J,403,77.0,nearest parcel 77m away (> 60m)
8,CHANTRY DR,,447,15.6,nearest non-residential (447)
4616,HEBRIDES DR,B,403,105.0,nearest parcel 105m away (> 60m)
5747,HIBERNIA DR,A,403,37.2,nearest non-residential (403)
4563,HEMINGWAY CT,B,685,72.0,nearest parcel 72m away (> 60m)
4613,REFUGEE RD,3A,403,63.6,nearest parcel 64m away (> 60m)
5393,YORKSHIRE TERRACE DR,3C,403,48.0,nearest non-residential (403)
2790,GROSSE POINT,,403,66.7,nearest parcel 67m away (> 60m)
5878,YORKLAND CT,UNIT I,403,56.2,nearest non-residential (403)
3770,WESTPOINT DR,UNIT 1,403,29.6,nearest non-residential (403)
1782,CHANNINGWAY CT W,,403,28.3,nearest non-residential (403)
3221,WEBSTER DR,,403,63.8,nearest parcel 64m away (> 60m)
3444,REFUGEE RD,,480,123.6,nearest parcel 124m away (> 60m)
2586,SUMMERWAY CT,,403,20.7,nearest non-residential (403)
6247,MCNAUGHTEN CT,,425,46.0,nearest non-residential (425)
2720,BRANDY DR,102,458,54.2,nearest non-residential (458)
2045,LAKE CLUB TER,,403,39.8,nearest non-residential (403)
2907,TENNYSON BLVD,A,685,122.2,nearest parcel 122m away (> 60m)
2614,COURTRIGHT RD,,403,71.3,nearest parcel 71m away (> 60m)
5918,CHATFORD DR,,403,19.6,nearest non-residential (403)
4671,REFUGEE RD,1C,403,19.0,nearest non-residential (403)
2291,COURTRIGHT RD,,403,29.1,nearest non-residential (403)
2537,COURTRIGHT RD,,402,44.1,nearest non-residential (402)
3744,WESTPOINT DR,UNIT 4,403,58.2,nearest non-residential (403)
3748,SOFT WIND DR,,403,138.9,nearest parcel 139m away (> 60m)
1903,FOUNTAINVIEW CT,,403,67.5,nearest parcel 67m away (> 60m)
2585,KIMBERLY PKWY W,,403,62.2,nearest parcel 62m away (> 60m)
4617,REFUGEE RD,3B,403,16.9,nearest non-residential (403)
1775,BAIRSFORD CIR W,,403,54.2,nearest non-residential (403)
5009,COVENTRY DR,,403,42.6,nearest non-residential (403)
4555,LAKE SIDE N,C,403,157.3,nearest parcel 157m away (> 60m)
5986,ABERNATHY LN,,,7.3,nearest non-residential ()
1289,YORKLAND RD,UNIT B,403,25.1,nearest non-residential (403)
2613,SILVER OAK DR,,403,122.8,nearest parcel 123m away (> 60m)
5552,MILLERSFIELD DR,,403,85.1,nearest parcel 85m away (> 60m)
4299,KIMBERLY PKWY E,,400,41.5,nearest non-residential (400)
2411,SHORE BLVD E,J,403,58.7,nearest non-residential (403)
2573,SILVER OAK DR,,455,110.4,nearest parcel 110m away (> 60m)
3759,BIRCHTREE LN,,403,21.1,nearest non-residential (403)
5357,YORKSHIRE TERRACE DR,F,447,46.7,nearest non-residential (447)
2737,EASTLAND MALL,,427,37.9,nearest non-residential (427)
5680,SPRUCE TREE DR,,403,17.7,nearest non-residential (403)
3714,CHARBERT CT,,403,67.7,nearest parcel 68m away (> 60m)
538,CHANTRY DR,,447,15.6,nearest non-residential (447)
2460,SHORE BLVD W,C,403,91.8,nearest parcel 92m away (> 60m)
4597,REFUGEE RD,1G,403,42.6,nearest non-residential (403)
3136,S HAMILTON RD,,425,11.9,nearest non-residential (425)
5690,GREENPINE ST,,400,62.7,nearest parcel 63m away (> 60m)
590,CHANTRY DR,,447,15.6,nearest non-residential (447)
2491,SHORE BLVD E,C,122,147.3,nearest parcel 147m away (> 60m)
5580,AUTUMN CHASE DR,B,411,73.3,nearest parcel 73m away (> 60m)
2894,MERRYMOUNT CT,C,403,130.5,nearest parcel 130m away (> 60m)
2207,COURTSIDE DR,D,400,10.5,nearest non-residential (400)
1905,FOUNTAINVIEW CT,,403,68.6,nearest parcel 69m away (> 60m)
3480,WALNUT DR,,400,46.0,nearest non-residential (400)
4079,ROLLS ROYCE CT,,520,135.5,nearest parcel 136m away (> 60m)
2779,BERWICK SQ,,403,47.3,nearest non-residential (403)
2740,CITIZENS PL,B,403,167.3,nearest parcel 167m away (> 60m)
2078,PINE GROVE LN,,403,45.0,nearest non-residential (403)
4593,REFUGEE RD,3G,403,76.8,nearest parcel 77m away (> 60m)
3140,S HAMILTON RD,,425,6.8,nearest non-residential (425)
1751,LONSDALE RD,A,401,24.2,nearest non-residential (401)
5744,GREENPINE ST,,400,123.9,nearest parcel 124m away (> 60m)
2207,COURTSIDE DR,F,400,18.6,nearest non-residential (400)
1926,FOUNTAINVIEW CT,,403,97.5,nearest parcel 97m away (> 60m)
1737,LONSDALE RD,A,401,26.0,nearest non-residential (401)
5558,CHANTRY DR,,403,51.6,nearest non-residential (403)
5780,HIBERNIA DR,B,403,70.0,nearest parcel 70m away (> 60m)
1759,LONSDALE PL E,UNIT C,403,33.4,nearest non-residential (403)
5079,CEDAR DR,C,,18.0,nearest non-residential ()
5121,CEDAR DR,K,,28.9,nearest non-residential ()
4688,FENIMORE CT,D,403,138.6,nearest parcel 139m away (> 60m)
2791,CITIZENS PL,E,403,113.4,nearest parcel 113m away (> 60m)
5586,AUTUMN CHASE DR,,411,43.7,nearest non-residential (411)
4505,LAKE SIDE S,A,400,137.4,nearest parcel 137m away (> 60m)
2576,S HAMILTON RD,,425,57.0,nearest non-residential (425)
2630,BIRCHTREE WAY,,403,91.2,nearest parcel 91m away (> 60m)
2138,COURTRIGHT RD,,429,51.3,nearest non-residential (429)
5774,SPRUCE TREE DR,,403,151.7,nearest parcel 152m away (> 60m)
2409,SHORE BLVD E,,403,64.8,nearest parcel 65m away (> 60m)
5526,CANTARA PL,,403,31.2,nearest non-residential (403)
4601,REFUGEE RD,2H,403,62.8,nearest parcel 63m away (> 60m)
2421,SHORE BLVD E,A,403,53.8,nearest non-residential (403)
2195,DURANT AVE,,403,74.5,nearest parcel 74m away (> 60m)
5598,BAIRSFORD CIR N,,403,58.8,nearest non-residential (403)
4272,EASTLAND SQUARE DR,,426,106.0,nearest parcel 106m away (> 60m)
5742,HIBERNIA DR,B,403,70.1,nearest parcel 70m away (> 60m)
3344,TRADAN DR,,403,66.8,nearest parcel 67m away (> 60m)
5681,HIBERNIA DR,C,510,70.5,nearest parcel 70m away (> 60m)
5870,CHATFORD DR,F,403,20.3,nearest non-residential (403)
5448,LONSDALE PL S,UNIT C,403,19.7,nearest non-residential (403)
1944,FOUNTAINVIEW CT,F,403,116.5,nearest parcel 116m away (> 60m)
2233,COURTSIDE DR,H,400,50.0,nearest non-residential (400)
2785,CITIZENS PL,C,403,110.5,nearest parcel 110m away (> 60m)
5876,CHATFORD DR,A,403,29.0,nearest non-residential (403)
2098,S HAMILTON RD,,411,55.3,nearest non-residential (411)
620,CHANTRY DR,,447,15.6,nearest non-residential (447)
5981,LAKE CLUB SQ,E,403,46.2,nearest non-residential (403)
5544,MILLERSFIELD DR,,403,93.6,nearest parcel 94m away (> 60m)
4630,HILTON CORPORATE DR,205,484,126.0,nearest parcel 126m away (> 60m)
2597,SILVER OAK DR,,403,124.7,nearest parcel 125m away (> 60m)
5321,YORKSHIRE TERRACE DR,C,403,48.8,nearest non-residential (403)
2550,SILVER OAK DR,,403,86.8,nearest parcel 87m away (> 60m)
2608,NOE-BIXBY RD,B,510,68.7,nearest parcel 69m away (> 60m)
1588,LONSDALE RD,,403,46.3,nearest non-residential (403)
4225,EASTLAND FOOD CT,,427,47.2,nearest non-residential (427)
3862,BUCKMAN ST,,680,5.4,nearest non-residential (680)
2843,CITIZENS PL,H,403,91.6,nearest parcel 92m away (> 60m)
2274,SEVILLE AVE,,403,16.1,nearest non-residential (403)
5657,HIBERNIA DR,B,510,79.6,nearest parcel 80m away (> 60m)
2849,ROCKFORD LN,,403,106.4,nearest parcel 106m away (> 60m)
1909,OLDE COVENTRY RD E,,403,36.5,nearest non-residential (403)
5591,HIBERNIA DR,,510,61.1,nearest parcel 61m away (> 60m)
4582,MANDEVILLE CT,A,685,95.2,nearest parcel 95m away (> 60m)
2531,FRANKSWAY ST,,422,72.7,nearest parcel 73m away (> 60m)
2759,TENNYSON BLVD,,403,103.0,nearest parcel 103m away (> 60m)
2836,WYMAN CT,B,403,69.0,nearest parcel 69m away (> 60m)
5624,HIBERNIA DR,,403,48.3,nearest non-residential (403)
3754,SOFT WIND DR,,340,130.8,nearest parcel 131m away (> 60m)
6297,MCNAUGHTEN CT,,425,46.0,nearest non-residential (425)
5572,MILLERSFIELD DR,,403,56.8,nearest non-residential (403)
5393,YORKSHIRE TERRACE DR,6B,403,54.6,nearest non-residential (403)
4690,FENIMORE CT,D,403,149.3,nearest parcel 149m away (> 60m)
220,CHANTRY DR,,447,15.6,nearest non-residential (447)
3268,WINTER LANE PARK,,481,100.8,nearest parcel 101m away (> 60m)
2112,PINE GROVE LN,,403,23.1,nearest non-residential (403)
3784,SOFT WIND DR,,403,59.4,nearest non-residential (403)
2898,MERRYMOUNT CT,C,403,123.5,nearest parcel 123m away (> 60m)
348,CHANTRY DR,,447,15.6,nearest non-residential (447)
5730,HIBERNIA DR,B,403,82.6,nearest parcel 83m away (> 60m)
2293,PETZINGER CT,,640,29.6,nearest non-residential (640)
3825,BUCKMAN ST,,500,14.1,nearest=vacant land
6063,LAKE CLUB PL,,441,119.7,nearest parcel 120m away (> 60m)
4522,LAKE SIDE N,,400,129.6,nearest parcel 130m away (> 60m)
3721,CHARBERT CT,,403,71.2,nearest parcel 71m away (> 60m)
2775,BERWICK SQ,,403,35.9,nearest non-residential (403)
1986,FOUNTAINVIEW CT,B,403,71.6,nearest parcel 72m away (> 60m)
412,CHANTRY DR,,447,15.6,nearest non-residential (447)
5970,ABERNATHY LN,,,20.0,nearest non-residential ()
3645,FARTHING LN,,403,54.4,nearest non-residential (403)
518,CHANTRY DR,,447,15.6,nearest non-residential (447)
4630,HILTON CORPORATE DR,214,411,83.6,nearest parcel 84m away (> 60m)
2583,S HAMILTON RD,,425,25.3,nearest non-residential (425)
5393,YORKSHIRE TERRACE DR,6A,403,52.8,nearest non-residential (403)
2225,COURTSIDE DR,C,400,30.4,nearest non-residential (400)
3310,WINTER LANE PARK,,403,101.4,nearest parcel 101m away (> 60m)
4669,REFUGEE RD,3F,403,14.7,nearest non-residential (403)
5202,CEDAR DR,L,,9.1,nearest non-residential ()
5864,CHATFORD DR,,403,9.3,nearest non-residential (403)
3409,SUFFIELD,,510,88.5,nearest parcel 88m away (> 60m)
2335,HAMILTON RD,,425,14.2,nearest non-residential (425)
2262,SUNSHINE PL,,520,61.5,nearest parcel 62m away (> 60m)
5982,LAKE CLUB SQ,C,403,76.9,nearest parcel 77m away (> 60m)
2419,SHORE BLVD E,,403,62.5,nearest parcel 62m away (> 60m)
3233,ELIM MANOR CT,,591,25.1,nearest non-residential (591)
2300,SEVILLE AVE,,403,51.6,nearest non-residential (403)
5864,CHATFORD DR,G,403,8.9,nearest non-residential (403)
2381,SHORE BLVD E,C,403,129.3,nearest parcel 129m away (> 60m)
2748,CITIZENS PL,G,403,147.8,nearest parcel 148m away (> 60m)
2881,TENNYSON BLVD,102,403,117.5,nearest parcel 118m away (> 60m)
3844,BUCKMAN ST,,500,4.9,nearest=vacant land
3348,TRADAN DR,,400,79.2,nearest parcel 79m away (> 60m)
4262,S HAMILTON RD,,426,83.9,nearest parcel 84m away (> 60m)
3298,WINTER LANE PARK,,510,128.8,nearest parcel 129m away (> 60m)
5489,E LIVINGSTON AVE,,426,95.6,nearest parcel 96m away (> 60m)
3861,BUCKMAN ST,,500,11.0,nearest=vacant land
6003,LAKE CLUB CT,C,403,142.1,nearest parcel 142m away (> 60m)
6165,MCNAUGHTEN CT,,425,46.0,nearest non-residential (425)
2361,SHORE BLVD E,E,403,167.1,nearest parcel 167m away (> 60m)
4650,HILTON CORPORATE DR,112,484,77.5,nearest parcel 77m away (> 60m)
2401,SHORE BLVD E,B,403,70.6,nearest parcel 71m away (> 60m)
5123,CEDAR DR,J,,13.3,nearest non-residential ()
5757,KARENWAY DR,,401,44.7,nearest non-residential (401)
1951,FOUNTAINVIEW CT,,403,20.7,nearest non-residential (403)
3721,FRANCINE CT,,403,67.9,nearest parcel 68m away (> 60m)
5880,CHATFORD DR,H,403,48.3,nearest non-residential (403)
1847,COVENTRY LN,,403,63.8,nearest parcel 64m away (> 60m)
5822,CHATFORD DR,C,899,104.6,nearest parcel 105m away (> 60m)
4616,HEBRIDES DR,A,403,108.2,nearest parcel 108m away (> 60m)
3662,RIVERDALE SQ,,403,48.0,nearest non-residential (403)
5640,SARANAC DR,,403,47.2,nearest non-residential (403)
2748,CITIZENS PL,F,403,151.7,nearest parcel 152m away (> 60m)
660,CHANTRY DR,,447,15.6,nearest non-residential (447)
5415,YORKSHIRE TERRACE DR,5A,403,20.7,nearest non-residential (403)
4628,CHANNING TER,B,403,105.4,nearest parcel 105m away (> 60m)
5828,CHATFORD DR,D,899,91.6,nearest parcel 92m away (> 60m)
5502,DUNFIELD LN,4,403,56.9,nearest non-residential (403)
5712,GREENPINE ST,,400,75.7,nearest parcel 76m away (> 60m)
5985,LAKE CLUB SQ,,403,34.8,nearest non-residential (403)
5004,MYERS RD,,403,38.3,nearest non-residential (403)
3306,SUFFIELD,,510,64.4,nearest parcel 64m away (> 60m)
5990,RADEKIN RD,,500,5.8,nearest=vacant land
4663,REFUGEE RD,2D,403,78.1,nearest parcel 78m away (> 60m)
2218,SUNSHINE PL,,520,97.7,nearest parcel 98m away (> 60m)
1885,FOUNTAINVIEW CT,,403,55.9,nearest non-residential (403)
4633,COLERIDGE CT,C,403,27.5,nearest non-residential (403)
4204,EASTLAND SQUARE DR,,422,49.7,nearest non-residential (422)
6445,MCNAUGHTEN CT,,425,46.0,nearest non-residential (425)
5427,YORKSHIRE TERRACE DR,4B,403,23.1,nearest non-residential (403)
4281,DONLYN CT,,447,33.6,nearest non-residential (447)
2541,FRANKSWAY ST,,422,40.0,nearest non-residential (422)
2716,EASTLAND MALL,,427,36.9,nearest non-residential (427)
6001,LAKE CLUB CT,A,403,151.6,nearest parcel 152m away (> 60m)
234,CHANTRY DR,,447,15.6,nearest non-residential (447)
1844,NOE-BIXBY RD,,660,68.2,nearest parcel 68m away (> 60m)
2545,SILVER OAK DR,,455,116.3,nearest parcel 116m away (> 60m)
2464,SHORE BLVD W,,403,102.0,nearest parcel 102m away (> 60m)
5878,YORKLAND CT,UNIT A,,47.4,nearest non-residential ()
5659,MAPLE TREE LN,,403,73.7,nearest parcel 74m away (> 60m)
4268,EASTLAND SQUARE DR,,426,110.1,nearest parcel 110m away (> 60m)
3727,BIRCHTREE LN,,403,77.2,nearest parcel 77m away (> 60m)
2802,MARWOOD CT,A,403,24.7,nearest non-residential (403)
6001,LAKE CLUB CT,E,403,150.3,nearest parcel 150m away (> 60m)
488,CHANTRY DR,,447,15.6,nearest non-residential (447)
3844,MAUMEE BAY WAY,,403,64.8,nearest parcel 65m away (> 60m)
2804,S HAMILTON RD,,435,69.5,nearest parcel 70m away (> 60m)
2255,PETZINGER CT,,420,80.1,nearest parcel 80m away (> 60m)
1281,MCNAUGHTEN RD,UNIT B,403,70.7,nearest parcel 71m away (> 60m)
2091,LAKE CLUB TER,D,400,73.9,nearest parcel 74m away (> 60m)
2717,EASTLAND MALL,,427,70.8,nearest parcel 71m away (> 60m)
4590,LAKE SIDE N,J,351,148.7,nearest parcel 149m away (> 60m)
3726,KIMBERLY WEST DR,,403,80.5,nearest parcel 81m away (> 60m)
2199,ROTUNDA DR,,403,16.6,nearest non-residential (403)
2806,GROSSE POINT,,403,29.5,nearest non-residential (403)
1936,OLDE COVENTRY RD E,,510,60.9,nearest parcel 61m away (> 60m)
1777,CHANNINGWAY CT W,,403,66.4,nearest parcel 66m away (> 60m)
3736,EMRICK CT,,403,48.3,nearest non-residential (403)
2726,TENNYSON BLVD,C,481,143.7,nearest parcel 144m away (> 60m)
4611,REFUGEE RD,1C,403,88.6,nearest parcel 89m away (> 60m)
1907,OLDE COVENTRY RD E,,403,39.4,nearest non-residential (403)
5795,MAPLE TREE LN,,403,159.8,nearest parcel 160m away (> 60m)
2821,WYMAN CT,,403,65.3,nearest parcel 65m away (> 60m)
4607,REFUGEE RD,2B,403,62.5,nearest parcel 62m away (> 60m)
3868,BUCKMAN ST,,500,7.2,nearest=vacant land
2091,LAKE CLUB TER,G,400,67.6,nearest parcel 68m away (> 60m)
4652,CHANNING TER,A,403,115.8,nearest parcel 116m away (> 60m)
5420,LONSDALE PL N,UNIT D,439,26.6,nearest non-residential (439)
296,CHANTRY DR,,447,15.6,nearest non-residential (447)
2023,BAIRSFORD DR,1F,520,69.4,nearest parcel 69m away (> 60m)
1963,FOUNTAINVIEW CT,,403,38.1,nearest non-residential (403)
1793,CHANNINGWAY CT E,,403,42.2,nearest non-residential (403)
2772,BERWICK SQ,,403,2.4,nearest non-residential (403)
2852,CITIZENS PL,E,403,82.7,nearest parcel 83m away (> 60m)
5904,CHATFORD DR,F,449,105.4,nearest parcel 105m away (> 60m)
3663,RIVERDALE SQ,,625,40.7,nearest non-residential (625)
2451,SHORE BLVD E,C,403,60.2,nearest parcel 60m away (> 60m)
4586,ISINGTON CT,203,403,95.4,nearest parcel 95m away (> 60m)
1793,BAIRSFORD DR,,680,49.4,nearest non-residential (680)
2706,EASTLAND MALL,,427,99.9,nearest parcel 100m away (> 60m)
4243,EASTLAND FOOD CT,,427,58.1,nearest non-residential (427)
1767,CHANNINGWAY CT W,,403,74.7,nearest parcel 75m away (> 60m)
5501,E LIVINGSTON AVE,,426,114.6,nearest parcel 115m away (> 60m)
3179,WEBSTER DR,,403,93.2,nearest parcel 93m away (> 60m)
2740,CITIZENS PL,F,481,165.3,nearest parcel 165m away (> 60m)
4273,DONLYN CT,,447,35.0,nearest non-residential (447)
2464,HUDSON BAY WAY,,403,88.0,nearest parcel 88m away (> 60m)
6309,MCNAUGHTEN CT,,425,46.0,nearest non-residential (425)
6485,MCNAUGHTEN CT,,425,46.0,nearest non-residential (425)
4221,DONLYN CT,,447,35.0,nearest non-residential (447)
5985,ABERNATHY LN,,,9.9,nearest non-residential ()
3988,KIMBERLY PKWY N,,401,39.7,nearest non-residential (401)
6003,LAKE CLUB CT,E,403,141.4,nearest parcel 141m away (> 60m)
5543,CHATFORD DR,,403,29.8,nearest non-residential (403)
5501,E LIVINGSTON AVE,UNIT B,426,109.2,nearest parcel 109m away (> 60m)
3735,KIMBERLY PKWY N,,550,80.3,nearest parcel 80m away (> 60m)
1836,NOE-BIXBY RD,,660,80.0,nearest parcel 80m away (> 60m)
1904,OLDE COVENTRY RD E,,403,57.6,nearest non-residential (403)
4667,REFUGEE RD,2D,403,29.0,nearest non-residential (403)
2617,SILVER OAK DR,,403,113.1,nearest parcel 113m away (> 60m)
3752,NOAM CT,,550,64.3,nearest parcel 64m away (> 60m)
5533,CANTARA PL,6,403,9.5,nearest non-residential (403)
4656,HEBRIDES DR,A,403,117.5,nearest parcel 118m away (> 60m)
6597,MCNAUGHTEN CT,,425,46.0,nearest non-residential (425)
5489,E LIVINGSTON AVE,UNIT A,426,93.7,nearest parcel 94m away (> 60m)
3665,MENDON PL,,400,76.1,nearest parcel 76m away (> 60m)
2730,EASTLAND MALL,,427,28.5,nearest non-residential (427)
1311,YORKLAND RD,UNIT,,2.9,nearest non-residential ()
4289,EASTLAND SQUARE DR,,422,89.6,nearest parcel 90m away (> 60m)
1810,CHANNINGWAY CT W,,403,24.4,nearest non-residential (403)
3269,WINTER LANE PARK,,510,78.0,nearest parcel 78m away (> 60m)
4794,REFUGEE RD,C,510,65.0,nearest parcel 65m away (> 60m)
3316,SUFFIELD,,510,63.7,nearest parcel 64m away (> 60m)
2635,SILVER OAK DR,,403,123.8,nearest parcel 124m away (> 60m)
2891,MERRYMOUNT CT,B,403,93.8,nearest parcel 94m away (> 60m)
4789,ROLLINGBROOK LN,B,403,13.2,nearest non-residential (403)
4224,EASTLAND SQUARE DR,,422,94.0,nearest parcel 94m away (> 60m)
2418,HUDSON BAY WAY,,510,98.5,nearest parcel 98m away (> 60m)
5908,CHATFORD DR,D,449,105.7,nearest parcel 106m away (> 60m)
4093,JENERA PL,,403,61.7,nearest parcel 62m away (> 60m)
5878,YORKLAND CT,UNIT H,403,46.8,nearest non-residential (403)
3289,WINTER LANE PARK,,510,89.8,nearest parcel 90m away (> 60m)
1880,NOE-BIXBY RD,,403,90.9,nearest parcel 91m away (> 60m)
2780,CITIZENS PL,D,403,97.2,nearest parcel 97m away (> 60m)
2788,MARWOOD CT,,403,71.0,nearest parcel 71m away (> 60m)
2766,BERWICK SQ,,403,18.6,nearest non-residential (403)
4605,REFUGEE RD,3B,403,62.9,nearest parcel 63m away (> 60m)
4566,LAKE SIDE N,,351,160.9,nearest parcel 161m away (> 60m)
4299,DONLYN CT,,447,35.0,nearest non-residential (447)
2140,SUNSHINE PL,,400,122.8,nearest parcel 123m away (> 60m)
2246,S HAMILTON RD,105,425,58.5,nearest non-residential (425)
1910,OLDE COVENTRY RD E,,403,63.7,nearest parcel 64m away (> 60m)
5840,CHATFORD DR,I,899,67.8,nearest parcel 68m away (> 60m)
4525,LAKE SIDE N,H,403,144.1,nearest parcel 144m away (> 60m)
4630,HILTON CORPORATE DR,112,411,89.3,nearest parcel 89m away (> 60m)
4536,LAKE SIDE S,B,403,140.0,nearest parcel 140m away (> 60m)
3406,REFUGEE RD,,400,79.1,nearest parcel 79m away (> 60m)
6289,MCNAUGHTEN CT,,425,46.0,nearest non-residential (425)
2195,SUNSHINE PL,,403,38.9,nearest non-residential (403)
5772,SPRUCE TREE DR,,403,150.1,nearest parcel 150m away (> 60m)
5079,CEDAR DR,D,,14.4,nearest non-residential ()
5030,COVENTRY DR,C,403,44.3,nearest non-residential (403)
5665,HIBERNIA DR,A,510,63.4,nearest parcel 63m away (> 60m)
4630,HILTON CORPORATE DR,203,411,124.7,nearest parcel 125m away (> 60m)
6145,MCNAUGHTEN CT,,425,46.0,nearest non-residential (425)
6002,LAKE CLUB CT,D,449,149.8,nearest parcel 150m away (> 60m)
4253,KIMBERLY PKWY,,425,25.6,nearest non-residential (425)
4601,REFUGEE RD,2I,403,50.6,nearest non-residential (403)
5165,CEDAR DR,A,,30.3,nearest non-residential ()
5656,HIBERNIA DR,C,403,48.2,nearest non-residential (403)
5095,CEDAR DR,L,,26.4,nearest non-residential ()
5125,CEDAR DR,,,30.2,nearest non-residential ()
3223,WEBSTER DR,,403,57.8,nearest non-residential (403)
5998,LAKE CLUB SQ,,430,110.2,nearest parcel 110m away (> 60m)
5095,CEDAR DR,B,,19.9,nearest non-residential ()
4617,REFUGEE RD,1B,403,21.4,nearest non-residential (403)
2847,ROCKFORD LN,,403,96.7,nearest parcel 97m away (> 60m)
4609,HILTON CORPORATE DR,,670,81.0,nearest parcel 81m away (> 60m)
5079,CEDAR DR,J,,25.5,nearest non-residential ()
2052,PINE NEEDLE CT,,401,40.5,nearest non-residential (401)
2245,GARNET PL,,403,11.7,nearest non-residential (403)
4599,WORDSWORTH CT,,403,112.2,nearest parcel 112m away (> 60m)
4651,COLERIDGE CT,D,403,74.7,nearest parcel 75m away (> 60m)
6455,MCNAUGHTEN CT,,425,46.0,nearest non-residential (425)
1961,BRICE RD,,449,38.3,nearest non-residential (449)
4111,ALVADA ST,,403,45.1,nearest non-residential (403)
4644,HEBRIDES DR,B,403,119.6,nearest parcel 120m away (> 60m)
2581,SILVER OAK DR,,455,113.3,nearest parcel 113m away (> 60m)
4527,LAKE SIDE S,,122,127.8,nearest parcel 128m away (> 60m)
6589,MCNAUGHTEN CT,,425,46.0,nearest non-residential (425)
1959,FOUNTAINVIEW CT,,403,33.7,nearest non-residential (403)
3200,WINTER LANE PARK,,400,80.7,nearest parcel 81m away (> 60m)
5095,CEDAR DR,H,,26.7,nearest non-residential ()
2163,S JAMES RD,,351,31.6,nearest non-residential (351)
2549,SILVER OAK DR,,455,113.6,nearest parcel 114m away (> 60m)
4592,MONMOUTH CT,,403,42.5,nearest non-residential (403)
1969,BAIRSFORD DR,,520,63.5,nearest parcel 63m away (> 60m)
6799,MCNAUGHTEN CT,,425,46.0,nearest non-residential (425)
5490,CHATFORD SQ,,403,7.0,nearest non-residential (403)
4650,HILTON CORPORATE DR,213,484,90.0,nearest parcel 90m away (> 60m)
4630,HILTON CORPORATE DR,212,411,87.3,nearest parcel 87m away (> 60m)
2825,CITIZENS PL,C,403,79.2,nearest parcel 79m away (> 60m)
5991,ABERNATHY LN,,,7.8,nearest non-residential ()
2851,CITIZENS PL,E,435,96.0,nearest parcel 96m away (> 60m)
1964,FOUNTAINVIEW CT,,403,108.3,nearest parcel 108m away (> 60m)
4110,JENERA PL,,403,63.3,nearest parcel 63m away (> 60m)
5964,SCARBOROUGH BLVD,,429,37.3,nearest non-residential (429)
5616,HIBERNIA DR,A,403,65.0,nearest parcel 65m away (> 60m)
4678,FENIMORE CT,B,403,105.7,nearest parcel 106m away (> 60m)
4980,OLDE COVENTRY RD W,,403,72.9,nearest parcel 73m away (> 60m)
3238,WINTER LANE PARK,,400,66.8,nearest parcel 67m away (> 60m)
2801,GROSSE POINT,,403,93.9,nearest parcel 94m away (> 60m)
2779,CITIZENS PL,F,403,110.6,nearest parcel 111m away (> 60m)
2731,TENNYSON BLVD,D,481,156.3,nearest parcel 156m away (> 60m)
4525,LAKE SIDE S,A,122,129.6,nearest parcel 130m away (> 60m)
6795,MCNAUGHTEN CT,,425,46.0,nearest non-residential (425)
3153,WEBSTER DR,,458,85.5,nearest parcel 85m away (> 60m)
1785,BAIRSFORD CIR W,,403,51.6,nearest non-residential (403)
2505,EASTERN PINE RD,,403,81.6,nearest parcel 82m away (> 60m)
2601,KIMBERLY PKWY W,,403,26.2,nearest non-residential (403)
2954,NATHANIEL BLVD,,403,122.2,nearest parcel 122m away (> 60m)
6275,MCNAUGHTEN CT,,425,46.0,nearest non-residential (425)
1727,LONSDALE RD,B,401,21.0,nearest non-residential (401)
1781,CHANNINGWAY CT E,,499,27.8,nearest non-residential (499)
4665,REFUGEE RD,1F,403,76.8,nearest parcel 77m away (> 60m)
2817,CITIZENS PL,G,403,89.8,nearest parcel 90m away (> 60m)
3191,WEBSTER DR,,403,65.6,nearest parcel 66m away (> 60m)
5765,SPRUCE TREE DR,,400,135.2,nearest parcel 135m away (> 60m)
3233,WEBSTER DR,,403,46.9,nearest non-residential (403)
5699,MAPLE TREE LN,,403,86.3,nearest parcel 86m away (> 60m)
4642,HEBRIDES DR,B,403,127.7,nearest parcel 128m away (> 60m)
2528,BENIE CT,,403,26.3,nearest non-residential (403)
6323,MCNAUGHTEN CT,,425,46.0,nearest non-residential (425)
5870,CHATFORD DR,E,403,5.3,nearest non-residential (403)
5737,SPRUCE TREE DR,,400,112.3,nearest parcel 112m away (> 60m)
2190,MUIRWOOD DR,,403,69.6,nearest parcel 70m away (> 60m)
4585,ISINGTON CT,C,685,138.4,nearest parcel 138m away (> 60m)
5435,LONSDALE PL N,,439,56.3,nearest non-residential (439)
2329,HAMILTON RD,,425,14.2,nearest non-residential (425)
454,CHANTRY DR,,447,15.6,nearest non-residential (447)
4560,LAKE SIDE N,A,351,179.6,nearest parcel 180m away (> 60m)
1803,CHANNINGWAY CT E,,403,43.2,nearest non-residential (403)
5539,CANTARA PL,1,403,18.7,nearest non-residential (403)
2824,BANWICK RD,,351,62.7,nearest parcel 63m away (> 60m)
2240,SEVILLE AVE,,403,59.0,nearest non-residential (403)
3931,MAUMEE BAY WAY,,510,97.2,nearest parcel 97m away (> 60m)
3797,REFUGEE RD,,500,28.8,nearest=vacant land
4501,LAKE SIDE S,C,400,115.0,nearest parcel 115m away (> 60m)
628,CHANTRY DR,,447,15.6,nearest non-residential (447)
2049,PINE NEEDLE CT,,401,8.9,nearest non-residential (401)
3211,WEBSTER DR,,480,63.7,nearest parcel 64m away (> 60m)
5401,LONSDALE PL S,UNIT A,401,45.6,nearest non-residential (401)
4615,WORDSWORTH CT,A,403,61.8,nearest parcel 62m away (> 60m)
3739,KIMBERLY WEST DR,UNIT 4,403,73.5,nearest parcel 74m away (> 60m)
4690,FENIMORE CT,A,403,146.8,nearest parcel 147m away (> 60m)
4655,REFUGEE RD,3D,403,66.7,nearest parcel 67m away (> 60m)
2646,SILVER OAK DR,,403,90.4,nearest parcel 90m away (> 60m)
5707,HIBERNIA DR,B,403,40.7,nearest non-residential (403)
5079,CEDAR DR,E,,11.3,nearest non-residential ()
1916,FOUNTAINVIEW CT,,403,80.7,nearest parcel 81m away (> 60m)
2078,SUNSHINE PL,,403,58.5,nearest non-residential (403)
2392,HUDSON BAY WAY,,510,76.2,nearest parcel 76m away (> 60m)
4651,COLERIDGE CT,B,403,78.6,nearest parcel 79m away (> 60m)
2522,BENIE CT,,403,16.0,nearest non-residential (403)
1952,FOUNTAINVIEW CT,,403,121.0,nearest parcel 121m away (> 60m)
496,CHANTRY DR,,447,15.6,nearest non-residential (447)
1879,BAIRSFORD DR,,520,82.0,nearest parcel 82m away (> 60m)
2178,SUNSHINE PL,,403,62.2,nearest parcel 62m away (> 60m)
3732,SOFT WIND DR,,520,116.0,nearest parcel 116m away (> 60m)
3935,MAUMEE BAY WAY,,510,93.3,nearest parcel 93m away (> 60m)
6143,MCNAUGHTEN CT,,425,46.0,nearest non-residential (425)
2132,SUNSHINE PL,,400,114.6,nearest parcel 115m away (> 60m)
3328,TRADAN DR,,403,42.0,nearest non-residential (403)
5644,HIBERNIA DR,A,403,25.4,nearest non-residential (403)
1813,BAIRSFORD DR,2E,403,16.9,nearest non-residential (403)
6043,LAKE CLUB PL,,441,127.6,nearest parcel 128m away (> 60m)
2826,CITIZENS PL,C,403,33.3,nearest non-residential (403)
1289,YORKLAND RD,UNIT D,403,23.1,nearest non-residential (403)
2264,MUIRWOOD DR,,403,60.1,nearest parcel 60m away (> 60m)
4505,LAKE SIDE N,G,400,134.5,nearest parcel 134m away (> 60m)
5763,SPRUCE TREE DR,,400,140.1,nearest parcel 140m away (> 60m)
1851,COVENTRY LN,,403,62.4,nearest parcel 62m away (> 60m)
5536,DUNFIELD LN,,403,28.7,nearest non-residential (403)
5620,HIBERNIA DR,C,403,55.6,nearest non-residential (403)
2720,BRANDY DR,101,458,53.1,nearest non-residential (458)
2568,SILVER OAK DR,,403,71.4,nearest parcel 71m away (> 60m)
5726,HIBERNIA DR,A,403,79.8,nearest parcel 80m away (> 60m)
4237,EASTLAND SQUARE DR,,422,57.1,nearest non-residential (422)
2277,SEVILLE AVE,,403,46.9,nearest non-residential (403)
2881,TENNYSON BLVD,212,403,134.1,nearest parcel 134m away (> 60m)
5615,E MAIN ST,,403,101.4,nearest parcel 101m away (> 60m)
4561,MANDEVILLE CT,A,455,105.9,nearest parcel 106m away (> 60m)
1862,COVENTRY LN,,403,21.3,nearest non-residential (403)
1967,FOUNTAINVIEW CT,,403,29.7,nearest non-residential (403)
4593,MONMOUTH CT,,403,86.4,nearest parcel 86m away (> 60m)
1941,FOUNTAINVIEW CT,,403,25.3,nearest non-residential (403)
5462,LONSDALE PL N,UNIT A,403,52.1,nearest non-residential (403)
5508,CHATFORD SQ,,403,53.5,nearest non-residential (403)
6489,MCNAUGHTEN CT,,425,46.0,nearest non-residential (425)
4558,ISINGTON CT,,403,71.8,nearest parcel 72m away (> 60m)
2152,MUIRWOOD DR,,481,125.8,nearest parcel 126m away (> 60m)
2565,SILVER OAK DR,,455,102.8,nearest parcel 103m away (> 60m)
4619,REFUGEE RD,3A,403,62.3,nearest parcel 62m away (> 60m)
1607,LONSDALE RD,,403,70.0,nearest parcel 70m away (> 60m)
3228,ELIM MANOR CT,,591,52.5,nearest non-residential (591)
6581,MCNAUGHTEN CT,,425,46.0,nearest non-residential (425)
6481,MCNAUGHTEN CT,,425,46.0,nearest non-residential (425)
2425,KIMBERLY PKWY E,2,412,38.7,nearest non-residential (412)
3769,KIMBERLY WEST DR,,403,68.0,nearest parcel 68m away (> 60m)
5484,DUNFIELD LN,2,403,48.6,nearest non-residential (403)
2627,BIRCHTREE CT,,403,56.7,nearest non-residential (403)
5766,HIBERNIA DR,B,403,58.4,nearest non-residential (403)
6139,MCNAUGHTEN CT,,425,46.0,nearest non-residential (425)
3653,PETZINGER RD,,403,82.1,nearest parcel 82m away (> 60m)
2225,COURTSIDE DR,B,400,34.1,nearest non-residential (400)
2866,MERRYMOUNT CT,D,403,164.0,nearest parcel 164m away (> 60m)
1813,BAIRSFORD DR,2F,403,13.9,nearest non-residential (403)
4617,REFUGEE RD,3D,403,7.1,nearest non-residential (403)
4232,EASTLAND SQUARE DR,,422,105.2,nearest parcel 105m away (> 60m)
2431,CHELSEA CT,,403,53.3,nearest non-residential (403)
3294,WINTER LANE PARK,,481,125.5,nearest parcel 125m away (> 60m)
2590,CHAPPEL CHASE,,403,80.3,nearest parcel 80m away (> 60m)
5611,HIBERNIA DR,B,510,80.1,nearest parcel 80m away (> 60m)
2232,MUIRWOOD DR,,403,18.6,nearest non-residential (403)
278,CHANTRY DR,,447,15.6,nearest non-residential (447)
3242,ELIM MANOR CT,,591,67.4,nearest parcel 67m away (> 60m)
4620,CHANNING TER,D,403,102.3,nearest parcel 102m away (> 60m)
2493,COURTRIGHT RD,,401,29.9,nearest non-residential (401)
2207,COURTSIDE DR,G,400,9.4,nearest non-residential (400)
2790,NEWCASTLE CT,,403,33.0,nearest non-residential (403)
5890,CHATFORD DR,,403,19.6,nearest non-residential (403)
4953,MYERS RD,,401,3.3,nearest non-residential (401)
2055,LAKE CLUB TER,,403,24.1,nearest non-residential (403)
2437,SHORE BLVD E,,403,45.0,nearest non-residential (403)
4596,MONMOUTH CT,,403,38.0,nearest non-residential (403)
2090,SUNSHINE PL,,403,50.4,nearest non-residential (403)
2744,BRANDY DR,101,403,30.7,nearest non-residential (403)
4667,REFUGEE RD,1A,403,40.2,nearest non-residential (403)
5592,AUTUMN CHASE DR,B,411,37.2,nearest non-residential (411)
290,CHANTRY DR,,447,15.6,nearest non-residential (447)
3835,RIVERCREEK BAY WAY,,510,66.5,nearest parcel 66m away (> 60m)
5938,SHANA DR,,499,62.8,nearest parcel 63m away (> 60m)
2786,CITIZENS PL,A,403,61.3,nearest parcel 61m away (> 60m)
664,CHANTRY DR,,447,15.6,nearest non-residential (447)
3730,BONNETT CT,,550,92.8,nearest parcel 93m away (> 60m)
4661,REFUGEE RD,1C,403,74.9,nearest parcel 75m away (> 60m)
632,CHANTRY DR,,447,15.6,nearest non-residential (447)
5481,E LIVINGSTON AVE,UNIT D,426,84.6,nearest parcel 85m away (> 60m)
5984,LAKE CLUB SQ,,403,105.2,nearest parcel 105m away (> 60m)
2007,BAIRSFORD DR,,520,86.2,nearest parcel 86m away (> 60m)
1946,FOUNTAINVIEW CT,D,403,107.2,nearest parcel 107m away (> 60m)
6599,MCNAUGHTEN CT,,425,46.0,nearest non-residential (425)
2184,ROTUNDA DR,,500,16.3,nearest=vacant land
4669,REFUGEE RD,3H,403,8.5,nearest non-residential (403)
6591,MCNAUGHTEN CT,,425,46.0,nearest non-residential (425)
3293,WINTER LANE PARK,,510,90.3,nearest parcel 90m away (> 60m)
2086,S HAMILTON RD,,411,85.6,nearest parcel 86m away (> 60m)
2896,NATHANIEL BLVD,,403,67.4,nearest parcel 67m away (> 60m)
2188,SUNSHINE PL,,403,69.7,nearest parcel 70m away (> 60m)
2607,SILVER OAK DR,,403,125.6,nearest parcel 126m away (> 60m)
5916,CHATFORD DR,G,449,141.1,nearest parcel 141m away (> 60m)
2136,CLOVERLEAF ST E,CATV,340,115.1,nearest parcel 115m away (> 60m)
4586,LAKE SIDE N,,351,159.4,nearest parcel 159m away (> 60m)
2168,RIVERDALE SQ E,,403,14.6,nearest non-residential (403)
5752,GREENPINE ST,,400,140.7,nearest parcel 141m away (> 60m)
2803,TENNYSON BLVD,,403,28.9,nearest non-residential (403)
2748,EASTLAND MALL,,427,74.3,nearest parcel 74m away (> 60m)
2881,TENNYSON BLVD,208,403,128.2,nearest parcel 128m away (> 60m)
2023,BAIRSFORD DR,2G,520,66.5,nearest parcel 67m away (> 60m)
2207,MUIRWOOD DR,,400,87.7,nearest parcel 88m away (> 60m)
4603,REFUGEE RD,1B,403,73.7,nearest parcel 74m away (> 60m)
5718,SARANAC DR,,520,60.9,nearest parcel 61m away (> 60m)
3887,MAUMEE BAY WAY,,680,95.9,nearest parcel 96m away (> 60m)
5030,COVENTRY DR,A,403,34.4,nearest non-residential (403)
2434,CHELSEA CT,,403,37.4,nearest non-residential (403)
6793,MCNAUGHTEN CT,,425,46.0,nearest non-residential (425)
2501,SHORE BLVD E,K,122,142.7,nearest parcel 143m away (> 60m)
2184,MUIRWOOD DR,,403,83.9,nearest parcel 84m away (> 60m)
5167,CEDAR DR,L,,15.4,nearest non-residential ()
3912,MAUMEE BAY WAY,,510,86.5,nearest parcel 86m away (> 60m)
5858,CHATFORD DR,G,403,29.6,nearest non-residential (403)
3900,REFUGEE RD,,438,25.9,nearest non-residential (438)
1877,BAIRSFORD DR,,520,80.3,nearest parcel 80m away (> 60m)
2515,COURTRIGHT RD,,401,64.7,nearest parcel 65m away (> 60m)
5633,HIBERNIA DR,,510,93.5,nearest parcel 93m away (> 60m)
4665,REFUGEE RD,1J,403,54.5,nearest non-residential (403)
2167,S JAMES RD,,371,39.9,nearest non-residential (371)
160,CHANTRY DR,,447,15.6,nearest non-residential (447)
2041,LAKE CLUB TER,,403,46.0,nearest non-residential (403)
5123,CEDAR DR,G,,8.3,nearest non-residential ()
4555,LAKE SIDE N,B,403,145.3,nearest parcel 145m away (> 60m)
3763,KIMBERLY WEST DR,,403,65.7,nearest parcel 66m away (> 60m)
3267,CALVEYLEE LN,,,14.7,nearest non-residential ()
2285,MUIRWOOD DR,,400,41.5,nearest non-residential (400)
4590,MONMOUTH CT,,403,46.0,nearest non-residential (403)
240,CHANTRY DR,,447,15.6,nearest non-residential (447)
5462,LONSDALE PL N,UNIT B,403,50.1,nearest non-residential (403)
1986,FOUNTAINVIEW CT,A,403,68.4,nearest parcel 68m away (> 60m)
4612,CHANNING TER,A,403,128.3,nearest parcel 128m away (> 60m)
4561,MANDEVILLE CT,B,455,108.3,nearest parcel 108m away (> 60m)
5097,CEDAR DR,D,,21.9,nearest non-residential ()
4650,HILTON CORPORATE DR,210,484,75.3,nearest parcel 75m away (> 60m)
58,CHANTRY DR,,447,15.6,nearest non-residential (447)
4603,REFUGEE RD,2A,403,63.2,nearest parcel 63m away (> 60m)
1762,LONSDALE PL E,UNIT C,403,73.1,nearest parcel 73m away (> 60m)
2141,RIVERDALE SQ E,,625,11.1,nearest non-residential (625)
5758,HIBERNIA DR,,403,41.0,nearest non-residential (403)
5099,CEDAR DR,B,,22.1,nearest non-residential ()
2851,CITIZENS PL,A,435,93.8,nearest parcel 94m away (> 60m)
2606,BIRCHTREE WAY,,403,92.5,nearest parcel 93m away (> 60m)
2736,EASTLAND MALL,,427,53.0,nearest non-residential (427)
2218,SEVILLE AVE,,403,86.8,nearest parcel 87m away (> 60m)
2129,COURTRIGHT RD,,403,19.6,nearest non-residential (403)
1858,COVENTRY LN,C,403,35.4,nearest non-residential (403)
5685,BAIRSFORD CIR N,13,403,29.7,nearest non-residential (403)
6379,MCNAUGHTEN CT,,425,46.0,nearest non-residential (425)
316,CHANTRY DR,,447,15.6,nearest non-residential (447)
2357,RANDY CT,,403,54.9,nearest non-residential (403)
3679,MENDON PL,,403,82.5,nearest parcel 83m away (> 60m)
4530,LAKE SIDE N,I,400,131.1,nearest parcel 131m away (> 60m)
2295,COURTRIGHT RD,,403,30.3,nearest non-residential (403)
5757,SPRUCE TREE DR,,400,144.8,nearest parcel 145m away (> 60m)
4655,REFUGEE RD,1C,403,74.2,nearest parcel 74m away (> 60m)
5769,KARENWAY DR,,,31.0,nearest non-residential ()
3664,RIVERDALE SQ,,403,46.4,nearest non-residential (403)
3267,WINTER LANE PARK,,510,96.0,nearest parcel 96m away (> 60m)
2870,WOOLWICH CT,211,685,118.1,nearest parcel 118m away (> 60m)
3262,CALVEYLEE LN,,,15.3,nearest non-residential ()
5095,CEDAR DR,J,,24.4,nearest non-residential ()
3927,MAUMEE BAY WAY,,510,101.5,nearest parcel 101m away (> 60m)
2894,MERRYMOUNT CT,A,403,128.0,nearest parcel 128m away (> 60m)
2527,FRANKSWAY ST,,422,89.1,nearest parcel 89m away (> 60m)
2810,NEWCASTLE CT,203,403,35.2,nearest non-residential (403)
4659,REFUGEE RD,2B,403,75.4,nearest parcel 75m away (> 60m)
5440,LONSDALE PL S,,403,43.7,nearest non-residential (403)
2744,BRANDY DR,103,403,31.1,nearest non-residential (403)
5452,CHATFORD SQ,,403,51.8,nearest non-residential (403)
5652,HIBERNIA DR,B,403,40.9,nearest non-residential (403)
492,CHANTRY DR,,447,15.6,nearest non-residential (447)
3211,ELIM MANOR CT,,591,12.7,nearest non-residential (591)
5013,COVENTRY DR,,403,36.5,nearest non-residential (403)
4525,LAKE SIDE N,A,403,151.2,nearest parcel 151m away (> 60m)
5742,HIBERNIA DR,,403,71.8,nearest parcel 72m away (> 60m)
5460,LONSDALE PL S,UNIT B,403,17.3,nearest non-residential (403)
5444,CHATFORD SQ,,403,41.8,nearest non-residential (403)
5715,SPRUCE TREE DR,,403,78.5,nearest parcel 79m away (> 60m)
5167,CEDAR DR,,,11.4,nearest non-residential ()
1854,COVENTRY LN,,403,46.2,nearest non-residential (403)
6065,LAKE CLUB PL,,441,120.7,nearest parcel 121m away (> 60m)
2177,SOFT WIND CT,,403,75.2,nearest parcel 75m away (> 60m)
5577,AUTUMN CHASE DR,A,411,42.8,nearest non-residential (411)
2579,SILVER OAK DR,,455,111.4,nearest parcel 111m away (> 60m)
5701,SPRUCE TREE DR,,403,67.2,nearest parcel 67m away (> 60m)
4091,JENERA PL,,403,55.2,nearest non-residential (403)
2103,PINE GROVE LN,,401,39.1,nearest non-residential (401)
5521,HUTCHINSTONE RD,,354,92.2,nearest parcel 92m away (> 60m)
3750,WESTPOINT DR,UNIT 3,403,52.9,nearest non-residential (403)
5731,CHANTRY DR,,426,74.1,nearest parcel 74m away (> 60m)
2822,BANWICK RD,,351,76.2,nearest parcel 76m away (> 60m)
3850,BUCKMAN ST,,500,5.5,nearest=vacant land
5083,CEDAR DR,E,,35.0,nearest non-residential ()
5730,SARANAC DR,,520,74.9,nearest parcel 75m away (> 60m)
2514,EASTERN PINE RD,,403,137.1,nearest parcel 137m away (> 60m)
3687,KIDRON CT,,403,94.3,nearest parcel 94m away (> 60m)
2450,SHORE BLVD W,L,480,97.2,nearest parcel 97m away (> 60m)
2280,SEVILLE AVE,,403,11.9,nearest non-residential (403)
2824,CITIZENS PL,G,403,13.6,nearest non-residential (403)
5575,AUTUMN CHASE DR,,411,50.0,nearest non-residential (411)
2382,CANAL BAY WAY,,403,12.8,nearest non-residential (403)
3718,NOAM CT,,520,86.9,nearest parcel 87m away (> 60m)
516,CHANTRY DR,,447,15.6,nearest non-residential (447)
2729,EASTLAND MALL,,427,25.9,nearest non-residential (427)
3272,TRADAN DR,,403,86.2,nearest parcel 86m away (> 60m)
2217,SEVILLE AVE,,403,114.8,nearest parcel 115m away (> 60m)
4545,LAKE SIDE N,A,403,150.2,nearest parcel 150m away (> 60m)
2849,CITIZENS PL,F,442,76.5,nearest parcel 76m away (> 60m)
50,CHANTRY DR,,447,15.6,nearest non-residential (447)
4557,LAKE SIDE S,D,122,79.6,nearest parcel 80m away (> 60m)
1490,ABRAHAM WOODS,,,12.0,nearest non-residential ()
4650,HILTON CORPORATE DR,207,484,84.8,nearest parcel 85m away (> 60m)
2724,TENNYSON BLVD,A,481,146.7,nearest parcel 147m away (> 60m)
3960,SOLDIER ST,,500,6.6,nearest=vacant land
4603,REFUGEE RD,2B,403,71.4,nearest parcel 71m away (> 60m)
2472,NOE-BIXBY RD,,500,22.3,nearest=vacant land
3871,MAUMEE BAY WAY,,680,76.3,nearest parcel 76m away (> 60m)
5083,CEDAR DR,K,,30.0,nearest non-residential ()
2805,BERWICK SQ,,403,3.3,nearest non-residential (403)
2813,TENNYSON BLVD,206,403,32.6,nearest non-residential (403)
3756,WESTPOINT DR,UNIT 3,403,40.5,nearest non-residential (403)
2822,WYMAN CT,,403,41.1,nearest non-residential (403)
2160,MUIRWOOD DR,,403,132.7,nearest parcel 133m away (> 60m)
1760,BAIRSFORD DR,,400,49.0,nearest non-residential (400)
3205,WEBSTER DR,,403,81.0,nearest parcel 81m away (> 60m)
2743,TENNYSON BLVD,C,403,137.0,nearest parcel 137m away (> 60m)
2604,BIRCHTREE WAY,,403,85.1,nearest parcel 85m away (> 60m)
4585,ISINGTON CT,D,685,141.9,nearest parcel 142m away (> 60m)
4582,HEMINGWAY CT,C,685,115.4,nearest parcel 115m away (> 60m)
5850,CHATFORD DR,,403,19.6,nearest non-residential (403)
2023,BAIRSFORD DR,2D,520,79.0,nearest parcel 79m away (> 60m)
5460,LONSDALE PL S,,403,20.0,nearest non-residential (403)
374,CHANTRY DR,,447,15.6,nearest non-residential (447)
2603,KIMBERLY PKWY W,,403,20.6,nearest non-residential (403)
3762,SOFT WIND DR,,403,100.2,nearest parcel 100m away (> 60m)
2582,S HAMILTON RD,,425,57.0,nearest non-residential (425)
2788,CITIZENS PL,H,403,56.2,nearest non-residential (403)
1879,FOUNTAINVIEW CT,I,899,64.8,nearest parcel 65m away (> 60m)
2122,MUIRWOOD DR,,400,127.5,nearest parcel 128m away (> 60m)
6313,MCNAUGHTEN CT,,425,46.0,nearest non-residential (425)
3387,SUFFIELD,,510,88.4,nearest parcel 88m away (> 60m)
5653,HIBERNIA DR,,510,84.5,nearest parcel 84m away (> 60m)
4650,HILTON CORPORATE DR,206,484,78.6,nearest parcel 79m away (> 60m)
6553,MCNAUGHTEN CT,,425,46.0,nearest non-residential (425)
2870,WOOLWICH CT,111,685,116.3,nearest parcel 116m away (> 60m)
4665,REFUGEE RD,2E,403,74.5,nearest parcel 74m away (> 60m)
5700,HIBERNIA DR,A,690,75.1,nearest parcel 75m away (> 60m)
6167,MCNAUGHTEN CT,,425,46.0,nearest non-residential (425)
2191,ROTUNDA DR,,403,16.7,nearest non-residential (403)
5496,DUNFIELD LN,4,403,62.5,nearest parcel 63m away (> 60m)
3747,EMRICK CT,,403,24.9,nearest non-residential (403)
5878,YORKLAND CT,UNIT J,403,46.8,nearest non-residential (403)
5884,CHATFORD DR,E,403,58.7,nearest non-residential (403)
2193,SUNSHINE PL,,403,34.2,nearest non-residential (403)
5700,HIBERNIA DR,B,690,75.1,nearest parcel 75m away (> 60m)
2946,NATHANIEL BLVD,,403,114.1,nearest parcel 114m away (> 60m)
6335,MCNAUGHTEN CT,,425,46.0,nearest non-residential (425)
6028,LAKE CLUB CT,,449,108.9,nearest parcel 109m away (> 60m)
3180,ELIM MANOR CT,108,591,11.9,nearest non-residential (591)
4250,S HAMILTON RD,,426,83.9,nearest parcel 84m away (> 60m)
524,CHANTRY DR,,447,15.6,nearest non-residential (447)
2056,PINE NEEDLE CT,,401,53.6,nearest non-residential (401)
5547,HIBERNIA DR,,640,80.2,nearest parcel 80m away (> 60m)
4576,MANDEVILLE CT,A,685,82.5,nearest parcel 83m away (> 60m)
5822,CHATFORD DR,E,899,98.7,nearest parcel 99m away (> 60m)
1285,YORKLAND RD,UNIT J,403,31.3,nearest non-residential (403)
2023,BAIRSFORD DR,2F,520,70.5,nearest parcel 71m away (> 60m)
2470,SHORE BLVD W,I,403,114.8,nearest parcel 115m away (> 60m)
6715,MCNAUGHTEN CT,,425,46.0,nearest non-residential (425)
4575,MANDEVILLE CT,B,685,104.5,nearest parcel 105m away (> 60m)
1972,FOUNTAINVIEW CT,,403,94.8,nearest parcel 95m away (> 60m)
5982,LAKE CLUB SQ,A,403,78.4,nearest parcel 78m away (> 60m)
5996,LAKE CLUB SQ,,403,111.6,nearest parcel 112m away (> 60m)
5702,GREENPINE ST,,400,71.6,nearest parcel 72m away (> 60m)
4990,COVENTRY CT S,,403,82.6,nearest parcel 83m away (> 60m)
2537,FRANKSWAY ST,,422,49.6,nearest non-residential (422)
5141,CEDAR DR,M,,8.7,nearest non-residential ()
2791,NEWCASTLE CT,A,403,64.1,nearest parcel 64m away (> 60m)
5595,HIBERNIA DR,B,510,62.8,nearest parcel 63m away (> 60m)
2250,SEVILLE AVE,,403,34.5,nearest non-residential (403)
2853,CITIZENS PL,G,436,102.7,nearest parcel 103m away (> 60m)
3235,WEBSTER DR,,403,47.3,nearest non-residential (403)
4597,REFUGEE RD,2G,403,38.7,nearest non-residential (403)
5692,SPRUCE TREE DR,,403,24.8,nearest non-residential (403)
2227,MUIRWOOD DR,,400,63.7,nearest parcel 64m away (> 60m)
3323,WINTER LANE PARK,,510,85.2,nearest parcel 85m away (> 60m)
1765,CHANNINGWAY CT W,,403,70.5,nearest parcel 70m away (> 60m)
5393,YORKSHIRE TERRACE DR,4B,403,46.8,nearest non-residential (403)
3760,WESTPOINT DR,UNIT 5,403,33.6,nearest non-residential (403)
5746,HIBERNIA DR,A,403,58.0,nearest non-residential (403)
4667,REFUGEE RD,1D,403,30.0,nearest non-residential (403)
4650,HILTON CORPORATE DR,308,484,72.0,nearest parcel 72m away (> 60m)
4234,EASTLAND FOOD CT,,427,52.6,nearest non-residential (427)
2507,SHORE BLVD E,,122,142.1,nearest parcel 142m away (> 60m)
5454,LONSDALE PL N,UNIT D,439,51.8,nearest non-residential (439)
3763,KIMBERLY WEST DR,UNIT 4,403,61.8,nearest parcel 62m away (> 60m)
6000,LAKE CLUB CT,E,403,151.2,nearest parcel 151m away (> 60m)
5869,CHANTRY DR,,422,77.2,nearest parcel 77m away (> 60m)
4505,LAKE SIDE S,C,400,134.2,nearest parcel 134m away (> 60m)
6000,LAKE CLUB SQ,,430,107.0,nearest parcel 107m away (> 60m)
2740,BRANDY DR,203,403,37.5,nearest non-residential (403)
1979,FOUNTAINVIEW CT,,403,81.6,nearest parcel 82m away (> 60m)
3386,WINTER LANE PARK,,403,10.3,nearest non-residential (403)
2750,TENNYSON BLVD,C,403,131.0,nearest parcel 131m away (> 60m)
6105,MCNAUGHTEN CENTER,,425,23.1,nearest non-residential (425)
4615,REFUGEE RD,1D,403,49.1,nearest non-residential (403)
4619,REFUGEE RD,1E,403,79.6,nearest parcel 80m away (> 60m)
1896,FOUNTAINVIEW CT,,441,94.4,nearest parcel 94m away (> 60m)
4525,LAKE SIDE N,F,403,151.9,nearest parcel 152m away (> 60m)
3257,WINTER LANE PARK,,510,92.5,nearest parcel 92m away (> 60m)
5099,CEDAR DR,J,,26.3,nearest non-residential ()
1571,CABORA LN,,403,37.3,nearest non-residential (403)
3231,WEBSTER DR,,403,46.0,nearest non-residential (403)
3755,KIMBERLY WEST DR,UNIT 4,403,55.3,nearest non-residential (403)
6028,BATHEREST CIR,,400,48.1,nearest non-residential (400)
4650,HILTON CORPORATE DR,218,484,82.2,nearest parcel 82m away (> 60m)
3929,KIMBERLY PKWY N,,550,88.8,nearest parcel 89m away (> 60m)
2233,COURTSIDE DR,B,400,46.2,nearest non-residential (400)
2740,BRANDY DR,104,403,34.3,nearest non-residential (403)
2051,PINE NEEDLE CT,,401,17.6,nearest non-residential (401)
3812,SOFT WIND DR,,403,30.0,nearest non-residential (403)
3939,RIVERCREEK BAY WAY,,510,62.2,nearest parcel 62m away (> 60m)
5506,CHATFORD SQ,,403,53.3,nearest non-residential (403)
2501,SHORE BLVD E,L,122,139.7,nearest parcel 140m away (> 60m)
5543,HIBERNIA DR,B,640,75.4,nearest parcel 75m away (> 60m)
4212,EASTLAND SQUARE DR,,422,73.1,nearest parcel 73m away (> 60m)
5587,AUTUMN CHASE DR,,411,30.0,nearest non-residential (411)
4973,COVENTRY CT S,,403,124.0,nearest parcel 124m away (> 60m)
4690,FENIMORE CT,B,403,150.1,nearest parcel 150m away (> 60m)
2778,TENNYSON BLVD,C,403,59.0,nearest non-residential (403)
6483,MCNAUGHTEN CT,,425,46.0,nearest non-residential (425)
5121,CEDAR DR,M,,28.1,nearest non-residential ()
3247,WEBSTER DR,,480,78.1,nearest parcel 78m away (> 60m)
3236,ELIM MANOR CT,,591,66.8,nearest parcel 67m away (> 60m)
4585,MONMOUTH CT,B,403,82.8,nearest parcel 83m away (> 60m)
4624,CHANNING TER,C,403,74.9,nearest parcel 75m away (> 60m)
650,CHANTRY DR,,447,15.6,nearest non-residential (447)
5081,CEDAR DR,M,,18.1,nearest non-residential ()
5490,DUNFIELD LN,5,403,56.7,nearest non-residential (403)
4663,REFUGEE RD,1C,403,82.4,nearest parcel 82m away (> 60m)
5670,MAPLE TREE LN,,403,107.4,nearest parcel 107m away (> 60m)
5781,SPRUCE TREE DR,,400,160.8,nearest parcel 161m away (> 60m)
4613,REFUGEE RD,3D,403,61.9,nearest parcel 62m away (> 60m)
4546,LAKE SIDE N,,350,159.7,nearest parcel 160m away (> 60m)
4524,LAKE SIDE S,B,403,141.6,nearest parcel 142m away (> 60m)
4561,MANDEVILLE CT,C,455,105.2,nearest parcel 105m away (> 60m)
3799,RIVERCREEK BAY WAY,,510,61.9,nearest parcel 62m away (> 60m)
3758,KIMBERLY WEST DR,,403,60.1,nearest parcel 60m away (> 60m)
2515,EASTERN PINE RD,,403,79.4,nearest parcel 79m away (> 60m)
3941,KIMBERLY PKWY N,,403,91.3,nearest parcel 91m away (> 60m)
5840,CHATFORD DR,B,899,74.4,nearest parcel 74m away (> 60m)
4650,HILTON CORPORATE DR,103,484,104.1,nearest parcel 104m away (> 60m)
3728,BONNETT CT,,550,97.4,nearest parcel 97m away (> 60m)
3966,SOLDIER ST,,500,6.3,nearest=vacant land
6067,LAKE CLUB PL,,449,118.1,nearest parcel 118m away (> 60m)
1289,YORKLAND RD,,403,18.8,nearest non-residential (403)
1317,YORKLAND RD,UNIT,,13.9,nearest non-residential ()
4565,MONMOUTH CT,,403,57.1,nearest non-residential (403)
3750,SOFT WIND DR,,403,127.8,nearest parcel 128m away (> 60m)
5616,HIBERNIA DR,C,403,62.3,nearest parcel 62m away (> 60m)
2794,TENNYSON BLVD,B,403,20.6,nearest non-residential (403)
4108,ALVADA ST,,403,89.5,nearest parcel 89m away (> 60m)
2828,TENNYSON BLVD,B,403,87.2,nearest parcel 87m away (> 60m)
3180,ELIM MANOR CT,110,591,10.8,nearest non-residential (591)
4650,HILTON CORPORATE DR,314,484,70.7,nearest parcel 71m away (> 60m)
1945,BAIRSFORD DR,,403,39.4,nearest non-residential (403)
2774,CITIZENS PL,C,403,116.4,nearest parcel 116m away (> 60m)
2217,SUNSHINE PL,,403,49.5,nearest non-residential (403)
2898,MERRYMOUNT CT,D,403,119.0,nearest parcel 119m away (> 60m)
4401,CROSSROADS CENTER,,420,26.3,nearest non-residential (420)
6577,MCNAUGHTEN CT,,425,46.0,nearest non-residential (425)
5614,AUTUMN CHASE DR,,411,13.2,nearest non-residential (411)
4659,REFUGEE RD,3B,403,73.9,nearest parcel 74m away (> 60m)
2430,KIMBERLY WOODS DR,,680,57.5,nearest non-residential (680)
5629,HIBERNIA DR,C,510,84.9,nearest parcel 85m away (> 60m)
6207,MCNAUGHTEN CT,,425,46.0,nearest non-residential (425)
24,CHANTRY DR,,447,15.6,nearest non-residential (447)
4609,REFUGEE RD,3K,403,61.6,nearest parcel 62m away (> 60m)
2793,BERWICK SQ,,403,12.5,nearest non-residential (403)
5567,HIBERNIA DR,A,510,82.2,nearest parcel 82m away (> 60m)
2371,SHORE BLVD E,C,403,153.6,nearest parcel 154m away (> 60m)
5613,E MAIN ST,,403,101.7,nearest parcel 102m away (> 60m)
4557,LAKE SIDE S,C,122,76.7,nearest parcel 77m away (> 60m)
4491,LAKE SIDE S,G,400,117.8,nearest parcel 118m away (> 60m)
5715,HIBERNIA DR,A,690,53.0,nearest non-residential (690)
2779,CITIZENS PL,H,403,106.2,nearest parcel 106m away (> 60m)
5769,SPRUCE TREE DR,,400,156.1,nearest parcel 156m away (> 60m)
6361,MCNAUGHTEN CT,,425,46.0,nearest non-residential (425)
2233,DURANT AVE,,403,55.5,nearest non-residential (403)
5880,YORKLAND CT,UNIT B,,35.9,nearest non-residential ()
2801,TENNYSON BLVD,,403,34.9,nearest non-residential (403)
2431,SHORE BLVD E,J,403,32.0,nearest non-residential (403)
5095,CEDAR DR,F,,28.6,nearest non-residential ()
3747,BUCKMAN ST,,500,18.4,nearest=vacant land
5740,SARANAC DR,,511,64.8,nearest parcel 65m away (> 60m)
4665,REFUGEE RD,1G,403,62.9,nearest parcel 63m away (> 60m)
3692,KIDRON CT,,350,99.1,nearest parcel 99m away (> 60m)
4180,ASTON MARTIN CT,,403,82.8,nearest parcel 83m away (> 60m)
5644,HIBERNIA DR,C,403,30.5,nearest non-residential (403)
5427,YORKSHIRE TERRACE DR,1B,403,20.0,nearest non-residential (403)
3719,DAWN CT,,403,72.8,nearest parcel 73m away (> 60m)
3686,MENDON PL,,403,82.0,nearest parcel 82m away (> 60m)
4619,REFUGEE RD,1J,403,57.9,nearest non-residential (403)
2100,MUIRWOOD DR,,400,134.2,nearest parcel 134m away (> 60m)
2747,WINCHESTER PIKE,,458,120.2,nearest parcel 120m away (> 60m)
2447,SHORE BLVD E,D,403,73.0,nearest parcel 73m away (> 60m)
5878,YORKLAND CT,UNIT G,403,55.9,nearest non-residential (403)
4659,REFUGEE RD,3A,403,68.8,nearest parcel 69m away (> 60m)
4595,REFUGEE RD,1D,403,63.9,nearest parcel 64m away (> 60m)
5478,CHATFORD SQ,,403,36.8,nearest non-residential (403)
1820,CHANNINGWAY CT W,,403,31.7,nearest non-residential (403)
6409,MCNAUGHTEN CT,,425,46.0,nearest non-residential (425)
2825,WYMAN CT,,403,72.3,nearest parcel 72m away (> 60m)
2682,SILVER OAK DR,,403,32.1,nearest non-residential (403)
6527,MCNAUGHTEN CT,,425,46.0,nearest non-residential (425)
5427,YORKSHIRE TERRACE DR,3A,403,23.2,nearest non-residential (403)
1842,COVENTRY LN,,403,56.1,nearest non-residential (403)
2447,SHORE BLVD E,A,403,82.5,nearest parcel 82m away (> 60m)
4993,COVENTRY DR,,403,85.1,nearest parcel 85m away (> 60m)
2574,SILVER OAK DR,,403,66.0,nearest parcel 66m away (> 60m)
2780,CITIZENS PL,G,403,92.9,nearest parcel 93m away (> 60m)
2054,PINE NEEDLE CT,,401,44.3,nearest non-residential (401)
5617,HIBERNIA DR,,403,92.6,nearest parcel 93m away (> 60m)
3263,SUNMARK AVE,,,14.1,nearest non-residential ()
2438,SHORE BLVD W,,403,59.8,nearest non-residential (403)
6243,MCNAUGHTEN CT,,425,46.0,nearest non-residential (425)
4599,REFUGEE RD,2D,403,48.9,nearest non-residential (403)
2880,NATHANIEL BLVD,D,403,83.1,nearest parcel 83m away (> 60m)
3911,RIVERCREEK BAY WAY,,403,68.2,nearest parcel 68m away (> 60m)
2035,LAKE CLUB TER,,403,47.6,nearest non-residential (403)
4545,LAKE SIDE S,F,122,87.1,nearest parcel 87m away (> 60m)
3180,ELIM MANOR CT,211,591,6.4,nearest non-residential (591)
5983,LAKE CLUB SQ,D,403,45.7,nearest non-residential (403)
4659,REFUGEE RD,2D,403,90.9,nearest parcel 91m away (> 60m)
3669,RIVERDALE SQ,,403,38.8,nearest non-residential (403)
3022,WINCHESTER PIKE,,403,63.3,nearest parcel 63m away (> 60m)
4323,DONLYN CT,,447,11.7,nearest non-residential (447)
2817,CITIZENS PL,F,403,86.8,nearest parcel 87m away (> 60m)
6197,MCNAUGHTEN CT,,425,46.0,nearest non-residential (425)
1751,LONSDALE RD,,401,15.2,nearest non-residential (401)
3608,RIVERDALE SQ,,511,68.1,nearest parcel 68m away (> 60m)
5489,E LIVINGSTON AVE,UNIT D,426,102.3,nearest parcel 102m away (> 60m)
1323,YORKLAND RD,UNIT,401,16.4,nearest non-residential (401)
2962,NATHANIEL BLVD,D,403,138.4,nearest parcel 138m away (> 60m)
5840,CHATFORD DR,,899,62.4,nearest parcel 62m away (> 60m)
4571,HEMINGWAY CT,C,685,82.5,nearest parcel 83m away (> 60m)
3368,SUFFIELD,,510,60.6,nearest parcel 61m away (> 60m)
6457,MCNAUGHTEN CT,,425,46.0,nearest non-residential (425)
5800,HIBERNIA DR,,403,35.9,nearest non-residential (403)
6061,LAKE CLUB PL,,441,119.1,nearest parcel 119m away (> 60m)
5453,LONSDALE PL N,UNIT A,403,22.5,nearest non-residential (403)
2231,COURTSIDE DR,B,400,36.3,nearest non-residential (400)
6205,MCNAUGHTEN CT,,425,46.0,nearest non-residential (425)
2082,SUNSHINE PL,,403,67.9,nearest parcel 68m away (> 60m)
4678,FENIMORE CT,A,403,105.3,nearest parcel 105m away (> 60m)
2791,CITIZENS PL,G,403,117.4,nearest parcel 117m away (> 60m)
3158,S HAMILTON RD,,425,47.1,nearest non-residential (425)
5678,GREENPINE ST,,400,59.5,nearest non-residential (400)
1813,BAIRSFORD DR,1N,403,27.7,nearest non-residential (403)
5446,CHATFORD SQ,,403,45.3,nearest non-residential (403)
2299,COURTRIGHT RD,,403,35.2,nearest non-residential (403)
1579,CABORA LN,,403,41.5,nearest non-residential (403)
3762,KNIGHTSWAY LN,,402,44.4,nearest non-residential (402)
5946,ABERNATHY LN,,,16.6,nearest non-residential ()
4647,HILTON CORPORATE DR,,670,30.5,nearest non-residential (670)
5560,AUTUMN CHASE DR,,411,63.8,nearest parcel 64m away (> 60m)
5982,LAKE CLUB SQ,D,403,81.6,nearest parcel 82m away (> 60m)
2784,WINCHESTER PIKE,,435,37.0,nearest non-residential (435)
4725,HILTON CORPORATE DR,,447,61.8,nearest parcel 62m away (> 60m)
2780,CITIZENS PL,E,403,101.5,nearest parcel 101m away (> 60m)
5802,MAPLE TREE LN,,454,134.0,nearest parcel 134m away (> 60m)
5888,CHATFORD DR,A,403,70.9,nearest parcel 71m away (> 60m)
1811,BAIRSFORD DR,,403,35.1,nearest non-residential (403)
4635,WORDSWORTH CT,A,403,53.2,nearest non-residential (403)
2236,SUNSHINE PL,,520,74.5,nearest parcel 75m away (> 60m)
2871,MERRYMOUNT CT,A,403,119.2,nearest parcel 119m away (> 60m)
5846,CHATFORD DR,F,403,57.2,nearest non-residential (403)
5493,CHATFORD SQ,,403,92.3,nearest parcel 92m away (> 60m)
2141,COURTRIGHT RD,,403,32.1,nearest non-residential (403)
4655,REFUGEE RD,1D,403,73.9,nearest parcel 74m away (> 60m)
5896,CHATFORD DR,I,403,108.6,nearest parcel 109m away (> 60m)
6337,MCNAUGHTEN CT,,425,46.0,nearest non-residential (425)
4570,LAKE SIDE N,K,351,150.0,nearest parcel 150m away (> 60m)
5770,SARANAC DR,,403,42.5,nearest non-residential (403)
384,CHANTRY DR,,447,15.6,nearest non-residential (447)
3165,WEBSTER DR,,420,78.5,nearest parcel 78m away (> 60m)
4631,COLERIDGE CT,,403,27.3,nearest non-residential (403)
5743,SPRUCE TREE DR,,400,115.1,nearest parcel 115m away (> 60m)
2053,PINE NEEDLE CT,,401,17.7,nearest non-residential (401)
6281,MCNAUGHTEN CT,,425,46.0,nearest non-residential (425)
4589,LAKE SIDE S,,122,87.5,nearest parcel 87m away (> 60m)
4617,REFUGEE RD,2B,403,19.1,nearest non-residential (403)
4615,HEBRIDES DR,C,403,105.2,nearest parcel 105m away (> 60m)
4605,REFUGEE RD,1A,403,77.9,nearest parcel 78m away (> 60m)
3719,FRANCINE CT,,403,63.7,nearest parcel 64m away (> 60m)
1699,LONSDALE RD,,401,12.4,nearest non-residential (401)
4803,ROLLINGBROOK LN,C,403,48.7,nearest non-residential (403)
2617,BIRCHTREE CT,,403,60.2,nearest parcel 60m away (> 60m)
2417,SHORE BLVD E,,403,63.5,nearest parcel 64m away (> 60m)
5915,SHANA DR,,403,12.2,nearest non-residential (403)
2478,NOE-BIXBY RD,,500,18.1,nearest=vacant land
3716,KIMBERLY WEST DR,,403,59.7,nearest non-residential (403)
3935,RIVERCREEK BAY WAY,,510,64.5,nearest parcel 65m away (> 60m)
3931,KIMBERLY PKWY N,,550,94.5,nearest parcel 95m away (> 60m)
3978,LAUREL LN,,403,45.3,nearest non-residential (403)
2068,SUNSHINE PL,,403,54.0,nearest non-residential (403)
2851,CITIZENS PL,C,435,89.9,nearest parcel 90m away (> 60m)
36,CHANTRY DR,,447,15.6,nearest non-residential (447)
4741,HILTON CORPORATE DR,,447,58.5,nearest non-residential (447)
4688,FENIMORE CT,A,403,136.0,nearest parcel 136m away (> 60m)
5669,MAPLE TREE LN,,403,75.1,nearest parcel 75m away (> 60m)
5906,CHATFORD DR,,403,19.6,nearest non-residential (403)
5983,LAKE CLUB SQ,C,403,42.7,nearest non-residential (403)
3769,KIMBERLY WEST DR,UNIT 3,403,77.5,nearest parcel 77m away (> 60m)
4545,LAKE SIDE S,B,122,88.2,nearest parcel 88m away (> 60m)
2722,TENNYSON BLVD,A,481,144.0,nearest parcel 144m away (> 60m)
5461,LONSDALE PL S,UNIT B,680,41.4,nearest non-residential (680)
5558,AUTUMN CHASE DR,A,411,61.7,nearest parcel 62m away (> 60m)
5459,E LIVINGSTON AVE,UNIT C,439,47.9,nearest non-residential (439)
6727,MCNAUGHTEN CT,,425,46.0,nearest non-residential (425)
208,CHANTRY DR,,447,15.6,nearest non-residential (447)
1932,NOE-BIXBY RD,,401,71.4,nearest parcel 71m away (> 60m)
2807,GROSSE POINT,,403,76.6,nearest parcel 77m away (> 60m)
4560,ISINGTON CT,,403,74.7,nearest parcel 75m away (> 60m)
2299,SEVILLE AVE,,403,63.9,nearest parcel 64m away (> 60m)
2825,CITIZENS PL,G,403,81.1,nearest parcel 81m away (> 60m)
5538,CANTARA PL,,403,35.7,nearest non-residential (403)
5517,CHATFORD SQ,,520,73.4,nearest parcel 73m away (> 60m)
30,CHANTRY DR,,447,15.6,nearest non-residential (447)
4603,REFUGEE RD,1D,403,85.7,nearest parcel 86m away (> 60m)
1289,YORKLAND RD,UNIT P,403,26.0,nearest non-residential (403)
6365,MCNAUGHTEN CT,,425,46.0,nearest non-residential (425)
5601,HUTCHINSTONE RD,,403,39.7,nearest non-residential (403)
4295,KIMBERLY PKWY,,685,27.6,nearest non-residential (685)
3370,SUFFIELD,,510,60.1,nearest parcel 60m away (> 60m)
2844,CITIZENS PL,G,403,77.9,nearest parcel 78m away (> 60m)
5007,COVENTRY DR,,403,48.0,nearest non-residential (403)
4639,COLERIDGE CT,B,403,15.3,nearest non-residential (403)
5551,CHATFORD DR,D,403,25.5,nearest non-residential (403)
5708,HIBERNIA DR,B,690,73.1,nearest parcel 73m away (> 60m)
1946,FOUNTAINVIEW CT,B,403,111.4,nearest parcel 111m away (> 60m)
4665,REFUGEE RD,2H,403,58.6,nearest non-residential (403)
4573,MONMOUTH CT,210,403,61.1,nearest parcel 61m away (> 60m)
5079,CEDAR DR,H,,26.3,nearest non-residential ()
1289,YORKLAND RD,UNIT G,403,13.8,nearest non-residential (403)
2375,MERCEDES LN,,403,63.9,nearest parcel 64m away (> 60m)
2897,TUPPENCE DR,,403,48.4,nearest non-residential (403)
1886,NOE-BIXBY RD,,403,86.5,nearest parcel 87m away (> 60m)
2366,CANAL BAY WAY,,403,35.4,nearest non-residential (403)
4566,ISINGTON CT,,403,87.5,nearest parcel 88m away (> 60m)
2733,TENNYSON BLVD,C,481,165.6,nearest parcel 166m away (> 60m)
3193,WEBSTER DR,,403,60.8,nearest parcel 61m away (> 60m)
3379,SUFFIELD,,403,103.9,nearest parcel 104m away (> 60m)
532,CHANTRY DR,,447,15.6,nearest non-residential (447)
4613,REFUGEE RD,2C,403,60.6,nearest parcel 61m away (> 60m)
5577,HIBERNIA DR,B,510,80.5,nearest parcel 80m away (> 60m)
4671,REFUGEE RD,1A,403,10.1,nearest non-residential (403)
3963,KIMBERLY PKWY N,,401,55.1,nearest non-residential (401)
2499,COURTRIGHT RD,,401,33.8,nearest non-residential (401)
5688,SPRUCE TREE DR,,403,34.7,nearest non-residential (403)
5530,DUNFIELD LN,4,403,17.1,nearest non-residential (403)
4682,FENIMORE CT,C,403,116.6,nearest parcel 117m away (> 60m)
3725,KIMBERLY WEST DR,UNIT 1,600,82.2,nearest parcel 82m away (> 60m)
3684,SOFT WIND DR,,403,6.8,nearest non-residential (403)
4655,REFUGEE RD,2C,403,70.3,nearest parcel 70m away (> 60m)
1285,YORKLAND RD,UNIT K,403,40.4,nearest non-residential (403)
6477,MCNAUGHTEN CT,,425,46.0,nearest non-residential (425)
2897,SHILLING DR,,403,32.4,nearest non-residential (403)
2288,SEVILLE AVE,,403,22.2,nearest non-residential (403)
6451,MCNAUGHTEN CT,,425,46.0,nearest non-residential (425)
2203,SEVILLE AVE,,403,139.8,nearest parcel 140m away (> 60m)
2871,MERRYMOUNT CT,B,403,115.8,nearest parcel 116m away (> 60m)
3709,KIMBERLY PKWY N,,402,59.2,nearest non-residential (402)
2205,COURTSIDE DR,F,400,25.7,nearest non-residential (400)
2727,EASTLAND MALL,,427,101.5,nearest parcel 102m away (> 60m)
52,CHANTRY DR,,447,15.6,nearest non-residential (447)
176,CHANTRY DR,,447,15.6,nearest non-residential (447)
2091,LAKE CLUB TER,F,400,76.2,nearest parcel 76m away (> 60m)
2881,TENNYSON BLVD,100,403,115.8,nearest parcel 116m away (> 60m)
5461,LONSDALE PL S,UNIT D,680,42.0,nearest non-residential (680)
3256,WINTER LANE PARK,,400,87.9,nearest parcel 88m away (> 60m)
5778,SPRUCE TREE DR,,403,158.8,nearest parcel 159m away (> 60m)
2206,WABASH CT W,,500,8.5,nearest=vacant land
4564,ISINGTON CT,204,403,75.7,nearest parcel 76m away (> 60m)
2421,SHORE BLVD E,C,403,56.2,nearest non-residential (403)
6241,MCNAUGHTEN CT,,425,46.0,nearest non-residential (425)
5141,CEDAR DR,K,,17.8,nearest non-residential ()
5482,CHATFORD SQ,,403,27.1,nearest non-residential (403)
3706,KIDRON CT,,403,95.4,nearest parcel 95m away (> 60m)
5746,HIBERNIA DR,B,403,60.4,nearest parcel 60m away (> 60m)
1839,COVENTRY LN,,403,71.4,nearest parcel 71m away (> 60m)
5539,CHATFORD DR,,403,36.6,nearest non-residential (403)
2576,SPRINGWAY CT,,402,88.8,nearest parcel 89m away (> 60m)
2512,SCARBOROUGH SQ,7,425,40.2,nearest non-residential (425)
5545,CANTARA PL,4,403,39.0,nearest non-residential (403)
1759,LONSDALE PL E,UNIT A,403,35.8,nearest non-residential (403)
3950,LAUREL LN,,403,45.7,nearest non-residential (403)
4233,EASTLAND SQUARE DR,,422,52.9,nearest non-residential (422)
2812,TENNYSON BLVD,A,403,58.1,nearest non-residential (403)
2015,BAIRSFORD DR,,520,67.6,nearest parcel 68m away (> 60m)
1811,BAIRSFORD DR,1L,403,23.0,nearest non-residential (403)
2248,MUIRWOOD DR,,403,22.4,nearest non-residential (403)
4562,ISINGTON CT,,403,83.4,nearest parcel 83m away (> 60m)
2440,SHORE BLVD W,B,480,84.2,nearest parcel 84m away (> 60m)
6006,LAKE CLUB SQ,,430,97.9,nearest parcel 98m away (> 60m)
5333,YORKSHIRE TERRACE DR,C,403,27.8,nearest non-residential (403)
4597,REFUGEE RD,1H,403,35.7,nearest non-residential (403)
2213,COURTSIDE DR,C,400,3.1,nearest non-residential (400)
2888,NATHANIEL BLVD,,403,73.2,nearest parcel 73m away (> 60m)
3614,RIVERDALE SQ,,511,80.8,nearest parcel 81m away (> 60m)
4571,HEMINGWAY CT,B,685,85.2,nearest parcel 85m away (> 60m)
3774,WESTPOINT DR,3,403,43.2,nearest non-residential (403)
2381,SHORE BLVD E,D,403,133.4,nearest parcel 133m away (> 60m)
3727,SOFT WIND DR,,403,60.4,nearest parcel 60m away (> 60m)
2752,EASTLAND MALL,,427,95.3,nearest parcel 95m away (> 60m)
3800,SOFT WIND DR,,403,54.3,nearest non-residential (403)
2162,RIVERDALE SQ W,,403,55.8,nearest non-residential (403)
2539,SILVER OAK DR,,455,110.4,nearest parcel 110m away (> 60m)
1289,YORKLAND RD,UNIT L,403,23.7,nearest non-residential (403)
5145,CEDAR DR,M,,20.9,nearest non-residential ()
2870,WOOLWICH CT,214,403,116.6,nearest parcel 117m away (> 60m)
5944,ABERNATHY LN,,,14.8,nearest non-residential ()
2853,CITIZENS PL,E,436,110.1,nearest parcel 110m away (> 60m)
1840,COVENTRY LN,,403,57.7,nearest non-residential (403)
5466,CHATFORD SQ,,403,90.6,nearest parcel 91m away (> 60m)
5539,HIBERNIA DR,B,640,69.6,nearest parcel 70m away (> 60m)
4251,EASTLAND FOOD CT,,427,70.3,nearest parcel 70m away (> 60m)
2634,CHAPPEL CHASE,,403,89.4,nearest parcel 89m away (> 60m)
2733,WINCHESTER PIKE,,458,110.0,nearest parcel 110m away (> 60m)
5921,SHANA DR,,403,0.6,nearest non-residential (403)
5704,HIBERNIA DR,,690,70.6,nearest parcel 71m away (> 60m)
2594,SILVER OAK DR,,403,67.6,nearest parcel 68m away (> 60m)
5589,HUTCHINSTONE RD,,403,47.8,nearest non-residential (403)
1811,BAIRSFORD DR,1J,403,17.1,nearest non-residential (403)
154,CHANTRY DR,,447,15.6,nearest non-residential (447)
1925,OLDE COVENTRY RD E,,403,18.4,nearest non-residential (403)
1899,OLDE COVENTRY RD E,,403,59.7,nearest non-residential (403)
3368,TRADAN DR,,400,49.0,nearest non-residential (400)
5553,CHATFORD DR,D,403,26.5,nearest non-residential (403)
5097,CEDAR DR,,,14.7,nearest non-residential ()
6001,LAKE CLUB SQ,,403,57.0,nearest non-residential (403)
2809,GROSSE POINT,,403,63.2,nearest parcel 63m away (> 60m)
4800,LARAINE CT,104,403,45.4,nearest non-residential (403)
1898,COVENTRY CT,B,403,71.4,nearest parcel 71m away (> 60m)
2825,CITIZENS PL,B,403,78.4,nearest parcel 78m away (> 60m)
2256,SEVILLE AVE,,403,42.3,nearest non-residential (403)
2744,CITIZENS PL,H,403,157.4,nearest parcel 157m away (> 60m)
5081,CEDAR DR,F,,27.2,nearest non-residential ()
2535,FRANKSWAY ST,,422,57.4,nearest non-residential (422)
2391,SHORE BLVD E,A,403,113.8,nearest parcel 114m away (> 60m)
5083,CEDAR DR,H,,32.7,nearest non-residential ()
3183,WEBSTER DR,,403,86.2,nearest parcel 86m away (> 60m)
4654,HEBRIDES DR,,403,116.3,nearest parcel 116m away (> 60m)
3832,BUCKMAN ST,,500,5.5,nearest=vacant land
5533,CANTARA PL,,403,13.7,nearest non-residential (403)
1948,FOUNTAINVIEW CT,I,403,116.9,nearest parcel 117m away (> 60m)
3748,KNIGHTSWAY LN,,402,32.3,nearest non-residential (402)
3327,SUFFIELD,,510,97.7,nearest parcel 98m away (> 60m)
5880,YORKLAND CT,UNIT F,,26.2,nearest non-residential ()
3707,DAWN CT,,403,60.1,nearest parcel 60m away (> 60m)
5616,HIBERNIA DR,,403,62.3,nearest parcel 62m away (> 60m)
4621,REFUGEE RD,2B,403,71.0,nearest parcel 71m away (> 60m)
2149,RIVERDALE SQ E,,625,18.4,nearest non-residential (625)
5685,BAIRSFORD CIR N,8,403,35.6,nearest non-residential (403)
2852,CITIZENS PL,F,403,86.5,nearest parcel 86m away (> 60m)
5578,TINLEY PARK,,481,70.7,nearest parcel 71m away (> 60m)
4576,MANDEVILLE CT,C,685,85.2,nearest parcel 85m away (> 60m)
4507,LAKE SIDE S,,400,129.2,nearest parcel 129m away (> 60m)
4655,REFUGEE RD,1F,403,54.0,nearest non-residential (403)
4981,OLDE COVENTRY RD W,,403,48.8,nearest non-residential (403)
3266,EDINWICK WAY,,,15.6,nearest non-residential ()
3756,WESTPOINT DR,UNIT 6,403,36.6,nearest non-residential (403)
5880,YORKLAND CT,UNIT N,,13.9,nearest non-residential ()
2091,LAKE CLUB TER,E,400,68.7,nearest parcel 69m away (> 60m)
3359,SUFFIELD,,510,100.8,nearest parcel 101m away (> 60m)
2900,SHILLING DR,,403,54.3,nearest non-residential (403)
5585,CHANTRY DR,,447,48.7,nearest non-residential (447)
3726,BIRCHTREE LN,,403,85.5,nearest parcel 86m away (> 60m)
2198,MUIRWOOD DR,,403,41.1,nearest non-residential (403)
3156,WEBSTER DR,,467,58.2,nearest non-residential (467)
3724,BUCKMAN ST,,500,1.8,nearest=vacant land
2927,TENNYSON BLVD,B,685,122.7,nearest parcel 123m away (> 60m)
5119,CEDAR DR,G,,8.6,nearest non-residential ()
2486,BENIE CT,,403,60.3,nearest parcel 60m away (> 60m)
4803,ROLLINGBROOK LN,A,403,38.6,nearest non-residential (403)
526,CHANTRY DR,,447,15.6,nearest non-residential (447)
5545,CANTARA PL,,403,37.1,nearest non-residential (403)
5611,AUTUMN CHASE DR,B,411,21.5,nearest non-residential (411)
4100,JENERA PL,,403,42.4,nearest non-residential (403)
2809,TENNYSON BLVD,,403,22.2,nearest non-residential (403)
5828,CHATFORD DR,E,899,86.2,nearest parcel 86m away (> 60m)
4343,DONLYN CT,,447,35.0,nearest non-residential (447)
4651,HILTON CORPORATE DR,,670,30.8,nearest non-residential (670)
6615,MCNAUGHTEN CT,,425,46.0,nearest non-residential (425)
2294,MUIRWOOD DR,,400,86.6,nearest parcel 87m away (> 60m)
5594,BAIRSFORD CIR N,,403,56.3,nearest non-residential (403)
2271,PETZINGER CT,,420,67.7,nearest parcel 68m away (> 60m)
5766,HIBERNIA DR,C,403,58.4,nearest non-residential (403)
4239,KIMBERLY PKWY N,,417,40.6,nearest non-residential (417)
2211,MUIRWOOD DR,,400,67.5,nearest parcel 67m away (> 60m)
4619,REFUGEE RD,1B,403,71.1,nearest parcel 71m away (> 60m)
5668,GREENPINE ST,,400,68.0,nearest parcel 68m away (> 60m)
1737,LONSDALE RD,B,401,18.8,nearest non-residential (401)
5492,CHATFORD SQ,,403,8.1,nearest non-residential (403)
2548,SILVER OAK DR,,403,90.0,nearest parcel 90m away (> 60m)
5558,AUTUMN CHASE DR,,411,65.5,nearest parcel 66m away (> 60m)
5503,CHATFORD SQ,,403,73.2,nearest parcel 73m away (> 60m)
5202,CEDAR DR,D,,21.4,nearest non-residential ()
2881,TENNYSON BLVD,205,403,123.3,nearest parcel 123m away (> 60m)
4633,COLERIDGE CT,B,403,26.3,nearest non-residential (403)
3148,WEBSTER DR,,467,71.4,nearest parcel 71m away (> 60m)
5983,ABERNATHY LN,,,18.9,nearest non-residential ()
3971,KIMBERLY PKWY N,,401,31.3,nearest non-residential (401)
5673,HIBERNIA DR,A,510,71.5,nearest parcel 71m away (> 60m)
4575,LAKE SIDE S,D,122,104.9,nearest parcel 105m away (> 60m)
1922,NOE-BIXBY RD,,403,86.0,nearest parcel 86m away (> 60m)
4564,MANDEVILLE CT,C,685,57.0,nearest non-residential (685)
5095,CEDAR DR,E,,27.0,nearest non-residential ()
4671,REFUGEE RD,2C,403,17.6,nearest non-residential (403)
4567,MONMOUTH CT,,403,53.9,nearest non-residential (403)
3718,KIMBERLY WEST DR,,403,63.1,nearest parcel 63m away (> 60m)
3690,MENDON PL,,403,64.7,nearest parcel 65m away (> 60m)
3384,WINTER LANE PARK,,403,9.0,nearest non-residential (403)
4591,WORDSWORTH CT,D,403,125.2,nearest parcel 125m away (> 60m)
2793,NEWCASTLE CT,,403,65.0,nearest parcel 65m away (> 60m)
2478,SHORE BLVD W,,403,92.0,nearest parcel 92m away (> 60m)
2484,SCARBOROUGH SQ,1,425,55.2,nearest non-residential (425)
3712,CHARBERT CT,,403,71.8,nearest parcel 72m away (> 60m)
5014,COVENTRY DR,C,403,19.8,nearest non-residential (403)
3730,WESTPOINT DR,UNIT 5,600,82.4,nearest parcel 82m away (> 60m)
2870,MERRYMOUNT CT,D,403,153.4,nearest parcel 153m away (> 60m)
2881,WINCHESTER PIKE,,680,16.8,nearest non-residential (680)
2058,SUNSHINE PL,,403,32.4,nearest non-residential (403)
4575,MANDEVILLE CT,D,685,102.6,nearest parcel 103m away (> 60m)
5882,CHATFORD DR,,403,19.6,nearest non-residential (403)
5881,SHANA DR,,400,55.9,nearest non-residential (400)
6469,MCNAUGHTEN CT,,425,46.0,nearest non-residential (425)
2562,CHAPPEL CHASE,,403,62.1,nearest parcel 62m away (> 60m)
5557,HUTCHINSTONE RD,,495,75.6,nearest parcel 76m away (> 60m)
3274,CALVEYLEE LN,,,16.0,nearest non-residential ()
5453,CHATFORD SQ,,403,31.0,nearest non-residential (403)
2579,S HAMILTON RD,,425,29.2,nearest non-residential (425)
2577,SILVER OAK DR,,455,106.3,nearest parcel 106m away (> 60m)
2894,MERRYMOUNT CT,D,403,126.2,nearest parcel 126m away (> 60m)
6501,MCNAUGHTEN CT,,425,46.0,nearest non-residential (425)
5515,CANTARA PL,1,403,45.3,nearest non-residential (403)
4599,REFUGEE RD,3D,403,46.2,nearest non-residential (403)
2886,SHILLING DR,,403,54.9,nearest non-residential (403)
2398,CANAL BAY WAY,,403,26.9,nearest non-residential (403)
4593,REFUGEE RD,1I,403,68.6,nearest parcel 69m away (> 60m)
5852,CHATFORD DR,B,403,47.8,nearest non-residential (403)
3718,WESTPOINT DR,UNIT 6,600,59.7,nearest non-residential (600)
294,CHANTRY DR,,447,15.6,nearest non-residential (447)
2723,EASTLAND MALL,,427,35.7,nearest non-residential (427)
3753,BIRCHTREE LN,,403,39.3,nearest non-residential (403)
2740,CITIZENS PL,G,481,166.2,nearest parcel 166m away (> 60m)
5784,HIBERNIA DR,,403,63.6,nearest parcel 64m away (> 60m)
2205,DURANT AVE,,403,54.5,nearest non-residential (403)
5456,CHATFORD SQ,,403,57.9,nearest non-residential (403)
2262,PETZINGER CT,,403,85.3,nearest parcel 85m away (> 60m)
5837,MAPLE TREE LN,,454,180.3,nearest parcel 180m away (> 60m)
5833,MAPLE TREE LN,,454,170.0,nearest parcel 170m away (> 60m)
5620,HIBERNIA DR,A,403,59.6,nearest non-residential (403)
5569,HUTCHINSTONE RD,,403,68.8,nearest parcel 69m away (> 60m)
2202,WABASH CT W,,500,6.3,nearest=vacant land
4532,LAKE SIDE N,,400,121.6,nearest parcel 122m away (> 60m)
3760,RIVERCREEK BAY WAY,,510,61.4,nearest parcel 61m away (> 60m)
2817,CITIZENS PL,B,403,86.2,nearest parcel 86m away (> 60m)
4611,REFUGEE RD,2B,403,71.2,nearest parcel 71m away (> 60m)
2350,RANDY CT,,403,37.4,nearest non-residential (403)
2146,COURTRIGHT RD,,403,47.6,nearest non-residential (403)
5878,YORKLAND CT,UNIT E,403,56.0,nearest non-residential (403)
2468,SHORE BLVD W,,403,109.7,nearest parcel 110m away (> 60m)
5578,AUTUMN CHASE DR,B,411,64.1,nearest parcel 64m away (> 60m)
4777,HILTON CORPORATE DR,,447,43.0,nearest non-residential (447)
5788,HIBERNIA DR,C,403,55.6,nearest non-residential (403)
2777,BERWICK SQ,,403,41.5,nearest non-residential (403)
1960,FOUNTAINVIEW CT,,403,106.1,nearest parcel 106m away (> 60m)
2523,EASTERN PINE RD,,403,73.1,nearest parcel 73m away (> 60m)
5864,CHATFORD DR,B,403,17.2,nearest non-residential (403)
2274,MUIRWOOD DR,,403,88.1,nearest parcel 88m away (> 60m)
6781,MCNAUGHTEN CT,,425,46.0,nearest non-residential (425)
1558,ABRAHAM WOODS,,,13.6,nearest non-residential ()
1555,BANDERA CT,,403,27.4,nearest non-residential (403)
5533,CANTARA PL,1,403,10.7,nearest non-residential (403)
1813,BAIRSFORD DR,2J,403,7.2,nearest non-residential (403)
5415,YORKSHIRE TERRACE DR,1A,403,18.7,nearest non-residential (403)
2191,MUIRWOOD DR,,400,95.3,nearest parcel 95m away (> 60m)
66,CHANTRY DR,,447,15.6,nearest non-residential (447)
3755,SOFT WIND DR,,520,80.4,nearest parcel 80m away (> 60m)
5980,LAKE CLUB SQ,H,403,64.5,nearest parcel 65m away (> 60m)
1291,YORKLAND RD,UNIT,401,54.1,nearest non-residential (401)
2198,SOFT WIND CT,,403,92.4,nearest parcel 92m away (> 60m)
60,CHANTRY DR,,447,15.6,nearest non-residential (447)
5381,YORKSHIRE TERRACE DR,6B,403,78.5,nearest parcel 78m away (> 60m)
4657,REFUGEE RD,1J,403,60.3,nearest parcel 60m away (> 60m)
3692,MENDON PL,,403,66.9,nearest parcel 67m away (> 60m)
2789,S HAMILTON RD,,454,136.5,nearest parcel 136m away (> 60m)
2779,CITIZENS PL,A,403,107.0,nearest parcel 107m away (> 60m)
2750,S HAMILTON RD,,426,40.6,nearest non-residential (426)
4803,ROLLINGBROOK LN,D,403,51.7,nearest non-residential (403)
1944,FOUNTAINVIEW CT,C,441,114.0,nearest parcel 114m away (> 60m)
6120,MCNAUGHTEN CENTER,,458,28.7,nearest non-residential (458)
6001,LAKE CLUB CT,G,403,150.0,nearest parcel 150m away (> 60m)
1751,LONSDALE RD,C,401,14.0,nearest non-residential (401)
2151,RIVERDALE SQ E,,625,24.3,nearest non-residential (625)
2284,MUIRWOOD DR,,400,71.9,nearest parcel 72m away (> 60m)
242,CHANTRY DR,,447,15.6,nearest non-residential (447)
6771,MCNAUGHTEN CT,,425,46.0,nearest non-residential (425)
1882,NOE-BIXBY RD,,403,89.5,nearest parcel 89m away (> 60m)
2567,SILVER OAK DR,,455,107.4,nearest parcel 107m away (> 60m)
5381,YORKSHIRE TERRACE DR,4C,550,66.3,nearest parcel 66m away (> 60m)
244,CHANTRY DR,,447,15.6,nearest non-residential (447)
2962,NATHANIEL BLVD,B,403,137.2,nearest parcel 137m away (> 60m)
5345,YORKSHIRE TERRACE DR,,403,25.3,nearest non-residential (403)
2205,SOFT WIND CT,,403,43.1,nearest non-residential (403)
2092,LAKE CLUB TER,,447,31.6,nearest non-residential (447)
4519,LAKE SIDE S,,400,118.7,nearest parcel 119m away (> 60m)
2353,RANDY CT,,403,55.8,nearest non-residential (403)
5986,LAKE CLUB SQ,,403,106.2,nearest parcel 106m away (> 60m)
2740,BRANDY DR,103,403,37.3,nearest non-residential (403)
48,CHANTRY DR,,447,15.6,nearest non-residential (447)
2093,LAKE CLUB TER,E,400,72.0,nearest parcel 72m away (> 60m)
4678,FENIMORE CT,C,403,110.7,nearest parcel 111m away (> 60m)
6020,LAKE CLUB CT,,449,119.4,nearest parcel 119m away (> 60m)
4544,LAKE SIDE S,F,403,143.4,nearest parcel 143m away (> 60m)
3732,BIRCHTREE LN,,403,70.9,nearest parcel 71m away (> 60m)
2756,TENNYSON BLVD,,403,111.8,nearest parcel 112m away (> 60m)
6801,MCNAUGHTEN CT,,425,46.0,nearest non-residential (425)
4584,ISINGTON CT,,403,100.9,nearest parcel 101m away (> 60m)
2781,BERWICK SQ,,403,38.7,nearest non-residential (403)
540,CHANTRY DR,,447,15.6,nearest non-residential (447)
2802,BANWICK RD,,351,61.0,nearest parcel 61m away (> 60m)
2294,PETZINGER CT,,403,45.7,nearest non-residential (403)
4544,LAKE SIDE S,H,403,135.0,nearest parcel 135m away (> 60m)
2285,SEVILLE AVE,,403,66.1,nearest parcel 66m away (> 60m)
6169,MCNAUGHTEN CT,,425,46.0,nearest non-residential (425)
2763,TENNYSON BLVD,,403,102.8,nearest parcel 103m away (> 60m)
1843,BAIRSFORD DR,,403,80.8,nearest parcel 81m away (> 60m)
4665,REFUGEE RD,3F,403,70.1,nearest parcel 70m away (> 60m)
2117,COURTRIGHT RD,,403,42.1,nearest non-residential (403)
228,CHANTRY DR,,447,15.6,nearest non-residential (447)
2898,MERRYMOUNT CT,B,403,124.8,nearest parcel 125m away (> 60m)
2242,S HAMILTON RD,200,447,33.5,nearest non-residential (447)
6731,MCNAUGHTEN CT,,425,46.0,nearest non-residential (425)
1813,BAIRSFORD DR,1B,403,30.6,nearest non-residential (403)
5476,LONSDALE PL N,UNIT D,403,60.4,nearest parcel 60m away (> 60m)
2371,SHORE BLVD E,G,403,140.2,nearest parcel 140m away (> 60m)
3704,KIDRON CT,,403,100.7,nearest parcel 101m away (> 60m)
1984,FOUNTAINVIEW CT,A,403,63.5,nearest parcel 64m away (> 60m)
6199,MCNAUGHTEN CT,,425,46.0,nearest non-residential (425)
5716,HIBERNIA DR,A,690,87.5,nearest parcel 88m away (> 60m)
3702,KIDRON CT,,403,107.8,nearest parcel 108m away (> 60m)
2120,PINE GROVE LN,,403,30.6,nearest non-residential (403)
5993,LAKE CLUB SQ,,403,48.8,nearest non-residential (403)
4578,ISINGTON CT,D,403,108.3,nearest parcel 108m away (> 60m)
5846,CHATFORD DR,,899,60.2,nearest parcel 60m away (> 60m)
5715,HIBERNIA DR,,690,52.5,nearest non-residential (690)
1929,BAIRSFORD DR,,403,12.1,nearest non-residential (403)
5662,SARANAC DR,,403,46.2,nearest non-residential (403)
5536,DUNFIELD LN,4,403,27.3,nearest non-residential (403)
2193,MUIRWOOD DR,,400,94.6,nearest parcel 95m away (> 60m)
3718,SOFT WIND DR,,403,96.0,nearest parcel 96m away (> 60m)
1834,NOE-BIXBY RD,,660,81.8,nearest parcel 82m away (> 60m)
5597,AUTUMN CHASE DR,,411,40.1,nearest non-residential (411)
2870,WOOLWICH CT,106,685,100.4,nearest parcel 100m away (> 60m)
1305,YORKLAND RD,UNIT,,42.4,nearest non-residential ()
3177,WEBSTER DR,,480,90.5,nearest parcel 90m away (> 60m)
2145,COURTRIGHT RD,,403,41.7,nearest non-residential (403)
1913,BAIRSFORD DR,,403,31.4,nearest non-residential (403)
5579,AUTUMN CHASE DR,A,411,44.7,nearest non-residential (411)
3206,WINTER LANE PARK,,400,64.1,nearest parcel 64m away (> 60m)
5611,HIBERNIA DR,A,510,85.6,nearest parcel 86m away (> 60m)
4609,REFUGEE RD,2L,403,58.9,nearest non-residential (403)
3770,WESTPOINT DR,UNIT 6,403,41.0,nearest non-residential (403)
2880,SHILLING DR,,403,33.1,nearest non-residential (403)
2598,CHAPPEL CHASE,,403,79.8,nearest parcel 80m away (> 60m)
346,CHANTRY DR,,447,15.6,nearest non-residential (447)
4601,REFUGEE RD,1J,403,47.6,nearest non-residential (403)
3710,KIMBERLY PKWY N,,403,54.2,nearest non-residential (403)
2889,SHILLING DR,,403,47.2,nearest non-residential (403)
2865,CITIZENS PL,D,670,89.1,nearest parcel 89m away (> 60m)
4649,COLERIDGE CT,B,403,47.7,nearest non-residential (403)
2148,SUNSHINE PL,,400,119.6,nearest parcel 120m away (> 60m)
2405,KIMBERLY WOODS DR,,520,93.3,nearest parcel 93m away (> 60m)
4987,OLDE COVENTRY RD W,,403,35.6,nearest non-residential (403)
2087,LAKE CLUB TER,C,400,57.1,nearest non-residential (400)
3725,BIRCHTREE LN,,403,84.9,nearest parcel 85m away (> 60m)
3714,KIMBERLY WEST DR,,403,55.3,nearest non-residential (403)
6251,MCNAUGHTEN CT,,425,46.0,nearest non-residential (425)
5609,AUTUMN CHASE DR,B,411,28.3,nearest non-residential (411)
2589,SILVER OAK DR,,403,118.0,nearest parcel 118m away (> 60m)
2582,SILVER OAK DR,,403,66.9,nearest parcel 67m away (> 60m)
2606,SILVER OAK DR,,403,75.7,nearest parcel 76m away (> 60m)
2859,CITIZENS PL,B,670,106.0,nearest parcel 106m away (> 60m)
3219,ELIM MANOR CT,,591,13.8,nearest non-residential (591)
1783,CHANNINGWAY CT W,,403,64.2,nearest parcel 64m away (> 60m)
1779,CHANNINGWAY CT W,,403,61.3,nearest parcel 61m away (> 60m)
2268,PETZINGER CT,,403,65.1,nearest parcel 65m away (> 60m)
5083,CEDAR DR,L,,33.0,nearest non-residential ()
1757,CHANNINGWAY CT W,,403,86.0,nearest parcel 86m away (> 60m)
2221,MUIRWOOD DR,,400,68.9,nearest parcel 69m away (> 60m)
2529,FRANKSWAY ST,,422,84.1,nearest parcel 84m away (> 60m)
2205,SEVILLE AVE,,403,131.4,nearest parcel 131m away (> 60m)
2194,SEVILLE AVE,,403,125.7,nearest parcel 126m away (> 60m)
5720,HIBERNIA DR,,690,91.9,nearest parcel 92m away (> 60m)
5202,CEDAR DR,B,,10.5,nearest non-residential ()
636,CHANTRY DR,,447,15.6,nearest non-residential (447)
5637,HIBERNIA DR,B,510,90.8,nearest parcel 91m away (> 60m)
608,CHANTRY DR,,447,15.6,nearest non-residential (447)
5480,CHATFORD SQ,,403,35.2,nearest non-residential (403)
2778,TENNYSON BLVD,D,403,58.0,nearest non-residential (403)
2472,FOREST GREEN CT,,401,95.4,nearest parcel 95m away (> 60m)
3656,RIVERDALE SQ,,403,64.2,nearest parcel 64m away (> 60m)
2847,CITIZENS PL,G,499,55.5,nearest non-residential (499)
5570,AUTUMN CHASE DR,A,411,65.5,nearest parcel 65m away (> 60m)
5079,CEDAR DR,F,,15.0,nearest non-residential ()
5453,LONSDALE PL N,UNIT C,403,14.3,nearest non-residential (403)
6405,MCNAUGHTEN CT,,425,46.0,nearest non-residential (425)
2865,CITIZENS PL,G,670,88.2,nearest parcel 88m away (> 60m)
5846,CHATFORD DR,B,403,62.0,nearest parcel 62m away (> 60m)
4483,REFUGEE RD,,452,28.0,nearest non-residential (452)
5884,CHATFORD DR,F,403,66.1,nearest parcel 66m away (> 60m)
388,CHANTRY DR,,447,15.6,nearest non-residential (447)
2447,SHORE BLVD E,E,403,66.0,nearest parcel 66m away (> 60m)
5712,HIBERNIA DR,B,690,82.9,nearest parcel 83m away (> 60m)
3753,EMRICK CT,,403,39.9,nearest non-residential (403)
5908,CHATFORD DR,C,449,104.0,nearest parcel 104m away (> 60m)
2371,SHORE BLVD E,A,403,150.1,nearest parcel 150m away (> 60m)
2091,LAKE CLUB TER,I,400,72.3,nearest parcel 72m away (> 60m)
2779,CITIZENS PL,C,403,110.0,nearest parcel 110m away (> 60m)
3994,KIMBERLY PKWY N,,401,30.3,nearest non-residential (401)
6753,MCNAUGHTEN CT,,425,46.0,nearest non-residential (425)
2090,S HAMILTON RD,,411,50.2,nearest non-residential (411)
5632,HIBERNIA DR,A,403,38.9,nearest non-residential (403)
5758,HIBERNIA DR,B,403,38.9,nearest non-residential (403)
3848,MAUMEE BAY WAY,,403,64.7,nearest parcel 65m away (> 60m)
3186,WEBSTER DR,,685,58.7,nearest non-residential (685)
5682,GREENPINE ST,,400,60.6,nearest parcel 61m away (> 60m)
1768,BAIRSFORD DR,,403,53.5,nearest non-residential (403)
1811,BAIRSFORD DR,2E,403,29.6,nearest non-residential (403)
2870,WOOLWICH CT,114,403,114.5,nearest parcel 114m away (> 60m)
1879,FOUNTAINVIEW CT,H,899,56.9,nearest non-residential (899)
5876,CHATFORD DR,D,403,31.8,nearest non-residential (403)
1584,LONSDALE RD,,403,54.8,nearest non-residential (403)
1754,BAIRSFORD DR,,400,29.5,nearest non-residential (400)
2451,SHORE BLVD E,D,403,56.3,nearest non-residential (403)
1988,FOUNTAINVIEW CT,G,403,79.0,nearest parcel 79m away (> 60m)
5940,SHANA DR,,499,55.3,nearest non-residential (499)
5880,YORKLAND CT,UNIT O,,3.8,nearest non-residential ()
3332,TRADAN DR,,403,47.2,nearest non-residential (403)
3837,BUCKMAN ST,,500,13.3,nearest=vacant land
2475,SHORE BLVD E,,403,127.4,nearest parcel 127m away (> 60m)
3723,SOFT WIND DR,,403,63.4,nearest parcel 63m away (> 60m)
3790,SOFT WIND DR,,403,45.7,nearest non-residential (403)
3717,FRANCINE CT,,403,58.1,nearest non-residential (403)
2115,COURTRIGHT RD,,403,50.4,nearest non-residential (403)
5611,HIBERNIA DR,C,510,74.0,nearest parcel 74m away (> 60m)
2700,WINCHESTER PIKE,,400,51.8,nearest non-residential (400)
1813,BAIRSFORD DR,2H,403,8.7,nearest non-residential (403)
3749,BIRCHTREE LN,,403,36.3,nearest non-residential (403)
2519,COURTRIGHT RD,,401,68.6,nearest parcel 69m away (> 60m)
5982,LAKE CLUB SQ,E,403,75.4,nearest parcel 75m away (> 60m)
1778,LONSDALE PL E,UNIT A,401,48.5,nearest non-residential (401)
5474,CHATFORD SQ,,403,46.3,nearest non-residential (403)
4636,CHANNING TER,,403,110.5,nearest parcel 110m away (> 60m)
5675,E LIVINGSTON AVE,,403,61.2,nearest parcel 61m away (> 60m)
2738,TENNYSON BLVD,,403,166.2,nearest parcel 166m away (> 60m)
4095,JENERA PL,,403,66.9,nearest parcel 67m away (> 60m)
3261,WINTER LANE PARK,,510,94.9,nearest parcel 95m away (> 60m)
4667,REFUGEE RD,3C,403,33.4,nearest non-residential (403)
3229,WEBSTER DR,,403,46.1,nearest non-residential (403)
1917,OLDE COVENTRY RD E,,403,17.3,nearest non-residential (403)
2132,MUIRWOOD DR,,403,142.8,nearest parcel 143m away (> 60m)
5879,SHANA DR,,400,56.1,nearest non-residential (400)
2739,S HAMILTON RD,,427,129.1,nearest parcel 129m away (> 60m)
5666,SARANAC DR,,403,43.4,nearest non-residential (403)
560,CHANTRY DR,,447,15.6,nearest non-residential (447)
2860,CITIZENS PL,F,685,100.5,nearest parcel 100m away (> 60m)
2795,BERWICK SQ,,403,7.7,nearest non-residential (403)
1817,CHANNINGWAY CT W,,510,72.3,nearest parcel 72m away (> 60m)
1819,BAIRSFORD DR,,403,59.8,nearest non-residential (403)
1754,LONSDALE PL E,UNIT A,403,71.4,nearest parcel 71m away (> 60m)
4567,MANDEVILLE CT,B,685,111.3,nearest parcel 111m away (> 60m)
2494,BENIE CT,,403,41.9,nearest non-residential (403)
2748,CITIZENS PL,A,403,146.6,nearest parcel 147m away (> 60m)
4632,CHANNING TER,B,403,105.4,nearest parcel 105m away (> 60m)
1938,FOUNTAINVIEW CT,,441,105.1,nearest parcel 105m away (> 60m)
1811,BAIRSFORD DR,2G,403,27.8,nearest non-residential (403)
4632,CHANNING TER,C,403,105.4,nearest parcel 105m away (> 60m)
4261,EASTLAND SQUARE DR,,422,65.0,nearest parcel 65m away (> 60m)
2796,CITIZENS PL,E,403,58.4,nearest non-residential (403)
1567,CABORA LN,,403,36.5,nearest non-residential (403)
5167,CEDAR DR,F,,14.8,nearest non-residential ()
2485,SHORE BLVD E,,403,126.1,nearest parcel 126m away (> 60m)
4665,REFUGEE RD,3G,403,62.3,nearest parcel 62m away (> 60m)
6008,LAKE CLUB CT,,449,137.1,nearest parcel 137m away (> 60m)
6209,MCNAUGHTEN CT,,425,46.0,nearest non-residential (425)
4536,LAKE SIDE S,G,403,144.7,nearest parcel 145m away (> 60m)
6603,MCNAUGHTEN CT,,425,46.0,nearest non-residential (425)
5758,HIBERNIA DR,C,403,37.8,nearest non-residential (403)
5703,HIBERNIA DR,C,403,52.7,nearest non-residential (403)
5677,HIBERNIA DR,B,510,73.0,nearest parcel 73m away (> 60m)
3369,WINTER LANE PARK,,510,80.3,nearest parcel 80m away (> 60m)
4123,ALVADA ST,,403,41.5,nearest non-residential (403)
2444,SHORE BLVD W,,480,80.5,nearest parcel 80m away (> 60m)
5836,CHATFORD DR,,403,19.6,nearest non-residential (403)
2280,PETZINGER CT,,403,52.9,nearest non-residential (403)
3642,RIVERDALE SQ,,403,59.3,nearest non-residential (403)
3717,KIMBERLY WEST DR,,600,63.6,nearest parcel 64m away (> 60m)
4627,WORDSWORTH CT,,403,54.2,nearest non-residential (403)
5981,LAKE CLUB SQ,C,403,48.7,nearest non-residential (403)
6679,MCNAUGHTEN CT,,425,46.0,nearest non-residential (425)
340,CHANTRY DR,,447,15.6,nearest non-residential (447)
3720,BONNETT CT,,402,90.7,nearest parcel 91m away (> 60m)
5553,CHATFORD DR,E,403,26.4,nearest non-residential (403)
5427,YORKSHIRE TERRACE DR,4,403,19.7,nearest non-residential (403)
2942,NATHANIEL BLVD,A,403,105.5,nearest parcel 105m away (> 60m)
2594,NOE-BIXBY RD,C,499,57.8,nearest non-residential (499)
2534,BENIE CT,,403,43.2,nearest non-residential (403)
5448,CHATFORD SQ,,403,46.0,nearest non-residential (403)
2219,SUNSHINE PL,,403,57.6,nearest non-residential (403)
4076,KIMBERLY PKWY,,400,99.3,nearest parcel 99m away (> 60m)
5649,HIBERNIA DR,C,510,96.1,nearest parcel 96m away (> 60m)
5780,HIBERNIA DR,,403,70.5,nearest parcel 71m away (> 60m)
4104,PORSCHE CT,,403,80.5,nearest parcel 81m away (> 60m)
2172,MUIRWOOD DR,,403,122.0,nearest parcel 122m away (> 60m)
2198,SEVILLE AVE,,403,117.0,nearest parcel 117m away (> 60m)
2192,SEVILLE AVE,,403,124.0,nearest parcel 124m away (> 60m)
3291,WINTER LANE PARK,,510,89.9,nearest parcel 90m away (> 60m)
1759,LONSDALE PL E,,403,34.8,nearest non-residential (403)
5467,LONSDALE PL N,UNIT B,439,73.7,nearest parcel 74m away (> 60m)
2746,EASTLAND MALL,,427,62.1,nearest parcel 62m away (> 60m)
3210,WINTER LANE PARK,,400,53.0,nearest non-residential (400)
5542,DUNFIELD LN,2,403,42.1,nearest non-residential (403)
4320,REFUGEE RD,,467,30.1,nearest non-residential (467)
1885,BAIRSFORD DR,,520,70.8,nearest parcel 71m away (> 60m)
1855,BAIRSFORD DR,,520,102.5,nearest parcel 103m away (> 60m)
4427,CROSSROADS CENTER,,426,27.6,nearest non-residential (426)
4491,LAKE SIDE S,A,456,107.0,nearest parcel 107m away (> 60m)
2755,TENNYSON BLVD,D,403,105.5,nearest parcel 105m away (> 60m)
2731,TENNYSON BLVD,B,481,155.5,nearest parcel 155m away (> 60m)
4536,LAKE SIDE S,C,403,150.3,nearest parcel 150m away (> 60m)
5675,BAIRSFORD CIR N,4,403,18.0,nearest non-residential (403)
2592,SILVER OAK DR,,403,74.4,nearest parcel 74m away (> 60m)
1761,CHANNINGWAY CT W,,403,79.2,nearest parcel 79m away (> 60m)
2481,SHORE BLVD E,J,403,117.5,nearest parcel 117m away (> 60m)
4577,LAKE SIDE S,,122,94.9,nearest parcel 95m away (> 60m)
4626,CHANNING TER,C,403,88.5,nearest parcel 88m away (> 60m)
3159,WEBSTER DR,,685,89.5,nearest parcel 90m away (> 60m)
4755,HILTON CORPORATE DR,,447,42.3,nearest non-residential (447)
6563,MCNAUGHTEN CT,,425,46.0,nearest non-residential (425)
6611,MCNAUGHTEN CT,,425,46.0,nearest non-residential (425)
6413,MCNAUGHTEN CT,,425,46.0,nearest non-residential (425)
6519,MCNAUGHTEN CT,,425,46.0,nearest non-residential (425)
5846,CHATFORD DR,A,899,58.5,nearest non-residential (899)
1988,FOUNTAINVIEW CT,C,403,76.9,nearest parcel 77m away (> 60m)
1879,FOUNTAINVIEW CT,A,899,76.3,nearest parcel 76m away (> 60m)
2791,BERWICK SQ,,403,17.7,nearest non-residential (403)
3239,WEBSTER DR,,403,52.8,nearest non-residential (403)
2087,LAKE CLUB TER,A,400,55.0,nearest non-residential (400)
6000,LAKE CLUB CT,C,449,151.3,nearest parcel 151m away (> 60m)
1920,FOUNTAINVIEW CT,,403,87.2,nearest parcel 87m away (> 60m)
2815,GROSSE POINT,,403,56.9,nearest non-residential (403)
3180,ELIM MANOR CT,113,591,10.0,nearest non-residential (591)
2764,BRANDY DR,104,403,58.3,nearest non-residential (403)
2123,PINE GROVE LN,,401,32.8,nearest non-residential (401)
2083,PINE GROVE LN,,401,36.2,nearest non-residential (401)
1894,COVENTRY CT,C,403,66.0,nearest parcel 66m away (> 60m)
5081,CEDAR DR,D,,23.1,nearest non-residential ()
5119,CEDAR DR,,,21.6,nearest non-residential ()
2135,COURTRIGHT RD,,403,15.3,nearest non-residential (403)
2340,RANDY CT,,403,60.7,nearest parcel 61m away (> 60m)
3747,KIMBERLY WEST DR,UNIT 3,403,58.4,nearest non-residential (403)
2460,HUDSON BAY WAY,,550,83.7,nearest parcel 84m away (> 60m)
3714,KIDRON CT,,403,109.0,nearest parcel 109m away (> 60m)
3792,SOFT WIND DR,,403,55.6,nearest non-residential (403)
1737,LONSDALE RD,C,401,15.8,nearest non-residential (401)
2653,SILVER OAK DR,,403,121.7,nearest parcel 122m away (> 60m)
4650,HILTON CORPORATE DR,203,484,104.7,nearest parcel 105m away (> 60m)
2491,SHORE BLVD E,D,122,150.8,nearest parcel 151m away (> 60m)
2089,LAKE CLUB TER,H,400,67.3,nearest parcel 67m away (> 60m)
3412,WINTER LANE PARK,,403,43.0,nearest non-residential (403)
5822,CHATFORD DR,D,899,109.1,nearest parcel 109m away (> 60m)
2802,CITIZENS PL,E,403,42.6,nearest non-residential (403)
5878,YORKLAND CT,,403,53.0,nearest non-residential (403)
5034,COVENTRY DR,,403,51.3,nearest non-residential (403)
2009,FOUNTAINVIEW CT,,403,97.7,nearest parcel 98m away (> 60m)
5097,CEDAR DR,F,,8.5,nearest non-residential ()
6012,LAKE CLUB CT,,449,129.0,nearest parcel 129m away (> 60m)
2772,BRANDY DR,102,403,64.3,nearest parcel 64m away (> 60m)
4659,REFUGEE RD,1B,403,77.1,nearest parcel 77m away (> 60m)
6177,MCNAUGHTEN CT,,425,46.0,nearest non-residential (425)
5865,YORKLAND CT,UNIT,,9.9,nearest non-residential ()
2493,SHORE BLVD E,,122,150.2,nearest parcel 150m away (> 60m)
2708,EASTLAND MALL,,427,84.9,nearest parcel 85m away (> 60m)
5686,SPRUCE TREE DR,,403,31.1,nearest non-residential (403)
5525,CANTARA PL,6,403,7.4,nearest non-residential (403)
2202,S HAMILTON RD,,458,52.3,nearest non-residential (458)
3723,KIMBERLY PKWY N,,402,83.6,nearest parcel 84m away (> 60m)
3585,REFUGEE RD,,499,111.9,nearest parcel 112m away (> 60m)
5636,HIBERNIA DR,C,403,26.9,nearest non-residential (403)
2832,WYMAN CT,A,403,58.9,nearest non-residential (403)
5782,SARANAC DR,,403,42.0,nearest non-residential (403)
4325,DONLYN CT,,447,14.7,nearest non-residential (447)
5490,DUNFIELD LN,4,403,56.2,nearest non-residential (403)
416,CHANTRY DR,,447,15.6,nearest non-residential (447)
6195,MCNAUGHTEN CT,,425,46.0,nearest non-residential (425)
5711,HIBERNIA DR,A,690,48.8,nearest non-residential (690)
5594,AUTUMN CHASE DR,B,411,47.6,nearest non-residential (411)
4585,MONMOUTH CT,A,403,77.9,nearest parcel 78m away (> 60m)
2231,COURTSIDE DR,E,400,37.4,nearest non-residential (400)
2801,MARWOOD CT,B,403,54.4,nearest non-residential (403)
2507,COURTRIGHT RD,,402,39.7,nearest non-residential (402)
2817,CITIZENS PL,E,403,81.2,nearest parcel 81m away (> 60m)
2165,S JAMES RD,,351,37.0,nearest non-residential (351)
5685,E LIVINGSTON AVE,,400,59.2,nearest non-residential (400)
6649,MCNAUGHTEN CT,,425,46.0,nearest non-residential (425)
3209,WEBSTER DR,,480,69.9,nearest parcel 70m away (> 60m)
4534,LAKE SIDE N,,400,121.8,nearest parcel 122m away (> 60m)
6671,MCNAUGHTEN CT,,425,46.0,nearest non-residential (425)
2206,SUNSHINE PL,,520,92.5,nearest parcel 93m away (> 60m)
2178,MUIRWOOD DR,,403,89.7,nearest parcel 90m away (> 60m)
4621,REFUGEE RD,1C,403,63.3,nearest parcel 63m away (> 60m)
2547,SILVER OAK DR,,455,110.0,nearest parcel 110m away (> 60m)
268,CHANTRY DR,,447,15.6,nearest non-residential (447)
2146,MUIRWOOD DR,,481,135.6,nearest parcel 136m away (> 60m)
3721,BAY VILLAGE ST,,500,17.1,nearest=vacant land
2792,BERWICK SQ,,403,52.0,nearest non-residential (403)
2147,RIVERDALE SQ E,,625,15.9,nearest non-residential (625)
6283,MCNAUGHTEN CT,,425,46.0,nearest non-residential (425)
1939,BAIRSFORD DR,,403,22.3,nearest non-residential (403)
1897,FOUNTAINVIEW CT,,403,55.9,nearest non-residential (403)
5415,YORKSHIRE TERRACE DR,3C,403,8.0,nearest non-residential (403)
4611,REFUGEE RD,3F,403,83.5,nearest parcel 84m away (> 60m)
2802,MARWOOD CT,D,403,22.2,nearest non-residential (403)
2447,SHORE BLVD E,F,403,62.6,nearest parcel 63m away (> 60m)
5685,HIBERNIA DR,B,510,80.0,nearest parcel 80m away (> 60m)
6003,LAKE CLUB CT,F,403,145.0,nearest parcel 145m away (> 60m)
4551,LAKE SIDE S,C,122,80.1,nearest parcel 80m away (> 60m)
3717,KIMBERLY WEST DR,UNIT 5,600,66.3,nearest parcel 66m away (> 60m)
4258,S HAMILTON RD,,426,83.9,nearest parcel 84m away (> 60m)
4599,MONMOUTH CT,206,403,89.0,nearest parcel 89m away (> 60m)
4543,LAKE SIDE S,,122,121.2,nearest parcel 121m away (> 60m)
2724,TENNYSON BLVD,B,481,142.4,nearest parcel 142m away (> 60m)
2089,LAKE CLUB TER,E,400,60.4,nearest parcel 60m away (> 60m)
5427,YORKSHIRE TERRACE DR,1C,403,18.1,nearest non-residential (403)
2779,GROSSE POINT,,403,78.0,nearest parcel 78m away (> 60m)
2434,KIMBERLY WOODS DR,,680,45.0,nearest non-residential (680)
42,CHANTRY DR,,447,15.6,nearest non-residential (447)
2881,TENNYSON BLVD,200,403,119.0,nearest parcel 119m away (> 60m)
4649,COLERIDGE CT,C,403,44.7,nearest non-residential (403)
1988,FOUNTAINVIEW CT,F,403,73.6,nearest parcel 74m away (> 60m)
3807,BUCKMAN ST,,500,14.9,nearest=vacant land
4593,WORDSWORTH CT,,403,117.8,nearest parcel 118m away (> 60m)
4601,REFUGEE RD,3H,403,60.7,nearest parcel 61m away (> 60m)
2610,CHAPPEL CHASE,,403,81.8,nearest parcel 82m away (> 60m)
4003,PENNIMAN ST,,501,81.9,nearest parcel 82m away (> 60m)
5587,CHATTERTON RD,,425,26.2,nearest non-residential (425)
6185,MCNAUGHTEN CT,,425,46.0,nearest non-residential (425)
4661,REFUGEE RD,3D,403,71.2,nearest parcel 71m away (> 60m)
1877,FOUNTAINVIEW CT,D,899,63.8,nearest parcel 64m away (> 60m)
2942,NATHANIEL BLVD,D,403,108.6,nearest parcel 109m away (> 60m)
4564,ISINGTON CT,206,403,72.5,nearest parcel 72m away (> 60m)
2176,SOFT WIND CT,,403,106.8,nearest parcel 107m away (> 60m)
1805,CHANNINGWAY CT W,,403,80.4,nearest parcel 80m away (> 60m)
4607,REFUGEE RD,1C,403,77.2,nearest parcel 77m away (> 60m)
3573,REFUGEE RD,,467,120.4,nearest parcel 120m away (> 60m)
5484,LONSDALE PL N,UNIT D,403,78.5,nearest parcel 79m away (> 60m)
3742,NOAM CT,,403,69.4,nearest parcel 69m away (> 60m)
5617,AUTUMN CHASE DR,,411,31.9,nearest non-residential (411)
2860,WINCHESTER PIKE,,467,42.6,nearest non-residential (467)
6203,MCNAUGHTEN CT,,425,46.0,nearest non-residential (425)
5599,HIBERNIA DR,A,510,72.0,nearest parcel 72m away (> 60m)
3801,BUCKMAN ST,,500,15.6,nearest=vacant land
2794,TENNYSON BLVD,A,403,16.4,nearest non-residential (403)
5467,E LIVINGSTON AVE,UNIT A,403,10.8,nearest non-residential (403)
3340,TRADAN DR,,403,67.4,nearest parcel 67m away (> 60m)
3756,WESTPOINT DR,UNIT 5,403,42.3,nearest non-residential (403)
5704,HIBERNIA DR,C,690,62.7,nearest parcel 63m away (> 60m)
2439,SHORE BLVD E,,403,46.7,nearest non-residential (403)
1554,APPLETON CT,,403,23.1,nearest non-residential (403)
3390,WINTER LANE PARK,,403,10.7,nearest non-residential (403)
4795,ROLLINGBROOK LN,C,403,35.2,nearest non-residential (403)
1911,OLDE COVENTRY RD E,,403,29.7,nearest non-residential (403)
1986,FOUNTAINVIEW CT,C,403,75.8,nearest parcel 76m away (> 60m)
2748,EASTLAND MALL,UNIT A,427,75.7,nearest parcel 76m away (> 60m)
3673,RIVERDALE SQ,,403,31.2,nearest non-residential (403)
2287,MUIRWOOD DR,,400,31.3,nearest non-residential (400)
5940,SCARBOROUGH BLVD,,425,45.0,nearest non-residential (425)
5427,YORKSHIRE TERRACE DR,4A,403,24.6,nearest non-residential (403)
4594,ISINGTON CT,205,403,94.2,nearest parcel 94m away (> 60m)
5097,CEDAR DR,A,,9.1,nearest non-residential ()
3780,WESTPOINT DR,UNIT 6,403,66.6,nearest parcel 67m away (> 60m)
5165,CEDAR DR,G,,25.8,nearest non-residential ()
2843,CITIZENS PL,F,499,91.7,nearest parcel 92m away (> 60m)
126,CHANTRY DR,,447,15.6,nearest non-residential (447)
4267,DONLYN CT,,447,35.0,nearest non-residential (447)
5502,CHANTRY DR,,354,87.4,nearest parcel 87m away (> 60m)
2447,SHORE BLVD E,H,403,70.0,nearest parcel 70m away (> 60m)
6605,MCNAUGHTEN CT,,425,46.0,nearest non-residential (425)
6619,MCNAUGHTEN CT,,425,46.0,nearest non-residential (425)
2630,BIRCHTREE CT,,403,42.9,nearest non-residential (403)
6119,ASTOR AVE,,500,17.8,nearest=vacant land
1990,FOUNTAINVIEW CT,A,403,86.3,nearest parcel 86m away (> 60m)
6523,MCNAUGHTEN CT,,425,46.0,nearest non-residential (425)
3750,WESTPOINT DR,UNIT 2,403,44.6,nearest non-residential (403)
3205,S HAMILTON RD,,400,110.9,nearest parcel 111m away (> 60m)
2371,SHORE BLVD E,F,403,139.4,nearest parcel 139m away (> 60m)
5888,CHATFORD DR,B,403,70.2,nearest parcel 70m away (> 60m)
2852,CITIZENS PL,C,403,90.6,nearest parcel 91m away (> 60m)
5577,HIBERNIA DR,C,510,82.2,nearest parcel 82m away (> 60m)
5982,LAKE CLUB SQ,B,403,83.1,nearest parcel 83m away (> 60m)
3763,KNIGHTSWAY LN,,403,14.0,nearest non-residential (403)
4986,COVENTRY CT S,,403,85.0,nearest parcel 85m away (> 60m)
4590,ISINGTON CT,,403,106.3,nearest parcel 106m away (> 60m)
3683,KIDRON CT,,403,106.3,nearest parcel 106m away (> 60m)
4269,EASTLAND SQUARE DR,,422,61.2,nearest parcel 61m away (> 60m)
2726,TENNYSON BLVD,B,481,143.2,nearest parcel 143m away (> 60m)
5825,E LIVINGSTON AVE,,499,6.4,nearest non-residential (499)
4655,REFUGEE RD,3E,403,57.5,nearest non-residential (403)
5040,COVENTRY DR,A,403,66.3,nearest parcel 66m away (> 60m)
2796,CITIZENS PL,C,403,51.8,nearest non-residential (403)
1321,MCNAUGHTEN RD,,403,82.2,nearest parcel 82m away (> 60m)
3685,FARTHING LN,,403,50.2,nearest non-residential (403)
5888,CHATFORD DR,E,403,76.1,nearest parcel 76m away (> 60m)
2045,PINE NEEDLE CT,,401,8.6,nearest non-residential (401)
5005,COVENTRY CT N,,510,71.2,nearest parcel 71m away (> 60m)
6062,CHANNINGWAY BLVD,,449,18.3,nearest non-residential (449)
1844,COVENTRY LN,,403,52.3,nearest non-residential (403)
1142,IDLEWILD DR,,500,8.7,nearest=vacant land
2145,RIVERDALE SQ E,,625,11.2,nearest non-residential (625)
3661,RIVERDALE SQ,,625,41.6,nearest non-residential (625)
3653,RIVERDALE SQ,,403,51.8,nearest non-residential (403)
3740,NOAM CT,,403,66.2,nearest parcel 66m away (> 60m)
2641,COURTRIGHT RD,,403,6.1,nearest non-residential (403)
3755,KIMBERLY WEST DR,UNIT 6,403,52.8,nearest non-residential (403)
3663,MENDON PL,,520,81.7,nearest parcel 82m away (> 60m)
2468,HUDSON BAY WAY,,403,80.6,nearest parcel 81m away (> 60m)
3972,SOLDIER ST,,500,17.3,nearest=vacant land
3970,LAUREL LN,,403,18.2,nearest non-residential (403)
2102,MUIRWOOD DR,,400,133.6,nearest parcel 134m away (> 60m)
4088,JENERA PL,,403,35.2,nearest non-residential (403)
5427,LONSDALE PL S,UNIT D,401,46.1,nearest non-residential (401)
1762,LONSDALE PL E,UNIT B,403,73.5,nearest parcel 73m away (> 60m)
5489,E LIVINGSTON AVE,UNIT B,426,98.2,nearest parcel 98m away (> 60m)
4318,REFUGEE RD,,467,35.0,nearest non-residential (467)
1851,BAIRSFORD DR,,520,65.2,nearest parcel 65m away (> 60m)
1793,BAIRSFORD CIR W,,403,55.0,nearest non-residential (403)
2824,CITIZENS PL,B,403,8.4,nearest non-residential (403)
2774,CITIZENS PL,B,403,119.2,nearest parcel 119m away (> 60m)
2735,TENNYSON BLVD,C,403,154.1,nearest parcel 154m away (> 60m)
4599,REFUGEE RD,3C,403,47.6,nearest non-residential (403)
5545,CHATFORD DR,,403,27.9,nearest non-residential (403)
5553,CHATFORD DR,F,403,26.1,nearest non-residential (403)
1811,BAIRSFORD DR,2L,403,33.6,nearest non-residential (403)
2564,PARK CRESCENT,,403,77.2,nearest parcel 77m away (> 60m)
5681,E LIVINGSTON AVE,,400,60.5,nearest parcel 60m away (> 60m)
2750,TENNYSON BLVD,D,403,130.4,nearest parcel 130m away (> 60m)
4545,LAKE SIDE S,C,122,92.6,nearest parcel 93m away (> 60m)
2447,SHORE BLVD E,C,403,76.3,nearest parcel 76m away (> 60m)
2427,SHORE BLVD E,,403,40.9,nearest non-residential (403)
2407,SHORE BLVD E,,403,63.3,nearest parcel 63m away (> 60m)
4576,LAKE SIDE N,,351,166.3,nearest parcel 166m away (> 60m)
4617,REFUGEE RD,2D,403,3.7,nearest non-residential (403)
2881,TENNYSON BLVD,206,403,124.8,nearest parcel 125m away (> 60m)
2881,TENNYSON BLVD,103,403,118.3,nearest parcel 118m away (> 60m)
5637,CHANTRY DR,,447,77.3,nearest parcel 77m away (> 60m)
438,CHANTRY DR,,447,15.6,nearest non-residential (447)
308,CHANTRY DR,,447,15.6,nearest non-residential (447)
140,CHANTRY DR,,447,15.6,nearest non-residential (447)
4657,REFUGEE RD,2K,403,58.9,nearest non-residential (403)
4644,CHANNING TER,,403,111.9,nearest parcel 112m away (> 60m)
4635,HILTON CORPORATE DR,,670,56.3,nearest non-residential (670)
4650,HILTON CORPORATE DR,204,411,115.3,nearest parcel 115m away (> 60m)
1321,YORKLAND RD,UNIT,401,19.8,nearest non-residential (401)
1778,MCNAUGHTEN RD,,401,10.3,nearest non-residential (401)
3167,WEBSTER DR,,420,72.5,nearest parcel 72m away (> 60m)
5804,CHATFORD DR,F,899,119.3,nearest parcel 119m away (> 60m)
6421,MCNAUGHTEN CT,,425,46.0,nearest non-residential (425)
6461,MCNAUGHTEN CT,,425,46.0,nearest non-residential (425)
6625,MCNAUGHTEN CT,,425,46.0,nearest non-residential (425)
5840,CHATFORD DR,A,899,68.1,nearest parcel 68m away (> 60m)
5838,CHATFORD DR,,403,19.6,nearest non-residential (403)
5876,CHATFORD DR,C,403,22.0,nearest non-residential (403)
3225,ELIM MANOR CT,,591,11.2,nearest non-residential (591)
2772,BRANDY DR,201,403,60.8,nearest parcel 61m away (> 60m)
5357,YORKSHIRE TERRACE DR,B,403,40.4,nearest non-residential (403)
2139,COURTRIGHT RD,,403,24.9,nearest non-residential (403)
3752,BIRCHTREE LN,,403,27.6,nearest non-residential (403)
2529,COURTRIGHT RD,,402,61.2,nearest parcel 61m away (> 60m)
2503,COURTRIGHT RD,,402,46.1,nearest non-residential (402)
5381,YORKSHIRE TERRACE DR,3B,550,63.0,nearest parcel 63m away (> 60m)
5415,YORKSHIRE TERRACE DR,3B,403,9.8,nearest non-residential (403)
5427,YORKSHIRE TERRACE DR,3C,403,19.9,nearest non-residential (403)
3691,KIDRON CT,,403,92.7,nearest parcel 93m away (> 60m)
3840,MAUMEE BAY WAY,,403,64.7,nearest parcel 65m away (> 60m)
5427,LONSDALE PL S,UNIT B,401,44.2,nearest non-residential (401)
5770,HIBERNIA DR,,403,64.3,nearest parcel 64m away (> 60m)
3962,LAUREL LN,,403,7.8,nearest non-residential (403)
5502,DUNFIELD LN,6,403,56.3,nearest non-residential (403)
2213,MUIRWOOD DR,,400,57.3,nearest non-residential (400)
2154,MUIRWOOD DR,,481,125.7,nearest parcel 126m away (> 60m)
2208,MUIRWOOD DR,,403,24.3,nearest non-residential (403)
5516,DUNFIELD LN,6,403,38.5,nearest non-residential (403)
5536,DUNFIELD LN,1,403,24.4,nearest non-residential (403)
5540,CANTARA PL,,403,40.2,nearest non-residential (403)
5703,HIBERNIA DR,A,403,49.2,nearest non-residential (403)
5715,HIBERNIA DR,C,690,49.2,nearest non-residential (690)
2290,SEVILLE AVE,,403,21.6,nearest non-residential (403)
2230,SEVILLE AVE,,403,68.1,nearest parcel 68m away (> 60m)
2200,SEVILLE AVE,,403,115.6,nearest parcel 116m away (> 60m)
1841,BAIRSFORD DR,,403,80.6,nearest parcel 81m away (> 60m)
4202,EASTLAND SQUARE DR,,422,33.5,nearest non-residential (422)
4267,EASTLAND FOOD CT,,427,93.9,nearest parcel 94m away (> 60m)
1813,BAIRSFORD DR,2D,403,19.4,nearest non-residential (403)
1813,BAIRSFORD DR,2L,403,11.1,nearest non-residential (403)
2745,TENNYSON BLVD,B,403,119.7,nearest parcel 120m away (> 60m)
2442,SHORE BLVD W,,480,77.9,nearest parcel 78m away (> 60m)
2460,SHORE BLVD W,B,403,87.9,nearest parcel 88m away (> 60m)
1811,BAIRSFORD DR,1K,403,19.0,nearest non-residential (403)
1811,BAIRSFORD DR,1A,403,30.8,nearest non-residential (403)
2824,WYMAN CT,,403,47.9,nearest non-residential (403)
4619,REFUGEE RD,1D,403,85.2,nearest parcel 85m away (> 60m)
4580,LAKE SIDE N,D,351,178.3,nearest parcel 178m away (> 60m)
4628,CHANNING TER,A,403,104.8,nearest parcel 105m away (> 60m)
4641,COLERIDGE CT,,403,20.0,nearest non-residential (403)
2560 1/2,PARK CRESCENT,,403,81.4,nearest parcel 81m away (> 60m)
1251,STEVENLANE BLVD,,,50.1,nearest non-residential ()
612,CHANTRY DR,,447,15.6,nearest non-residential (447)
5853,YORKLAND CT,UNIT,,14.2,nearest non-residential ()
5863,YORKLAND CT,UNIT,,11.8,nearest non-residential ()
1770,CHANNINGWAY CT W,,403,37.7,nearest non-residential (403)
5676,GREENPINE ST,,400,65.4,nearest parcel 65m away (> 60m)
1281,MCNAUGHTEN RD,UNIT H,403,94.6,nearest parcel 95m away (> 60m)
5755,CHANTRY DR,,426,71.6,nearest parcel 72m away (> 60m)
5718,GREENPINE ST,,400,80.2,nearest parcel 80m away (> 60m)
6291,MCNAUGHTEN CT,,425,46.0,nearest non-residential (425)
2744,BRANDY DR,201,403,31.8,nearest non-residential (403)
6507,MCNAUGHTEN CT,,425,46.0,nearest non-residential (425)
6417,MCNAUGHTEN CT,,425,46.0,nearest non-residential (425)
6131,MCNAUGHTEN CT,,425,46.0,nearest non-residential (425)
6114,MCNAUGHTEN CENTER,,458,22.6,nearest non-residential (458)
2783,BERWICK SQ,,403,36.1,nearest non-residential (403)
3207,WEBSTER DR,,480,76.1,nearest parcel 76m away (> 60m)
3268,ELIM MANOR CT,,591,57.3,nearest non-residential (591)
1862,COVENTRY LN,A,403,22.3,nearest non-residential (403)
5902,CHATFORD DR,,403,19.6,nearest non-residential (403)
1986,FOUNTAINVIEW CT,G,403,80.2,nearest parcel 80m away (> 60m)
2898,TUPPENCE DR,,403,64.4,nearest parcel 64m away (> 60m)
6009,LAKE CLUB SQ,,400,60.4,nearest parcel 60m away (> 60m)
3414,WESTPOINT DR,,520,61.0,nearest parcel 61m away (> 60m)
5200,CEDAR DR,,,24.9,nearest non-residential ()
5265,E LIVINGSTON AVE,,499,26.8,nearest non-residential (499)
3262,ELIM MANOR CT,,591,65.4,nearest parcel 65m away (> 60m)
1289,YORKLAND RD,UNIT E,403,14.0,nearest non-residential (403)
5880,YORKLAND CT,,,18.4,nearest non-residential ()
5695,MAPLE TREE LN,,403,75.1,nearest parcel 75m away (> 60m)
3180,ELIM MANOR CT,209,591,10.4,nearest non-residential (591)
2744,BRANDY DR,102,403,26.3,nearest non-residential (403)
2740,BRANDY DR,102,403,36.8,nearest non-residential (403)
5716,GREENPINE ST,,400,86.9,nearest parcel 87m away (> 60m)
6329,MCNAUGHTEN CT,,425,46.0,nearest non-residential (425)
6571,MCNAUGHTEN CT,,425,46.0,nearest non-residential (425)
5933,MORRISSEY ST,,,19.0,nearest non-residential ()
5852,CHATFORD DR,C,403,46.5,nearest non-residential (403)
5880,CHATFORD DR,G,403,41.5,nearest non-residential (403)
5870,CHATFORD DR,B,403,16.1,nearest non-residential (403)
1990,FOUNTAINVIEW CT,B,403,81.5,nearest parcel 81m away (> 60m)
2117,PINE GROVE LN,,401,12.3,nearest non-residential (401)
4975,COVENTRY CT S,,403,128.0,nearest parcel 128m away (> 60m)
4974,COVENTRY CT S,,403,113.9,nearest parcel 114m away (> 60m)
5916,CHATFORD DR,D,449,133.7,nearest parcel 134m away (> 60m)
1937,FOUNTAINVIEW CT,,403,25.0,nearest non-residential (403)
2116,PINE GROVE LN,,403,19.4,nearest non-residential (403)
4998,MYERS RD,,403,33.0,nearest non-residential (403)
5017,COVENTRY CT N,,510,71.4,nearest parcel 71m away (> 60m)
2058,PINE GROVE LN,,510,74.7,nearest parcel 75m away (> 60m)
5997,LAKE CLUB SQ,,403,49.2,nearest non-residential (403)
1948,FOUNTAINVIEW CT,H,403,109.5,nearest parcel 110m away (> 60m)
2150,RIVERDALE SQ E,,403,46.3,nearest non-residential (403)
5167,CEDAR DR,E,,9.9,nearest non-residential ()
3754,BIRCHTREE LN,,403,28.9,nearest non-residential (403)
3718,WESTPOINT DR,UNIT 5,600,51.1,nearest non-residential (600)
3774,WESTPOINT DR,,403,46.4,nearest non-residential (403)
2207,DURANT AVE,,403,52.6,nearest non-residential (403)
3856,MAUMEE BAY WAY,,403,66.5,nearest parcel 67m away (> 60m)
5200,CEDAR DR,E,,20.2,nearest non-residential ()
5469,RED BIRD CT,,402,31.3,nearest non-residential (402)
3888,MAUMEE BAY WAY,,403,89.7,nearest parcel 90m away (> 60m)
5539,HIBERNIA DR,C,640,76.2,nearest parcel 76m away (> 60m)
5401,LONSDALE PL S,UNIT D,401,29.5,nearest non-residential (401)
5415,YORKSHIRE TERRACE DR,7A,403,34.3,nearest non-residential (403)
5629,HIBERNIA DR,,510,93.6,nearest parcel 94m away (> 60m)
2198,SUNSHINE PL,,520,115.2,nearest parcel 115m away (> 60m)
2112,MUIRWOOD DR,,400,124.7,nearest parcel 125m away (> 60m)
3359,WINTER LANE PARK,,510,85.2,nearest parcel 85m away (> 60m)
5418,LONSDALE PL S,UNIT A,401,50.4,nearest non-residential (401)
2667,BRICE RD,,422,75.5,nearest parcel 75m away (> 60m)
1745,LONSDALE PL E,UNIT B,403,36.8,nearest non-residential (403)
3266,WINTER LANE PARK,,481,96.8,nearest parcel 97m away (> 60m)
5516,E LIVINGSTON AVE,,,18.7,nearest non-residential ()
5515,CANTARA PL,6,403,36.6,nearest non-residential (403)
3130,S HAMILTON RD,,425,27.8,nearest non-residential (425)
4404,CROSSROADS CENTER,,444,40.1,nearest non-residential (444)
2851,CITIZENS PL,F,435,93.0,nearest parcel 93m away (> 60m)
2791,CITIZENS PL,H,403,112.0,nearest parcel 112m away (> 60m)
2834,WYMAN CT,D,403,59.2,nearest non-residential (403)
4540,LAKE SIDE N,B,400,155.4,nearest parcel 155m away (> 60m)
1823,BAIRSFORD DR,,403,58.2,nearest non-residential (403)
4599,REFUGEE RD,2B,403,41.8,nearest non-residential (403)
4581,MONMOUTH CT,,403,81.9,nearest parcel 82m away (> 60m)
4551,LAKE SIDE S,A,122,72.3,nearest parcel 72m away (> 60m)
4619,REFUGEE RD,2A,403,64.7,nearest parcel 65m away (> 60m)
4619,REFUGEE RD,1C,403,83.0,nearest parcel 83m away (> 60m)
4617,HEBRIDES DR,D,403,100.2,nearest parcel 100m away (> 60m)
2813,TENNYSON BLVD,211,403,29.6,nearest non-residential (403)
2810,TENNYSON BLVD,B,403,52.0,nearest non-residential (403)
2361,SHORE BLVD E,G,403,163.8,nearest parcel 164m away (> 60m)
4661,REFUGEE RD,2C,403,71.9,nearest parcel 72m away (> 60m)
2824,TENNYSON BLVD,D,403,104.5,nearest parcel 104m away (> 60m)
2962,NATHANIEL BLVD,A,403,135.0,nearest parcel 135m away (> 60m)
4630,HILTON CORPORATE DR,114,411,85.7,nearest parcel 86m away (> 60m)
4650,HILTON CORPORATE DR,211,484,85.7,nearest parcel 86m away (> 60m)
1295,STEVENLANE BLVD,,,47.8,nearest non-residential ()
5685,BAIRSFORD CIR N,1,403,30.5,nearest non-residential (403)
5675,BAIRSFORD CIR N,20,403,20.9,nearest non-residential (403)
194,CHANTRY DR,,447,15.6,nearest non-residential (447)
624,CHANTRY DR,,447,15.6,nearest non-residential (447)
158,CHANTRY DR,,447,15.6,nearest non-residential (447)
90,CHANTRY DR,,447,15.6,nearest non-residential (447)
2575,SILVER OAK DR,,455,104.3,nearest parcel 104m away (> 60m)
1798,CHANNINGWAY CT W,,403,33.4,nearest non-residential (403)
2319,HAMILTON RD,,425,14.2,nearest non-residential (425)
2843,CITIZENS PL,G,403,91.5,nearest parcel 92m away (> 60m)
5591,AUTUMN CHASE DR,A,411,30.6,nearest non-residential (411)
5565,HUTCHINSTONE RD,,403,72.1,nearest parcel 72m away (> 60m)
2810,CITIZENS PL,C,403,24.8,nearest non-residential (403)
2774,CITIZENS PL,H,403,119.4,nearest parcel 119m away (> 60m)
2748,CITIZENS PL,C,403,147.4,nearest parcel 147m away (> 60m)
2400,SHORE BLVD W,,403,52.3,nearest non-residential (403)
5560,CHANTRY DR,,403,41.9,nearest non-residential (403)
4595,REFUGEE RD,3D,403,58.9,nearest non-residential (403)
4593,REFUGEE RD,1E,403,72.6,nearest parcel 73m away (> 60m)
4564,MANDEVILLE CT,D,685,61.3,nearest parcel 61m away (> 60m)
2870,WOOLWICH CT,104,685,94.5,nearest parcel 94m away (> 60m)
4582,HEMINGWAY CT,D,685,112.4,nearest parcel 112m away (> 60m)
4583,MONMOUTH CT,,403,87.7,nearest parcel 88m away (> 60m)
4583,ISINGTON CT,A,685,135.8,nearest parcel 136m away (> 60m)
2789,NEWCASTLE CT,,403,66.6,nearest parcel 67m away (> 60m)
4595,REFUGEE RD,2B,403,47.0,nearest non-residential (403)
4585,LAKE SIDE S,J,122,75.0,nearest parcel 75m away (> 60m)
4580,LAKE SIDE N,B,351,174.4,nearest parcel 174m away (> 60m)
198,CHANTRY DR,,447,15.6,nearest non-residential (447)
402,CHANTRY DR,,447,15.6,nearest non-residential (447)
5854,MCKAHAN CT,,,9.9,nearest non-residential ()
4626,CHANNING TER,B,403,91.6,nearest parcel 92m away (> 60m)
4659,COLERIDGE CT,,403,80.5,nearest parcel 80m away (> 60m)
2942,NATHANIEL BLVD,C,403,111.5,nearest parcel 112m away (> 60m)
1285,YORKLAND RD,UNIT H,403,32.0,nearest non-residential (403)
5878,YORKLAND CT,UNIT L,403,56.6,nearest non-residential (403)
1524,ABRAHAM WOODS,,,10.8,nearest non-residential ()
3178,WEBSTER DR,,685,45.5,nearest non-residential (685)
6709,MCNAUGHTEN CT,,425,46.0,nearest non-residential (425)
6613,MCNAUGHTEN CT,,425,46.0,nearest non-residential (425)
5864,CHATFORD DR,E,403,14.2,nearest non-residential (403)
1918,FOUNTAINVIEW CT,,403,83.6,nearest parcel 84m away (> 60m)
1900,FOUNTAINVIEW CT,,441,105.8,nearest parcel 106m away (> 60m)
2797,BERWICK SQ,,403,6.7,nearest non-residential (403)
2765,NOE-BIXBY RD,,502,136.9,nearest parcel 137m away (> 60m)
1950,FOUNTAINVIEW CT,D,403,103.9,nearest parcel 104m away (> 60m)
1946,FOUNTAINVIEW CT,E,403,111.2,nearest parcel 111m away (> 60m)
2780,GROSSE POINT,,403,99.4,nearest parcel 99m away (> 60m)
2782,GROSSE POINT,,403,94.2,nearest parcel 94m away (> 60m)
1925,OLDE COVENTRY RD,,403,92.2,nearest parcel 92m away (> 60m)
6066,CHANNINGWAY BLVD,,449,12.0,nearest non-residential (449)
1921,OLDE COVENTRY RD E,,403,14.5,nearest non-residential (403)
5121,CEDAR DR,H,,25.8,nearest non-residential ()
5145,CEDAR DR,L,,23.4,nearest non-residential ()
5167,CEDAR DR,K,,2.3,nearest non-residential ()
2810,BANWICK RD,,351,95.1,nearest parcel 95m away (> 60m)
3649,RIVERDALE SQ,,625,50.8,nearest non-residential (625)
3660,RIVERDALE SQ,,403,55.7,nearest non-residential (403)
3729,BUCKMAN ST,,500,1.3,nearest=vacant land
3722,BIRCHTREE LN,,403,92.9,nearest parcel 93m away (> 60m)
3709,CHARBERT CT,,403,44.5,nearest non-residential (403)
3722,DAWN CT,,403,68.7,nearest parcel 69m away (> 60m)
2213,COURTSIDE DR,E,400,2.4,nearest non-residential (400)
2231,COURTSIDE DR,C,400,37.7,nearest non-residential (400)
3737,CHARBERT CT,,403,78.4,nearest parcel 78m away (> 60m)
1727,LONSDALE RD,A,401,28.0,nearest non-residential (401)
5415,YORKSHIRE TERRACE DR,7B,403,33.4,nearest non-residential (403)
3681,KIDRON CT,,403,105.4,nearest parcel 105m away (> 60m)
5427,LONSDALE PL S,,401,42.9,nearest non-residential (401)
5430,LONSDALE PL S,UNIT B,403,64.9,nearest parcel 65m away (> 60m)
5665,HIBERNIA DR,B,510,68.3,nearest parcel 68m away (> 60m)
5645,HIBERNIA DR,A,510,92.2,nearest parcel 92m away (> 60m)
5649,HIBERNIA DR,B,510,91.5,nearest parcel 92m away (> 60m)
2199,MUIRWOOD DR,,403,97.2,nearest parcel 97m away (> 60m)
3259,WINTER LANE PARK,,510,90.7,nearest parcel 91m away (> 60m)
5800,HIBERNIA DR,B,403,37.9,nearest non-residential (403)
2625,WINCHESTER PIKE,,465,71.5,nearest parcel 71m away (> 60m)
2241,SEVILLE AVE,,403,79.3,nearest parcel 79m away (> 60m)
4247,DONLYN CT,,447,35.0,nearest non-residential (447)
1740,LONSDALE PL E,UNIT A,403,77.7,nearest parcel 78m away (> 60m)
5515,CANTARA PL,2,403,37.9,nearest non-residential (403)
1557,BANDERA CT,,403,32.0,nearest non-residential (403)
4259,KIMBERLY PKWY,,425,25.6,nearest non-residential (425)
4230,S HAMILTON RD,,426,83.9,nearest parcel 84m away (> 60m)
5481,CHATFORD SQ,,403,94.7,nearest parcel 95m away (> 60m)
2246,S HAMILTON RD,103,425,53.7,nearest non-residential (425)
2426,SHORE BLVD W,,403,72.5,nearest parcel 73m away (> 60m)
4520,LAKE SIDE N,,350,129.4,nearest parcel 129m away (> 60m)
5589,AUTUMN CHASE DR,B,411,29.2,nearest non-residential (411)
2870,WOOLWICH CT,204,685,97.1,nearest parcel 97m away (> 60m)
4579,HEMINGWAY CT,B,685,99.5,nearest parcel 99m away (> 60m)
2451,SHORE BLVD E,A,403,68.4,nearest parcel 68m away (> 60m)
2411,SHORE BLVD E,K,403,53.6,nearest non-residential (403)
2429,SHORE BLVD E,,403,40.6,nearest non-residential (403)
2884,NATHANIEL BLVD,,403,78.7,nearest parcel 79m away (> 60m)
436,CHANTRY DR,,447,15.6,nearest non-residential (447)
364,CHANTRY DR,,447,15.6,nearest non-residential (447)
2621,SILVER OAK DR,,403,119.8,nearest parcel 120m away (> 60m)
2783,GROSSE POINT,,403,87.2,nearest parcel 87m away (> 60m)
2744,BRANDY DR,104,403,26.8,nearest non-residential (403)
5880,YORKLAND CT,UNIT D,,31.7,nearest non-residential ()
2798,GROSSE POINT,,403,47.2,nearest non-residential (403)
3346,TRADAN DR,,403,75.9,nearest parcel 76m away (> 60m)
2233,GARNET PL,,403,22.3,nearest non-residential (403)
6473,MCNAUGHTEN CT,,425,46.0,nearest non-residential (425)
6183,MCNAUGHTEN CT,,425,46.0,nearest non-residential (425)
3269,SUNMARK AVE,,,19.9,nearest non-residential ()
5852,CHATFORD DR,F,403,42.9,nearest non-residential (403)
5842,CHATFORD DR,,403,19.6,nearest non-residential (403)
5820,CHATFORD DR,,403,19.6,nearest non-residential (403)
5884,CHATFORD DR,,403,63.7,nearest parcel 64m away (> 60m)
5007,COVENTRY CT N,,510,70.5,nearest parcel 71m away (> 60m)
2088,PINE GROVE LN,,403,24.3,nearest non-residential (403)
1858,COVENTRY LN,D,403,28.3,nearest non-residential (403)
6011,LAKE CLUB SQ,,400,56.3,nearest non-residential (400)
1950,FOUNTAINVIEW CT,F,403,118.7,nearest parcel 119m away (> 60m)
1882,FOUNTAINVIEW CT,,441,84.8,nearest parcel 85m away (> 60m)
3598,RIVERDALE SQ,,685,71.3,nearest parcel 71m away (> 60m)
5861,CHANTRY DR,,422,38.3,nearest non-residential (422)
6024,LAKE CLUB CT,,449,116.0,nearest parcel 116m away (> 60m)
5099,CEDAR DR,H,,22.4,nearest non-residential ()
2508,COURTRIGHT RD,,402,55.4,nearest non-residential (402)
3573,ARIEL DR,,403,38.5,nearest non-residential (403)
5141,CEDAR DR,C,,22.5,nearest non-residential ()
3763,KIMBERLY WEST DR,UNIT 6,403,59.2,nearest non-residential (403)
2233,COURTSIDE DR,G,400,47.0,nearest non-residential (400)
3789,SOFT WIND DR,,520,70.6,nearest parcel 71m away (> 60m)
2438,KIMBERLY WOODS DR,,680,28.7,nearest non-residential (680)
2317,MUIRWOOD DR,,520,70.9,nearest parcel 71m away (> 60m)
2244,MUIRWOOD DR,,403,27.5,nearest non-residential (403)
2298,SEVILLE AVE,,403,43.9,nearest non-residential (403)
2254,SEVILLE AVE,,403,34.7,nearest non-residential (403)
5770,HIBERNIA DR,C,403,65.6,nearest parcel 66m away (> 60m)
5484,DUNFIELD LN,3,403,51.3,nearest non-residential (403)
4252,EASTLAND SQUARE DR,,426,121.0,nearest parcel 121m away (> 60m)
5712,HIBERNIA DR,C,690,80.9,nearest parcel 81m away (> 60m)
5542,DUNFIELD LN,6,403,39.4,nearest non-residential (403)
3138,S HAMILTON RD,,425,20.1,nearest non-residential (425)
2785,CITIZENS PL,A,403,107.8,nearest parcel 108m away (> 60m)
1813,BAIRSFORD DR,1C,403,26.2,nearest non-residential (403)
5594,AUTUMN CHASE DR,A,411,37.2,nearest non-residential (411)
2784,BERWICK SQ,,403,39.5,nearest non-residential (403)
4650,HILTON CORPORATE DR,208,484,76.5,nearest parcel 76m away (> 60m)
4729,HILTON CORPORATE DR,,447,60.0,nearest non-residential (447)
6103,MCNAUGHTEN CENTER,,425,22.9,nearest non-residential (425)
6249,MCNAUGHTEN CT,,425,46.0,nearest non-residential (425)
6301,MCNAUGHTEN CT,,425,46.0,nearest non-residential (425)
5820,MAPLE TREE LN,,454,167.4,nearest parcel 167m away (> 60m)
5858,CHATFORD DR,F,403,31.4,nearest non-residential (403)
5936,SHANA DR,,553,63.5,nearest parcel 64m away (> 60m)
5862,CHATFORD DR,,403,19.6,nearest non-residential (403)
1969,FOUNTAINVIEW CT,,403,32.8,nearest non-residential (403)
2899,SHILLING DR,,403,31.2,nearest non-residential (403)
2894,SHILLING DR,,403,41.5,nearest non-residential (403)
5904,CHATFORD DR,B,449,106.2,nearest parcel 106m away (> 60m)
1936,FOUNTAINVIEW CT,,403,105.4,nearest parcel 105m away (> 60m)
1944,FOUNTAINVIEW CT,B,403,110.3,nearest parcel 110m away (> 60m)
6014,LAKE CLUB SQ,,430,89.8,nearest parcel 90m away (> 60m)
4954,OLDE COVENTRY RD W,,403,114.8,nearest parcel 115m away (> 60m)
4982,OLDE COVENTRY RD W,,403,70.8,nearest parcel 71m away (> 60m)
5015,COVENTRY CT N,,510,70.1,nearest parcel 70m away (> 60m)
2610,BIRCHTREE WAY,,403,101.6,nearest parcel 102m away (> 60m)
3719,KNIGHTSWAY LN,,403,76.9,nearest parcel 77m away (> 60m)
3741,NOAM CT,,403,62.7,nearest parcel 63m away (> 60m)
2207,COURTSIDE DR,A,400,11.7,nearest non-residential (400)
3760,WESTPOINT DR,UNIT 3,403,31.2,nearest non-residential (403)
3763,KIMBERLY WEST DR,UNIT 1,403,68.9,nearest parcel 69m away (> 60m)
3763,KIMBERLY WEST DR,UNIT 3,403,67.0,nearest parcel 67m away (> 60m)
2233,COURTSIDE DR,A,400,43.3,nearest non-residential (400)
3690,SOFT WIND DR,,403,31.8,nearest non-residential (403)
2191,SOFT WIND CT,,403,57.2,nearest non-residential (403)
3731,SOFT WIND DR,,403,68.9,nearest parcel 69m away (> 60m)
5393,YORKSHIRE TERRACE DR,6C,403,56.4,nearest non-residential (403)
5575,HIBERNIA DR,,510,77.6,nearest parcel 78m away (> 60m)
5535,HIBERNIA DR,B,640,67.8,nearest parcel 68m away (> 60m)
5415,YORKSHIRE TERRACE DR,6C,403,21.2,nearest non-residential (403)
3927,KIMBERLY PKWY N,,550,82.2,nearest parcel 82m away (> 60m)
3933,KIMBERLY PKWY N,,550,99.9,nearest parcel 100m away (> 60m)
2060,SUNSHINE PL,,403,35.7,nearest non-residential (403)
2160,SUNSHINE PL,,400,102.3,nearest parcel 102m away (> 60m)
2120,SUNSHINE PL,,400,96.2,nearest parcel 96m away (> 60m)
5632,HIBERNIA DR,,403,36.0,nearest non-residential (403)
5440,LONSDALE PL S,UNIT C,403,40.7,nearest non-residential (403)
5774,HIBERNIA DR,B,403,66.8,nearest parcel 67m away (> 60m)
5502,DUNFIELD LN,5,403,62.9,nearest parcel 63m away (> 60m)
5766,HIBERNIA DR,A,403,58.3,nearest non-residential (403)
5754,HIBERNIA DR,B,403,36.0,nearest non-residential (403)
2286,MUIRWOOD DR,,400,63.3,nearest parcel 63m away (> 60m)
2128,MUIRWOOD DR,,481,129.0,nearest parcel 129m away (> 60m)
2367,MERCEDES LN,,403,94.0,nearest parcel 94m away (> 60m)
5504,E LIVINGSTON AVE,,403,47.7,nearest non-residential (403)
5457,CHATFORD SQ,,403,52.9,nearest non-residential (403)
2549,FRANKSWAY ST,,422,34.4,nearest non-residential (422)
4440,KINGSLAND AVE,,685,75.1,nearest parcel 75m away (> 60m)
5561,HUTCHINSTONE RD,,495,74.3,nearest parcel 74m away (> 60m)
5560,MILLERSFIELD DR,,403,75.7,nearest parcel 76m away (> 60m)
2851,CITIZENS PL,B,435,92.2,nearest parcel 92m away (> 60m)
2860,CITIZENS PL,C,685,98.5,nearest parcel 98m away (> 60m)
2801,MARWOOD CT,A,403,50.0,nearest non-residential (403)
544,CHANTRY DR,,447,15.3,nearest non-residential (447)
138,CHANTRY DR,,447,15.6,nearest non-residential (447)
450,CHANTRY DR,,447,15.6,nearest non-residential (447)
536,CHANTRY DR,,447,15.6,nearest non-residential (447)
5625,CHANTRY DR,,447,26.7,nearest non-residential (447)
2747,TENNYSON BLVD,C,403,111.1,nearest parcel 111m away (> 60m)
4501,LAKE SIDE S,D,400,117.4,nearest parcel 117m away (> 60m)
4535,LAKE SIDE S,J,400,110.4,nearest parcel 110m away (> 60m)
2440,SHORE BLVD W,A,480,83.3,nearest parcel 83m away (> 60m)
4563,HEMINGWAY CT,A,685,72.9,nearest parcel 73m away (> 60m)
4607,REFUGEE RD,1A,403,59.9,nearest non-residential (403)
1285,YORKLAND RD,UNIT O,403,41.4,nearest non-residential (403)
4621,REFUGEE RD,1B,403,73.8,nearest parcel 74m away (> 60m)
2881,TENNYSON BLVD,106,403,121.7,nearest parcel 122m away (> 60m)
4661,REFUGEE RD,2B,403,61.6,nearest parcel 62m away (> 60m)
2900,NATHANIEL BLVD,B,403,67.2,nearest parcel 67m away (> 60m)
4630,HILTON CORPORATE DR,218,411,78.5,nearest parcel 78m away (> 60m)
2519,EASTERN PINE RD,,403,81.7,nearest parcel 82m away (> 60m)
1281,MCNAUGHTEN RD,UNIT A,403,66.8,nearest parcel 67m away (> 60m)
1520,ABRAHAM WOODS,,,11.8,nearest non-residential ()
4655,REFUGEE RD,3B,403,58.8,nearest non-residential (403)
4632,CHANNING TER,A,403,110.4,nearest parcel 110m away (> 60m)
4669,REFUGEE RD,1I,403,9.4,nearest non-residential (403)
2902,MERRYMOUNT CT,D,403,116.5,nearest parcel 117m away (> 60m)
2866,MERRYMOUNT CT,A,403,166.2,nearest parcel 166m away (> 60m)
5880,YORKLAND CT,UNIT G,,18.0,nearest non-residential ()
5894,CHATTERTON RD,,,29.3,nearest non-residential ()
5723,SPRUCE TREE DR,,403,96.5,nearest parcel 97m away (> 60m)
2517,EASTERN PINE RD,,403,75.8,nearest parcel 76m away (> 60m)
5816,CHATFORD DR,D,899,108.7,nearest parcel 109m away (> 60m)
6723,MCNAUGHTEN CT,,425,46.0,nearest non-residential (425)
6411,MCNAUGHTEN CT,,425,46.0,nearest non-residential (425)
3683,FARTHING LN,,403,57.0,nearest non-residential (403)
6201,MCNAUGHTEN CT,,425,46.0,nearest non-residential (425)
5984,ABERNATHY LN,,,17.3,nearest non-residential ()
5876,CHATFORD DR,F,403,27.6,nearest non-residential (403)
3420,WALNUT DR,,650,125.7,nearest parcel 126m away (> 60m)
2764,BRANDY DR,203,403,53.2,nearest non-residential (403)
5988,LAKE CLUB SQ,,403,96.3,nearest parcel 96m away (> 60m)
2496,FOREST GREEN CT,,401,43.9,nearest non-residential (401)
1896,OLDE COVENTRY RD E,,403,54.3,nearest non-residential (403)
5011,COVENTRY CT N,,510,69.4,nearest parcel 69m away (> 60m)
1900,OLDE COVENTRY RD E,,403,54.9,nearest non-residential (403)
5095,CEDAR DR,G,,29.6,nearest non-residential ()
2158,RIVERDALE SQ E,,403,26.9,nearest non-residential (403)
3636,RIVERDALE SQ,,625,74.0,nearest parcel 74m away (> 60m)
5121,CEDAR DR,B,,23.8,nearest non-residential ()
3723,BIRCHTREE LN,,403,88.0,nearest parcel 88m away (> 60m)
2412,HUDSON BAY WAY,,510,91.5,nearest parcel 91m away (> 60m)
2362,CANAL BAY WAY,,403,41.8,nearest non-residential (403)
3916,MAUMEE BAY WAY,,510,84.1,nearest parcel 84m away (> 60m)
2187,SUNSHINE PL,,403,33.4,nearest non-residential (403)
2114,SUNSHINE PL,,400,78.6,nearest parcel 79m away (> 60m)
2118,SUNSHINE PL,,400,86.8,nearest parcel 87m away (> 60m)
2275,MUIRWOOD DR,,400,40.6,nearest non-residential (400)
5652,HIBERNIA DR,A,403,40.1,nearest non-residential (403)
5456,E LIVINGSTON AVE,,,24.1,nearest non-residential ()
5796,HIBERNIA DR,B,403,45.9,nearest non-residential (403)
3319,SUFFIELD,,510,113.3,nearest parcel 113m away (> 60m)
1740,LONSDALE PL E,UNIT D,403,86.4,nearest parcel 86m away (> 60m)
3314,SUFFIELD,,510,63.8,nearest parcel 64m away (> 60m)
2817,CITIZENS PL,D,403,85.2,nearest parcel 85m away (> 60m)
1832,S HAMILTON RD,,510,218.2,nearest parcel 218m away (> 60m)
2774,CITIZENS PL,F,403,119.5,nearest parcel 119m away (> 60m)
2836,WYMAN CT,C,403,69.9,nearest parcel 70m away (> 60m)
2784,MARWOOD CT,B,403,69.2,nearest parcel 69m away (> 60m)
4530,LAKE SIDE N,J,400,130.9,nearest parcel 131m away (> 60m)
2510,PARK CRESCENT,,455,48.1,nearest non-residential (455)
5675,BAIRSFORD CIR N,10,403,23.2,nearest non-residential (403)
2791,NEWCASTLE CT,C,403,68.1,nearest parcel 68m away (> 60m)
4570,LAKE SIDE N,I,351,145.7,nearest parcel 146m away (> 60m)
4605,REFUGEE RD,1C,403,60.7,nearest parcel 61m away (> 60m)
4621,REFUGEE RD,3B,403,67.6,nearest parcel 68m away (> 60m)
4621,REFUGEE RD,3D,403,53.6,nearest non-residential (403)
2797,TENNYSON BLVD,A,403,11.1,nearest non-residential (403)
2810,TENNYSON BLVD,A,403,48.9,nearest non-residential (403)
2814,TENNYSON BLVD,A,403,71.3,nearest parcel 71m away (> 60m)
662,CHANTRY DR,,447,15.6,nearest non-residential (447)
514,CHANTRY DR,,447,15.6,nearest non-residential (447)
2572,SILVER OAK DR,,403,73.2,nearest parcel 73m away (> 60m)
5657,MAPLE TREE LN,,403,66.9,nearest parcel 67m away (> 60m)
5780,SARANAC DR,,403,40.8,nearest non-residential (403)
2003,ZETTLER RD,,300,105.6,nearest parcel 106m away (> 60m)
2853,CITIZENS PL,D,436,106.3,nearest parcel 106m away (> 60m)
2234,S HAMILTON RD,100,447,51.8,nearest non-residential (447)
2787,MARWOOD CT,,403,82.3,nearest parcel 82m away (> 60m)
2747,TENNYSON BLVD,B,403,107.5,nearest parcel 107m away (> 60m)
2782,MARWOOD CT,,403,65.1,nearest parcel 65m away (> 60m)
2730,TENNYSON BLVD,B,481,172.8,nearest parcel 173m away (> 60m)
610,CHANTRY DR,,447,15.6,nearest non-residential (447)
166,CHANTRY DR,,447,15.6,nearest non-residential (447)
418,CHANTRY DR,,447,15.6,nearest non-residential (447)
472,CHANTRY DR,,447,15.6,nearest non-residential (447)
5589,CHANTRY DR,,447,51.6,nearest non-residential (447)
3170,WEBSTER DR,,685,35.6,nearest non-residential (685)
4536,LAKE SIDE S,D,403,147.6,nearest parcel 148m away (> 60m)
2820,WYMAN CT,D,403,34.3,nearest non-residential (403)
2765,TENNYSON BLVD,C,403,99.7,nearest parcel 100m away (> 60m)
4556,LAKE SIDE N,,400,154.8,nearest parcel 155m away (> 60m)
4619,REFUGEE RD,2B,403,68.8,nearest parcel 69m away (> 60m)
4615,HEBRIDES DR,D,403,107.6,nearest parcel 108m away (> 60m)
2841,ROCKFORD LN,,403,66.4,nearest parcel 66m away (> 60m)
2814,TENNYSON BLVD,D,403,74.0,nearest parcel 74m away (> 60m)
5741,CHANTRY DR,,426,77.1,nearest parcel 77m away (> 60m)
5674,GREENPINE ST,,400,67.7,nearest parcel 68m away (> 60m)
5719,SPRUCE TREE DR,,403,80.1,nearest parcel 80m away (> 60m)
5731,SPRUCE TREE DR,,400,107.0,nearest parcel 107m away (> 60m)
2503,EASTERN PINE RD,,403,87.4,nearest parcel 87m away (> 60m)
1281,MCNAUGHTEN RD,UNIT C,403,75.0,nearest parcel 75m away (> 60m)
4686,FENIMORE CT,A,403,129.2,nearest parcel 129m away (> 60m)
4650,HILTON CORPORATE DR,216,484,78.3,nearest parcel 78m away (> 60m)
6285,MCNAUGHTEN CT,,425,46.0,nearest non-residential (425)
6233,MCNAUGHTEN CT,,425,46.0,nearest non-residential (425)
5846,CHATFORD DR,E,403,60.1,nearest parcel 60m away (> 60m)
2785,GROSSE POINT,,403,93.2,nearest parcel 93m away (> 60m)
3286,TRADAN DR,,403,75.2,nearest parcel 75m away (> 60m)
2808,GROSSE POINT,,403,26.6,nearest non-residential (403)
3180,ELIM MANOR CT,213,591,9.3,nearest non-residential (591)
1879,FOUNTAINVIEW CT,D,899,70.5,nearest parcel 71m away (> 60m)
2089,LAKE CLUB TER,A,400,56.0,nearest non-residential (400)
5989,LAKE CLUB SQ,,403,41.8,nearest non-residential (403)
6069,LAKE CLUB PL,,449,114.6,nearest parcel 115m away (> 60m)
2081,PINE GROVE LN,,401,36.7,nearest non-residential (401)
5034,COVENTRY DR,C,403,58.2,nearest non-residential (403)
5040,COVENTRY DR,C,510,68.3,nearest parcel 68m away (> 60m)
2564,SPRINGWAY CT,,402,67.9,nearest parcel 68m away (> 60m)
2484,BENIE CT,,403,63.7,nearest parcel 64m away (> 60m)
5321,YORKSHIRE TERRACE DR,D,402,47.3,nearest non-residential (402)
3717,CHARBERT CT,,403,62.4,nearest parcel 62m away (> 60m)
2500,BENIE CT,,403,10.0,nearest non-residential (403)
1759,LONSDALE RD,B,401,17.7,nearest non-residential (401)
5621,HIBERNIA DR,A,403,91.2,nearest parcel 91m away (> 60m)
2410,CANAL BAY WAY,,403,44.2,nearest non-residential (403)
3967,PENNIMAN ST,,501,31.9,nearest=vacant land
5440,LONSDALE PL N,UNIT C,439,31.4,nearest non-residential (439)
5762,HIBERNIA DR,C,403,53.6,nearest non-residential (403)
5788,HIBERNIA DR,B,403,56.5,nearest non-residential (403)
5542,DUNFIELD LN,3,403,34.6,nearest non-residential (403)
2108,MUIRWOOD DR,,400,125.5,nearest parcel 126m away (> 60m)
5551,CHATFORD DR,B,403,28.7,nearest non-residential (403)
4233,DONLYN CT,,447,62.9,nearest parcel 63m away (> 60m)
4287,DONLYN CT,,447,28.7,nearest non-residential (447)
1811,BAIRSFORD DR,1M,403,25.1,nearest non-residential (403)
1803,BAIRSFORD DR,,680,57.9,nearest non-residential (680)
4259,EASTLAND SQUARE DR,,422,69.7,nearest parcel 70m away (> 60m)
4319,DONLYN CT,,447,7.1,nearest non-residential (447)
4280,EASTLAND SQUARE DR,,426,70.4,nearest parcel 70m away (> 60m)
1801,BAIRSFORD DR,,680,55.4,nearest non-residential (680)
5593,AUTUMN CHASE DR,B,411,44.1,nearest non-residential (411)
2339,HAMILTON RD,,425,14.2,nearest non-residential (425)
3156,S HAMILTON RD,,425,45.6,nearest non-residential (425)
1762,BAIRSFORD DR,,400,53.9,nearest non-residential (400)
6026,ABERNATHY LN,,640,45.1,nearest non-residential (640)
1948,FOUNTAINVIEW CT,D,403,101.6,nearest parcel 102m away (> 60m)
4988,OLDE COVENTRY RD W,,403,57.9,nearest non-residential (403)
1849,COVENTRY LN,,403,63.1,nearest parcel 63m away (> 60m)
1962,LAKE CLUB DR,,449,48.6,nearest non-residential (449)
2494,FOREST GREEN CT,,401,44.5,nearest non-residential (401)
5099,CEDAR DR,E,,31.5,nearest non-residential ()
5141,CEDAR DR,F,,18.8,nearest non-residential ()
3754,BUCKMAN ST,,500,2.0,nearest=vacant land
2525,COURTRIGHT RD,,401,64.4,nearest parcel 64m away (> 60m)
3716,NOAM CT,,520,79.0,nearest parcel 79m away (> 60m)
2309,PETZINGER CT,,640,24.7,nearest non-residential (640)
3796,BUCKMAN ST,,500,13.3,nearest=vacant land
2225,COURTSIDE DR,D,400,35.4,nearest non-residential (400)
2377,CANAL BAY WAY,,403,32.5,nearest non-residential (403)
2402,CANAL BAY WAY,,403,32.4,nearest non-residential (403)
5415,YORKSHIRE TERRACE DR,4C,403,8.8,nearest non-residential (403)
5415,YORKSHIRE TERRACE DR,2B,403,15.5,nearest non-residential (403)
5617,HIBERNIA DR,C,510,82.8,nearest parcel 83m away (> 60m)
5459,E LIVINGSTON AVE,UNIT A,439,39.4,nearest non-residential (439)
5438,CHATFORD SQ,,403,38.3,nearest non-residential (403)
2739,EASTLAND MALL,,427,44.5,nearest non-residential (427)
4251,DONLYN CT,,447,35.0,nearest non-residential (447)
4295,DONLYN CT,,447,35.0,nearest non-residential (447)
4307,DONLYN CT,,447,34.2,nearest non-residential (447)
4351,DONLYN CT,,447,16.9,nearest non-residential (447)
3385,SUFFIELD,,510,93.2,nearest parcel 93m away (> 60m)
4299,KIMBERLY PKWY,,685,21.6,nearest non-residential (685)
5551,CHATFORD DR,J,403,41.3,nearest non-residential (403)
5555,AUTUMN CHASE DR,,411,68.1,nearest parcel 68m away (> 60m)
1811,BAIRSFORD DR,2I,403,28.9,nearest non-residential (403)
2845,CITIZENS PL,A,499,74.0,nearest parcel 74m away (> 60m)
2244,S HAMILTON RD,103,447,39.8,nearest non-residential (447)
2743,TENNYSON BLVD,A,403,132.4,nearest parcel 132m away (> 60m)
2783,MARWOOD CT,,403,70.7,nearest parcel 71m away (> 60m)
4499,LAKE SIDE S,B,400,114.7,nearest parcel 115m away (> 60m)
4501,LAKE SIDE S,B,400,109.1,nearest parcel 109m away (> 60m)
4597,REFUGEE RD,3E,403,45.2,nearest non-residential (403)
2784,MARWOOD CT,C,403,69.8,nearest parcel 70m away (> 60m)
2774,TENNYSON BLVD,,403,76.9,nearest parcel 77m away (> 60m)
4605,REFUGEE RD,3A,403,72.5,nearest parcel 72m away (> 60m)
5667,E LIVINGSTON AVE,,403,48.2,nearest non-residential (403)
2881,TENNYSON BLVD,105,403,120.3,nearest parcel 120m away (> 60m)
2810,TENNYSON BLVD,D,403,51.5,nearest non-residential (403)
4657,REFUGEE RD,2F,403,85.7,nearest parcel 86m away (> 60m)
4663,REFUGEE RD,1B,403,73.1,nearest parcel 73m away (> 60m)
4647,COLERIDGE CT,,403,36.8,nearest non-residential (403)
4680,FENIMORE CT,D,403,106.9,nearest parcel 107m away (> 60m)
504,CHANTRY DR,,447,15.6,nearest non-residential (447)
124,CHANTRY DR,,447,15.6,nearest non-residential (447)
2569,SILVER OAK DR,,455,113.8,nearest parcel 114m away (> 60m)
4690,HILTON CORPORATE DR,,484,76.4,nearest parcel 76m away (> 60m)
4761,HILTON CORPORATE DR,,447,38.3,nearest non-residential (447)
5772,SARANAC DR,,403,47.3,nearest non-residential (403)
1777,CHANNINGWAY CT E,,499,20.7,nearest non-residential (499)
3273,CALVEYLEE LN,,,14.4,nearest non-residential ()
2813,GROSSE POINT,,403,59.1,nearest non-residential (403)
5816,CHATFORD DR,H,899,103.0,nearest parcel 103m away (> 60m)
6701,MCNAUGHTEN CT,,425,46.0,nearest non-residential (425)
6118,MCNAUGHTEN CENTER,,458,24.0,nearest non-residential (458)
6124,MCNAUGHTEN CENTER,,458,41.4,nearest non-residential (458)
5978,ABERNATHY LN,,,20.7,nearest non-residential ()
6000,ABERNATHY LN,,,13.9,nearest non-residential ()
5876,CHATFORD DR,B,403,25.3,nearest non-residential (403)
2865,CITIZENS PL,A,670,86.7,nearest parcel 87m away (> 60m)
2448,SHORE BLVD W,,480,85.7,nearest parcel 86m away (> 60m)
4575,MANDEVILLE CT,C,685,106.6,nearest parcel 107m away (> 60m)
4570,ISINGTON CT,211,403,78.1,nearest parcel 78m away (> 60m)
2870,WOOLWICH CT,210,685,114.8,nearest parcel 115m away (> 60m)
2740,TENNYSON BLVD,A,403,158.9,nearest parcel 159m away (> 60m)
5726,SARANAC DR,,520,67.0,nearest parcel 67m away (> 60m)
3155,WEBSTER DR,,458,91.7,nearest parcel 92m away (> 60m)
3190,WEBSTER DR,,685,52.0,nearest non-residential (685)
4609,REFUGEE RD,1J,403,79.2,nearest parcel 79m away (> 60m)
4611,REFUGEE RD,2A,403,67.5,nearest parcel 67m away (> 60m)
2881,TENNYSON BLVD,101,403,116.6,nearest parcel 117m away (> 60m)
4632,CHANNING TER,D,403,110.6,nearest parcel 111m away (> 60m)
298,CHANTRY DR,,447,15.6,nearest non-residential (447)
252,CHANTRY DR,,447,15.6,nearest non-residential (447)
522,CHANTRY DR,,447,15.6,nearest non-residential (447)
486,CHANTRY DR,,447,15.6,nearest non-residential (447)
2809,BERWICK SQ,,403,7.7,nearest non-residential (403)
2804,BERWICK SQ,,403,30.5,nearest non-residential (403)
3189,WEBSTER DR,,403,70.6,nearest parcel 71m away (> 60m)
2766,GROSSE POINT,,403,85.1,nearest parcel 85m away (> 60m)
5672,GREENPINE ST,,400,62.0,nearest parcel 62m away (> 60m)
2499,EASTERN PINE RD,,403,90.8,nearest parcel 91m away (> 60m)
5753,SPRUCE TREE DR,,400,122.8,nearest parcel 123m away (> 60m)
5809,MAPLE TREE LN,,454,159.4,nearest parcel 159m away (> 60m)
5834,CHATFORD DR,E,899,77.3,nearest parcel 77m away (> 60m)
3360,TRADAN DR,,400,43.2,nearest non-residential (400)
6109,MCNAUGHTEN CENTER,,425,28.7,nearest non-residential (425)
6499,MCNAUGHTEN CT,,425,46.0,nearest non-residential (425)
6575,MCNAUGHTEN CT,,425,46.0,nearest non-residential (425)
6509,MCNAUGHTEN CT,,425,46.0,nearest non-residential (425)
6175,MCNAUGHTEN CT,,425,46.0,nearest non-residential (425)
5830,CHATFORD DR,,403,19.6,nearest non-residential (403)
5876,CHATFORD DR,E,403,28.9,nearest non-residential (403)
1977,FOUNTAINVIEW CT,,403,48.5,nearest non-residential (403)
3466,WALNUT DR,,400,43.3,nearest non-residential (400)
4948,OLDE COVENTRY RD W,,403,98.1,nearest parcel 98m away (> 60m)
2113,PINE GROVE LN,,401,37.4,nearest non-residential (401)
2105,PINE GROVE LN,,403,41.2,nearest non-residential (403)
5981,LAKE CLUB SQ,G,403,45.5,nearest non-residential (403)
4978,OLDE COVENTRY RD W,,403,76.2,nearest parcel 76m away (> 60m)
1889,COVENTRY CT,,403,56.3,nearest non-residential (403)
5994,LAKE CLUB SQ,,403,102.7,nearest parcel 103m away (> 60m)
5165,CEDAR DR,E,,18.2,nearest non-residential ()
2170,RIVERDALE SQ E,,403,16.0,nearest non-residential (403)
3643,RIVERDALE SQ,,625,37.4,nearest non-residential (625)
3740,KNIGHTSWAY LN,,402,45.8,nearest non-residential (402)
2142,COURTRIGHT RD,,403,47.6,nearest non-residential (403)
3703,REFUGEE RD,,500,39.4,nearest=vacant land
3724,DAWN CT,,403,64.0,nearest parcel 64m away (> 60m)
2265,PETZINGER CT,,420,76.8,nearest parcel 77m away (> 60m)
3856,BUCKMAN ST,,500,3.8,nearest=vacant land
3750,WESTPOINT DR,UNIT 4,403,46.0,nearest non-residential (403)
3697,MENDON PL,,403,54.4,nearest non-residential (403)
3712,SOFT WIND DR,,403,76.0,nearest parcel 76m away (> 60m)
5603,HIBERNIA DR,,510,77.4,nearest parcel 77m away (> 60m)
3959,MAUMEE BAY WAY,,510,63.7,nearest parcel 64m away (> 60m)
2230,SUNSHINE PL,,520,82.6,nearest parcel 83m away (> 60m)
5419,LONSDALE PL S,UNIT A,401,46.0,nearest non-residential (401)
5645,HIBERNIA DR,B,403,93.9,nearest parcel 94m away (> 60m)
5784,HIBERNIA DR,C,403,62.2,nearest parcel 62m away (> 60m)
3262,WINTER LANE PARK,,481,95.8,nearest parcel 96m away (> 60m)
5469,CHATFORD SQ,,403,81.8,nearest parcel 82m away (> 60m)
2370,MERCEDES LN,,403,70.7,nearest parcel 71m away (> 60m)
4283,DONLYN CT,,447,35.0,nearest non-residential (447)
4253,EASTLAND SQUARE DR,,422,77.9,nearest parcel 78m away (> 60m)
5532,E LIVINGSTON AVE,,426,34.7,nearest non-residential (426)
5522,DUNFIELD LN,3,403,20.5,nearest non-residential (403)
5542,DUNFIELD LN,,403,40.6,nearest non-residential (403)
2759,WINCHESTER PIKE,,458,141.7,nearest parcel 142m away (> 60m)
2708,EASTLAND MALL,UNIT A,427,90.4,nearest parcel 90m away (> 60m)
4321,DONLYN CT,,447,9.2,nearest non-residential (447)
4331,DONLYN CT,,447,24.5,nearest non-residential (447)
3651,S HAMILTON RD,CATV,435,48.1,nearest non-residential (435)
5510,CHATFORD SQ,,403,54.2,nearest non-residential (403)
5567,AUTUMN CHASE DR,B,411,37.0,nearest non-residential (411)
2562,S HAMILTON RD,,425,57.0,nearest non-residential (425)
5646,SARANAC DR,,403,55.3,nearest non-residential (403)
4603,REFUGEE RD,1A,403,65.3,nearest parcel 65m away (> 60m)
4593,REFUGEE RD,2J,403,62.2,nearest parcel 62m away (> 60m)
4611,WORDSWORTH CT,C,403,102.1,nearest parcel 102m away (> 60m)
4616,CHANNING TER,A,403,111.1,nearest parcel 111m away (> 60m)
2471,SHORE BLVD E,C,403,132.0,nearest parcel 132m away (> 60m)
4659,REFUGEE RD,2C,403,87.8,nearest parcel 88m away (> 60m)
4615,HEBRIDES DR,A,403,89.4,nearest parcel 89m away (> 60m)
4650,HILTON CORPORATE DR,202,484,105.4,nearest parcel 105m away (> 60m)
5675,BAIRSFORD CIR N,6,403,21.5,nearest non-residential (403)
134,CHANTRY DR,,447,15.6,nearest non-residential (447)
182,CHANTRY DR,,447,15.6,nearest non-residential (447)
54,CHANTRY DR,,447,15.6,nearest non-residential (447)
104,CHANTRY DR,,447,15.6,nearest non-residential (447)
2657,SILVER OAK DR,,403,116.7,nearest parcel 117m away (> 60m)
6803,MCNAUGHTEN CT,,425,46.0,nearest non-residential (425)
5884,CHATFORD DR,B,403,60.2,nearest parcel 60m away (> 60m)
1971,FOUNTAINVIEW CT,,403,35.7,nearest non-residential (403)
1955,FOUNTAINVIEW CT,,403,23.3,nearest non-residential (403)
6135,ZACHARY WOODS LN,,,17.3,nearest non-residential ()
1934,NOE-BIXBY RD,,401,68.2,nearest parcel 68m away (> 60m)
2124,PINE GROVE LN,,403,49.6,nearest non-residential (403)
1810,NOE-BIXBY RD,UNIT B,510,62.1,nearest parcel 62m away (> 60m)
5912,CHATFORD DR,F,449,112.4,nearest parcel 112m away (> 60m)
2048,SEPICH LN,,480,58.9,nearest non-residential (480)
1862,COVENTRY LN,B,403,31.3,nearest non-residential (403)
6016,LAKE CLUB CT,,449,127.0,nearest parcel 127m away (> 60m)
6051,LAKE CLUB PL,,441,118.1,nearest parcel 118m away (> 60m)
5097,CEDAR DR,K,,25.3,nearest non-residential ()
5095,CEDAR DR,C,,23.2,nearest non-residential ()
5141,CEDAR DR,D,,19.5,nearest non-residential ()
3577,ARIEL DR,,403,35.4,nearest non-residential (403)
3717,KIMBERLY WEST DR,UNIT 2,600,60.8,nearest parcel 61m away (> 60m)
3744,NOAM CT,,550,69.1,nearest parcel 69m away (> 60m)
3686,KIDRON CT,,350,111.1,nearest parcel 111m away (> 60m)
3780,WESTPOINT DR,UNIT 2,403,64.0,nearest parcel 64m away (> 60m)
3827,RIVERCREEK BAY WAY,,510,69.4,nearest parcel 69m away (> 60m)
3668,SOFT WIND DR,,403,16.4,nearest non-residential (403)
5660,HIBERNIA DR,B,403,55.5,nearest non-residential (403)
3981,BOSTON COMMON PL,,500,15.3,nearest=vacant land
3961,KIMBERLY PKWY N,,401,62.2,nearest parcel 62m away (> 60m)
5700,HIBERNIA DR,C,690,75.1,nearest parcel 75m away (> 60m)
2194,SUNSHINE PL,,520,104.8,nearest parcel 105m away (> 60m)
5511,CHATTERTON RD,,400,55.6,nearest non-residential (400)
5471,CHATFORD SQ,,403,88.3,nearest parcel 88m away (> 60m)
5521,CANTARA PL,5,403,29.1,nearest non-residential (403)
5539,CANTARA PL,,403,23.3,nearest non-residential (403)
4219,DONLYN CT,,447,75.2,nearest parcel 75m away (> 60m)
2533,FRANKSWAY ST,,422,78.6,nearest parcel 79m away (> 60m)
3415,SUFFIELD,,510,69.3,nearest parcel 69m away (> 60m)
4489,REFUGEE RD,,452,46.8,nearest non-residential (452)
2246,S HAMILTON RD,101,425,48.3,nearest non-residential (425)
2242,S HAMILTON RD,101,447,34.8,nearest non-residential (447)
2859,CITIZENS PL,E,670,106.9,nearest parcel 107m away (> 60m)
2730,TENNYSON BLVD,D,481,175.5,nearest parcel 175m away (> 60m)
4505,LAKE SIDE N,F,400,132.6,nearest parcel 133m away (> 60m)
4603,REFUGEE RD,3C,403,78.5,nearest parcel 79m away (> 60m)
4564,MANDEVILLE CT,B,685,59.5,nearest non-residential (685)
4539,LAKE SIDE S,,122,113.7,nearest parcel 114m away (> 60m)
2431,SHORE BLVD E,L,403,27.3,nearest non-residential (403)
1811,BAIRSFORD DR,2B,403,37.0,nearest non-residential (403)
1788,BAIRSFORD DR,,680,53.7,nearest non-residential (680)
1756,BAIRSFORD DR,,400,37.2,nearest non-residential (400)
3750,KIMBERLY PKWY,,403,45.2,nearest non-residential (403)
2399,HUDSON BAY WAY,,550,93.7,nearest parcel 94m away (> 60m)
2209,SOFT WIND CT,,403,52.3,nearest non-residential (403)
5577,HIBERNIA DR,A,510,75.0,nearest parcel 75m away (> 60m)
5660,HIBERNIA DR,A,403,54.8,nearest non-residential (403)
2173,MUIRWOOD DR,,400,126.8,nearest parcel 127m away (> 60m)
2239,SEVILLE AVE,,403,84.0,nearest parcel 84m away (> 60m)
4119,ALVADA ST,,403,57.5,nearest non-residential (403)
5774,HIBERNIA DR,C,403,67.6,nearest parcel 68m away (> 60m)
3202,WINTER LANE PARK,,400,74.5,nearest parcel 74m away (> 60m)
3204,WINTER LANE PARK,,400,69.0,nearest parcel 69m away (> 60m)
4349,DONLYN CT,,447,35.0,nearest non-residential (447)
2715,EASTLAND MALL,,427,77.5,nearest parcel 78m away (> 60m)
1778,LONSDALE PL E,UNIT C,401,58.3,nearest non-residential (401)
1740,LONSDALE PL E,UNIT B,403,80.4,nearest parcel 80m away (> 60m)
5542,DUNFIELD LN,4,403,40.7,nearest non-residential (403)
1560,APPLETON CT,,403,4.4,nearest non-residential (403)
4299,EASTLAND SQUARE DR,,422,103.7,nearest parcel 104m away (> 60m)
4322 1/2,GROVES RD,CATV,499,79.0,nearest parcel 79m away (> 60m)
2569,S HAMILTON RD,,425,52.8,nearest non-residential (425)
3381,SUFFIELD,,510,90.0,nearest parcel 90m away (> 60m)
2847,CITIZENS PL,C,499,54.9,nearest non-residential (499)
2234,S HAMILTON RD,101,670,50.7,nearest non-residential (670)
2817,WYMAN CT,C,403,57.5,nearest non-residential (403)
4535,LAKE SIDE S,I,400,107.4,nearest parcel 107m away (> 60m)
4515,LAKE SIDE N,F,400,156.5,nearest parcel 156m away (> 60m)
2806,BERWICK SQ,,403,31.2,nearest non-residential (403)
2780,TENNYSON BLVD,,403,50.9,nearest non-residential (403)
4535,LAKE SIDE S,L,122,105.2,nearest parcel 105m away (> 60m)
4616,HEBRIDES DR,D,403,109.6,nearest parcel 110m away (> 60m)
4600,MONMOUTH CT,,403,38.7,nearest non-residential (403)
74,CHANTRY DR,,447,15.6,nearest non-residential (447)
214,CHANTRY DR,,447,15.6,nearest non-residential (447)
682,CHANTRY DR,,447,15.6,nearest non-residential (447)
644,CHANTRY DR,,447,15.6,nearest non-residential (447)
184,CHANTRY DR,,447,15.6,nearest non-residential (447)
2533,SILVER OAK DR,,455,123.8,nearest parcel 124m away (> 60m)
1807,CHANNINGWAY CT W,,403,83.7,nearest parcel 84m away (> 60m)
1785,CHANNINGWAY CT W,,403,70.2,nearest parcel 70m away (> 60m)
4657,REFUGEE RD,1G,403,82.8,nearest parcel 83m away (> 60m)
4672,FENIMORE CT,C,403,89.5,nearest parcel 90m away (> 60m)
2874,MERRYMOUNT CT,A,403,148.1,nearest parcel 148m away (> 60m)
4650,HILTON CORPORATE DR,108,484,78.8,nearest parcel 79m away (> 60m)
5717,SPRUCE TREE DR,,403,84.8,nearest parcel 85m away (> 60m)
3682,FARTHING LN,,403,11.5,nearest non-residential (403)
3180,ELIM MANOR CT,106,591,15.9,nearest non-residential (591)
5791,MAPLE TREE LN,,403,156.4,nearest parcel 156m away (> 60m)
6415,MCNAUGHTEN CT,,425,46.0,nearest non-residential (425)
6713,MCNAUGHTEN CT,,425,46.0,nearest non-residential (425)
6711,MCNAUGHTEN CT,,425,46.0,nearest non-residential (425)
6503,MCNAUGHTEN CT,,425,46.0,nearest non-residential (425)
3462,WALNUT DR,,400,59.9,nearest non-residential (400)
5812,CHATFORD DR,,403,19.6,nearest non-residential (403)
4795,ROLLINGBROOK LN,A,458,41.3,nearest non-residential (458)
2031,LAKE CLUB TER,,400,52.7,nearest non-residential (400)
6002,LAKE CLUB SQ,,430,103.3,nearest parcel 103m away (> 60m)
6002,LAKE CLUB CT,A,449,146.4,nearest parcel 146m away (> 60m)
4972,COVENTRY CT S,,660,116.1,nearest parcel 116m away (> 60m)
4984,OLDE COVENTRY RD W,,403,65.3,nearest parcel 65m away (> 60m)
2574,SPRINGWAY CT,,402,86.1,nearest parcel 86m away (> 60m)
3593,ARIEL DR,,403,22.6,nearest non-residential (403)
3819,BUCKMAN ST,,500,13.9,nearest=vacant land
3703,KIMBERLY PKWY N,,402,49.3,nearest non-residential (402)
3867,BUCKMAN ST,,500,10.0,nearest=vacant land
3770,REFUGEE RD,,464,76.8,nearest parcel 77m away (> 60m)
2769,BERWICK SQ,,403,21.7,nearest non-residential (403)
3124,S HAMILTON RD,,425,30.1,nearest non-residential (425)
2843,CITIZENS PL,A,499,94.9,nearest parcel 95m away (> 60m)
5774,KARENWAY DR,,,14.6,nearest non-residential ()
3231,ELIM MANOR CT,,591,20.0,nearest non-residential (591)
3180,ELIM MANOR CT,111,591,7.3,nearest non-residential (591)
3180,ELIM MANOR CT,103,591,22.7,nearest non-residential (591)
1924,NOE-BIXBY RD,,403,83.9,nearest parcel 84m away (> 60m)
4994,OLDE COVENTRY RD W,,403,50.1,nearest non-residential (403)
1845,COVENTRY LN,,403,65.5,nearest parcel 66m away (> 60m)
2748,CITIZENS PL,D,403,144.7,nearest parcel 145m away (> 60m)
2834,WYMAN CT,B,403,62.6,nearest parcel 63m away (> 60m)
2832,WYMAN CT,D,403,59.1,nearest non-residential (403)
2722,TENNYSON BLVD,D,481,143.9,nearest parcel 144m away (> 60m)
4603,REFUGEE RD,3D,403,80.9,nearest parcel 81m away (> 60m)
4586,ISINGTON CT,206,403,93.5,nearest parcel 93m away (> 60m)
4587,MONMOUTH CT,,403,89.6,nearest parcel 90m away (> 60m)
4552,LAKE SIDE N,,400,154.8,nearest parcel 155m away (> 60m)
4619,REFUGEE RD,2C,403,80.5,nearest parcel 80m away (> 60m)
5675,BAIRSFORD CIR N,7,403,23.3,nearest non-residential (403)
5744,SARANAC DR,,511,63.3,nearest parcel 63m away (> 60m)
642,CHANTRY DR,,447,15.6,nearest non-residential (447)
250,CHANTRY DR,,447,15.6,nearest non-residential (447)
1791,CHANNINGWAY CT W,,403,76.9,nearest parcel 77m away (> 60m)
1797,CHANNINGWAY CT W,,403,64.4,nearest parcel 64m away (> 60m)
2884,SHILLING DR,,403,47.4,nearest non-residential (403)
1932,OLDE COVENTRY RD E,,510,61.0,nearest parcel 61m away (> 60m)
5099,CEDAR DR,,,13.5,nearest non-residential ()
4635,WORDSWORTH CT,C,403,49.4,nearest non-residential (403)
4661,REFUGEE RD,2D,403,73.4,nearest parcel 73m away (> 60m)
4619,REFUGEE RD,2H,403,70.9,nearest parcel 71m away (> 60m)
4639,COLERIDGE CT,D,403,10.2,nearest non-residential (403)
4629,COLERIDGE CT,,403,32.9,nearest non-residential (403)
2826,TENNYSON BLVD,C,403,94.4,nearest parcel 94m away (> 60m)
4646,HEBRIDES DR,B,403,115.8,nearest parcel 116m away (> 60m)
4682,FENIMORE CT,B,403,115.4,nearest parcel 115m away (> 60m)
1313,YORKLAND RD,UNIT,,5.7,nearest non-residential ()
1295,YORKLAND RD,UNIT,,51.2,nearest non-residential ()
2482,FOREST GREEN CT,,401,79.9,nearest parcel 80m away (> 60m)
5121,CEDAR DR,G,,24.4,nearest non-residential ()
5123,CEDAR DR,L,,15.8,nearest non-residential ()
2534,SILVER OAK DR,,403,84.1,nearest parcel 84m away (> 60m)
6193,MCNAUGHTEN CT,,425,46.0,nearest non-residential (425)
6463,MCNAUGHTEN CT,,425,46.0,nearest non-residential (425)
6235,MCNAUGHTEN CT,,425,46.0,nearest non-residential (425)
2900,TUPPENCE DR,,510,68.1,nearest parcel 68m away (> 60m)
2087,LAKE CLUB TER,F,403,63.2,nearest parcel 63m away (> 60m)
5999,LAKE CLUB SQ,,403,53.0,nearest non-residential (403)
6013,LAKE CLUB SQ,,400,53.9,nearest non-residential (400)
6001,LAKE CLUB CT,D,403,154.4,nearest parcel 154m away (> 60m)
6000,LAKE CLUB CT,F,403,149.9,nearest parcel 150m away (> 60m)
6002,LAKE CLUB CT,B,449,146.2,nearest parcel 146m away (> 60m)
3567,ARIEL DR,,403,46.2,nearest non-residential (403)
2347,RANDY CT,,403,61.6,nearest parcel 62m away (> 60m)
3727,FRANCINE CT,,403,83.7,nearest parcel 84m away (> 60m)
3706,CHARBERT CT,,402,81.4,nearest parcel 81m away (> 60m)
2225,COURTSIDE DR,A,400,29.3,nearest non-residential (400)
3763,KIMBERLY WEST DR,UNIT 5,403,64.0,nearest parcel 64m away (> 60m)
1920,NOE-BIXBY RD,,403,87.6,nearest parcel 88m away (> 60m)
4971,COVENTRY CT S,,403,117.5,nearest parcel 118m away (> 60m)
2180,SOFT WIND CT,,403,116.7,nearest parcel 117m away (> 60m)
3943,RIVERCREEK BAY WAY,,510,60.2,nearest parcel 60m away (> 60m)
3479,WESTPOINT DR,,500,17.0,nearest=vacant land
4970,OLDE COVENTRY RD W,,403,92.1,nearest parcel 92m away (> 60m)
5014,COVENTRY DR,A,403,29.0,nearest non-residential (403)
5019,COVENTRY CT N,,510,72.1,nearest parcel 72m away (> 60m)
2164,RIVERDALE SQ E,,403,15.5,nearest non-residential (403)
3657,RIVERDALE SQ,,625,47.3,nearest non-residential (625)
3675,RIVERDALE SQ,,403,29.7,nearest non-residential (403)
2136,SUNSHINE PL,,400,104.1,nearest parcel 104m away (> 60m)
2223,MUIRWOOD DR,,400,67.4,nearest parcel 67m away (> 60m)
2195,MUIRWOOD DR,,400,95.7,nearest parcel 96m away (> 60m)
3750,KNIGHTSWAY LN,,402,37.3,nearest non-residential (402)
2505,COURTRIGHT RD,,402,44.0,nearest non-residential (402)
2235,SEVILLE AVE,,403,94.4,nearest parcel 94m away (> 60m)
2221,SEVILLE AVE,,403,106.7,nearest parcel 107m away (> 60m)
2302,SEVILLE AVE,,403,51.7,nearest non-residential (403)
3704,KIMBERLY PKWY N,,403,59.2,nearest non-residential (403)
2526,BENIE CT,,403,23.3,nearest non-residential (403)
2425,HUDSON BAY WAY,,550,67.0,nearest parcel 67m away (> 60m)
4317,DONLYN CT,,447,35.0,nearest non-residential (447)
4207,DONLYN CT,,447,35.0,nearest non-residential (447)
4251,KIMBERLY PKWY,,442,32.4,nearest non-residential (442)
3701,KIDRON CT,,403,67.4,nearest parcel 67m away (> 60m)
3980,LAUREL LN,,403,52.9,nearest non-residential (403)
2267,MUIRWOOD DR,,400,12.7,nearest non-residential (400)
2156,MUIRWOOD DR,,481,126.0,nearest parcel 126m away (> 60m)
5575,HIBERNIA DR,C,510,75.2,nearest parcel 75m away (> 60m)
5656,HIBERNIA DR,,403,47.5,nearest non-residential (403)
2875,WINCHESTER CT,,499,28.3,nearest non-residential (499)
2852,CITIZENS PL,A,403,85.6,nearest parcel 86m away (> 60m)
2786,CITIZENS PL,B,403,58.2,nearest non-residential (403)
4601,REFUGEE RD,1G,403,68.0,nearest parcel 68m away (> 60m)
4582,ISINGTON CT,204,403,96.3,nearest parcel 96m away (> 60m)
2760,TENNYSON BLVD,B,403,99.3,nearest parcel 99m away (> 60m)
2244,SEVILLE AVE,,403,35.6,nearest non-residential (403)
5467,LONSDALE PL N,UNIT A,439,69.2,nearest parcel 69m away (> 60m)
5693,HIBERNIA DR,B,510,88.8,nearest parcel 89m away (> 60m)
4617,REFUGEE RD,3G,403,31.7,nearest non-residential (403)
4617,REFUGEE RD,3C,403,7.4,nearest non-residential (403)
4619,REFUGEE RD,3J,403,54.8,nearest non-residential (403)
4619,REFUGEE RD,1G,403,70.6,nearest parcel 71m away (> 60m)
4628,CHANNING TER,C,403,101.5,nearest parcel 102m away (> 60m)
4639,COLERIDGE CT,A,403,12.8,nearest non-residential (403)
2958,NATHANIEL BLVD,,403,128.9,nearest parcel 129m away (> 60m)
4213,DONLYN CT,,447,35.0,nearest non-residential (447)
5526,E LIVINGSTON AVE,,,36.4,nearest non-residential ()
5516,DUNFIELD LN,2,403,40.7,nearest non-residential (403)
5515,CANTARA PL,,403,41.7,nearest non-residential (403)
2865,NATHANIEL BLVD,,403,157.2,nearest parcel 157m away (> 60m)
4650,HILTON CORPORATE DR,214,484,76.2,nearest parcel 76m away (> 60m)
4300,GROVES RD,,351,136.2,nearest parcel 136m away (> 60m)
2331,HAMILTON RD,,425,14.2,nearest non-residential (425)
5451,CHATFORD SQ,,403,32.2,nearest non-residential (403)
5543,HIBERNIA DR,A,640,67.9,nearest parcel 68m away (> 60m)
5415,YORKSHIRE TERRACE DR,8A,403,37.7,nearest non-residential (403)
2619,BIRCHTREE CT,,403,62.5,nearest parcel 63m away (> 60m)
3749,NOAM CT,,550,63.2,nearest parcel 63m away (> 60m)
5624,HIBERNIA DR,A,403,51.6,nearest non-residential (403)
3361,WINTER LANE PARK,,510,91.7,nearest parcel 92m away (> 60m)
5784,HIBERNIA DR,A,403,62.8,nearest parcel 63m away (> 60m)
5467,E LIVINGSTON AVE,UNIT B,403,12.6,nearest non-residential (403)
2186,SUNSHINE PL,,403,68.8,nearest parcel 69m away (> 60m)
3335,SUFFIELD,,403,106.1,nearest parcel 106m away (> 60m)
2003,BAIRSFORD DR,,520,87.2,nearest parcel 87m away (> 60m)
5489,E LIVINGSTON AVE,UNIT C,426,98.9,nearest parcel 99m away (> 60m)
3363,SUFFIELD,,510,94.9,nearest parcel 95m away (> 60m)
2313,MUIRWOOD DR,,520,65.9,nearest parcel 66m away (> 60m)
2321,HAMILTON RD,,425,14.2,nearest non-residential (425)
506,CHANTRY DR,,447,15.6,nearest non-residential (447)
274,CHANTRY DR,,447,15.6,nearest non-residential (447)
2608,SILVER OAK DR,,403,81.3,nearest parcel 81m away (> 60m)
2566,S HAMILTON RD,,425,57.0,nearest non-residential (425)
2827,WYMAN CT,A,403,80.3,nearest parcel 80m away (> 60m)
2536,SILVER OAK DR,,403,83.4,nearest parcel 83m away (> 60m)
1285,YORKLAND RD,UNIT E,403,42.3,nearest non-residential (403)
2745,TENNYSON BLVD,D,403,121.1,nearest parcel 121m away (> 60m)
4530,LAKE SIDE N,K,400,123.0,nearest parcel 123m away (> 60m)
4570,LAKE SIDE N,L,351,146.9,nearest parcel 147m away (> 60m)
1289,YORKLAND RD,UNIT N,403,24.6,nearest non-residential (403)
5834,CHATFORD DR,D,899,78.1,nearest parcel 78m away (> 60m)
5834,CHATFORD DR,B,899,84.4,nearest parcel 84m away (> 60m)
4655,REFUGEE RD,3A,403,52.1,nearest non-residential (403)
4663,REFUGEE RD,2B,403,70.9,nearest parcel 71m away (> 60m)
4648,CHANNING TER,,403,113.3,nearest parcel 113m away (> 60m)
4652,CHANNING TER,C,403,111.9,nearest parcel 112m away (> 60m)
6585,MCNAUGHTEN CT,,425,46.0,nearest non-residential (425)
6785,MCNAUGHTEN CT,,425,46.0,nearest non-residential (425)
6181,MCNAUGHTEN CT,,425,46.0,nearest non-residential (425)
6122,MCNAUGHTEN CENTER,,458,38.4,nearest non-residential (458)
5858,CHATFORD DR,A,403,37.4,nearest non-residential (403)
5999,ABERNATHY LN,,,15.4,nearest non-residential ()
5886,CHATFORD DR,,403,19.6,nearest non-residential (403)
3173,WEBSTER DR,,480,78.4,nearest parcel 78m away (> 60m)
3260,ELIM MANOR CT,,591,65.4,nearest parcel 65m away (> 60m)
1988,FOUNTAINVIEW CT,B,403,87.2,nearest parcel 87m away (> 60m)
6018,ABERNATHY LN,,,56.3,nearest non-residential ()
5916,CHATFORD DR,,449,141.1,nearest parcel 141m away (> 60m)
5983,LAKE CLUB SQ,F,403,43.4,nearest non-residential (403)
6003,LAKE CLUB CT,B,403,146.6,nearest parcel 147m away (> 60m)
1948,FOUNTAINVIEW CT,E,403,110.0,nearest parcel 110m away (> 60m)
1948,FOUNTAINVIEW CT,C,403,118.6,nearest parcel 119m away (> 60m)
2774,GROSSE POINT,,403,105.1,nearest parcel 105m away (> 60m)
2817,GROSSE POINT,,403,56.5,nearest non-residential (403)
3159,WABASH CT S,,403,26.9,nearest non-residential (403)
1830,NOE-BIXBY RD,,660,89.1,nearest parcel 89m away (> 60m)
2038,PINE NEEDLE CT,,401,45.3,nearest non-residential (401)
5083,CEDAR DR,F,,38.7,nearest non-residential ()
3961,PENNIMAN ST,,458,20.7,nearest non-residential (458)
5468,IVYHURST DR,,401,24.2,nearest non-residential (401)
5689,HIBERNIA DR,,510,81.3,nearest parcel 81m away (> 60m)
4078,KIMBERLY PKWY,,400,100.0,nearest parcel 100m away (> 60m)
3258,WINTER LANE PARK,,400,90.6,nearest parcel 91m away (> 60m)
1758,LONSDALE PL E,,403,70.9,nearest parcel 71m away (> 60m)
5525,CANTARA PL,3,403,15.7,nearest non-residential (403)
3321,SUFFIELD,,510,97.4,nearest parcel 97m away (> 60m)
2216,SEVILLE AVE,,403,87.8,nearest parcel 88m away (> 60m)
4184,ASTON MARTIN CT,,403,94.7,nearest parcel 95m away (> 60m)
1811,BAIRSFORD DR,1F,403,15.6,nearest non-residential (403)
5615,AUTUMN CHASE DR,,411,21.9,nearest non-residential (411)
2707,EASTLAND MALL,,427,115.6,nearest parcel 116m away (> 60m)
2796,CITIZENS PL,B,403,54.6,nearest non-residential (403)
2246,S HAMILTON RD,107,425,58.5,nearest non-residential (425)
282,CHANTRY DR,,447,15.6,nearest non-residential (447)
466,CHANTRY DR,,447,15.6,nearest non-residential (447)
2595,SILVER OAK DR,,403,123.1,nearest parcel 123m away (> 60m)
2844,CITIZENS PL,D,403,73.1,nearest parcel 73m away (> 60m)
2834,WYMAN CT,C,403,63.1,nearest parcel 63m away (> 60m)
4564,ISINGTON CT,200,403,90.2,nearest parcel 90m away (> 60m)
4573,MONMOUTH CT,211,403,59.5,nearest non-residential (403)
2740,TENNYSON BLVD,C,403,155.9,nearest parcel 156m away (> 60m)
4551,LAKE SIDE S,D,122,82.9,nearest parcel 83m away (> 60m)
5698,SPRUCE TREE DR,,403,30.2,nearest non-residential (403)
1772,CHANNINGWAY CT W,,403,37.6,nearest non-residential (403)
1289,YORKLAND RD,UNIT A,403,17.0,nearest non-residential (403)
4621,REFUGEE RD,2D,403,56.3,nearest non-residential (403)
2881,TENNYSON BLVD,204,403,122.2,nearest parcel 122m away (> 60m)
4585,LAKE SIDE S,K,122,76.9,nearest parcel 77m away (> 60m)
4663,REFUGEE RD,3B,403,69.0,nearest parcel 69m away (> 60m)
4663,REFUGEE RD,3D,403,74.6,nearest parcel 75m away (> 60m)
4688,FENIMORE CT,B,403,139.8,nearest parcel 140m away (> 60m)
4630,HILTON CORPORATE DR,108,411,98.9,nearest parcel 99m away (> 60m)
6171,MCNAUGHTEN CT,,425,46.0,nearest non-residential (425)
6505,MCNAUGHTEN CT,,425,46.0,nearest non-residential (425)
5960,ABERNATHY LN,,,20.1,nearest non-residential ()
5932,SHANA DR,,403,57.0,nearest non-residential (403)
1988,FOUNTAINVIEW CT,A,403,82.0,nearest parcel 82m away (> 60m)
5957,SHANA DR,,499,48.4,nearest non-residential (499)
5892,CHATFORD DR,E,403,93.3,nearest parcel 93m away (> 60m)
5892,CHATFORD DR,A,403,85.3,nearest parcel 85m away (> 60m)
5904,CHATFORD DR,D,449,110.4,nearest parcel 110m away (> 60m)
1894,FOUNTAINVIEW CT,,441,93.2,nearest parcel 93m away (> 60m)
3144,WEBSTER DR,,685,80.5,nearest parcel 81m away (> 60m)
4800,LARAINE CT,203,403,48.0,nearest non-residential (403)
2807,BERWICK SQ,,403,6.4,nearest non-residential (403)
4973,OLDE COVENTRY RD W,,403,67.6,nearest parcel 68m away (> 60m)
3180,ELIM MANOR CT,205,591,24.4,nearest non-residential (591)
2239,GARNET PL,,403,15.7,nearest non-residential (403)
5081,CEDAR DR,A,,10.0,nearest non-residential ()
5119,CEDAR DR,F,,8.2,nearest non-residential ()
2488,FOREST GREEN CT,,401,70.7,nearest parcel 71m away (> 60m)
5202,CEDAR DR,F,,14.9,nearest non-residential ()
2174,RIVERDALE SQ E,,403,23.0,nearest non-residential (403)
2154,RIVERDALE SQ E,,403,36.7,nearest non-residential (403)
5551,HIBERNIA DR,A,640,76.2,nearest parcel 76m away (> 60m)
1759,LONSDALE RD,A,401,24.1,nearest non-residential (401)
5637,HIBERNIA DR,C,510,84.3,nearest parcel 84m away (> 60m)
3759,KNIGHTSWAY LN,,403,22.0,nearest non-residential (403)
2322,RANDY CT,,520,65.2,nearest parcel 65m away (> 60m)
3731,KIMBERLY WEST DR,UNIT 4,600,87.6,nearest parcel 88m away (> 60m)
3750,WESTPOINT DR,UNIT 6,403,47.5,nearest non-residential (403)
3739,CHARBERT CT,,403,83.1,nearest parcel 83m away (> 60m)
2400,HUDSON BAY WAY,,510,80.8,nearest parcel 81m away (> 60m)
5393,YORKSHIRE TERRACE DR,5B,403,52.8,nearest non-residential (403)
2203,DURANT AVE,,403,56.3,nearest non-residential (403)
3990,SOLDIER ST,,500,45.3,nearest=vacant land
3979,PENNIMAN ST,,501,45.4,nearest=vacant land
3879,MAUMEE BAY WAY,,680,87.3,nearest parcel 87m away (> 60m)
3375,WINTER LANE PARK,,403,79.3,nearest parcel 79m away (> 60m)
3391,WINTER LANE PARK,,403,73.2,nearest parcel 73m away (> 60m)
5440,LONSDALE PL N,,439,30.3,nearest non-residential (439)
2134,MUIRWOOD DR,,403,137.2,nearest parcel 137m away (> 60m)
4085,PORSCHE CT,,680,46.2,nearest non-residential (680)
2222,MUIRWOOD DR,,403,15.4,nearest non-residential (403)
2304,SEVILLE AVE,,403,44.1,nearest non-residential (403)
5521,CANTARA PL,2,403,23.5,nearest non-residential (403)
2753,WINCHESTER PIKE,,458,130.5,nearest parcel 131m away (> 60m)
3389,SUFFIELD,,510,92.7,nearest parcel 93m away (> 60m)
5483,CHATFORD SQ,,403,97.1,nearest parcel 97m away (> 60m)
2023,BAIRSFORD DR,1D,520,78.5,nearest parcel 79m away (> 60m)
1955,BAIRSFORD DR,,403,68.7,nearest parcel 69m away (> 60m)
2825,CITIZENS PL,H,403,75.6,nearest parcel 76m away (> 60m)
2810,CITIZENS PL,E,403,31.1,nearest non-residential (403)
2810,CITIZENS PL,D,403,28.6,nearest non-residential (403)
2802,CITIZENS PL,H,403,38.3,nearest non-residential (403)
2774,CITIZENS PL,A,403,121.7,nearest parcel 122m away (> 60m)
5675,BAIRSFORD CIR N,18,403,24.9,nearest non-residential (403)
490,CHANTRY DR,,447,15.6,nearest non-residential (447)
2538,SILVER OAK DR,,403,90.0,nearest parcel 90m away (> 60m)
4524,LAKE SIDE S,C,403,152.0,nearest parcel 152m away (> 60m)
4617,REFUGEE RD,1H,403,32.3,nearest non-residential (403)
4611,REFUGEE RD,1G,403,84.7,nearest parcel 85m away (> 60m)
2881,TENNYSON BLVD,110,403,128.1,nearest parcel 128m away (> 60m)
4617,HEBRIDES DR,A,403,98.4,nearest parcel 98m away (> 60m)
1315,YORKLAND RD,UNIT,,9.7,nearest non-residential ()
5880,YORKLAND CT,UNIT L,,15.5,nearest non-residential ()
5878,YORKLAND CT,UNIT K,403,47.6,nearest non-residential (403)
4640,HEBRIDES DR,B,403,120.9,nearest parcel 121m away (> 60m)
4669,REFUGEE RD,3I,403,13.2,nearest non-residential (403)
5766,SPRUCE TREE DR,,403,165.4,nearest parcel 165m away (> 60m)
5839,MAPLE TREE LN,,454,178.9,nearest parcel 179m away (> 60m)
6359,MCNAUGHTEN CT,,425,46.0,nearest non-residential (425)
6159,MCNAUGHTEN CT,,425,46.0,nearest non-residential (425)
2454,NOE-BIXBY RD,,500,38.6,nearest=vacant land
4782,REFUGEE RD,C,458,40.1,nearest non-residential (458)
2580,NOE-BIXBY RD,D,499,32.1,nearest non-residential (499)
1928,NOE-BIXBY RD,,403,81.0,nearest parcel 81m away (> 60m)
2091,PINE GROVE LN,,403,31.2,nearest non-residential (403)
3610,RIVERDALE SQ,,511,71.3,nearest parcel 71m away (> 60m)
3639,RIVERDALE SQ,,625,27.6,nearest non-residential (625)
5083,CEDAR DR,B,,38.8,nearest non-residential ()
3715,KNIGHTSWAY LN,,403,93.1,nearest parcel 93m away (> 60m)
2517,COURTRIGHT RD,,401,64.1,nearest parcel 64m away (> 60m)
3737,BIRCHTREE LN,,403,56.1,nearest non-residential (403)
2150,COURTRIGHT RD,,403,47.6,nearest non-residential (403)
3724,WESTPOINT DR,,600,71.6,nearest parcel 72m away (> 60m)
2351,HUDSON BAY WAY,,403,91.1,nearest parcel 91m away (> 60m)
5202,CEDAR DR,K,,16.9,nearest non-residential ()
4409,CROSSROADS CENTER,,426,37.3,nearest non-residential (426)
2588,S HAMILTON RD,,425,57.0,nearest non-residential (425)
2578,S HAMILTON RD,,425,57.0,nearest non-residential (425)
2542,CHAPPEL CHASE,,403,36.5,nearest non-residential (403)
280,CHANTRY DR,,447,15.6,nearest non-residential (447)
602,CHANTRY DR,,447,15.6,nearest non-residential (447)
2776,CITIZENS PL,H,403,107.9,nearest parcel 108m away (> 60m)
4523,LAKE SIDE S,,400,128.6,nearest parcel 129m away (> 60m)
4515,LAKE SIDE N,G,403,157.8,nearest parcel 158m away (> 60m)
4609,REFUGEE RD,1I,403,80.1,nearest parcel 80m away (> 60m)
380,CHANTRY DR,,447,15.6,nearest non-residential (447)
156,CHANTRY DR,,447,15.6,nearest non-residential (447)
204,CHANTRY DR,,447,15.6,nearest non-residential (447)
2659,SILVER OAK DR,,403,111.4,nearest parcel 111m away (> 60m)
2558,SILVER OAK DR,,403,75.0,nearest parcel 75m away (> 60m)
5857,YORKLAND CT,UNIT,,14.3,nearest non-residential ()
5682,SPRUCE TREE DR,,403,22.2,nearest non-residential (403)
2881,TENNYSON BLVD,207,403,126.3,nearest parcel 126m away (> 60m)
2471,SHORE BLVD E,B,403,137.5,nearest parcel 137m away (> 60m)
2381,SHORE BLVD E,B,403,127.8,nearest parcel 128m away (> 60m)
4655,REFUGEE RD,1A,403,55.5,nearest non-residential (403)
4669,REFUGEE RD,2F,403,15.8,nearest non-residential (403)
5700,GREENPINE ST,,400,71.4,nearest parcel 71m away (> 60m)
1281,MCNAUGHTEN RD,UNIT D,403,78.5,nearest parcel 78m away (> 60m)
5777,CHANTRY DR,,426,82.6,nearest parcel 83m away (> 60m)
5734,GREENPINE ST,,400,120.2,nearest parcel 120m away (> 60m)
4650,HILTON CORPORATE DR,106,484,81.1,nearest parcel 81m away (> 60m)
2520,EASTERN PINE RD,,403,125.7,nearest parcel 126m away (> 60m)
5768,SPRUCE TREE DR,,403,163.9,nearest parcel 164m away (> 60m)
5816,CHATFORD DR,C,899,105.5,nearest parcel 105m away (> 60m)
5816,CHATFORD DR,,899,95.4,nearest parcel 95m away (> 60m)
6217,MCNAUGHTEN CT,,425,46.0,nearest non-residential (425)
6705,MCNAUGHTEN CT,,425,46.0,nearest non-residential (425)
6545,MCNAUGHTEN CT,,425,46.0,nearest non-residential (425)
6187,MCNAUGHTEN CT,,425,46.0,nearest non-residential (425)
6695,MCNAUGHTEN CT,,425,46.0,nearest non-residential (425)
6403,MCNAUGHTEN CT,,425,46.0,nearest non-residential (425)
2893,TUPPENCE DR,,403,34.8,nearest non-residential (403)
5870,CHATFORD DR,C,403,12.0,nearest non-residential (403)
1990,FOUNTAINVIEW CT,C,403,78.7,nearest parcel 79m away (> 60m)
5950,SHANA DR,,499,30.1,nearest non-residential (499)
1978,FOUNTAINVIEW CT,,403,84.9,nearest parcel 85m away (> 60m)
1933,FOUNTAINVIEW CT,,403,36.1,nearest non-residential (403)
3030,WINCHESTER PIKE,,640,58.3,nearest non-residential (640)
2251,GARNET PL,,403,14.0,nearest non-residential (403)
2626,NOE-BIXBY RD,B,458,45.1,nearest non-residential (458)
2091,LAKE CLUB TER,C,400,66.4,nearest parcel 66m away (> 60m)
1946,FOUNTAINVIEW CT,C,403,116.8,nearest parcel 117m away (> 60m)
6060,CHANNINGWAY BLVD,,449,24.4,nearest non-residential (449)
1885,COVENTRY CT,,403,46.4,nearest non-residential (403)
2040,PINE NEEDLE CT,,401,42.9,nearest non-residential (401)
1898,COVENTRY CT,C,403,75.3,nearest parcel 75m away (> 60m)
5083,CEDAR DR,J,,27.1,nearest non-residential ()
3589,REFUGEE RD,,499,109.9,nearest parcel 110m away (> 60m)
2157,RIVERDALE SQ E,,625,32.8,nearest non-residential (625)
3789,BUCKMAN ST,,500,22.4,nearest=vacant land
3814,BUCKMAN ST,,500,5.2,nearest=vacant land
2326,PETZINGER CT,,403,52.0,nearest non-residential (403)
2205,COURTSIDE DR,B,400,31.1,nearest non-residential (400)
5345,YORKSHIRE TERRACE DR,A,403,13.8,nearest non-residential (403)
5579,HIBERNIA DR,C,510,67.9,nearest parcel 68m away (> 60m)
3811,RIVERCREEK BAY WAY,,510,67.0,nearest parcel 67m away (> 60m)
1743,LONSDALE RD,C,401,18.3,nearest non-residential (401)
5393,YORKSHIRE TERRACE DR,2B,403,43.2,nearest non-residential (403)
5440,LONSDALE PL N,UNIT D,439,35.7,nearest non-residential (439)
5685,HIBERNIA DR,,510,77.5,nearest parcel 78m away (> 60m)
3337,WINTER LANE PARK,,403,91.4,nearest parcel 91m away (> 60m)
5515,CANTARA PL,4,403,36.9,nearest non-residential (403)
2731,S HAMILTON RD,,670,139.9,nearest parcel 140m away (> 60m)
5551,CHATFORD DR,A,403,31.0,nearest non-residential (403)
1845,BAIRSFORD DR,,403,80.3,nearest parcel 80m away (> 60m)
2757,WINCHESTER PIKE,,458,134.6,nearest parcel 135m away (> 60m)
3329,SUFFIELD,,510,101.9,nearest parcel 102m away (> 60m)
1783,BAIRSFORD DR,,685,50.6,nearest non-residential (685)
5675,BAIRSFORD CIR N,16,403,12.3,nearest non-residential (403)
674,CHANTRY DR,,447,15.6,nearest non-residential (447)
556,CHANTRY DR,,447,15.6,nearest non-residential (447)
484,CHANTRY DR,,447,15.6,nearest non-residential (447)
2651,SILVER OAK DR,,403,128.1,nearest parcel 128m away (> 60m)
2561,SILVER OAK DR,,455,105.0,nearest parcel 105m away (> 60m)
5694,SPRUCE TREE DR,,403,18.9,nearest non-residential (403)
5788,SPRUCE TREE DR,,400,168.4,nearest parcel 168m away (> 60m)
5828,CHATFORD DR,,899,81.2,nearest parcel 81m away (> 60m)
6319,MCNAUGHTEN CT,,425,46.0,nearest non-residential (425)
6259,MCNAUGHTEN CT,,425,46.0,nearest non-residential (425)
5858,CHATFORD DR,H,403,27.6,nearest non-residential (403)
5864,CHATFORD DR,I,403,16.0,nearest non-residential (403)
2043,LAKE CLUB TER,,403,43.0,nearest non-residential (403)
6007,LAKE CLUB CT,,403,123.0,nearest parcel 123m away (> 60m)
6000,LAKE CLUB CT,I,403,150.6,nearest parcel 151m away (> 60m)
6021,LAKE CLUB CT,,430,112.5,nearest parcel 113m away (> 60m)
1948,FOUNTAINVIEW CT,G,403,101.1,nearest parcel 101m away (> 60m)
1944,FOUNTAINVIEW CT,D,403,100.6,nearest parcel 101m away (> 60m)
6049,LAKE CLUB PL,,441,117.3,nearest parcel 117m away (> 60m)
6044,CHANNINGWAY BLVD,,449,56.3,nearest non-residential (449)
5381,YORKSHIRE TERRACE DR,5B,550,76.1,nearest parcel 76m away (> 60m)
5393,YORKSHIRE TERRACE DR,1A,403,40.8,nearest non-residential (403)
5415,YORKSHIRE TERRACE DR,3A,403,12.1,nearest non-residential (403)
5624,HIBERNIA DR,B,403,49.1,nearest non-residential (403)
5427,LONSDALE PL S,UNIT C,401,44.9,nearest non-residential (401)
5440,LONSDALE PL N,UNIT B,439,26.2,nearest non-residential (439)
3196,WINTER LANE PARK,,510,72.5,nearest parcel 73m away (> 60m)
5496,DUNFIELD LN,1,403,55.8,nearest non-residential (403)
5689,HIBERNIA DR,A,510,89.4,nearest parcel 89m away (> 60m)
5560,TINLEY PARK,,481,96.4,nearest parcel 96m away (> 60m)
5454,LONSDALE PL N,UNIT C,439,48.0,nearest non-residential (439)
2826,CITIZENS PL,B,403,30.1,nearest non-residential (403)
4289,DONLYN CT,,447,35.0,nearest non-residential (447)
4214,S HAMILTON RD,,426,83.9,nearest parcel 84m away (> 60m)
4280,MACSWAY AVE,,685,24.5,nearest non-residential (685)
2655,S HAMILTON RD,,427,95.9,nearest parcel 96m away (> 60m)
2440,SHORE BLVD W,D,480,75.9,nearest parcel 76m away (> 60m)
4558,MANDEVILLE CT,C,685,67.3,nearest parcel 67m away (> 60m)
4570,ISINGTON CT,209,403,82.9,nearest parcel 83m away (> 60m)
2798,MARWOOD CT,B,403,51.6,nearest non-residential (403)
4615,REFUGEE RD,3C,403,45.6,nearest non-residential (403)
4595,REFUGEE RD,2A,403,41.2,nearest non-residential (403)
4619,REFUGEE RD,2J,403,56.4,nearest non-residential (403)
5668,SARANAC DR,,403,37.4,nearest non-residential (403)
5771,KARENWAY DR,,,11.2,nearest non-residential ()
2558,CHAPPEL CHASE,,403,57.9,nearest non-residential (403)
5685,BAIRSFORD CIR N,7,403,37.6,nearest non-residential (403)
2824,CITIZENS PL,F,403,8.2,nearest non-residential (403)
2776,CITIZENS PL,B,403,106.9,nearest parcel 107m away (> 60m)
4501,LAKE SIDE S,A,400,106.6,nearest parcel 107m away (> 60m)
2470,SHORE BLVD W,L,403,112.1,nearest parcel 112m away (> 60m)
4505,LAKE SIDE N,H,400,136.0,nearest parcel 136m away (> 60m)
2881,TENNYSON BLVD,201,403,119.5,nearest parcel 119m away (> 60m)
2813,TENNYSON BLVD,207,403,28.5,nearest non-residential (403)
2813,TENNYSON BLVD,208,403,32.3,nearest non-residential (403)
4619,HEBRIDES DR,C,403,87.8,nearest parcel 88m away (> 60m)
2824,TENNYSON BLVD,B,403,108.6,nearest parcel 109m away (> 60m)
4665,REFUGEE RD,3J,403,55.2,nearest non-residential (403)
2887,MERRYMOUNT CT,,403,102.9,nearest parcel 103m away (> 60m)
4650,HILTON CORPORATE DR,201,484,93.9,nearest parcel 94m away (> 60m)
4613,REFUGEE RD,2B,403,69.1,nearest parcel 69m away (> 60m)
4628,CHANNING TER,D,403,100.7,nearest parcel 101m away (> 60m)
4626,CHANNING TER,A,403,90.7,nearest parcel 91m away (> 60m)
4628,HEBRIDES DR,B,403,122.8,nearest parcel 123m away (> 60m)
4682,FENIMORE CT,D,403,112.4,nearest parcel 112m away (> 60m)
2898,MERRYMOUNT CT,A,403,120.2,nearest parcel 120m away (> 60m)
276,CHANTRY DR,,447,15.6,nearest non-residential (447)
246,CHANTRY DR,,447,15.6,nearest non-residential (447)
70,CHANTRY DR,,447,15.6,nearest non-residential (447)
2546,SILVER OAK DR,,403,82.5,nearest parcel 82m away (> 60m)
4545,LAKE SIDE S,E,122,84.4,nearest parcel 84m away (> 60m)
2505,SHORE BLVD E,,122,142.7,nearest parcel 143m away (> 60m)
4603,REFUGEE RD,3B,403,69.6,nearest parcel 70m away (> 60m)
4615,REFUGEE RD,1A,403,45.4,nearest non-residential (403)
4593,REFUGEE RD,3H,403,74.9,nearest parcel 75m away (> 60m)
4592,CHANNING TER,A,455,147.7,nearest parcel 148m away (> 60m)
4607,WORDSWORTH CT,,403,104.8,nearest parcel 105m away (> 60m)
4611,WORDSWORTH CT,B,403,100.2,nearest parcel 100m away (> 60m)
5665,CHANTRY DR,,340,61.1,nearest parcel 61m away (> 60m)
1778,CHANNINGWAY CT W,,403,43.7,nearest non-residential (403)
1792,CHANNINGWAY CT W,,403,20.6,nearest non-residential (403)
1285,YORKLAND RD,UNIT G,403,40.8,nearest non-residential (403)
5689,MAPLE TREE LN,,403,89.5,nearest parcel 90m away (> 60m)
5746,GREENPINE ST,,400,128.7,nearest parcel 129m away (> 60m)
5797,MAPLE TREE LN,,454,162.9,nearest parcel 163m away (> 60m)
5834,CHATFORD DR,C,899,81.3,nearest parcel 81m away (> 60m)
5901,SHANA DR,,403,52.7,nearest non-residential (403)
6745,MCNAUGHTEN CT,,425,46.0,nearest non-residential (425)
6265,MCNAUGHTEN CT,,425,46.0,nearest non-residential (425)
6387,MCNAUGHTEN CT,,425,46.0,nearest non-residential (425)
6725,MCNAUGHTEN CT,,425,46.0,nearest non-residential (425)
6789,MCNAUGHTEN CT,,425,46.0,nearest non-residential (425)
5858,CHATFORD DR,D,403,32.8,nearest non-residential (403)
3185,WEBSTER DR,,403,80.6,nearest parcel 81m away (> 60m)
2626,NOE-BIXBY RD,A,458,38.6,nearest non-residential (458)
5884,CHATFORD DR,I,403,64.2,nearest parcel 64m away (> 60m)
6010,LAKE CLUB CT,,449,133.3,nearest parcel 133m away (> 60m)
2877,SHILLING DR,,403,72.1,nearest parcel 72m away (> 60m)
3180,ELIM MANOR CT,216,591,16.6,nearest non-residential (591)
6022,LAKE CLUB CT,,449,114.9,nearest parcel 115m away (> 60m)
3476,WALNUT DR,,400,50.6,nearest non-residential (400)
5081,CEDAR DR,E,,26.3,nearest non-residential ()
5095,CEDAR DR,D,,26.5,nearest non-residential ()
1981,BRICE RD,,435,22.5,nearest non-residential (435)
2799,BERWICK SQ,,403,10.4,nearest non-residential (403)
3273,ELIM MANOR CT,,591,23.5,nearest non-residential (591)
2895,TUPPENCE DR,,403,33.1,nearest non-residential (403)
2182,ROTUNDA DR,,500,14.3,nearest=vacant land
3709,DAWN CT,,403,61.4,nearest parcel 61m away (> 60m)
2363,HUDSON BAY WAY,,510,102.7,nearest parcel 103m away (> 60m)
2213,COURTSIDE DR,B,400,2.6,nearest non-residential (400)
2209,DURANT AVE,,403,52.1,nearest non-residential (403)
5401,LONSDALE PL S,,401,35.1,nearest non-residential (401)
5415,YORKSHIRE TERRACE DR,6A,403,23.5,nearest non-residential (403)
2373,CANAL BAY WAY,,403,35.9,nearest non-residential (403)
5685,HIBERNIA DR,A,510,85.4,nearest parcel 85m away (> 60m)
3679,RIVERDALE SQ,,403,24.4,nearest non-residential (403)
2633,BIRCHTREE CT,,403,64.8,nearest parcel 65m away (> 60m)
2570,SPRINGWAY CT,,402,77.9,nearest parcel 78m away (> 60m)
2185,MUIRWOOD DR,,403,120.9,nearest parcel 121m away (> 60m)
4100,PORSCHE CT,,403,92.8,nearest parcel 93m away (> 60m)
5467,E LIVINGSTON AVE,UNIT C,403,14.8,nearest non-residential (403)
1559,APPLETON CT,,403,28.6,nearest non-residential (403)
3349,SUFFIELD,,403,99.0,nearest parcel 99m away (> 60m)
2324,RANDY CT,,520,68.1,nearest parcel 68m away (> 60m)
2330,RANDY CT,,520,82.9,nearest parcel 83m away (> 60m)
3747,KIMBERLY WEST DR,UNIT 1,403,61.1,nearest parcel 61m away (> 60m)
4290,GROVES RD,,351,103.4,nearest parcel 103m away (> 60m)
5495,CHATFORD SQ,,403,87.4,nearest parcel 87m away (> 60m)
5501,CHATFORD SQ,,403,79.0,nearest parcel 79m away (> 60m)
3860,MAUMEE BAY WAY,,403,66.8,nearest parcel 67m away (> 60m)
2046,SUNSHINE PL,,403,28.1,nearest non-residential (403)
3152,S HAMILTON RD,,425,27.5,nearest non-residential (425)
1813,BAIRSFORD DR,2B,403,25.8,nearest non-residential (403)
3969,KIMBERLY PKWY N,,401,37.6,nearest non-residential (401)
5083,CEDAR DR,D,,30.4,nearest non-residential ()
5686,SARANAC DR,,403,64.1,nearest parcel 64m away (> 60m)
5202,CEDAR DR,,,19.2,nearest non-residential ()
482,CHANTRY DR,,447,15.6,nearest non-residential (447)
2532,SILVER OAK DR,,403,91.1,nearest parcel 91m away (> 60m)
5834,CHATFORD DR,H,899,82.8,nearest parcel 83m away (> 60m)
6737,MCNAUGHTEN CT,,425,46.0,nearest non-residential (425)
5834,CHATFORD DR,,899,75.7,nearest parcel 76m away (> 60m)
5852,CHATFORD DR,D,403,44.9,nearest non-residential (403)
2598,SUMMERWAY CT,,403,27.2,nearest non-residential (403)
3565,ARIEL DR,,403,51.9,nearest non-residential (403)
2144,COURTRIGHT RD,,403,47.6,nearest non-residential (403)
2520,BENIE CT,,403,13.5,nearest non-residential (403)
2207,COURTSIDE DR,I,400,19.9,nearest non-residential (400)
3759,KIMBERLY WEST DR,UNIT 3,403,58.1,nearest non-residential (403)
2387,HUDSON BAY WAY,,550,109.9,nearest parcel 110m away (> 60m)
5599,HIBERNIA DR,,510,73.0,nearest parcel 73m away (> 60m)
5535,HIBERNIA DR,,640,70.4,nearest parcel 70m away (> 60m)
5427,YORKSHIRE TERRACE DR,,403,14.6,nearest non-residential (403)
6048,CHANNINGWAY BLVD,,449,50.3,nearest non-residential (449)
6054,CHANNINGWAY BLVD,,449,47.1,nearest non-residential (449)
1965,FOUNTAINVIEW CT,,403,39.6,nearest non-residential (403)
2426,HUDSON BAY WAY,,550,101.1,nearest parcel 101m away (> 60m)
5685,HIBERNIA DR,C,510,75.2,nearest parcel 75m away (> 60m)
4695,HILTON CORPORATE DR,,447,50.1,nearest non-residential (447)
5896,CHATFORD DR,D,403,102.2,nearest parcel 102m away (> 60m)
1986,FOUNTAINVIEW CT,E,403,65.0,nearest parcel 65m away (> 60m)
1986,FOUNTAINVIEW CT,H,403,64.3,nearest parcel 64m away (> 60m)
1974,FOUNTAINVIEW CT,,403,91.8,nearest parcel 92m away (> 60m)
2203,MUIRWOOD DR,,400,86.9,nearest parcel 87m away (> 60m)
4256,GROVES RD,,,55.4,nearest non-residential ()
5700,HIBERNIA DR,,690,75.1,nearest parcel 75m away (> 60m)
4792,LARAINE CT,202,403,38.5,nearest non-residential (403)
6031,LAKE CLUB CT,,430,104.8,nearest parcel 105m away (> 60m)
2757,EASTLAND MALL,,427,123.8,nearest parcel 124m away (> 60m)
4217,DONLYN CT,,447,35.0,nearest non-residential (447)
5463,CHATFORD SQ,,403,70.7,nearest parcel 71m away (> 60m)
5521,CANTARA PL,3,403,29.7,nearest non-residential (403)
5703,HIBERNIA DR,,403,45.7,nearest non-residential (403)
5707,HIBERNIA DR,,403,44.2,nearest non-residential (403)
4976,OLDE COVENTRY RD W,,403,78.5,nearest parcel 79m away (> 60m)
3348,SUFFIELD,,510,68.5,nearest parcel 68m away (> 60m)
5496,CHATFORD SQ,,403,16.7,nearest non-residential (403)
5500,CHATFORD SQ,,403,26.6,nearest non-residential (403)
5079,CEDAR DR,M,,9.2,nearest non-residential ()
5083,CEDAR DR,,,19.9,nearest non-residential ()
1825,BAIRSFORD DR,,403,58.1,nearest non-residential (403)
1817,BAIRSFORD DR,,403,62.8,nearest parcel 63m away (> 60m)
5167,CEDAR DR,B,,15.1,nearest non-residential ()
4586,ISINGTON CT,200,403,92.9,nearest parcel 93m away (> 60m)
1811,BAIRSFORD DR,2M,403,35.5,nearest non-residential (403)
1811,BAIRSFORD DR,1H,403,13.8,nearest non-residential (403)
2754,TENNYSON BLVD,,403,115.1,nearest parcel 115m away (> 60m)
2907,TENNYSON BLVD,C,685,117.6,nearest parcel 118m away (> 60m)
2814,TENNYSON BLVD,B,403,73.3,nearest parcel 73m away (> 60m)
4594,LAKE SIDE N,,351,158.9,nearest parcel 159m away (> 60m)
5663,E LIVINGSTON AVE,,403,35.5,nearest non-residential (403)
2550,CHAPPEL CHASE,,403,49.1,nearest non-residential (403)
2574,CHAPPEL CHASE,,403,77.8,nearest parcel 78m away (> 60m)
4619,REFUGEE RD,2I,403,60.0,nearest parcel 60m away (> 60m)
98,CHANTRY DR,,447,15.6,nearest non-residential (447)
582,CHANTRY DR,,447,15.6,nearest non-residential (447)
442,CHANTRY DR,,447,15.6,nearest non-residential (447)
226,CHANTRY DR,,447,15.6,nearest non-residential (447)
5427,YORKSHIRE TERRACE DR,3B,403,21.5,nearest non-residential (403)
5770,HIBERNIA DR,B,403,65.6,nearest parcel 66m away (> 60m)
5770,HIBERNIA DR,A,403,65.7,nearest parcel 66m away (> 60m)
3197,WEBSTER DR,,403,59.4,nearest non-residential (403)
5788,SARANAC DR,,403,50.4,nearest non-residential (403)
1785,CHANNINGWAY CT E,,499,36.7,nearest non-residential (499)
5796,HIBERNIA DR,,403,42.9,nearest non-residential (403)
5804,CHATFORD DR,D,899,105.1,nearest parcel 105m away (> 60m)
6377,MCNAUGHTEN CT,,425,46.0,nearest non-residential (425)
6225,MCNAUGHTEN CT,,425,46.0,nearest non-residential (425)
6325,MCNAUGHTEN CT,,425,46.0,nearest non-residential (425)
5900,SHANA DR,,403,26.9,nearest non-residential (403)
1831,BAIRSFORD DR,,403,65.8,nearest parcel 66m away (> 60m)
1813,BAIRSFORD DR,2K,403,8.5,nearest non-residential (403)
2452,KIMBERLY WOODS DR,,680,26.6,nearest non-residential (680)
2171,MUIRWOOD DR,,400,115.8,nearest parcel 116m away (> 60m)
5481,E LIVINGSTON AVE,UNIT C,426,83.5,nearest parcel 84m away (> 60m)
5502,DUNFIELD LN,2,403,57.8,nearest non-residential (403)
5515,CANTARA PL,3,403,44.6,nearest non-residential (403)
5707,HIBERNIA DR,A,403,42.5,nearest non-residential (403)
5747,HIBERNIA DR,,403,40.0,nearest non-residential (403)
3318,SUFFIELD,,510,66.0,nearest parcel 66m away (> 60m)
4222,EASTLAND SQUARE DR,,422,90.7,nearest parcel 91m away (> 60m)
4272,GROVES RD,,351,48.1,nearest non-residential (351)
3126,S HAMILTON RD,,425,32.3,nearest non-residential (425)
2865,CITIZENS PL,B,670,85.3,nearest parcel 85m away (> 60m)
4550,LAKE SIDE N,L,350,144.5,nearest parcel 145m away (> 60m)
4570,MANDEVILLE CT,B,685,67.5,nearest parcel 68m away (> 60m)
2800,MARWOOD CT,A,403,35.6,nearest non-residential (403)
2449,SHORE BLVD E,B,403,68.2,nearest parcel 68m away (> 60m)
5545,CHANTRY DR,,495,32.8,nearest non-residential (495)
128,CHANTRY DR,,447,15.6,nearest non-residential (447)
122,CHANTRY DR,,447,15.6,nearest non-residential (447)
568,CHANTRY DR,,447,15.6,nearest non-residential (447)
4592,CHANNING TER,D,403,146.2,nearest parcel 146m away (> 60m)
4603,WORDSWORTH CT,,403,110.1,nearest parcel 110m away (> 60m)
2881,TENNYSON BLVD,112,403,131.6,nearest parcel 132m away (> 60m)
5852,MCKAHAN CT,,,13.0,nearest non-residential ()
5673,CHANTRY DR,,340,50.9,nearest non-residential (340)
4613,REFUGEE RD,3B,403,66.2,nearest parcel 66m away (> 60m)
4663,REFUGEE RD,3A,403,63.5,nearest parcel 64m away (> 60m)
4661,COLERIDGE CT,B,403,87.6,nearest parcel 88m away (> 60m)
4634,GROVES RD,,353,21.0,nearest non-residential (353)
4672,FENIMORE CT,D,403,92.2,nearest parcel 92m away (> 60m)
2904,MERRYMOUNT CT,,403,91.4,nearest parcel 91m away (> 60m)
4650,HILTON CORPORATE DR,212,484,75.4,nearest parcel 75m away (> 60m)
2509,EASTERN PINE RD,,403,80.3,nearest parcel 80m away (> 60m)
5750,GREENPINE ST,,400,135.7,nearest parcel 136m away (> 60m)
5816,CHATFORD DR,E,899,110.1,nearest parcel 110m away (> 60m)
5883,SHANA DR,,400,54.7,nearest non-residential (400)
6315,MCNAUGHTEN CT,,425,46.0,nearest non-residential (425)
6149,MCNAUGHTEN CT,,425,46.0,nearest non-residential (425)
6751,MCNAUGHTEN CT,,425,46.0,nearest non-residential (425)
6787,MCNAUGHTEN CT,,425,46.0,nearest non-residential (425)
6779,MCNAUGHTEN CT,,425,46.0,nearest non-residential (425)
6423,MCNAUGHTEN CT,,425,46.0,nearest non-residential (425)
2720,BRANDY DR,201,458,51.6,nearest non-residential (458)
5908,CHATFORD DR,F,449,112.0,nearest parcel 112m away (> 60m)
1906,FOUNTAINVIEW CT,,403,104.5,nearest parcel 105m away (> 60m)
1942,FOUNTAINVIEW CT,,441,94.5,nearest parcel 94m away (> 60m)
4964,OLDE COVENTRY RD W,,403,103.5,nearest parcel 103m away (> 60m)
4990,OLDE COVENTRY RD W,,403,55.8,nearest non-residential (403)
2283,COURTRIGHT RD,,403,33.4,nearest non-residential (403)
2862,ASKINS RD,,500,3.1,nearest=vacant land
3751,BAY VILLAGE ST,,500,17.7,nearest=vacant land
3718,KNIGHTSWAY LN,,403,76.3,nearest parcel 76m away (> 60m)
2233,COURTSIDE DR,F,400,43.4,nearest non-residential (400)
3760,WESTPOINT DR,UNIT 4,403,27.6,nearest non-residential (403)
2430,HUDSON BAY WAY,,550,96.9,nearest parcel 97m away (> 60m)
1727,LONSDALE RD,C,401,18.2,nearest non-residential (401)
1699,LONSDALE RD,UNIT B,401,12.4,nearest non-residential (401)
5632,HIBERNIA DR,C,403,33.6,nearest non-residential (403)
5145,CEDAR DR,E,,31.9,nearest non-residential ()
3668,RIVERDALE SQ,,403,37.8,nearest non-residential (403)
2497,COURTRIGHT RD,,401,29.9,nearest non-residential (401)
2480,COURTRIGHT RD,,401,46.5,nearest non-residential (401)
2482,BENIE CT,,403,71.5,nearest parcel 71m away (> 60m)
2378,MALKA CT,,510,60.9,nearest parcel 61m away (> 60m)
2313,PETZINGER CT,,640,29.4,nearest non-residential (640)
2303,PETZINGER CT,,640,7.5,nearest non-residential (640)
3755,KIMBERLY WEST DR,,403,69.8,nearest parcel 70m away (> 60m)
3752,RIVERCREEK BAY WAY,,510,73.0,nearest parcel 73m away (> 60m)
5381,YORKSHIRE TERRACE DR,4A,550,63.7,nearest parcel 64m away (> 60m)
5563,HIBERNIA DR,C,510,94.7,nearest parcel 95m away (> 60m)
5607,HIBERNIA DR,C,510,71.3,nearest parcel 71m away (> 60m)
5637,HIBERNIA DR,,510,93.1,nearest parcel 93m away (> 60m)
5632,HIBERNIA DR,B,403,35.3,nearest non-residential (403)
2816,BANWICK RD,,351,105.1,nearest parcel 105m away (> 60m)
3843,MAUMEE BAY WAY,,680,41.6,nearest non-residential (680)
5661,HIBERNIA DR,C,510,77.6,nearest parcel 78m away (> 60m)
5780,HIBERNIA DR,C,403,69.4,nearest parcel 69m away (> 60m)
2175,SUNSHINE PL,,403,19.3,nearest non-residential (403)
3976,LAUREL LN,,403,38.3,nearest non-residential (403)
2290,MUIRWOOD DR,,400,75.1,nearest parcel 75m away (> 60m)
2220,MUIRWOOD DR,,403,19.7,nearest non-residential (403)
4107,JENERA PL,,403,90.2,nearest parcel 90m away (> 60m)
2148,MUIRWOOD DR,,481,136.3,nearest parcel 136m away (> 60m)
5521,CANTARA PL,,403,27.5,nearest non-residential (403)
5711,HIBERNIA DR,B,690,51.3,nearest non-residential (690)
2225,SEVILLE AVE,,403,94.2,nearest parcel 94m away (> 60m)
4234,EASTLAND SQUARE DR,,422,110.4,nearest parcel 110m away (> 60m)
1813,BAIRSFORD DR,1F,403,20.3,nearest non-residential (403)
4311,DONLYN CT,,447,20.1,nearest non-residential (447)
4218,S HAMILTON RD,,426,83.9,nearest parcel 84m away (> 60m)
4242,S HAMILTON RD,,426,83.9,nearest parcel 84m away (> 60m)
2570,PARK CRESCENT,,455,77.2,nearest parcel 77m away (> 60m)
5613,AUTUMN CHASE DR,A,411,22.8,nearest non-residential (411)
3148,S HAMILTON RD,,425,20.2,nearest non-residential (425)
2828,S HAMILTON RD,,420,24.8,nearest non-residential (420)
2843,CITIZENS PL,C,403,93.0,nearest parcel 93m away (> 60m)
2844,CITIZENS PL,C,403,75.6,nearest parcel 76m away (> 60m)
2796,CITIZENS PL,G,403,49.4,nearest non-residential (403)
2784,CITIZENS PL,H,403,70.7,nearest parcel 71m away (> 60m)
2450,SHORE BLVD W,J,480,90.3,nearest parcel 90m away (> 60m)
5685,BAIRSFORD CIR N,20,403,26.1,nearest non-residential (403)
604,CHANTRY DR,,447,15.6,nearest non-residential (447)
2603,SILVER OAK DR,,403,116.7,nearest parcel 117m away (> 60m)
1325,YORKLAND RD,UNIT,401,13.1,nearest non-residential (401)
1788,CHANNINGWAY CT W,,403,21.0,nearest non-residential (403)
4552,MANDEVILLE CT,A,685,83.1,nearest parcel 83m away (> 60m)
2870,WOOLWICH CT,112,403,118.1,nearest parcel 118m away (> 60m)
4584,ISINGTON CT,210,403,81.1,nearest parcel 81m away (> 60m)
2794,TENNYSON BLVD,D,403,16.0,nearest non-residential (403)
5880,YORKLAND CT,UNIT J,,17.9,nearest non-residential ()
5721,SPRUCE TREE DR,,403,92.8,nearest parcel 93m away (> 60m)
3261,CALVEYLEE LN,,,14.0,nearest non-residential ()
5748,GREENPINE ST,,400,125.2,nearest parcel 125m away (> 60m)
4655,REFUGEE RD,2E,403,58.0,nearest non-residential (403)
4624,CHANNING TER,A,403,76.9,nearest parcel 77m away (> 60m)
4645,COLERIDGE CT,,403,29.6,nearest non-residential (403)
2873,THOREAU CT,,403,64.7,nearest parcel 65m away (> 60m)
4661,REFUGEE RD,1A,403,56.6,nearest non-residential (403)
4688,FENIMORE CT,C,403,142.2,nearest parcel 142m away (> 60m)
2891,MERRYMOUNT CT,C,403,95.6,nearest parcel 96m away (> 60m)
6535,MCNAUGHTEN CT,,425,46.0,nearest non-residential (425)
6525,MCNAUGHTEN CT,,425,46.0,nearest non-residential (425)
6349,MCNAUGHTEN CT,,425,46.0,nearest non-residential (425)
6543,MCNAUGHTEN CT,,425,46.0,nearest non-residential (425)
5951,MORRISSEY ST,,,54.7,nearest non-residential ()
5840,CHATFORD DR,F,899,64.7,nearest parcel 65m away (> 60m)
5953,SHANA DR,,499,59.2,nearest non-residential (499)
3180,WEBSTER DR,,685,49.2,nearest non-residential (685)
4717,HILTON CORPORATE DR,,447,59.1,nearest non-residential (447)
5912,CHATFORD DR,E,449,109.8,nearest parcel 110m away (> 60m)
1984,FOUNTAINVIEW CT,C,403,78.4,nearest parcel 78m away (> 60m)
1927,FOUNTAINVIEW CT,,403,39.6,nearest non-residential (403)
3113,ELIM ESTATES DR,,591,22.2,nearest non-residential (591)
2189,ROTUNDA DR,,403,24.5,nearest non-residential (403)
3160,ROTUNDA CT N,,403,1.4,nearest non-residential (403)
1841,COVENTRY LN,,403,69.7,nearest parcel 70m away (> 60m)
2048,PINE NEEDLE CT,,401,51.6,nearest non-residential (401)
5044,COVENTRY DR,C,403,80.2,nearest parcel 80m away (> 60m)
1862,COVENTRY LN,C,403,30.0,nearest non-residential (403)
3171,WEBSTER DR,,480,72.8,nearest parcel 73m away (> 60m)
6015,LAKE CLUB SQ,,400,50.6,nearest non-residential (400)
1854,NOE-BIXBY RD,,660,63.2,nearest parcel 63m away (> 60m)
5083,CEDAR DR,A,,41.7,nearest non-residential ()
5099,CEDAR DR,M,,13.4,nearest non-residential ()
5097,CEDAR DR,L,,9.7,nearest non-residential ()
3646,RIVERDALE SQ,,403,64.9,nearest parcel 65m away (> 60m)
3723,BUCKMAN ST,,500,10.9,nearest=vacant land
3709,KNIGHTSWAY LN,,403,104.1,nearest parcel 104m away (> 60m)
2610,SUMMERWAY CT,,403,34.7,nearest non-residential (403)
5121,CEDAR DR,,,36.3,nearest non-residential ()
5145,CEDAR DR,K,,26.0,nearest non-residential ()
2289,PETZINGER CT,,640,33.0,nearest non-residential (640)
3715,FRANCINE CT,,403,53.0,nearest non-residential (403)
3711,DAWN CT,,403,62.9,nearest parcel 63m away (> 60m)
3744,WESTPOINT DR,UNIT 5,403,66.8,nearest parcel 67m away (> 60m)
2429,HUDSON BAY WAY,,550,62.4,nearest parcel 62m away (> 60m)
3712,KIDRON CT,,403,103.4,nearest parcel 103m away (> 60m)
2369,CANAL BAY WAY,,403,39.4,nearest non-residential (403)
3763,SOFT WIND DR,,520,63.8,nearest parcel 64m away (> 60m)
3935,KIMBERLY PKWY N,,403,98.2,nearest parcel 98m away (> 60m)
4089,PORSCHE CT,,680,63.6,nearest parcel 64m away (> 60m)
5440,LONSDALE PL S,UNIT D,403,36.4,nearest non-residential (403)
2168,MUIRWOOD DR,,403,102.2,nearest parcel 102m away (> 60m)
5754,HIBERNIA DR,,403,34.1,nearest non-residential (403)
3296,WINTER LANE PARK,,510,125.5,nearest parcel 126m away (> 60m)
5459,CHATFORD SQ,,403,60.8,nearest parcel 61m away (> 60m)
5522,DUNFIELD LN,2,403,19.4,nearest non-residential (403)
3357,SUFFIELD,,510,97.8,nearest parcel 98m away (> 60m)
3304,SUFFIELD,,510,66.5,nearest parcel 66m away (> 60m)
2013,BAIRSFORD DR,,520,68.6,nearest parcel 69m away (> 60m)
1999,BAIRSFORD DR,,520,77.3,nearest parcel 77m away (> 60m)
5574,AUTUMN CHASE DR,,411,58.8,nearest non-residential (411)
2859,CITIZENS PL,G,670,109.2,nearest parcel 109m away (> 60m)
2860,CITIZENS PL,H,685,102.0,nearest parcel 102m away (> 60m)
2745,TENNYSON BLVD,C,403,122.5,nearest parcel 123m away (> 60m)
4509,LAKE SIDE S,,400,125.0,nearest parcel 125m away (> 60m)
2458,SHORE BLVD W,,480,86.8,nearest parcel 87m away (> 60m)
4603,REFUGEE RD,1C,403,83.5,nearest parcel 83m away (> 60m)
2927,TENNYSON BLVD,C,685,121.2,nearest parcel 121m away (> 60m)
4585,ISINGTON CT,208,403,86.4,nearest parcel 86m away (> 60m)
2820,WYMAN CT,C,403,36.5,nearest non-residential (403)
4525,LAKE SIDE N,E,403,155.7,nearest parcel 156m away (> 60m)
206,CHANTRY DR,,447,15.6,nearest non-residential (447)
146,CHANTRY DR,,447,15.6,nearest non-residential (447)
174,CHANTRY DR,,447,15.6,nearest non-residential (447)
2623,SILVER OAK DR,,403,126.6,nearest parcel 127m away (> 60m)
2591,SILVER OAK DR,,403,118.2,nearest parcel 118m away (> 60m)
5671,MAPLE TREE LN,,403,70.3,nearest parcel 70m away (> 60m)
2900,WINCHESTER PIKE,,471,29.0,nearest non-residential (471)
2915,TENNYSON BLVD,A,685,121.4,nearest parcel 121m away (> 60m)
2807,TENNYSON BLVD,,403,22.7,nearest non-residential (403)
4615,REFUGEE RD,1F,403,64.9,nearest parcel 65m away (> 60m)
4619,REFUGEE RD,1F,403,76.3,nearest parcel 76m away (> 60m)
4663,REFUGEE RD,1A,403,67.7,nearest parcel 68m away (> 60m)
1562,ABRAHAM WOODS,,,17.4,nearest non-residential ()
1472,ABRAHAM WOODS,,,5.3,nearest non-residential ()
6435,MCNAUGHTEN CT,,425,46.0,nearest non-residential (425)
6239,MCNAUGHTEN CT,,425,46.0,nearest non-residential (425)
3163,WEBSTER DR,,685,83.1,nearest parcel 83m away (> 60m)
5818,CHATFORD DR,,403,19.6,nearest non-residential (403)
5814,CHATFORD DR,,403,19.6,nearest non-residential (403)
1947,FOUNTAINVIEW CT,,403,30.6,nearest non-residential (403)
1945,FOUNTAINVIEW CT,,403,37.4,nearest non-residential (403)
5141,CEDAR DR,G,,22.2,nearest non-residential ()
5165,CEDAR DR,,,27.1,nearest non-residential ()
3638,RIVERDALE SQ,,625,71.0,nearest parcel 71m away (> 60m)
3729,CHARBERT CT,,403,58.8,nearest non-residential (403)
2597,KIMBERLY PKWY W,,403,37.3,nearest non-residential (403)
3700,KIDRON CT,,350,105.3,nearest parcel 105m away (> 60m)
5547,HIBERNIA DR,B,640,79.1,nearest parcel 79m away (> 60m)
5535,HIBERNIA DR,A,640,61.3,nearest parcel 61m away (> 60m)
3895,MAUMEE BAY WAY,,550,105.0,nearest parcel 105m away (> 60m)
3911,MAUMEE BAY WAY,,550,115.0,nearest parcel 115m away (> 60m)
5401,LONSDALE PL S,UNIT C,401,34.7,nearest non-residential (401)
5653,HIBERNIA DR,B,510,86.1,nearest parcel 86m away (> 60m)
2128,SUNSHINE PL,,400,112.1,nearest parcel 112m away (> 60m)
5502,DUNFIELD LN,3,403,63.5,nearest parcel 64m away (> 60m)
5542,DUNFIELD LN,5,403,33.3,nearest non-residential (403)
5739,HIBERNIA DR,B,403,56.9,nearest non-residential (403)
2205,MUIRWOOD DR,,400,86.8,nearest parcel 87m away (> 60m)
5511,CHATFORD SQ,,403,75.9,nearest parcel 76m away (> 60m)
1965,BAIRSFORD DR,,520,71.5,nearest parcel 72m away (> 60m)
4091,REFUGEE RD,,422,136.0,nearest parcel 136m away (> 60m)
2204,SEVILLE AVE,,403,115.4,nearest parcel 115m away (> 60m)
4160,ASTON MARTIN CT,,403,16.0,nearest non-residential (403)
4265,DONLYN CT,,447,45.1,nearest non-residential (447)
4347,DONLYN CT,,447,35.0,nearest non-residential (447)
2722,EASTLAND MALL,,427,16.4,nearest non-residential (427)
2161,S JAMES RD,,351,23.5,nearest non-residential (351)
2660,WINCHESTER PIKE,,465,85.0,nearest parcel 85m away (> 60m)
2796,CITIZENS PL,D,403,53.4,nearest non-residential (403)
676,CHANTRY DR,,447,15.6,nearest non-residential (447)
498,CHANTRY DR,,447,15.6,nearest non-residential (447)
2625,SILVER OAK DR,,403,119.3,nearest parcel 119m away (> 60m)
2743,TENNYSON BLVD,D,403,135.8,nearest parcel 136m away (> 60m)
2802,MARWOOD CT,C,403,26.5,nearest non-residential (403)
2795,NEWCASTLE CT,,403,63.9,nearest parcel 64m away (> 60m)
4617,REFUGEE RD,1A,403,24.9,nearest non-residential (403)
4604,CHANNING TER,,403,135.9,nearest parcel 136m away (> 60m)
4617,HEBRIDES DR,C,403,97.4,nearest parcel 97m away (> 60m)
4598,LAKE SIDE N,,351,169.5,nearest parcel 170m away (> 60m)
2908,WINCHESTER PIKE,,685,24.7,nearest non-residential (685)
4657,REFUGEE RD,1H,403,81.2,nearest parcel 81m away (> 60m)
4646,HEBRIDES DR,D,403,112.0,nearest parcel 112m away (> 60m)
2826,TENNYSON BLVD,A,403,94.5,nearest parcel 94m away (> 60m)
5899,SHANA DR,,403,51.7,nearest non-residential (403)
5913,SHANA DR,,403,20.1,nearest non-residential (403)
6419,MCNAUGHTEN CT,,425,46.0,nearest non-residential (425)
3181,WEBSTER DR,,403,89.3,nearest parcel 89m away (> 60m)
3213,WEBSTER DR,,480,75.5,nearest parcel 76m away (> 60m)
4733,HILTON CORPORATE DR,,447,52.4,nearest non-residential (447)
6687,MCNAUGHTEN CT,,425,46.0,nearest non-residential (425)
6607,MCNAUGHTEN CT,,425,46.0,nearest non-residential (425)
5858,CHATFORD DR,I,403,22.4,nearest non-residential (403)
5955,SHANA DR,,499,57.3,nearest non-residential (499)
5993,ABERNATHY LN,,,11.2,nearest non-residential ()
5994,ABERNATHY LN,,,8.6,nearest non-residential ()
3180,ELIM MANOR CT,220,591,11.7,nearest non-residential (591)
2772,BRANDY DR,104,403,62.8,nearest parcel 63m away (> 60m)
2067,LAKE CLUB TER,,403,35.5,nearest non-residential (403)
1877,FOUNTAINVIEW CT,G,899,62.4,nearest parcel 62m away (> 60m)
2520,SCARBOROUGH SQ,9,425,41.2,nearest non-residential (425)
1908,FOUNTAINVIEW CT,,441,99.5,nearest parcel 99m away (> 60m)
2902,SHILLING DR,,403,66.3,nearest parcel 66m away (> 60m)
1858,NOE-BIXBY RD,,660,66.5,nearest parcel 66m away (> 60m)
4972,OLDE COVENTRY RD W,,403,86.5,nearest parcel 87m away (> 60m)
1853,CHANNINGWAY CENTER DR,,420,55.5,nearest non-residential (420)
5000,MYERS RD,,403,33.7,nearest non-residential (403)
5099,CEDAR DR,A,,20.0,nearest non-residential ()
2509,COURTRIGHT RD,,402,42.1,nearest non-residential (402)
2612,COURTRIGHT RD,,403,74.3,nearest parcel 74m away (> 60m)
3712,KIMBERLY PKWY N,,403,53.8,nearest non-residential (403)
3739,KIMBERLY WEST DR,,403,63.6,nearest parcel 64m away (> 60m)
5453,RED BIRD CT,,402,43.2,nearest non-residential (402)
3725,SOFT WIND DR,,403,60.4,nearest parcel 60m away (> 60m)
3924,MAUMEE BAY WAY,,510,78.6,nearest parcel 79m away (> 60m)
5357,YORKSHIRE TERRACE DR,,403,40.0,nearest non-residential (403)
2156,SUNSHINE PL,,403,99.0,nearest parcel 99m away (> 60m)
2271,MUIRWOOD DR,,400,31.3,nearest non-residential (400)
5649,HIBERNIA DR,,510,91.8,nearest parcel 92m away (> 60m)
4105,ALVADA ST,,403,63.8,nearest parcel 64m away (> 60m)
4150,KIMBERLY PKWY N,,685,46.7,nearest non-residential (685)
4121,ALVADA ST,,403,49.3,nearest non-residential (403)
2282,SEVILLE AVE,,403,16.7,nearest non-residential (403)
4157,CADILLAC CT,,403,102.1,nearest parcel 102m away (> 60m)
5754,HIBERNIA DR,A,403,36.3,nearest non-residential (403)
4226,S HAMILTON RD,,426,83.9,nearest parcel 84m away (> 60m)
3270,WINTER LANE PARK,,481,87.9,nearest parcel 88m away (> 60m)
5545,CANTARA PL,6,403,38.5,nearest non-residential (403)
5477,CHATFORD SQ,,403,92.0,nearest parcel 92m away (> 60m)
1881,BAIRSFORD DR,,520,81.0,nearest parcel 81m away (> 60m)
1847,BAIRSFORD DR,,520,75.3,nearest parcel 75m away (> 60m)
2786,CITIZENS PL,G,403,54.1,nearest non-residential (403)
2470,SHORE BLVD W,K,403,110.0,nearest parcel 110m away (> 60m)
4603,REFUGEE RD,2F,403,76.3,nearest parcel 76m away (> 60m)
4603,REFUGEE RD,2C,403,80.8,nearest parcel 81m away (> 60m)
5613,AUTUMN CHASE DR,,411,21.8,nearest non-residential (411)
2935,TENNYSON BLVD,C,685,129.1,nearest parcel 129m away (> 60m)
4577,MONMOUTH CT,,403,69.1,nearest parcel 69m away (> 60m)
4576,ISINGTON CT,,403,94.5,nearest parcel 94m away (> 60m)
4554,LAKE SIDE N,,400,155.0,nearest parcel 155m away (> 60m)
4572,LAKE SIDE N,,351,156.8,nearest parcel 157m away (> 60m)
4609,REFUGEE RD,3J,403,73.8,nearest parcel 74m away (> 60m)
4616,CHANNING TER,D,403,114.0,nearest parcel 114m away (> 60m)
382,CHANTRY DR,,447,15.6,nearest non-residential (447)
626,CHANTRY DR,,447,15.6,nearest non-residential (447)
1301,YORKLAND RD,UNIT,,45.2,nearest non-residential ()
2886,TENNYSON BLVD,A,403,87.5,nearest parcel 88m away (> 60m)
2814,TENNYSON BLVD,C,403,76.0,nearest parcel 76m away (> 60m)
2361,SHORE BLVD E,A,403,173.1,nearest parcel 173m away (> 60m)
4661,REFUGEE RD,1F,403,62.9,nearest parcel 63m away (> 60m)
2885,THOREAU CT,B,403,46.8,nearest non-residential (403)
5657,CHANTRY DR,,340,77.6,nearest parcel 78m away (> 60m)
6293,MCNAUGHTEN CT,,425,46.0,nearest non-residential (425)
6555,MCNAUGHTEN CT,,425,46.0,nearest non-residential (425)
6547,MCNAUGHTEN CT,,425,46.0,nearest non-residential (425)
5880,CHATFORD DR,E,403,44.2,nearest non-residential (403)
5892,CHATFORD DR,F,403,93.5,nearest parcel 93m away (> 60m)
1935,FOUNTAINVIEW CT,,403,26.2,nearest non-residential (403)
6013,LAKE CLUB CT,,430,125.9,nearest parcel 126m away (> 60m)
2802,BERWICK SQ,,403,29.8,nearest non-residential (403)
3175,WEBSTER DR,,480,84.2,nearest parcel 84m away (> 60m)
3203,WEBSTER DR,,403,75.5,nearest parcel 76m away (> 60m)
3254,ELIM MANOR CT,,591,65.2,nearest parcel 65m away (> 60m)
3276,TRADAN DR,,403,88.7,nearest parcel 89m away (> 60m)
2803,GROSSE POINT,,403,88.5,nearest parcel 89m away (> 60m)
2800,GROSSE POINT,,403,41.8,nearest non-residential (403)
4976,COVENTRY CT S,,403,96.0,nearest parcel 96m away (> 60m)
4989,COVENTRY DR,,403,78.5,nearest parcel 79m away (> 60m)
3659,RIVERDALE SQ,,625,46.1,nearest non-residential (625)
2119,COURTRIGHT RD,,403,40.2,nearest non-residential (403)
5477,RED BIRD CT,,402,13.1,nearest non-residential (402)
3715,DAWN CT,,403,67.7,nearest parcel 68m away (> 60m)
5579,HIBERNIA DR,,510,70.5,nearest parcel 70m away (> 60m)
5415,YORKSHIRE TERRACE DR,4B,403,10.5,nearest non-residential (403)
5628,HIBERNIA DR,,403,38.3,nearest non-residential (403)
2378,CANAL BAY WAY,,403,17.5,nearest non-residential (403)
2441,CHELSEA CT,,550,65.9,nearest parcel 66m away (> 60m)
3373,WINTER LANE PARK,,403,87.1,nearest parcel 87m away (> 60m)
2270,SUNSHINE PL,,520,70.8,nearest parcel 71m away (> 60m)
4080,KIMBERLY PKWY,,400,100.7,nearest parcel 101m away (> 60m)
2126,MUIRWOOD DR,,481,139.2,nearest parcel 139m away (> 60m)
2238,MUIRWOOD DR,,403,13.5,nearest non-residential (403)
3255,WINTER LANE PARK,,510,94.8,nearest parcel 95m away (> 60m)
5693,HIBERNIA DR,A,510,93.3,nearest parcel 93m away (> 60m)
5530,DUNFIELD LN,2,403,20.1,nearest non-residential (403)
2270,MUIRWOOD DR,,403,65.3,nearest parcel 65m away (> 60m)
2209,SEVILLE AVE,,403,139.6,nearest parcel 140m away (> 60m)
2318,SEVILLE AVE,,403,76.8,nearest parcel 77m away (> 60m)
4181,CADILLAC CT,,417,87.5,nearest parcel 87m away (> 60m)
4227,DONLYN CT,,447,35.0,nearest non-residential (447)
4220,EASTLAND SQUARE DR,,422,86.4,nearest parcel 86m away (> 60m)
1829,BAIRSFORD DR,,403,59.6,nearest non-residential (403)
5579,AUTUMN CHASE DR,B,411,42.3,nearest non-residential (411)
1811,BAIRSFORD DR,1N,403,29.2,nearest non-residential (403)
2853,CITIZENS PL,B,436,106.2,nearest parcel 106m away (> 60m)
2855,CITIZENS PL,F,403,100.0,nearest parcel 100m away (> 60m)
2825,CITIZENS PL,D,403,76.5,nearest parcel 77m away (> 60m)
2809,CITIZENS PL,E,403,93.1,nearest parcel 93m away (> 60m)
2774,CITIZENS PL,G,403,113.9,nearest parcel 114m away (> 60m)
2096,S HAMILTON RD,,411,27.8,nearest non-residential (411)
2836,WYMAN CT,D,403,66.4,nearest parcel 66m away (> 60m)
4524,LAKE SIDE S,D,403,149.7,nearest parcel 150m away (> 60m)
4536,LAKE SIDE S,E,403,152.9,nearest parcel 153m away (> 60m)
2943,TENNYSON BLVD,D,455,121.5,nearest parcel 121m away (> 60m)
4583,ISINGTON CT,B,685,131.8,nearest parcel 132m away (> 60m)
2447,SHORE BLVD E,G,403,73.4,nearest parcel 73m away (> 60m)
4593,REFUGEE RD,2H,403,78.2,nearest parcel 78m away (> 60m)
4590,LAKE SIDE N,L,351,144.7,nearest parcel 145m away (> 60m)
28,CHANTRY DR,,447,15.6,nearest non-residential (447)
286,CHANTRY DR,,447,15.6,nearest non-residential (447)
144,CHANTRY DR,,447,15.6,nearest non-residential (447)
2641,SILVER OAK DR,,403,133.6,nearest parcel 134m away (> 60m)
2559,SILVER OAK DR,,455,103.6,nearest parcel 104m away (> 60m)
2542,SILVER OAK DR,,403,90.7,nearest parcel 91m away (> 60m)
4615,REFUGEE RD,1E,403,63.7,nearest parcel 64m away (> 60m)
4663,REFUGEE RD,2A,403,65.5,nearest parcel 65m away (> 60m)
4605,HILTON CORPORATE DR,,670,83.4,nearest parcel 83m away (> 60m)
4672,FENIMORE CT,A,403,88.4,nearest parcel 88m away (> 60m)
4674,FENIMORE CT,,403,97.5,nearest parcel 97m away (> 60m)
5880,YORKLAND CT,UNIT I,,14.0,nearest non-residential ()
5878,YORKLAND CT,UNIT D,403,48.5,nearest non-residential (403)
1281,MCNAUGHTEN RD,UNIT I,403,74.6,nearest parcel 75m away (> 60m)
5906,CHATTERTON RD,,,32.9,nearest non-residential ()
1556,ABRAHAM WOODS,,,17.3,nearest non-residential ()
4680,FENIMORE CT,C,403,111.5,nearest parcel 111m away (> 60m)
4650,HILTON CORPORATE DR,110,484,77.6,nearest parcel 78m away (> 60m)
6255,MCNAUGHTEN CT,,425,46.0,nearest non-residential (425)
6655,MCNAUGHTEN CT,,425,46.0,nearest non-residential (425)
6517,MCNAUGHTEN CT,,425,46.0,nearest non-residential (425)
5858,CHATFORD DR,E,403,34.0,nearest non-residential (403)
5870,CHATFORD DR,D,403,8.9,nearest non-residential (403)
5916,CHATFORD DR,H,403,141.0,nearest parcel 141m away (> 60m)
1925,FOUNTAINVIEW CT,,403,29.7,nearest non-residential (403)
1879,FOUNTAINVIEW CT,C,899,64.3,nearest parcel 64m away (> 60m)
1912,FOUNTAINVIEW CT,,403,82.5,nearest parcel 83m away (> 60m)
1888,FOUNTAINVIEW CT,,441,98.8,nearest parcel 99m away (> 60m)
2720,BRANDY DR,104,458,57.0,nearest non-residential (458)
4794,REFUGEE RD,A,458,56.3,nearest non-residential (458)
2524,SCARBOROUGH SQ,10,425,43.2,nearest non-residential (425)
6000,LAKE CLUB CT,D,449,151.0,nearest parcel 151m away (> 60m)
6002,LAKE CLUB CT,F,403,147.9,nearest parcel 148m away (> 60m)
2121,PINE GROVE LN,,401,25.0,nearest non-residential (401)
5016,COVENTRY DR,D,403,3.3,nearest non-residential (403)
6068,CHANNINGWAY BLVD,,449,17.8,nearest non-residential (449)
5079,CEDAR DR,G,,21.0,nearest non-residential ()
3158,WEBSTER DR,,467,64.1,nearest parcel 64m away (> 60m)
4074,KIMBERLY PKWY,,400,99.3,nearest parcel 99m away (> 60m)
4114,JENERA PL,,403,65.3,nearest parcel 65m away (> 60m)
2170,MUIRWOOD DR,,403,113.2,nearest parcel 113m away (> 60m)
5356,YORKSHIRE TERRACE DR,A,403,31.8,nearest non-residential (403)
5611,HIBERNIA DR,,510,85.0,nearest parcel 85m away (> 60m)
2798,BERWICK SQ,,403,30.9,nearest non-residential (403)
5620,HIBERNIA DR,B,403,56.9,nearest non-residential (403)
5677,HIBERNIA DR,,510,69.3,nearest parcel 69m away (> 60m)
3340,WINTER LANE PARK,,403,49.0,nearest non-residential (403)
4982,COVENTRY CT S,,403,88.8,nearest parcel 89m away (> 60m)
5003,COVENTRY DR,,403,55.9,nearest non-residential (403)
1858,COVENTRY LN,,403,30.2,nearest non-residential (403)
4256,EASTLAND FOOD CT,,427,70.3,nearest parcel 70m away (> 60m)
1745,LONSDALE PL E,UNIT D,403,34.8,nearest non-residential (403)
5490,DUNFIELD LN,1,403,50.6,nearest non-residential (403)
5498,LONSDALE PL N,UNIT B,403,86.6,nearest parcel 87m away (> 60m)
1553,BANDERA CT,,403,24.7,nearest non-residential (403)
5081,CEDAR DR,B,,13.5,nearest non-residential ()
4439,CROSSROADS CENTER,,426,13.7,nearest non-residential (426)
5582,TINLEY PARK,,510,78.6,nearest parcel 79m away (> 60m)
1575,CABORA LN,,403,36.5,nearest non-residential (403)
4790,ROLLINGBROOK LN,B,403,20.7,nearest non-residential (403)
2855,CITIZENS PL,B,403,97.9,nearest parcel 98m away (> 60m)
2206,S HAMILTON RD,,670,16.5,nearest non-residential (670)
4515,LAKE SIDE S,I,400,105.0,nearest parcel 105m away (> 60m)
4515,LAKE SIDE N,A,400,143.1,nearest parcel 143m away (> 60m)
4570,MANDEVILLE CT,A,685,68.3,nearest parcel 68m away (> 60m)
5572,AUTUMN CHASE DR,,411,50.5,nearest non-residential (411)
2870,WOOLWICH CT,205,685,99.8,nearest parcel 100m away (> 60m)
2784,MARWOOD CT,D,403,65.9,nearest parcel 66m away (> 60m)
2734,TENNYSON BLVD,,403,176.3,nearest parcel 176m away (> 60m)
4621,REFUGEE RD,3C,403,58.0,nearest non-residential (403)
4616,CHANNING TER,C,403,112.1,nearest parcel 112m away (> 60m)
2473,SHORE BLVD E,,403,124.5,nearest parcel 125m away (> 60m)
5557,CHATFORD DR,,403,48.2,nearest non-residential (403)
1795,BAIRSFORD DR,,680,51.4,nearest non-residential (680)
3632,RIVERDALE SQ,,625,85.4,nearest parcel 85m away (> 60m)
3640,RIVERDALE SQ,,403,55.6,nearest non-residential (403)
3706,BUCKMAN ST,,500,7.9,nearest=vacant land
3730,BUCKMAN ST,,500,1.7,nearest=vacant land
4661,REFUGEE RD,1D,403,76.3,nearest parcel 76m away (> 60m)
4638,GROVES RD,,353,45.5,nearest non-residential (353)
4671,REFUGEE RD,1B,403,8.8,nearest non-residential (403)
4665,REFUGEE RD,1H,403,59.1,nearest non-residential (403)
5605,HUTCHINSTONE RD,,403,38.2,nearest non-residential (403)
5685,BAIRSFORD CIR N,16,403,30.9,nearest non-residential (403)
232,CHANTRY DR,,447,15.6,nearest non-residential (447)
312,CHANTRY DR,,447,15.6,nearest non-residential (447)
3724,WESTPOINT DR,UNIT 2,600,75.7,nearest parcel 76m away (> 60m)
2629,SILVER OAK DR,,403,129.1,nearest parcel 129m away (> 60m)
5655,MAPLE TREE LN,,403,70.9,nearest parcel 71m away (> 60m)
3697,KIDRON CT,,403,76.9,nearest parcel 77m away (> 60m)
2764,BRANDY DR,202,403,60.1,nearest parcel 60m away (> 60m)
2764,BRANDY DR,101,403,54.7,nearest non-residential (403)
6569,MCNAUGHTEN CT,,425,46.0,nearest non-residential (425)
6583,MCNAUGHTEN CT,,425,46.0,nearest non-residential (425)
6601,MCNAUGHTEN CT,,425,46.0,nearest non-residential (425)
2804,BANWICK RD,,351,74.4,nearest parcel 74m away (> 60m)
3899,MAUMEE BAY WAY,,550,107.2,nearest parcel 107m away (> 60m)
2171,SUNSHINE PL,,403,29.9,nearest non-residential (403)
2076,SUNSHINE PL,,403,61.4,nearest parcel 61m away (> 60m)
2882,SHILLING DR,,403,40.6,nearest non-residential (403)
4782,REFUGEE RD,B,458,36.2,nearest non-residential (458)
4794,REFUGEE RD,B,458,62.8,nearest parcel 63m away (> 60m)
4790,ROLLINGBROOK LN,D,403,14.3,nearest non-residential (403)
5868,CHATFORD DR,,403,19.6,nearest non-residential (403)
2281,SEVILLE AVE,,403,57.6,nearest non-residential (403)
2469,KIMBERLY PKWY E,,403,8.2,nearest non-residential (403)
2131,PINE GROVE LN,,401,21.4,nearest non-residential (401)
2089,LAKE CLUB TER,F,400,68.4,nearest parcel 68m away (> 60m)
2098,LAKE CLUB TER,,447,28.9,nearest non-residential (447)
1892,FOUNTAINVIEW CT,,441,90.8,nearest parcel 91m away (> 60m)
5920,SCARBOROUGH BLVD,,410,4.5,nearest non-residential (410)
2785,S HAMILTON RD,,454,133.5,nearest parcel 133m away (> 60m)
1920,OLDE COVENTRY RD E,,510,74.0,nearest parcel 74m away (> 60m)
5034,COVENTRY DR,A,403,47.8,nearest non-residential (403)
1874,COVENTRY CT,,403,46.6,nearest non-residential (403)
2845,CITIZENS PL,E,499,73.4,nearest parcel 73m away (> 60m)
3735,BUCKMAN ST,,500,10.8,nearest=vacant land
2125,COURTRIGHT RD,,403,22.6,nearest non-residential (403)
2620,BIRCHTREE WAY,,403,80.7,nearest parcel 81m away (> 60m)
2621,BIRCHTREE CT,,403,60.9,nearest parcel 61m away (> 60m)
3717,KIMBERLY WEST DR,UNIT 1,600,68.1,nearest parcel 68m away (> 60m)
2512,COURTRIGHT RD,,402,49.7,nearest non-residential (402)
2779,CITIZENS PL,B,403,109.4,nearest parcel 109m away (> 60m)
4520,LAKE SIDE N,C,400,130.7,nearest parcel 131m away (> 60m)
4568,ISINGTON CT,,403,76.3,nearest parcel 76m away (> 60m)
3599,ARIEL DR,,403,26.5,nearest non-residential (403)
2312,PETZINGER CT,,403,32.3,nearest non-residential (403)
5141,CEDAR DR,L,,13.1,nearest non-residential ()
5167,CEDAR DR,M,,12.4,nearest non-residential ()
2740,TENNYSON BLVD,B,403,159.7,nearest parcel 160m away (> 60m)
2481,SHORE BLVD E,L,403,126.7,nearest parcel 127m away (> 60m)
4595,REFUGEE RD,3A,403,42.5,nearest non-residential (403)
4620,CHANNING TER,C,403,99.8,nearest parcel 100m away (> 60m)
2890,TENNYSON BLVD,,403,82.5,nearest parcel 82m away (> 60m)
2374,CANAL BAY WAY,,403,22.4,nearest non-residential (403)
3891,RIVERCREEK BAY WAY,,403,51.1,nearest non-residential (403)
3765,SOFT WIND DR,,520,68.2,nearest parcel 68m away (> 60m)
3903,MAUMEE BAY WAY,,550,108.5,nearest parcel 109m away (> 60m)
4653,COLERIDGE CT,,403,76.4,nearest parcel 76m away (> 60m)
4611,HILTON CORPORATE DR,,670,81.0,nearest parcel 81m away (> 60m)
2891,MERRYMOUNT CT,D,403,99.1,nearest parcel 99m away (> 60m)
2871,MERRYMOUNT CT,C,403,118.3,nearest parcel 118m away (> 60m)
4659,HILTON CORPORATE DR,,670,33.5,nearest non-residential (670)
4701,HILTON CORPORATE DR,,447,62.3,nearest parcel 62m away (> 60m)
4650,HILTON CORPORATE DR,312,484,69.8,nearest parcel 70m away (> 60m)
3966,LAUREL LN,,403,4.1,nearest non-residential (403)
2268,SUNSHINE PL,,520,74.1,nearest parcel 74m away (> 60m)
4968,COVENTRY CT S,,660,107.9,nearest parcel 108m away (> 60m)
2074,PINE GROVE LN,,403,37.5,nearest non-residential (403)
2107,PINE GROVE LN,,403,35.0,nearest non-residential (403)
1832,NOE-BIXBY RD,,660,87.5,nearest parcel 87m away (> 60m)
1814,NOE-BIXBY RD,,510,72.5,nearest parcel 72m away (> 60m)
6693,MCNAUGHTEN CT,,425,46.0,nearest non-residential (425)
6719,MCNAUGHTEN CT,,425,46.0,nearest non-residential (425)
6211,MCNAUGHTEN CT,,425,46.0,nearest non-residential (425)
6669,MCNAUGHTEN CT,,425,46.0,nearest non-residential (425)
2076,PINE GROVE LN,,403,50.9,nearest non-residential (403)
5044,COVENTRY DR,B,510,74.1,nearest parcel 74m away (> 60m)
6016 1/2,LAKE CLUB CT,CATV,449,134.3,nearest parcel 134m away (> 60m)
5099,CEDAR DR,D,,28.8,nearest non-residential ()
5095,CEDAR DR,,,16.1,nearest non-residential ()
3694,BUCKMAN ST,,481,30.5,nearest non-residential (481)
2556,SPRINGWAY CT,,402,77.2,nearest parcel 77m away (> 60m)
3744,KNIGHTSWAY LN,,402,28.8,nearest non-residential (402)
2490,BENIE CT,,403,51.1,nearest non-residential (403)
3720,DAWN CT,,403,67.2,nearest parcel 67m away (> 60m)
2207,COURTSIDE DR,H,400,11.4,nearest non-residential (400)
3770,WESTPOINT DR,UNIT 5,403,33.7,nearest non-residential (403)
2587,KIMBERLY PKWY W,,403,56.6,nearest non-residential (403)
5475,RED BIRD CT,,402,13.9,nearest non-residential (402)
3716,SOFT WIND DR,,403,85.6,nearest parcel 86m away (> 60m)
1759,LONSDALE RD,C,401,15.2,nearest non-residential (401)
3900,MAUMEE BAY WAY,,510,90.8,nearest parcel 91m away (> 60m)
3907,MAUMEE BAY WAY,,550,112.5,nearest parcel 113m away (> 60m)
3756,SOFT WIND DR,,340,129.1,nearest parcel 129m away (> 60m)
5454,LONSDALE PL N,UNIT A,439,40.5,nearest non-residential (439)
2164,SUNSHINE PL,,403,95.2,nearest parcel 95m away (> 60m)
4151,ASTON MARTIN CT,,403,48.7,nearest non-residential (403)
5467,LONSDALE PL N,UNIT D,426,80.9,nearest parcel 81m away (> 60m)
3300,WINTER LANE PARK,,403,128.3,nearest parcel 128m away (> 60m)
2775,S HAMILTON RD,,427,132.7,nearest parcel 133m away (> 60m)
1837,BAIRSFORD DR,,403,78.8,nearest parcel 79m away (> 60m)
1563,CABORA LN,,403,40.7,nearest non-residential (403)
5357,YORKSHIRE TERRACE DR,D,403,43.1,nearest non-residential (403)
1751,LONSDALE RD,B,401,17.0,nearest non-residential (401)
5625,HIBERNIA DR,A,403,91.2,nearest parcel 91m away (> 60m)
5648,HIBERNIA DR,A,403,32.7,nearest non-residential (403)
2543,FRANKSWAY ST,,422,36.8,nearest non-residential (422)
5550,AUTUMN CHASE DR,B,411,51.5,nearest non-residential (411)
5575,AUTUMN CHASE DR,A,411,32.8,nearest non-residential (411)
5553,CHATFORD DR,H,403,30.0,nearest non-residential (403)
3240,WINTER LANE PARK,,400,61.9,nearest parcel 62m away (> 60m)
5658,SARANAC DR,,403,37.0,nearest non-residential (403)
1762,LONSDALE PL E,UNIT A,401,69.2,nearest parcel 69m away (> 60m)
1740,LONSDALE PL E,UNIT C,403,82.2,nearest parcel 82m away (> 60m)
5715,HIBERNIA DR,B,690,51.2,nearest non-residential (690)
5573,MATUKA DR,,481,62.3,nearest parcel 62m away (> 60m)
5577,CHATTERTON RD,,481,23.4,nearest non-residential (481)
5584,TINLEY PARK,,510,72.8,nearest parcel 73m away (> 60m)
2023,BAIRSFORD DR,1C,520,83.8,nearest parcel 84m away (> 60m)
2788,CITIZENS PL,B,403,51.1,nearest non-residential (403)
2466,SHORE BLVD W,,403,106.6,nearest parcel 107m away (> 60m)
4536,LAKE SIDE S,F,403,150.3,nearest parcel 150m away (> 60m)
4526,LAKE SIDE N,,400,129.5,nearest parcel 129m away (> 60m)
4563,MONMOUTH CT,,403,59.3,nearest non-residential (403)
2449,SHORE BLVD E,A,403,71.8,nearest parcel 72m away (> 60m)
2554,CHAPPEL CHASE,,403,53.9,nearest non-residential (403)
470,CHANTRY DR,,447,15.6,nearest non-residential (447)
410,CHANTRY DR,,447,15.6,nearest non-residential (447)
224,CHANTRY DR,,447,15.6,nearest non-residential (447)
68,CHANTRY DR,,447,15.6,nearest non-residential (447)
1927,BAIRSFORD DR,,403,19.1,nearest non-residential (403)
4595,REFUGEE RD,1A,403,44.3,nearest non-residential (403)
2881,TENNYSON BLVD,202,403,120.5,nearest parcel 121m away (> 60m)
4619,WORDSWORTH CT,,403,58.0,nearest non-residential (403)
2798,TENNYSON BLVD,,403,22.6,nearest non-residential (403)
4580,LAKE SIDE N,A,351,177.6,nearest parcel 178m away (> 60m)
4661,REFUGEE RD,2E,403,66.2,nearest parcel 66m away (> 60m)
4628,HEBRIDES DR,C,403,122.8,nearest parcel 123m away (> 60m)
1285,YORKLAND RD,UNIT P,403,33.6,nearest non-residential (403)
2920,MERRYMOUNT CT,,403,58.5,nearest non-residential (403)
5745,SPRUCE TREE DR,,400,107.6,nearest parcel 108m away (> 60m)
5777,SPRUCE TREE DR,,400,147.6,nearest parcel 148m away (> 60m)
6761,MCNAUGHTEN CT,,425,46.0,nearest non-residential (425)
6397,MCNAUGHTEN CT,,425,46.0,nearest non-residential (425)
6681,MCNAUGHTEN CT,,425,46.0,nearest non-residential (425)
6116,MCNAUGHTEN CENTER,,458,22.5,nearest non-residential (458)
5976,ABERNATHY LN,,,19.9,nearest non-residential ()
5840,CHATFORD DR,G,899,62.1,nearest parcel 62m away (> 60m)
5677,E LIVINGSTON AVE,,403,67.0,nearest parcel 67m away (> 60m)
5675,BAIRSFORD CIR N,,403,17.7,nearest non-residential (403)
100,CHANTRY DR,,447,15.6,nearest non-residential (447)
2602,SILVER OAK DR,,403,76.4,nearest parcel 76m away (> 60m)
2529,SILVER OAK DR,,455,132.1,nearest parcel 132m away (> 60m)
3251,ELIM MANOR CT,,591,9.3,nearest non-residential (591)
4795,ROLLINGBROOK LN,D,403,32.0,nearest non-residential (403)
5912,CHATFORD DR,G,449,118.3,nearest parcel 118m away (> 60m)
5904,CHATFORD DR,,449,112.0,nearest parcel 112m away (> 60m)
1976,FOUNTAINVIEW CT,,403,88.0,nearest parcel 88m away (> 60m)
1879,FOUNTAINVIEW CT,F,899,61.7,nearest parcel 62m away (> 60m)
5982,LAKE CLUB SQ,F,403,80.5,nearest parcel 80m away (> 60m)
6001,LAKE CLUB CT,C,403,150.9,nearest parcel 151m away (> 60m)
5828,CHATFORD DR,F,899,83.1,nearest parcel 83m away (> 60m)
4657,REFUGEE RD,2I,403,65.6,nearest parcel 66m away (> 60m)
4630,HILTON CORPORATE DR,207,411,102.0,nearest parcel 102m away (> 60m)
4650,HILTON CORPORATE DR,109,484,82.0,nearest parcel 82m away (> 60m)
5702,SPRUCE TREE DR,,403,42.4,nearest non-residential (403)
6085,MCNAUGHTEN CENTER,,425,63.3,nearest parcel 63m away (> 60m)
6699,MCNAUGHTEN CT,,425,46.0,nearest non-residential (425)
6783,MCNAUGHTEN CT,,425,46.0,nearest non-residential (425)
2093,LAKE CLUB TER,C,400,70.4,nearest parcel 70m away (> 60m)
2089,LAKE CLUB TER,B,400,64.0,nearest parcel 64m away (> 60m)
1838,NOE-BIXBY RD,,660,74.9,nearest parcel 75m away (> 60m)
2068,PINE GROVE LN,,403,66.8,nearest parcel 67m away (> 60m)
5002,MYERS RD,,403,36.9,nearest non-residential (403)
6046,CHANNINGWAY BLVD,,449,52.8,nearest non-residential (449)
1894,COVENTRY CT,,403,56.3,nearest non-residential (403)
2123,COURTRIGHT RD,,403,30.6,nearest non-residential (403)
3730,WESTPOINT DR,UNIT 2,403,84.9,nearest parcel 85m away (> 60m)
3731,KIMBERLY WEST DR,UNIT 6,600,86.5,nearest parcel 86m away (> 60m)
2205,COURTSIDE DR,D,400,34.8,nearest non-residential (400)
5493,RED BIRD CT,,402,2.2,nearest non-residential (402)
3849,BUCKMAN ST,,500,13.4,nearest=vacant land
3739,KIMBERLY WEST DR,UNIT 3,403,67.1,nearest parcel 67m away (> 60m)
3756,WESTPOINT DR,UNIT 1,403,39.2,nearest non-residential (403)
2579,KIMBERLY PKWY W,,403,77.6,nearest parcel 78m away (> 60m)
5419,LONSDALE PL S,UNIT B,401,45.6,nearest non-residential (401)
5665,HIBERNIA DR,C,510,73.6,nearest parcel 74m away (> 60m)
2102,SUNSHINE PL,,400,72.4,nearest parcel 72m away (> 60m)
3295,WINTER LANE PARK,,510,91.2,nearest parcel 91m away (> 60m)
5467,E LIVINGSTON AVE,,403,14.9,nearest non-residential (403)
2212,SEVILLE AVE,,403,96.4,nearest parcel 96m away (> 60m)
1778,LONSDALE PL E,,401,51.9,nearest non-residential (401)
5498,LONSDALE PL N,UNIT D,403,95.2,nearest parcel 95m away (> 60m)
5525,CANTARA PL,4,403,9.2,nearest non-residential (403)
5586,TINLEY PARK,,510,67.0,nearest parcel 67m away (> 60m)
5455,CHATFORD SQ,,403,51.5,nearest non-residential (403)
5513,CHATFORD SQ,,403,76.1,nearest parcel 76m away (> 60m)
2744,EASTLAND MALL,,427,56.0,nearest non-residential (427)
4275,DONLYN CT,,447,38.2,nearest non-residential (447)
4203,DONLYN CT,,447,35.0,nearest non-residential (447)
4236,EASTLAND SQUARE DR,,422,115.6,nearest parcel 116m away (> 60m)
4210,S HAMILTON RD,,426,83.9,nearest parcel 84m away (> 60m)
5551,CHATFORD DR,F,403,28.5,nearest non-residential (403)
1770,BAIRSFORD DR,,403,49.9,nearest non-residential (403)
2817,CITIZENS PL,C,403,87.7,nearest parcel 88m away (> 60m)
4533,LAKE SIDE S,,400,117.1,nearest parcel 117m away (> 60m)
4531,LAKE SIDE S,,400,120.5,nearest parcel 121m away (> 60m)
2420,SHORE BLVD W,APT A,403,57.8,nearest non-residential (403)
4593,REFUGEE RD,3E,403,68.3,nearest parcel 68m away (> 60m)
4591,MONMOUTH CT,,403,85.9,nearest parcel 86m away (> 60m)
4571,MONMOUTH CT,,403,54.3,nearest non-residential (403)
4525,LAKE SIDE S,D,122,134.3,nearest parcel 134m away (> 60m)
4588,ISINGTON CT,,403,97.3,nearest parcel 97m away (> 60m)
4591,LAKE SIDE S,,122,93.1,nearest parcel 93m away (> 60m)
2471,SHORE BLVD E,D,403,128.8,nearest parcel 129m away (> 60m)
344,CHANTRY DR,,447,15.6,nearest non-residential (447)
218,CHANTRY DR,,447,15.6,nearest non-residential (447)
322,CHANTRY DR,,447,15.6,nearest non-residential (447)
320,CHANTRY DR,,447,15.6,nearest non-residential (447)
106,CHANTRY DR,,447,15.6,nearest non-residential (447)
94,CHANTRY DR,,447,15.6,nearest non-residential (447)
468,CHANTRY DR,,447,15.6,nearest non-residential (447)
606,CHANTRY DR,,447,15.6,nearest non-residential (447)
2633,SILVER OAK DR,,403,128.9,nearest parcel 129m away (> 60m)
2610,SILVER OAK DR,,403,85.9,nearest parcel 86m away (> 60m)
2558,SPRINGWAY CT,,402,80.2,nearest parcel 80m away (> 60m)
2535,COURTRIGHT RD,,402,48.7,nearest non-residential (402)
3731,KIMBERLY WEST DR,UNIT 1,403,86.4,nearest parcel 86m away (> 60m)
2496,BENIE CT,,403,36.4,nearest non-residential (403)
2286,PETZINGER CT,,403,51.5,nearest non-residential (403)
5393,YORKSHIRE TERRACE DR,3B,403,45.8,nearest non-residential (403)
5628,HIBERNIA DR,B,403,42.3,nearest non-residential (403)
2276,PETZINGER CT,,403,60.3,nearest parcel 60m away (> 60m)
2406,CANAL BAY WAY,,403,38.6,nearest non-residential (403)
5677,HIBERNIA DR,A,510,77.7,nearest parcel 78m away (> 60m)
3892,MAUMEE BAY WAY,,403,95.6,nearest parcel 96m away (> 60m)
3746,SOFT WIND DR,,340,138.9,nearest parcel 139m away (> 60m)
3968,LAUREL LN,,403,11.7,nearest non-residential (403)
2176,SUNSHINE PL,,403,71.4,nearest parcel 71m away (> 60m)
3283,WINTER LANE PARK,,510,92.7,nearest parcel 93m away (> 60m)
2187,MUIRWOOD DR,,403,112.9,nearest parcel 113m away (> 60m)
2266,MUIRWOOD DR,,403,59.4,nearest non-residential (403)
5522,DUNFIELD LN,,403,23.5,nearest non-residential (403)
5530,DUNFIELD LN,1,403,18.6,nearest non-residential (403)
5494,CHATFORD SQ,,403,15.4,nearest non-residential (403)
5472,CHATFORD SQ,,403,54.1,nearest non-residential (403)
4260,EASTLAND SQUARE DR,,426,115.6,nearest parcel 116m away (> 60m)
2171,S JAMES RD,,371,32.1,nearest non-residential (371)
4421,CROSSROADS CENTER,,426,31.7,nearest non-residential (426)
2748,CITIZENS PL,E,403,146.5,nearest parcel 147m away (> 60m)
334,CHANTRY DR,,447,15.6,nearest non-residential (447)
2745,WINCHESTER PIKE,,458,106.7,nearest parcel 107m away (> 60m)
3189,REFUGEE RD,,458,70.4,nearest parcel 70m away (> 60m)
4515,LAKE SIDE S,K,400,108.0,nearest parcel 108m away (> 60m)
4515,LAKE SIDE N,H,403,154.3,nearest parcel 154m away (> 60m)
4603,REFUGEE RD,3E,403,77.9,nearest parcel 78m away (> 60m)
4574,ISINGTON CT,,403,90.1,nearest parcel 90m away (> 60m)
2445,SHORE BLVD E,B,403,102.0,nearest parcel 102m away (> 60m)
5676,SPRUCE TREE DR,,403,40.8,nearest non-residential (403)
5880,YORKLAND CT,UNIT P,,11.7,nearest non-residential ()
2361,SHORE BLVD E,F,403,163.1,nearest parcel 163m away (> 60m)
5803,MAPLE TREE LN,,454,162.0,nearest parcel 162m away (> 60m)
5822,CHATFORD DR,B,899,100.2,nearest parcel 100m away (> 60m)
5840,CHATFORD DR,C,899,79.7,nearest parcel 80m away (> 60m)
5985,ASTOR AVE,,500,3.8,nearest=vacant land
5954,SHANA DR,,499,25.2,nearest non-residential (499)
6141,ZACHARY WOODS LN,,,16.5,nearest non-residential ()
1881,FOUNTAINVIEW CT,F,899,80.4,nearest parcel 80m away (> 60m)
2530,SCARBOROUGH SQ,11,425,46.0,nearest non-residential (425)
6003,LAKE CLUB CT,A,403,142.9,nearest parcel 143m away (> 60m)
6047,LAKE CLUB PL,,441,116.3,nearest parcel 116m away (> 60m)
3176,WEBSTER DR,,685,42.2,nearest non-residential (685)
1964,LAKE CLUB DR,,449,35.6,nearest non-residential (449)
4800,LARAINE CT,202,403,40.8,nearest non-residential (403)
4795,ROLLINGBROOK LN,B,458,41.9,nearest non-residential (458)
2354,NOE-BIXBY RD,,500,30.2,nearest=vacant land
2911,SHILLING DR,,403,25.0,nearest non-residential (403)
2784,GROSSE POINT,,403,88.6,nearest parcel 89m away (> 60m)
3180,ELIM MANOR CT,105,591,24.7,nearest non-residential (591)
2890,SHILLING DR,,403,53.6,nearest non-residential (403)
5081,CEDAR DR,J,,15.1,nearest non-residential ()
3326,PETZINGER RD,,501,17.3,nearest=vacant land
2809,CITIZENS PL,H,403,97.3,nearest parcel 97m away (> 60m)
5553,HUTCHINSTONE RD,,495,77.8,nearest parcel 78m away (> 60m)
2799,MARWOOD CT,A,403,54.3,nearest non-residential (403)
4595,REFUGEE RD,2D,403,61.0,nearest parcel 61m away (> 60m)
4607,REFUGEE RD,2A,403,57.2,nearest non-residential (403)
4592,CHANNING TER,B,403,145.5,nearest parcel 146m away (> 60m)
14,CHANTRY DR,,447,15.6,nearest non-residential (447)
2611,SILVER OAK DR,,403,125.0,nearest parcel 125m away (> 60m)
3298,REFUGEE RD,,479,58.3,nearest non-residential (479)
4657,REFUGEE RD,3H,403,74.8,nearest parcel 75m away (> 60m)
4657,REFUGEE RD,3J,403,57.2,nearest non-residential (403)
2885,THOREAU CT,A,403,45.4,nearest non-residential (403)
4619,HEBRIDES DR,B,403,86.6,nearest parcel 87m away (> 60m)
4630,HILTON CORPORATE DR,113,411,84.7,nearest parcel 85m away (> 60m)
1768,CHANNINGWAY CT W,,403,39.1,nearest non-residential (403)
5714,GREENPINE ST,,400,82.6,nearest parcel 83m away (> 60m)
4735,HILTON CORPORATE DR,,447,53.8,nearest non-residential (447)
1536,ABRAHAM WOODS,,,10.1,nearest non-residential ()
6389,MCNAUGHTEN CT,,425,46.0,nearest non-residential (425)
6497,MCNAUGHTEN CT,,425,46.0,nearest non-residential (425)
2003,FOUNTAINVIEW CT,,403,84.2,nearest parcel 84m away (> 60m)
3195,WEBSTER DR,,403,54.8,nearest non-residential (403)
2086,LAKE CLUB TER,,447,43.7,nearest non-residential (447)
6004,LAKE CLUB CT,,449,141.3,nearest parcel 141m away (> 60m)
1880,FOUNTAINVIEW CT,,441,83.0,nearest parcel 83m away (> 60m)
2903,SHILLING DR,,403,30.0,nearest non-residential (403)
2052,PINE GROVE LN,,510,71.6,nearest parcel 72m away (> 60m)
5121,CEDAR DR,E,,20.9,nearest non-residential ()
3741,BUCKMAN ST,,500,19.7,nearest=vacant land
3748,BUCKMAN ST,,500,1.2,nearest=vacant land
5145,CEDAR DR,G,,27.0,nearest non-residential ()
3718,WESTPOINT DR,UNIT 4,600,59.7,nearest non-residential (600)
3722,KIMBERLY WEST DR,,403,71.6,nearest parcel 72m away (> 60m)
2189,SOFT WIND CT,,403,64.6,nearest parcel 65m away (> 60m)
2196,SOFT WIND CT,,403,92.1,nearest parcel 92m away (> 60m)
3991,PENNIMAN ST,,501,61.1,nearest parcel 61m away (> 60m)
3774,SOFT WIND DR,,403,83.4,nearest parcel 83m away (> 60m)
3967,KIMBERLY PKWY N,,401,42.6,nearest non-residential (401)
2180,SUNSHINE PL,,403,59.4,nearest non-residential (403)
2190,SUNSHINE PL,,403,110.7,nearest parcel 111m away (> 60m)
1744,LONSDALE RD,UNIT D,401,31.9,nearest non-residential (401)
5393,YORKSHIRE TERRACE DR,4A,403,44.8,nearest non-residential (403)
5661,HIBERNIA DR,B,510,74.0,nearest parcel 74m away (> 60m)
5708,HIBERNIA DR,C,690,70.4,nearest parcel 70m away (> 60m)
2226,MUIRWOOD DR,,403,17.4,nearest non-residential (403)
4092,JENERA PL,,403,32.8,nearest non-residential (403)
2264,SEVILLE AVE,,403,21.1,nearest non-residential (403)
5524,E LIVINGSTON AVE,,,34.0,nearest non-residential ()
5544,CANTARA PL,,403,45.8,nearest non-residential (403)
5591,CHATTERTON RD,,425,28.8,nearest non-residential (425)
3120,S HAMILTON RD,,425,56.3,nearest non-residential (425)
1569,CABORA LN,,403,39.2,nearest non-residential (403)
5551,CHATFORD DR,E,403,27.4,nearest non-residential (403)
1813,BAIRSFORD DR,1L,403,23.9,nearest non-residential (403)
5537,HUTCHINSTONE RD,,495,86.4,nearest parcel 86m away (> 60m)
5545,HUTCHINSTONE RD,,495,81.2,nearest parcel 81m away (> 60m)
2598,S HAMILTON RD,,456,32.5,nearest non-residential (456)
2860,CITIZENS PL,A,685,103.3,nearest parcel 103m away (> 60m)
2828,CITIZENS PL,E,403,49.0,nearest non-residential (403)
2784,CITIZENS PL,B,403,70.5,nearest parcel 71m away (> 60m)
5684,SARANAC DR,,403,60.3,nearest parcel 60m away (> 60m)
4545,LAKE SIDE N,D,403,154.4,nearest parcel 154m away (> 60m)
4555,LAKE SIDE N,D,403,153.9,nearest parcel 154m away (> 60m)
4570,LAKE SIDE N,J,351,148.8,nearest parcel 149m away (> 60m)
4597,REFUGEE RD,3G,403,40.4,nearest non-residential (403)
2865,THOREAU CT,C,403,83.3,nearest parcel 83m away (> 60m)
188,CHANTRY DR,,447,15.6,nearest non-residential (447)
210,CHANTRY DR,,447,15.6,nearest non-residential (447)
530,CHANTRY DR,,447,15.6,nearest non-residential (447)
622,CHANTRY DR,,447,15.6,nearest non-residential (447)
1799,CHANNINGWAY CT W,,403,69.8,nearest parcel 70m away (> 60m)
3161,WEBSTER DR,,685,86.2,nearest parcel 86m away (> 60m)
4630,HILTON CORPORATE DR,107,411,99.9,nearest parcel 100m away (> 60m)
4630,HILTON CORPORATE DR,105,484,124.6,nearest parcel 125m away (> 60m)
1808,CHANNINGWAY CT W,,403,27.5,nearest non-residential (403)
1217,YORKLAND RD,CATV,403,79.8,nearest parcel 80m away (> 60m)
2803,BERWICK SQ,,403,8.9,nearest non-residential (403)
4711,HILTON CORPORATE DR,,400,54.8,nearest non-residential (400)
5780,SPRUCE TREE DR,,403,170.5,nearest parcel 171m away (> 60m)
6014,BATHEREST CIR,,400,28.8,nearest non-residential (400)
3180,ELIM MANOR CT,102,591,23.2,nearest non-residential (591)
3180,ELIM MANOR CT,214,591,23.8,nearest non-residential (591)
2594,NOE-BIXBY RD,D,499,50.9,nearest non-residential (499)
6747,MCNAUGHTEN CT,,425,46.0,nearest non-residential (425)
5875,SCARBOROUGH BLVD,,425,71.6,nearest parcel 72m away (> 60m)
3356,TRADAN DR,,400,54.9,nearest non-residential (400)
2200,WABASH CT W,,500,8.9,nearest=vacant land
2091,LAKE CLUB TER,B,400,72.0,nearest parcel 72m away (> 60m)
5097,CEDAR DR,H,,16.9,nearest non-residential ()
5167,CEDAR DR,A,,18.0,nearest non-residential ()
5202,CEDAR DR,G,,9.9,nearest non-residential ()
2628,BIRCHTREE CT,,403,42.6,nearest non-residential (403)
3758,KNIGHTSWAY LN,,402,45.0,nearest non-residential (402)
2506,COURTRIGHT RD,,402,57.5,nearest non-residential (402)
3673,MENDON PL,,520,63.3,nearest parcel 63m away (> 60m)
2048,SUNSHINE PL,,403,23.8,nearest non-residential (403)
5616,HIBERNIA DR,B,403,63.2,nearest parcel 63m away (> 60m)
5440,LONSDALE PL N,UNIT A,439,23.6,nearest non-residential (439)
2229,SEVILLE AVE,,403,102.3,nearest parcel 102m away (> 60m)
5720,HIBERNIA DR,A,690,85.3,nearest parcel 85m away (> 60m)
2319,SEVILLE AVE,,403,89.8,nearest parcel 90m away (> 60m)
2742,EASTLAND MALL,,427,48.9,nearest non-residential (427)
5461,LONSDALE PL S,,680,39.6,nearest non-residential (680)
5459,E LIVINGSTON AVE,UNIT D,439,53.3,nearest non-residential (439)
5515,CANTARA PL,5,403,44.1,nearest non-residential (403)
1565,APPLETON CT,,403,28.9,nearest non-residential (403)
5716,HIBERNIA DR,,690,88.1,nearest parcel 88m away (> 60m)
5712,HIBERNIA DR,,690,81.9,nearest parcel 82m away (> 60m)
5708,HIBERNIA DR,A,690,76.0,nearest parcel 76m away (> 60m)
4266,S HAMILTON RD,,426,83.9,nearest parcel 84m away (> 60m)
5743,HIBERNIA DR,B,403,53.7,nearest non-residential (403)
1777,BAIRSFORD CIR W,,403,53.3,nearest non-residential (403)
2578,SPRINGWAY CT,,402,91.7,nearest parcel 92m away (> 60m)
3754,KNIGHTSWAY LN,,402,48.2,nearest non-residential (402)
3575,ARIEL DR,,403,36.3,nearest non-residential (403)
3711,KIMBERLY PKWY N,,402,62.4,nearest parcel 62m away (> 60m)
2207,COURTSIDE DR,C,400,17.4,nearest non-residential (400)
3770,WESTPOINT DR,,403,33.6,nearest non-residential (403)
2175,SOFT WIND CT,,403,88.1,nearest parcel 88m away (> 60m)
5357,YORKSHIRE TERRACE DR,E,403,45.8,nearest non-residential (403)
5551,HIBERNIA DR,B,640,83.1,nearest parcel 83m away (> 60m)
5555,HIBERNIA DR,B,640,86.7,nearest parcel 87m away (> 60m)
3883,MAUMEE BAY WAY,,680,91.6,nearest parcel 92m away (> 60m)
5599,HIBERNIA DR,B,510,67.7,nearest parcel 68m away (> 60m)
5648,HIBERNIA DR,C,403,35.9,nearest non-residential (403)
2104,MUIRWOOD DR,,400,133.8,nearest parcel 134m away (> 60m)
1734,LONSDALE RD,UNIT A,401,33.0,nearest non-residential (401)
5420,LONSDALE PL N,,439,31.7,nearest non-residential (439)
5774,HIBERNIA DR,A,403,66.3,nearest parcel 66m away (> 60m)
3420,WINTER LANE PARK,,403,66.8,nearest parcel 67m away (> 60m)
5440,CHATFORD SQ,,403,38.4,nearest non-residential (403)
5516,DUNFIELD LN,4,403,39.4,nearest non-residential (403)
2188,MUIRWOOD DR,,403,78.0,nearest parcel 78m away (> 60m)
2196,SEVILLE AVE,,403,126.5,nearest parcel 126m away (> 60m)
3417,SUFFIELD,,510,63.3,nearest parcel 63m away (> 60m)
1813,BAIRSFORD DR,2M,403,14.5,nearest non-residential (403)
5600,AUTUMN CHASE DR,,411,53.2,nearest non-residential (411)
2754,EASTLAND MALL,,427,103.2,nearest parcel 103m away (> 60m)
4208,EASTLAND SQUARE DR,,422,61.0,nearest parcel 61m away (> 60m)
4256,EASTLAND SQUARE DR,,426,118.4,nearest parcel 118m away (> 60m)
3615,S HAMILTON RD,,420,36.8,nearest non-residential (420)
4285,EASTLAND SQUARE DR,,422,85.6,nearest parcel 86m away (> 60m)
4301,EASTLAND SQUARE DR,,422,109.8,nearest parcel 110m away (> 60m)
2545,FRANKSWAY ST,,422,33.9,nearest non-residential (422)
2349,HAMILTON RD,,425,14.2,nearest non-residential (425)
5581,CHANTRY DR,,447,49.2,nearest non-residential (447)
668,CHANTRY DR,,447,15.6,nearest non-residential (447)
288,CHANTRY DR,,447,15.6,nearest non-residential (447)
616,CHANTRY DR,,447,15.6,nearest non-residential (447)
2244,S HAMILTON RD,201,447,46.7,nearest non-residential (447)
4491,LAKE SIDE S,D,456,106.9,nearest parcel 107m away (> 60m)
5774,SARANAC DR,,403,42.7,nearest non-residential (403)
1800,CHANNINGWAY CT W,,403,30.7,nearest non-residential (403)
2422,SHORE BLVD W,,403,69.1,nearest parcel 69m away (> 60m)
4603,REFUGEE RD,3F,403,74.5,nearest parcel 75m away (> 60m)
2786,MARWOOD CT,,403,68.6,nearest parcel 69m away (> 60m)
2760,TENNYSON BLVD,A,403,98.1,nearest parcel 98m away (> 60m)
4619,REFUGEE RD,1A,403,66.9,nearest parcel 67m away (> 60m)
4619,REFUGEE RD,3D,403,79.9,nearest parcel 80m away (> 60m)
4592,CHANNING TER,C,403,142.7,nearest parcel 143m away (> 60m)
4583,LAKE SIDE S,,122,81.9,nearest parcel 82m away (> 60m)
5686,GREENPINE ST,,400,65.1,nearest parcel 65m away (> 60m)
1281,MCNAUGHTEN RD,UNIT O,403,95.6,nearest parcel 96m away (> 60m)
5762,SPRUCE TREE DR,,403,145.2,nearest parcel 145m away (> 60m)
5776,SPRUCE TREE DR,,403,160.4,nearest parcel 160m away (> 60m)
6012,BATHEREST CIR,,400,23.6,nearest non-residential (400)
6091,MCNAUGHTEN CENTER,,425,46.4,nearest non-residential (425)
6537,MCNAUGHTEN CT,,425,46.0,nearest non-residential (425)
6459,MCNAUGHTEN CT,,425,46.0,nearest non-residential (425)
6369,MCNAUGHTEN CT,,425,46.0,nearest non-residential (425)
4655,REFUGEE RD,1E,403,58.4,nearest non-residential (403)
4619,REFUGEE RD,2G,403,73.5,nearest parcel 74m away (> 60m)
4644,HEBRIDES DR,D,403,116.9,nearest parcel 117m away (> 60m)
4686,FENIMORE CT,B,403,132.8,nearest parcel 133m away (> 60m)
4630,HILTON CORPORATE DR,103,411,123.1,nearest parcel 123m away (> 60m)
6363,MCNAUGHTEN CT,,425,46.0,nearest non-residential (425)
1988,FOUNTAINVIEW CT,E,403,85.8,nearest parcel 86m away (> 60m)
1986,FOUNTAINVIEW CT,I,403,68.4,nearest parcel 68m away (> 60m)
1881,FOUNTAINVIEW CT,D,899,85.7,nearest parcel 86m away (> 60m)
2556,SCARBOROUGH SQ,15,420,63.2,nearest parcel 63m away (> 60m)
2080,LAKE CLUB TER,,447,40.1,nearest non-residential (447)
5980,LAKE CLUB SQ,D,403,73.9,nearest parcel 74m away (> 60m)
3184,WEBSTER DR,,685,62.2,nearest parcel 62m away (> 60m)
3227,WEBSTER DR,,403,46.2,nearest non-residential (403)
4790,ROLLINGBROOK LN,C,403,16.8,nearest non-residential (403)
2787,GROSSE POINT,,403,98.4,nearest parcel 98m away (> 60m)
2915,SHILLING DR,,403,25.4,nearest non-residential (403)
3306,TRADAN DR,,403,21.4,nearest non-residential (403)
4979,OLDE COVENTRY RD W,,403,55.0,nearest non-residential (403)
5001,COVENTRY DR,,403,59.0,nearest non-residential (403)
1887,COVENTRY CT,,403,49.9,nearest non-residential (403)
2070,PINE GROVE LN,,403,70.4,nearest parcel 70m away (> 60m)
5040,COVENTRY DR,B,510,63.6,nearest parcel 64m away (> 60m)
2348,NOE-BIXBY RD,,500,35.5,nearest=vacant land
4975,OLDE COVENTRY RD W,,403,64.5,nearest parcel 64m away (> 60m)
1881,COVENTRY CT,,403,36.5,nearest non-residential (403)
3280,TRADAN DR,,403,89.5,nearest parcel 90m away (> 60m)
3316,TRADAN DR,,403,15.3,nearest non-residential (403)
5040,COVENTRY DR,,403,66.1,nearest parcel 66m away (> 60m)
1874,COVENTRY CT,D,403,50.9,nearest non-residential (403)
3352,TRADAN DR,,400,66.9,nearest parcel 67m away (> 60m)
2301,COURTRIGHT RD,,403,38.6,nearest non-residential (403)
5381,YORKSHIRE TERRACE DR,3C,550,64.3,nearest parcel 64m away (> 60m)
3761,KNIGHTSWAY LN,,403,20.5,nearest non-residential (403)
3722,KNIGHTSWAY LN,,402,59.2,nearest non-residential (402)
3563,ARIEL DR,,403,54.3,nearest non-residential (403)
3713,KIMBERLY PKWY N,,402,66.5,nearest parcel 67m away (> 60m)
2518,COURTRIGHT RD,,402,44.8,nearest non-residential (402)
3769,KIMBERLY WEST DR,UNIT 1,403,79.3,nearest parcel 79m away (> 60m)
5430,LONSDALE PL S,,403,67.5,nearest parcel 68m away (> 60m)
3365,SUFFIELD,,403,97.6,nearest parcel 98m away (> 60m)
3794,SOFT WIND DR,,403,58.9,nearest non-residential (403)
2432,CHELSEA CT,,403,42.1,nearest non-residential (403)
1791,BAIRSFORD CIR W,,403,53.8,nearest non-residential (403)
5572,AUTUMN CHASE DR,A,411,59.6,nearest non-residential (411)
4112,ALVADA ST,,403,79.8,nearest parcel 80m away (> 60m)
2201,SEVILLE AVE,,403,144.3,nearest parcel 144m away (> 60m)
1811,BAIRSFORD DR,2F,403,28.6,nearest non-residential (403)
4253,DONLYN CT,,447,35.0,nearest non-residential (447)
5549,HUTCHINSTONE RD,,495,79.5,nearest parcel 80m away (> 60m)
5593,HUTCHINSTONE RD,,403,44.4,nearest non-residential (403)
2567,S HAMILTON RD,,425,59.6,nearest non-residential (425)
5685,BAIRSFORD CIR N,19,403,27.3,nearest non-residential (403)
46,CHANTRY DR,,447,15.6,nearest non-residential (447)
216,CHANTRY DR,,447,15.6,nearest non-residential (447)
2585,SILVER OAK DR,CATV,455,105.8,nearest parcel 106m away (> 60m)
1815,CHANNINGWAY CT W,,510,73.6,nearest parcel 74m away (> 60m)
5651,MAPLE TREE LN,,403,75.8,nearest parcel 76m away (> 60m)
1796,CHANNINGWAY CT W,,403,25.0,nearest non-residential (403)
4515,LAKE SIDE N,E,400,155.4,nearest parcel 155m away (> 60m)
4579,HEMINGWAY CT,C,685,96.1,nearest parcel 96m away (> 60m)
4525,LAKE SIDE S,B,122,127.2,nearest parcel 127m away (> 60m)
5732,GREENPINE ST,,400,115.9,nearest parcel 116m away (> 60m)
2506,EASTERN PINE RD,,403,130.6,nearest parcel 131m away (> 60m)
6107,MCNAUGHTEN CENTER,,425,25.0,nearest non-residential (425)
6327,MCNAUGHTEN CT,,425,46.0,nearest non-residential (425)
4617,REFUGEE RD,3E,403,16.5,nearest non-residential (403)
4592,ISINGTON CT,,403,117.3,nearest parcel 117m away (> 60m)
2361,SHORE BLVD E,C,403,176.5,nearest parcel 176m away (> 60m)
4619,REFUGEE RD,3I,403,58.5,nearest non-residential (403)
4639,COLERIDGE CT,C,403,13.2,nearest non-residential (403)
4632,GROVES RD,,353,6.2,nearest non-residential (353)
4656,HEBRIDES DR,B,403,121.5,nearest parcel 121m away (> 60m)
6515,MCNAUGHTEN CT,,425,46.0,nearest non-residential (425)
6271,MCNAUGHTEN CT,,425,46.0,nearest non-residential (425)
6573,MCNAUGHTEN CT,,425,46.0,nearest non-residential (425)
6395,MCNAUGHTEN CT,,425,46.0,nearest non-residential (425)
5900,CHATFORD DR,C,403,117.4,nearest parcel 117m away (> 60m)
1893,FOUNTAINVIEW CT,,403,66.4,nearest parcel 66m away (> 60m)
2490,SCARBOROUGH SQ,2,425,54.9,nearest non-residential (425)
6071,LAKE CLUB PL,,449,110.3,nearest parcel 110m away (> 60m)
2580,NOE-BIXBY RD,C,499,30.4,nearest non-residential (499)
4263,EASTLAND FOOD CT,,427,88.7,nearest parcel 89m away (> 60m)
4206,S HAMILTON RD,,426,83.9,nearest parcel 84m away (> 60m)
5517,HUTCHINSTONE RD,,354,90.8,nearest parcel 91m away (> 60m)
1313,STEVENLANE BLVD,,,55.9,nearest non-residential ()
5597,HUTCHINSTONE RD,,403,41.5,nearest non-residential (403)
5573,HUTCHINSTONE RD,,403,65.2,nearest parcel 65m away (> 60m)
2826,CITIZENS PL,F,403,28.6,nearest non-residential (403)
5598,CHANTRY DR,,403,116.7,nearest parcel 117m away (> 60m)
352,CHANTRY DR,,447,15.6,nearest non-residential (447)
1769,CHANNINGWAY CT W,,403,79.0,nearest parcel 79m away (> 60m)
5851,YORKLAND CT,UNIT,,9.9,nearest non-residential ()
2797,MARWOOD CT,B,403,67.9,nearest parcel 68m away (> 60m)
2474,SHORE BLVD W,,403,100.6,nearest parcel 101m away (> 60m)
4518,LAKE SIDE N,,350,132.5,nearest parcel 132m away (> 60m)
4574,LAKE SIDE N,,351,161.7,nearest parcel 162m away (> 60m)
4588,LAKE SIDE N,,351,154.1,nearest parcel 154m away (> 60m)
4607,REFUGEE RD,2C,403,74.3,nearest parcel 74m away (> 60m)
4621,REFUGEE RD,1A,403,73.0,nearest parcel 73m away (> 60m)
2671,SILVER OAK DR,,403,111.5,nearest parcel 112m away (> 60m)
1285,YORKLAND RD,UNIT A,403,45.0,nearest non-residential (403)
4617,HEBRIDES DR,B,403,95.6,nearest parcel 96m away (> 60m)
2811,TENNYSON BLVD,,403,23.7,nearest non-residential (403)
2445,SHORE BLVD E,D,403,97.2,nearest parcel 97m away (> 60m)
4651,COLERIDGE CT,A,403,74.8,nearest parcel 75m away (> 60m)
4628,HEBRIDES DR,D,403,119.6,nearest parcel 120m away (> 60m)
2912,MERRYMOUNT CT,D,403,73.3,nearest parcel 73m away (> 60m)
5733,SPRUCE TREE DR,,400,113.0,nearest parcel 113m away (> 60m)
6121,MCNAUGHTEN CT,,425,46.0,nearest non-residential (425)
6439,MCNAUGHTEN CT,,425,46.0,nearest non-residential (425)
6673,MCNAUGHTEN CT,,425,46.0,nearest non-residential (425)
3281,SUNMARK AVE,,,36.1,nearest non-residential ()
5870,CHATFORD DR,,403,5.8,nearest non-residential (403)
1981,FOUNTAINVIEW CT,,403,82.8,nearest parcel 83m away (> 60m)
6016,ABERNATHY LN,,,56.0,nearest non-residential ()
1982,FOUNTAINVIEW CT,,403,88.1,nearest parcel 88m away (> 60m)
1879,FOUNTAINVIEW CT,B,899,68.5,nearest parcel 69m away (> 60m)
1877,FOUNTAINVIEW CT,A,899,65.6,nearest parcel 66m away (> 60m)
3227,ELIM MANOR CT,,591,12.4,nearest non-residential (591)
3144,ROTUNDA CT N,,403,18.4,nearest non-residential (403)
2001,NOE-BIXBY RD,,403,40.2,nearest non-residential (403)
2104,LAKE CLUB TER,,447,40.2,nearest non-residential (447)
5980,LAKE CLUB SQ,C,403,69.4,nearest parcel 69m away (> 60m)
2129,PINE GROVE LN,,401,25.4,nearest non-residential (401)
3707,KNIGHTSWAY LN,,403,105.4,nearest parcel 105m away (> 60m)
2590,SUMMERWAY CT,,403,5.7,nearest non-residential (403)
5479,RED BIRD CT,,402,13.4,nearest non-residential (402)
5633,HIBERNIA DR,A,403,96.3,nearest parcel 96m away (> 60m)
3739,NOAM CT,,403,63.2,nearest parcel 63m away (> 60m)
2173,SOFT WIND CT,,403,90.1,nearest parcel 90m away (> 60m)
3851,MAUMEE BAY WAY,,680,50.0,nearest non-residential (680)
3947,KIMBERLY PKWY N,,403,89.4,nearest parcel 89m away (> 60m)
3299,WINTER LANE PARK,,510,93.7,nearest parcel 94m away (> 60m)
5475,LONSDALE PL S,,401,38.8,nearest non-residential (401)
5490,DUNFIELD LN,,403,49.1,nearest non-residential (403)
5496,DUNFIELD LN,5,403,61.2,nearest parcel 61m away (> 60m)
5746,HIBERNIA DR,C,403,63.3,nearest parcel 63m away (> 60m)
1754,LONSDALE PL E,UNIT D,403,75.3,nearest parcel 75m away (> 60m)
3982,LAUREL LN,,403,59.4,nearest non-residential (403)
2278,MUIRWOOD DR,,403,85.9,nearest parcel 86m away (> 60m)
5539,CANTARA PL,2,403,25.5,nearest non-residential (403)
2250,MUIRWOOD DR,,403,24.2,nearest non-residential (403)
2313,SEVILLE AVE,,403,84.1,nearest parcel 84m away (> 60m)
2207,SEVILLE AVE,,403,135.1,nearest parcel 135m away (> 60m)
2746,EASTLAND MALL,UNIT A,427,63.1,nearest parcel 63m away (> 60m)
3470,WALNUT DR,,400,36.4,nearest non-residential (400)
2160,RIVERDALE SQ W,,625,48.8,nearest non-residential (625)
3700,BUCKMAN ST,,500,19.8,nearest=vacant land
3626,RIVERDALE SQ,,403,96.1,nearest parcel 96m away (> 60m)
5583,HIBERNIA DR,C,510,62.2,nearest parcel 62m away (> 60m)
3760,BUCKMAN ST,,500,2.2,nearest=vacant land
2616,BIRCHTREE WAY,,403,90.9,nearest parcel 91m away (> 60m)
3718,WESTPOINT DR,UNIT 3,600,51.0,nearest non-residential (600)
2231,COURTSIDE DR,H,400,38.8,nearest non-residential (400)
3745,EMRICK CT,,403,21.0,nearest non-residential (403)
3740,EMRICK CT,,403,37.7,nearest non-residential (403)
3742,EMRICK CT,,403,33.0,nearest non-residential (403)
3756,RIVERCREEK BAY WAY,,510,67.2,nearest parcel 67m away (> 60m)
3696,KIDRON CT,,350,99.7,nearest parcel 100m away (> 60m)
5664,HIBERNIA DR,B,403,61.3,nearest parcel 61m away (> 60m)
3353,WINTER LANE PARK,,510,66.0,nearest parcel 66m away (> 60m)
3363,WINTER LANE PARK,,510,91.8,nearest parcel 92m away (> 60m)
5430,LONSDALE PL S,UNIT A,403,61.4,nearest parcel 61m away (> 60m)
3700,SOFT WIND DR,,403,34.0,nearest non-residential (403)
3753,SOFT WIND DR,,520,70.4,nearest parcel 70m away (> 60m)
5720,HIBERNIA DR,C,690,80.4,nearest parcel 80m away (> 60m)
3416,WINTER LANE PARK,,403,52.2,nearest non-residential (403)
5746,HIBERNIA DR,,403,64.3,nearest parcel 64m away (> 60m)
2437,CHELSEA CT,,550,68.7,nearest parcel 69m away (> 60m)
2054,SUNSHINE PL,,403,31.1,nearest non-residential (403)
5498,LONSDALE PL N,,403,93.2,nearest parcel 93m away (> 60m)
5508,E LIVINGSTON AVE,,,31.8,nearest non-residential ()
5536,DUNFIELD LN,5,403,20.0,nearest non-residential (403)
4071,ROLLS ROYCE CT,,520,104.3,nearest parcel 104m away (> 60m)
2246,MUIRWOOD DR,,403,24.5,nearest non-residential (403)
4113,JENERA PL,,403,73.2,nearest parcel 73m away (> 60m)
3393,SUFFIELD,,510,88.2,nearest parcel 88m away (> 60m)
1919,BAIRSFORD DR,,403,38.2,nearest non-residential (403)
2293,SEVILLE AVE,,403,55.8,nearest non-residential (403)
2316,SEVILLE AVE,,403,69.7,nearest parcel 70m away (> 60m)
4240,EASTLAND SQUARE DR,,422,116.9,nearest parcel 117m away (> 60m)
2721,EASTLAND MALL,UNIT A,427,49.7,nearest non-residential (427)
5650,SARANAC DR,,403,47.1,nearest non-residential (403)
4469,REFUGEE RD,,422,76.5,nearest parcel 76m away (> 60m)
3290,YOZURI DR,,510,65.1,nearest parcel 65m away (> 60m)
5588,MILLERSFIELD DR,,403,39.2,nearest non-residential (403)
2849,CITIZENS PL,A,442,74.8,nearest parcel 75m away (> 60m)
2817,CITIZENS PL,H,403,84.8,nearest parcel 85m away (> 60m)
4511,S HAMILTON RD,,685,61.5,nearest parcel 62m away (> 60m)
2828,CITIZENS PL,H,403,55.2,nearest non-residential (403)
2094,S HAMILTON RD,,411,13.4,nearest non-residential (411)
5623,ALSHIRE RD,,492,61.1,nearest parcel 61m away (> 60m)
5742,SARANAC DR,,511,63.8,nearest parcel 64m away (> 60m)
222,CHANTRY DR,,447,15.6,nearest non-residential (447)
376,CHANTRY DR,,447,15.6,nearest non-residential (447)
2801,MARWOOD CT,D,403,50.9,nearest non-residential (403)
4583,ISINGTON CT,D,685,132.7,nearest parcel 133m away (> 60m)
2758,TENNYSON BLVD,,403,104.9,nearest parcel 105m away (> 60m)
2503,SHORE BLVD E,,122,139.4,nearest parcel 139m away (> 60m)
2845,ROCKFORD LN,,403,85.9,nearest parcel 86m away (> 60m)
2881,TENNYSON BLVD,114,403,133.6,nearest parcel 134m away (> 60m)
2445,SHORE BLVD E,G,403,92.3,nearest parcel 92m away (> 60m)
2371,SHORE BLVD E,E,403,144.1,nearest parcel 144m away (> 60m)
4646,HEBRIDES DR,A,403,112.0,nearest parcel 112m away (> 60m)
118,CHANTRY DR,,447,15.6,nearest non-residential (447)
666,CHANTRY DR,,447,15.6,nearest non-residential (447)
236,CHANTRY DR,,447,15.6,nearest non-residential (447)
480,CHANTRY DR,,447,15.6,nearest non-residential (447)
4630,HILTON CORPORATE DR,210,411,91.8,nearest parcel 92m away (> 60m)
1281,MCNAUGHTEN RD,UNIT L,403,84.8,nearest parcel 85m away (> 60m)
6303,MCNAUGHTEN CT,,425,46.0,nearest non-residential (425)
6549,MCNAUGHTEN CT,,425,46.0,nearest non-residential (425)
6749,MCNAUGHTEN CT,,425,46.0,nearest non-residential (425)
2772,BRANDY DR,202,403,66.6,nearest parcel 67m away (> 60m)
6001,ABERNATHY LN,,,24.9,nearest non-residential ()
2771,BERWICK SQ,,403,26.1,nearest non-residential (403)
1856,NOE-BIXBY RD,,660,64.1,nearest parcel 64m away (> 60m)
2063,LAKE CLUB TER,,403,31.4,nearest non-residential (403)
2902,TUPPENCE DR,,510,61.2,nearest parcel 61m away (> 60m)
1918,OLDE COVENTRY RD E,,510,77.5,nearest parcel 77m away (> 60m)
2470,FOREST GREEN CT,,400,85.5,nearest parcel 85m away (> 60m)
5165,CEDAR DR,H,,24.7,nearest non-residential ()
2353,HAMILTON RD,,425,14.2,nearest non-residential (425)
5561,AUTUMN CHASE DR,,411,58.5,nearest non-residential (411)
2825,CITIZENS PL,A,403,75.6,nearest parcel 76m away (> 60m)
2852,CITIZENS PL,D,403,88.7,nearest parcel 89m away (> 60m)
2828,CITIZENS PL,G,403,55.1,nearest non-residential (403)
2646,CHAPPEL CHASE,,403,75.2,nearest parcel 75m away (> 60m)
5675,BAIRSFORD CIR N,9,403,25.0,nearest non-residential (403)
2153,S JAMES RD,,351,23.8,nearest non-residential (351)
2159,S JAMES RD,,351,18.7,nearest non-residential (351)
4585,ISINGTON CT,A,403,143.4,nearest parcel 143m away (> 60m)
4599,MONMOUTH CT,209,403,72.4,nearest parcel 72m away (> 60m)
4579,LAKE SIDE S,,122,91.0,nearest parcel 91m away (> 60m)
2445,SHORE BLVD E,A,403,104.2,nearest parcel 104m away (> 60m)
4659,REFUGEE RD,3D,403,92.6,nearest parcel 93m away (> 60m)
578,CHANTRY DR,,447,15.6,nearest non-residential (447)
170,CHANTRY DR,,447,15.6,nearest non-residential (447)
178,CHANTRY DR,,447,15.6,nearest non-residential (447)
406,CHANTRY DR,,447,15.6,nearest non-residential (447)
1307,YORKLAND RD,UNIT,,27.2,nearest non-residential ()
6559,MCNAUGHTEN CT,,425,46.0,nearest non-residential (425)
6643,MCNAUGHTEN CT,,425,46.0,nearest non-residential (425)
6345,MCNAUGHTEN CT,,425,46.0,nearest non-residential (425)
6263,MCNAUGHTEN CT,,425,46.0,nearest non-residential (425)
4790,ROLLINGBROOK LN,A,403,26.5,nearest non-residential (403)
5908,CHATFORD DR,,449,112.2,nearest parcel 112m away (> 60m)
1984,FOUNTAINVIEW CT,D,403,63.6,nearest parcel 64m away (> 60m)
1887,FOUNTAINVIEW CT,,403,67.7,nearest parcel 68m away (> 60m)
2084,LAKE CLUB TER,,447,46.2,nearest non-residential (447)
3180,ELIM MANOR CT,112,591,13.7,nearest non-residential (591)
2056,SEPICH LN,,480,57.1,nearest non-residential (480)
5165,CEDAR DR,D,,20.2,nearest non-residential ()
5167,CEDAR DR,H,,7.9,nearest non-residential ()
5457,RED BIRD CT,,402,43.5,nearest non-residential (402)
3777,BUCKMAN ST,,500,11.7,nearest=vacant land
3710,DAWN CT,,403,43.0,nearest non-residential (403)
3714,DAWN CT,,403,52.7,nearest non-residential (403)
2332,PETZINGER CT,,403,51.7,nearest non-residential (403)
3764,KIMBERLY WEST DR,,403,49.0,nearest non-residential (403)
3744,EMRICK CT,,403,28.3,nearest non-residential (403)
3686,SOFT WIND DR,,403,17.9,nearest non-residential (403)
5636,HIBERNIA DR,A,403,33.7,nearest non-residential (403)
5440,LONSDALE PL S,UNIT B,403,46.5,nearest non-residential (403)
5673,HIBERNIA DR,,510,74.3,nearest parcel 74m away (> 60m)
5497,CHATTERTON RD,,510,61.8,nearest parcel 62m away (> 60m)
5462,LONSDALE PL N,UNIT C,403,52.6,nearest non-residential (403)
5481,E LIVINGSTON AVE,UNIT B,426,82.1,nearest parcel 82m away (> 60m)
5467,CHATFORD SQ,,403,80.2,nearest parcel 80m away (> 60m)
5465,CHATFORD SQ,,403,72.3,nearest parcel 72m away (> 60m)
5522,DUNFIELD LN,6,403,13.6,nearest non-residential (403)
5525,CANTARA PL,2,403,12.1,nearest non-residential (403)
5530,DUNFIELD LN,,403,21.9,nearest non-residential (403)
2106,MUIRWOOD DR,,400,134.3,nearest parcel 134m away (> 60m)
4109,JENERA PL,,403,81.6,nearest parcel 82m away (> 60m)
2441,CORVETTE CT,,680,93.8,nearest parcel 94m away (> 60m)
2428,CORVETTE CT,,403,80.1,nearest parcel 80m away (> 60m)
2371,MERCEDES LN,,403,77.2,nearest parcel 77m away (> 60m)
2278,SEVILLE AVE,,403,11.2,nearest non-residential (403)
5545,CANTARA PL,2,403,39.8,nearest non-residential (403)
5751,HIBERNIA DR,,403,36.2,nearest non-residential (403)
5507,CHATFORD SQ,,403,74.4,nearest parcel 74m away (> 60m)
4315,DONLYN CT,,447,9.2,nearest non-residential (447)
2849,CITIZENS PL,E,442,76.7,nearest parcel 77m away (> 60m)
2828,CITIZENS PL,A,403,50.4,nearest non-residential (403)
2828,CITIZENS PL,D,403,53.6,nearest non-residential (403)
2828,CITIZENS PL,C,403,53.4,nearest non-residential (403)
5682,SARANAC DR,,403,56.2,nearest non-residential (403)
2797,MARWOOD CT,C,403,70.1,nearest parcel 70m away (> 60m)
2733,TENNYSON BLVD,B,403,164.4,nearest parcel 164m away (> 60m)
4540,LAKE SIDE N,C,400,163.5,nearest parcel 164m away (> 60m)
4572,ISINGTON CT,,403,83.7,nearest parcel 84m away (> 60m)
2802,MARWOOD CT,B,403,28.8,nearest non-residential (403)
4596,CHANNING TER,,403,142.0,nearest parcel 142m away (> 60m)
420,CHANTRY DR,,447,15.6,nearest non-residential (447)
566,CHANTRY DR,,447,15.6,nearest non-residential (447)
2576,SILVER OAK DR,,403,65.2,nearest parcel 65m away (> 60m)
4611,REFUGEE RD,2D,403,89.7,nearest parcel 90m away (> 60m)
2881,THOREAU CT,,403,55.2,nearest non-residential (403)
2877,THOREAU CT,,403,62.4,nearest parcel 62m away (> 60m)
4671,REFUGEE RD,1E,403,24.4,nearest non-residential (403)
4665,REFUGEE RD,1E,403,77.4,nearest parcel 77m away (> 60m)
4667,REFUGEE RD,2C,403,33.8,nearest non-residential (403)
4630,HILTON CORPORATE DR,314,411,80.2,nearest parcel 80m away (> 60m)
1303,YORKLAND RD,UNIT,,44.5,nearest non-residential ()
5684,SPRUCE TREE DR,,403,16.2,nearest non-residential (403)
4650,HILTON CORPORATE DR,114,484,78.3,nearest parcel 78m away (> 60m)
5755,GREENPINE ST,,400,126.5,nearest parcel 127m away (> 60m)
6147,MCNAUGHTEN CT,,425,46.0,nearest non-residential (425)
6245,MCNAUGHTEN CT,,425,46.0,nearest non-residential (425)
6399,MCNAUGHTEN CT,,425,46.0,nearest non-residential (425)
6541,MCNAUGHTEN CT,,425,46.0,nearest non-residential (425)
5935,MORRISSEY ST,,,20.0,nearest non-residential ()
2788,GROSSE POINT,,403,70.7,nearest parcel 71m away (> 60m)
3330,TRADAN DR,,403,44.4,nearest non-residential (403)
3338,TRADAN DR,,403,67.4,nearest parcel 67m away (> 60m)
4803,ROLLINGBROOK LN,B,403,41.3,nearest non-residential (403)
4946,OLDE COVENTRY RD W,,403,95.1,nearest parcel 95m away (> 60m)
1879,FOUNTAINVIEW CT,E,899,67.5,nearest parcel 68m away (> 60m)
2093,LAKE CLUB TER,D,400,76.5,nearest parcel 76m away (> 60m)
6002,LAKE CLUB CT,E,403,149.0,nearest parcel 149m away (> 60m)
4997,COVENTRY DR,,403,92.6,nearest parcel 93m away (> 60m)
2096,PINE GROVE LN,,403,25.7,nearest non-residential (403)
2043,PINE GROVE LN,,401,51.3,nearest non-residential (401)
6019,LAKE CLUB CT,,430,115.7,nearest parcel 116m away (> 60m)
3667,RIVERDALE SQ,,403,45.1,nearest non-residential (403)
5121,CEDAR DR,A,,26.6,nearest non-residential ()
3647,RIVERDALE SQ,,625,46.5,nearest non-residential (625)
3721,BIRCHTREE LN,,403,91.9,nearest parcel 92m away (> 60m)
2133,COURTRIGHT RD,,403,13.3,nearest non-residential (403)
3769,KIMBERLY WEST DR,UNIT 4,403,71.5,nearest parcel 72m away (> 60m)
3729,KIMBERLY PKWY N,,550,93.3,nearest parcel 93m away (> 60m)
3733,KIMBERLY PKWY N,,550,84.5,nearest parcel 84m away (> 60m)
3839,RIVERCREEK BAY WAY,,403,63.0,nearest parcel 63m away (> 60m)
5381,YORKSHIRE TERRACE DR,6A,403,76.2,nearest parcel 76m away (> 60m)
2808,BANWICK RD,,351,91.7,nearest parcel 92m away (> 60m)
5660,HIBERNIA DR,C,403,57.2,nearest non-residential (403)
2098,SUNSHINE PL,,400,64.1,nearest parcel 64m away (> 60m)
2158,SUNSHINE PL,,403,105.7,nearest parcel 106m away (> 60m)
2124,MUIRWOOD DR,,400,138.4,nearest parcel 138m away (> 60m)
5420,LONSDALE PL N,UNIT A,401,30.2,nearest non-residential (401)
3380,WINTER LANE PARK,,403,17.3,nearest non-residential (403)
4090,JENERA PL,,403,30.9,nearest non-residential (403)
5549,CHANTRY DR,,495,30.4,nearest non-residential (495)
5533,HUTCHINSTONE RD,,495,89.3,nearest parcel 89m away (> 60m)
1782,BAIRSFORD DR,,403,50.8,nearest non-residential (403)
2502,EASTERN PINE RD,,403,132.3,nearest parcel 132m away (> 60m)
5885,SHANA DR,,400,54.4,nearest non-residential (400)
1464,ABRAHAM WOODS,,,15.9,nearest non-residential ()
6257,MCNAUGHTEN CT,,425,46.0,nearest non-residential (425)
6433,MCNAUGHTEN CT,,425,46.0,nearest non-residential (425)
5880,CHATFORD DR,F,403,42.7,nearest non-residential (403)
1968,FOUNTAINVIEW CT,,403,102.9,nearest parcel 103m away (> 60m)
3318,TRADAN DR,,403,20.5,nearest non-residential (403)
3362,TRADAN DR,,400,43.1,nearest non-residential (400)
4962,COVENTRY CT S,,660,95.1,nearest parcel 95m away (> 60m)
1915,CHANNINGWAY CENTER DR,,422,56.0,nearest non-residential (422)
5081,CEDAR DR,H,,19.6,nearest non-residential ()
3728,BIRCHTREE LN,,403,82.1,nearest parcel 82m away (> 60m)
2121,COURTRIGHT RD,,403,32.3,nearest non-residential (403)
5551,HIBERNIA DR,,640,84.5,nearest parcel 84m away (> 60m)
2602,BIRCHTREE WAY,,403,81.0,nearest parcel 81m away (> 60m)
2622,BIRCHTREE CT,,403,49.9,nearest non-residential (403)
2527,COURTRIGHT RD,,402,60.9,nearest parcel 61m away (> 60m)
2338,RANDY CT,,403,67.7,nearest parcel 68m away (> 60m)
3711,FRANCINE CT,,403,42.0,nearest non-residential (403)
3711,CHARBERT CT,,403,48.8,nearest non-residential (403)
3598,ARIEL DR,,403,25.4,nearest non-residential (403)
3590,ARIEL DR,,403,18.9,nearest non-residential (403)
3774,WESTPOINT DR,UNIT 2,403,50.4,nearest non-residential (403)
1734,LONSDALE RD,UNIT D,401,33.0,nearest non-residential (401)
5453,LONSDALE PL N,UNIT B,403,18.1,nearest non-residential (403)
5453,LONSDALE PL N,UNIT D,403,11.4,nearest non-residential (403)
5490,DUNFIELD LN,3,403,53.7,nearest non-residential (403)
5502,DUNFIELD LN,,403,61.7,nearest parcel 62m away (> 60m)
5758,HIBERNIA DR,A,403,39.8,nearest non-residential (403)
5788,HIBERNIA DR,,403,55.8,nearest non-residential (403)
2276,MUIRWOOD DR,,403,81.5,nearest parcel 82m away (> 60m)
2199,SEVILLE AVE,,481,140.5,nearest parcel 141m away (> 60m)
4080,GROVES RD,,640,130.3,nearest parcel 130m away (> 60m)
5743,HIBERNIA DR,C,403,54.3,nearest non-residential (403)
1813,BAIRSFORD DR,1K,403,23.9,nearest non-residential (403)
5599,AUTUMN CHASE DR,,411,39.8,nearest non-residential (411)
2341,HAMILTON RD,,425,14.2,nearest non-residential (425)
4422,CROSSROADS CENTER,,426,55.7,nearest non-residential (426)
2564,S HAMILTON RD,,425,57.0,nearest non-residential (425)
2824,CITIZENS PL,E,403,6.3,nearest non-residential (403)
2826,CITIZENS PL,H,403,35.1,nearest non-residential (403)
2748,CITIZENS PL,H,403,142.5,nearest parcel 143m away (> 60m)
476,CHANTRY DR,,447,15.6,nearest non-residential (447)
2817,WYMAN CT,A,403,55.2,nearest non-residential (403)
2755,TENNYSON BLVD,B,403,100.7,nearest parcel 101m away (> 60m)
2731,TENNYSON BLVD,A,481,158.6,nearest parcel 159m away (> 60m)
4576,MANDEVILLE CT,D,685,86.1,nearest parcel 86m away (> 60m)
4585,MONMOUTH CT,D,403,80.0,nearest parcel 80m away (> 60m)
2501,SHORE BLVD E,I,403,144.0,nearest parcel 144m away (> 60m)
2481,SHORE BLVD E,I,403,114.4,nearest parcel 114m away (> 60m)
4578,LAKE SIDE N,,351,171.2,nearest parcel 171m away (> 60m)
4524,HILTON CORPORATE DR,,400,127.3,nearest parcel 127m away (> 60m)
2899,TENNYSON BLVD,B,685,116.7,nearest parcel 117m away (> 60m)
2530,SILVER OAK DR,,403,88.2,nearest parcel 88m away (> 60m)
5665,MAPLE TREE LN,,403,69.1,nearest parcel 69m away (> 60m)
5693,MAPLE TREE LN,,403,82.0,nearest parcel 82m away (> 60m)
1281,MCNAUGHTEN RD,UNIT M,403,87.9,nearest parcel 88m away (> 60m)
3261,ELIM MANOR CT,,591,10.3,nearest non-residential (591)
2881,TENNYSON BLVD,209,403,129.4,nearest parcel 129m away (> 60m)
4659,REFUGEE RD,3E,403,86.4,nearest parcel 86m away (> 60m)
4668,FENIMORE CT,,403,75.5,nearest parcel 75m away (> 60m)
2092,PINE GROVE LN,,403,19.5,nearest non-residential (403)
1870,COVENTRY CT,B,403,63.5,nearest parcel 63m away (> 60m)
1850,COVENTRY LN,,403,47.6,nearest non-residential (403)
2480,FOREST GREEN CT,,640,86.2,nearest parcel 86m away (> 60m)
5095,CEDAR DR,K,,22.8,nearest non-residential ()
5141,CEDAR DR,J,,23.8,nearest non-residential ()
2608,SUMMERWAY CT,,403,35.0,nearest non-residential (403)
3569,ARIEL DR,,403,43.9,nearest non-residential (403)
3725,KIMBERLY WEST DR,UNIT 6,600,73.4,nearest parcel 73m away (> 60m)
5202,CEDAR DR,H,,4.9,nearest non-residential ()
5200,CEDAR DR,B,,26.1,nearest non-residential ()
3770,WESTPOINT DR,UNIT 2,403,36.9,nearest non-residential (403)
3710,KIDRON CT,,403,95.4,nearest parcel 95m away (> 60m)
2194,SOFT WIND CT,,403,102.0,nearest parcel 102m away (> 60m)
5579,HIBERNIA DR,A,510,63.8,nearest parcel 64m away (> 60m)
5607,HIBERNIA DR,B,510,76.2,nearest parcel 76m away (> 60m)
5535,HIBERNIA DR,C,640,74.0,nearest parcel 74m away (> 60m)
5539,HIBERNIA DR,A,640,61.5,nearest parcel 62m away (> 60m)
5427,YORKSHIRE TERRACE DR,2A,403,21.6,nearest non-residential (403)
3939,KIMBERLY PKWY N,,403,92.9,nearest parcel 93m away (> 60m)
2168,SUNSHINE PL,,403,84.6,nearest parcel 85m away (> 60m)
3367,WINTER LANE PARK,,403,90.3,nearest parcel 90m away (> 60m)
5440,LONSDALE PL S,UNIT A,403,51.0,nearest non-residential (403)
3410,WINTER LANE PARK,,403,41.5,nearest non-residential (403)
3334,WINTER LANE PARK,,403,67.0,nearest parcel 67m away (> 60m)
5448,LONSDALE PL S,UNIT A,403,26.8,nearest non-residential (403)
5738,HIBERNIA DR,A,403,70.9,nearest parcel 71m away (> 60m)
5747,HIBERNIA DR,C,403,36.2,nearest non-residential (403)
2236,MUIRWOOD DR,,403,15.4,nearest non-residential (403)
2740,EASTLAND MALL,,427,57.4,nearest non-residential (427)
2734,EASTLAND MALL,,427,51.3,nearest non-residential (427)
4293,DONLYN CT,,447,27.3,nearest non-residential (447)
2781,S HAMILTON RD,,454,140.9,nearest parcel 141m away (> 60m)
4293,EASTLAND SQUARE DR,,422,94.5,nearest parcel 94m away (> 60m)
2849,CITIZENS PL,C,442,72.3,nearest parcel 72m away (> 60m)
2809,CITIZENS PL,F,403,97.4,nearest parcel 97m away (> 60m)
2572,S HAMILTON RD,,425,57.0,nearest non-residential (425)
2788,CITIZENS PL,F,403,50.0,nearest non-residential (403)
2780,CITIZENS PL,H,403,94.8,nearest parcel 95m away (> 60m)
2774,CITIZENS PL,E,403,124.2,nearest parcel 124m away (> 60m)
4491,LAKE SIDE S,B,456,106.9,nearest parcel 107m away (> 60m)
4491,LAKE SIDE S,C,456,106.8,nearest parcel 107m away (> 60m)
32,CHANTRY DR,,447,15.6,nearest non-residential (447)
5593,CHANTRY DR,,447,69.6,nearest parcel 70m away (> 60m)
2400,PARK CRESCENT,,340,23.3,nearest non-residential (340)
1795,CHANNINGWAY CT W,,403,68.6,nearest parcel 69m away (> 60m)
5859,YORKLAND CT,UNIT,,15.2,nearest non-residential ()
2832,WYMAN CT,C,403,63.2,nearest parcel 63m away (> 60m)
2870,WOOLWICH CT,208,685,109.2,nearest parcel 109m away (> 60m)
2483,SHORE BLVD E,,403,129.4,nearest parcel 129m away (> 60m)
4609,REFUGEE RD,2I,403,77.3,nearest parcel 77m away (> 60m)
4615,WORDSWORTH CT,B,403,58.4,nearest non-residential (403)
2844,ROCKFORD LN,,403,94.4,nearest parcel 94m away (> 60m)
4596,LAKE SIDE N,,351,164.2,nearest parcel 164m away (> 60m)
1281,MCNAUGHTEN RD,UNIT P,403,99.1,nearest parcel 99m away (> 60m)
4635,COLERIDGE CT,,403,21.5,nearest non-residential (403)
4630,HILTON CORPORATE DR,312,411,84.5,nearest parcel 84m away (> 60m)
4630,HILTON CORPORATE DR,101,411,113.9,nearest parcel 114m away (> 60m)
4650,HILTON CORPORATE DR,310,484,70.2,nearest parcel 70m away (> 60m)
5742,GREENPINE ST,,400,118.9,nearest parcel 119m away (> 60m)
6629,MCNAUGHTEN CT,,425,46.0,nearest non-residential (425)
6521,MCNAUGHTEN CT,,425,46.0,nearest non-residential (425)
5880,CHATFORD DR,,403,35.4,nearest non-residential (403)
1988,FOUNTAINVIEW CT,I,403,72.3,nearest parcel 72m away (> 60m)
5942,SHANA DR,,499,54.0,nearest non-residential (499)
5892,CHATFORD DR,,403,92.2,nearest parcel 92m away (> 60m)
6003,LAKE CLUB SQ,,403,60.6,nearest parcel 61m away (> 60m)
2813,BERWICK SQ,,403,7.6,nearest non-residential (403)
2789,BERWICK SQ,,403,37.1,nearest non-residential (403)
3180,ELIM MANOR CT,208,591,22.6,nearest non-residential (591)
3462,PETZINGER RD,,480,56.4,nearest non-residential (480)
4782,REFUGEE RD,D,458,41.8,nearest non-residential (458)
3722,NOAM CT,,403,87.1,nearest parcel 87m away (> 60m)
3725,KIMBERLY WEST DR,,600,77.7,nearest parcel 78m away (> 60m)
2207,COURTSIDE DR,E,400,12.5,nearest non-residential (400)
2193,DURANT AVE,,403,66.4,nearest parcel 66m away (> 60m)
2193,SOFT WIND CT,,403,50.1,nearest non-residential (403)
5547,HIBERNIA DR,C,640,84.4,nearest parcel 84m away (> 60m)
1737,LONSDALE RD,,401,17.7,nearest non-residential (401)
5620,HIBERNIA DR,,403,51.9,nearest non-residential (403)
5644,HIBERNIA DR,,403,26.2,nearest non-residential (403)
5430,LONSDALE PL S,UNIT D,401,71.4,nearest parcel 71m away (> 60m)
2142,SUNSHINE PL,,400,118.3,nearest parcel 118m away (> 60m)
4010,REFUGEE RD,,501,27.7,nearest=vacant land
4109,ALVADA ST,,403,51.6,nearest non-residential (403)
5645,HIBERNIA DR,C,403,91.9,nearest parcel 92m away (> 60m)
5498,LONSDALE PL N,UNIT C,403,90.6,nearest parcel 91m away (> 60m)
1935,BAIRSFORD DR,,403,12.9,nearest non-residential (403)
1915,BAIRSFORD DR,,403,31.8,nearest non-residential (403)
1889,BAIRSFORD DR,,520,61.0,nearest parcel 61m away (> 60m)
1561,CABORA LN,,403,43.4,nearest non-residential (403)
4274,GROVES RD,,351,106.0,nearest parcel 106m away (> 60m)
2884,S HAMILTON RD,,467,82.9,nearest parcel 83m away (> 60m)
2845,CITIZENS PL,H,499,78.5,nearest parcel 78m away (> 60m)
2802,CITIZENS PL,A,403,40.1,nearest non-residential (403)
2246,S HAMILTON RD,203,447,54.9,nearest non-residential (447)
2242,S HAMILTON RD,100,447,37.6,nearest non-residential (447)
5694,SARANAC DR,,520,69.0,nearest parcel 69m away (> 60m)
5675,BAIRSFORD CIR N,17,403,10.6,nearest non-residential (403)
4601,REFUGEE RD,3I,403,52.1,nearest non-residential (403)
264,CHANTRY DR,,447,15.6,nearest non-residential (447)
564,CHANTRY DR,,447,15.6,nearest non-residential (447)
212,CHANTRY DR,,447,15.6,nearest non-residential (447)
256,CHANTRY DR,,447,15.6,nearest non-residential (447)
2563,SILVER OAK DR,,455,108.5,nearest parcel 109m away (> 60m)
4611,REFUGEE RD,1F,403,88.3,nearest parcel 88m away (> 60m)
2843,ROCKFORD LN,,403,77.2,nearest parcel 77m away (> 60m)
2361,SHORE BLVD E,D,403,180.3,nearest parcel 180m away (> 60m)
4622,HEBRIDES DR,C,403,116.1,nearest parcel 116m away (> 60m)
5861,YORKLAND CT,UNIT,,15.0,nearest non-residential ()
5786,SARANAC DR,,403,46.8,nearest non-residential (403)
1285,YORKLAND RD,UNIT F,403,32.9,nearest non-residential (403)
6661,MCNAUGHTEN CT,,425,46.0,nearest non-residential (425)
5919,SHANA DR,,403,2.4,nearest non-residential (403)
5848,CHATFORD DR,,403,19.6,nearest non-residential (403)
2764,BRANDY DR,204,403,59.6,nearest non-residential (403)
4776,REFUGEE RD,CATV,458,33.3,nearest non-residential (458)
5912,CHATFORD DR,C,449,113.4,nearest parcel 113m away (> 60m)
2108,LAKE CLUB TER,,447,30.4,nearest non-residential (447)
2907,SHILLING DR,,403,32.7,nearest non-residential (403)
2778,GROSSE POINT,,403,103.9,nearest parcel 104m away (> 60m)
4950,OLDE COVENTRY RD W,,403,104.8,nearest parcel 105m away (> 60m)
2085,PINE GROVE LN,,401,36.6,nearest non-residential (401)
3511,WATKINS RD,,511,103.1,nearest parcel 103m away (> 60m)
3665,RIVERDALE SQ,,625,37.7,nearest non-residential (625)
2623,BIRCHTREE CT,,403,55.4,nearest non-residential (403)
3752,SOFT WIND DR,,340,127.5,nearest parcel 127m away (> 60m)
2226,SUNSHINE PL,,520,70.3,nearest parcel 70m away (> 60m)
5381,YORKSHIRE TERRACE DR,5C,550,77.3,nearest parcel 77m away (> 60m)
5617,HIBERNIA DR,B,510,90.3,nearest parcel 90m away (> 60m)
2200,MUIRWOOD DR,,403,50.9,nearest non-residential (403)
4103,ALVADA ST,,403,58.4,nearest non-residential (403)
2214,SEVILLE AVE,,403,97.6,nearest parcel 98m away (> 60m)
1734,LONSDALE RD,UNIT C,401,33.3,nearest non-residential (401)
5665,HIBERNIA DR,,510,67.6,nearest parcel 68m away (> 60m)
3376,WINTER LANE PARK,,403,29.6,nearest non-residential (403)
3339,WINTER LANE PARK,,510,78.5,nearest parcel 79m away (> 60m)
5484,DUNFIELD LN,4,403,51.9,nearest non-residential (403)
3621,HAMILTON RD,,435,30.2,nearest non-residential (435)
5693,HIBERNIA DR,,510,87.1,nearest parcel 87m away (> 60m)
5754,HIBERNIA DR,C,403,36.1,nearest non-residential (403)
2523,FRANKSWAY ST,,436,97.8,nearest parcel 98m away (> 60m)
2859,CITIZENS PL,C,670,108.5,nearest parcel 108m away (> 60m)
2865,CITIZENS PL,F,670,83.5,nearest parcel 83m away (> 60m)
2788,CITIZENS PL,E,403,57.2,nearest non-residential (403)
2757,TENNYSON BLVD,,403,103.2,nearest parcel 103m away (> 60m)
2724,TENNYSON BLVD,C,481,142.6,nearest parcel 143m away (> 60m)
1947,BAIRSFORD DR,,403,41.3,nearest non-residential (403)
1925,BAIRSFORD DR,,403,20.5,nearest non-residential (403)
4599,REFUGEE RD,1C,403,52.9,nearest non-residential (403)
2943,TENNYSON BLVD,B,455,115.6,nearest parcel 116m away (> 60m)
2447,SHORE BLVD E,B,403,79.2,nearest parcel 79m away (> 60m)
4607,REFUGEE RD,3B,403,60.5,nearest parcel 61m away (> 60m)
4611,REFUGEE RD,2F,403,85.7,nearest parcel 86m away (> 60m)
2907,TENNYSON BLVD,B,685,117.6,nearest parcel 118m away (> 60m)
5587,AUTUMN CHASE DR,A,411,42.1,nearest non-residential (411)
3160,WEBSTER DR,,685,59.1,nearest non-residential (685)
3150,WEBSTER DR,,467,65.5,nearest parcel 65m away (> 60m)
2445,SHORE BLVD E,F,403,83.8,nearest parcel 84m away (> 60m)
4580,LAKE SIDE N,C,351,174.7,nearest parcel 175m away (> 60m)
4640,GROVES RD,,353,48.2,nearest non-residential (353)
4671,REFUGEE RD,3A,403,14.9,nearest non-residential (403)
4669,REFUGEE RD,1H,403,6.0,nearest non-residential (403)
4665,REFUGEE RD,3E,403,70.7,nearest parcel 71m away (> 60m)
2874,MERRYMOUNT CT,D,403,146.4,nearest parcel 146m away (> 60m)
5600,MILLERSFIELD DR,,403,29.3,nearest non-residential (403)
5689,E LIVINGSTON AVE,,400,66.0,nearest parcel 66m away (> 60m)
2650,CHAPPEL CHASE,,403,70.9,nearest parcel 71m away (> 60m)
5625,ALSHIRE RD,,492,59.1,nearest non-residential (492)
3174,WEBSTER DR,,685,38.1,nearest non-residential (685)
570,CHANTRY DR,,447,15.6,nearest non-residential (447)
548,CHANTRY DR,,447,15.6,nearest non-residential (447)
534,CHANTRY DR,,447,15.6,nearest non-residential (447)
1781,CHANNINGWAY CT W,,403,59.2,nearest non-residential (403)
3274,TRADAN DR,,403,88.2,nearest parcel 88m away (> 60m)
3686,FARTHING LN,,403,10.5,nearest non-residential (403)
1285,YORKLAND RD,,403,35.1,nearest non-residential (403)
5878,YORKLAND CT,UNIT N,403,57.4,nearest non-residential (403)
2786,GROSSE POINT,,403,83.7,nearest parcel 84m away (> 60m)
3180,ELIM MANOR CT,107,591,19.1,nearest non-residential (591)
4792,LARAINE CT,102,403,39.2,nearest non-residential (403)
5841,MAPLE TREE LN,,403,188.8,nearest parcel 189m away (> 60m)
6101,MCNAUGHTEN CENTER,,425,24.2,nearest non-residential (425)
6331,MCNAUGHTEN CT,,425,46.0,nearest non-residential (425)
6391,MCNAUGHTEN CT,,425,46.0,nearest non-residential (425)
6691,MCNAUGHTEN CT,,425,46.0,nearest non-residential (425)
1895,COVENTRY CT,,403,70.1,nearest parcel 70m away (> 60m)
5840,CHATFORD DR,E,899,68.8,nearest parcel 69m away (> 60m)
5884,CHATFORD DR,H,403,64.5,nearest parcel 64m away (> 60m)
5888,CHATFORD DR,D,403,69.1,nearest parcel 69m away (> 60m)
5016,COVENTRY DR,C,403,6.6,nearest non-residential (403)
1894,COVENTRY CT,D,403,58.7,nearest non-residential (403)
5908,CHATFORD DR,A,449,99.3,nearest parcel 99m away (> 60m)
5980,LAKE CLUB SQ,G,403,68.4,nearest parcel 68m away (> 60m)
1950,FOUNTAINVIEW CT,B,403,115.6,nearest parcel 116m away (> 60m)
3724,NOAM CT,,403,84.8,nearest parcel 85m away (> 60m)
5119,CEDAR DR,C,,8.8,nearest non-residential ()
2812,BANWICK RD,,351,109.9,nearest parcel 110m away (> 60m)
3712,KIMBERLY WEST DR,,403,51.1,nearest non-residential (403)
3718,DAWN CT,,403,62.3,nearest parcel 62m away (> 60m)
3739,KIMBERLY WEST DR,UNIT 5,403,64.6,nearest parcel 65m away (> 60m)
3756,WESTPOINT DR,UNIT 2,403,32.7,nearest non-residential (403)
2361,CANAL BAY WAY,,403,49.0,nearest non-residential (403)
3706,SOFT WIND DR,,403,53.2,nearest non-residential (403)
3984,SOLDIER ST,,500,37.7,nearest=vacant land
3726,SOFT WIND DR,,520,106.6,nearest parcel 107m away (> 60m)
1888,NOE-BIXBY RD,,403,85.4,nearest parcel 85m away (> 60m)
1916,OLDE COVENTRY RD E,,403,73.3,nearest parcel 73m away (> 60m)
3618,RIVERDALE SQ,,511,89.9,nearest parcel 90m away (> 60m)
1858,COVENTRY LN,B,403,40.6,nearest non-residential (403)
3711,BUCKMAN ST,,500,10.6,nearest=vacant land
3711,KNIGHTSWAY LN,,403,89.4,nearest parcel 89m away (> 60m)
2038,COURTRIGHT RD,,685,144.0,nearest parcel 144m away (> 60m)
3699,REFUGEE RD,,500,39.3,nearest=vacant land
3760,WESTPOINT DR,,403,27.3,nearest non-residential (403)
3680,MENDON PL,,403,77.6,nearest parcel 78m away (> 60m)
3694,KIDRON CT,,350,100.4,nearest parcel 100m away (> 60m)
3780,WESTPOINT DR,UNIT 1,403,54.9,nearest non-residential (403)
5415,YORKSHIRE TERRACE DR,4A,403,12.8,nearest non-residential (403)
4101,ALVADA ST,,403,53.0,nearest non-residential (403)
2312,SEVILLE AVE,,403,73.3,nearest parcel 73m away (> 60m)
5484,LONSDALE PL N,,403,70.2,nearest parcel 70m away (> 60m)
5766,HIBERNIA DR,,403,58.1,nearest non-residential (403)
4173,CADILLAC CT,,417,113.0,nearest parcel 113m away (> 60m)
2753,EASTLAND MALL,,427,110.5,nearest parcel 110m away (> 60m)
5530,DUNFIELD LN,5,403,12.1,nearest non-residential (403)
2023,BAIRSFORD DR,2A,520,91.3,nearest parcel 91m away (> 60m)
4265,EASTLAND SQUARE DR,,422,62.6,nearest parcel 63m away (> 60m)
2315,HAMILTON RD,,425,14.2,nearest non-residential (425)
5591,AUTUMN CHASE DR,B,411,35.8,nearest non-residential (411)
2809,CITIZENS PL,B,403,97.3,nearest parcel 97m away (> 60m)
2796,CITIZENS PL,H,403,52.9,nearest non-residential (403)
2828,CITIZENS PL,B,403,50.2,nearest non-residential (403)
2743,TENNYSON BLVD,B,403,133.7,nearest parcel 134m away (> 60m)
2726,TENNYSON BLVD,D,481,147.7,nearest parcel 148m away (> 60m)
2870,WOOLWICH CT,200,685,88.2,nearest parcel 88m away (> 60m)
4584,LAKE SIDE N,,351,164.5,nearest parcel 165m away (> 60m)
2618,CHAPPEL CHASE,,403,85.2,nearest parcel 85m away (> 60m)
260,CHANTRY DR,,447,15.6,nearest non-residential (447)
332,CHANTRY DR,,447,15.6,nearest non-residential (447)
5855,YORKLAND CT,UNIT,,14.6,nearest non-residential ()
4617,REFUGEE RD,1D,403,0.7,nearest non-residential (403)
2907,TENNYSON BLVD,D,685,122.1,nearest parcel 122m away (> 60m)
4615,REFUGEE RD,3E,403,56.9,nearest non-residential (403)
4628,HEBRIDES DR,A,403,120.5,nearest parcel 120m away (> 60m)
1804,CHANNINGWAY CT W,,403,31.6,nearest non-residential (403)
1289,YORKLAND RD,UNIT I,403,14.5,nearest non-residential (403)
5880,YORKLAND CT,UNIT H,,21.6,nearest non-residential ()
4757,GROVES RD,,500,16.5,nearest=vacant land
5705,SPRUCE TREE DR,,403,73.9,nearest parcel 74m away (> 60m)
5709,SPRUCE TREE DR,,403,86.1,nearest parcel 86m away (> 60m)
5767,SPRUCE TREE DR,,400,153.7,nearest parcel 154m away (> 60m)
5825,MAPLE TREE LN,,454,165.8,nearest parcel 166m away (> 60m)
5816,CHATFORD DR,G,899,98.0,nearest parcel 98m away (> 60m)
5816,CHATFORD DR,I,899,106.7,nearest parcel 107m away (> 60m)
6020,BATHEREST CIR,,400,43.2,nearest non-residential (400)
6093,MCNAUGHTEN CENTER,,425,40.8,nearest non-residential (425)
6531,MCNAUGHTEN CT,,425,46.0,nearest non-residential (425)
6429,MCNAUGHTEN CT,,425,46.0,nearest non-residential (425)
5832,CHATFORD DR,,403,19.6,nearest non-residential (403)
5916,CHATFORD DR,E,449,136.6,nearest parcel 137m away (> 60m)
3180,ELIM MANOR CT,210,591,24.2,nearest non-residential (591)
5900,CHATFORD DR,I,449,110.5,nearest parcel 110m away (> 60m)
1907,FOUNTAINVIEW CT,,403,69.9,nearest parcel 70m away (> 60m)
2023,LAKE CLUB TER,,400,53.8,nearest non-residential (400)
2021,LAKE CLUB TER,,400,52.2,nearest non-residential (400)
3310,TRADAN DR,,403,11.5,nearest non-residential (403)
3364,TRADAN DR,,400,45.3,nearest non-residential (400)
2012,SEPICH LN,,480,56.5,nearest non-residential (480)
2626,NOE-BIXBY RD,C,458,51.6,nearest non-residential (458)
2336,NOE-BIXBY RD,,500,26.1,nearest=vacant land
4802,ROLLINGBROOK LN,C,403,22.9,nearest non-residential (403)
3259,ELIM MANOR CT,,591,10.8,nearest non-residential (591)
5896,CHATFORD DR,C,403,100.9,nearest parcel 101m away (> 60m)
1984,FOUNTAINVIEW CT,B,403,70.7,nearest parcel 71m away (> 60m)
1902,FOUNTAINVIEW CT,,441,107.4,nearest parcel 107m away (> 60m)
1881,CHANNINGWAY CENTER DR,,422,27.5,nearest non-residential (422)
1814,NOE-BIXBY RD,UNIT C,510,64.9,nearest parcel 65m away (> 60m)
2080,PINE GROVE LN,,403,40.2,nearest non-residential (403)
5081,CEDAR DR,C,,18.4,nearest non-residential ()
5119,CEDAR DR,L,,18.9,nearest non-residential ()
3251,WEBSTER DR,,480,66.7,nearest parcel 67m away (> 60m)
2281,MUIRWOOD DR,,400,31.7,nearest non-residential (400)
2259,MUIRWOOD DR,,400,17.4,nearest non-residential (400)
1759,LONSDALE RD,,401,15.2,nearest non-residential (401)
5415,YORKSHIRE TERRACE DR,5B,403,19.2,nearest non-residential (403)
5427,YORKSHIRE TERRACE DR,5C,403,30.5,nearest non-residential (403)
3357,WINTER LANE PARK,,510,83.1,nearest parcel 83m away (> 60m)
5424,LONSDALE PL N,UNIT C,439,21.3,nearest non-residential (439)
3712,BUCKMAN ST,,500,2.1,nearest=vacant land
4248,GROVES RD,,640,63.0,nearest parcel 63m away (> 60m)
4154,REFUGEE RD,,454,117.3,nearest parcel 117m away (> 60m)
3285,WINTER LANE PARK,,510,85.3,nearest parcel 85m away (> 60m)
5496,DUNFIELD LN,6,403,65.1,nearest parcel 65m away (> 60m)
5716,HIBERNIA DR,C,690,84.2,nearest parcel 84m away (> 60m)
2393,CANAL BAY WAY,,403,41.3,nearest non-residential (403)
2211,SOFT WIND CT,,403,60.3,nearest parcel 60m away (> 60m)
5443,CHATFORD SQ,,403,48.0,nearest non-residential (403)
5743,HIBERNIA DR,A,403,53.1,nearest non-residential (403)
3310,SUFFIELD,,510,63.7,nearest parcel 64m away (> 60m)
5491,CHATFORD SQ,,403,93.1,nearest parcel 93m away (> 60m)
2253,MUIRWOOD DR,,400,8.6,nearest non-residential (400)
2181,MUIRWOOD DR,,400,115.4,nearest parcel 115m away (> 60m)
4097,JENERA PL,,403,73.7,nearest parcel 74m away (> 60m)
2227,SEVILLE AVE,,403,97.6,nearest parcel 98m away (> 60m)
2228,SEVILLE AVE,,403,66.2,nearest parcel 66m away (> 60m)
2849,CITIZENS PL,D,442,72.5,nearest parcel 72m away (> 60m)
2799,MARWOOD CT,B,403,58.4,nearest non-residential (403)
4505,LAKE SIDE N,C,400,115.8,nearest parcel 116m away (> 60m)
4304,GROVES RD,,351,129.5,nearest parcel 130m away (> 60m)
4617,REFUGEE RD,2A,403,23.0,nearest non-residential (403)
2878,TENNYSON BLVD,,403,95.2,nearest parcel 95m away (> 60m)
4590,LAKE SIDE N,I,351,145.3,nearest parcel 145m away (> 60m)
4646,HEBRIDES DR,C,403,115.9,nearest parcel 116m away (> 60m)
2594,CHAPPEL CHASE,,403,80.0,nearest parcel 80m away (> 60m)
5685,BAIRSFORD CIR N,11,403,31.1,nearest non-residential (403)
5734,SARANAC DR,,511,69.8,nearest parcel 70m away (> 60m)
62,CHANTRY DR,,447,15.6,nearest non-residential (447)
592,CHANTRY DR,,447,15.6,nearest non-residential (447)
634,CHANTRY DR,,447,15.6,nearest non-residential (447)
670,CHANTRY DR,,447,15.6,nearest non-residential (447)
2849,CITIZENS PL,G,442,70.9,nearest parcel 71m away (> 60m)
4615,HILTON CORPORATE DR,,400,79.6,nearest parcel 80m away (> 60m)
4667,REFUGEE RD,1C,403,34.7,nearest non-residential (403)
4630,HILTON CORPORATE DR,111,411,88.1,nearest parcel 88m away (> 60m)
4630,HILTON CORPORATE DR,204,484,119.5,nearest parcel 119m away (> 60m)
5663,MAPLE TREE LN,,403,76.0,nearest parcel 76m away (> 60m)
1762,CHANNINGWAY CT W,,403,43.0,nearest non-residential (403)
1289,YORKLAND RD,UNIT O,403,20.5,nearest non-residential (403)
2786,CITIZENS PL,H,403,60.8,nearest parcel 61m away (> 60m)
4520,LAKE SIDE S,C,425,146.8,nearest parcel 147m away (> 60m)
4540,LAKE SIDE N,A,400,155.7,nearest parcel 156m away (> 60m)
4597,REFUGEE RD,2F,403,48.8,nearest non-residential (403)
1281,MCNAUGHTEN RD,UNIT K,403,81.0,nearest parcel 81m away (> 60m)
3298,JOSHSTOCK DR,,,18.3,nearest non-residential ()
5779,SPRUCE TREE DR,,400,151.6,nearest parcel 152m away (> 60m)
5896,SHANA DR,,403,61.4,nearest parcel 61m away (> 60m)
6437,MCNAUGHTEN CT,,425,46.0,nearest non-residential (425)
4615,REFUGEE RD,2B,403,38.6,nearest non-residential (403)
4657,REFUGEE RD,1I,403,67.1,nearest parcel 67m away (> 60m)
4650,HEBRIDES DR,,403,114.3,nearest parcel 114m away (> 60m)
1957,FOUNTAINVIEW CT,,403,24.7,nearest non-residential (403)
4630,HILTON CORPORATE DR,308,411,94.4,nearest parcel 94m away (> 60m)
4650,HILTON CORPORATE DR,118,484,84.1,nearest parcel 84m away (> 60m)
3814,SOFT WIND DR,,403,27.7,nearest non-residential (403)
3949,KIMBERLY PKWY N,,403,89.2,nearest parcel 89m away (> 60m)
3979,KIMBERLY PKWY N,,401,5.0,nearest non-residential (401)
2134,SUNSHINE PL,,400,110.2,nearest parcel 110m away (> 60m)
5673,HIBERNIA DR,C,510,64.9,nearest parcel 65m away (> 60m)
5916,CHATFORD DR,F,449,139.2,nearest parcel 139m away (> 60m)
1923,FOUNTAINVIEW CT,,403,31.3,nearest non-residential (403)
1914,FOUNTAINVIEW CT,,403,85.7,nearest parcel 86m away (> 60m)
2039,LAKE CLUB TER,,403,40.7,nearest non-residential (403)
2029,LAKE CLUB TER,,400,48.9,nearest non-residential (400)
5981,LAKE CLUB SQ,D,403,52.4,nearest non-residential (403)
5980,LAKE CLUB SQ,A,403,71.0,nearest parcel 71m away (> 60m)
2201,MUIRWOOD DR,,400,88.1,nearest parcel 88m away (> 60m)
4087,JENERA PL,,403,68.5,nearest parcel 68m away (> 60m)
3336,WINTER LANE PARK,,403,63.3,nearest parcel 63m away (> 60m)
5448,LONSDALE PL S,UNIT D,403,17.6,nearest non-residential (403)
5502,DUNFIELD LN,1,403,64.2,nearest parcel 64m away (> 60m)
4245,DONLYN CT,,447,50.9,nearest non-residential (447)
4301,DONLYN CT,,447,26.4,nearest non-residential (447)
5751,HIBERNIA DR,A,403,40.7,nearest non-residential (403)
3336,SUFFIELD,,510,69.2,nearest parcel 69m away (> 60m)
1993,BAIRSFORD DR,,520,67.1,nearest parcel 67m away (> 60m)
2599,S HAMILTON RD,,425,37.2,nearest non-residential (425)
2317,HAMILTON RD,,425,14.2,nearest non-residential (425)
1787,BAIRSFORD CIR W,,403,52.5,nearest non-residential (403)
5568,AUTUMN CHASE DR,A,411,71.4,nearest parcel 71m away (> 60m)
2791,CITIZENS PL,C,403,116.3,nearest parcel 116m away (> 60m)
5559,CHATFORD DR,,403,52.6,nearest non-residential (403)
1776,BAIRSFORD DR,,403,47.5,nearest non-residential (403)
2238,S HAMILTON RD,101,454,35.4,nearest non-residential (454)
4491,LAKE SIDE S,H,400,120.1,nearest parcel 120m away (> 60m)
4558,MANDEVILLE CT,B,685,70.4,nearest parcel 70m away (> 60m)
2638,CHAPPEL CHASE,,403,84.5,nearest parcel 85m away (> 60m)
5685,BAIRSFORD CIR N,15,403,32.4,nearest non-residential (403)
510,CHANTRY DR,,447,15.6,nearest non-residential (447)
2826,WYMAN CT,,403,50.3,nearest non-residential (403)
2870,WOOLWICH CT,109,685,110.3,nearest parcel 110m away (> 60m)
2760,TENNYSON BLVD,C,403,95.3,nearest parcel 95m away (> 60m)
4611,REFUGEE RD,3A,403,64.9,nearest parcel 65m away (> 60m)
2899,TENNYSON BLVD,D,685,121.8,nearest parcel 122m away (> 60m)
4594,ISINGTON CT,201,403,115.0,nearest parcel 115m away (> 60m)
2371,SHORE BLVD E,D,403,157.9,nearest parcel 158m away (> 60m)
1783,CHANNINGWAY CT E,,499,32.2,nearest non-residential (499)
5381,YORKSHIRE TERRACE DR,3A,550,61.6,nearest parcel 62m away (> 60m)
5567,HIBERNIA DR,,510,89.1,nearest parcel 89m away (> 60m)
4619,REFUGEE RD,2F,403,78.9,nearest parcel 79m away (> 60m)
5773,SPRUCE TREE DR,,400,146.1,nearest parcel 146m away (> 60m)
5445,LONSDALE PL N,,403,36.4,nearest non-residential (403)
3188,WEBSTER DR,,685,54.8,nearest non-residential (685)
5826,CHATFORD DR,,403,19.6,nearest non-residential (403)
5880,CHATFORD DR,D,403,35.9,nearest non-residential (403)
1995,FOUNTAINVIEW CT,,403,89.7,nearest parcel 90m away (> 60m)
1987,FOUNTAINVIEW CT,,403,74.7,nearest parcel 75m away (> 60m)
1961,FOUNTAINVIEW CT,,403,35.5,nearest non-residential (403)
5484,LONSDALE PL N,UNIT B,403,70.7,nearest parcel 71m away (> 60m)
2186,ROTUNDA DR,,500,22.5,nearest=vacant land
4788,ROLLINGBROOK LN,D,403,44.5,nearest non-residential (403)
4815,ROLLINGBROOK LN,C,510,60.1,nearest parcel 60m away (> 60m)
1935,OLDE COVENTRY RD,,401,76.5,nearest parcel 76m away (> 60m)
5900,CHATFORD DR,E,449,115.3,nearest parcel 115m away (> 60m)
2106,LAKE CLUB TER,,447,41.3,nearest non-residential (447)
5995,LAKE CLUB SQ,,403,52.8,nearest non-residential (403)
1950,FOUNTAINVIEW CT,A,403,108.1,nearest parcel 108m away (> 60m)
5593,CHATTERTON RD,,425,33.6,nearest non-residential (425)
5489,CHATFORD SQ,,403,99.1,nearest parcel 99m away (> 60m)
2023,BAIRSFORD DR,2C,520,83.3,nearest parcel 83m away (> 60m)
3350,TRADAN DR,,400,73.1,nearest parcel 73m away (> 60m)
1913,OLDE COVENTRY RD E,,403,26.5,nearest non-residential (403)
1901,OLDE COVENTRY RD E,,403,56.5,nearest non-residential (403)
5030,COVENTRY DR,D,403,42.6,nearest non-residential (403)
1852,COVENTRY LN,,403,46.3,nearest non-residential (403)
1853,BAIRSFORD DR,,520,62.0,nearest parcel 62m away (> 60m)
5566,AUTUMN CHASE DR,A,411,66.2,nearest parcel 66m away (> 60m)
5570,AUTUMN CHASE DR,,411,55.8,nearest non-residential (411)
3264,PETZINGER RD,,370,26.5,nearest non-residential (370)
5079,CEDAR DR,A,,27.9,nearest non-residential ()
3606,RIVERDALE SQ,,511,64.1,nearest parcel 64m away (> 60m)
5670,SARANAC DR,,403,39.0,nearest non-residential (403)
554,CHANTRY DR,,447,15.6,nearest non-residential (447)
3641,RIVERDALE SQ,,625,33.1,nearest non-residential (625)
5141,CEDAR DR,E,,16.4,nearest non-residential ()
5202,CEDAR DR,J,,21.7,nearest non-residential ()
474,CHANTRY DR,,447,15.6,nearest non-residential (447)
588,CHANTRY DR,,447,15.6,nearest non-residential (447)
40,CHANTRY DR,,447,15.6,nearest non-residential (447)
2344,PETZINGER CT,,640,61.3,nearest parcel 61m away (> 60m)
2231,COURTSIDE DR,A,400,32.5,nearest non-residential (400)
3759,KIMBERLY WEST DR,UNIT 5,403,55.0,nearest non-residential (403)
3748,RIVERCREEK BAY WAY,,403,78.2,nearest parcel 78m away (> 60m)
3682,MENDON PL,,403,78.5,nearest parcel 79m away (> 60m)
5463,RED BIRD CT,,402,30.5,nearest non-residential (402)
1774,CHANNINGWAY CT W,,403,37.3,nearest non-residential (403)
1764,CHANNINGWAY CT W,,499,45.6,nearest non-residential (499)
2365,CANAL BAY WAY,,403,43.8,nearest non-residential (403)
3733,SOFT WIND DR,,403,70.0,nearest parcel 70m away (> 60m)
5524,HIBERNIA DR,,640,56.5,nearest non-residential (640)
1713,LONSDALE RD,,401,7.9,nearest non-residential (401)
6407,MCNAUGHTEN CT,,425,46.0,nearest non-residential (425)
6765,MCNAUGHTEN CT,,425,46.0,nearest non-residential (425)
4611,REFUGEE RD,1E,403,90.6,nearest parcel 91m away (> 60m)
4657,REFUGEE RD,3I,403,63.9,nearest parcel 64m away (> 60m)
4676,FENIMORE CT,,403,104.6,nearest parcel 105m away (> 60m)
5728,GREENPINE ST,,400,108.8,nearest parcel 109m away (> 60m)
1528,ABRAHAM WOODS,,,1.6,nearest non-residential ()
2495,COURTRIGHT RD,,401,26.0,nearest non-residential (401)
3714,KIMBERLY PKWY N,,403,53.7,nearest non-residential (403)
3744,WESTPOINT DR,,403,61.3,nearest parcel 61m away (> 60m)
3760,WESTPOINT DR,UNIT 6,403,30.3,nearest non-residential (403)
2395,HUDSON BAY WAY,,550,99.2,nearest parcel 99m away (> 60m)
4767,HILTON CORPORATE DR,,447,38.8,nearest non-residential (447)
5858,CHATFORD DR,C,403,33.9,nearest non-residential (403)
5880,CHATFORD DR,B,403,38.2,nearest non-residential (403)
1915,FOUNTAINVIEW CT,,403,47.2,nearest non-residential (403)
3677,MENDON PL,,520,78.6,nearest parcel 79m away (> 60m)
3685,KIDRON CT,,403,95.4,nearest parcel 95m away (> 60m)
3711,SOFT WIND DR,,403,29.6,nearest non-residential (403)
2899,TUPPENCE DR,,403,41.3,nearest non-residential (403)
2790,BERWICK SQ,,403,47.8,nearest non-residential (403)
6005,LAKE CLUB CT,,403,122.1,nearest parcel 122m away (> 60m)
6034,LAKE CLUB CT,,449,102.0,nearest parcel 102m away (> 60m)
3915,MAUMEE BAY WAY,,510,116.0,nearest parcel 116m away (> 60m)
3796,SOFT WIND DR,,403,70.3,nearest parcel 70m away (> 60m)
2886,CHARLES RIVER WAY,,500,32.9,nearest=vacant land
3951,MAUMEE BAY WAY,,510,77.9,nearest parcel 78m away (> 60m)
2740,BRANDY DR,201,403,41.2,nearest non-residential (403)
3645,RIVERDALE SQ,,625,41.0,nearest non-residential (625)
3650,RIVERDALE SQ,,403,71.9,nearest parcel 72m away (> 60m)
3717,BUCKMAN ST,,500,12.1,nearest=vacant land
4958,OLDE COVENTRY RD W,,403,118.0,nearest parcel 118m away (> 60m)
4979,COVENTRY CT S,,403,120.9,nearest parcel 121m away (> 60m)
2484,FOREST GREEN CT,,401,78.2,nearest parcel 78m away (> 60m)
5123,CEDAR DR,M,,12.3,nearest non-residential ()
2626,BIRCHTREE WAY,,403,77.0,nearest parcel 77m away (> 60m)
2336,RANDY CT,,403,70.8,nearest parcel 71m away (> 60m)
3718,WESTPOINT DR,UNIT 1,600,51.0,nearest non-residential (600)
2616,COURTRIGHT RD,,403,68.3,nearest parcel 68m away (> 60m)
3763,KIMBERLY WEST DR,UNIT 2,403,64.1,nearest parcel 64m away (> 60m)
3688,SOFT WIND DR,,403,19.1,nearest non-residential (403)
3735,SOFT WIND DR,,403,70.2,nearest parcel 70m away (> 60m)
3736,SOFT WIND DR,,403,113.0,nearest parcel 113m away (> 60m)
3939,MAUMEE BAY WAY,,510,89.7,nearest parcel 90m away (> 60m)
5401,LONSDALE PL S,UNIT B,401,40.3,nearest non-residential (401)
5418,LONSDALE PL S,UNIT C,401,58.3,nearest non-residential (401)
5424,LONSDALE PL N,UNIT A,439,24.0,nearest non-residential (439)
5450,E LIVINGSTON AVE,,425,10.1,nearest non-residential (425)
4075,ROLLS ROYCE CT,,520,120.7,nearest parcel 121m away (> 60m)
2311,MUIRWOOD DR,,520,63.5,nearest parcel 63m away (> 60m)
5460,LONSDALE PL S,UNIT C,403,19.7,nearest non-residential (403)
1759,LONSDALE PL E,UNIT B,403,34.1,nearest non-residential (403)
5484,LONSDALE PL N,UNIT C,403,75.0,nearest parcel 75m away (> 60m)
5484,DUNFIELD LN,6,403,55.1,nearest non-residential (403)
2230,MUIRWOOD DR,,403,13.2,nearest non-residential (403)
2236,SEVILLE AVE,,403,57.8,nearest non-residential (403)
5490,DUNFIELD LN,6,403,59.2,nearest non-residential (403)
5534,E LIVINGSTON AVE,,426,33.9,nearest non-residential (426)
3142,WEBSTER DR,,685,82.6,nearest parcel 83m away (> 60m)
2726,EASTLAND MALL,,427,19.7,nearest non-residential (427)
4257,EASTLAND SQUARE DR,,422,72.8,nearest parcel 73m away (> 60m)
4248,EASTLAND SQUARE DR,,422,120.4,nearest parcel 120m away (> 60m)
4271,EASTLAND FOOD CT,,427,99.3,nearest parcel 99m away (> 60m)
4333,DONLYN CT,,447,19.2,nearest non-residential (447)
4305,EASTLAND SQUARE DR,,422,114.7,nearest parcel 115m away (> 60m)
3308,SUFFIELD,,510,64.0,nearest parcel 64m away (> 60m)
2847,CITIZENS PL,B,499,52.6,nearest non-residential (499)
1813,BAIRSFORD DR,1D,403,23.8,nearest non-residential (403)
2802,GROSSE POINT,,403,37.0,nearest non-residential (403)
2865,CITIZENS PL,H,670,91.2,nearest parcel 91m away (> 60m)
2784,CITIZENS PL,G,403,65.0,nearest parcel 65m away (> 60m)
5696,SARANAC DR,,520,68.1,nearest parcel 68m away (> 60m)
2735,TENNYSON BLVD,B,403,151.2,nearest parcel 151m away (> 60m)
4564,MANDEVILLE CT,A,685,63.7,nearest parcel 64m away (> 60m)
4579,HEMINGWAY CT,A,685,100.0,nearest parcel 100m away (> 60m)
4579,MONMOUTH CT,,403,75.4,nearest parcel 75m away (> 60m)
2820,WYMAN CT,A,403,31.5,nearest non-residential (403)
2778,TENNYSON BLVD,B,403,62.4,nearest parcel 62m away (> 60m)
2499,SHORE BLVD E,,403,148.0,nearest parcel 148m away (> 60m)
5661,CHANTRY DR,,340,72.7,nearest parcel 73m away (> 60m)
2642,CHAPPEL CHASE,,403,80.1,nearest parcel 80m away (> 60m)
500,CHANTRY DR,,447,15.6,nearest non-residential (447)
358,CHANTRY DR,,447,15.6,nearest non-residential (447)
584,CHANTRY DR,,447,15.6,nearest non-residential (447)
5633,CHANTRY DR,,447,62.0,nearest parcel 62m away (> 60m)
2665,SILVER OAK DR,,403,124.3,nearest parcel 124m away (> 60m)
4563,HEMINGWAY CT,C,685,69.2,nearest parcel 69m away (> 60m)
4586,ISINGTON CT,205,403,96.7,nearest parcel 97m away (> 60m)
2765,TENNYSON BLVD,D,403,104.2,nearest parcel 104m away (> 60m)
2787,NEWCASTLE CT,,403,68.9,nearest parcel 69m away (> 60m)
4545,LAKE SIDE S,G,122,76.6,nearest parcel 77m away (> 60m)
2477,SHORE BLVD E,,403,122.1,nearest parcel 122m away (> 60m)
2487,SHORE BLVD E,,403,131.5,nearest parcel 131m away (> 60m)
2401,SHORE BLVD E,A,403,68.4,nearest parcel 68m away (> 60m)
4564,LAKE SIDE N,,351,165.0,nearest parcel 165m away (> 60m)
4607,REFUGEE RD,1B,403,65.2,nearest parcel 65m away (> 60m)
4594,ISINGTON CT,200,403,119.5,nearest parcel 120m away (> 60m)
1779,CHANNINGWAY CT E,,499,25.5,nearest non-residential (499)
2812,TENNYSON BLVD,B,403,60.5,nearest parcel 60m away (> 60m)
2361,SHORE BLVD E,H,403,159.5,nearest parcel 160m away (> 60m)
4560,HILTON CORPORATE DR,,411,73.4,nearest parcel 73m away (> 60m)
4663,REFUGEE RD,2C,403,79.6,nearest parcel 80m away (> 60m)
2891,MERRYMOUNT CT,A,403,97.4,nearest parcel 97m away (> 60m)
4639,HILTON CORPORATE DR,,670,45.6,nearest non-residential (670)
4630,HILTON CORPORATE DR,106,411,104.5,nearest parcel 105m away (> 60m)
6659,MCNAUGHTEN CT,,425,46.0,nearest non-residential (425)
6307,MCNAUGHTEN CT,,425,46.0,nearest non-residential (425)
5888,CHATFORD DR,C,403,69.6,nearest parcel 70m away (> 60m)
5900,CHATFORD DR,,449,119.3,nearest parcel 119m away (> 60m)
1956,FOUNTAINVIEW CT,,403,112.4,nearest parcel 112m away (> 60m)
2125,PINE GROVE LN,,401,35.2,nearest non-residential (401)
5123,CEDAR DR,K,,16.6,nearest non-residential ()
2355,RANDY CT,,403,55.0,nearest non-residential (403)
3731,KIMBERLY WEST DR,UNIT 5,403,85.2,nearest parcel 85m away (> 60m)
3725,FRANCINE CT,,403,77.7,nearest parcel 78m away (> 60m)
2581,COURTRIGHT RD,,403,28.7,nearest non-residential (403)
3710,CHARBERT CT,,403,76.3,nearest parcel 76m away (> 60m)
2261,PETZINGER CT,,420,69.2,nearest parcel 69m away (> 60m)
3759,KIMBERLY WEST DR,UNIT 2,403,56.7,nearest non-residential (403)
3746,EMRICK CT,,403,24.0,nearest non-residential (403)
3685,MENDON PL,,520,67.1,nearest parcel 67m away (> 60m)
3807,RIVERCREEK BAY WAY,,510,64.6,nearest parcel 65m away (> 60m)
3945,KIMBERLY PKWY N,,403,89.8,nearest parcel 90m away (> 60m)
1743,LONSDALE RD,B,401,20.9,nearest non-residential (401)
2164,MUIRWOOD DR,,403,113.6,nearest parcel 114m away (> 60m)
2445,CORVETTE CT,,680,104.1,nearest parcel 104m away (> 60m)
2296,SEVILLE AVE,,403,36.9,nearest non-residential (403)
2242,SEVILLE AVE,,403,60.3,nearest parcel 60m away (> 60m)
3335,WINTER LANE PARK,,510,93.7,nearest parcel 94m away (> 60m)
5475,LONSDALE PL S,UNIT B,401,40.4,nearest non-residential (401)
5521,CANTARA PL,1,403,30.7,nearest non-residential (403)
1556,APPLETON CT,,403,15.9,nearest non-residential (403)
2714,EASTLAND MALL,UNIT A,427,51.6,nearest non-residential (427)
5488,CHATFORD SQ,,403,6.8,nearest non-residential (403)
4283,KIMBERLY PKWY,,443,4.0,nearest non-residential (443)
1811,BAIRSFORD DR,2C,403,33.5,nearest non-residential (403)
4515,LAKE SIDE N,D,400,141.4,nearest parcel 141m away (> 60m)
4520,LAKE SIDE N,B,400,122.1,nearest parcel 122m away (> 60m)
4544,LAKE SIDE N,,400,163.7,nearest parcel 164m away (> 60m)
4599,REFUGEE RD,1D,403,51.6,nearest non-residential (403)
4552,MANDEVILLE CT,D,685,79.9,nearest parcel 80m away (> 60m)
2743,EASTLAND MALL,,427,62.0,nearest parcel 62m away (> 60m)
4211,DONLYN CT,,447,78.4,nearest parcel 78m away (> 60m)
4220,EASTLAND FOOD CT,,427,40.4,nearest non-residential (427)
5566,AUTUMN CHASE DR,B,411,67.7,nearest parcel 68m away (> 60m)
4297,EASTLAND SQUARE DR,,422,98.9,nearest parcel 99m away (> 60m)
2307,HAMILTON RD,,425,14.2,nearest non-residential (425)
5529,HUTCHINSTONE RD,,354,90.8,nearest parcel 91m away (> 60m)
5690,SARANAC DR,,403,73.5,nearest parcel 74m away (> 60m)
5673,E LIVINGSTON AVE,,403,55.2,nearest non-residential (403)
2859,CITIZENS PL,H,403,106.8,nearest parcel 107m away (> 60m)
2826,CITIZENS PL,E,403,28.9,nearest non-residential (403)
2826,CITIZENS PL,A,403,30.3,nearest non-residential (403)
2844,CITIZENS PL,F,403,72.5,nearest parcel 73m away (> 60m)
2788,CITIZENS PL,G,403,48.5,nearest non-residential (403)
4491,LAKE SIDE S,F,456,123.2,nearest parcel 123m away (> 60m)
2827,WYMAN CT,D,403,78.0,nearest parcel 78m away (> 60m)
2450,PARK CRESCENT,,429,15.5,nearest non-residential (429)
5911,LITTLE BROOK WAY,,409,23.2,nearest non-residential (409)
254,CHANTRY DR,,447,15.6,nearest non-residential (447)
120,CHANTRY DR,,447,15.6,nearest non-residential (447)
64,CHANTRY DR,,447,15.6,nearest non-residential (447)
44,CHANTRY DR,,447,15.6,nearest non-residential (447)
4601,REFUGEE RD,1H,403,64.9,nearest parcel 65m away (> 60m)
4593,REFUGEE RD,2E,403,70.1,nearest parcel 70m away (> 60m)
4545,LAKE SIDE S,A,122,85.9,nearest parcel 86m away (> 60m)
4617,REFUGEE RD,2E,403,15.4,nearest non-residential (403)
4597,REFUGEE RD,2H,403,31.9,nearest non-residential (403)
4593,REFUGEE RD,1J,403,64.7,nearest parcel 65m away (> 60m)
4621,REFUGEE RD,1D,403,58.8,nearest non-residential (403)
1289,YORKLAND RD,UNIT H,403,22.3,nearest non-residential (403)
2881,TENNYSON BLVD,203,403,121.4,nearest parcel 121m away (> 60m)
2865,THOREAU CT,D,403,82.7,nearest parcel 83m away (> 60m)
2942,NATHANIEL BLVD,b,403,108.4,nearest parcel 108m away (> 60m)
2902,MERRYMOUNT CT,C,403,121.2,nearest parcel 121m away (> 60m)
2866,MERRYMOUNT CT,C,403,167.5,nearest parcel 168m away (> 60m)
4650,HILTON CORPORATE DR,116,484,80.3,nearest parcel 80m away (> 60m)
1281,MCNAUGHTEN RD,UNIT F,403,85.9,nearest parcel 86m away (> 60m)
1281,MCNAUGHTEN RD,UNIT N,403,91.5,nearest parcel 92m away (> 60m)
2504,EASTERN PINE RD,,403,139.8,nearest parcel 140m away (> 60m)
1554,ABRAHAM WOODS,,,18.5,nearest non-residential ()
6018,BATHEREST CIR,,400,41.7,nearest non-residential (400)
6215,MCNAUGHTEN CT,,425,46.0,nearest non-residential (425)
6449,MCNAUGHTEN CT,,425,46.0,nearest non-residential (425)
6151,MCNAUGHTEN CT,,425,46.0,nearest non-residential (425)
6511,MCNAUGHTEN CT,,425,46.0,nearest non-residential (425)
6627,MCNAUGHTEN CT,,425,46.0,nearest non-residential (425)
5866,CHATFORD DR,,403,19.6,nearest non-residential (403)
5864,CHATFORD DR,C,403,20.7,nearest non-residential (403)
1988,FOUNTAINVIEW CT,H,403,82.7,nearest parcel 83m away (> 60m)
2875,SHILLING DR,,403,73.6,nearest parcel 74m away (> 60m)
1970,FOUNTAINVIEW CT,,403,100.3,nearest parcel 100m away (> 60m)
2496,SCARBOROUGH SQ,3,425,50.0,nearest non-residential (425)
1966,FOUNTAINVIEW CT,,403,105.0,nearest parcel 105m away (> 60m)
6002,LAKE CLUB CT,C,449,149.9,nearest parcel 150m away (> 60m)
1932,FOUNTAINVIEW CT,,403,98.4,nearest parcel 98m away (> 60m)
3324,TRADAN DR,,403,38.8,nearest non-residential (403)
2720,BRANDY DR,103,458,56.2,nearest non-residential (458)
1924,OLDE COVENTRY RD E,,510,64.2,nearest parcel 64m away (> 60m)
3565,REFUGEE RD,,467,12.9,nearest non-residential (467)
5097,CEDAR DR,M,,12.6,nearest non-residential ()
2143,RIVERDALE SQ E,,625,10.5,nearest non-residential (625)
3655,RIVERDALE SQ,,403,51.9,nearest non-residential (403)
3913,GROVES RD,,685,7.3,nearest non-residential (685)
3795,BUCKMAN ST,,500,15.2,nearest=vacant land
3730,WESTPOINT DR,UNIT 6,403,84.2,nearest parcel 84m away (> 60m)
3731,KIMBERLY WEST DR,,403,90.3,nearest parcel 90m away (> 60m)
2318,PETZINGER CT,,403,29.8,nearest non-residential (403)
5393,YORKSHIRE TERRACE DR,1C,403,45.8,nearest non-residential (403)
3985,PENNIMAN ST,,501,51.8,nearest=vacant land
3855,MAUMEE BAY WAY,,680,54.2,nearest non-residential (680)
1759,LONSDALE RD,D,401,10.4,nearest non-residential (401)
1744,LONSDALE RD,UNIT B,401,33.6,nearest non-residential (401)
5664,HIBERNIA DR,,403,59.0,nearest non-residential (403)
5681,HIBERNIA DR,A,510,83.3,nearest parcel 83m away (> 60m)
1745,LONSDALE PL E,UNIT C,403,35.7,nearest non-residential (403)
2208,SEVILLE AVE,,403,95.0,nearest parcel 95m away (> 60m)
4235,KIMBERLY PKWY,,417,51.9,nearest non-residential (417)
5435,LONSDALE PL N,UNIT D,439,57.3,nearest non-residential (439)
5445,LONSDALE PL N,UNIT D,403,43.8,nearest non-residential (403)
1590,LONSDALE RD,,403,44.3,nearest non-residential (403)
5475,LONSDALE PL S,UNIT C,401,42.0,nearest non-residential (401)
5448,LONSDALE PL S,,403,23.0,nearest non-residential (403)
2779,S HAMILTON RD,,427,136.8,nearest parcel 137m away (> 60m)
4246,S HAMILTON RD,,426,83.9,nearest parcel 84m away (> 60m)
4245,MACSWAY AVE,,422,83.4,nearest parcel 83m away (> 60m)
4600,WINCHESTER PIKE,,458,24.4,nearest non-residential (458)
2325,HAMILTON RD,,425,14.2,nearest non-residential (425)
5525,CANTARA PL,,403,15.8,nearest non-residential (403)
2023,BAIRSFORD DR,1E,520,73.9,nearest parcel 74m away (> 60m)
2825,CITIZENS PL,F,403,79.7,nearest parcel 80m away (> 60m)
2796,CITIZENS PL,A,403,56.0,nearest non-residential (403)
2584,S HAMILTON RD,,425,57.0,nearest non-residential (425)
2832,WYMAN CT,B,403,63.2,nearest parcel 63m away (> 60m)
4499,LAKE SIDE S,D,400,122.8,nearest parcel 123m away (> 60m)
2462,SHORE BLVD W,,403,98.7,nearest parcel 99m away (> 60m)
4536,LAKE SIDE S,H,403,142.3,nearest parcel 142m away (> 60m)
2446,SHORE BLVD W,,480,82.9,nearest parcel 83m away (> 60m)
2440,SHORE BLVD W,C,480,74.8,nearest parcel 75m away (> 60m)
5607,AUTUMN CHASE DR,B,411,36.1,nearest non-residential (411)
2911,HEATH CT,,510,80.8,nearest parcel 81m away (> 60m)
4575,MANDEVILLE CT,A,685,100.4,nearest parcel 100m away (> 60m)
2810,NEWCASTLE CT,201,403,39.6,nearest non-residential (403)
4545,LAKE SIDE N,B,403,146.2,nearest parcel 146m away (> 60m)
4582,LAKE SIDE N,,351,169.8,nearest parcel 170m away (> 60m)
2391,SHORE BLVD E,B,403,110.2,nearest parcel 110m away (> 60m)
5679,E LIVINGSTON AVE,,400,65.0,nearest parcel 65m away (> 60m)
3166,WEBSTER DR,,685,41.2,nearest non-residential (685)
4655,COLERIDGE CT,,403,78.1,nearest parcel 78m away (> 60m)
4630,HILTON CORPORATE DR,116,411,82.9,nearest parcel 83m away (> 60m)
2578,CHAPPEL CHASE,,403,84.5,nearest parcel 84m away (> 60m)
5675,BAIRSFORD CIR N,3,403,15.3,nearest non-residential (403)
4800,HILTON CORPORATE DR,,352,84.7,nearest parcel 85m away (> 60m)
586,CHANTRY DR,,447,15.6,nearest non-residential (447)
92,CHANTRY DR,,447,15.6,nearest non-residential (447)
354,CHANTRY DR,,447,15.6,nearest non-residential (447)
494,CHANTRY DR,,447,15.6,nearest non-residential (447)
186,CHANTRY DR,,447,15.6,nearest non-residential (447)
3241,WEBSTER DR,,403,63.5,nearest parcel 63m away (> 60m)
5737,CHANTRY DR,,426,53.6,nearest non-residential (426)
5804,CHATFORD DR,B,899,116.4,nearest parcel 116m away (> 60m)
5816,CHATFORD DR,B,899,102.4,nearest parcel 102m away (> 60m)
2901,SHILLING DR,,403,30.2,nearest non-residential (403)
6367,MCNAUGHTEN CT,,425,46.0,nearest non-residential (425)
6663,MCNAUGHTEN CT,,425,46.0,nearest non-residential (425)
1883,COVENTRY CT,,403,40.1,nearest non-residential (403)
2096,LAKE CLUB TER,,447,28.8,nearest non-residential (447)
5983,LAKE CLUB SQ,E,403,39.8,nearest non-residential (403)
5980,LAKE CLUB SQ,E,403,67.7,nearest parcel 68m away (> 60m)
2490,FOREST GREEN CT,,401,51.8,nearest non-residential (401)
3612,RIVERDALE SQ,,511,77.7,nearest parcel 78m away (> 60m)
3622,RIVERDALE SQ,,511,99.0,nearest parcel 99m away (> 60m)
5079,CEDAR DR,K,,20.1,nearest non-residential ()
5083,CEDAR DR,C,,34.5,nearest non-residential ()
3628,RIVERDALE SQ,,403,92.7,nearest parcel 93m away (> 60m)
3624,RIVERDALE SQ,,403,98.1,nearest parcel 98m away (> 60m)
2113,COURTRIGHT RD,,403,52.1,nearest non-residential (403)
3708,CHARBERT CT,,402,79.1,nearest parcel 79m away (> 60m)
3744,WESTPOINT DR,UNIT 2,403,57.1,nearest non-residential (403)
3750,KIMBERLY DR,,403,59.5,nearest non-residential (403)
3750,W KIMBERLY DR,,403,90.2,nearest parcel 90m away (> 60m)
5471,RED BIRD CT,,402,31.5,nearest non-residential (402)
3831,RIVERCREEK BAY WAY,,510,68.7,nearest parcel 69m away (> 60m)
3798,SOFT WIND DR,,403,66.6,nearest parcel 67m away (> 60m)
2080,SUNSHINE PL,,403,57.8,nearest non-residential (403)
5555,HIBERNIA DR,A,640,81.9,nearest parcel 82m away (> 60m)
5595,HIBERNIA DR,,510,66.3,nearest parcel 66m away (> 60m)
5621,HIBERNIA DR,,510,93.5,nearest parcel 93m away (> 60m)
4605,REFUGEE RD,3C,403,56.2,nearest non-residential (403)
4620,CHANNING TER,B,403,96.7,nearest parcel 97m away (> 60m)
4655,REFUGEE RD,2F,403,53.6,nearest non-residential (403)
2614,CHAPPEL CHASE,,403,83.1,nearest parcel 83m away (> 60m)
5685,BAIRSFORD CIR N,3,403,32.1,nearest non-residential (403)
5724,SARANAC DR,,520,66.2,nearest parcel 66m away (> 60m)
478,CHANTRY DR,,447,15.6,nearest non-residential (447)
2193,ROTUNDA DR,,403,12.7,nearest non-residential (403)
4671,REFUGEE RD,2B,403,9.4,nearest non-residential (403)
4630,HILTON CORPORATE DR,109,411,92.0,nearest parcel 92m away (> 60m)
2874,MERRYMOUNT CT,B,403,151.9,nearest parcel 152m away (> 60m)
1289,YORKLAND RD,UNIT F,403,22.4,nearest non-residential (403)
5687,MAPLE TREE LN,,403,83.9,nearest parcel 84m away (> 60m)
1560,MCNAUGHTEN RD,,,43.1,nearest non-residential ()
2792,GROSSE POINT,,403,63.3,nearest parcel 63m away (> 60m)
4798,LARAINE CT,202,403,36.4,nearest non-residential (403)
4777,ROLLINGBROOK LN,C,403,42.4,nearest non-residential (403)
5804,CHATFORD DR,C,899,112.4,nearest parcel 112m away (> 60m)
1516,ABRAHAM WOODS,,,17.5,nearest non-residential ()
5846,CHATFORD DR,C,403,62.8,nearest parcel 63m away (> 60m)
5858,CHATFORD DR,B,403,35.5,nearest non-residential (403)
5924,SHANA DR,,403,28.7,nearest non-residential (403)
1988,FOUNTAINVIEW CT,,403,75.2,nearest parcel 75m away (> 60m)
5990,LAKE CLUB SQ,,403,97.9,nearest parcel 98m away (> 60m)
5013,COVENTRY CT N,,510,69.7,nearest parcel 70m away (> 60m)
1927,OLDE COVENTRY RD E,,403,23.3,nearest non-residential (403)
6035,LAKE CLUB CT,,430,96.7,nearest parcel 97m away (> 60m)
6059,LAKE CLUB PL,,449,125.7,nearest parcel 126m away (> 60m)
2161,RIVERDALE SQ E,,403,28.8,nearest non-residential (403)
3756,KNIGHTSWAY LN,,402,46.5,nearest non-residential (402)
3721,KIMBERLY PKWY N,,402,78.4,nearest parcel 78m away (> 60m)
2277,PETZINGER CT,,420,57.9,nearest non-residential (420)
2413,HUDSON BAY WAY,,550,82.9,nearest parcel 83m away (> 60m)
3688,KIDRON CT,,403,113.0,nearest parcel 113m away (> 60m)
4002,SOLDIER ST,,500,45.3,nearest=vacant land
5356,YORKSHIRE TERRACE DR,C,403,34.3,nearest non-residential (403)
5583,HIBERNIA DR,,510,62.9,nearest parcel 63m away (> 60m)
2052,SUNSHINE PL,,403,21.0,nearest non-residential (403)
2152,SUNSHINE PL,,403,120.9,nearest parcel 121m away (> 60m)
5415,YORKSHIRE TERRACE DR,1B,403,17.6,nearest non-residential (403)
5420,LONSDALE PL N,UNIT B,439,32.2,nearest non-residential (439)
4108,JENERA PL,,403,62.6,nearest parcel 63m away (> 60m)
2174,MUIRWOOD DR,,403,132.4,nearest parcel 132m away (> 60m)
2297,SEVILLE AVE,,403,60.2,nearest parcel 60m away (> 60m)
1745,LONSDALE PL E,UNIT A,403,39.4,nearest non-residential (403)
5533,CANTARA PL,4,403,11.1,nearest non-residential (403)
4239,DONLYN CT,,447,35.0,nearest non-residential (447)
2714,EASTLAND MALL,,427,49.3,nearest non-residential (427)
2712,EASTLAND MALL,,427,68.9,nearest parcel 69m away (> 60m)
3344,SUFFIELD,,510,63.7,nearest parcel 64m away (> 60m)
5497,CHATFORD SQ,,403,86.5,nearest parcel 87m away (> 60m)
5515,CHATFORD SQ,,520,74.6,nearest parcel 75m away (> 60m)
1780,BAIRSFORD DR,,403,49.3,nearest non-residential (403)
2786,CITIZENS PL,C,403,56.6,nearest non-residential (403)
2744,CITIZENS PL,C,403,162.1,nearest parcel 162m away (> 60m)
2470,SHORE BLVD W,J,403,116.6,nearest parcel 117m away (> 60m)
2870,WOOLWICH CT,100,685,85.2,nearest parcel 85m away (> 60m)
4551,LAKE SIDE S,B,122,75.0,nearest parcel 75m away (> 60m)
5674,SARANAC DR,,403,62.0,nearest parcel 62m away (> 60m)
4661,REFUGEE RD,3B,403,60.4,nearest parcel 60m away (> 60m)
2875,MERRYMOUNT CT,,403,113.0,nearest parcel 113m away (> 60m)
4650,HILTON CORPORATE DR,105,411,117.9,nearest parcel 118m away (> 60m)
300,CHANTRY DR,,447,15.6,nearest non-residential (447)
394,CHANTRY DR,,447,15.6,nearest non-residential (447)
72,CHANTRY DR,,447,15.6,nearest non-residential (447)
462,CHANTRY DR,,447,15.6,nearest non-residential (447)
2562,SILVER OAK DR,,403,74.3,nearest parcel 74m away (> 60m)
1319,YORKLAND RD,UNIT,,19.6,nearest non-residential ()
2773,BERWICK SQ,,403,30.9,nearest non-residential (403)
3408,REFUGEE RD,,400,73.7,nearest parcel 74m away (> 60m)
3274,ELIM MANOR CT,,591,49.7,nearest non-residential (591)
5878,YORKLAND CT,UNIT F,403,47.5,nearest non-residential (403)
5685,MAPLE TREE LN,,403,72.6,nearest parcel 73m away (> 60m)
2891,TUPPENCE DR,,403,37.7,nearest non-residential (403)
6095,MCNAUGHTEN CT,,425,39.8,nearest non-residential (425)
6087,MCNAUGHTEN CENTER,,425,57.2,nearest non-residential (425)
5912,CHATFORD DR,,449,119.5,nearest parcel 120m away (> 60m)
1886,FOUNTAINVIEW CT,,441,96.5,nearest parcel 96m away (> 60m)
2243,GARNET PL,,403,13.2,nearest non-residential (403)
2231,GARNET PL,,403,26.1,nearest non-residential (403)
4800,LARAINE CT,103,403,46.7,nearest non-residential (403)
2740,BRANDY DR,202,403,37.2,nearest non-residential (403)
5983,LAKE CLUB SQ,B,403,48.3,nearest non-residential (403)
6045,LAKE CLUB PL,,441,116.4,nearest parcel 116m away (> 60m)
5014,COVENTRY DR,D,403,19.2,nearest non-residential (403)
5099,CEDAR DR,K,,26.9,nearest non-residential ()
5167,CEDAR DR,C,,12.3,nearest non-residential ()
3730,BIRCHTREE LN,,403,77.7,nearest parcel 78m away (> 60m)
2478,COURTRIGHT RD,,401,44.2,nearest non-residential (401)
3716,CHARBERT CT,,403,62.3,nearest parcel 62m away (> 60m)
3722,BONNETT CT,,402,95.1,nearest parcel 95m away (> 60m)
2259,PETZINGER CT,,420,74.3,nearest parcel 74m away (> 60m)
3739,KIMBERLY WEST DR,UNIT 6,403,71.7,nearest parcel 72m away (> 60m)
3770,WESTPOINT DR,UNIT 3,403,31.3,nearest non-residential (403)
3751,EMRICK CT,,403,33.7,nearest non-residential (403)
3769,KIMBERLY WEST DR,UNIT 2,403,73.4,nearest parcel 73m away (> 60m)
2595,KIMBERLY PKWY W,,403,43.7,nearest non-residential (403)
2379,HUDSON BAY WAY,,510,112.7,nearest parcel 113m away (> 60m)
5575,HIBERNIA DR,B,510,75.1,nearest parcel 75m away (> 60m)
2050,SUNSHINE PL,,403,22.2,nearest non-residential (403)
2212,SUNSHINE PL,,520,73.8,nearest parcel 74m away (> 60m)
5621,HIBERNIA DR,C,510,83.9,nearest parcel 84m away (> 60m)
5420,LONSDALE PL N,UNIT C,439,29.2,nearest non-residential (439)
2162,MUIRWOOD DR,,403,123.3,nearest parcel 123m away (> 60m)
2231,SEVILLE AVE,,403,107.2,nearest parcel 107m away (> 60m)
4229,DONLYN CT,,447,60.4,nearest parcel 60m away (> 60m)
4255,DONLYN CT,,447,44.7,nearest non-residential (447)
3355,SUFFIELD,,510,102.0,nearest parcel 102m away (> 60m)
5555,TINLEY PARK,,403,128.7,nearest parcel 129m away (> 60m)
3232,WINTER LANE PARK,,400,56.1,nearest non-residential (400)
5449,CHATFORD SQ,,403,37.2,nearest non-residential (403)
5539,CANTARA PL,3,403,17.1,nearest non-residential (403)
5536,CANTARA PL,,403,34.4,nearest non-residential (403)
4341,DONLYN CT,,447,7.8,nearest non-residential (447)
3353,SUFFIELD,,510,100.5,nearest parcel 100m away (> 60m)
3323,SUFFIELD,,510,100.2,nearest parcel 100m away (> 60m)
1971,BAIRSFORD DR,,520,62.3,nearest parcel 62m away (> 60m)
5598,AUTUMN CHASE DR,A,411,47.1,nearest non-residential (411)
2826,CITIZENS PL,D,403,33.5,nearest non-residential (403)
2776,CITIZENS PL,D,403,107.5,nearest parcel 108m away (> 60m)
2747,TENNYSON BLVD,D,403,109.8,nearest parcel 110m away (> 60m)
2791,NEWCASTLE CT,B,403,67.7,nearest parcel 68m away (> 60m)
2451,SHORE BLVD E,B,403,64.9,nearest parcel 65m away (> 60m)
4609,REFUGEE RD,2H,403,80.4,nearest parcel 80m away (> 60m)
4595,REFUGEE RD,3B,403,48.4,nearest non-residential (403)
4615,WORDSWORTH CT,D,403,63.8,nearest parcel 64m away (> 60m)
4594,ISINGTON CT,202,403,109.2,nearest parcel 109m away (> 60m)
4619,REFUGEE RD,1I,403,61.4,nearest parcel 61m away (> 60m)
4637,COLERIDGE CT,,403,23.4,nearest non-residential (403)
306,CHANTRY DR,,447,15.6,nearest non-residential (447)
2764,BRANDY DR,201,403,53.5,nearest non-residential (403)
6777,MCNAUGHTEN CT,,425,46.0,nearest non-residential (425)
5840,CHATFORD DR,H,403,70.0,nearest parcel 70m away (> 60m)
5840,CHATFORD DR,D,403,73.8,nearest parcel 74m away (> 60m)
4782,REFUGEE RD,A,458,37.8,nearest non-residential (458)
4966,OLDE COVENTRY RD W,,403,100.5,nearest parcel 101m away (> 60m)
5892,CHATFORD DR,B,403,86.7,nearest parcel 87m away (> 60m)
5916,CHATFORD DR,C,449,136.4,nearest parcel 136m away (> 60m)
5904,CHATFORD DR,C,449,108.1,nearest parcel 108m away (> 60m)
1891,FOUNTAINVIEW CT,,403,66.9,nearest parcel 67m away (> 60m)
2504,SCARBOROUGH SQ,5,425,43.4,nearest non-residential (425)
1950,FOUNTAINVIEW CT,C,403,121.2,nearest parcel 121m away (> 60m)
1946,FOUNTAINVIEW CT,F,403,116.7,nearest parcel 117m away (> 60m)
5011,COVENTRY DR,,403,40.8,nearest non-residential (403)
2082,PINE GROVE LN,,403,43.7,nearest non-residential (403)
5081,CEDAR DR,G,,23.9,nearest non-residential ()
5079,CEDAR DR,,,9.2,nearest non-residential ()
3730,KNIGHTSWAY LN,,402,67.6,nearest parcel 68m away (> 60m)
2492,BENIE CT,,403,45.1,nearest non-residential (403)
2295,PETZINGER CT,,640,17.9,nearest non-residential (640)
3793,BAY VILLAGE ST,,500,19.8,nearest=vacant land
3731,KIMBERLY WEST DR,UNIT 3,403,86.1,nearest parcel 86m away (> 60m)
2530,BENIE CT,,403,32.3,nearest non-residential (403)
3755,KIMBERLY WEST DR,UNIT 2,403,58.3,nearest non-residential (403)
3708,KIDRON CT,,403,88.6,nearest parcel 89m away (> 60m)
1743,LONSDALE RD,D,401,12.6,nearest non-residential (401)
3381,WINTER LANE PARK,,403,81.2,nearest parcel 81m away (> 60m)
3928,MAUMEE BAY WAY,,510,73.9,nearest parcel 74m away (> 60m)
2220,SUNSHINE PL,,520,91.4,nearest parcel 91m away (> 60m)
2266,SUNSHINE PL,,520,82.3,nearest parcel 82m away (> 60m)
2261,MUIRWOOD DR,,400,19.9,nearest non-residential (400)
2138,MUIRWOOD DR,,403,139.2,nearest parcel 139m away (> 60m)
5453,LONSDALE PL N,,403,17.5,nearest non-residential (403)
2194,MUIRWOOD DR,,403,79.5,nearest parcel 80m away (> 60m)
5536,DUNFIELD LN,3,403,22.0,nearest non-residential (403)
1577,CABORA LN,,403,37.8,nearest non-residential (403)
4153,CADILLAC CT,,403,102.5,nearest parcel 103m away (> 60m)
2266,SEVILLE AVE,,403,6.8,nearest non-residential (403)
2766,EASTLAND MALL,,427,121.8,nearest parcel 122m away (> 60m)
2758,EASTLAND MALL,,427,121.2,nearest parcel 121m away (> 60m)
2721,EASTLAND MALL,,427,41.7,nearest non-residential (427)
5598,AUTUMN CHASE DR,,411,51.1,nearest non-residential (411)
4400,CROSSROADS CENTER,,444,30.3,nearest non-residential (444)
2853,CITIZENS PL,A,436,108.1,nearest parcel 108m away (> 60m)
2860,CITIZENS PL,E,403,101.2,nearest parcel 101m away (> 60m)
2796,CITIZENS PL,F,403,55.5,nearest non-residential (403)
2744,CITIZENS PL,A,403,161.9,nearest parcel 162m away (> 60m)
4567,MANDEVILLE CT,A,685,107.2,nearest parcel 107m away (> 60m)
2935,TENNYSON BLVD,A,455,130.7,nearest parcel 131m away (> 60m)
2431,SHORE BLVD E,K,403,29.1,nearest non-residential (403)
2411,SHORE BLVD E,L,403,49.8,nearest non-residential (403)
4617,REFUGEE RD,2H,403,29.6,nearest non-residential (403)
4591,WORDSWORTH CT,B,403,125.2,nearest parcel 125m away (> 60m)
2813,TENNYSON BLVD,209,403,28.3,nearest non-residential (403)
2491,SHORE BLVD E,B,122,140.3,nearest parcel 140m away (> 60m)
4633,COLERIDGE CT,D,403,23.2,nearest non-residential (403)
4667,REFUGEE RD,2A,403,40.3,nearest non-residential (403)
4663,HILTON CORPORATE DR,,670,37.4,nearest non-residential (670)
576,CHANTRY DR,,447,15.6,nearest non-residential (447)
1299,YORKLAND RD,UNIT,,46.8,nearest non-residential ()
3154,WEBSTER DR,,467,53.8,nearest non-residential (467)
5784,SARANAC DR,,403,42.9,nearest non-residential (403)
1285,YORKLAND RD,UNIT B,403,36.5,nearest non-residential (403)
5739,SPRUCE TREE DR,,400,119.1,nearest parcel 119m away (> 60m)
6089,MCNAUGHTEN CENTER,,425,51.4,nearest non-residential (425)
6267,MCNAUGHTEN CT,,425,46.0,nearest non-residential (425)
2575,S HAMILTON RD,,425,39.8,nearest non-residential (425)
4414,CROSSROADS CENTER,,444,56.5,nearest non-residential (444)
5595,AUTUMN CHASE DR,B,411,38.7,nearest non-residential (411)
2849,CITIZENS PL,B,442,74.7,nearest parcel 75m away (> 60m)
2860,CITIZENS PL,B,685,100.4,nearest parcel 100m away (> 60m)
5675,BAIRSFORD CIR N,2,403,13.2,nearest non-residential (403)
326,CHANTRY DR,,447,15.6,nearest non-residential (447)
2,CHANTRY DR,,447,15.6,nearest non-residential (447)
2817,WYMAN CT,B,403,59.2,nearest non-residential (403)
2780,MARWOOD CT,,403,66.1,nearest parcel 66m away (> 60m)
4515,LAKE SIDE N,B,400,144.6,nearest parcel 145m away (> 60m)
2870,WOOLWICH CT,202,685,92.4,nearest parcel 92m away (> 60m)
4586,ISINGTON CT,202,403,94.6,nearest parcel 95m away (> 60m)
396,CHANTRY DR,,447,15.6,nearest non-residential (447)
5601,CHANTRY DR,,447,55.5,nearest non-residential (447)
1285,YORKLAND RD,UNIT I,403,40.4,nearest non-residential (403)
5878,YORKLAND CT,UNIT C,,51.3,nearest non-residential ()
3162,WEBSTER DR,,685,53.0,nearest non-residential (685)
4605,REFUGEE RD,2A,403,75.0,nearest parcel 75m away (> 60m)
4611,REFUGEE RD,3B,403,68.8,nearest parcel 69m away (> 60m)
2886,TENNYSON BLVD,D,403,85.7,nearest parcel 86m away (> 60m)
4613,REFUGEE RD,1B,403,72.2,nearest parcel 72m away (> 60m)
4619,HEBRIDES DR,D,403,90.6,nearest parcel 91m away (> 60m)
4648,HEBRIDES DR,,403,113.4,nearest parcel 113m away (> 60m)
4623,HILTON CORPORATE DR,,670,89.4,nearest parcel 89m away (> 60m)
4661,REFUGEE RD,3A,403,54.0,nearest non-residential (403)
4671,REFUGEE RD,1D,403,22.3,nearest non-residential (403)
5900,CHATTERTON RD,,,21.7,nearest non-residential ()
5761,SPRUCE TREE DR,,400,134.1,nearest parcel 134m away (> 60m)
5822,CHATFORD DR,A,899,97.2,nearest parcel 97m away (> 60m)
6775,MCNAUGHTEN CT,,425,46.0,nearest non-residential (425)
6493,MCNAUGHTEN CT,,425,46.0,nearest non-residential (425)
6341,MCNAUGHTEN CT,,425,46.0,nearest non-residential (425)
6567,MCNAUGHTEN CT,,425,46.0,nearest non-residential (425)
6533,MCNAUGHTEN CT,,425,46.0,nearest non-residential (425)
5938,ABERNATHY LN,,,16.0,nearest non-residential ()
5844,CHATFORD DR,,403,19.6,nearest non-residential (403)
3180,ELIM MANOR CT,201,591,19.1,nearest non-residential (591)
5916,CHATFORD DR,I,403,141.4,nearest parcel 141m away (> 60m)
1899,FOUNTAINVIEW CT,,403,57.0,nearest non-residential (403)
4792,LARAINE CT,204,403,37.0,nearest non-residential (403)
2110,LAKE CLUB TER,,447,31.5,nearest non-residential (447)
2091,LAKE CLUB TER,H,400,69.7,nearest parcel 70m away (> 60m)
5980,LAKE CLUB SQ,I,403,59.4,nearest non-residential (403)
1962,FOUNTAINVIEW CT,,403,102.9,nearest parcel 103m away (> 60m)
1944,FOUNTAINVIEW CT,E,403,108.8,nearest parcel 109m away (> 60m)
6010,LAKE CLUB SQ,,430,90.9,nearest parcel 91m away (> 60m)
1939,OLDE COVENTRY RD,,401,65.8,nearest parcel 66m away (> 60m)
1929,OLDE COVENTRY RD,,401,88.9,nearest parcel 89m away (> 60m)
1890,NOE-BIXBY RD,,403,84.8,nearest parcel 85m away (> 60m)
2095,PINE GROVE LN,,403,31.1,nearest non-residential (403)
4986,OLDE COVENTRY RD W,,403,62.9,nearest parcel 63m away (> 60m)
1870,COVENTRY CT,C,403,64.9,nearest parcel 65m away (> 60m)
5099,CEDAR DR,C,,26.4,nearest non-residential ()
5143,CEDAR DR,,,8.9,nearest non-residential ()
5165,CEDAR DR,L,,21.7,nearest non-residential ()
3736,BUCKMAN ST,,500,1.9,nearest=vacant land
2625,BIRCHTREE CT,,403,49.9,nearest non-residential (403)
2624,BIRCHTREE CT,,403,53.3,nearest non-residential (403)
5333,YORKSHIRE TERRACE DR,,403,27.4,nearest non-residential (403)
3760,WESTPOINT DR,UNIT 2,403,25.3,nearest non-residential (403)
3724,BONNETT CT,,402,98.7,nearest parcel 99m away (> 60m)
3734,BONNETT CT,,550,83.5,nearest parcel 84m away (> 60m)
2438,HUDSON BAY WAY,,550,91.1,nearest parcel 91m away (> 60m)
5577,HIBERNIA DR,,510,83.7,nearest parcel 84m away (> 60m)
2394,CANAL BAY WAY,,403,22.0,nearest non-residential (403)
3761,SOFT WIND DR,,520,73.9,nearest parcel 74m away (> 60m)
5418,LONSDALE PL S,UNIT D,401,62.0,nearest parcel 62m away (> 60m)
1586,LONSDALE RD,,403,52.2,nearest non-residential (403)
4099,JENERA PL,,403,80.5,nearest parcel 81m away (> 60m)
2202,MUIRWOOD DR,,403,50.1,nearest non-residential (403)
5498,LONSDALE PL N,UNIT A,403,83.4,nearest parcel 83m away (> 60m)
5534,CANTARA PL,,403,31.7,nearest non-residential (403)
5707,HIBERNIA DR,C,403,39.3,nearest non-residential (403)
2220,SEVILLE AVE,,403,84.5,nearest parcel 84m away (> 60m)
4250,GROVES RD,,390,48.2,nearest non-residential (390)
1957,BAIRSFORD DR,,403,69.5,nearest parcel 70m away (> 60m)
2735,S HAMILTON RD,,670,135.4,nearest parcel 135m away (> 60m)
5551,CHATFORD DR,H,403,33.8,nearest non-residential (403)
4960,OLDE COVENTRY RD W,,403,114.7,nearest parcel 115m away (> 60m)
4970,COVENTRY CT S,,660,111.4,nearest parcel 111m away (> 60m)
2127,PINE GROVE LN,,401,28.9,nearest non-residential (401)
2037,PINE NEEDLE CT,,401,14.8,nearest non-residential (401)
5119,CEDAR DR,B,,12.3,nearest non-residential ()
2213,COURTSIDE DR,D,400,3.1,nearest non-residential (400)
3744,WESTPOINT DR,UNIT 6,403,59.3,nearest non-residential (403)
3762,KIMBERLY WEST DR,,403,52.2,nearest non-residential (403)
2417,HUDSON BAY WAY,,550,76.7,nearest parcel 77m away (> 60m)
3676,MENDON PL,,400,90.3,nearest parcel 90m away (> 60m)
3684,KIDRON CT,,350,113.1,nearest parcel 113m away (> 60m)
3699,KIDRON CT,,403,71.9,nearest parcel 72m away (> 60m)
2178,SOFT WIND CT,,403,110.8,nearest parcel 111m away (> 60m)
5481,RED BIRD CT,,402,18.6,nearest non-residential (402)
5595,HIBERNIA DR,A,510,67.8,nearest parcel 68m away (> 60m)
5603,HIBERNIA DR,B,510,71.4,nearest parcel 71m away (> 60m)
5681,HIBERNIA DR,B,510,76.1,nearest parcel 76m away (> 60m)
2254,MUIRWOOD DR,,403,41.5,nearest non-residential (403)
2192,MUIRWOOD DR,,403,68.1,nearest parcel 68m away (> 60m)
3327,WINTER LANE PARK,,510,97.3,nearest parcel 97m away (> 60m)
3306,WINTER LANE PARK,,403,113.2,nearest parcel 113m away (> 60m)
5516,DUNFIELD LN,1,403,46.8,nearest non-residential (403)
5716,HIBERNIA DR,B,690,85.9,nearest parcel 86m away (> 60m)
5796,HIBERNIA DR,C,403,45.1,nearest non-residential (403)
1778,LONSDALE PL E,UNIT D,401,61.3,nearest parcel 61m away (> 60m)
2023,BAIRSFORD DR,1B,520,87.6,nearest parcel 88m away (> 60m)
4176,ASTON MARTIN CT,,403,70.9,nearest parcel 71m away (> 60m)
4161,CADILLAC CT,,403,104.5,nearest parcel 104m away (> 60m)
2755,EASTLAND MALL,,427,117.7,nearest parcel 118m away (> 60m)
4480,WINCHESTER PIKE,,447,29.9,nearest non-residential (447)
1959,BAIRSFORD DR,,403,70.4,nearest parcel 70m away (> 60m)
1573,CABORA LN,,403,38.9,nearest non-residential (403)
1813,BAIRSFORD DR,1J,403,22.5,nearest non-residential (403)
2763,WINCHESTER PIKE,,458,145.6,nearest parcel 146m away (> 60m)
4286,GROVES RD,,351,125.1,nearest parcel 125m away (> 60m)
3132,S HAMILTON RD,,425,18.3,nearest non-residential (425)
5525,HUTCHINSTONE RD,,354,92.0,nearest parcel 92m away (> 60m)
4470,HILTON CORPORATE DR,,351,188.4,nearest parcel 188m away (> 60m)
5728,SARANAC DR,,520,68.5,nearest parcel 69m away (> 60m)
5573,CHANTRY DR,,447,54.7,nearest non-residential (447)
272,CHANTRY DR,,447,15.6,nearest non-residential (447)
6,CHANTRY DR,,447,15.6,nearest non-residential (447)
392,CHANTRY DR,,447,15.6,nearest non-residential (447)
2599,SILVER OAK DR,,403,120.6,nearest parcel 121m away (> 60m)
2830,WYMAN CT,D,403,67.3,nearest parcel 67m away (> 60m)
2460,SHORE BLVD W,D,403,94.0,nearest parcel 94m away (> 60m)
4530,LAKE SIDE N,L,400,123.1,nearest parcel 123m away (> 60m)
4599,REFUGEE RD,2C,403,50.2,nearest non-residential (403)
2943,TENNYSON BLVD,C,455,118.8,nearest parcel 119m away (> 60m)
4578,ISINGTON CT,B,403,102.0,nearest parcel 102m away (> 60m)
4578,ISINGTON CT,C,403,105.4,nearest parcel 105m away (> 60m)
2810,NEWCASTLE CT,202,403,38.7,nearest non-residential (403)
4544,LAKE SIDE S,E,403,145.8,nearest parcel 146m away (> 60m)
5776,SARANAC DR,,403,41.0,nearest non-residential (403)
1752,MCNAUGHTEN RD,,401,10.3,nearest non-residential (401)
4617,REFUGEE RD,1F,403,18.7,nearest non-residential (403)
4613,REFUGEE RD,1C,403,63.6,nearest parcel 64m away (> 60m)
4620,CHANNING TER,A,403,85.7,nearest parcel 86m away (> 60m)
4619,HEBRIDES DR,A,403,105.9,nearest parcel 106m away (> 60m)
4661,REFUGEE RD,1E,403,68.1,nearest parcel 68m away (> 60m)
6773,MCNAUGHTEN CT,,425,46.0,nearest non-residential (425)
6593,MCNAUGHTEN CT,,425,46.0,nearest non-residential (425)
2770,BERWICK SQ,,403,6.7,nearest non-residential (403)
3245,ELIM MANOR CT,,591,12.2,nearest non-residential (591)
4661,REFUGEE RD,2F,403,61.1,nearest parcel 61m away (> 60m)
2865,THOREAU CT,A,403,79.3,nearest parcel 79m away (> 60m)
2912,MERRYMOUNT CT,A,403,76.6,nearest parcel 77m away (> 60m)
4656,HEBRIDES DR,D,403,118.5,nearest parcel 119m away (> 60m)
4630,HILTON CORPORATE DR,213,411,86.9,nearest parcel 87m away (> 60m)
5896,CHATFORD DR,,403,101.8,nearest parcel 102m away (> 60m)
1950,FOUNTAINVIEW CT,E,403,111.9,nearest parcel 112m away (> 60m)
2893,SHILLING DR,,403,45.8,nearest non-residential (403)
2772,BRANDY DR,204,403,63.5,nearest parcel 63m away (> 60m)
4777,ROLLINGBROOK LN,B,403,36.2,nearest non-residential (403)
2847,CITIZENS PL,E,499,53.6,nearest non-residential (499)
3011,PETZINGER RD,,510,88.9,nearest parcel 89m away (> 60m)
2827,WYMAN CT,B,403,82.9,nearest parcel 83m away (> 60m)
5685,BAIRSFORD CIR N,,403,23.0,nearest non-residential (403)
5685,BAIRSFORD CIR N,5,403,34.5,nearest non-residential (403)
428,CHANTRY DR,,447,15.6,nearest non-residential (447)
4603,REFUGEE RD,1F,403,78.0,nearest parcel 78m away (> 60m)
4599,REFUGEE RD,1B,403,45.6,nearest non-residential (403)
4558,MANDEVILLE CT,A,685,74.3,nearest parcel 74m away (> 60m)
4564,ISINGTON CT,202,403,82.4,nearest parcel 82m away (> 60m)
4573,MONMOUTH CT,209,403,63.3,nearest parcel 63m away (> 60m)
2449,SHORE BLVD E,D,403,61.0,nearest parcel 61m away (> 60m)
4558,LAKE SIDE N,,400,155.1,nearest parcel 155m away (> 60m)
4550,LAKE SIDE N,I,350,145.5,nearest parcel 145m away (> 60m)
4611,REFUGEE RD,3G,403,79.7,nearest parcel 80m away (> 60m)
5878,YORKLAND CT,UNIT P,403,58.9,nearest non-residential (403)
1446,MCNAUGHTEN RD,,499,18.4,nearest non-residential (499)
1281,MCNAUGHTEN RD,UNIT E,403,82.0,nearest parcel 82m away (> 60m)
3187,WEBSTER DR,,403,75.4,nearest parcel 75m away (> 60m)
4615,REFUGEE RD,2A,403,43.4,nearest non-residential (403)
4659,REFUGEE RD,1C,403,86.0,nearest parcel 86m away (> 60m)
4661,REFUGEE RD,3F,403,59.4,nearest non-residential (403)
5834,CHATFORD DR,A,899,87.2,nearest parcel 87m away (> 60m)
1494,ABRAHAM WOODS,,,10.9,nearest non-residential ()
6381,MCNAUGHTEN CT,,425,46.0,nearest non-residential (425)
2885,THOREAU CT,D,403,48.9,nearest non-residential (403)
4631,HILTON CORPORATE DR,,670,69.5,nearest parcel 70m away (> 60m)
5880,CHATFORD DR,A,403,39.4,nearest non-residential (403)
5896,CHATFORD DR,B,403,99.6,nearest parcel 100m away (> 60m)
3664,FARTHING LN,,403,56.8,nearest non-residential (403)
3234,ELIM MANOR CT,,591,59.1,nearest non-residential (591)
3180,ELIM MANOR CT,206,591,23.7,nearest non-residential (591)
5009,COVENTRY CT N,,510,69.7,nearest parcel 70m away (> 60m)
1870,COVENTRY CT,D,403,62.9,nearest parcel 63m away (> 60m)
5095,CEDAR DR,A,,17.9,nearest non-residential ()
3741,BIRCHTREE LN,,403,41.8,nearest non-residential (403)
2594,SUMMERWAY CT,,403,17.3,nearest non-residential (403)
2572,SPRINGWAY CT,,402,83.2,nearest parcel 83m away (> 60m)
2489,COURTRIGHT RD,,401,26.3,nearest non-residential (401)
2233,COURTSIDE DR,C,400,42.8,nearest non-residential (400)
3666,SOFT WIND DR,,403,23.4,nearest non-residential (403)
5330,YORKSHIRE TERRACE DR,B6,403,29.7,nearest non-residential (403)
3852,MAUMEE BAY WAY,,403,65.9,nearest parcel 66m away (> 60m)
3734,SOFT WIND DR,,520,116.5,nearest parcel 117m away (> 60m)
3896,MAUMEE BAY WAY,,510,92.6,nearest parcel 93m away (> 60m)
3990,KIMBERLY PKWY N,,401,35.0,nearest non-residential (401)
5664,HIBERNIA DR,A,403,61.5,nearest parcel 61m away (> 60m)
2225,MUIRWOOD DR,,400,62.3,nearest parcel 62m away (> 60m)
5726,HIBERNIA DR,B,403,81.0,nearest parcel 81m away (> 60m)
5476,LONSDALE PL N,UNIT A,403,54.2,nearest non-residential (403)
4241,KIMBERLY PKWY E,,417,16.1,nearest non-residential (417)
4243,DONLYN CT,,447,58.0,nearest non-residential (447)
3351,SUFFIELD,,510,98.5,nearest parcel 99m away (> 60m)
5486,CHATFORD SQ,,403,7.7,nearest non-residential (403)
2023,BAIRSFORD DR,2H,520,62.2,nearest parcel 62m away (> 60m)
2333,HAMILTON RD,,425,14.2,nearest non-residential (425)
1813,BAIRSFORD DR,2C,403,23.0,nearest non-residential (403)
5554,AUTUMN CHASE DR,A,411,50.9,nearest non-residential (411)
5577,AUTUMN CHASE DR,B,411,45.8,nearest non-residential (411)
2791,GROSSE POINT,,403,98.2,nearest parcel 98m away (> 60m)
4773,HILTON CORPORATE DR,,447,46.1,nearest non-residential (447)
5936,ABERNATHY LN,,,16.7,nearest non-residential ()
5891,SHANA DR,,403,54.2,nearest non-residential (403)
6425,MCNAUGHTEN CT,,425,46.0,nearest non-residential (425)
6683,MCNAUGHTEN CT,,425,46.0,nearest non-residential (425)
6623,MCNAUGHTEN CT,,425,46.0,nearest non-residential (425)
6126,MCNAUGHTEN CENTER,,458,44.7,nearest non-residential (458)
3158,ROTUNDA CT N,,403,9.5,nearest non-residential (403)
5949,SHANA DR,,403,60.4,nearest parcel 60m away (> 60m)
1984,FOUNTAINVIEW CT,E,403,71.4,nearest parcel 71m away (> 60m)
1889,FOUNTAINVIEW CT,,403,67.8,nearest parcel 68m away (> 60m)
2580,NOE-BIXBY RD,A,499,31.4,nearest non-residential (499)
6009,LAKE CLUB CT,,430,133.6,nearest parcel 134m away (> 60m)
6055,LAKE CLUB PL,,441,128.3,nearest parcel 128m away (> 60m)
1937,OLDE COVENTRY RD,,401,68.7,nearest parcel 69m away (> 60m)
1862,NOE-BIXBY RD,,660,71.5,nearest parcel 72m away (> 60m)
2111,PINE GROVE LN,,401,46.3,nearest non-residential (401)
2089,PINE GROVE LN,,403,33.8,nearest non-residential (403)
2600,SUMMERWAY CT,,403,33.9,nearest non-residential (403)
2562,SPRINGWAY CT,,402,72.1,nearest parcel 72m away (> 60m)
3724,KIMBERLY WEST DR,,403,77.2,nearest parcel 77m away (> 60m)
3727,KIMBERLY PKWY N,,402,92.8,nearest parcel 93m away (> 60m)
3760,KIMBERLY WEST DR,,403,56.2,nearest non-residential (403)
5083,CEDAR DR,M,,27.8,nearest non-residential ()
5119,CEDAR DR,H,,10.9,nearest non-residential ()
3780,WESTPOINT DR,UNIT 4,403,65.0,nearest parcel 65m away (> 60m)
3931,RIVERCREEK BAY WAY,,510,67.2,nearest parcel 67m away (> 60m)
3778,SOFT WIND DR,,403,75.2,nearest parcel 75m away (> 60m)
2056,SUNSHINE PL,,403,31.7,nearest non-residential (403)
5563,HIBERNIA DR,B,510,91.9,nearest parcel 92m away (> 60m)
2232,SEVILLE AVE,,403,68.5,nearest parcel 68m away (> 60m)
5393,YORKSHIRE TERRACE DR,2A,403,40.8,nearest non-residential (403)
1734,LONSDALE RD,,401,33.4,nearest non-residential (401)
5424,LONSDALE PL N,,439,22.3,nearest non-residential (439)
4237,EASTLAND FOOD CT,,427,55.7,nearest non-residential (427)
2752,EASTLAND MALL,UNIT A,427,32.9,nearest non-residential (427)
5588,TINLEY PARK,,510,60.9,nearest parcel 61m away (> 60m)
1917,BAIRSFORD DR,,403,37.2,nearest non-residential (403)
5565,AUTUMN CHASE DR,B,411,32.0,nearest non-residential (411)
2786,CITIZENS PL,F,403,58.1,nearest non-residential (403)
2432,SHORE BLVD W,,403,65.8,nearest parcel 66m away (> 60m)
2436,SHORE BLVD W,,403,61.4,nearest parcel 61m away (> 60m)
4542,LAKE SIDE N,,400,163.9,nearest parcel 164m away (> 60m)
4601,REFUGEE RD,1I,403,53.8,nearest non-residential (403)
2870,WOOLWICH CT,101,685,87.2,nearest parcel 87m away (> 60m)
2870,WOOLWICH CT,206,685,102.9,nearest parcel 103m away (> 60m)
2501,SHORE BLVD E,J,403,147.3,nearest parcel 147m away (> 60m)
2415,SHORE BLVD E,,403,59.4,nearest non-residential (403)
4609,REFUGEE RD,3I,403,74.8,nearest parcel 75m away (> 60m)
4591,WORDSWORTH CT,C,403,127.5,nearest parcel 128m away (> 60m)
2881,TENNYSON BLVD,104,403,119.1,nearest parcel 119m away (> 60m)
2790,TENNYSON BLVD,,403,25.4,nearest non-residential (403)
2445,SHORE BLVD E,H,403,89.3,nearest parcel 89m away (> 60m)
4611,REFUGEE RD,3C,403,84.0,nearest parcel 84m away (> 60m)
4690,FENIMORE CT,C,403,152.4,nearest parcel 152m away (> 60m)
284,CHANTRY DR,,447,15.6,nearest non-residential (447)
114,CHANTRY DR,,447,15.6,nearest non-residential (447)
444,CHANTRY DR,,447,15.6,nearest non-residential (447)
4686,FENIMORE CT,C,403,134.5,nearest parcel 134m away (> 60m)
2637,SILVER OAK DR,,403,130.2,nearest parcel 130m away (> 60m)
2639,SILVER OAK DR,,403,128.3,nearest parcel 128m away (> 60m)
5713,SPRUCE TREE DR,,403,74.3,nearest parcel 74m away (> 60m)
4235,DONLYN CT,,447,35.0,nearest non-residential (447)
4303,DONLYN CT,,447,32.5,nearest non-residential (447)
4264,EASTLAND FOOD CT,,427,81.0,nearest parcel 81m away (> 60m)
4228,EASTLAND FOOD CT,,427,46.1,nearest non-residential (427)
4315,KIMBERLY PKWY,,420,34.4,nearest non-residential (420)
1869,BAIRSFORD DR,,520,60.5,nearest parcel 60m away (> 60m)
4433,CROSSROADS CENTER,,426,13.8,nearest non-residential (426)
2450,SHORE BLVD W,K,480,98.7,nearest parcel 99m away (> 60m)
1811,BAIRSFORD DR,1I,403,14.8,nearest non-residential (403)
4586,HEMINGWAY CT,,685,133.4,nearest parcel 133m away (> 60m)
4617,REFUGEE RD,2C,403,4.5,nearest non-residential (403)
2445,SHORE BLVD E,E,403,86.4,nearest parcel 86m away (> 60m)
172,CHANTRY DR,,447,15.6,nearest non-residential (447)
136,CHANTRY DR,,447,15.6,nearest non-residential (447)
4655,REFUGEE RD,2D,403,70.0,nearest parcel 70m away (> 60m)
4619,REFUGEE RD,3H,403,74.3,nearest parcel 74m away (> 60m)
5691,MAPLE TREE LN,,403,91.2,nearest parcel 91m away (> 60m)
5827,MAPLE TREE LN,,454,186.6,nearest parcel 187m away (> 60m)
6129,MCNAUGHTEN CT,,425,46.0,nearest non-residential (425)
6539,MCNAUGHTEN CT,,425,46.0,nearest non-residential (425)
6229,MCNAUGHTEN CT,,425,46.0,nearest non-residential (425)
6557,MCNAUGHTEN CT,,425,46.0,nearest non-residential (425)
5945,MORRISSEY ST,,640,54.9,nearest non-residential (640)
2720,BRANDY DR,203,458,57.3,nearest non-residential (458)
5960,SHANA DR,,499,29.6,nearest non-residential (499)
1986,FOUNTAINVIEW CT,D,403,81.5,nearest parcel 82m away (> 60m)
2772,GROSSE POINT,,403,100.1,nearest parcel 100m away (> 60m)
5987,LAKE CLUB SQ,,403,39.1,nearest non-residential (403)
2905,SHILLING DR,,403,30.6,nearest non-residential (403)
3180,ELIM MANOR CT,204,591,26.7,nearest non-residential (591)
3180,ELIM MANOR CT,202,591,31.5,nearest non-residential (591)
2188,ROTUNDA DR,,403,17.6,nearest non-residential (403)
1819,NOE-BIXBY RD,,510,70.7,nearest parcel 71m away (> 60m)
2171,RIVERDALE SQ E,,403,31.5,nearest non-residential (403)
2628,BIRCHTREE WAY,,403,84.1,nearest parcel 84m away (> 60m)
2631,BIRCHTREE CT,,403,62.1,nearest parcel 62m away (> 60m)
3724,WESTPOINT DR,UNIT 1,600,66.6,nearest parcel 67m away (> 60m)
2282,PETZINGER CT,,403,40.4,nearest non-residential (403)
5625,HIBERNIA DR,C,510,84.0,nearest parcel 84m away (> 60m)
5636,HIBERNIA DR,,403,24.3,nearest non-residential (403)
3739,KIMBERLY WEST DR,UNIT 2,403,75.3,nearest parcel 75m away (> 60m)
5645,HIBERNIA DR,,403,93.5,nearest parcel 93m away (> 60m)
5657,HIBERNIA DR,C,510,85.2,nearest parcel 85m away (> 60m)
2210,MUIRWOOD DR,,403,28.0,nearest non-residential (403)
5461,LONSDALE PL S,UNIT C,680,41.2,nearest non-residential (680)
5462,LONSDALE PL N,,403,51.6,nearest non-residential (403)
5476,LONSDALE PL N,UNIT C,403,57.7,nearest non-residential (403)
1551,APPLETON CT,,403,29.1,nearest non-residential (403)
5734,HIBERNIA DR,B,403,70.0,nearest parcel 70m away (> 60m)
5685,BAIRSFORD CIR N,9,403,34.0,nearest non-residential (403)
680,CHANTRY DR,,447,15.6,nearest non-residential (447)
512,CHANTRY DR,,447,15.6,nearest non-residential (447)
562,CHANTRY DR,,447,15.6,nearest non-residential (447)
542,CHANTRY DR,,447,15.6,nearest non-residential (447)
520,CHANTRY DR,,447,15.6,nearest non-residential (447)
2593,SILVER OAK DR,,403,115.8,nearest parcel 116m away (> 60m)
2167,RIVERDALE SQ E,,403,27.6,nearest non-residential (403)
3681,RIVERDALE SQ,,403,23.2,nearest non-residential (403)
3719,BIRCHTREE LN,,403,95.6,nearest parcel 96m away (> 60m)
1744,LONSDALE RD,,401,33.4,nearest non-residential (401)
5427,YORKSHIRE TERRACE DR,2B,403,19.4,nearest non-residential (403)
3379,WINTER LANE PARK,,403,76.0,nearest parcel 76m away (> 60m)
3729,SOFT WIND DR,,403,58.9,nearest non-residential (403)
5689,HIBERNIA DR,C,510,79.6,nearest parcel 80m away (> 60m)
5738,HIBERNIA DR,,403,72.3,nearest parcel 72m away (> 60m)
3228,WINTER LANE PARK,,400,48.2,nearest non-residential (400)
5533,CANTARA PL,3,403,7.2,nearest non-residential (403)
5530,DUNFIELD LN,6,403,14.2,nearest non-residential (403)
1776,MCNAUGHTEN RD,,401,10.3,nearest non-residential (401)
5745,CHANTRY DR,,426,40.7,nearest non-residential (426)
3804,SOFT WIND DR,,403,40.1,nearest non-residential (403)
1995,BAIRSFORD DR,,520,68.4,nearest parcel 68m away (> 60m)
1550,COBORA LN,,403,38.9,nearest non-residential (403)
5775,SPRUCE TREE DR,,400,141.9,nearest parcel 142m away (> 60m)
5889,SHANA DR,,400,54.9,nearest non-residential (400)
6111,MCNAUGHTEN CENTER,,425,32.2,nearest non-residential (425)
6125,MCNAUGHTEN CT,,425,46.0,nearest non-residential (425)
6119,MCNAUGHTEN CT,,425,46.0,nearest non-residential (425)
6287,MCNAUGHTEN CT,,425,46.0,nearest non-residential (425)
6261,MCNAUGHTEN CT,,425,46.0,nearest non-residential (425)
6551,MCNAUGHTEN CT,,425,46.0,nearest non-residential (425)
2192,SUNSHINE PL,,520,99.4,nearest parcel 99m away (> 60m)
2258,MUIRWOOD DR,,403,45.3,nearest non-residential (403)
1811,BAIRSFORD DR,2D,403,31.5,nearest non-residential (403)
5619,AUTUMN CHASE DR,A,411,31.8,nearest non-residential (411)
5900,CHATFORD DR,B,403,116.2,nearest parcel 116m away (> 60m)
5983,LAKE CLUB SQ,A,403,45.1,nearest non-residential (403)
4164,ASTON MARTIN CT,,403,35.2,nearest non-residential (403)
2728,EASTLAND MALL,,427,23.5,nearest non-residential (427)
1772,BAIRSFORD DR,,403,45.8,nearest non-residential (403)
2114,PINE GROVE LN,,403,20.9,nearest non-residential (403)
2109,PINE GROVE LN,,403,42.3,nearest non-residential (403)
1874,COVENTRY CT,A,403,50.8,nearest non-residential (403)
2818,BANWICK RD,,351,95.2,nearest parcel 95m away (> 60m)
2719,EASTLAND MALL,,427,61.0,nearest parcel 61m away (> 60m)
4283,EASTLAND SQUARE DR,,422,81.6,nearest parcel 82m away (> 60m)
5685,BAIRSFORD CIR N,14,403,28.4,nearest non-residential (403)
110,CHANTRY DR,,447,15.6,nearest non-residential (447)
34,CHANTRY DR,,447,15.6,nearest non-residential (447)
5081,CEDAR DR,K,,11.9,nearest non-residential ()
2305,HAMILTON RD,,425,14.2,nearest non-residential (425)
2853,CITIZENS PL,F,436,106.4,nearest parcel 106m away (> 60m)
5727,CHANTRY DR,,429,80.8,nearest parcel 81m away (> 60m)
5725,GREENPINE ST,,400,78.9,nearest parcel 79m away (> 60m)
2512,EASTERN PINE RD,,403,129.4,nearest parcel 129m away (> 60m)
5807,MAPLE TREE LN,,454,166.7,nearest parcel 167m away (> 60m)
5904,SHANA DR,,403,44.2,nearest non-residential (403)
2776,CITIZENS PL,G,403,102.5,nearest parcel 103m away (> 60m)
2755,TENNYSON BLVD,C,403,101.3,nearest parcel 101m away (> 60m)
2735,TENNYSON BLVD,D,403,153.0,nearest parcel 153m away (> 60m)
4593,REFUGEE RD,1F,403,76.2,nearest parcel 76m away (> 60m)
4600,CHANNING TER,,403,137.8,nearest parcel 138m away (> 60m)
1560,ABRAHAM WOODS,,,14.3,nearest non-residential ()
6697,MCNAUGHTEN CT,,425,46.0,nearest non-residential (425)
5952,ABERNATHY LN,,,16.6,nearest non-residential ()
5945,SHANA DR,,403,49.2,nearest non-residential (403)
5884,CHATFORD DR,D,403,58.9,nearest non-residential (403)
5896,CHATFORD DR,G,403,105.1,nearest parcel 105m away (> 60m)
2471,SHORE BLVD E,A,403,140.4,nearest parcel 140m away (> 60m)
4661,REFUGEE RD,1B,403,63.0,nearest parcel 63m away (> 60m)
4630,HILTON CORPORATE DR,209,411,94.0,nearest parcel 94m away (> 60m)
1904,FOUNTAINVIEW CT,,403,107.7,nearest parcel 108m away (> 60m)
2536,SCARBOROUGH SQ,12,425,50.9,nearest non-residential (425)
5356,YORKSHIRE TERRACE DR,B,403,32.2,nearest non-residential (403)
5543,HIBERNIA DR,C,640,81.6,nearest parcel 82m away (> 60m)
4800,LARAINE CT,204,403,45.9,nearest non-residential (403)
2360,NOE-BIXBY RD,,500,25.4,nearest=vacant land
3164,WEBSTER DR,,685,47.1,nearest non-residential (685)
2330,NOE-BIXBY RD,,500,34.6,nearest=vacant land
3395,SUFFIELD,,510,105.3,nearest parcel 105m away (> 60m)
5545,CANTARA PL,1,403,32.5,nearest non-residential (403)
3366,SUFFIELD,,510,64.4,nearest parcel 64m away (> 60m)
2023,BAIRSFORD DR,1G,520,64.7,nearest parcel 65m away (> 60m)
1835,BAIRSFORD DR,,403,76.3,nearest parcel 76m away (> 60m)
3243,WEBSTER DR,,403,69.3,nearest parcel 69m away (> 60m)
5015,COVENTRY DR,,403,35.2,nearest non-residential (403)
1813,BAIRSFORD DR,1H,403,20.6,nearest non-residential (403)
2904,SHILLING DR,,403,60.5,nearest parcel 60m away (> 60m)
5099,CEDAR DR,G,,18.8,nearest non-residential ()
5121,CEDAR DR,D,,21.3,nearest non-residential ()
5165,CEDAR DR,C,,23.6,nearest non-residential ()
5592,BAIRSFORD CIR N,,403,56.8,nearest non-residential (403)
5619,AUTUMN CHASE DR,,411,31.8,nearest non-residential (411)
4569,MONMOUTH CT,,403,51.7,nearest non-residential (403)
4611,REFUGEE RD,1B,403,74.2,nearest parcel 74m away (> 60m)
4593,REFUGEE RD,3I,403,63.5,nearest parcel 63m away (> 60m)
4585,ISINGTON CT,B,685,141.9,nearest parcel 142m away (> 60m)
2489,SHORE BLVD E,,403,134.7,nearest parcel 135m away (> 60m)
4590,LAKE SIDE N,K,351,148.1,nearest parcel 148m away (> 60m)
2851,CITIZENS PL,G,435,87.9,nearest parcel 88m away (> 60m)
2785,CITIZENS PL,G,403,111.7,nearest parcel 112m away (> 60m)
1764,BAIRSFORD DR,,400,58.5,nearest non-residential (400)
2801,BERWICK SQ,,403,6.1,nearest non-residential (403)
2720,BRANDY DR,202,458,53.2,nearest non-residential (458)
2608,NOE-BIXBY RD,C,510,65.5,nearest parcel 65m away (> 60m)
4561,MANDEVILLE CT,D,455,102.7,nearest parcel 103m away (> 60m)
2935,TENNYSON BLVD,B,455,127.8,nearest parcel 128m away (> 60m)
4545,LAKE SIDE S,D,122,95.2,nearest parcel 95m away (> 60m)
2411,SHORE BLVD E,I,403,61.8,nearest parcel 62m away (> 60m)
4594,ISINGTON CT,203,403,104.7,nearest parcel 105m away (> 60m)
4587,LAKE SIDE S,,122,83.9,nearest parcel 84m away (> 60m)
5564,CHANTRY DR,,403,57.4,nearest non-residential (403)
266,CHANTRY DR,,447,15.6,nearest non-residential (447)
3314,TRADAN DR,,403,11.4,nearest non-residential (403)
4593,LAKE SIDE S,,122,96.9,nearest parcel 97m away (> 60m)
2491,SHORE BLVD E,A,122,137.2,nearest parcel 137m away (> 60m)
4611,REFUGEE RD,1D,403,91.6,nearest parcel 92m away (> 60m)
4619,REFUGEE RD,3E,403,85.1,nearest parcel 85m away (> 60m)
4671,REFUGEE RD,2A,403,13.1,nearest non-residential (403)
4665,REFUGEE RD,2J,403,54.8,nearest non-residential (403)
4630,HILTON CORPORATE DR,102,411,123.4,nearest parcel 123m away (> 60m)
4643,COLERIDGE CT,,403,27.2,nearest non-residential (403)
2824,TENNYSON BLVD,C,403,106.6,nearest parcel 107m away (> 60m)
4644,HEBRIDES DR,C,403,116.4,nearest parcel 116m away (> 60m)
4671,REFUGEE RD,3F,403,27.3,nearest non-residential (403)
5688,GREENPINE ST,,400,59.3,nearest non-residential (400)
2521,EASTERN PINE RD,,403,74.7,nearest parcel 75m away (> 60m)
6637,MCNAUGHTEN CT,,425,46.0,nearest non-residential (425)
6427,MCNAUGHTEN CT,,425,46.0,nearest non-residential (425)
6465,MCNAUGHTEN CT,,425,46.0,nearest non-residential (425)
2486,FOREST GREEN CT,,401,74.4,nearest parcel 74m away (> 60m)
3687,FARTHING LN,,403,55.3,nearest non-residential (403)
2794,GROSSE POINT,,403,61.1,nearest parcel 61m away (> 60m)
4802,ROLLINGBROOK LN,B,403,17.9,nearest non-residential (403)
1905,NOE-BIXBY RD,,403,79.6,nearest parcel 80m away (> 60m)
1991,FOUNTAINVIEW CT,,403,84.3,nearest parcel 84m away (> 60m)
2007,FOUNTAINVIEW CT,,403,95.5,nearest parcel 95m away (> 60m)
1973,FOUNTAINVIEW CT,,403,39.4,nearest non-residential (403)
4794,REFUGEE RD,D,510,60.6,nearest parcel 61m away (> 60m)
5916,CHATFORD DR,A,449,140.0,nearest parcel 140m away (> 60m)
1883,FOUNTAINVIEW CT,,403,56.1,nearest non-residential (403)
2158,RIVERDALE SQ W,,625,46.8,nearest non-residential (625)
3705,KNIGHTSWAY LN,,403,107.3,nearest parcel 107m away (> 60m)
2584,SUMMERWAY CT,,403,27.8,nearest non-residential (403)
4956,OLDE COVENTRY RD W,,403,118.2,nearest parcel 118m away (> 60m)
4990,MYERS RD,,403,34.1,nearest non-residential (403)
1814,NOE-BIXBY RD,UNIT B,510,75.6,nearest parcel 76m away (> 60m)
3731,KIMBERLY WEST DR,UNIT 2,600,88.5,nearest parcel 89m away (> 60m)
2281,PETZINGER CT,,640,59.8,nearest non-residential (640)
3759,KIMBERLY WEST DR,,403,57.9,nearest non-residential (403)
3769,KIMBERLY WEST DR,UNIT 5,403,75.7,nearest parcel 76m away (> 60m)
2605,KIMBERLY PKWY W,,403,15.7,nearest non-residential (403)
1898,COVENTRY CT,A,403,65.5,nearest parcel 65m away (> 60m)
5044,COVENTRY DR,A,403,68.1,nearest parcel 68m away (> 60m)
3890,REFUGEE RD,,467,39.1,nearest non-residential (467)
3728,SOFT WIND DR,,520,104.0,nearest parcel 104m away (> 60m)
2169,RIVERDALE SQ E,,403,28.4,nearest non-residential (403)
2165,RIVERDALE SQ E,,403,26.9,nearest non-residential (403)
3658,RIVERDALE SQ,,403,57.2,nearest non-residential (403)
5099,CEDAR DR,F,,16.5,nearest non-residential ()
5123,CEDAR DR,F,,7.5,nearest non-residential ()
3714,KNIGHTSWAY LN,,403,90.6,nearest parcel 91m away (> 60m)
3589,ARIEL DR,,403,26.7,nearest non-residential (403)
2342,RANDY CT,,403,58.0,nearest non-residential (403)
4091,ROLLS ROYCE CT,,403,140.4,nearest parcel 140m away (> 60m)
4085,JENERA PL,,403,75.5,nearest parcel 75m away (> 60m)
2284,SEVILLE AVE,,403,25.5,nearest non-residential (403)
2272,SEVILLE AVE,,403,12.7,nearest non-residential (403)
3725,KIMBERLY WEST DR,UNIT 3,600,78.7,nearest parcel 79m away (> 60m)
2275,PETZINGER CT,,420,58.0,nearest non-residential (420)
3747,KIMBERLY WEST DR,UNIT 2,403,66.0,nearest parcel 66m away (> 60m)
3750,WESTPOINT DR,UNIT 5,403,54.3,nearest non-residential (403)
3760,WESTPOINT DR,UNIT 1,403,29.4,nearest non-residential (403)
3752,KIMBERLY WEST DR,,403,81.2,nearest parcel 81m away (> 60m)
3738,EMRICK CT,,403,42.9,nearest non-residential (403)
2577,KIMBERLY PKWY W,,403,81.9,nearest parcel 82m away (> 60m)
3774,WESTPOINT DR,UNIT 4,403,51.7,nearest non-residential (403)
5491,RED BIRD CT,,402,1.8,nearest non-residential (402)
4259,DONLYN CT,,447,41.9,nearest non-residential (447)
2801,LONGFELLOW ST,,458,12.7,nearest non-residential (458)
3899,RIVERCREEK BAY WAY,,403,56.2,nearest non-residential (403)
3996,SOLDIER ST,,500,45.3,nearest=vacant land
4251,MACSWAY AVE,,422,57.7,nearest non-residential (422)
2197,SUNSHINE PL,,403,41.5,nearest non-residential (403)
2088,SUNSHINE PL,,403,74.5,nearest parcel 74m away (> 60m)
2196,SUNSHINE PL,,520,109.0,nearest parcel 109m away (> 60m)
1734,LONSDALE RD,UNIT B,401,33.7,nearest non-residential (401)
5726,HIBERNIA DR,C,403,82.2,nearest parcel 82m away (> 60m)
2177,MUIRWOOD DR,,400,115.2,nearest parcel 115m away (> 60m)
2204,MUIRWOOD DR,,403,40.5,nearest non-residential (403)
2210,SEVILLE AVE,,403,94.2,nearest parcel 94m away (> 60m)
5442,CHATFORD SQ,,403,41.4,nearest non-residential (403)
5514,E LIVINGSTON AVE,,,16.8,nearest non-residential ()
1558,APPLETON CT,,403,10.5,nearest non-residential (403)
3342,SUFFIELD,,510,68.2,nearest parcel 68m away (> 60m)
2845,CITIZENS PL,F,499,70.6,nearest parcel 71m away (> 60m)
2843,CITIZENS PL,E,499,93.9,nearest parcel 94m away (> 60m)
2740,CITIZENS PL,A,403,164.4,nearest parcel 164m away (> 60m)
4209,DONLYN CT,,685,73.7,nearest parcel 74m away (> 60m)
1967,BAIRSFORD DR,,520,70.2,nearest parcel 70m away (> 60m)
1789,BAIRSFORD CIR W,,403,53.0,nearest non-residential (403)
2635,WINCHESTER PIKE,,465,88.3,nearest parcel 88m away (> 60m)
2731,WINCHESTER PIKE,,458,80.3,nearest parcel 80m away (> 60m)
6043,RADEKIN RD,,500,9.0,nearest=vacant land
2960,NOE-BIXBY RD,,420,28.1,nearest non-residential (420)
3995,GROVES RD,UNIT S,352,72.9,nearest parcel 73m away (> 60m)
3995,GROVES RD,UNIT B,352,53.5,nearest non-residential (352)
3995,GROVES RD,UNIT A,352,39.9,nearest non-residential (352)
2092,NOE-BIXBY RD,,,239.6,nearest parcel 240m away (> 60m)
2140,S HAMILTON RD,,429,51.1,nearest non-residential (429)
4414,REFUGEE RD,,685,65.9,nearest parcel 66m away (> 60m)
2837,S HAMILTON RD,,467,73.6,nearest parcel 74m away (> 60m)
3325,WINCHESTER PIKE,,499,9.4,nearest non-residential (499)
5076,WINCHESTER PIKE,,501,160.6,nearest parcel 161m away (> 60m)
6161,MCNAUGHTEN WOODS DR,,,41.8,nearest non-residential ()
5712,SARANAC DR,,511,76.4,nearest parcel 76m away (> 60m)
5710,SARANAC DR,,550,67.0,nearest parcel 67m away (> 60m)
5885,CHANTRY DR,,422,68.2,nearest parcel 68m away (> 60m)
2734,OLD COURTRIGHT RD,UNIT K,400,53.8,nearest non-residential (400)
2734,OLD COURTRIGHT RD,UNIT H,400,45.3,nearest non-residential (400)
2734,OLD COURTRIGHT RD,UNIT J,400,52.8,nearest non-residential (400)
2734,OLD COURTRIGHT RD,UNIT L,455,46.7,nearest non-residential (455)
2676,COURTRIGHT RD,,429,53.1,nearest non-residential (429)
2734,OLD COURTRIGHT RD,UNIT G,400,27.5,nearest non-residential (400)
2734,OLD COURTRIGHT RD,UNIT I,400,49.4,nearest non-residential (400)
2680,COURTRIGHT RD,,429,57.3,nearest non-residential (429)
2734,OLD COURTRIGHT RD,UNIT C,400,70.6,nearest parcel 71m away (> 60m)
2734,OLD COURTRIGHT RD,UNIT D,400,59.8,nearest non-residential (400)
2734,OLD COURTRIGHT RD,UNIT M,455,44.6,nearest non-residential (455)
4685,GROVES RD,,500,77.3,nearest parcel 77m away (> 60m)
2734,OLD COURTRIGHT RD,UNIT E,400,61.2,nearest parcel 61m away (> 60m)
2678,COURTRIGHT RD,,429,60.7,nearest parcel 61m away (> 60m)
2734,OLD COURTRIGHT RD,UNIT B,400,69.3,nearest parcel 69m away (> 60m)
2734,OLD COURTRIGHT RD,UNIT A,400,72.7,nearest parcel 73m away (> 60m)
2734,OLD COURTRIGHT RD,UNIT F,400,53.0,nearest non-residential (400)
4681,GROVES RD,,499,89.8,nearest parcel 90m away (> 60m)
4683,GROVES RD,,499,71.4,nearest parcel 71m away (> 60m)
2357,S HAMILTON RD,,442,13.5,nearest non-residential (442)
4170,CADILLAC CT,,685,120.6,nearest parcel 121m away (> 60m)
4093,PORSCHE CT,,680,76.6,nearest parcel 77m away (> 60m)
2437,CORVETTE CT,,680,100.5,nearest parcel 101m away (> 60m)
4169,ASTON MARTIN CT,,403,53.5,nearest non-residential (403)
2382,MERCEDES LN,,403,17.0,nearest non-residential (403)
2379,MERCEDES LN,,403,43.4,nearest non-residential (403)
4082,ROLLS ROYCE CT,,520,131.6,nearest parcel 132m away (> 60m)
2243,COURTSIDE DR,,400,66.9,nearest parcel 67m away (> 60m)
5609,E MAIN ST,,403,90.4,nearest parcel 90m away (> 60m)
2337,KIMBERLY PKWY E,,447,17.6,nearest non-residential (447)
2256,COURTRIGHT RD,,420,44.2,nearest non-residential (420)
2729,S HAMILTON RD,,427,10.5,nearest non-residential (427)
4741,COMET RD,,500,26.2,nearest=vacant land
5046,BOTSFORD DR,,510,63.5,nearest parcel 64m away (> 60m)
2846,S HAMILTON RD,,427,42.8,nearest non-residential (427)
2806,S HAMILTON RD,,435,76.6,nearest parcel 77m away (> 60m)
2664,S HAMILTON RD,,435,72.1,nearest parcel 72m away (> 60m)
2376,S HAMILTON RD,,685,54.5,nearest non-residential (685)
2863,S HAMILTON RD,,467,20.2,nearest non-residential (467)
2186,S HAMILTON RD,,458,45.1,nearest non-residential (458)
5782,CHANTRY DR,,436,94.9,nearest parcel 95m away (> 60m)
4120,TRURO STATION RD,,480,94.2,nearest parcel 94m away (> 60m)
5785,CAESAR CREEK LN,UNIT 302,403,72.3,nearest parcel 72m away (> 60m)
3247,RABBIT HILL LN,,403,54.7,nearest non-residential (403)
3238,RABBIT HILL LN,,403,57.0,nearest non-residential (403)
3201,RABBIT HILL LN,,510,98.5,nearest parcel 98m away (> 60m)
5787,ROSEBRIAR LN,UNIT 304,403,48.5,nearest non-residential (403)
3207,RABBIT HILL LN,,510,98.8,nearest parcel 99m away (> 60m)
5773,ROSEBRIAR LN,UNIT 102,403,20.0,nearest non-residential (403)
5787,ROSEBRIAR LN,UNIT 204,403,48.6,nearest non-residential (403)
5785,CAESAR CREEK LN,UNIT 104,403,69.6,nearest parcel 70m away (> 60m)
5785,CAESAR CREEK LN,UNIT 202,403,72.4,nearest parcel 72m away (> 60m)
3206,RABBIT HILL LN,UNIT 302,510,113.9,nearest parcel 114m away (> 60m)
5771,CAESAR CREEK LN,UNIT 103,403,61.0,nearest parcel 61m away (> 60m)
3199,RABBIT HILL LN,,510,98.3,nearest parcel 98m away (> 60m)
3249,RABBIT HILL LN,,403,55.2,nearest non-residential (403)
3333,RABBIT HILL LN,,501,55.6,nearest=vacant land
5774,CEDAR FALLS LN,UNIT 201,403,55.5,nearest non-residential (403)
5774,CEDAR FALLS LN,UNIT 301,403,55.5,nearest non-residential (403)
3251,RABBIT HILL LN,,403,50.7,nearest non-residential (403)
5787,ROSEBRIAR LN,UNIT 203,403,50.6,nearest non-residential (403)
5774,CEDAR FALLS LN,UNIT 302,403,63.6,nearest parcel 64m away (> 60m)
3206,RABBIT HILL LN,UNIT 101,510,114.6,nearest parcel 115m away (> 60m)
3291,RABBIT HILL LN,,403,58.9,nearest non-residential (403)
5866,CEDAR FALLS LN,,500,99.2,nearest parcel 99m away (> 60m)
5785,CAESAR CREEK LN,UNIT 301,403,65.7,nearest parcel 66m away (> 60m)
3220,RABBIT HILL LN,UNIT 103,403,94.3,nearest parcel 94m away (> 60m)
5862,CEDAR FALLS LN,,403,101.5,nearest parcel 101m away (> 60m)
5787,ROSEBRIAR LN,UNIT 101,403,43.8,nearest non-residential (403)
5773,ROSEBRIAR LN,UNIT 201,403,13.8,nearest non-residential (403)
5787,ROSEBRIAR LN,UNIT 301,403,43.3,nearest non-residential (403)
3206,RABBIT HILL LN,UNIT 303,510,119.3,nearest parcel 119m away (> 60m)
5792,FERN HILL LN,,510,91.7,nearest parcel 92m away (> 60m)
5771,CAESAR CREEK LN,UNIT 203,403,60.9,nearest parcel 61m away (> 60m)
5900,CEDAR FALLS LN,,500,36.8,nearest=vacant land
5787,ROSEBRIAR LN,UNIT 104,403,49.0,nearest non-residential (403)
5787,ROSEBRIAR LN,UNIT 303,403,50.5,nearest non-residential (403)
3195,RABBIT HILL LN,,510,97.7,nearest parcel 98m away (> 60m)
3206,RABBIT HILL LN,UNIT 202,510,114.0,nearest parcel 114m away (> 60m)
5778,FERN HILL LN,,510,94.3,nearest parcel 94m away (> 60m)
5785,CAESAR CREEK LN,UNIT 101,403,66.0,nearest parcel 66m away (> 60m)
5796,FERN HILL LN,,510,88.3,nearest parcel 88m away (> 60m)
3323,RABBIT HILL LN,,501,79.6,nearest parcel 80m away (> 60m)
3206,RABBIT HILL LN,UNIT 201,510,114.2,nearest parcel 114m away (> 60m)
5767,FERN HILL LN,,510,69.0,nearest parcel 69m away (> 60m)
5892,CEDAR FALLS LN,,500,48.6,nearest=vacant land
3220,RABBIT HILL LN,UNIT 102,403,99.6,nearest parcel 100m away (> 60m)
5771,CAESAR CREEK LN,UNIT 204,403,52.7,nearest non-residential (403)
5804,CEDAR FALLS LN,,403,87.8,nearest parcel 88m away (> 60m)
5771,CAESAR CREEK LN,UNIT 102,403,59.7,nearest non-residential (403)
5771,CAESAR CREEK LN,,403,48.8,nearest non-residential (403)
3327,RABBIT HILL LN,,501,67.7,nearest parcel 68m away (> 60m)
3206,RABBIT HILL LN,UNIT 102,510,114.5,nearest parcel 114m away (> 60m)
3285,RABBIT HILL LN,,403,51.0,nearest non-residential (403)
3315,RABBIT HILL LN,,501,97.2,nearest parcel 97m away (> 60m)
5788,FERN HILL LN,,510,92.5,nearest parcel 92m away (> 60m)
3220,RABBIT HILL LN,UNIT 303,403,94.8,nearest parcel 95m away (> 60m)
5868,CEDAR FALLS LN,,500,91.3,nearest parcel 91m away (> 60m)
5894,CEDAR FALLS LN,,500,48.4,nearest=vacant land
5787,ROSEBRIAR LN,,403,45.8,nearest non-residential (403)
5774,CEDAR FALLS LN,UNIT 102,403,63.7,nearest parcel 64m away (> 60m)
3227,RABBIT HILL LN,,403,92.1,nearest parcel 92m away (> 60m)
3283,RABBIT HILL LN,,403,46.0,nearest non-residential (403)
5799,CHATTERTON RD,,510,93.5,nearest parcel 93m away (> 60m)
5771,CAESAR CREEK LN,UNIT 201,403,51.1,nearest non-residential (403)
3309,RABBIT HILL LN,,510,103.5,nearest parcel 104m away (> 60m)
5860,CEDAR FALLS LN,,403,101.6,nearest parcel 102m away (> 60m)
3299,RABBIT HILL LN,,403,73.9,nearest parcel 74m away (> 60m)
5773,ROSEBRIAR LN,UNIT 104,403,19.0,nearest non-residential (403)
5800,FERN HILL LN,,510,79.9,nearest parcel 80m away (> 60m)
3267,RABBIT HILL LN,,403,41.2,nearest non-residential (403)
5782,FERN HILL LN,,510,93.6,nearest parcel 94m away (> 60m)
3325,RABBIT HILL LN,,501,72.3,nearest parcel 72m away (> 60m)
5758,ROSEBRIAR LN,,403,23.1,nearest non-residential (403)
3243,RABBIT HILL LN,,403,65.8,nearest parcel 66m away (> 60m)
3259,RABBIT HILL LN,,403,43.5,nearest non-residential (403)
5898,CEDAR FALLS LN,,500,48.3,nearest=vacant land
5788,CEDAR FALLS LN,UNIT 102,403,78.0,nearest parcel 78m away (> 60m)
5774,CEDAR FALLS LN,UNIT 304,403,57.2,nearest non-residential (403)
3271,RABBIT HILL LN,,403,45.8,nearest non-residential (403)
3219,RABBIT HILL LN,,510,90.2,nearest parcel 90m away (> 60m)
3220,RABBIT HILL LN,,403,97.0,nearest parcel 97m away (> 60m)
5773,ROSEBRIAR LN,,403,15.1,nearest non-residential (403)
3311,RABBIT HILL LN,,501,102.9,nearest parcel 103m away (> 60m)
5787,ROSEBRIAR LN,UNIT 102,403,46.0,nearest non-residential (403)
5795,CEDAR FALLS LN,,403,62.5,nearest parcel 62m away (> 60m)
3229,RABBIT HILL LN,,403,84.3,nearest parcel 84m away (> 60m)
3321,RABBIT HILL LN,,501,84.1,nearest parcel 84m away (> 60m)
3220,RABBIT HILL LN,UNIT 203,403,94.7,nearest parcel 95m away (> 60m)
5886,CEDAR FALLS LN,,500,58.1,nearest=vacant land
3329,RABBIT HILL LN,,501,66.5,nearest parcel 67m away (> 60m)
5864,CEDAR FALLS LN,,500,99.3,nearest parcel 99m away (> 60m)
3257,RABBIT HILL LN,,403,46.4,nearest non-residential (403)
5788,CEDAR FALLS LN,UNIT 202,403,77.8,nearest parcel 78m away (> 60m)
5767,CAESAR CREEK LN,,403,54.0,nearest non-residential (403)
5884,CEDAR FALLS LN,,500,58.1,nearest=vacant land
3277,RABBIT HILL LN,,403,40.1,nearest non-residential (403)
5891,CEDAR FALLS LN,,500,75.1,nearest parcel 75m away (> 60m)
3223,RABBIT HILL LN,,510,94.4,nearest parcel 94m away (> 60m)
3331,RABBIT HILL LN,,501,62.2,nearest parcel 62m away (> 60m)
5774,CEDAR FALLS LN,UNIT 203,403,65.2,nearest parcel 65m away (> 60m)
5803,ROSEBRIAR LN,,403,63.0,nearest parcel 63m away (> 60m)
5785,CAESAR CREEK LN,UNIT 303,403,75.6,nearest parcel 76m away (> 60m)
5788,CEDAR FALLS LN,,403,82.4,nearest parcel 82m away (> 60m)
5896,CEDAR FALLS LN,,500,48.0,nearest=vacant land
3235,RABBIT HILL LN,,403,78.6,nearest parcel 79m away (> 60m)
3275,RABBIT HILL LN,,403,48.0,nearest non-residential (403)
3220,RABBIT HILL LN,UNIT 301,403,99.8,nearest parcel 100m away (> 60m)
3263,RABBIT HILL LN,,403,41.2,nearest non-residential (403)
5773,ROSEBRIAR LN,UNIT 101,403,14.2,nearest non-residential (403)
5785,CAESAR CREEK LN,UNIT 204,403,69.3,nearest parcel 69m away (> 60m)
5771,CAESAR CREEK LN,UNIT 303,403,60.8,nearest parcel 61m away (> 60m)
5888,CEDAR FALLS LN,,500,57.2,nearest=vacant land
3295,RABBIT HILL LN,,403,69.0,nearest parcel 69m away (> 60m)
5876,CEDAR FALLS LN,,500,78.7,nearest parcel 79m away (> 60m)
3211,RABBIT HILL LN,,510,99.2,nearest parcel 99m away (> 60m)
5771,CAESAR CREEK LN,UNIT 202,403,59.6,nearest non-residential (403)
3297,RABBIT HILL LN,,403,70.0,nearest parcel 70m away (> 60m)
3313,RABBIT HILL LN,,501,101.7,nearest parcel 102m away (> 60m)
3231,RABBIT HILL LN,,403,84.7,nearest parcel 85m away (> 60m)
5785,CAESAR CREEK LN,UNIT 102,403,72.6,nearest parcel 73m away (> 60m)
3191,RABBIT HILL LN,,510,92.0,nearest parcel 92m away (> 60m)
3206,RABBIT HILL LN,UNIT 203,510,119.4,nearest parcel 119m away (> 60m)
5785,CAESAR CREEK LN,UNIT 203,403,75.7,nearest parcel 76m away (> 60m)
5788,CEDAR FALLS LN,UNIT 201,403,71.3,nearest parcel 71m away (> 60m)
3293,RABBIT HILL LN,,403,65.1,nearest parcel 65m away (> 60m)
3206,RABBIT HILL LN,UNIT 103,510,119.8,nearest parcel 120m away (> 60m)
5785,CAESAR CREEK LN,UNIT 201,403,65.7,nearest parcel 66m away (> 60m)
3213,RABBIT HILL LN,,510,99.3,nearest parcel 99m away (> 60m)
5788,CEDAR FALLS LN,UNIT 203,403,81.1,nearest parcel 81m away (> 60m)
5788,CEDAR FALLS LN,UNIT 302,403,77.7,nearest parcel 78m away (> 60m)
3253,RABBIT HILL LN,,403,50.5,nearest non-residential (403)
3265,RABBIT HILL LN,,403,41.6,nearest non-residential (403)
5787,ROSEBRIAR LN,UNIT 202,403,45.6,nearest non-residential (403)
5771,CAESAR CREEK LN,UNIT 104,403,52.9,nearest non-residential (403)
5771,CAESAR CREEK LN,UNIT 101,403,51.2,nearest non-residential (403)
3261,RABBIT HILL LN,,403,43.2,nearest non-residential (403)
5773,ROSEBRIAR LN,UNIT 103,403,23.6,nearest non-residential (403)
5797,CHATTERTON RD,,510,112.2,nearest parcel 112m away (> 60m)
3220,RABBIT HILL LN,UNIT 101,403,99.2,nearest parcel 99m away (> 60m)
3220,RABBIT HILL LN,UNIT 304,403,94.4,nearest parcel 94m away (> 60m)
3289,RABBIT HILL LN,,403,55.3,nearest non-residential (403)
3255,RABBIT HILL LN,,403,45.9,nearest non-residential (403)
5774,CEDAR FALLS LN,UNIT 204,403,57.3,nearest non-residential (403)
3206,RABBIT HILL LN,UNIT 304,510,119.5,nearest parcel 119m away (> 60m)
3194,RABBIT HILL LN,,510,100.8,nearest parcel 101m away (> 60m)
5776,FERN HILL LN,,510,95.2,nearest parcel 95m away (> 60m)
3221,RABBIT HILL LN,,510,94.7,nearest parcel 95m away (> 60m)
5787,ROSEBRIAR LN,UNIT 302,403,45.5,nearest non-residential (403)
3233,RABBIT HILL LN,,403,78.5,nearest parcel 79m away (> 60m)
5788,CEDAR FALLS LN,UNIT 304,403,74.9,nearest parcel 75m away (> 60m)
5751,CHATTERTON RD,,510,76.6,nearest parcel 77m away (> 60m)
3225,RABBIT HILL LN,,403,92.0,nearest parcel 92m away (> 60m)
5774,CEDAR FALLS LN,UNIT 303,403,65.2,nearest parcel 65m away (> 60m)
5785,CAESAR CREEK LN,UNIT 304,403,69.3,nearest parcel 69m away (> 60m)
3197,RABBIT HILL LN,,510,98.1,nearest parcel 98m away (> 60m)
5773,ROSEBRIAR LN,UNIT 304,403,18.5,nearest non-residential (403)
5773,ROSEBRIAR LN,UNIT 202,403,19.7,nearest non-residential (403)
3220,RABBIT HILL LN,UNIT 204,403,94.3,nearest parcel 94m away (> 60m)
5774,CEDAR FALLS LN,,403,67.8,nearest parcel 68m away (> 60m)
3220,RABBIT HILL LN,UNIT 202,403,100.0,nearest parcel 100m away (> 60m)
5773,ROSEBRIAR LN,UNIT 301,403,13.8,nearest non-residential (403)
5870,CEDAR FALLS LN,,500,91.3,nearest parcel 91m away (> 60m)
3279,RABBIT HILL LN,,403,42.6,nearest non-residential (403)
5774,CEDAR FALLS LN,UNIT 104,403,57.4,nearest non-residential (403)
3193,RABBIT HILL LN,,510,96.1,nearest parcel 96m away (> 60m)
5773,ROSEBRIAR LN,UNIT 204,403,18.6,nearest non-residential (403)
3203,RABBIT HILL LN,,510,98.6,nearest parcel 99m away (> 60m)
5785,CAESAR CREEK LN,,403,65.2,nearest parcel 65m away (> 60m)
5787,ROSEBRIAR LN,UNIT 201,403,43.4,nearest non-residential (403)
5872,CEDAR FALLS LN,,500,85.2,nearest parcel 85m away (> 60m)
5771,CAESAR CREEK LN,UNIT 304,403,52.7,nearest non-residential (403)
5771,CAESAR CREEK LN,UNIT 301,403,51.1,nearest non-residential (403)
5854,CEDAR FALLS LN,,403,104.8,nearest parcel 105m away (> 60m)
3220,RABBIT HILL LN,UNIT 302,403,100.1,nearest parcel 100m away (> 60m)
3281,RABBIT HILL LN,,403,43.2,nearest non-residential (403)
3205,RABBIT HILL LN,,510,98.8,nearest parcel 99m away (> 60m)
3206,RABBIT HILL LN,UNIT 104,510,120.0,nearest parcel 120m away (> 60m)
5856,CEDAR FALLS LN,,403,103.0,nearest parcel 103m away (> 60m)
5774,CEDAR FALLS LN,UNIT 103,403,65.4,nearest parcel 65m away (> 60m)
5788,CEDAR FALLS LN,UNIT 103,403,81.4,nearest parcel 81m away (> 60m)
3269,RABBIT HILL LN,,403,40.8,nearest non-residential (403)
5771,CAESAR CREEK LN,UNIT 302,403,59.5,nearest non-residential (403)
5798,SUNSHINE BROOK LN,,510,62.5,nearest parcel 62m away (> 60m)
3209,RABBIT HILL LN,,510,99.1,nearest parcel 99m away (> 60m)
5785,CAESAR CREEK LN,UNIT 103,403,75.9,nearest parcel 76m away (> 60m)
5874,CEDAR FALLS LN,,500,85.1,nearest parcel 85m away (> 60m)
5788,CEDAR FALLS LN,UNIT 101,403,71.6,nearest parcel 72m away (> 60m)
3317,RABBIT HILL LN,,501,89.7,nearest parcel 90m away (> 60m)
5780,FERN HILL LN,,510,94.1,nearest parcel 94m away (> 60m)
5774,CEDAR FALLS LN,UNIT 202,403,63.6,nearest parcel 64m away (> 60m)
3206,RABBIT HILL LN,,510,116.9,nearest parcel 117m away (> 60m)
5790,FERN HILL LN,,510,91.9,nearest parcel 92m away (> 60m)
3241,RABBIT HILL LN,,403,65.8,nearest parcel 66m away (> 60m)
3237,RABBIT HILL LN,,403,71.1,nearest parcel 71m away (> 60m)
5890,CEDAR FALLS LN,,500,57.6,nearest=vacant land
3220,RABBIT HILL LN,UNIT 201,403,99.7,nearest parcel 100m away (> 60m)
5798,FERN HILL LN,,510,83.8,nearest parcel 84m away (> 60m)
5774,CEDAR FALLS LN,UNIT 101,403,55.6,nearest non-residential (403)
5773,ROSEBRIAR LN,UNIT 302,403,19.7,nearest non-residential (403)
5787,ROSEBRIAR LN,UNIT 103,403,51.0,nearest non-residential (403)
5786,FERN HILL LN,,510,92.6,nearest parcel 93m away (> 60m)
5747,CHATTERTON RD,,510,77.6,nearest parcel 78m away (> 60m)
3206,RABBIT HILL LN,UNIT 204,510,119.6,nearest parcel 120m away (> 60m)
3206,RABBIT HILL LN,UNIT 301,510,114.1,nearest parcel 114m away (> 60m)
5788,CEDAR FALLS LN,UNIT 301,403,71.2,nearest parcel 71m away (> 60m)
3319,RABBIT HILL LN,,501,85.2,nearest parcel 85m away (> 60m)
3287,RABBIT HILL LN,,403,54.4,nearest non-residential (403)
5773,ROSEBRIAR LN,UNIT 303,403,23.2,nearest non-residential (403)
5852,CEDAR FALLS LN,,403,104.6,nearest parcel 105m away (> 60m)
5788,CEDAR FALLS LN,UNIT 303,403,81.1,nearest parcel 81m away (> 60m)
3220,RABBIT HILL LN,UNIT 104,403,93.8,nearest parcel 94m away (> 60m)
5784,FERN HILL LN,,510,93.3,nearest parcel 93m away (> 60m)
3215,RABBIT HILL LN,,510,88.0,nearest parcel 88m away (> 60m)
5788,CEDAR FALLS LN,UNIT 104,403,75.3,nearest parcel 75m away (> 60m)
5794,FERN HILL LN,,510,89.8,nearest parcel 90m away (> 60m)
5788,CEDAR FALLS LN,UNIT 204,403,75.0,nearest parcel 75m away (> 60m)
5858,CEDAR FALLS LN,,403,103.1,nearest parcel 103m away (> 60m)
5773,ROSEBRIAR LN,UNIT 203,403,23.3,nearest non-residential (403)
3239,RABBIT HILL LN,,403,71.6,nearest parcel 72m away (> 60m)
4080,TRURO STATION RD,,480,34.2,nearest non-residential (480)
2918,TENNYSON BLVD,,455,127.7,nearest parcel 128m away (> 60m)
5091,SCARBOROUGH BLVD,,,146.4,nearest parcel 146m away (> 60m)
5928,E LIVINGSTON AVE,,420,47.8,nearest non-residential (420)
2348,S HAMILTON RD,,444,69.3,nearest parcel 69m away (> 60m)
4759,REFUGEE RD,,458,8.6,nearest non-residential (458)
5785,CHATTERTON RD,,510,81.3,nearest parcel 81m away (> 60m)
5462,E LIVINGSTON AVE,,425,33.7,nearest non-residential (425)
2008,LAKE CLUB DR,,430,65.6,nearest parcel 66m away (> 60m)
5965,E LIVINGSTON AVE,,680,35.2,nearest non-residential (680)
2196,MUIRWOOD DR,,403,58.7,nearest non-residential (403)
4416,REFUGEE RD,BLDG 5A,481,52.5,nearest non-residential (481)
2169,MUIRWOOD DR,,403,149.5,nearest parcel 150m away (> 60m)
4416,REFUGEE RD,BLDG 4A,481,34.3,nearest non-residential (481)
2262,MUIRWOOD DR,,403,58.2,nearest non-residential (403)
4416,REFUGEE RD,BLDG 8,499,22.1,nearest non-residential (499)
2295,MUIRWOOD DR,,400,71.0,nearest parcel 71m away (> 60m)
4416,REFUGEE RD,BLDG 6,499,21.0,nearest non-residential (499)
2239,MUIRWOOD DR,,400,30.9,nearest non-residential (400)
4416,REFUGEE RD,BLDG 4B,499,28.0,nearest non-residential (499)
4416,REFUGEE RD,,685,56.2,nearest non-residential (685)
2176,MUIRWOOD DR,,403,97.9,nearest parcel 98m away (> 60m)
4416,REFUGEE RD,BLDG 7,499,6.7,nearest non-residential (499)
3398,CREEK VIEW TRAIL DR,,640,49.5,nearest non-residential (640)
3404,CREEK VIEW TRAIL DR,,640,39.4,nearest non-residential (640)
5906,SCARBOROUGH BLVD,,410,48.8,nearest non-residential (410)
5473,E MAIN ST,,685,108.6,nearest parcel 109m away (> 60m)
2304,KIMBERLY PKWY E,,400,31.6,nearest non-residential (400)
3228,REFUGEE RD,,400,35.2,nearest non-residential (400)
2660,COURTRIGHT RD,,429,55.5,nearest non-residential (429)
2670,COURTRIGHT RD,,429,51.5,nearest non-residential (429)
2712,WINCHESTER PIKE,,400,31.2,nearest non-residential (400)
3964,WINCHESTER PIKE,,400,113.4,nearest parcel 113m away (> 60m)
2332,RANDY CT,,403,84.5,nearest parcel 85m away (> 60m)
1933,S HAMILTON RD,,399,139.4,nearest parcel 139m away (> 60m)
2888,S HAMILTON RD,,467,54.0,nearest non-residential (467)
4503,REFUGEE RD,,685,43.9,nearest non-residential (685)
4974 1/2,MYERS RD,,680,48.2,nearest non-residential (680)
4413,WINCHESTER PIKE,,660,136.6,nearest parcel 137m away (> 60m)
3331,REFUGEE RD,,420,34.4,nearest non-residential (420)
1860 1/2,NOE-BIXBY RD,,660,58.0,nearest non-residential (660)
1564,MCNAUGHTEN RD,UNIT POOL,,50.8,nearest non-residential ()
1564,MCNAUGHTEN RD,UNIT PRGL,,54.6,nearest non-residential ()
1564,MCNAUGHTEN RD,,,54.0,nearest non-residential ()
3389,BATES CIR,UNIT 105,510,111.0,nearest parcel 111m away (> 60m)
3460,LOOPER AVE,,403,93.5,nearest parcel 94m away (> 60m)
3365,BATES CIR,UNIT 208,511,96.7,nearest parcel 97m away (> 60m)
3450,PLOWMAN PL,UNIT 305,510,98.7,nearest parcel 99m away (> 60m)
3389,BATES CIR,UNIT 108,510,112.7,nearest parcel 113m away (> 60m)
3501,PLOWMAN PL,UNIT 207,403,161.2,nearest parcel 161m away (> 60m)
3365,BATES CIR,UNIT 102,510,106.3,nearest parcel 106m away (> 60m)
3396,BATES CIR,UNIT 108,510,74.7,nearest parcel 75m away (> 60m)
3467,LOOPER AVE,UNIT 206,403,120.8,nearest parcel 121m away (> 60m)
3431,LOOPER AVE,UNIT 307,403,69.7,nearest parcel 70m away (> 60m)
3370,PLOWMAN PL,UNIT 102,510,62.0,nearest parcel 62m away (> 60m)
3439,LOOPER AVE,UNIT 307,403,36.0,nearest non-residential (403)
3431,LOOPER AVE,UNIT 201,403,42.0,nearest non-residential (403)
3389,BATES CIR,UNIT 303,403,96.0,nearest parcel 96m away (> 60m)
3460,LOOPER AVE,UNIT 104,403,89.9,nearest parcel 90m away (> 60m)
3441,PLOWMAN PL,UNIT 303,510,113.1,nearest parcel 113m away (> 60m)
3431,LOOPER AVE,UNIT 101,403,44.3,nearest non-residential (403)
3431,LOOPER AVE,UNIT 207,403,71.0,nearest parcel 71m away (> 60m)
3501,PLOWMAN PL,,403,152.3,nearest parcel 152m away (> 60m)
3482,PLOWMAN PL,UNIT 102,510,150.0,nearest parcel 150m away (> 60m)
3396,BATES CIR,UNIT 203,510,76.7,nearest parcel 77m away (> 60m)
3365,BATES CIR,UNIT 105,510,93.4,nearest parcel 93m away (> 60m)
3396,BATES CIR,,510,78.4,nearest parcel 78m away (> 60m)
3389,BATES CIR,UNIT 308,510,117.2,nearest parcel 117m away (> 60m)
3467,LOOPER AVE,UNIT 306,403,122.2,nearest parcel 122m away (> 60m)
3396,BATES CIR,UNIT 202,510,67.8,nearest parcel 68m away (> 60m)
3460,LOOPER AVE,UNIT 207,403,116.9,nearest parcel 117m away (> 60m)
3460,LOOPER AVE,UNIT 102,403,75.9,nearest parcel 76m away (> 60m)
3396,BATES CIR,UNIT 103,510,79.2,nearest parcel 79m away (> 60m)
3365,BATES CIR,UNIT 207,510,96.9,nearest parcel 97m away (> 60m)
3450,PLOWMAN PL,UNIT 107,510,112.0,nearest parcel 112m away (> 60m)
3450,PLOWMAN PL,UNIT 301,510,69.4,nearest parcel 69m away (> 60m)
3365,BATES CIR,UNIT 307,511,97.3,nearest parcel 97m away (> 60m)
3450,PLOWMAN PL,UNIT 302,510,70.9,nearest parcel 71m away (> 60m)
3460,LOOPER AVE,UNIT 106,403,100.4,nearest parcel 100m away (> 60m)
3365,BATES CIR,UNIT 204,510,105.4,nearest parcel 105m away (> 60m)
3365,BATES CIR,UNIT 107,510,94.4,nearest parcel 94m away (> 60m)
3501,PLOWMAN PL,UNIT 304,403,139.3,nearest parcel 139m away (> 60m)
3370,PLOWMAN PL,UNIT 302,510,62.1,nearest parcel 62m away (> 60m)
3365,BATES CIR,UNIT 301,510,104.1,nearest parcel 104m away (> 60m)
3365,BATES CIR,UNIT 205,510,95.9,nearest parcel 96m away (> 60m)
3370,PLOWMAN PL,UNIT 202,510,62.0,nearest parcel 62m away (> 60m)
3467,LOOPER AVE,UNIT 105,403,112.5,nearest parcel 112m away (> 60m)
3439,LOOPER AVE,UNIT 207,403,38.4,nearest non-residential (403)
3431,LOOPER AVE,UNIT 206,403,53.4,nearest non-residential (403)
3389,BATES CIR,UNIT 203,403,96.9,nearest parcel 97m away (> 60m)
3441,PLOWMAN PL,UNIT 203,510,111.8,nearest parcel 112m away (> 60m)
3450,PLOWMAN PL,UNIT 203,510,83.1,nearest parcel 83m away (> 60m)
3456,LOOPER AVE,,403,85.8,nearest parcel 86m away (> 60m)
3365,BATES CIR,UNIT 101,510,99.4,nearest parcel 99m away (> 60m)
3389,BATES CIR,UNIT 101,403,84.6,nearest parcel 85m away (> 60m)
3389,BATES CIR,UNIT 304,403,95.9,nearest parcel 96m away (> 60m)
3467,LOOPER AVE,UNIT 108,403,107.3,nearest parcel 107m away (> 60m)
3450,PLOWMAN PL,UNIT 106,510,96.0,nearest parcel 96m away (> 60m)
3431,LOOPER AVE,UNIT 301,403,39.8,nearest non-residential (403)
3439,LOOPER AVE,UNIT 304,403,38.6,nearest non-residential (403)
3441,PLOWMAN PL,UNIT 108,510,93.5,nearest parcel 94m away (> 60m)
3365,BATES CIR,UNIT 202,510,108.6,nearest parcel 109m away (> 60m)
3389,BATES CIR,,403,105.3,nearest parcel 105m away (> 60m)
3501,PLOWMAN PL,UNIT 105,403,156.8,nearest parcel 157m away (> 60m)
3365,BATES CIR,,510,94.9,nearest parcel 95m away (> 60m)
3450,PLOWMAN PL,UNIT 108,510,111.0,nearest parcel 111m away (> 60m)
3460,LOOPER AVE,UNIT 301,403,73.0,nearest parcel 73m away (> 60m)
3396,BATES CIR,UNIT 208,510,72.4,nearest parcel 72m away (> 60m)
3441,PLOWMAN PL,UNIT 302,403,116.3,nearest parcel 116m away (> 60m)
3501,PLOWMAN PL,UNIT 301,403,141.5,nearest parcel 142m away (> 60m)
3501,PLOWMAN PL,UNIT 103,403,150.7,nearest parcel 151m away (> 60m)
3389,BATES CIR,UNIT 102,403,83.6,nearest parcel 84m away (> 60m)
3396,BATES CIR,UNIT 206,510,68.9,nearest parcel 69m away (> 60m)
3439,LOOPER AVE,UNIT 204,403,40.4,nearest non-residential (403)
3365,BATES CIR,UNIT 103,510,95.3,nearest parcel 95m away (> 60m)
3439,LOOPER AVE,UNIT 201,403,57.8,nearest non-residential (403)
3467,LOOPER AVE,UNIT 107,403,100.6,nearest parcel 101m away (> 60m)
3431,LOOPER AVE,UNIT 203,403,49.4,nearest non-residential (403)
3482,PLOWMAN PL,UNIT 202,510,149.9,nearest parcel 150m away (> 60m)
3441,PLOWMAN PL,UNIT 106,510,104.6,nearest parcel 105m away (> 60m)
3450,PLOWMAN PL,UNIT 308,510,111.0,nearest parcel 111m away (> 60m)
3467,LOOPER AVE,UNIT 302,403,143.1,nearest parcel 143m away (> 60m)
3501,PLOWMAN PL,UNIT 202,403,136.8,nearest parcel 137m away (> 60m)
3460,LOOPER AVE,UNIT 307,403,117.2,nearest parcel 117m away (> 60m)
3450,PLOWMAN PL,UNIT 304,510,85.3,nearest parcel 85m away (> 60m)
3501,PLOWMAN PL,UNIT 201,403,143.9,nearest parcel 144m away (> 60m)
3460,LOOPER AVE,UNIT 308,403,116.1,nearest parcel 116m away (> 60m)
3389,BATES CIR,UNIT 301,403,82.6,nearest parcel 83m away (> 60m)
3460,LOOPER AVE,UNIT 206,403,100.9,nearest parcel 101m away (> 60m)
3396,BATES CIR,UNIT 201,510,73.5,nearest parcel 74m away (> 60m)
3467,LOOPER AVE,UNIT 103,403,126.1,nearest parcel 126m away (> 60m)
3431,LOOPER AVE,UNIT 308,403,65.2,nearest parcel 65m away (> 60m)
3431,LOOPER AVE,UNIT 205,403,60.5,nearest parcel 61m away (> 60m)
3365,BATES CIR,UNIT 203,510,97.7,nearest parcel 98m away (> 60m)
3431,LOOPER AVE,UNIT 305,403,59.0,nearest non-residential (403)
3389,BATES CIR,UNIT 205,403,111.8,nearest parcel 112m away (> 60m)
3431,LOOPER AVE,,403,55.6,nearest non-residential (403)
3460,LOOPER AVE,UNIT 303,403,86.9,nearest parcel 87m away (> 60m)
3441,PLOWMAN PL,UNIT 102,403,120.8,nearest parcel 121m away (> 60m)
3460,LOOPER AVE,UNIT 202,403,76.5,nearest parcel 77m away (> 60m)
3441,PLOWMAN PL,UNIT 201,510,124.1,nearest parcel 124m away (> 60m)
3370,PLOWMAN PL,UNIT 201,510,63.9,nearest parcel 64m away (> 60m)
3501,PLOWMAN PL,UNIT 307,403,159.0,nearest parcel 159m away (> 60m)
3439,LOOPER AVE,UNIT 208,403,30.6,nearest non-residential (403)
3467,LOOPER AVE,UNIT 301,403,141.2,nearest parcel 141m away (> 60m)
3431,LOOPER AVE,UNIT 303,403,47.5,nearest non-residential (403)
3431,LOOPER AVE,UNIT 208,403,66.3,nearest parcel 66m away (> 60m)
3396,BATES CIR,UNIT 105,510,79.8,nearest parcel 80m away (> 60m)
3365,BATES CIR,UNIT 201,510,101.7,nearest parcel 102m away (> 60m)
3441,PLOWMAN PL,UNIT 105,510,97.4,nearest parcel 97m away (> 60m)
3501,PLOWMAN PL,UNIT 203,403,148.4,nearest parcel 148m away (> 60m)
3439,LOOPER AVE,UNIT 104,403,42.3,nearest non-residential (403)
3450,PLOWMAN PL,UNIT 101,510,69.8,nearest parcel 70m away (> 60m)
3389,BATES CIR,UNIT 208,510,115.0,nearest parcel 115m away (> 60m)
3389,BATES CIR,UNIT 306,403,106.3,nearest parcel 106m away (> 60m)
3439,LOOPER AVE,UNIT 305,403,38.6,nearest non-residential (403)
3450,PLOWMAN PL,UNIT 303,510,82.9,nearest parcel 83m away (> 60m)
3467,LOOPER AVE,UNIT 203,403,127.3,nearest parcel 127m away (> 60m)
3460,LOOPER AVE,UNIT 306,403,101.5,nearest parcel 101m away (> 60m)
3501,PLOWMAN PL,UNIT 104,403,143.9,nearest parcel 144m away (> 60m)
3441,PLOWMAN PL,UNIT 306,510,107.8,nearest parcel 108m away (> 60m)
3460,LOOPER AVE,UNIT 101,403,72.0,nearest parcel 72m away (> 60m)
3439,LOOPER AVE,UNIT 301,403,56.2,nearest non-residential (403)
3389,BATES CIR,UNIT 106,403,107.5,nearest parcel 108m away (> 60m)
3396,BATES CIR,UNIT 104,510,70.9,nearest parcel 71m away (> 60m)
3439,LOOPER AVE,UNIT 306,403,32.2,nearest non-residential (403)
3396,BATES CIR,UNIT 106,510,71.3,nearest parcel 71m away (> 60m)
3427,PLOWMAN PL,,510,68.0,nearest parcel 68m away (> 60m)
3365,BATES CIR,UNIT 306,510,106.7,nearest parcel 107m away (> 60m)
3482,PLOWMAN PL,UNIT 302,510,150.0,nearest parcel 150m away (> 60m)
3439,LOOPER AVE,UNIT 205,403,40.9,nearest non-residential (403)
3467,LOOPER AVE,UNIT 101,403,139.0,nearest parcel 139m away (> 60m)
3501,PLOWMAN PL,UNIT 108,403,155.3,nearest parcel 155m away (> 60m)
3431,LOOPER AVE,UNIT 204,403,45.0,nearest non-residential (403)
3396,BATES CIR,UNIT 306,510,66.5,nearest parcel 66m away (> 60m)
3450,PLOWMAN PL,UNIT 102,510,70.8,nearest parcel 71m away (> 60m)
3475,PLOWMAN PL,,510,166.5,nearest parcel 167m away (> 60m)
3431,LOOPER AVE,UNIT 302,403,33.7,nearest non-residential (403)
3389,BATES CIR,UNIT 107,510,104.6,nearest parcel 105m away (> 60m)
3467,LOOPER AVE,UNIT 208,403,108.9,nearest parcel 109m away (> 60m)
3389,BATES CIR,UNIT 103,403,97.8,nearest parcel 98m away (> 60m)
3389,BATES CIR,UNIT 206,403,106.9,nearest parcel 107m away (> 60m)
3431,LOOPER AVE,UNIT 104,403,46.7,nearest non-residential (403)
3461,HUDDLE WAY,,403,138.6,nearest parcel 139m away (> 60m)
3396,BATES CIR,UNIT 302,510,65.8,nearest parcel 66m away (> 60m)
3431,LOOPER AVE,UNIT 103,403,51.4,nearest non-residential (403)
3439,LOOPER AVE,,403,45.0,nearest non-residential (403)
3425,PLOWMAN PL,,510,82.8,nearest parcel 83m away (> 60m)
3460,LOOPER AVE,UNIT 304,403,91.1,nearest parcel 91m away (> 60m)
3450,PLOWMAN PL,UNIT 306,510,96.0,nearest parcel 96m away (> 60m)
3439,LOOPER AVE,UNIT 206,403,34.4,nearest non-residential (403)
3389,BATES CIR,UNIT 307,510,109.1,nearest parcel 109m away (> 60m)
3441,PLOWMAN PL,UNIT 104,510,113.1,nearest parcel 113m away (> 60m)
3370,PLOWMAN PL,UNIT 301,510,63.7,nearest parcel 64m away (> 60m)
3460,LOOPER AVE,UNIT 105,403,101.9,nearest parcel 102m away (> 60m)
3439,LOOPER AVE,UNIT 101,403,59.5,nearest non-residential (403)
3450,PLOWMAN PL,UNIT 104,510,85.2,nearest parcel 85m away (> 60m)
3439,LOOPER AVE,UNIT 308,403,28.2,nearest non-residential (403)
3467,LOOPER AVE,UNIT 201,403,140.0,nearest parcel 140m away (> 60m)
3431,LOOPER AVE,UNIT 106,403,54.8,nearest non-residential (403)
3501,PLOWMAN PL,UNIT 303,403,146.1,nearest parcel 146m away (> 60m)
3439,LOOPER AVE,UNIT 302,403,49.6,nearest non-residential (403)
3441,PLOWMAN PL,UNIT 206,510,106.2,nearest parcel 106m away (> 60m)
3439,LOOPER AVE,UNIT 107,403,40.9,nearest non-residential (403)
3431,LOOPER AVE,UNIT 102,403,37.9,nearest non-residential (403)
3389,BATES CIR,UNIT 202,403,82.8,nearest parcel 83m away (> 60m)
3450,PLOWMAN PL,,510,91.9,nearest parcel 92m away (> 60m)
3431,LOOPER AVE,UNIT 105,403,62.1,nearest parcel 62m away (> 60m)
3460,LOOPER AVE,UNIT 103,403,86.2,nearest parcel 86m away (> 60m)
3365,BATES CIR,UNIT 305,510,98.3,nearest parcel 98m away (> 60m)
3441,PLOWMAN PL,UNIT 307,510,89.8,nearest parcel 90m away (> 60m)
3441,PLOWMAN PL,UNIT 305,510,100.4,nearest parcel 100m away (> 60m)
3441,PLOWMAN PL,UNIT 107,510,86.3,nearest parcel 86m away (> 60m)
3439,LOOPER AVE,UNIT 203,403,48.3,nearest non-residential (403)
3431,LOOPER AVE,UNIT 306,403,52.0,nearest non-residential (403)
3365,BATES CIR,UNIT 304,510,107.8,nearest parcel 108m away (> 60m)
3441,PLOWMAN PL,UNIT 308,510,97.1,nearest parcel 97m away (> 60m)
3450,PLOWMAN PL,UNIT 307,510,111.7,nearest parcel 112m away (> 60m)
3467,LOOPER AVE,UNIT 104,403,128.3,nearest parcel 128m away (> 60m)
3467,LOOPER AVE,UNIT 205,403,113.8,nearest parcel 114m away (> 60m)
3501,PLOWMAN PL,UNIT 206,403,145.9,nearest parcel 146m away (> 60m)
3482,PLOWMAN PL,UNIT 301,510,148.3,nearest parcel 148m away (> 60m)
3467,LOOPER AVE,UNIT 308,403,110.5,nearest parcel 111m away (> 60m)
3365,BATES CIR,UNIT 302,510,111.0,nearest parcel 111m away (> 60m)
3460,LOOPER AVE,UNIT 108,403,115.2,nearest parcel 115m away (> 60m)
3441,PLOWMAN PL,UNIT 204,403,113.3,nearest parcel 113m away (> 60m)
3441,PLOWMAN PL,UNIT 304,403,111.0,nearest parcel 111m away (> 60m)
3439,LOOPER AVE,UNIT 102,403,52.5,nearest non-residential (403)
3439,LOOPER AVE,UNIT 106,403,36.6,nearest non-residential (403)
3441,PLOWMAN PL,UNIT 103,510,110.4,nearest parcel 110m away (> 60m)
3438,LOOPER AVE,,403,94.6,nearest parcel 95m away (> 60m)
3396,BATES CIR,UNIT 307,510,78.2,nearest parcel 78m away (> 60m)
3389,BATES CIR,UNIT 104,403,97.3,nearest parcel 97m away (> 60m)
3439,LOOPER AVE,UNIT 303,403,46.4,nearest non-residential (403)
3501,PLOWMAN PL,UNIT 308,403,151.1,nearest parcel 151m away (> 60m)
3441,PLOWMAN PL,UNIT 301,403,124.5,nearest parcel 125m away (> 60m)
3389,BATES CIR,UNIT 305,403,111.1,nearest parcel 111m away (> 60m)
3396,BATES CIR,UNIT 305,510,75.0,nearest parcel 75m away (> 60m)
3389,BATES CIR,UNIT 201,403,83.6,nearest parcel 84m away (> 60m)
3460,LOOPER AVE,UNIT 203,403,86.5,nearest parcel 87m away (> 60m)
3441,PLOWMAN PL,UNIT 205,510,98.9,nearest parcel 99m away (> 60m)
3441,PLOWMAN PL,,510,102.4,nearest parcel 102m away (> 60m)
3441,PLOWMAN PL,UNIT 202,403,118.5,nearest parcel 119m away (> 60m)
3389,BATES CIR,UNIT 302,403,82.0,nearest parcel 82m away (> 60m)
3467,LOOPER AVE,UNIT 305,403,115.2,nearest parcel 115m away (> 60m)
3365,BATES CIR,UNIT 206,510,104.2,nearest parcel 104m away (> 60m)
3501,PLOWMAN PL,UNIT 305,403,152.3,nearest parcel 152m away (> 60m)
3501,PLOWMAN PL,UNIT 107,403,163.3,nearest parcel 163m away (> 60m)
3441,PLOWMAN PL,UNIT 101,510,122.9,nearest parcel 123m away (> 60m)
3501,PLOWMAN PL,UNIT 306,403,143.8,nearest parcel 144m away (> 60m)
3465,BRICE RD,,510,123.9,nearest parcel 124m away (> 60m)
3482,PLOWMAN PL,UNIT 101,510,148.6,nearest parcel 149m away (> 60m)
3501,PLOWMAN PL,UNIT 208,403,153.2,nearest parcel 153m away (> 60m)
3372,BATES CIR,,510,71.1,nearest parcel 71m away (> 60m)
3450,PLOWMAN PL,UNIT 201,510,69.6,nearest parcel 70m away (> 60m)
3501,PLOWMAN PL,UNIT 302,403,134.4,nearest parcel 134m away (> 60m)
3396,BATES CIR,UNIT 301,510,71.4,nearest parcel 71m away (> 60m)
3457,PLOWMAN PL,,403,102.6,nearest parcel 103m away (> 60m)
3450,PLOWMAN PL,UNIT 204,510,85.2,nearest parcel 85m away (> 60m)
3450,PLOWMAN PL,UNIT 208,510,111.0,nearest parcel 111m away (> 60m)
3439,LOOPER AVE,UNIT 108,403,33.1,nearest non-residential (403)
3501,PLOWMAN PL,UNIT 205,403,154.5,nearest parcel 155m away (> 60m)
3396,BATES CIR,UNIT 207,510,80.5,nearest parcel 81m away (> 60m)
3365,BATES CIR,UNIT 303,510,100.1,nearest parcel 100m away (> 60m)
3450,PLOWMAN PL,UNIT 205,510,98.9,nearest parcel 99m away (> 60m)
3396,BATES CIR,UNIT 308,510,70.1,nearest parcel 70m away (> 60m)
3467,LOOPER AVE,UNIT 204,403,129.6,nearest parcel 130m away (> 60m)
3365,BATES CIR,UNIT 108,511,97.9,nearest parcel 98m away (> 60m)
3441,PLOWMAN PL,UNIT 208,510,95.3,nearest parcel 95m away (> 60m)
3467,LOOPER AVE,UNIT 303,403,128.5,nearest parcel 129m away (> 60m)
3467,LOOPER AVE,UNIT 102,403,140.7,nearest parcel 141m away (> 60m)
3396,BATES CIR,UNIT 101,510,75.7,nearest parcel 76m away (> 60m)
3450,PLOWMAN PL,UNIT 206,510,96.0,nearest parcel 96m away (> 60m)
3431,LOOPER AVE,UNIT 304,403,43.4,nearest non-residential (403)
3501,PLOWMAN PL,UNIT 102,403,139.1,nearest parcel 139m away (> 60m)
3467,LOOPER AVE,,403,120.5,nearest parcel 121m away (> 60m)
3365,BATES CIR,UNIT 104,510,103.0,nearest parcel 103m away (> 60m)
3467,LOOPER AVE,UNIT 207,403,102.1,nearest parcel 102m away (> 60m)
3441,PLOWMAN PL,UNIT 207,510,88.0,nearest parcel 88m away (> 60m)
3460,LOOPER AVE,UNIT 204,403,90.5,nearest parcel 90m away (> 60m)
3460,LOOPER AVE,UNIT 107,403,116.7,nearest parcel 117m away (> 60m)
3431,LOOPER AVE,UNIT 107,403,72.3,nearest parcel 72m away (> 60m)
3389,BATES CIR,UNIT 207,510,106.9,nearest parcel 107m away (> 60m)
3396,BATES CIR,UNIT 107,510,82.8,nearest parcel 83m away (> 60m)
3460,LOOPER AVE,UNIT 302,403,77.2,nearest parcel 77m away (> 60m)
3501,PLOWMAN PL,UNIT 204,403,141.6,nearest parcel 142m away (> 60m)
3467,LOOPER AVE,UNIT 106,403,119.3,nearest parcel 119m away (> 60m)
3365,BATES CIR,UNIT 308,511,95.5,nearest parcel 95m away (> 60m)
3439,LOOPER AVE,UNIT 105,403,43.3,nearest non-residential (403)
3396,BATES CIR,UNIT 102,510,69.9,nearest parcel 70m away (> 60m)
3460,LOOPER AVE,UNIT 208,403,115.6,nearest parcel 116m away (> 60m)
3450,PLOWMAN PL,UNIT 105,510,99.1,nearest parcel 99m away (> 60m)
3396,BATES CIR,UNIT 205,510,77.4,nearest parcel 77m away (> 60m)
3467,LOOPER AVE,UNIT 307,403,103.6,nearest parcel 104m away (> 60m)
3450,PLOWMAN PL,UNIT 103,510,83.4,nearest parcel 83m away (> 60m)
3501,PLOWMAN PL,UNIT 101,403,146.3,nearest parcel 146m away (> 60m)
3431,LOOPER AVE,UNIT 108,403,67.4,nearest parcel 67m away (> 60m)
3467,LOOPER AVE,UNIT 304,403,131.0,nearest parcel 131m away (> 60m)
3396,BATES CIR,UNIT 304,510,66.0,nearest parcel 66m away (> 60m)
3460,LOOPER AVE,UNIT 305,403,102.5,nearest parcel 103m away (> 60m)
3450,PLOWMAN PL,UNIT 202,510,70.8,nearest parcel 71m away (> 60m)
3389,BATES CIR,UNIT 204,403,96.6,nearest parcel 97m away (> 60m)
3396,BATES CIR,UNIT 303,510,74.3,nearest parcel 74m away (> 60m)
3450,PLOWMAN PL,UNIT 207,510,111.9,nearest parcel 112m away (> 60m)
3439,LOOPER AVE,UNIT 103,403,50.3,nearest non-residential (403)
3370,PLOWMAN PL,UNIT 101,510,64.2,nearest parcel 64m away (> 60m)
3439,LOOPER AVE,UNIT 202,403,51.0,nearest non-residential (403)
3431,LOOPER AVE,UNIT 202,403,35.8,nearest non-residential (403)
3478,LOOPER AVE,,403,135.2,nearest parcel 135m away (> 60m)
3396,BATES CIR,UNIT 204,510,68.4,nearest parcel 68m away (> 60m)
3467,LOOPER AVE,UNIT 202,403,141.9,nearest parcel 142m away (> 60m)
3482,PLOWMAN PL,UNIT 201,510,148.4,nearest parcel 148m away (> 60m)
3429,PLOWMAN PL,,510,62.1,nearest parcel 62m away (> 60m)
3365,BATES CIR,UNIT 106,510,101.8,nearest parcel 102m away (> 60m)
3501,PLOWMAN PL,UNIT 106,403,148.2,nearest parcel 148m away (> 60m)
3460,LOOPER AVE,UNIT 201,403,72.5,nearest parcel 72m away (> 60m)
3460,LOOPER AVE,UNIT 205,403,102.2,nearest parcel 102m away (> 60m)
2430,SHORE BLVD W,UNIT I,403,76.2,nearest parcel 76m away (> 60m)
2430,SHORE BLVD W,UNIT K,403,69.6,nearest parcel 70m away (> 60m)
2430,SHORE BLVD W,UNIT J,403,77.8,nearest parcel 78m away (> 60m)
2420,SHORE BLVD W,APT D,403,68.0,nearest parcel 68m away (> 60m)
2420,SHORE BLVD W,APT C,403,67.2,nearest parcel 67m away (> 60m)
2420,SHORE BLVD W,APT B,403,58.7,nearest non-residential (403)
5843,SYCAMORE TRAIL LN,,400,33.5,nearest non-residential (400)
5870,SYCAMORE TRAIL LN,,400,31.1,nearest non-residential (400)
5885,SYCAMORE TRAIL LN,,400,74.8,nearest parcel 75m away (> 60m)
5838,SYCAMORE TRAIL LN,,400,33.1,nearest non-residential (400)
5903,SYCAMORE TRAIL LN,,429,90.1,nearest parcel 90m away (> 60m)
5842,SYCAMORE TRAIL LN,,400,50.5,nearest non-residential (400)
5908,SYCAMORE TRAIL LN,,400,92.2,nearest parcel 92m away (> 60m)
5861,SYCAMORE TRAIL LN,,400,29.7,nearest non-residential (400)
5840,SYCAMORE TRAIL LN,,400,48.2,nearest non-residential (400)
5836,SYCAMORE TRAIL LN,,400,36.6,nearest non-residential (400)
5904,SYCAMORE TRAIL LN,,400,81.0,nearest parcel 81m away (> 60m)
5831,SYCAMORE TRAIL LN,,400,40.0,nearest non-residential (400)
5891,SYCAMORE TRAIL LN,,429,87.2,nearest parcel 87m away (> 60m)
5874,SYCAMORE TRAIL LN,,400,26.7,nearest non-residential (400)
5857,SYCAMORE TRAIL LN,,400,27.5,nearest non-residential (400)
5865,SYCAMORE TRAIL LN,,400,42.8,nearest non-residential (400)
5889,SYCAMORE TRAIL LN,,400,81.2,nearest parcel 81m away (> 60m)
5876,SYCAMORE TRAIL LN,,400,34.6,nearest non-residential (400)
5900,SYCAMORE TRAIL LN,,400,92.3,nearest parcel 92m away (> 60m)
5910,SYCAMORE TRAIL LN,,400,102.1,nearest parcel 102m away (> 60m)
5894,SYCAMORE TRAIL LN,,400,79.9,nearest parcel 80m away (> 60m)
5896,SYCAMORE TRAIL LN,,400,80.8,nearest parcel 81m away (> 60m)
5832,SYCAMORE TRAIL LN,,400,46.9,nearest non-residential (400)
5827,SYCAMORE TRAIL LN,,400,57.1,nearest non-residential (400)
5834,SYCAMORE TRAIL LN,,400,49.0,nearest non-residential (400)
5837,SYCAMORE TRAIL LN,,400,52.8,nearest non-residential (400)
5878,SYCAMORE TRAIL LN,,400,31.5,nearest non-residential (400)
5892,SYCAMORE TRAIL LN,,400,74.4,nearest parcel 74m away (> 60m)
5867,SYCAMORE TRAIL LN,,400,32.9,nearest non-residential (400)
5846,SYCAMORE TRAIL LN,,400,34.6,nearest non-residential (400)
5825,SYCAMORE TRAIL LN,,400,60.9,nearest parcel 61m away (> 60m)
5895,SYCAMORE TRAIL LN,,429,78.7,nearest parcel 79m away (> 60m)
5841,SYCAMORE TRAIL LN,,400,43.7,nearest non-residential (400)
5860,SYCAMORE TRAIL LN,,400,17.6,nearest non-residential (400)
5901,SYCAMORE TRAIL LN,,429,83.0,nearest parcel 83m away (> 60m)
5881,SYCAMORE TRAIL LN,,400,58.2,nearest non-residential (400)
5855,SYCAMORE TRAIL LN,,400,26.2,nearest non-residential (400)
5887,SYCAMORE TRAIL LN,,429,76.4,nearest parcel 76m away (> 60m)
5899,SYCAMORE TRAIL LN,,429,89.3,nearest parcel 89m away (> 60m)
5835,SYCAMORE TRAIL LN,,400,56.1,nearest non-residential (400)
5862,SYCAMORE TRAIL LN,,400,20.1,nearest non-residential (400)
5906,SYCAMORE TRAIL LN,,400,93.8,nearest parcel 94m away (> 60m)
5877,SYCAMORE TRAIL LN,,400,51.6,nearest non-residential (400)
5912,SYCAMORE TRAIL LN,,400,107.8,nearest parcel 108m away (> 60m)
5875,SYCAMORE TRAIL LN,,400,46.7,nearest non-residential (400)
5902,SYCAMORE TRAIL LN,,400,79.9,nearest parcel 80m away (> 60m)
5866,SYCAMORE TRAIL LN,,400,25.5,nearest non-residential (400)
5833,SYCAMORE TRAIL LN,,400,45.1,nearest non-residential (400)
5873,SYCAMORE TRAIL LN,,400,40.7,nearest non-residential (400)
5829,SYCAMORE TRAIL LN,,400,53.6,nearest non-residential (400)
5880,SYCAMORE TRAIL LN,,400,39.8,nearest non-residential (400)
5864,SYCAMORE TRAIL LN,,400,21.7,nearest non-residential (400)
5863,SYCAMORE TRAIL LN,,400,38.0,nearest non-residential (400)
5839,SYCAMORE TRAIL LN,,400,38.8,nearest non-residential (400)
5848,SYCAMORE TRAIL LN,,400,26.6,nearest non-residential (400)
5859,SYCAMORE TRAIL LN,,400,35.2,nearest non-residential (400)
5890,SYCAMORE TRAIL LN,,400,69.1,nearest parcel 69m away (> 60m)
5898,SYCAMORE TRAIL LN,,400,93.7,nearest parcel 94m away (> 60m)
5844,SYCAMORE TRAIL LN,,400,38.3,nearest non-residential (400)
5897,SYCAMORE TRAIL LN,,400,80.1,nearest parcel 80m away (> 60m)
5871,SYCAMORE TRAIL LN,,400,36.0,nearest non-residential (400)
5893,SYCAMORE TRAIL LN,,429,80.9,nearest parcel 81m away (> 60m)
5830,SYCAMORE TRAIL LN,,400,55.0,nearest non-residential (400)
5869,SYCAMORE TRAIL LN,,400,27.4,nearest non-residential (400)
5872,SYCAMORE TRAIL LN,,400,22.5,nearest non-residential (400)
5849,SYCAMORE TRAIL LN,,400,14.6,nearest non-residential (400)
5868,SYCAMORE TRAIL LN,,400,34.0,nearest non-residential (400)
5882,SYCAMORE TRAIL LN,,400,45.0,nearest non-residential (400)
5911,LITTLE BROOK WAY,UNIT 115,409,36.7,nearest non-residential (409)
5911,LITTLE BROOK WAY,UNIT 106,409,37.0,nearest non-residential (409)
5911,LITTLE BROOK WAY,UNIT 215,409,23.7,nearest non-residential (409)
5911,LITTLE BROOK WAY,UNIT 218,409,40.7,nearest non-residential (409)
5911,LITTLE BROOK WAY,UNIT 117,409,43.3,nearest non-residential (409)
5911,LITTLE BROOK WAY,UNIT 112,409,33.9,nearest non-residential (409)
5911,LITTLE BROOK WAY,UNIT 105,409,38.5,nearest non-residential (409)
5911,LITTLE BROOK WAY,UNIT 207,409,31.9,nearest non-residential (409)
5911,LITTLE BROOK WAY,UNIT 206,409,37.9,nearest non-residential (409)
5911,LITTLE BROOK WAY,UNIT 113,409,30.6,nearest non-residential (409)
5911,LITTLE BROOK WAY,UNIT 103,409,45.2,nearest non-residential (409)
5911,LITTLE BROOK WAY,UNIT 210,409,18.7,nearest non-residential (409)
5911,LITTLE BROOK WAY,UNIT 212,409,25.5,nearest non-residential (409)
5911,LITTLE BROOK WAY,UNIT 211,409,14.6,nearest non-residential (409)
5911,LITTLE BROOK WAY,UNIT 109,409,24.6,nearest non-residential (409)
5911,LITTLE BROOK WAY,UNIT 214,409,29.8,nearest non-residential (409)
5911,LITTLE BROOK WAY,UNIT 219,409,36.1,nearest non-residential (409)
6181,E LIVINGSTON AVE,,458,36.6,nearest non-residential (458)
5911,LITTLE BROOK WAY,UNIT 208,409,32.2,nearest non-residential (409)
5911,LITTLE BROOK WAY,UNIT 110,409,28.9,nearest non-residential (409)
5911,LITTLE BROOK WAY,UNIT 217,409,29.5,nearest non-residential (409)
5911,LITTLE BROOK WAY,UNIT 209,409,24.8,nearest non-residential (409)
5911,LITTLE BROOK WAY,UNIT 111,409,24.8,nearest non-residential (409)
5911,LITTLE BROOK WAY,UNIT 203,409,45.2,nearest non-residential (409)
5911,LITTLE BROOK WAY,UNIT 108,409,31.1,nearest non-residential (409)
5911,LITTLE BROOK WAY,UNIT 104,409,43.5,nearest non-residential (409)
5911,LITTLE BROOK WAY,UNIT 213,409,18.0,nearest non-residential (409)
5911,LITTLE BROOK WAY,UNIT 204,409,43.9,nearest non-residential (409)
5911,LITTLE BROOK WAY,UNIT 114,409,39.7,nearest non-residential (409)
5911,LITTLE BROOK WAY,UNIT 107,409,32.2,nearest non-residential (409)
5911,LITTLE BROOK WAY,UNIT 221,409,42.6,nearest non-residential (409)
5911,LITTLE BROOK WAY,UNIT 216,409,34.9,nearest non-residential (409)
5911,LITTLE BROOK WAY,UNIT 205,409,38.0,nearest non-residential (409)
5995,HOLLETT DR S,,500,59.9,nearest=vacant land
3076,WYNTREE DR,,599,16.6,nearest non-residential (599)
5882,DAMSEL DR,,500,24.1,nearest=vacant land
5870,DAMSEL DR,,599,23.9,nearest non-residential (599)
5914,DAMSEL DR,,500,20.5,nearest=vacant land
5848,DAMSEL DR,,599,22.9,nearest non-residential (599)
5997,HOLLETT DR S,,500,30.5,nearest=vacant land
5994,HOLLETT DR N,,400,62.9,nearest parcel 63m away (> 60m)
4000,VERONIA LN,,640,64.8,nearest parcel 65m away (> 60m)
3840,KIMBERLY PKWY N,UNIT SIGN,680,7.4,nearest non-residential (680)
1699,LONSDALE RD,UNIT C,401,8.2,nearest non-residential (401)
1699,LONSDALE RD,UNIT A,401,12.5,nearest non-residential (401)
2445,WEYBURN RD,,401,58.8,nearest non-residential (401)
3975,REFUGEE RD,,501,70.7,nearest parcel 71m away (> 60m)
1851,NOE BIXBY RD,,660,24.4,nearest non-residential (660)
4715,HILTON CORPORATE DR,,400,49.3,nearest non-residential (400)
4705,HILTON CORPORATE DR,,447,72.3,nearest parcel 72m away (> 60m)
5847,SYCAMORE TRAIL LN,,400,19.6,nearest non-residential (400)
2802,S HAMILTON RD,,425,59.6,nearest non-residential (425)
3561,REFUGEE RD,,499,118.1,nearest parcel 118m away (> 60m)
5688,BIXBYWOODS CT,,690,60.8,nearest parcel 61m away (> 60m)
5732,BIXBYWOODS CT,A,510,107.3,nearest parcel 107m away (> 60m)
5768,BIXBYWOODS CT,B,510,105.3,nearest parcel 105m away (> 60m)
1933,OLDE COVENTRY RD E,UNIT D,403,43.3,nearest non-residential (403)
4969,OLDE COVENTRY RD W,UNIT A,403,85.4,nearest parcel 85m away (> 60m)
5706,BIXBYWOODS CT,C,690,69.2,nearest parcel 69m away (> 60m)
5728,BIXBYWOODS CT,C,510,99.1,nearest parcel 99m away (> 60m)
1933,OLDE COVENTRY RD E,UNIT B,403,45.7,nearest non-residential (403)
5736,BIXBYWOODS CT,B,510,116.3,nearest parcel 116m away (> 60m)
5692,BIXBYWOODS CT,,690,53.8,nearest non-residential (690)
5706,BIXBYWOODS CT,,690,71.6,nearest parcel 72m away (> 60m)
5760,BIXBYWOODS CT,C,510,122.8,nearest parcel 123m away (> 60m)
5672,BIXBYWOODS CT,B,510,78.2,nearest parcel 78m away (> 60m)
5728,BIXBYWOODS CT,B,510,99.4,nearest parcel 99m away (> 60m)
1933,OLDE COVENTRY RD E,UNIT C,403,42.3,nearest non-residential (403)
5702,BIXBYWOODS CT,B,690,62.5,nearest parcel 62m away (> 60m)
5714,BIXBYWOODS CT,,690,82.4,nearest parcel 82m away (> 60m)
5714,BIXBYWOODS CT,A,690,83.3,nearest parcel 83m away (> 60m)
5772,BIXBYWOODS CT,A,510,100.3,nearest parcel 100m away (> 60m)
5698,BIXBYWOODS CT,,690,56.1,nearest non-residential (690)
5684,BIXBYWOODS CT,B,690,68.4,nearest parcel 68m away (> 60m)
1951,OLDE COVENTRY RD E,UNIT C,403,44.7,nearest non-residential (403)
5718,BIXBYWOODS CT,A,690,89.2,nearest parcel 89m away (> 60m)
5688,BIXBYWOODS CT,A,690,61.0,nearest parcel 61m away (> 60m)
4961,OLDE COVENTRY RD W,UNIT C,403,95.4,nearest parcel 95m away (> 60m)
5748,BIXBYWOODS CT,,403,117.4,nearest parcel 117m away (> 60m)
5740,BIXBYWOODS CT,,510,125.2,nearest parcel 125m away (> 60m)
5756,BIXBYWOODS CT,,510,129.8,nearest parcel 130m away (> 60m)
5732,BIXBYWOODS CT,B,510,106.4,nearest parcel 106m away (> 60m)
5756,BIXBYWOODS CT,B,510,130.2,nearest parcel 130m away (> 60m)
5680,BIXBYWOODS CT,,690,76.0,nearest parcel 76m away (> 60m)
5736,BIXBYWOODS CT,,510,117.0,nearest parcel 117m away (> 60m)
5688,BIXBYWOODS CT,C,690,61.5,nearest parcel 62m away (> 60m)
5772,BIXBYWOODS CT,C,510,80.0,nearest parcel 80m away (> 60m)
5692,BIXBYWOODS CT,A,690,53.4,nearest non-residential (690)
5732,BIXBYWOODS CT,C,510,106.4,nearest parcel 106m away (> 60m)
1914,NOE-BIXBY RD,UNIT D,403,99.1,nearest parcel 99m away (> 60m)
5776,BIXBYWOODS CT,,510,91.1,nearest parcel 91m away (> 60m)
5740,BIXBYWOODS CT,C,690,118.7,nearest parcel 119m away (> 60m)
5672,BIXBYWOODS CT,A,510,76.6,nearest parcel 77m away (> 60m)
1906,NOE-BIXBY RD,UNIT D,403,98.7,nearest parcel 99m away (> 60m)
1914,NOE-BIXBY RD,UNIT B,403,96.6,nearest parcel 97m away (> 60m)
5744,BIXBYWOODS CT,B,690,121.5,nearest parcel 122m away (> 60m)
5728,BIXBYWOODS CT,,510,100.1,nearest parcel 100m away (> 60m)
1957,OLDE COVENTRY RD E,UNIT D,403,54.9,nearest non-residential (403)
5768,BIXBYWOODS CT,A,510,105.1,nearest parcel 105m away (> 60m)
1914,NOE-BIXBY RD,UNIT C,403,100.3,nearest parcel 100m away (> 60m)
5692,BIXBYWOODS CT,C,690,53.8,nearest non-residential (690)
2025,NOE-BIXBY RD,,660,46.7,nearest non-residential (660)
5748,BIXBYWOODS CT,C,403,113.2,nearest parcel 113m away (> 60m)
5760,BIXBYWOODS CT,A,510,122.3,nearest parcel 122m away (> 60m)
5692,BIXBYWOODS CT,B,690,53.5,nearest non-residential (690)
5714,BIXBYWOODS CT,C,690,86.6,nearest parcel 87m away (> 60m)
5768,BIXBYWOODS CT,C,510,105.8,nearest parcel 106m away (> 60m)
5710,BIXBYWOODS CT,A,690,76.3,nearest parcel 76m away (> 60m)
5688,BIXBYWOODS CT,B,690,61.1,nearest parcel 61m away (> 60m)
4969,OLDE COVENTRY RD W,UNIT D,403,86.0,nearest parcel 86m away (> 60m)
5676,BIXBYWOODS CT,C,690,83.8,nearest parcel 84m away (> 60m)
5732,BIXBYWOODS CT,,510,107.8,nearest parcel 108m away (> 60m)
5710,BIXBYWOODS CT,C,690,79.6,nearest parcel 80m away (> 60m)
5706,BIXBYWOODS CT,B,690,68.0,nearest parcel 68m away (> 60m)
1906,NOE-BIXBY RD,UNIT B,403,96.0,nearest parcel 96m away (> 60m)
5702,BIXBYWOODS CT,A,690,61.0,nearest parcel 61m away (> 60m)
5756,BIXBYWOODS CT,C,510,130.1,nearest parcel 130m away (> 60m)
1933,OLDE COVENTRY RD E,UNIT A,403,44.8,nearest non-residential (403)
5764,BIXBYWOODS CT,B,510,113.6,nearest parcel 114m away (> 60m)
5776,BIXBYWOODS CT,B,510,91.0,nearest parcel 91m away (> 60m)
4961,OLDE COVENTRY RD W,UNIT D,403,97.1,nearest parcel 97m away (> 60m)
5710,BIXBYWOODS CT,B,690,77.8,nearest parcel 78m away (> 60m)
5744,BIXBYWOODS CT,,403,124.3,nearest parcel 124m away (> 60m)
5740,BIXBYWOODS CT,A,510,124.8,nearest parcel 125m away (> 60m)
1957,OLDE COVENTRY RD E,UNIT C,403,53.4,nearest non-residential (403)
5744,BIXBYWOODS CT,C,690,117.9,nearest parcel 118m away (> 60m)
1937,OLDE COVENTRY RD E,UNIT C,403,38.6,nearest non-residential (403)
5672,BIXBYWOODS CT,,690,62.6,nearest parcel 63m away (> 60m)
1937,OLDE COVENTRY RD E,UNIT D,403,38.9,nearest non-residential (403)
5698,BIXBYWOODS CT,C,690,55.1,nearest non-residential (690)
1914,NOE-BIXBY RD,UNIT A,403,97.9,nearest parcel 98m away (> 60m)
5680,BIXBYWOODS CT,C,690,75.8,nearest parcel 76m away (> 60m)
5702,BIXBYWOODS CT,,690,67.0,nearest parcel 67m away (> 60m)
4969,OLDE COVENTRY RD W,UNIT B,403,87.1,nearest parcel 87m away (> 60m)
1937,OLDE COVENTRY RD E,UNIT B,403,41.6,nearest non-residential (403)
4961,OLDE COVENTRY RD W,UNIT A,403,96.4,nearest parcel 96m away (> 60m)
5764,BIXBYWOODS CT,C,510,113.9,nearest parcel 114m away (> 60m)
5736,BIXBYWOODS CT,A,510,116.6,nearest parcel 117m away (> 60m)
5684,BIXBYWOODS CT,C,690,68.3,nearest parcel 68m away (> 60m)
1957,OLDE COVENTRY RD E,UNIT A,403,55.6,nearest non-residential (403)
5760,BIXBYWOODS CT,B,510,122.6,nearest parcel 123m away (> 60m)
5698,BIXBYWOODS CT,A,690,60.6,nearest parcel 61m away (> 60m)
1906,NOE-BIXBY RD,UNIT A,403,95.2,nearest parcel 95m away (> 60m)
5718,BIXBYWOODS CT,C,690,92.0,nearest parcel 92m away (> 60m)
5710,BIXBYWOODS CT,,690,74.9,nearest parcel 75m away (> 60m)
5684,BIXBYWOODS CT,A,690,68.8,nearest parcel 69m away (> 60m)
5748,BIXBYWOODS CT,B,403,114.7,nearest parcel 115m away (> 60m)
5676,BIXBYWOODS CT,,510,83.3,nearest parcel 83m away (> 60m)
5676,BIXBYWOODS CT,B,690,83.7,nearest parcel 84m away (> 60m)
1937,OLDE COVENTRY RD E,UNIT A,403,41.3,nearest non-residential (403)
4969,OLDE COVENTRY RD W,UNIT C,403,84.2,nearest parcel 84m away (> 60m)
5764,BIXBYWOODS CT,A,510,113.1,nearest parcel 113m away (> 60m)
5676,BIXBYWOODS CT,A,690,83.4,nearest parcel 83m away (> 60m)
5714,BIXBYWOODS CT,B,690,85.0,nearest parcel 85m away (> 60m)
5772,BIXBYWOODS CT,B,510,100.4,nearest parcel 100m away (> 60m)
1951,OLDE COVENTRY RD E,UNIT A,403,47.0,nearest non-residential (403)
1957,OLDE COVENTRY RD E,UNIT B,403,56.9,nearest non-residential (403)
1951,OLDE COVENTRY RD E,UNIT D,403,43.7,nearest non-residential (403)
1951,OLDE COVENTRY RD E,UNIT B,403,46.0,nearest non-residential (403)
5744,BIXBYWOODS CT,A,403,123.1,nearest parcel 123m away (> 60m)
4961,OLDE COVENTRY RD W,UNIT B,403,98.0,nearest parcel 98m away (> 60m)
5768,BIXBYWOODS CT,,510,105.2,nearest parcel 105m away (> 60m)
5776,BIXBYWOODS CT,A,510,90.8,nearest parcel 91m away (> 60m)
5698,BIXBYWOODS CT,B,690,58.5,nearest non-residential (690)
5740,BIXBYWOODS CT,B,690,124.1,nearest parcel 124m away (> 60m)
5684,BIXBYWOODS CT,,690,68.8,nearest parcel 69m away (> 60m)
5756,BIXBYWOODS CT,A,510,129.8,nearest parcel 130m away (> 60m)
5718,BIXBYWOODS CT,B,690,90.5,nearest parcel 91m away (> 60m)
5760,BIXBYWOODS CT,,510,122.5,nearest parcel 122m away (> 60m)
5728,BIXBYWOODS CT,A,510,99.7,nearest parcel 100m away (> 60m)
1906,NOE-BIXBY RD,UNIT C,403,97.8,nearest parcel 98m away (> 60m)
5764,BIXBYWOODS CT,,510,113.4,nearest parcel 113m away (> 60m)
5776,BIXBYWOODS CT,C,510,100.5,nearest parcel 100m away (> 60m)
5748,BIXBYWOODS CT,A,403,116.2,nearest parcel 116m away (> 60m)
5736,BIXBYWOODS CT,C,510,116.1,nearest parcel 116m away (> 60m)
5706,BIXBYWOODS CT,A,690,73.2,nearest parcel 73m away (> 60m)
5680,BIXBYWOODS CT,B,690,75.7,nearest parcel 76m away (> 60m)
5702,BIXBYWOODS CT,C,690,64.9,nearest parcel 65m away (> 60m)
5680,BIXBYWOODS CT,A,690,75.8,nearest parcel 76m away (> 60m)
5718,BIXBYWOODS CT,,690,93.8,nearest parcel 94m away (> 60m)
5672,BIXBYWOODS CT,C,690,64.1,nearest parcel 64m away (> 60m)
5772,BIXBYWOODS CT,,510,81.0,nearest parcel 81m away (> 60m)
2433,FOREST GREEN CT,,640,90.0,nearest parcel 90m away (> 60m)
2393,MARVIC CT,,640,92.2,nearest parcel 92m away (> 60m)
2411,MARVIC CT,,640,108.4,nearest parcel 108m away (> 60m)
2405,MARVIC CT,,640,101.3,nearest parcel 101m away (> 60m)
2447,FOREST GREEN CT,,400,83.3,nearest parcel 83m away (> 60m)
2399,MARVIC CT,,640,96.0,nearest parcel 96m away (> 60m)
2709,WEYBURN RD,,400,30.6,nearest non-residential (400)
2505,MARVIC CT,,400,58.4,nearest non-residential (400)
2458,MARVIC CT,,400,103.1,nearest parcel 103m away (> 60m)
2517,MARVIC CT,,400,18.2,nearest non-residential (400)
2523,MARVIC CT,,400,18.2,nearest non-residential (400)
2452,MARVIC CT,,400,109.3,nearest parcel 109m away (> 60m)
2430,MARVIC CT,,400,122.5,nearest parcel 123m away (> 60m)
2408,MARVIC CT,,400,106.5,nearest parcel 106m away (> 60m)
2496,VERONA MEWS ST,,400,42.9,nearest non-residential (400)
2484,VERONA MEWS ST,,400,26.4,nearest non-residential (400)
2464,MARVIC CT,,400,98.3,nearest parcel 98m away (> 60m)
2472,MARVIC CT,,400,97.5,nearest parcel 97m away (> 60m)
3409,WALNUT DR,,400,16.3,nearest non-residential (400)
2479,MARVIC CT,,510,81.1,nearest parcel 81m away (> 60m)
2492,MARVIC CT,,400,83.4,nearest parcel 83m away (> 60m)
2498,MARVIC CT,,400,67.8,nearest parcel 68m away (> 60m)
2431,MARVIC CT,,640,141.1,nearest parcel 141m away (> 60m)
2443,MARVIC CT,,400,149.0,nearest parcel 149m away (> 60m)
2402,MARVIC CT,,400,95.5,nearest parcel 95m away (> 60m)
2465,FOREST GREEN CT,,400,62.4,nearest parcel 62m away (> 60m)
2449,MARVIC CT,,400,143.2,nearest parcel 143m away (> 60m)
2437,MARVIC CT,,640,156.3,nearest parcel 156m away (> 60m)
2419,MARVIC CT,,640,117.8,nearest parcel 118m away (> 60m)
2497,MARVIC CT,,510,65.8,nearest parcel 66m away (> 60m)
2519,WEYBURN RD,,401,32.0,nearest non-residential (401)
2467,MARVIC CT,,670,112.7,nearest parcel 113m away (> 60m)
2459,FOREST GREEN CT,,400,67.7,nearest parcel 68m away (> 60m)
2453,FOREST GREEN CT,,400,75.0,nearest parcel 75m away (> 60m)
2478,VERONA MEWS ST,,400,25.1,nearest non-residential (400)
2396,MARVIC CT,,400,86.1,nearest parcel 86m away (> 60m)
2511,MARVIC CT,,400,36.5,nearest non-residential (400)
2473,MARVIC CT,,670,98.2,nearest parcel 98m away (> 60m)
2472,VERONA MEWS ST,,400,31.2,nearest non-residential (400)
2485,MARVIC CT,,510,65.6,nearest parcel 66m away (> 60m)
2425,MARVIC CT,,640,128.3,nearest parcel 128m away (> 60m)
2461,MARVIC CT,,670,126.3,nearest parcel 126m away (> 60m)
2491,MARVIC CT,,510,64.6,nearest parcel 65m away (> 60m)
2514,MARVIC CT,,400,51.4,nearest non-residential (400)
2490,VERONA MEWS ST,,400,33.8,nearest non-residential (400)
2455,MARVIC CT,,400,137.1,nearest parcel 137m away (> 60m)
3360,VERONA MEWS ST,UNIT 107,510,75.5,nearest parcel 75m away (> 60m)
2435,MARVIC CT,UNIT 307,400,126.9,nearest parcel 127m away (> 60m)
3400,VERONA MEWS ST,UNIT 302,400,38.2,nearest non-residential (400)
3400,VERONA MEWS ST,UNIT 312,400,23.5,nearest non-residential (400)
3400,VERONA MEWS ST,UNIT 201,400,38.7,nearest non-residential (400)
3330,VERONA MEWS ST,UNIT 205,400,105.2,nearest parcel 105m away (> 60m)
3360,VERONA MEWS ST,UNIT 104,510,70.7,nearest parcel 71m away (> 60m)
3330,VERONA MEWS ST,UNIT 201,400,113.3,nearest parcel 113m away (> 60m)
3360,VERONA MEWS ST,UNIT 207,400,75.2,nearest parcel 75m away (> 60m)
3360,VERONA MEWS ST,UNIT 208,510,68.3,nearest parcel 68m away (> 60m)
3330,VERONA MEWS ST,UNIT 102,400,124.3,nearest parcel 124m away (> 60m)
3330,VERONA MEWS ST,UNIT 308,510,108.1,nearest parcel 108m away (> 60m)
3400,VERONA MEWS ST,UNIT 107,400,5.0,nearest non-residential (400)
3400,VERONA MEWS ST,UNIT 111,400,23.7,nearest non-residential (400)
3330,VERONA MEWS ST,UNIT 108,510,109.9,nearest parcel 110m away (> 60m)
3434,VERONA MEWS ST,,400,39.4,nearest non-residential (400)
3400,VERONA MEWS ST,UNIT 101,400,38.4,nearest non-residential (400)
3400,VERONA MEWS ST,UNIT 109,400,9.5,nearest non-residential (400)
3400,VERONA MEWS ST,UNIT 211,400,24.2,nearest non-residential (400)
3400,VERONA MEWS ST,UNIT 311,400,25.0,nearest non-residential (400)
3360,VERONA MEWS ST,UNIT 305,510,81.3,nearest parcel 81m away (> 60m)
3360,VERONA MEWS ST,UNIT 201,510,87.4,nearest parcel 87m away (> 60m)
2435,MARVIC CT,UNIT 108,400,135.0,nearest parcel 135m away (> 60m)
3360,VERONA MEWS ST,UNIT 307,400,74.8,nearest parcel 75m away (> 60m)
2435,MARVIC CT,UNIT 106,400,123.6,nearest parcel 124m away (> 60m)
3360,VERONA MEWS ST,UNIT 202,510,79.4,nearest parcel 79m away (> 60m)
3400,VERONA MEWS ST,UNIT 304,400,22.7,nearest non-residential (400)
2435,MARVIC CT,UNIT 308,400,132.2,nearest parcel 132m away (> 60m)
3330,VERONA MEWS ST,UNIT 105,400,107.6,nearest parcel 108m away (> 60m)
3330,VERONA MEWS ST,UNIT 208,510,109.0,nearest parcel 109m away (> 60m)
2435,MARVIC CT,UNIT 103,400,109.7,nearest parcel 110m away (> 60m)
2435,MARVIC CT,UNIT 301,400,96.1,nearest parcel 96m away (> 60m)
3400,VERONA MEWS ST,UNIT 106,400,13.9,nearest non-residential (400)
3330,VERONA MEWS ST,UNIT 101,400,115.5,nearest parcel 116m away (> 60m)
2435,MARVIC CT,UNIT 208,400,133.6,nearest parcel 134m away (> 60m)
3400,VERONA MEWS ST,UNIT 204,400,23.0,nearest non-residential (400)
3400,VERONA MEWS ST,UNIT 105,400,13.2,nearest non-residential (400)
2471,MARVIC CT,,400,80.1,nearest parcel 80m away (> 60m)
3400,VERONA MEWS ST,UNIT 203,400,23.7,nearest non-residential (400)
3360,VERONA MEWS ST,UNIT 301,510,89.6,nearest parcel 90m away (> 60m)
3400,VERONA MEWS ST,UNIT 108,400,6.0,nearest non-residential (400)
3360,VERONA MEWS ST,UNIT 306,510,72.7,nearest parcel 73m away (> 60m)
3360,VERONA MEWS ST,UNIT 204,510,73.0,nearest parcel 73m away (> 60m)
3400,VERONA MEWS ST,UNIT 112,400,24.1,nearest non-residential (400)
3330,VERONA MEWS ST,,400,116.7,nearest parcel 117m away (> 60m)
3360,VERONA MEWS ST,UNIT 304,510,75.3,nearest parcel 75m away (> 60m)
2435,MARVIC CT,,400,121.0,nearest parcel 121m away (> 60m)
3330,VERONA MEWS ST,UNIT 103,400,110.6,nearest parcel 111m away (> 60m)
3400,VERONA MEWS ST,UNIT 202,400,38.3,nearest non-residential (400)
3330,VERONA MEWS ST,UNIT 104,400,119.4,nearest parcel 119m away (> 60m)
2435,MARVIC CT,UNIT 305,400,115.2,nearest parcel 115m away (> 60m)
2435,MARVIC CT,UNIT 201,400,97.7,nearest parcel 98m away (> 60m)
3360,VERONA MEWS ST,UNIT 205,510,78.9,nearest parcel 79m away (> 60m)
3330,VERONA MEWS ST,UNIT 202,400,122.0,nearest parcel 122m away (> 60m)
3330,VERONA MEWS ST,UNIT 204,400,117.1,nearest parcel 117m away (> 60m)
3400,VERONA MEWS ST,UNIT 209,400,10.9,nearest non-residential (400)
3400,VERONA MEWS ST,UNIT 103,400,23.1,nearest non-residential (400)
3400,VERONA MEWS ST,UNIT 210,400,9.0,nearest non-residential (400)
3360,VERONA MEWS ST,UNIT 105,510,76.5,nearest parcel 77m away (> 60m)
3360,VERONA MEWS ST,UNIT 302,510,81.5,nearest parcel 82m away (> 60m)
3430,VERONA MEWS ST,,400,35.2,nearest non-residential (400)
3400,VERONA MEWS ST,UNIT 305,400,15.7,nearest non-residential (400)
3400,VERONA MEWS ST,UNIT 104,400,23.4,nearest non-residential (400)
3330,VERONA MEWS ST,UNIT 301,400,111.1,nearest parcel 111m away (> 60m)
3400,VERONA MEWS ST,UNIT 306,400,12.6,nearest non-residential (400)
3400,VERONA MEWS ST,UNIT 301,400,39.2,nearest non-residential (400)
2435,MARVIC CT,UNIT 102,400,106.1,nearest parcel 106m away (> 60m)
3360,VERONA MEWS ST,UNIT 106,510,67.9,nearest parcel 68m away (> 60m)
2435,MARVIC CT,UNIT 303,400,106.6,nearest parcel 107m away (> 60m)
3330,VERONA MEWS ST,UNIT 106,400,116.6,nearest parcel 117m away (> 60m)
3330,VERONA MEWS ST,UNIT 303,400,105.9,nearest parcel 106m away (> 60m)
3400,VERONA MEWS ST,UNIT 212,400,23.7,nearest non-residential (400)
3360,VERONA MEWS ST,,510,69.2,nearest parcel 69m away (> 60m)
3400,VERONA MEWS ST,,400,7.8,nearest non-residential (400)
3330,VERONA MEWS ST,UNIT 305,400,102.8,nearest parcel 103m away (> 60m)
2533,WEYBURN RD,,400,39.4,nearest non-residential (400)
3360,VERONA MEWS ST,UNIT 308,510,70.8,nearest parcel 71m away (> 60m)
3400,VERONA MEWS ST,UNIT 102,400,38.6,nearest non-residential (400)
3360,VERONA MEWS ST,UNIT 303,510,84.1,nearest parcel 84m away (> 60m)
3360,VERONA MEWS ST,UNIT 102,510,77.3,nearest parcel 77m away (> 60m)
2435,MARVIC CT,UNIT 204,400,113.9,nearest parcel 114m away (> 60m)
2465,MARVIC CT,,400,62.2,nearest parcel 62m away (> 60m)
3330,VERONA MEWS ST,UNIT 206,400,114.2,nearest parcel 114m away (> 60m)
3400,VERONA MEWS ST,UNIT 110,400,10.2,nearest non-residential (400)
3400,VERONA MEWS ST,UNIT 307,400,9.7,nearest non-residential (400)
3330,VERONA MEWS ST,UNIT 302,400,119.8,nearest parcel 120m away (> 60m)
2435,MARVIC CT,UNIT 304,400,112.3,nearest parcel 112m away (> 60m)
2435,MARVIC CT,UNIT 104,400,115.6,nearest parcel 116m away (> 60m)
3360,VERONA MEWS ST,UNIT 108,510,65.9,nearest parcel 66m away (> 60m)
2435,MARVIC CT,UNIT 306,400,120.6,nearest parcel 121m away (> 60m)
2435,MARVIC CT,UNIT 302,400,102.5,nearest parcel 102m away (> 60m)
3360,VERONA MEWS ST,UNIT 203,510,81.8,nearest parcel 82m away (> 60m)
3330,VERONA MEWS ST,UNIT 306,400,111.8,nearest parcel 112m away (> 60m)
3330,VERONA MEWS ST,UNIT 203,400,108.2,nearest parcel 108m away (> 60m)
2435,MARVIC CT,UNIT 207,400,128.2,nearest parcel 128m away (> 60m)
2435,MARVIC CT,UNIT 203,400,108.1,nearest parcel 108m away (> 60m)
2435,MARVIC CT,UNIT 105,400,118.0,nearest parcel 118m away (> 60m)
2435,MARVIC CT,UNIT 101,400,99.4,nearest parcel 99m away (> 60m)
3360,VERONA MEWS ST,UNIT 206,510,70.3,nearest parcel 70m away (> 60m)
3400,VERONA MEWS ST,UNIT 303,400,24.5,nearest non-residential (400)
3330,VERONA MEWS ST,UNIT 307,400,100.3,nearest parcel 100m away (> 60m)
3400,VERONA MEWS ST,UNIT 205,400,14.3,nearest non-residential (400)
2435,MARVIC CT,UNIT 107,400,129.5,nearest parcel 129m away (> 60m)
3330,VERONA MEWS ST,UNIT 304,400,114.8,nearest parcel 115m away (> 60m)
3400,VERONA MEWS ST,UNIT 206,400,13.0,nearest non-residential (400)
3330,VERONA MEWS ST,UNIT 107,400,105.2,nearest parcel 105m away (> 60m)
3400,VERONA MEWS ST,UNIT 309,400,12.6,nearest non-residential (400)
3360,VERONA MEWS ST,UNIT 101,510,85.2,nearest parcel 85m away (> 60m)
3400,VERONA MEWS ST,UNIT 308,400,1.8,nearest non-residential (400)
2435,MARVIC CT,UNIT 202,400,104.2,nearest parcel 104m away (> 60m)
3400,VERONA MEWS ST,UNIT 208,400,3.7,nearest non-residential (400)
2435,MARVIC CT,UNIT 205,400,116.6,nearest parcel 117m away (> 60m)
3400,VERONA MEWS ST,UNIT 310,400,8.4,nearest non-residential (400)
3360,VERONA MEWS ST,UNIT 103,510,79.5,nearest parcel 79m away (> 60m)
3400,VERONA MEWS ST,UNIT 207,400,7.3,nearest non-residential (400)
2435,MARVIC CT,UNIT 206,400,122.1,nearest parcel 122m away (> 60m)
3330,VERONA MEWS ST,UNIT 207,400,102.8,nearest parcel 103m away (> 60m)
3319,JOSHSTOCK DR,,,12.2,nearest non-residential ()
