number,street,unit,census_status,street_residential_signal
3411,OLDE CAPE W,,Match,0/1
4220,WINCHESTER PIKE,BLDG,Match,4/13
4444,WINCHESTER PIKE,,Match,4/13
4990,CHATTERTON RD,APT 4,Match,0/12
3144,CROSS KEYS RD,,No_Match,10/12
5024,CHATTERTON RD,APT 4,Match,0/12
5008,CHATTERTON RD,APT 8,Match,0/12
5054,CHATTERTON RD,APT 7,Match,0/12
3011,WINCHESTER PIKE,,Match,4/13
5185,OLDE CAPE N,,Match,0/1
3530,TORWOOD RD,,Match,1/1
2965,WINCHESTER PIKE,,Match,4/13
3039,WINCHESTER PIKE,,Match,4/13
0,FLOYD DR,,No_Match,23/40
4624,WINCHESTER PIKE,,Match,4/13
3027,WINCHESTER PIKE,,Match,4/13
3417,OLDE CAPE W,,Match,0/1
3511,WINCHESTER PIKE,,Match,4/13
5208,OLDE CAPE N,,Match,0/1
4515,GERLING BLVD,,Match,0/0
3611,TORWOOD RD,,Match,1/1
4676,WINCHESTER PIKE,,Match,4/13
3546,TORWOOD RD,,Match,1/1
5568,SEDALIA DR,,No_Match,48/57
3341,WINCHESTER PIKE,,Match,4/13
3413,LATONIA,,Tie,0/0
5976,E LIVINGSTON (R) AVE,,Match,0/0
4990,CHATTERTON RD,APT 10,Match,0/12
5020,CHATTERTON RD,APT 12,Match,0/12
5054,CHATTERTON RD,APT 3,Match,0/12
4490,WINCHESTER PIKE,APT R,Match,4/13
5200,TORWOOD RD,,Match,1/1
5562,SEDALIA DR,,No_Match,48/57
5160,RUTLEDGE DR N,,Match,0/0
4660,WINCHESTER PIKE,,Match,4/13
4650,WINCHESTER PIKE,,Match,4/13
4704,WINCHESTER PIKE,,Match,4/13
3563,TORWOOD RD,,Match,1/1
5566,SEDALIA DR,,No_Match,48/57
5174,OLDE CAPE N,,Match,0/1
5021,CHATTERTON RD,,Match,0/12
3203,WINCHESTER PIKE,,Match,4/13
5196,OLDE CAPE N,,Match,0/1
3413,OLDE CAPE W,,Match,0/1
3637,TORWOOD RD,,Match,1/1
3093,WINCHESTER PIKE,,Match,4/13
3590,TORWOOD RD,,Match,1/1
3439,OLDE CAPE W,,Match,0/1
5024,CHATTERTON RD,APT 10,Match,0/12
5020,CHATTERTON RD,APT 8,Match,0/12
5016,CHATTERTON RD,APT 5,Match,0/12
5016,CHATTERTON RD,APT 2,Match,0/12
5026,CHATTERTON RD,APT 10,Match,0/12
5020,CHATTERTON RD,APT 5,Match,0/12
5000,CHATTERTON RD,APT 9,Match,0/12
4990,CHATTERTON RD,APT 9,Match,0/12
5040,CHATTERTON RD,APT 2,Match,0/12
5016,CHATTERTON RD,APT 3,Match,0/12
5016,CHATTERTON RD,APT 10,Match,0/12
5054,CHATTERTON RD,APT 12,Match,0/12
5020,CHATTERTON RD,APT 4,Match,0/12
4990,CHATTERTON RD,APT 12,Match,0/12
0,MADELINE DR,,No_Match,14/30
3411,LATONIA,,Tie,0/0
3445,LATONIA,,Tie,0/0
4724,WINCHESTER PIKE,,Match,4/13
3425,OLDE CAPE W,,Match,0/1
3519,TORWOOD RD,,Match,1/1
5000,CHATTERTON RD,APT 12,Match,0/12
0,KATHERINE RD,,No_Match,13/29
5011,CHATTERTON RD,,Match,0/12
3770,BEACHWORTH DR,,No_Match,22/31
3530,WINCHESTER PIKE,,Match,4/13
5024,CHATTERTON RD,APT 3,Match,0/12
6184,E LIVINGSTON AVE,,Match,406/920
4996,CHATTERTON RD,APT 7,Match,0/12
4990,CHATTERTON RD,APT 11,Match,0/12
4632,WINCHESTER PIKE,,Match,4/13
5008,CHATTERTON RD,APT 3,Match,0/12
5008,CHATTERTON RD,APT 6,Match,0/12
4990,CHATTERTON RD,APT 5,Match,0/12
5026,CHATTERTON RD,APT 9,Match,0/12
4220,WINCHESTER PIKE,,Match,4/13
3401,OLDE CAPE E,,Match,0/1
3555,TORWOOD RD,,Match,1/1
4490,WINCHESTER PIKE,,Match,4/13
3073,WINCHESTER PIKE,,Match,4/13
3603,TORWOOD RD,,Match,1/1
5000,CHATTERTON RD,APT 11,Match,0/12
5000,CHATTERTON RD,APT 7,Match,0/12
4996,CHATTERTON RD,APT 1,Match,0/12
3405,OLDE CAPE E,,Match,0/1
5411,CLEARWATER DR,,No_Match,79/80
5570,SEDALIA DR,,No_Match,48/57
5042,CHATTERTON RD,APT 9,Match,0/12
3624,TORWOOD RD,,Match,1/1
4636,WINCHESTER PIKE,,Match,4/13
4640,WINCHESTER PIKE,,Match,4/13
5200,RUTLEDGE DR S,,Match,0/0
3163,WINCHESTER PIKE,,Match,4/13
3429,OLDE CAPE E,,Match,0/1
3632,TORWOOD RD,,Match,1/1
4714,WINCHESTER PIKE,,Match,4/13
5198,OLDE CAPE N,,Match,0/1
4744,WINCHESTER PIKE,,Match,4/13
5200,OLDE CAPE N,,Match,0/1
5008,CHATTERTON RD,APT 11,Match,0/12
3640,TORWOOD RD,,Match,1/1
5320,WADE RD,,No_Match,32/32
2871,BRICE RD,,Match,177/386
4989,CHATTERTON RD,,Match,0/12
3427,OLDE CAPE E,,Match,0/1
5051,CHATTERTON RD,,Match,0/12
4638,WINCHESTER PIKE,,Match,4/13
5000,WINCHESTER PIKE,,Match,4/13
3033,WINCHESTER PIKE,,Match,4/13
5041,CHATTERTON RD,,Match,0/12
3410,WINCHESTER PIKE,,Match,4/13
4491,GERLING BLVD,,Match,0/0
3434,WINCHESTER PIKE,,Match,4/13
5047,CHATTERTON RD,,Match,0/12
3099,WINCHESTER PIKE,,Match,4/13
4616,WINCHESTER PIKE,,Match,4/13
4628,WINCHESTER PIKE,,Match,4/13
3409,OLDE CAPE W,,Match,0/1
3419,OLDE CAPE E,,Match,0/1
3480,WINCHESTER PIKE,,Match,4/13
5206,OLDE CAPE N,,Match,0/1
5037,CHATTERTON RD,,Match,0/12
3407,OLDE CAPE E,,Match,0/1
5042,CHATTERTON RD,APT 3,Match,0/12
5000,CHATTERTON RD,APT 8,Match,0/12
5040,CHATTERTON RD,APT 4,Match,0/12
3409,LATONIA DR,,Tie,0/0
3560,TORWOOD RD,,Match,1/1
4760,WINCHESTER PIKE,,Match,4/13
5580,SEDALIA DR,,No_Match,48/57
3295,WINCHESTER PIKE,,Match,4/13
3554,TORWOOD RD,,Match,1/1
5168,OLDE CAPE N,,Match,0/1
5179,OLDE CAPE N,,Match,0/1
3288,EVERSON RD E,,Match,0/0
3437,OLDE CAPE W,,Match,0/1
3431,OLDE CAPE W,,Match,0/1
3616,TORWOOD RD,,Match,1/1
5188,OLDE CAPE N,,Match,0/1
3600,TORWOOD RD,,Match,1/1
3415,OLDE CAPE E,,Match,0/1
3007,WINCHESTER PIKE,,Match,4/13
3421,OLDE CAPE W,,Match,0/1
5190,OLDE CAPE N,,Match,0/1
5164,OLDE CAPE N,,Match,0/1
5181,OLDE CAPE N,,Match,0/1
4680,WINCHESTER PIKE,,Match,4/13
3065,WINCHESTER PIKE,,Match,4/13
3047,WINCHESTER PIKE,,Match,4/13
4462,WINCHESTER PIKE,,Match,4/13
3451,WINCHESTER PIKE,,Match,4/13
3423,OLDE CAPE W,,Match,0/1
3433,OLDE CAPE W,,Match,0/1
5042,CHATTERTON RD,APT 12,Match,0/12
5040,CHATTERTON RD,APT 11,Match,0/12
0,MADELINE RD,,No_Match,1/2
3772,BEACHWORTH DR,,No_Match,22/31
5005,CHATTERTON RD,,Match,0/12
3427,OLDE CAPE W,,Match,0/1
5564,SEDALIA DR,,No_Match,48/57
3373,WINCHESTER PIKE,,Match,4/13
3435,OLDE CAPE W,,Match,0/1
2979,BRICE RD,,No_Match,177/386
5558,SEDALIA DR,,No_Match,48/57
4503,GERLING BLVD,,Match,0/0
3001,WINCHESTER PIKE,,Match,4/13
4539,HARBOR BLVD,,Match,0/0
3425,OLDE CAPE E,,Match,0/1
5183,OLDE CAPE N,,Match,0/1
3115,WINCHESTER PIKE,,Match,4/13
3403,OLDE CAPE W,,Match,0/1
3421,OLDE CAPE E,,Match,0/1
5588,SEDALIA DR,,No_Match,48/57
3566,TORWOOD RD,,Match,1/1
1750,IDLEWILD RD,,Match,0/0
5000,CHATTERTON RD,APT 10,Match,0/12
3079,WINCHESTER PIKE,,Match,4/13
5578,SEDALIA DR,,No_Match,48/57
5582,SEDALIA DR,,No_Match,48/57
3419,OLDE CAPE W,,Match,0/1
3403,OLDE CAPE E,,Match,0/1
5586,SEDALIA DR,,No_Match,48/57
5204,OLDE CAPE N,,Match,0/1
5172,OLDE CAPE N,,Match,0/1
3006,UPTON RD E,,Match,0/0
5166,OLDE CAPE N,,Match,0/1
3085,WINCHESTER PIKE,,Match,4/13
3511,TORWOOD RD,,Match,1/1
3608,TORWOOD RD,,Match,1/1
4990,CHATTERTON RD,APT 2,Match,0/12
5008,CHATTERTON RD,APT 12,Match,0/12
5054,CHATTERTON RD,APT 11,Match,0/12
5054,CHATTERTON RD,APT 1,Match,0/12
5026,CHATTERTON RD,APT 8,Match,0/12
3448,WINCHESTER PIKE,,Match,4/13
5091,SEDALIA RD,,Match,0/1
3441,WINCHESTER PIKE,,Match,4/13
5552,SEDALIA DR,,No_Match,48/57
3601,WATKINS RD,,Match,111/161
3574,TORWOOD RD,,Match,1/1
3407,OLDE CAPE W,,Match,0/1
3533,TORWOOD RD,,Match,1/1
5590,SEDALIA DR,,No_Match,48/57
3417,OLDE CAPE E,,Match,0/1
5026,CHATTERTON RD,APT 11,Match,0/12
5024,CHATTERTON RD,APT 8,Match,0/12
4990,CHATTERTON RD,APT 8,Match,0/12
5040,CHATTERTON RD,APT 9,Match,0/12
5008,CHATTERTON RD,APT 4,Match,0/12
5016,CHATTERTON RD,APT 6,Match,0/12
5042,CHATTERTON RD,APT 7,Match,0/12
5024,CHATTERTON RD,APT 2,Match,0/12
5020,CHATTERTON RD,APT 3,Match,0/12
5024,CHATTERTON RD,APT 11,Match,0/12
0,HARBOR BLVD,,No_Match,0/0
5054,CHATTERTON RD,APT 8,Match,0/12
5016,CHATTERTON RD,APT 7,Match,0/12
5000,CHATTERTON RD,APT 2,Match,0/12
5054,CHATTERTON RD,APT 2,Match,0/12
5042,CHATTERTON RD,APT 5,Match,0/12
5024,CHATTERTON RD,APT 7,Match,0/12
5026,CHATTERTON RD,APT 5,Match,0/12
5026,CHATTERTON RD,APT 12,Match,0/12
5042,CHATTERTON RD,APT 8,Match,0/12
5040,CHATTERTON RD,APT 7,Match,0/12
5020,CHATTERTON RD,APT 9,Match,0/12
5026,CHATTERTON RD,APT 7,Match,0/12
5020,CHATTERTON RD,APT 6,Match,0/12
5042,CHATTERTON RD,APT 1,Match,0/12
5042,CHATTERTON RD,APT 4,Match,0/12
5024,CHATTERTON RD,APT 9,Match,0/12
5020,CHATTERTON RD,APT 10,Match,0/12
4996,CHATTERTON RD,APT 10,Match,0/12
4996,CHATTERTON RD,APT 5,Match,0/12
5020,CHATTERTON RD,APT 1,Match,0/12
5040,CHATTERTON RD,APT 3,Match,0/12
5040,CHATTERTON RD,APT 5,Match,0/12
5024,CHATTERTON RD,APT 12,Match,0/12
5024,CHATTERTON RD,APT 6,Match,0/12
5000,CHATTERTON RD,APT 3,Match,0/12
5000,CHATTERTON RD,APT 4,Match,0/12
4996,CHATTERTON RD,APT 12,Match,0/12
4996,CHATTERTON RD,APT 3,Match,0/12
5042,CHATTERTON RD,APT 6,Match,0/12
4513,GERLING BLVD,,Match,0/0
5026,CHATTERTON RD,APT 6,Match,0/12
0,GERLING BLVD,,No_Match,0/0
5040,CHATTERTON RD,APT 8,Match,0/12
4990,CHATTERTON RD,APT 1,Match,0/12
4996,CHATTERTON RD,APT 4,Match,0/12
5016,CHATTERTON RD,APT 12,Match,0/12
4211,WINCHESTER PIKE,,Match,4/13
4215,WINCHESTER PIKE,,Match,4/13
0,S HAMILTON RD,,No_Match,242/753
4194,WINCHESTER PIKE,,Match,4/13
5024,CHATTERTON RD,APT 5,Match,0/12
5042,CHATTERTON RD,APT 10,Match,0/12
5026,CHATTERTON RD,APT 1,Match,0/12
5054,CHATTERTON RD,APT 6,Match,0/12
5020,CHATTERTON RD,APT 11,Match,0/12
5042,CHATTERTON RD,APT 2,Match,0/12
5054,CHATTERTON RD,APT 4,Match,0/12
4996,CHATTERTON RD,APT 6,Match,0/12
5016,CHATTERTON RD,APT 11,Match,0/12
4996,CHATTERTON RD,APT 8,Match,0/12
5008,CHATTERTON RD,APT 9,Match,0/12
5008,CHATTERTON RD,APT 2,Match,0/12
5026,CHATTERTON RD,APT 2,Match,0/12
4990,CHATTERTON RD,APT 6,Match,0/12
4990,CHATTERTON RD,APT 7,Match,0/12
5020,CHATTERTON RD,APT 2,Match,0/12
3431,OLDE CAPE E,,Match,0/1
3309,JAMES DENNIS DR,,No_Match,0/0
3303,WINCHESTER PIKE,,Match,4/13
5176,OLDE CAPE N,,Match,0/1
5574,SEDALIA DR,,No_Match,48/57
5192,OLDE CAPE N,,Match,0/1
3582,TORWOOD RD,,Match,1/1
4996,CHATTERTON RD,APT 9,Match,0/12
5016,CHATTERTON RD,APT 9,Match,0/12
5000,CHATTERTON RD,APT 1,Match,0/12
5008,CHATTERTON RD,APT 1,Match,0/12
5008,CHATTERTON RD,APT 7,Match,0/12
5016,CHATTERTON RD,APT 4,Match,0/12
5054,CHATTERTON RD,APT 10,Match,0/12
3520,TORWOOD RD,,Match,1/1
4734,WINCHESTER PIKE,,Match,4/13
3019,WINCHESTER PIKE,,Match,4/13
5572,SEDALIA DR,,No_Match,48/57
5560,SEDALIA DR,,No_Match,48/57
3599,WATKINS RD,,Match,111/161
5191,RUTLEDGE DR N,,Match,0/0
3405,OLDE CAPE W,,Match,0/1
5556,SEDALIA DR,,No_Match,48/57
5584,SEDALIA DR,,No_Match,48/57
3053,WINCHESTER PIKE,,Match,4/13
3441,OLDE CAPE W,,Match,0/1
3424,S HAMILTON RD,,Match,242/753
5576,SEDALIA DR,,No_Match,48/57
3625,TORWOOD RD,,Match,1/1
5554,SEDALIA DR,,No_Match,48/57
3193,WINCHESTER PIKE,,Match,4/13
3512,TORWOOD RD,,Match,1/1
4990,CHATTERTON RD,APT 3,Match,0/12
5016,CHATTERTON RD,APT 1,Match,0/12
5040,CHATTERTON RD,APT 12,Match,0/12
5020,CHATTERTON RD,APT 7,Match,0/12
5026,CHATTERTON RD,APT 3,Match,0/12
5042,CHATTERTON RD,APT 11,Match,0/12
4996,CHATTERTON RD,APT 11,Match,0/12
5024,CHATTERTON RD,APT 1,Match,0/12
5040,CHATTERTON RD,APT 1,Match,0/12
5054,CHATTERTON RD,APT 5,Match,0/12
5008,CHATTERTON RD,APT 5,Match,0/12
5040,CHATTERTON RD,APT 10,Match,0/12
5026,CHATTERTON RD,APT 4,Match,0/12
5000,CHATTERTON RD,APT 6,Match,0/12
5054,CHATTERTON RD,APT 9,Match,0/12
5000,CHATTERTON RD,APT 5,Match,0/12
5008,CHATTERTON RD,APT 10,Match,0/12
5016,CHATTERTON RD,APT 8,Match,0/12
3345,S HAMILTON RD,APT R,Match,242/753
4996,CHATTERTON RD,APT 2,Match,0/12
5040,CHATTERTON RD,APT 6,Match,0/12
4595,MONMOUTH CT,,Match,0/0
4657,REFUGEE RD,2H,Match,119/267
3815,KIMBERLY PKWY N,,Match,0/0
2328,RANDY CT,,Match,0/0
5415,YORKSHIRE TERRACE DR,1C,Match,0/0
4411,WINCHESTER PIKE,,Match,4/13
2620,BIRCHTREE CT,,Match,0/0
2434,SHORE BLVD W,,Match,0/0
4630,HILTON CORPORATE DR,211,Match,0/3
5484,DUNFIELD LN,1,Match,0/1
2730,TENNYSON BLVD,A,Match,0/0
5792,HIBERNIA DR,B,Match,0/1
2564,SILVER OAK DR,,Match,0/1
5145,CEDAR DR,A,Match,15/24
2279,SEVILLE AVE,,Match,0/1
2355,HUDSON BAY WAY,,Match,0/0
1289,YORKLAND RD,UNIT K,Match,23/34
2171,SOFT WIND CT,,Match,0/0
5649,CHANTRY DR,,Match,0/16
5608,TINLEY PARK,,Match,0/0
5410,YORKSHIRE TERRACE DR,C,Match,0/0
6339,MCNAUGHTEN CT,,No_Match,0/1
2419,KIMBERLY PKWY N,,Tie,0/0
3142,S HAMILTON RD,,Match,242/753
82,LITTLE BROOK WAY,,No_Match,30/31
3084,ROTUNDA CT S,,Match,0/0
2205,COURTSIDE DR,C,Match,0/2
150,CHANTRY DR,,No_Match,0/16
5621,CHANTRY DR,,Match,0/16
4255,MACSWAY AVE,,Match,0/5
5079,CEDAR DR,L,Match,15/24
4537,LAKE SIDE S,,Match,0/0
552,LITTLE BROOK WAY,,No_Match,30/31
2089,LAKE CLUB TER,I,Match,0/0
3201,WEBSTER DR,,Match,0/0
2318,RANDY CT,,Match,0/0
5555,HIBERNIA DR,,Match,0/1
5567,HIBERNIA DR,B,Match,0/1
4659,REFUGEE RD,3C,Match,119/267
4550,LAKE SIDE N,K,Match,0/0
2740,CITIZENS PL,C,Match,0/1
4669,REFUGEE RD,2I,Match,119/267
6000,LAKE CLUB CT,A,Match,0/1
4593,REFUGEE RD,3F,Match,119/267
3301,TRADAN DR,,Match,0/1
2162,SUNSHINE PL,,Match,0/1
4291,DONLYN CT,,Match,0/0
2051,LAKE CLUB TER,,Match,0/0
5419,LONSDALE PL S,UNIT D,Match,0/0
2811,BERWICK SQ,,Match,0/1
3366,TRADAN DR,,Match,0/1
2182,SUNSHINE PL,,Match,0/1
6117,MCNAUGHTEN CT,,Match,0/1
3275,SUNMARK AVE,,Match,0/0
2732,EASTLAND MALL,,Match,0/1
1745,LONSDALE PL E,,Match,0/0
2251,SUNSHINE PL,,Match,0/1
64,LITTLE BROOK WAY,,No_Match,30/31
3180,ELIM MANOR CT,104,Match,0/1
5458,CHATFORD SQ,,Match,0/1
5573,AUTUMN CHASE DR,,Match,0/1
2144,RIVERDALE SQ W,,Match,0/0
2795,GROSSE POINT,,Match,0/0
4964,COVENTRY CT S,,Match,0/0
2214,SUNSHINE PL,,Match,0/1
3153,REFUGEE RD,,Match,119/267
3675,MENDON PL,,Match,0/0
5539,CANTARA PL,4,Match,0/0
1759,CHANNINGWAY CT W,,Match,0/0
3325,WINTER LANE PARK,,Match,0/0
2318,SUNSHINE PL,,Match,0/1
5767,HALLRIDGE CIR,,Match,0/0
6137,MCNAUGHTEN CT,,Match,0/1
3634,RIVERDALE SQ,,Match,0/0
2828,WYMAN CT,,Match,0/0
3776,SOFT WIND DR,,Match,0/0
3955,MAUMEE BAY WAY,,Match,0/0
5347,YORKSHIRE VILLAGE LN,,Match,0/0
2525,FRANKSWAY ST,,Match,0/1
6157,GIOFFRE WOODS LN,,Match,0/40
5034,COVENTRY DR,D,Match,0/0
2346,RANDY CT,,Match,0/0
5605,CHANTRY DR,,Match,0/16
3669,MENDON PL,,Match,0/0
4670,FENIMORE CT,,Match,0/0
3925,KIMBERLY PKWY N,,Match,0/0
2510,KIMBERLY PKWY E,UNIT 304,Match,0/0
4611,REFUGEE RD,3D,Match,119/267
4615,REFUGEE RD,2C,Match,119/267
2830,WYMAN CT,C,Match,0/0
4609,REFUGEE RD,1K,Match,119/267
4650,HILTON CORPORATE DR,101,Match,0/3
6645,MCNAUGHTEN CT,,No_Match,0/1
538,LITTLE BROOK WAY,,No_Match,30/31
4653,HILTON CORPORATE DR,,Match,0/3
4408,CROSSROADS CENTER,,Match,0/0
3737,NOAM CT,,Match,0/0
4770,LARAINE CT,204,Match,0/0
5381,YORKSHIRE TERRACE DR,5A,Match,0/0
2813,TENNYSON BLVD,210,Match,0/0
82,CHANTRY DR,,No_Match,0/16
522,LITTLE BROOK WAY,,No_Match,30/31
4491,LAKE SIDE S,E,Match,0/0
3015,ROTUNDA CT S,,Match,0/0
5673,HIBERNIA DR,B,Match,0/1
3747,KIMBERLY WEST DR,,Tie,0/0
2714,BRANDY DR,104,Match,0/1
68,LITTLE BROOK WAY,,No_Match,30/31
470,LITTLE BROOK WAY,,No_Match,30/31
2433,SHORE BLVD E,,Match,0/0
372,CHANTRY DR,,No_Match,0/16
392,LITTLE BROOK WAY,,No_Match,30/31
5481,E LIVINGSTON AVE,UNIT A,Match,406/920
5800,HALLRIDGE CIR,,Match,0/0
3134,S HAMILTON RD,,Match,242/753
6447,MCNAUGHTEN CT,,No_Match,0/1
4520,LAKE SIDE S,B,Match,0/0
5838,HALLRIDGE CIR,,Match,0/0
5769,HALLRIDGE CIR,,Match,0/0
2587,S HAMILTON RD,,Match,242/753
5345,YORKSHIRE TERRACE DR,D,Match,0/0
3751,BIRCHTREE LN,,Match,0/0
3302,SUFFIELD,,Match,0/0
1362,IDLEWOOD DR,,No_Match,0/0
4671,REFUGEE RD,3E,Match,119/267
2776,CITIZENS PL,E,Match,0/1
1286,MCKAHAN AVE,,Match,0/28
652,CHANTRY DR,,No_Match,0/16
5576,MILLERSFIELD DR,,Match,0/1
10,CHANTRY DR,,No_Match,0/16
4575,LAKE SIDE S,C,Match,0/0
5435,LONSDALE PL N,UNIT C,Match,0/0
192,CHANTRY DR,,No_Match,0/16
168,CHANTRY DR,,No_Match,0/16
2387,MALKA CT,,Match,0/0
4300,KIMBERLY PKWY,,Match,0/1
2780,CITIZENS PL,A,Match,0/1
5415,YORKSHIRE TERRACE DR,5C,Match,0/0
5708,GREENPINE ST,,Match,0/0
4667,REFUGEE RD,2B,Match,119/267
5052,COVENTRY CT N,D,Match,0/0
5415,YORKSHIRE TERRACE DR,6B,Match,0/0
2497,SHORE BLVD E,,Match,0/0
5637,HIBERNIA DR,A,Match,0/1
8,LITTLE BROOK WAY,,No_Match,30/31
5730,HIBERNIA DR,,Match,0/1
3325,SUFFIELD,,Match,0/0
3766,KIMBERLY WEST DR,,Tie,0/0
2436,CHELSEA CT,,Match,0/0
2853,CITIZENS PL,H,Match,0/1
5653,HIBERNIA DR,A,Match,0/1
2175,MUIRWOOD DR,,Match,0/1
2226,SEVILLE AVE,,Match,0/1
310,CHANTRY DR,,No_Match,0/16
3474,COURTRIGHT LN,,Match,0/0
3973,PENNIMAN ST,,No_Match,0/1
3149,ST BERNARD CIR,,Match,0/0
5427,LONSDALE PL S,UNIT A,Match,0/0
3731,CHARBERT CT,,Match,0/0
4611,REFUGEE RD,1A,Match,119/267
258,CHANTRY DR,,No_Match,0/16
2510,KIMBERLY PKWY E,UNIT 106,Match,0/0
2735,EASTLAND MALL,,Match,0/1
1563,APPLETON CT,,Match,0/0
6767,MCNAUGHTEN CT,,No_Match,0/1
3264,WINTER LANE PARK,,Match,0/0
5684,GREENPINE ST,,Match,0/0
5585,AUTUMN CHASE DR,A,Match,0/1
4616,HEBRIDES DR,C,Match,0/0
4800,LARAINE CT,102,Match,0/0
4992,OLDE COVENTRY RD W,,Match,0/0
5356,YORKSHIRE TERRACE DR,,Match,0/0
5575,CHATTERTON RD,,Match,0/12
2340,PETZINGER CT,,Match,0/0
5123,CEDAR DR,,Match,15/24
5119,CEDAR DR,M,Match,15/24
4582,MANDEVILLE CT,C,Match,0/0
1559,BANDERA CT,,Match,0/0
3728,NOAM CT,,Match,0/0
1775,CHANNINGWAY CT W,,Match,0/0
2788,CITIZENS PL,D,Match,0/1
5119,CEDAR DR,E,Match,15/24
2788,BERWICK SQ,,Match,0/1
2580,SILVER OAK DR,,Match,0/1
6161,MCNAUGHTEN CT,,Match,0/1
5918,SHANA DR,,Match,0/1
2845,CITIZENS PL,C,Match,0/1
2281,MAJESTIC DR W,,Match,0/0
3493,COURTRIGHT LN,,Match,0/0
2087,PINE GROVE LN,,Match,0/1
6495,MCNAUGHTEN CT,,No_Match,0/1
2786,CITIZENS PL,E,Match,0/1
2141,PINE GROVE LN,,Match,0/1
4630,HILTON CORPORATE DR,104,Match,0/3
5530,DUNFIELD LN,3,Match,0/1
2543,SILVER OAK DR,,Match,0/1
298,LITTLE BROOK WAY,,No_Match,30/31
3282,TRADAN DR,,Match,0/1
4822,REFUGEE RD,C,Match,119/267
6565,MCNAUGHTEN CT,,No_Match,0/1
4185,CADILLAC CT,,Match,0/0
5681,HIBERNIA DR,,Match,0/1
4669,REFUGEE RD,2G,Match,119/267
4597,MONMOUTH CT,,Match,0/0
5792,HIBERNIA DR,,Match,0/1
646,LITTLE BROOK WAY,,No_Match,30/31
3855,BUCKMAN ST,,Match,0/0
5842,REDAPPLE RIDGE,,Match,0/0
2732,TENNYSON BLVD,,Match,0/0
2207,COURTSIDE DR,B,Match,0/2
5521,CANTARA PL,6,Match,0/0
2376,MALKA CT,,Match,0/0
5794,HALLRIDGE CIR,,Match,0/0
2901,TUPPENCE DR,,Match,0/0
2655,SILVER OAK DR,,Match,0/1
4671,REFUGEE RD,3C,Match,119/267
4789,ROLLINGBROOK LN,D,Tie,0/0
3385,WINTER LANE PARK,,Match,0/0
3249,WEBSTER DR,,Match,0/0
3312,SUFFIELD,,Match,0/0
3820,BUCKMAN ST,,Match,0/0
5700,SPRUCE TREE DR,,Match,0/0
2390,CANAL BAY WAY,,Match,0/1
5597,CHANTRY DR,,Match,0/16
4678,FENIMORE CT,D,Match,0/0
4630,HILTON CORPORATE DR,110,Match,0/3
2217,MUIRWOOD DR,,Match,0/1
238,CHANTRY DR,,No_Match,0/16
5381,YORKSHIRE TERRACE DR,2A,Match,0/0
164,CHANTRY DR,,No_Match,0/16
2720,BRANDY DR,204,Match,0/1
4573,MONMOUTH CT,212,Match,0/0
178,LITTLE BROOK WAY,,No_Match,30/31
5792,HIBERNIA DR,C,Match,0/1
4520,LAKE SIDE S,D,Match,0/0
4442,CROSSROADS CENTER,,Match,0/0
2598,SILVER OAK DR,,Match,0/1
2000,SEPICH LN,,Match,0/1
5898,SHANA DR,,Match,0/1
512,LITTLE BROOK WAY,,No_Match,30/31
16,CHANTRY DR,,No_Match,0/16
4592,LAKE SIDE N,,Match,0/0
5499,CHATFORD SQ,,Match,0/1
2912,MERRYMOUNT CT,C,Match,0/0
5330,YORKSHIRE TERRACE DR,B12,Match,0/0
2797,TENNYSON BLVD,C,Match,0/0
4271,DONLYN CT,,Match,0/0
4241,EASTLAND SQUARE DR,,Match,0/1
5121,CEDAR DR,C,Match,15/24
5624,HIBERNIA DR,C,Match,0/1
2047,PINE NEEDLE CT,,Match,0/0
6703,MCNAUGHTEN CT,,No_Match,0/1
2174,SUNSHINE PL,,Match,0/1
2853,CITIZENS PL,C,Match,0/1
1838,S HAMILTON RD,,Match,242/753
2371,SHORE BLVD E,H,Match,0/0
186,LITTLE BROOK WAY,,No_Match,30/31
3847,MAUMEE BAY WAY,,Match,0/0
3185,EASTHAVEN DR S,,Match,0/0
6033,LAKE CLUB CT,,Match,0/1
4987,COVENTRY DR,,Match,0/0
2102,LAKE CLUB TER,,Match,0/0
2855,CITIZENS PL,D,Match,0/1
2894,MERRYMOUNT CT,B,Match,0/0
4114,ALVADA ST,,Match,0/0
2744,BRANDY DR,203,Match,0/1
3747,KIMBERLY WEST DR,UNIT 5,Tie,0/0
5788,HIBERNIA DR,A,Match,0/1
5735,SPRUCE TREE DR,,Match,0/0
5934,SHANA DR,,Match,0/1
5200,CEDAR DR,D,Match,15/24
6375,MCNAUGHTEN CT,,No_Match,0/1
3760,KNIGHTSWAY LN,,Match,0/2
1567,APPLETON CT,,Match,0/0
5141,CEDAR DR,,Match,15/24
2431,KIMBERLY PKWY N,,Tie,0/0
2173,SUNSHINE PL,,Match,0/1
4627,HILTON CORPORATE DR,,Match,0/3
2244,WABASH CT W,,Match,0/0
4680,FENIMORE CT,B,Match,0/0
3346,SUFFIELD,,Match,0/0
2740,CITIZENS PL,E,Match,0/1
4599,REFUGEE RD,2A,Match,119/267
2231,COURTSIDE DR,D,Match,0/2
5687,E LIVINGSTON AVE,,Match,406/920
2627,SILVER OAK DR,,Match,0/1
4617,REFUGEE RD,1C,Match,119/267
5605,AUTUMN CHASE DR,B,Match,0/1
5603,HIBERNIA DR,A,Match,0/1
5880,YORKLAND CT,UNIT K,Match,0/1
5669,CHANTRY DR,,Match,0/16
3863,SOLDIER ST,,Match,12/82
4969,COVENTRY CT S,,Match,0/0
4615,WORDSWORTH CT,C,Match,0/0
2431,SHORE BLVD E,I,Match,0/0
3695,KIDRON CT,,Match,0/0
4650,HILTON CORPORATE DR,111,Match,0/3
4665,REFUGEE RD,3H,Match,119/267
5435,LONSDALE PL N,UNIT A,Match,0/0
1958,OLDE COVENTRY RD E,,Match,0/0
2187,FOXCROFT GREEN,,Match,0/0
5720,HIBERNIA DR,B,Match,0/1
2035,PINE NEEDLE CT,,Match,0/0
5739,HIBERNIA DR,A,Match,0/1
4659,REFUGEE RD,1E,Match,119/267
3304,WINTER LANE PARK,,Match,0/0
4667,REFUGEE RD,3A,Match,119/267
5556,AUTUMN CHASE DR,A,Match,0/1
3735,BIRCHTREE LN,,Match,0/0
5330,YORKSHIRE TERRACE DR,B2,Match,0/0
1779,BAIRSFORD CIR W,,Match,0/0
1754,LONSDALE PL E,UNIT B,Match,0/0
5583,HIBERNIA DR,A,Match,0/1
2760,EASTLAND MALL,,Match,0/1
4415,CROSSROADS CENTER,,Match,0/0
2810,CITIZENS PL,B,Match,0/1
4650,HILTON CORPORATE DR,306,Match,0/3
2757,S HAMILTON RD,,Match,242/753
3154,S HAMILTON RD,,Match,242/753
2637,BIRCHTREE CT,,Match,0/0
5561,CHATTERTON RD,,Match,0/12
2223,SEVILLE AVE,,Match,0/1
6763,MCNAUGHTEN CT,,No_Match,0/1
5123,CEDAR DR,E,Match,15/24
5563,HIBERNIA DR,,Match,0/1
6441,MCNAUGHTEN CT,,No_Match,0/1
5703,SPRUCE TREE DR,,Match,0/0
2784,MARWOOD CT,A,Match,0/1
2205,COURTSIDE DR,G,Match,0/2
5695,GREENPINE ST,,No_Match,0/0
6721,MCNAUGHTEN CT,,No_Match,0/1
5628,HIBERNIA DR,A,Match,0/1
648,CHANTRY DR,,No_Match,0/16
3749,EMRICK CT,,Match,0/0
2630,CHAPPEL CHASE,,Match,0/0
5540,MILLERSFIELD DR,,Match,0/1
4774,LARAINE CT,201,Match,0/0
4106,JENERA PL,,Match,0/0
2740,CITIZENS PL,D,Match,0/1
4636,GROVES RD,,Match,4/54
1893,COVENTRY CT,,Match,2/2
2776,CITIZENS PL,C,Match,0/1
262,CHANTRY DR,,No_Match,0/16
2348,PETZINGER CT,,Match,0/0
2748,CITIZENS PL,B,Match,0/1
5097,CEDAR DR,B,Match,15/24
6357,MCNAUGHTEN CT,,No_Match,0/1
3740,SOFT WIND DR,,Match,0/0
3341,BRANFORD,,Match,0/0
4774,LARAINE CT,203,Match,0/0
2583,KIMBERLY PKWY W,,Match,0/0
5121,CEDAR DR,L,Match,15/24
2296,MUIRWOOD DR,,Match,0/1
2314,SEVILLE AVE,,Match,0/1
5321,YORKSHIRE TERRACE DR,B,Match,0/0
2798,MARWOOD CT,C,Match,0/1
2187,ROTUNDA DR,,Match,6/10
2391,SHORE BLVD E,D,Match,0/0
2768,GROSSE POINT,,Match,0/0
5580,HIBERNIA DR,,Match,0/1
5866,HALLRIDGE CIR,,Match,0/0
5564,MILLERSFIELD DR,,Match,0/1
4599,REFUGEE RD,3A,Match,119/267
2824,CITIZENS PL,D,Match,0/1
4594,MONMOUTH CT,,Match,0/0
5545,CANTARA PL,5,Match,0/0
3308,TRADAN DR,,Match,0/1
2935,TENNYSON BLVD,D,Match,0/0
638,CHANTRY DR,,No_Match,0/16
4649,COLERIDGE CT,D,Match,0/0
3772,RIVERCREEK BAY WAY,,Match,0/0
5435,LONSDALE PL N,UNIT B,Match,0/0
2150,SUNSHINE PL,,Match,0/1
4564,ISINGTON CT,203,Match,0/0
4652,HEBRIDES DR,,Match,0/0
2510,KIMBERLY PKWY E,208,Match,0/0
2824,TENNYSON BLVD,A,Match,0/0
1267,STEVENLANE BLVD,,Match,0/24
2802,CITIZENS PL,G,Match,0/1
2851,CITIZENS PL,D,Match,0/1
3652,RIVERDALE SQ,,Match,0/0
3729,FRANCINE CT,,Match,0/0
2888,SHILLING DR,,Match,0/0
3595,ARIEL DR,,Match,0/0
1759,LONSDALE PL E,UNIT D,Match,0/0
4624,CHANNING TER,D,Match,0/0
558,CHANTRY DR,,No_Match,0/16
4615,REFUGEE RD,2F,Match,119/267
2602,CHAPPEL CHASE,,Match,0/0
4665,REFUGEE RD,1I,Match,119/267
4599,REFUGEE RD,1A,Match,119/267
4642,HEBRIDES DR,C,Match,0/0
3595,REFUGEE RD,CATV,Match,119/267
3803,RIVERCREEK BAY WAY,,Match,0/0
2635,BIRCHTREE CT,,Match,0/0
5516,DUNFIELD LN,3,Match,0/1
2782,TENNYSON BLVD,,Match,0/0
1813,CHANNINGWAY CT E,,Match,0/0
378,CHANTRY DR,,No_Match,0/16
3654,RIVERDALE SQ,,Match,0/0
2435,SHORE BLVD E,,Match,0/0
2449,SHORE BLVD E,C,Match,0/0
4798,LARAINE CT,104,Match,0/0
102,CHANTRY DR,,No_Match,0/16
2820,WYMAN CT,B,Match,0/0
3839,MAUMEE BAY WAY,,Match,0/0
2240,MUIRWOOD DR,,Match,0/1
5481,E LIVINGSTON AVE,,Match,406/920
4309,DONLYN CT,,Match,0/0
5145,CEDAR DR,F,Match,15/24
2184,SOFT WIND CT,,Match,0/0
2927,TENNYSON BLVD,D,Match,0/0
5453,LONSDALE PL S,UNIT C,Match,0/0
2792,TENNYSON BLVD,,Match,0/0
4617,REFUGEE RD,3A,Match,119/267
1898,COVENTRY CT,,Match,2/2
2090,PINE GROVE LN,,Match,0/1
4960,COVENTRY CT S,,Match,0/0
2785,MARWOOD CT,A,Match,0/1
2087,LAKE CLUB TER,B,Match,0/0
4630,HILTON CORPORATE DR,206,Match,0/3
4603,REFUGEE RD,1E,Match,119/267
6769,MCNAUGHTEN CT,,No_Match,0/1
4582,MANDEVILLE CT,D,Match,0/0
1285,YORKLAND RD,UNIT C,Match,23/34
116,LITTLE BROOK WAY,,No_Match,30/31
3239,ELIM MANOR CT,,Match,0/1
2784,CITIZENS PL,C,Match,0/1
1922,OLDE COVENTRY RD E,,Match,0/0
2805,TENNYSON BLVD,,Match,0/0
2401,SHORE BLVD E,D,Match,0/0
2116,SUNSHINE PL,,Match,0/1
2208,WABASH CT W,,Match,0/0
2900,NATHANIEL BLVD,,Match,0/0
5533,CANTARA PL,5,Match,0/0
5510,E LIVINGSTON AVE,,Match,406/920
5567,HIBERNIA DR,C,Match,0/1
2114,MUIRWOOD DR,,Match,0/1
3651,RIVERDALE SQ,,Match,0/0
2423,SHORE BLVD E,,Match,0/0
2142,MUIRWOOD DR,,Match,0/1
5413,LONSDALE PL S,UNIT A,Match,0/0
1763,CHANNINGWAY CT W,,Match,0/0
2395,MALKA CT,,Match,0/0
1571,ALLENFORD CT,,Match,0/0
4177,CADILLAC CT,,Match,0/0
3813,BUCKMAN ST,,Match,0/0
2602,SUMMERWAY CT,,Match,0/0
1928,OLDE COVENTRY RD E,,Match,0/0
2263,MUIRWOOD DR,,Match,0/1
190,CHANTRY DR,,No_Match,0/16
1869,LAKE CLUB DR,,Match,1/11
5645,CHANTRY DR,,Match,0/16
6026,LAKE CLUB CT,,Match,0/1
3358,TRADAN DR,,Match,0/1
1817,CHANNINGWAY CT E,,Match,0/0
5335,YORKSHIRE VILLAGE LN,,Match,0/0
2403,SHORE BLVD E,,Match,0/0
2521,FRANKSWAY ST,,Match,0/1
2214,MUIRWOOD DR,,Match,0/1
2826,TENNYSON BLVD,B,Match,0/0
5774,HIBERNIA DR,,Match,0/1
1921,CHANNINGWAY CENTER DR,,Match,0/0
5571,AUTUMN CHASE DR,,Match,0/1
2082,LAKE CLUB TER,,Match,0/0
5828,HALLRIDGE CIR,,Match,0/0
3211,WABASH CT N,,Match,0/0
5781,CHANTRY DR,,Match,0/16
4599,MONMOUTH CT,207,Match,0/0
3844,RIVERCREEK BAY WAY,,Match,0/0
5768,HALLRIDGE CIR,,Match,0/0
5650,MAPLE TREE LN,,No_Match,0/0
5738,GREENPINE ST,,Match,0/0
4603,REFUGEE RD,2E,Match,119/267
2510,KIMBERLY PKWY E,UNIT 104,Match,0/0
3365,WINTER LANE PARK,,Match,0/0
2796,BERWICK SQ,,Match,0/1
2234,SUNSHINE PL,,Match,0/1
6014,LAKE CLUB CT,,Match,0/1
2780,CITIZENS PL,C,Match,0/1
5652,HIBERNIA DR,C,Match,0/1
2586,S HAMILTON RD,,Match,242/753
5345,YORKSHIRE TERRACE DR,C,Match,0/0
3746,NOAM CT,,Match,0/0
4556,ISINGTON CT,,Match,0/0
5548,AUTUMN CHASE DR,B,Match,0/1
4571,HEMINGWAY CT,A,Match,0/1
5951,SHANA DR,,Match,0/1
3169,WEBSTER DR,,Match,0/0
5554,AUTUMN CHASE DR,,Match,0/1
5483,RED BIRD CT,,Match,0/1
5510,CHANTRY DR,,Match,0/16
4080,PORSCHE CT,,Match,0/1
3717,KIMBERLY WEST DR,UNIT 6,Tie,0/0
5568,TINLEY PARK,,Match,0/0
4557,LAKE SIDE S,B,Match,0/0
5490,DUNFIELD LN,2,Match,0/1
5427,YORKSHIRE TERRACE DR,5B,Match,0/0
1870,COVENTRY CT,A,Match,2/2
4623,WORDSWORTH CT,,Match,0/0
2606,SUMMERWAY CT,,Match,0/0
5467,RED BIRD CT,,Match,0/1
4788,ROLLINGBROOK LN,A,Match,0/0
2828,TENNYSON BLVD,D,Match,0/0
4520,LAKE SIDE N,A,Match,0/0
5536,MILLERSFIELD DR,,Match,0/1
3736,KNIGHTSWAY LN,,Match,0/2
6321,MCNAUGHTEN CT,,No_Match,0/1
6311,MCNAUGHTEN CT,,No_Match,0/1
4659,REFUGEE RD,1D,Match,119/267
2255,MUIRWOOD DR,,Match,0/1
5427,YORKSHIRE TERRACE DR,1A,Match,0/0
2735,TENNYSON BLVD,A,Match,0/0
4224,EASTLAND FOOD CT,,No_Match,0/0
2066,PINE GROVE LN,,Match,0/1
2810,NEWCASTLE CT,205,Match,0/0
2452,SHORE BLVD W,,Match,0/0
4669,REFUGEE RD,2H,Match,119/267
5564,HIBERNIA DR,,Match,0/1
5484,DUNFIELD LN,,Match,0/1
2225,COURTSIDE DR,F,Match,0/2
2093,LAKE CLUB TER,F,Match,0/0
5751,HALLRIDGE CIR,,Match,0/0
5944,SHANA DR,,Match,0/1
3472,COURTRIGHT LN,,Match,0/0
6050,CHANNINGWAY BLVD,,Match,0/0
1632,COPPERTREE RD,,Match,2/2
5016,COVENTRY DR,B,Match,0/0
6221,MCNAUGHTEN CT,,Match,0/1
3748,NOAM CT,,Match,0/0
3342,TRADAN DR,,Match,0/1
3912,RIVERCREEK BAY WAY,,Match,0/0
3838,BUCKMAN ST,,Match,0/0
3738,KNIGHTSWAY LN,,Match,0/2
4263,DONLYN CT,,Match,0/0
3730,SOFT WIND DR,,Match,0/0
3943,KIMBERLY PKWY N,,Match,0/0
3695,MENDON PL,,Match,0/0
2087,LAKE CLUB TER,D,Match,0/0
148,LITTLE BROOK WAY,,No_Match,30/31
3705,KIMBERLY PKWY N,,Match,0/0
6277,MCNAUGHTEN CT,,Match,0/1
3742,BUCKMAN ST,,Match,0/0
4657,REFUGEE RD,2G,Match,119/267
6741,MCNAUGHTEN CT,,No_Match,0/1
3118,S HAMILTON RD,,Match,242/753
4480,GROVES RD,,Match,4/54
2310,SEVILLE AVE,,Match,0/1
2747,EASTLAND MALL,,Match,0/1
1776,CHANNINGWAY CT W,,Match,0/0
2889,TUPPENCE DR,,Match,0/0
4630,HILTON CORPORATE DR,318,Match,0/3
3826,BUCKMAN ST,,Match,0/0
2227,DURANT AVE,,Match,0/1
1774,MCNAUGHTEN RD,,Match,80/137
2796,GROSSE POINT,,Match,0/0
5661,E LIVINGSTON AVE,,Match,406/920
366,CHANTRY DR,,No_Match,0/16
2425,KIMBERLY PKWY E,,Match,0/0
5736,GREENPINE ST,,Match,0/0
4619,HILTON CORPORATE DR,,Match,0/3
6219,MCNAUGHTEN CT,,Match,0/1
5333,YORKSHIRE TERRACE DR,A,Match,0/0
2810,CITIZENS PL,A,Match,0/1
2224,SUNSHINE PL,,Match,0/1
5476,LONSDALE PL N,UNIT B,Match,0/0
5202,CEDAR DR,E,Match,15/24
5202,CEDAR DR,C,Match,15/24
4216,EASTLAND SQUARE DR,,Match,0/1
4630,GROVES RD,,Match,4/54
3245,WEBSTER DR,,Match,0/0
6609,MCNAUGHTEN CT,,No_Match,0/1
3333,WINTER LANE PARK,,Match,0/0
6675,MCNAUGHTEN CT,,No_Match,0/1
4540,LAKE SIDE N,D,Match,0/0
5516,DUNFIELD LN,,Match,0/1
2870,WOOLWICH CT,209,Match,0/0
6717,MCNAUGHTEN CT,,No_Match,0/1
5141,CEDAR DR,H,Match,15/24
3303,BRANFORD,,Match,0/0
5839,REDAPPLE RIDGE,,Match,0/0
4329,DONLYN CT,,Match,0/0
3769,KIMBERLY WEST DR,UNIT 6,Tie,0/0
4505,LAKE SIDE N,A,Match,0/0
2560,PARK CRESCENT,,Match,0/0
3466,COURTRIGHT LN,,Match,0/0
3334,TRADAN DR,,Match,0/1
3717,KIMBERLY WEST DR,UNIT 3,Tie,0/0
3956,RIVERCREEK BAY WAY,,Match,0/0
3936,LAUREL LN,,Match,2/2
5461,RED BIRD CT,,Match,0/1
2215,MUIRWOOD DR,,Match,0/1
546,CHANTRY DR,,No_Match,0/16
3756,BIRCHTREE LN,,Match,0/0
1908,OLDE COVENTRY RD E,,Match,0/0
2516,SCARBOROUGH SQ,8,Match,0/0
5712,HIBERNIA DR,A,Match,0/1
5675,BAIRSFORD CIR N,12,Match,0/0
56,CHANTRY DR,,No_Match,0/16
4419,CROSSROADS CENTER,,Match,0/0
2784,CITIZENS PL,D,Match,0/1
5805,MAPLE TREE LN,,Match,0/0
672,CHANTRY DR,,No_Match,0/16
2,LITTLE BROOK WAY,,No_Match,30/31
2242,MUIRWOOD DR,,Match,0/1
2784,CITIZENS PL,E,Match,0/1
6295,MCNAUGHTEN CT,,Match,0/1
2248,SUNSHINE PL,,Match,0/1
6797,MCNAUGHTEN CT,,No_Match,0/1
3465,COURTRIGHT LN,,Match,0/0
254,LITTLE BROOK WAY,,No_Match,30/31
5445,LONSDALE PL N,UNIT A,Match,0/0
1919,OLDE COVENTRY RD E,,Match,0/0
2812,TENNYSON BLVD,C,Match,0/0
5522,DUNFIELD LN,4,Match,0/1
5615,AUTUMN CHASE DR,A,Match,0/1
6109,LIVINGSTON AVE,,Match,406/920
658,CHANTRY DR,,No_Match,0/16
2108,PINE GROVE LN,,Match,0/1
6755,MCNAUGHTEN CT,,No_Match,0/1
4249,EASTLAND FOOD CT,,No_Match,0/0
3681,MENDON PL,,Match,0/0
2744,CITIZENS PL,E,Match,0/1
4661,REFUGEE RD,2A,Match,119/267
5552,AUTUMN CHASE DR,B,Match,0/1
4339,DONLYN CT,,Match,0/0
5560,HIBERNIA DR,C,Match,0/1
4087,ROLLS ROYCE CT,,Match,0/0
4121,KIMBERLY PKWY N,,Match,0/0
5739,HIBERNIA DR,C,Match,0/1
2205,COURTSIDE DR,A,Match,0/2
2351,HAMILTON RD,,Match,242/753
4511,LAKE SIDE S,,Match,0/0
4603,REFUGEE RD,3A,Match,119/267
4630,HILTON CORPORATE DR,310,Match,0/3
2784,CITIZENS PL,F,Match,0/1
2578,SILVER OAK DR,,Match,0/1
76,CHANTRY DR,,No_Match,0/16
2740,EASTLAND MALL,UNIT A,Match,0/1
3923,MAUMEE BAY WAY,,Match,0/0
614,LITTLE BROOK WAY,,No_Match,30/31
2479,SHORE BLVD E,,Match,0/0
5698,GREENPINE ST,,Match,0/0
2597,S HAMILTON RD,,Match,242/753
3713,KNIGHTSWAY LN,,Match,0/2
2242,S HAMILTON RD,103,Match,242/753
3693,MENDON PL,,Match,0/0
3607,REFUGEE RD,,Match,119/267
4576,MANDEVILLE CT,B,Match,0/0
4611,WORDSWORTH CT,A,Match,0/0
2899,TENNYSON BLVD,A,Match,0/0
2947,WINCHESTER PIKE,,Match,4/13
4815,ROLLINGBROOK LN,D,Tie,0/0
408,CHANTRY DR,,No_Match,0/16
2560,SPRINGWAY CT,,Match,0/0
18,LITTLE BROOK WAY,,No_Match,30/31
5005,COVENTRY DR,,Match,0/0
4977,COVENTRY CT S,,Match,0/0
4612,CHANNING TER,B,Match,0/0
5823,MAPLE TREE LN,,Match,0/0
3913,KIMBERLY PKWY N,,Match,0/0
2200,SOFT WIND CT,,Match,0/0
5751,HIBERNIA DR,B,Match,0/1
4564,ISINGTON CT,201,Match,0/0
4802,ROLLINGBROOK LN,A,Tie,0/0
4818,LARAINE CT,203,Match,0/0
5525,CANTARA PL,5,Match,0/0
3234,WINTER LANE PARK,,Match,0/0
3267,ELIM MANOR CT,,Match,0/1
5661,HIBERNIA DR,A,Match,0/1
2881,TENNYSON BLVD,109,Match,0/0
5439,LONSDALE PL S,,Match,0/0
5878,YORKLAND CT,UNIT M,Match,0/1
2510,KIMBERLY PKWY E,UNIT 309,Match,0/0
2577,S HAMILTON RD,,Match,242/753
3478,COURTRIGHT LN,,Match,0/0
3747,KIMBERLY WEST DR,UNIT 6,Tie,0/0
5660,HIBERNIA DR,,Match,0/1
5545,CANTARA PL,3,Match,0/0
2218,MUIRWOOD DR,,Match,0/1
2812,TENNYSON BLVD,D,Match,0/0
5947,SHANA DR,,Match,0/1
5518,DUNFIELD LN,3,Match,0/1
28,LITTLE BROOK WAY,,No_Match,30/31
2844,CITIZENS PL,B,Match,0/1
5734,HIBERNIA DR,C,Match,0/1
2087,LAKE CLUB TER,E,Match,0/0
5445,LONSDALE PL N,UNIT C,Match,0/0
2804,GROSSE POINT,,Match,0/0
5560,AUTUMN CHASE DR,A,Match,0/1
5530,CANTARA PL,,Match,0/0
4665,REFUGEE RD,3I,Match,119/267
5733,CHANTRY DR,,Match,0/16
6000,LAKE CLUB CT,B,Match,0/1
3678,MENDON PL,,Match,0/0
2298,MUIRWOOD DR,,Match,0/1
502,CHANTRY DR,,No_Match,0/16
2774,CITIZENS PL,D,Match,0/1
5030,COVENTRY DR,,Match,0/0
4582,HEMINGWAY CT,B,Match,0/1
2390,S HAMILTON RD,,Match,242/753
2172,RIVERDALE SQ E,,Match,0/0
5584,MILLERSFIELD DR,,Match,0/1
678,LITTLE BROOK WAY,,No_Match,30/31
5439,LONSDALE PL S,UNIT D,Match,0/0
2160,SOFT WIND CT,,Match,0/0
5842,HALLRIDGE CIR,B,Match,0/0
6733,MCNAUGHTEN CT,,No_Match,0/1
2550,SCARBOROUGH SQ,15,Match,0/0
3219,WEBSTER DR,,Match,0/0
5763,HALLRIDGE CIR,,Match,0/0
554,LITTLE BROOK WAY,,No_Match,30/31
2052,SEPICH LN,,Match,0/1
4633,COLERIDGE CT,A,Match,0/0
5381,YORKSHIRE TERRACE DR,2B,Match,0/0
6003,LAKE CLUB CT,D,Match,0/1
1934,OLDE COVENTRY RD E,,Match,0/0
5352,YORKSHIRE VILLAGE LN,,Match,0/0
5509,CHATFORD SQ,,Match,0/1
4770,LARAINE CT,101,Match,0/0
1821,CHANNINGWAY CT W,,Match,0/0
4,CHANTRY DR,,No_Match,0/16
3691,FARTHING LN,,Match,0/2
2438,CHELSEA CT,,Match,0/0
2500,EASTERN PINE RD,,Match,0/0
248,LITTLE BROOK WAY,,No_Match,30/31
4655,REFUGEE RD,3F,Match,119/267
286,LITTLE BROOK WAY,,No_Match,30/31
6343,MCNAUGHTEN CT,,No_Match,0/1
6011,LAKE CLUB CT,,Match,0/1
5532,CANTARA PL,,Match,0/0
3872,MAUMEE BAY WAY,,Match,0/0
1803,CHANNINGWAY CT W,,Match,0/0
3345,BRANFORD,,Match,0/0
2810,NEWCASTLE CT,204,Match,0/0
2299,PETZINGER CT,,Match,0/0
2560,S HAMILTON RD,,Match,242/753
4617,REFUGEE RD,2G,Match,119/267
2138,RIVERDALE SQ W,,Match,0/0
4615,REFUGEE RD,3B,Match,119/267
2183,MUIRWOOD DR,,Match,0/1
4249,EASTLAND SQUARE DR,,Match,0/1
3687,MENDON PL,,Match,0/0
2847,CITIZENS PL,F,Match,0/1
2908,MERRYMOUNT CT,,Match,0/0
5800,HIBERNIA DR,C,Match,0/1
2629,BIRCHTREE CT,,Match,0/0
3189,ST BERNARD CIR,,Match,0/0
4499,LAKE SIDE S,A,Match,0/0
2733,TENNYSON BLVD,A,Match,0/0
88,CHANTRY DR,,No_Match,0/16
5321,YORKSHIRE TERRACE DR,A,Match,0/0
3172,WEBSTER DR,,Match,0/0
5742,HIBERNIA DR,A,Match,0/1
4621,REFUGEE RD,2A,Match,119/267
5496,DUNFIELD LN,2,Match,0/1
650,LITTLE BROOK WAY,,No_Match,30/31
4525,LAKE SIDE N,G,Match,0/0
2440,CORVETTE CT,,Match,0/0
5498,CHATFORD SQ,,Match,0/1
5473,NOE-BIXBY RD,,No_Match,242/328
2902,MERRYMOUNT CT,B,Match,0/0
656,LITTLE BROOK WAY,,No_Match,30/31
2801,MARWOOD CT,C,Match,0/1
1531,CABORA LN,,Match,0/0
2844,CITIZENS PL,A,Match,0/1
5200,CEDAR DR,G,Match,15/24
5981,LAKE CLUB SQ,H,Match,0/1
3230,WINTER LANE PARK,,Match,0/0
3644,RIVERDALE SQ,,Match,0/0
3377,WINTER LANE PARK,,Match,0/0
6475,MCNAUGHTEN CT,,No_Match,0/1
2796,TENNYSON BLVD,,Match,0/0
2193,FOXCROFT GREEN,,Match,0/0
248,CHANTRY DR,,No_Match,0/16
5629,CHANTRY DR,,Match,0/16
5485,RED BIRD CT,,Match,0/1
5475,LONSDALE PL S,UNIT A,Match,0/0
4671,REFUGEE RD,2D,Match,119/267
2551,SILVER OAK DR,,Match,0/1
5636,HIBERNIA DR,B,Match,0/1
2750,TENNYSON BLVD,B,Match,0/0
1903,OLDE COVENTRY RD E,,Match,0/0
1750,MCNAUGHTEN RD,,Match,80/137
5202,CEDAR DR,M,Match,15/24
3308,WINTER LANE PARK,,Match,0/0
4818,LARAINE CT,201,Match,0/0
124,LITTLE BROOK WAY,,No_Match,30/31
3180,ELIM MANOR CT,101,Match,0/1
2722,TENNYSON BLVD,B,Match,0/0
2879,MERRYMOUNT CT,,Match,0/0
4798,LARAINE CT,204,Match,0/0
2895,SHILLING DR,,Match,0/0
4545,LAKE SIDE S,H,Match,0/0
3723,CHARBERT CT,,Match,0/0
4280,GROVES RD,,Match,4/54
2847,CITIZENS PL,A,Match,0/1
2110,PINE GROVE LN,,Match,0/1
3932,MAUMEE BAY WAY,,Match,0/0
4593,REFUGEE RD,2F,Match,119/267
2510,KIMBERLY PKWY E,UNIT 205,Match,0/0
2213,COURTSIDE DR,A,Match,0/2
5618,CHANTRY DR,,Match,0/16
5484,LONSDALE PL N,UNIT A,Match,0/0
5165,CEDAR DR,F,Match,15/24
4995,COVENTRY DR,,Match,0/0
2334,SUNSHINE PL,,Match,0/1
2136,MUIRWOOD DR,,Match,0/1
4277,EASTLAND SQUARE DR,,Match,0/1
5590,BAIRSFORD CIR N,,Match,0/0
5496,DUNFIELD LN,3,Match,0/1
1891,COVENTRY CT,,Match,2/2
1813,CHANNINGWAY CT W,,Match,0/0
2268,SEVILLE AVE,,Match,0/1
3820,RIVERCREEK BAY WAY,,Match,0/0
2306,SEVILLE AVE,,Match,0/1
5816,HALLRIDGE CIR,,Match,0/0
6633,MCNAUGHTEN CT,,No_Match,0/1
5358,YORKSHIRE VILLAGE LN,,Match,0/0
3759,KIMBERLY WEST DR,UNIT 1,Tie,0/0
2615,S HAMILTON RD,,Match,242/753
5557,AUTUMN CHASE DR,,Match,0/1
580,CHANTRY DR,,No_Match,0/16
1281,MCNAUGHTEN RD,UNIT G,Match,80/137
5681,MAPLE TREE LN,,Match,0/0
5675,BAIRSFORD CIR N,19,Match,0/0
4952,OLDE COVENTRY RD W,,Match,0/0
4659,REFUGEE RD,2A,Match,119/267
4223,DONLYN CT,,Match,0/0
5393,YORKSHIRE TERRACE DR,2C,Match,0/0
3880,RIVERCREEK BAY WAY,,Match,0/0
5489,RED BIRD CT,,Match,0/1
2761,TENNYSON BLVD,,Match,0/0
5563,HIBERNIA DR,A,Match,0/1
3707,KIMBERLY PKWY N,,Match,0/0
1870,COVENTRY CT,,Match,2/2
2776,CITIZENS PL,A,Match,0/1
5165,CEDAR DR,K,Match,15/24
2711,EASTLAND MALL,,Match,0/1
3978,KIMBERLY PKWY N,,Match,0/0
5633,HIBERNIA DR,C,Match,0/1
5381,YORKSHIRE TERRACE DR,6C,Match,0/0
4615,REFUGEE RD,2D,Match,119/267
1862,COVENTRY LN,D,Match,0/0
3338,SUFFIELD,,Match,0/0
2760,TENNYSON BLVD,D,Match,0/0
4555,LAKE SIDE N,A,Match,0/0
1933,OLDE COVENTRY RD,,Match,0/0
5863,E LIVINGSTON AVE,,Match,406/920
534,LITTLE BROOK WAY,,No_Match,30/31
2232,WABASH CT W,,Match,0/0
5455,RED BIRD CT,,Match,0/1
2859,CITIZENS PL,A,Match,0/1
4826,LARAINE CT,104,Match,0/0
2886,TENNYSON BLVD,B,Match,0/0
2084,SUNSHINE PL,,Match,0/1
2199,SUNSHINE PL,,Match,0/1
3920,MAUMEE BAY WAY,,Match,0/0
3732,KNIGHTSWAY LN,,Match,0/2
1853,COVENTRY LN,,Match,0/0
250,LITTLE BROOK WAY,,No_Match,30/31
3375,BRANFORD,,Match,0/0
1914,OLDE COVENTRY RD E,,Match,0/0
5097,CEDAR DR,G,Match,15/24
2580,S HAMILTON RD,,Match,242/753
2498,FOREST GREEN CT,,Match,0/0
5548,MILLERSFIELD DR,,Match,0/1
2817,CITIZENS PL,A,Match,0/1
6191,MCNAUGHTEN CT,,Match,0/1
2880,NATHANIEL BLVD,B,Match,0/0
2277,MUIRWOOD DR,,Match,0/1
4528,LAKE SIDE N,,Match,0/0
3180,ELIM MANOR CT,218,Match,0/1
3180,ELIM MANOR CT,224,Match,0/1
152,CHANTRY DR,,No_Match,0/16
152,LITTLE BROOK WAY,,No_Match,30/31
2255,KIMBERLY PKWY E,,Match,0/0
2860,CITIZENS PL,G,Match,0/1
2396,HUDSON BAY WAY,,Match,0/0
5522,DUNFIELD LN,5,Match,0/1
2881,TENNYSON BLVD,111,Match,0/0
2810,CITIZENS PL,F,Match,0/1
6621,MCNAUGHTEN CT,,No_Match,0/1
4155,ASTON MARTIN CT,,Match,0/0
3754,KIMBERLY WEST DR,,Tie,0/0
5512,CHATFORD SQ,,Match,0/1
4560,LAKE SIDE N,D,Match,0/0
2345,HAMILTON RD,,Match,242/753
426,CHANTRY DR,,No_Match,0/16
5743,HIBERNIA DR,,Match,0/1
3664,SOFT WIND DR,,No_Match,0/0
4650,HILTON CORPORATE DR,107,Match,0/3
3762,BIRCHTREE LN,,Match,0/0
5761,HALLRIDGE CIR,,Match,0/0
2756,S HAMILTON RD,,Match,242/753
6657,MCNAUGHTEN CT,,No_Match,0/1
2824,CITIZENS PL,A,Match,0/1
5653,HIBERNIA DR,C,Match,0/1
5575,HIBERNIA DR,A,Match,0/1
3199,WEBSTER DR,,Match,0/0
4250,EASTLAND FOOD CT,,No_Match,0/0
3226,WINTER LANE PARK,,Match,0/0
2233,COURTSIDE DR,E,Match,0/2
3326,TRADAN DR,,Match,0/1
4505,LAKE SIDE N,E,Match,0/0
4337,DONLYN CT,,Match,0/0
3230,ST BERNARD CIR,,Match,0/0
5720,GREENPINE ST,,Match,0/0
3684,MENDON PL,,Match,0/0
4513,LAKE SIDE S,,Match,0/0
4615,REFUGEE RD,3D,Match,119/267
2252,SEVILLE AVE,,Match,0/1
3759,SOFT WIND DR,,Match,0/0
5200,CEDAR DR,H,Match,15/24
5518,DUNFIELD LN,,Match,0/1
1766,CHANNINGWAY CT W,,Match,0/0
3627,RIVERDALE SQ,,Match,0/0
2216,SUNSHINE PL,,Match,0/1
5450,CHATFORD SQ,,Match,0/1
2859,CITIZENS PL,D,Match,0/1
5330,YORKSHIRE TERRACE DR,A3,Match,0/0
3706,KIMBERLY PKWY N,,Match,0/0
4657,REFUGEE RD,3G,Match,119/267
2313,RANDY CT,,Match,0/0
2065,LAKE CLUB TER,,Match,0/0
3868,MAUMEE BAY WAY,,Match,0/0
2439,KIMBERLY PKWY N,,Tie,0/0
4524,LAKE SIDE S,A,Match,0/0
6269,MCNAUGHTEN CT,,Match,0/1
4567,MANDEVILLE CT,D,Match,0/0
2273,MUIRWOOD DR,,Match,0/1
594,LITTLE BROOK WAY,,No_Match,30/31
3758,BIRCHTREE LN,,Match,0/0
2738,EASTLAND MALL,,Match,0/1
2785,MARWOOD CT,B,Match,0/1
2472,SHORE BLVD W,,Match,0/0
4635,WORDSWORTH CT,D,Match,0/0
550,CHANTRY DR,,No_Match,0/16
4640,HEBRIDES DR,A,Match,0/0
2089,LAKE CLUB TER,D,Match,0/0
3213,WABASH CT N,,Match,0/0
2100,LAKE CLUB TER,,Match,0/0
3485,COURTRIGHT LN,,Match,0/0
5653,CHANTRY DR,,Match,0/16
6529,MCNAUGHTEN CT,,No_Match,0/1
4514,WINCHESTER PIKE,,Match,4/13
5621,HIBERNIA DR,B,Match,0/1
5749,SPRUCE TREE DR,,Match,0/0
684,LITTLE BROOK WAY,,No_Match,30/31
3802,SOFT WIND DR,,Match,0/0
2744,CITIZENS PL,D,Match,0/1
2751,EASTLAND MALL,,Match,0/1
3365,BRANFORD,,Match,0/0
2253,SUNSHINE PL,,Match,0/1
4255,KIMBERLY PKWY,,Match,0/1
5145,CEDAR DR,J,Match,15/24
6317,MCNAUGHTEN CT,,No_Match,0/1
5675,BAIRSFORD CIR N,14,Match,0/0
5958,SHANA DR,,Match,0/1
2791,NEWCASTLE CT,D,Match,0/0
2069,LAKE CLUB TER,,Match,0/0
5507,LONSDALE PL N,,No_Match,0/0
5393,YORKSHIRE TERRACE DR,1B,Match,0/0
2939,WINCHESTER PIKE,,Match,4/13
2765,TENNYSON BLVD,B,Match,0/0
2433,CHELSEA CT,,Match,0/0
2881,TENNYSON BLVD,108,Match,0/0
5539,CANTARA PL,5,Match,0/0
2744,BRANDY DR,204,Match,0/1
4544,LAKE SIDE S,D,Match,0/0
4611,REFUGEE RD,2E,Match,119/267
5596,BAIRSFORD CIR N,,Match,0/0
2275,SEVILLE AVE,,Match,0/1
4297,DONLYN CT,,Match,0/0
362,CHANTRY DR,,No_Match,0/16
4667,REFUGEE RD,3D,Match,119/267
2713,S HAMILTON RD,,Match,242/753
1772,MCNAUGHTEN RD,,Match,80/137
3786,SOFT WIND DR,,Match,0/0
3927,RIVERCREEK BAY WAY,,Match,0/0
4261,DONLYN CT,,Match,0/0
2391,SHORE BLVD E,C,Match,0/0
5484,CHATFORD SQ,,Match,0/1
4601,REFUGEE RD,2J,Match,119/267
2751,WINCHESTER PIKE,,Match,4/13
5518,DUNFIELD LN,2,Match,0/1
2093,LAKE CLUB TER,B,Match,0/0
3968,RIVERCREEK BAY WAY,,Match,0/0
4585,MONMOUTH CT,C,Match,0/0
3198,WINTER LANE PARK,,Match,0/0
2391,HUDSON BAY WAY,,Match,0/0
4611,REFUGEE RD,2C,Match,119/267
5678,SPRUCE TREE DR,,Match,0/0
3755,BIRCHTREE LN,,Match,0/0
3236,WINTER LANE PARK,,Match,0/0
3324,WINTER LANE PARK,,Match,0/0
4562,LAKE SIDE N,,Match,0/0
2750,EASTLAND MALL,,Match,0/1
4984,COVENTRY CT S,,Match,0/0
3180,ELIM MANOR CT,207,Match,0/1
4401,HILTON CORPORATE DR,,Match,0/3
4094,JENERA PL,,Match,0/0
6743,MCNAUGHTEN CT,,No_Match,0/1
5683,E LIVINGSTON AVE,,Match,406/920
5775,E LIVINGSTON AVE,,Match,406/920
5595,CHATTERTON RD,,Match,0/12
5600,AUTUMN CHASE DR,A,Match,0/1
4613,REFUGEE RD,2D,Match,119/267
5613,CHANTRY DR,,Match,0/16
3190,ST BERNARD CIR,,Match,0/0
2744,CITIZENS PL,F,Match,0/1
2640,BIRCHTREE WAY,,Match,0/0
520,LITTLE BROOK WAY,,No_Match,30/31
4630,HILTON CORPORATE DR,306,Match,0/3
3154,ROTUNDA CT N,,Match,0/0
2072,PINE GROVE LN,,Match,0/1
3857,SOLDIER ST,,Match,12/82
6651,MCNAUGHTEN CT,,No_Match,0/1
356,CHANTRY DR,,No_Match,0/16
5604,HIBERNIA DR,,Match,0/1
18,CHANTRY DR,,No_Match,0/16
3320,TRADAN DR,,Match,0/1
5803,HALLRIDGE CIR,,Match,0/0
5569,CHANTRY DR,,Match,0/16
672,LITTLE BROOK WAY,,No_Match,30/31
5649,HIBERNIA DR,A,Match,0/1
2740,TENNYSON BLVD,D,Match,0/0
5840,HALLRIDGE CIR,C,Match,0/0
5095,CEDAR DR,M,Match,15/24
2791,CITIZENS PL,F,Match,0/1
3725,KIMBERLY PKWY N,,Match,0/0
5468,CHATFORD SQ,,Match,0/1
2189,SUNSHINE PL,,Match,0/1
5069,REFUGEE RD,,Match,119/267
2786,BERWICK SQ,,Match,0/1
4999,COVENTRY DR,,Match,0/0
4599,REFUGEE RD,3B,Match,119/267
3745,NOAM CT,,Match,0/0
1905,OLDE COVENTRY RD E,,Match,0/0
74,LITTLE BROOK WAY,,No_Match,30/31
4661,COLERIDGE CT,A,Match,0/0
2898,SHILLING DR,,Match,0/0
5539,CANTARA PL,6,Match,0/0
3682,KIDRON CT,,Match,0/0
5536,DUNFIELD LN,2,Match,0/1
6015,LAKE CLUB CT,,Match,0/1
3213,ST BERNARD CIR,,Match,0/0
2440,CHELSEA CT,,Match,0/0
3030,WINCHESTER PIKE,6,Match,4/13
4667,HILTON CORPORATE DR,,Match,0/3
1429,IDLEWOOD DR,,No_Match,0/0
3144,S HAMILTON RD,,Match,242/753
198,LITTLE BROOK WAY,,No_Match,30/31
4601,REFUGEE RD,3J,Match,119/267
4651,COLERIDGE CT,C,Match,0/0
4589,MONMOUTH CT,,Match,0/0
5123,CEDAR DR,D,Match,15/24
3728,KNIGHTSWAY LN,,Match,0/2
1317,ORCHARD PARK DR,,Match,17/26
2855,CITIZENS PL,G,Match,0/1
2445,SHORE BLVD E,C,Match,0/0
5670,GREENPINE ST,,Match,0/0
5793,MAPLE TREE LN,,Match,0/0
3577,REFUGEE RD,,Match,119/267
4593,REFUGEE RD,2G,Match,119/267
3260,WINTER LANE PARK,,Match,0/0
5518,DUNFIELD LN,1,Match,0/1
5454,LONSDALE PL N,UNIT B,Match,0/0
4593,REFUGEE RD,1G,Match,119/267
2177,SUNSHINE PL,,Match,0/1
4630,HILTON CORPORATE DR,316,Match,0/3
5760,SPRUCE TREE DR,,Match,0/0
5165,CEDAR DR,B,Match,15/24
6135,MCNAUGHTEN CT,,Match,0/1
1786,CHANNINGWAY CT W,,Match,0/0
472,LITTLE BROOK WAY,,No_Match,30/31
3317,BRANFORD,,Match,0/0
1532,ABRAHAM WOODS,,Match,0/0
5675,BAIRSFORD CIR N,5,Match,0/0
5583,HIBERNIA DR,B,Match,0/1
196,CHANTRY DR,,No_Match,0/16
2915,TENNYSON BLVD,C,Match,0/0
2772,BRANDY DR,103,Match,0/1
5393,YORKSHIRE TERRACE DR,3A,Match,0/0
2860,CITIZENS PL,D,Match,0/1
6299,MCNAUGHTEN CT,,Match,0/1
572,LITTLE BROOK WAY,,No_Match,30/31
4241,DONLYN CT,,Match,0/0
2802,CITIZENS PL,B,Match,0/1
4231,DONLYN CT,,Match,0/0
4116,JENERA PL,,Match,0/0
2436,CORVETTE CT,,Match,0/0
3207,WABASH CT N,,Match,0/0
4672,FENIMORE CT,B,Match,0/0
5121,CEDAR DR,J,Match,15/24
2730,TENNYSON BLVD,C,Match,0/0
2785,BERWICK SQ,,Match,0/1
2809,CITIZENS PL,D,Match,0/1
3808,BUCKMAN ST,,Match,0/0
1874,COVENTRY CT,C,Match,2/2
5568,HIBERNIA DR,B,Match,0/1
2609,SILVER OAK DR,,Match,0/1
1506,ABRAHAM WOODS,,Match,0/0
3743,BIRCHTREE LN,,Match,0/0
4335,DONLYN CT,,Match,0/0
4595,REFUGEE RD,3C,Match,119/267
4680,FENIMORE CT,A,Match,0/0
2881,TENNYSON BLVD,214,Match,0/0
3180,ELIM MANOR CT,203,Match,0/1
2200,SUNSHINE PL,,Match,0/1
2233,S HAMILTON RD,,Match,242/753
1458,WALSHIRE DR N,,Match,0/0
4582,ISINGTON CT,,Match,0/0
4650,HILTON CORPORATE DR,205,Match,0/3
4611,WORDSWORTH CT,D,Match,0/0
2510,KIMBERLY PKWY E,UNIT 307,Match,0/0
2495,SHORE BLVD E,,Match,0/0
2046,PINE GROVE LN,,Match,0/1
1480,ABRAHAM WOODS,,Match,0/0
5793,HALLRIDGE CIR,,Match,0/0
3382,WINTER LANE PARK,,Match,0/0
5878,YORKLAND CT,UNIT O,Match,0/1
5167,CEDAR DR,G,Match,15/24
5165,CEDAR DR,J,Match,15/24
4635,WORDSWORTH CT,B,Match,0/0
5501,E LIVINGSTON AVE,UNIT A,Match,406/920
2336,SUNSHINE PL,,Match,0/1
5040,COVENTRY DR,D,Match,0/0
5420,CHATFORD SQ,,Match,0/1
2166,MUIRWOOD DR,,Match,0/1
4988,COVENTRY CT S,,Match,0/0
1874,COVENTRY CT,B,Match,2/2
5991,LAKE CLUB SQ,,Match,0/1
5693,HIBERNIA DR,C,Match,0/1
3182,EASTHAVEN DR S,,Match,0/0
2327,HAMILTON RD,,Match,242/753
492,LITTLE BROOK WAY,,No_Match,30/31
5653,MAPLE TREE LN,,Match,0/0
5730,GREENPINE ST,,Match,0/0
4991,COVENTRY CT S,,Match,0/0
2780,BERWICK SQ,,Match,0/1
3750,KIMBERLY PKWY N,,Match,0/0
2881,TENNYSON BLVD,210,Match,0/0
2604,SUMMERWAY CT,,Match,0/0
2824,CITIZENS PL,H,Match,0/1
5200,CEDAR DR,K,Match,15/24
5729,SPRUCE TREE DR,,Match,0/0
314,CHANTRY DR,,No_Match,0/16
2315,RANDY CT,,Match,0/0
4661,COLERIDGE CT,D,Match,0/0
5393,YORKSHIRE TERRACE DR,,Match,0/0
3726,NOAM CT,,Match,0/0
4095,ROLLS ROYCE CT,,Match,0/0
3964,RIVERCREEK BAY WAY,,Match,0/0
4608,CHANNING TER,,Match,0/0
4609,REFUGEE RD,1H,Match,119/267
2190,SOFT WIND CT,,Match,0/0
4605,REFUGEE RD,1B,Match,119/267
2950,NATHANIEL BLVD,,Match,0/0
4481,REFUGEE RD,,Match,119/267
5580,MILLERSFIELD DR,,Match,0/1
2566 1/2,PARK CRESCENT,,Match,0/0
5607,HIBERNIA DR,,Match,0/1
2308,PETZINGER CT,,Match,0/0
2359,HUDSON BAY WAY,,Match,0/0
2590,SILVER OAK DR,,Match,0/1
6371,MCNAUGHTEN CT,,No_Match,0/1
4613,REFUGEE RD,2A,Match,119/267
2780,CITIZENS PL,F,Match,0/1
4585,LAKE SIDE S,I,Match,0/0
2799,MARWOOD CT,D,Match,0/1
3776,KIMBERLY PKWY N,,Match,0/0
3666,RIVERDALE SQ,,Match,0/0
5856,MCKAHAN CT,,Match,0/14
2238,SEVILLE AVE,,Match,0/1
2802,CITIZENS PL,D,Match,0/1
2371,SHORE BLVD E,B,Match,0/0
3928,LAUREL LN,,Match,2/2
3389,WINTER LANE PARK,,Match,0/0
2744,CITIZENS PL,B,Match,0/1
4084,PORSCHE CT,,Match,0/1
1460,ABRAHAM WOODS,,Match,0/0
4089,JENERA PL,,Match,0/0
5585,HUTCHINSTONE RD,,Match,0/0
4597,REFUGEE RD,2E,Match,119/267
2233,COURTSIDE DR,I,Match,0/2
2228,MUIRWOOD DR,,Match,0/1
3744,SOFT WIND DR,,Match,0/0
2256,SUNSHINE PL,,Match,0/1
6001,LAKE CLUB CT,F,Match,0/1
3331,WINTER LANE PARK,,Match,0/0
4573,MONMOUTH CT,213,Match,0/0
4665,REFUGEE RD,2F,Match,119/267
5518,E LIVINGSTON AVE,,Match,406/920
3678,FARTHING LN,,Match,0/2
1923,OLDE COVENTRY RD E,,Match,0/0
2809,CITIZENS PL,A,Match,0/1
5052,COVENTRY CT N,C,Match,0/0
5121,CEDAR DR,F,Match,15/24
4622,HEBRIDES DR,A,Match,0/0
5849,REDAPPLE RIDGE,,Match,0/0
5981,LAKE CLUB SQ,B,Match,0/1
3388,WINTER LANE PARK,,Match,0/0
620,LITTLE BROOK WAY,,No_Match,30/31
4667,REFUGEE RD,1B,Match,119/267
4607,REFUGEE RD,3A,Match,119/267
2202,SEVILLE AVE,,Match,0/1
6443,MCNAUGHTEN CT,,No_Match,0/1
5801,HALLRIDGE CIR,,Match,0/0
3161,WABASH CT S,,Match,0/0
5460,LONSDALE PL S,UNIT D,Match,0/0
386,LITTLE BROOK WAY,,No_Match,30/31
3802,BUCKMAN ST,,Match,0/0
2870,WOOLWICH CT,105,Match,0/0
4671,REFUGEE RD,1F,Match,119/267
1806,CHANNINGWAY CT W,,Match,0/0
3552,ARIEL DR,,Match,0/0
2828,TENNYSON BLVD,A,Match,0/0
4536,LAKE SIDE S,A,Match,0/0
2241,SUNSHINE PL,,Match,0/1
4671,REFUGEE RD,2F,Match,119/267
4529,LAKE SIDE S,,Match,0/0
6141,MCNAUGHTEN CT,,Match,0/1
4615,REFUGEE RD,3A,Match,119/267
2810,TENNYSON BLVD,C,Match,0/0
2231,COURTSIDE DR,G,Match,0/2
162,CHANTRY DR,,No_Match,0/16
3770,KIMBERLY PKWY N,,Match,0/0
4667,REFUGEE RD,3B,Match,119/267
1816,CHANNINGWAY CT W,,Match,0/0
3712,DAWN CT,,Match,0/0
4656,HEBRIDES DR,C,Match,0/0
5685,BAIRSFORD CIR N,18,Match,0/0
180,CHANTRY DR,,No_Match,0/16
5427,YORKSHIRE TERRACE DR,6C,Match,0/0
3461,COURTRIGHT LN,,Match,0/0
2750,TENNYSON BLVD,A,Match,0/0
2791,CITIZENS PL,B,Match,0/1
4554,ISINGTON CT,,Match,0/0
5738,HIBERNIA DR,B,Match,0/1
3757,KNIGHTSWAY LN,,Match,0/2
6467,MCNAUGHTEN CT,,No_Match,0/1
5467,LONSDALE PL N,,Match,0/0
5880,YORKLAND CT,UNIT E,Match,0/1
1762,LONSDALE PL E,,Match,0/0
6227,MCNAUGHTEN CT,,Match,0/1
2061,LAKE CLUB TER,,Match,0/0
2781,MARWOOD CT,,Match,0/1
2581,KIMBERLY PKWY W,,Match,0/0
3208,WINTER LANE PARK,,Match,0/0
5608,HIBERNIA DR,A,Match,0/1
2510,KIMBERLY PKWY E,UNIT 108,Match,0/0
5370,YORKSHIRE TERRACE DR,F,Match,0/0
5950,REFUGEE RD,,Match,119/267
3489,COURTRIGHT LN,,Match,0/0
2367,HUDSON BAY WAY,,Match,0/0
5730,HIBERNIA DR,A,Match,0/1
2785,CITIZENS PL,D,Match,0/1
6113,MCNAUGHTEN CENTER,,Match,0/0
4626,CHANNING TER,D,Match,0/0
3332,WINTER LANE PARK,,Match,0/0
4593,REFUGEE RD,2I,Match,119/267
5675,BAIRSFORD CIR N,13,Match,0/0
3122,S HAMILTON RD,,Match,242/753
2612,BIRCHTREE WAY,,Match,0/0
2176,RIVERDALE SQ E,,Match,0/0
3984,LAUREL LN,,Match,2/2
5518,DUNFIELD LN,5,Match,0/1
4619,REFUGEE RD,3B,Match,119/267
2797,MARWOOD CT,D,Match,0/1
2544,SILVER OAK DR,,Match,0/1
270,CHANTRY DR,,No_Match,0/16
4978,COVENTRY CT S,,Match,0/0
5590,AUTUMN CHASE DR,B,Match,0/1
5738,HIBERNIA DR,C,Match,0/1
2246,S HAMILTON RD,201,Match,242/753
5097,CEDAR DR,E,Match,15/24
2892,NATHANIEL BLVD,,Match,0/0
2870,MERRYMOUNT CT,C,Match,0/0
4165,CADILLAC CT,,Match,0/0
2553,SILVER OAK DR,,Match,0/1
5546,AUTUMN CHASE DR,B,Match,0/1
2740,BRANDY DR,204,Match,0/1
4609,REFUGEE RD,2J,Match,119/267
5774,HALLRIDGE CIR,,Match,0/0
3728,KIMBERLY WEST DR,,Tie,0/0
4525,LAKE SIDE N,C,Match,0/0
5424,LONSDALE PL N,UNIT B,Match,0/0
2031,PINE NEEDLE CT,,Match,0/0
1814,CHANNINGWAY CT W,,Match,0/0
1793,CHANNINGWAY CT W,,Match,0/0
2799,MARWOOD CT,C,Match,0/1
1289,YORKLAND RD,UNIT C,Match,23/34
4434,CROSSROADS CENTER,,Match,0/0
5792,MAPLE TREE LN,,No_Match,0/0
5706,GREENPINE ST,,Match,0/0
3724,SOFT WIND DR,,Match,0/0
400,CHANTRY DR,,No_Match,0/16
424,CHANTRY DR,,No_Match,0/16
2257,MUIRWOOD DR,,Match,0/1
2144,MUIRWOOD DR,,Match,0/1
3724,BIRCHTREE LN,,Match,0/0
4617,REFUGEE RD,1E,Match,119/267
528,CHANTRY DR,,No_Match,0/16
2824,CITIZENS PL,C,Match,0/1
2328,PETZINGER CT,,Match,0/0
3716,DAWN CT,,Match,0/0
3225,WEBSTER DR,,Match,0/0
1555,APPLETON CT,,Match,0/0
2456,KIMBERLY WOODS DR,,Tie,0/1
5333,YORKSHIRE TERRACE DR,B,Match,0/0
2866,MERRYMOUNT CT,B,Match,0/0
4669,REFUGEE RD,1F,Match,119/267
2789,GROSSE POINT,,Match,0/0
5123,CEDAR DR,C,Match,15/24
5856,HALLRIDGE CIR,,Match,0/0
5427,YORKSHIRE TERRACE DR,6A,Match,0/0
4545,LAKE SIDE N,C,Match,0/0
2830,WYMAN CT,A,Match,0/0
1552,ABRAHAM WOODS,,Match,0/0
2772,BRANDY DR,203,Match,0/1
2885,THOREAU CT,C,Match,0/0
1843,COVENTRY LN,,Match,0/0
5559,AUTUMN CHASE DR,,Match,0/1
2450,SHORE BLVD W,I,Match,0/0
5600,BAIRSFORD CIR N,,Match,0/0
2844,CITIZENS PL,H,Match,0/1
2806,BANWICK RD,,Match,0/9
452,CHANTRY DR,,No_Match,0/16
5506,E LIVINGSTON AVE,,Match,406/920
3297,WINTER LANE PARK,,Match,0/0
202,CHANTRY DR,,No_Match,0/16
2865,CITIZENS PL,E,Match,0/1
2381,SHORE BLVD E,A,Match,0/0
3717,KIMBERLY WEST DR,UNIT 4,Tie,0/0
4270,S HAMILTON RD,,No_Match,242/753
2343,HAMILTON RD,,Match,242/753
4777,ROLLINGBROOK LN,D,Tie,0/0
5501,E LIVINGSTON AVE,UNIT C,Match,406/920
130,LITTLE BROOK WAY,,No_Match,30/31
5661,HIBERNIA DR,,Match,0/1
4273,EASTLAND SQUARE DR,,Match,0/1
3238,ST BERNARD CIR,,Match,0/0
2378,MERCEDES LN,,Match,0/0
4613,REFUGEE RD,3C,Match,119/267
4611,REFUGEE RD,3E,Match,119/267
2740,BRANDY DR,101,Match,0/1
6401,MCNAUGHTEN CT,,No_Match,0/1
5462,CHATFORD SQ,,Match,0/1
2573,S HAMILTON RD,,Match,242/753
1550,BANDERA CT,,Match,0/0
1787,CHANNINGWAY CT W,,Match,0/0
2726,TENNYSON BLVD,A,Match,0/0
5880,YORKLAND CT,UNIT A,Match,0/1
3747,NOAM CT,,Match,0/0
2765,TENNYSON BLVD,A,Match,0/0
3263,WINTER LANE PARK,,Match,0/0
5418,LONSDALE PL S,,Match,0/0
5920,SHANA DR,,Match,0/1
496,LITTLE BROOK WAY,,No_Match,30/31
2086,PINE GROVE LN,,Match,0/1
3265,ELIM MANOR CT,,Match,0/1
6115,MCNAUGHTEN CENTER,,Match,0/0
1835,ORLANDO DR,,Match,0/0
4671,REFUGEE RD,2E,Match,119/267
2231,DURANT AVE,,Match,0/1
3731,BIRCHTREE LN,,Match,0/0
2182,MUIRWOOD DR,,Match,0/1
4650,HILTON CORPORATE DR,104,Match,0/3
5799,HALLRIDGE CIR,,Match,0/0
5079,CEDAR DR,B,Match,15/24
5617,AUTUMN CHASE DR,A,Match,0/1
2713,EASTLAND MALL,,Match,0/1
2237,SEVILLE AVE,,Match,0/1
5568,CHANTRY DR,,Match,0/16
1289,YORKLAND RD,UNIT M,Match,23/34
2138,SUNSHINE PL,,Match,0/1
4595,REFUGEE RD,1B,Match,119/267
5044,COVENTRY DR,D,Match,0/0
3938,LAUREL LN,,Match,2/2
150,MCNAUGHTEN RD,,Match,80/137
2785,CITIZENS PL,F,Match,0/1
6513,MCNAUGHTEN CT,,No_Match,0/1
5862,HALLRIDGE CIR,,Match,0/0
5795,KARENWAY DR,,No_Match,0/14
3667,MENDON PL,,Match,0/0
2892,SHILLING DR,,Match,0/0
2086,SUNSHINE PL,,Match,0/1
2292,SEVILLE AVE,,Match,0/1
2546,CHAPPEL CHASE,,Match,0/0
506,LITTLE BROOK WAY,,No_Match,30/31
2361,PARK CRESCENT,,Match,0/0
3880,MAUMEE BAY WAY,,Match,0/0
4257,DONLYN CT,,Match,0/0
5014,COVENTRY DR,,Match,0/0
4630,HILTON CORPORATE DR,208,Match,0/3
3677,RIVERDALE SQ,,Match,0/0
1541,CABORA LN,,Match,0/0
3556,ARIEL DR,,Match,0/0
5944,SCARBOROUGH BLVD,,Match,0/1
5050,COVENTRY CT N,A,Match,0/0
1898,COVENTRY CT,D,Match,2/2
2089,LAKE CLUB TER,G,Match,0/0
4515,LAKE SIDE N,C,Match,0/0
6223,MCNAUGHTEN CT,,Match,0/1
4615,REFUGEE RD,3F,Match,119/267
4548,LAKE SIDE N,,Match,0/0
6006,LAKE CLUB CT,,Match,0/1
468,LITTLE BROOK WAY,,No_Match,30/31
6112,MCNAUGHTEN CENTER,,Match,0/0
3268,CALVEYLEE LN,,Match,0/0
2059,LAKE CLUB TER,,Match,0/0
4254,S HAMILTON RD,,No_Match,242/753
6097,MCNAUGHTEN CENTER,,Match,0/0
302,CHANTRY DR,,No_Match,0/16
2510,KIMBERLY PKWY E,204,Match,0/0
5669,GREENPINE ST,,No_Match,0/0
2733,EASTLAND MALL,,Match,0/1
2539,FRANKSWAY ST,,Match,0/1
3217,WEBSTER DR,,Match,0/0
112,CHANTRY DR,,No_Match,0/16
5167,CEDAR DR,D,Match,15/24
2524,BENIE CT,,Match,0/0
5461,LONSDALE PL S,UNIT A,Match,0/0
5427,YORKSHIRE TERRACE DR,2C,Match,0/0
2870,WOOLWICH CT,212,Match,0/0
4609,REFUGEE RD,1L,Match,119/267
2870,WOOLWICH CT,201,Match,0/0
5016,COVENTRY DR,A,Match,0/0
2429,KIMBERLY PKWY N,,Tie,0/0
2566,SPRINGWAY CT,,Match,0/0
5833,REDAPPLE RIDGE,,Match,0/0
2772,BRANDY DR,101,Match,0/1
4096,JENERA PL,,Match,0/0
2870,WOOLWICH CT,203,Match,0/0
5748,SPRUCE TREE DR,,Match,0/0
5572,CHANTRY DR,,Match,0/16
2726,EASTLAND MALL,UNIT A,Match,0/1
5576,AUTUMN CHASE DR,,Match,0/1
4792,LARAINE CT,203,Match,0/0
2408,HUDSON BAY WAY,,Match,0/0
4601,REFUGEE RD,2G,Match,119/267
5034,COVENTRY DR,B,Match,0/0
3560,ARIEL DR,,Match,0/0
2244,S HAMILTON RD,100,Match,242/753
2836,WYMAN CT,A,Match,0/0
3284,TRADAN DR,,Match,0/1
6253,MCNAUGHTEN CT,,Match,0/1
5415,YORKSHIRE TERRACE DR,2C,Match,0/0
2894,TENNYSON BLVD,,Match,0/0
6385,MCNAUGHTEN CT,,No_Match,0/1
2460,SHORE BLVD W,A,Match,0/0
4558,MANDEVILLE CT,D,Match,0/0
2202,SUNSHINE PL,,Match,0/1
2510,KIMBERLY PKWY E,107,Match,0/0
2587,SILVER OAK DR,,Match,0/1
618,LITTLE BROOK WAY,,No_Match,30/31
342,CHANTRY DR,,No_Match,0/16
2811,GROSSE POINT,,Match,0/0
578,LITTLE BROOK WAY,,No_Match,30/31
2583,SILVER OAK DR,,Match,0/1
3670,RIVERDALE SQ,,Match,0/0
3219,WABASH CT N,,Match,0/0
3875,MAUMEE BAY WAY,,Match,0/0
2852,CITIZENS PL,H,Match,0/1
6001,LAKE CLUB CT,I,Match,0/1
4617,REFUGEE RD,1G,Match,119/267
678,CHANTRY DR,,No_Match,0/16
70,LITTLE BROOK WAY,,No_Match,30/31
5683,MAPLE TREE LN,,Match,0/0
4525,LAKE SIDE N,B,Match,0/0
3689,KIDRON CT,,Match,0/0
4568,LAKE SIDE N,,Match,0/0
5465,RED BIRD CT,,Match,0/1
4792,LARAINE CT,104,Match,0/0
5427,YORKSHIRE TERRACE DR,6B,Match,0/0
2118,PINE GROVE LN,,Match,0/1
4967,COVENTRY CT S,,Match,0/0
3571,ARIEL DR,,Match,0/0
108,CHANTRY DR,,No_Match,0/16
2962,NATHANIEL BLVD,C,Match,0/0
4505,LAKE SIDE N,B,Match,0/0
2033,LAKE CLUB TER,,Match,0/0
5398,YORKSHIRE TERRACE DR,B,Match,0/0
2510,KIMBERLY PKWY E,207,Match,0/0
5415,YORKSHIRE TERRACE DR,8B,Match,0/0
5981,LAKE CLUB SQ,F,Match,0/1
2413,SHORE BLVD E,,Match,0/0
5762,HIBERNIA DR,B,Match,0/1
1783,BAIRSFORD CIR W,,Match,0/0
4269,DONLYN CT,,Match,0/0
4607,REFUGEE RD,3C,Match,119/267
2226,WABASH CT W,,Match,0/0
3237,ST BERNARD CIR,,Match,0/0
3459,COURTRIGHT LN,,Match,0/0
432,CHANTRY DR,,No_Match,0/16
3729,BIRCHTREE LN,,Match,0/0
1535,CABORA LN,,Match,0/0
2560,SILVER OAK DR,,Match,0/1
2870,WOOLWICH CT,107,Match,0/0
5573,AUTUMN CHASE DR,A,Match,0/1
6000,LAKE CLUB CT,G,Match,0/1
5202,CEDAR DR,A,Match,15/24
2247,SUNSHINE PL,,Match,0/1
4671,REFUGEE RD,3B,Match,119/267
2847,CITIZENS PL,D,Match,0/1
5393,YORKSHIRE TERRACE DR,5C,Match,0/0
3266,ELIM MANOR CT,,Match,0/1
5799,MAPLE TREE LN,,Match,0/0
5591,HIBERNIA DR,A,Match,0/1
5081,CEDAR DR,L,Match,15/24
5811,MAPLE TREE LN,,Match,0/0
304,CHANTRY DR,,No_Match,0/16
4955,MYERS RD,,Match,0/8
6016,BATHEREST CIR,,No_Match,0/0
3413,SUFFIELD,,Match,0/0
2805,GROSSE POINT,,Match,0/0
2870,WOOLWICH CT,110,Match,0/0
5644,HIBERNIA DR,B,Match,0/1
4403,CROSSROADS CENTER,,Match,0/0
5675,BAIRSFORD CIR N,15,Match,0/0
2760,S HAMILTON RD,,Match,242/753
1846,COVENTRY LN,,Match,0/0
3724,KNIGHTSWAY LN,,Match,0/2
3229,ST BERNARD CIR,,Match,0/0
528,LITTLE BROOK WAY,,No_Match,30/31
2054,PINE GROVE LN,,Match,0/1
674,LITTLE BROOK WAY,,No_Match,30/31
4205,DONLYN CT,,Match,0/0
2791,CITIZENS PL,A,Match,0/1
2535,SILVER OAK DR,,Match,0/1
2428,SHORE BLVD W,,Match,0/0
184,LITTLE BROOK WAY,,No_Match,30/31
5330,YORKSHIRE TERRACE DR,A4,Match,0/0
4544,LAKE SIDE S,G,Match,0/0
1754,LONSDALE PL E,UNIT C,Match,0/0
6729,MCNAUGHTEN CT,,No_Match,0/1
5480,CHATTERTON RD,,No_Match,0/12
2891,SHILLING DR,,Match,0/0
2256,MUIRWOOD DR,,Match,0/1
3168,WEBSTER DR,,Match,0/0
5625,HIBERNIA DR,,Match,0/1
2265,MUIRWOOD DR,,Match,0/1
2393,HUDSON BAY WAY,,Match,0/0
6008,LAKE CLUB SQ,,Match,0/1
4594,ISINGTON CT,204,Match,0/0
5664,SPRUCE TREE DR,,Match,0/0
6595,MCNAUGHTEN CT,,No_Match,0/1
6383,MCNAUGHTEN CT,,No_Match,0/1
1898,OLDE COVENTRY RD E,,Match,0/0
2225,COURTSIDE DR,E,Match,0/2
224,LITTLE BROOK WAY,,No_Match,30/31
4612,CHANNING TER,D,Match,0/0
3301,WINTER LANE PARK,,Match,0/0
4257,KIMBERLY PKWY,,Match,0/1
3750,KIMBERLY WEST DR,,Tie,0/0
5897,SHANA DR,,Match,0/1
5922,SHANA DR,,Match,0/1
3374,WINTER LANE PARK,,Match,0/0
4250,KIMBERLY PKWY,,Match,0/1
3713,FRANCINE CT,,Match,0/0
5577,CHANTRY DR,,Match,0/16
5740,OLD LIVINGSTON AVE,,Match,1/1
2234,SEVILLE AVE,,Match,0/1
2865,THOREAU CT,B,Match,0/0
5119,CEDAR DR,D,Match,15/24
3188,EASTHAVEN DR S,,Match,0/0
4111,JENERA PL,,Match,0/0
5165,CEDAR DR,M,Match,15/24
4598,MONMOUTH CT,,Match,0/0
2599,SUMMERWAY CT,,Match,0/0
3138,WEBSTER DR,,Match,0/0
5596,HIBERNIA DR,A,Match,0/1
2570,CHAPPEL CHASE,,Match,0/0
6453,MCNAUGHTEN CT,,No_Match,0/1
5594,TINLEY PARK,,Match,0/0
4117,ALVADA ST,,Match,0/0
4657,COLERIDGE CT,,Match,0/0
4560,LAKE SIDE N,B,Match,0/0
5685,BAIRSFORD CIR N,6,Match,0/0
2327,RANDY CT,,Match,0/0
2566,CHAPPEL CHASE,,Match,0/0
2705,EASTLAND MALL,,Match,0/1
6631,MCNAUGHTEN CT,,No_Match,0/1
3691,MENDON PL,,Match,0/0
38,CHANTRY DR,,No_Match,0/16
4499,LAKE SIDE S,C,Match,0/0
174,LITTLE BROOK WAY,,No_Match,30/31
4544,LAKE SIDE S,A,Match,0/0
4276,GROVES RD,,Match,4/54
6707,MCNAUGHTEN CT,,No_Match,0/1
3635,RIVERDALE SQ,,Match,0/0
5123,CEDAR DR,B,Match,15/24
3670,SOFT WIND DR,,No_Match,0/0
2304,SUNSHINE PL,,Match,0/1
458,CHANTRY DR,,No_Match,0/16
4228,EASTLAND SQUARE DR,,Match,0/1
404,CHANTRY DR,,No_Match,0/16
5692,GREENPINE ST,,Match,0/0
4816,ROLLINGBROOK LN,C,Tie,0/0
2881,TENNYSON BLVD,211,Match,0/0
5821,MAPLE TREE LN,,Match,0/0
2704,EASTLAND MALL,,Match,0/1
2870,WOOLWICH CT,103,Match,0/0
3816,SOFT WIND DR,,Match,0/0
2205,COURTSIDE DR,I,Match,0/2
2146,SUNSHINE PL,,Match,0/1
2374,MERCEDES LN,,Match,0/0
2770,GROSSE POINT,,Match,0/0
3744,RIVERCREEK BAY WAY,,Match,0/0
6157,MCNAUGHTEN CT,,Match,0/1
3377,BRANFORD,,Match,0/0
6179,MCNAUGHTEN CT,,Match,0/1
3738,NOAM CT,,Match,0/0
4550,LAKE SIDE N,J,Match,0/0
4579,HEMINGWAY CT,D,Match,0/1
2612,SUMMERWAY CT,,Match,0/0
3713,DAWN CT,,Match,0/0
3780,SOFT WIND DR,,Match,0/0
5476,CHATFORD SQ,,Match,0/1
5612,TINLEY PARK,,Match,0/0
4571,HEMINGWAY CT,D,Match,0/1
3253,WINTER LANE PARK,,Match,0/0
4824,ROLLINGBROOK LN,D,Tie,0/0
386,CHANTRY DR,,No_Match,0/16
2159,RIVERDALE SQ E,,Match,0/0
5530,LIVINGSTON AVE,,Match,406/920
2810,NEWCASTLE CT,200,Match,0/0
2433,HUDSON BAY WAY,,Match,0/0
3586,ARIEL DR,,Match,0/0
574,CHANTRY DR,,No_Match,0/16
4652,CHANNING TER,B,Match,0/0
2401,KIMBERLY WOODS DR,,Match,0/1
4671,REFUGEE RD,3D,Match,119/267
3330,WINTER LANE PARK,,Match,0/0
6665,MCNAUGHTEN CT,,No_Match,0/1
3418,WINTER LANE PARK,,Match,0/0
2176,ROTUNDA DR,,Match,6/10
3738,SOFT WIND DR,,Match,0/0
612,LITTLE BROOK WAY,,No_Match,30/31
3747,KIMBERLY WEST DR,UNIT 4,Tie,0/0
3702,KIMBERLY PKWY N,,Match,0/0
5697,MAPLE TREE LN,,Match,0/0
2827,WYMAN CT,C,Match,0/0
3984,RIVERCREEK BAY WAY,,Match,0/0
3715,CHARBERT CT,,Match,0/0
6042,CHANNINGWAY BLVD,,Match,0/0
3146,WEBSTER DR,,Match,0/0
1927,OLDE COVENTRY RD,,Match,0/0
2238,WABASH CT W,,Match,0/0
4741,REFUGEE RD,,Match,119/267
464,LITTLE BROOK WAY,,No_Match,30/31
3336,TRADAN DR,,Match,0/1
5119,CEDAR DR,J,Match,15/24
3795,SOFT WIND DR,,Match,0/0
5675,BAIRSFORD CIR N,1,Match,0/0
2608,BIRCHTREE WAY,,Match,0/0
2094,PINE GROVE LN,,Match,0/1
474,LITTLE BROOK WAY,,No_Match,30/31
3725,KIMBERLY WEST DR,UNIT 4,Tie,0/0
2156,RIVERDALE SQ E,,Match,0/0
5384,YORKSHIRE TERRACE DR,C,Match,0/0
2927,TENNYSON BLVD,A,Match,0/0
4552,MANDEVILLE CT,B,Match,0/0
66,LITTLE BROOK WAY,,No_Match,30/31
2819,WYMAN CT,,Match,0/0
6479,MCNAUGHTEN CT,,No_Match,0/1
4619,REFUGEE RD,2D,Match,119/267
5708,HIBERNIA DR,,Match,0/1
5564,HIBERNIA DR,C,Match,0/1
3445,REFUGEE RD,,Match,119/267
5518,DUNFIELD LN,6,Match,0/1
5123,CEDAR DR,A,Match,15/24
4650,HILTON CORPORATE DR,113,Match,0/3
2826,CITIZENS PL,G,Match,0/1
2260,MUIRWOOD DR,,Match,0/1
5145,CEDAR DR,H,Match,15/24
2510,KIMBERLY PKWY E,203,Match,0/0
5200,CEDAR DR,C,Match,15/24
3136,WEBSTER DR,,Match,0/0
5835,MAPLE TREE LN,,Match,0/0
1578,ALLENFORD CT,,Match,0/0
2047,LAKE CLUB TER,,Match,0/0
5781,HALLRIDGE CIR,CN A,Match,0/0
5460,LONSDALE PL S,UNIT A,Match,0/0
3719,CHARBERT CT,,Match,0/0
5484,DUNFIELD LN,5,Match,0/1
2500,SCARBOROUGH SQ,4,Match,0/0
1468,ABRAHAM WOODS,,Match,0/0
86,CHANTRY DR,,No_Match,0/16
3828,RIVERCREEK BAY WAY,,Match,0/0
2875,WINCHESTER CT,B,Match,1/3
5141,CEDAR DR,B,Match,15/24
360,CHANTRY DR,,No_Match,0/16
606,LITTLE BROOK WAY,,No_Match,30/31
2590,S HAMILTON RD,,Match,242/753
4661,REFUGEE RD,3E,Match,119/267
5604,HIBERNIA DR,A,Match,0/1
5200,CEDAR DR,F,Match,15/24
5764,SPRUCE TREE DR,,Match,0/0
2240,WABASH CT W,,Match,0/0
5946,SHANA DR,,Match,0/1
2784,CITIZENS PL,A,Match,0/1
1297,YORKLAND RD,UNIT,Match,23/34
2669,SILVER OAK DR,,Match,0/1
1811,CHANNINGWAY CT W,,Match,0/0
2855,CITIZENS PL,E,Match,0/1
2347,HAMILTON RD,,Match,242/753
4655,REFUGEE RD,1B,Match,119/267
6561,MCNAUGHTEN CT,,No_Match,0/1
3408,WINTER LANE PARK,,Match,0/0
2166,SUNSHINE PL,,Match,0/1
2160,RIVERDALE SQ E,,Match,0/0
3840,RIVERCREEK BAY WAY,,Match,0/0
2720,EASTLAND MALL,,Match,0/1
3976,KIMBERLY PKWY N,,Match,0/0
3876,MAUMEE BAY WAY,,Match,0/0
5629,HIBERNIA DR,A,Match,0/1
5381,YORKSHIRE TERRACE DR,1A,Match,0/0
3960,LAUREL LN,,Match,2/2
3721,DAWN CT,,Match,0/0
2268,MUIRWOOD DR,,Match,0/1
4199,WINCHESTER PIKE,,Match,4/13
3743,KIMBERLY PKWY N,,Match,0/0
4525,LAKE SIDE S,C,Match,0/0
2855,CITIZENS PL,H,Match,0/1
2205,ROTUNDA DR,,Match,6/10
2152,RIVERDALE SQ E,,Match,0/0
5751,HIBERNIA DR,C,Match,0/1
2044,PINE GROVE LN,,Match,0/1
2768,BERWICK SQ,,Match,0/1
2825,CITIZENS PL,E,Match,0/1
5685,BAIRSFORD CIR N,4,Match,0/0
2323,HAMILTON RD,,Match,242/753
5476,LONSDALE PL N,,Match,0/0
3185,WABASH CT S,,Match,0/0
6032,LAKE CLUB CT,,Match,0/1
1293,YORKLAND RD,UNIT,Match,23/34
5878,YORKLAND CT,UNIT B,Match,0/1
5657,HIBERNIA DR,,Match,0/1
4275,KIMBERLY PKWY,,Match,0/1
3734,KNIGHTSWAY LN,,Match,0/2
3406,WINTER LANE PARK,,Match,0/0
6231,MCNAUGHTEN CT,,Match,0/1
2823,WYMAN CT,,Match,0/0
2605,SILVER OAK DR,,Match,0/1
5887,SHANA DR,,Match,0/1
6000,LAKE CLUB CT,H,Match,0/1
5160,REFUGEE RD,,Match,119/267
2845,CITIZENS PL,B,Match,0/1
2870,MERRYMOUNT CT,B,Match,0/0
6739,MCNAUGHTEN CT,,No_Match,0/1
5568,AUTUMN CHASE DR,B,Match,0/1
2510,KIMBERLY PKWY E,310,Match,0/0
2734,OLD COURTRIGHT RD,,Match,0/4
3180,ELIM MANOR CT,109,Match,0/1
418,LITTLE BROOK WAY,,No_Match,30/31
2733,TENNYSON BLVD,D,Match,0/0
5648,HIBERNIA DR,B,Match,0/1
3217,WABASH CT N,,Match,0/0
5797,HALLRIDGE CIR,,Match,0/0
6010,BATHEREST CIR,,No_Match,0/0
2714,BRANDY DR,202,Match,0/1
5384,YORKSHIRE TERRACE DR,,Match,0/0
5576,HIBERNIA DR,A,Match,0/1
3648,RIVERDALE SQ,,Match,0/0
5447,CHATFORD SQ,,Match,0/1
2644,BIRCHTREE WAY,,Match,0/0
5617,CHANTRY DR,,Match,0/16
2744,CITIZENS PL,G,Match,0/1
3698,NOAM CT,,Match,0/0
5981,LAKE CLUB SQ,I,Match,0/1
1754,LONSDALE PL E,,Match,0/0
5424,LONSDALE PL N,UNIT D,Match,0/0
5671,E LIVINGSTON AVE,,Match,406/920
2566,SILVER OAK DR,,Match,0/1
1754,MCNAUGHTEN RD,,Match,80/137
5556,AUTUMN CHASE DR,,Match,0/1
338,CHANTRY DR,,No_Match,0/16
3860,KIMBERLY PKWY N,,Match,0/0
330,CHANTRY DR,,No_Match,0/16
5868,HALLRIDGE CIR,,Match,0/0
2809,CITIZENS PL,G,Match,0/1
4613,REFUGEE RD,1D,Match,119/267
5611,E MAIN ST,,No_Match,538/1851
4515,LAKE SIDE S,L,Match,0/0
5525,CANTARA PL,1,Match,0/0
3180,ELIM MANOR CT,222,Match,0/1
2747,TENNYSON BLVD,A,Match,0/0
3978,SOLDIER ST,,Match,12/82
5656,HIBERNIA DR,A,Match,0/1
6005,LAKE CLUB SQ,,Match,0/1
2667,SILVER OAK DR,,Match,0/1
5579,HIBERNIA DR,B,Match,0/1
2091,LAKE CLUB TER,A,Match,0/0
3683,MENDON PL,,Match,0/0
78,CHANTRY DR,,No_Match,0/16
3354,TRADAN DR,,Match,0/1
2027,LAKE CLUB TER,,Match,0/0
2060,PINE GROVE LN,,Match,0/1
3307,BRANFORD,,Match,0/0
6685,MCNAUGHTEN CT,,No_Match,0/1
4619,REFUGEE RD,3F,Match,119/267
3702,SOFT WIND DR,,Match,0/0
2532,BENIE CT,,Match,0/0
4593,REFUGEE RD,1H,Match,119/267
4619,REFUGEE RD,3G,Match,119/267
2432,CORVETTE CT,,Match,0/0
3783,BUCKMAN ST,,Match,0/0
5342,YORKSHIRE VILLAGE LN,,Match,0/0
5992,LAKE CLUB SQ,,Match,0/1
3363,BRANFORD,,Match,0/0
2785,CITIZENS PL,B,Match,0/1
3152,WEBSTER DR,,Match,0/0
3592,ARIEL DR,,Match,0/0
2474,FOREST GREEN CT,,Match,0/0
2039,PINE NEEDLE CT,,Match,0/0
2508,SCARBOROUGH SQ,6,Match,0/0
3974,LAUREL LN,,Match,2/2
3684,FARTHING LN,,Match,0/2
4966,COVENTRY CT S,,Match,0/0
3731,KIMBERLY PKWY N,,Match,0/0
478,LITTLE BROOK WAY,,No_Match,30/31
2785,CITIZENS PL,E,Match,0/1
2283,SEVILLE AVE,,Match,0/1
2066,SUNSHINE PL,,Match,0/1
3326,WINTER LANE PARK,,Match,0/0
3414,WINTER LANE PARK,,Match,0/0
2740,EASTLAND MALL,UNIT B,Match,0/1
4099,ROLLS ROYCE CT,,Match,0/0
3286,ST BERNARD CIR,,Match,0/0
3843,BUCKMAN ST,,Match,0/0
2213,COURTSIDE DR,F,Match,0/2
5445,LONSDALE PL N,UNIT B,Match,0/0
2093,LAKE CLUB TER,A,Match,0/0
2203,FOXCROFT GREEN,,Match,0/0
2180,MUIRWOOD DR,,Match,0/1
2093,PINE GROVE LN,,Match,0/1
2430,CHELSEA CT,,Match,0/0
5625,HIBERNIA DR,B,Match,0/1
374,LITTLE BROOK WAY,,No_Match,30/31
2397,KIMBERLY PKWY N,,Match,0/0
3337,BRANFORD,,Match,0/0
4644,HEBRIDES DR,A,Match,0/0
2300,MUIRWOOD DR,,Match,0/1
6110,MCNAUGHTEN CENTER,,Match,0/0
3597,ARIEL DR,,Match,0/0
5667,MAPLE TREE LN,,Match,0/0
4570,MANDEVILLE CT,C,Match,0/0
5669,E LIVINGSTON AVE,,Match,406/920
4642,HEBRIDES DR,A,Match,0/0
3044,ROTUNDA CT S,,Match,0/0
6012,LAKE CLUB SQ,,Match,0/1
6579,MCNAUGHTEN CT,,No_Match,0/1
2300,RANDY CT,,Match,0/0
6053,LAKE CLUB PL,,Match,0/0
6023,LAKE CLUB CT,,Match,0/1
4643,HILTON CORPORATE DR,,Match,0/3
4965,COVENTRY CT S,,Match,0/0
2227,SUNSHINE PL,,Match,0/1
4649,COLERIDGE CT,A,Match,0/0
508,CHANTRY DR,,No_Match,0/16
142,CHANTRY DR,,No_Match,0/16
2233,COURTSIDE DR,D,Match,0/2
1809,CHANNINGWAY CT W,,Match,0/0
2381,MALKA CT,,Match,0/0
5533,CANTARA PL,2,Match,0/0
4520,LAKE SIDE N,D,Match,0/0
1802,CHANNINGWAY CT W,,Match,0/0
5012,COVENTRY CT N,,Match,0/0
5119,CEDAR DR,K,Match,15/24
2785,MARWOOD CT,C,Match,0/1
3864,RIVERCREEK BAY WAY,,Match,0/0
4599,MONMOUTH CT,211,Match,0/0
2184,SUNSHINE PL,,Match,0/1
4665,REFUGEE RD,2I,Match,119/267
5664,HIBERNIA DR,C,Match,0/1
3411,SUFFIELD,,Match,0/0
3194,WINTER LANE PARK,,Match,0/0
3739,KIMBERLY WEST DR,UNIT 1,Tie,0/0
390,LITTLE BROOK WAY,,No_Match,30/31
2074,SUNSHINE PL,,Match,0/1
5333,YORKSHIRE TERRACE DR,D,Match,0/0
5512,E LIVINGSTON AVE,,Match,406/920
3421,SUFFIELD,,Match,0/0
2411,KIMBERLY PKWY N,,Tie,0/0
2349,RANDY CT,,Match,0/0
2088,LAKE CLUB TER,,Match,0/0
2776,GROSSE POINT,,Match,0/0
6017,LAKE CLUB CT,,Match,0/1
5467,LONSDALE PL N,UNIT C,Match,0/0
2646,BIRCHTREE WAY,,Match,0/0
2870,WOOLWICH CT,207,Match,0/0
230,CHANTRY DR,,No_Match,0/16
2188,SOFT WIND CT,,Match,0/0
1960,OLDE COVENTRY RD E,,Match,0/0
2304,RANDY CT,,Match,0/0
1281,MCNAUGHTEN RD,,Match,80/137
6647,MCNAUGHTEN CT,,No_Match,0/1
3167,WABASH CT S,,Match,0/0
2596,SILVER OAK DR,,Match,0/1
1565,CABORA LN,,Match,0/0
5464,CHATFORD SQ,,Match,0/1
2883,MERRYMOUNT CT,,Match,0/0
5475,LONSDALE PL S,UNIT D,Match,0/0
4570,ISINGTON CT,207,Match,0/0
2421,HUDSON BAY WAY,,Match,0/0
1894,COVENTRY CT,B,Match,2/2
2351,RANDY CT,,Match,0/0
4277,DONLYN CT,,Match,0/0
5496,DUNFIELD LN,,Match,0/1
5656,HIBERNIA DR,B,Match,0/1
2492,FOREST GREEN CT,,Match,0/0
222,LITTLE BROOK WAY,,No_Match,30/31
2798,MARWOOD CT,D,Match,0/1
116,CHANTRY DR,,No_Match,0/16
5585,AUTUMN CHASE DR,,Match,0/1
4737,HILTON CORPORATE DR,,Match,0/3
456,CHANTRY DR,,No_Match,0/16
1528,CABORA LN,,Match,0/0
3302,WINTER LANE PARK,,Match,0/0
3867,MAUMEE BAY WAY,,Match,0/0
2525,SILVER OAK DR,,Match,0/1
2744,BRANDY DR,202,Match,0/1
6757,MCNAUGHTEN CT,,No_Match,0/1
2088,S HAMILTON RD,,Match,242/753
2214,WABASH CT W,,Match,0/0
2740,CITIZENS PL,H,Match,0/1
2280,MUIRWOOD DR,,Match,0/1
1498,ABRAHAM WOODS,,Match,0/0
114,LITTLE BROOK WAY,,No_Match,30/31
5123,CEDAR DR,H,Match,15/24
3278,TRADAN DR,,Match,0/1
5629,HIBERNIA DR,B,Match,0/1
2306,SUNSHINE PL,,Match,0/1
5145,CEDAR DR,,Match,15/24
3690,KIDRON CT,,Match,0/0
4798,LARAINE CT,102,Match,0/0
5547,HIBERNIA DR,A,Match,0/1
3791,SOFT WIND DR,,Match,0/0
2596,SUMMERWAY CT,,Match,0/0
462,LITTLE BROOK WAY,,No_Match,30/31
2191,SUNSHINE PL,,Match,0/1
4630,HILTON CORPORATE DR,202,Match,0/3
2741,EASTLAND MALL,,Match,0/1
2736,TENNYSON BLVD,,Match,0/0
562,LITTLE BROOK WAY,,No_Match,30/31
2869,THOREAU CT,,Match,0/0
2663,SILVER OAK DR,,Match,0/1
4789,ROLLINGBROOK LN,C,Tie,0/0
6213,MCNAUGHTEN CT,,Match,0/1
2508,EASTERN PINE RD,,Match,0/0
6471,MCNAUGHTEN CT,,No_Match,0/1
1285,YORKLAND RD,UNIT L,Match,23/34
3383,SUFFIELD,,Match,0/0
3956,LAUREL LN,,Match,2/2
5459,E LIVINGSTON AVE,UNIT B,Match,406/920
2204,SUNSHINE PL,,Match,0/1
2401,SHORE BLVD E,C,Match,0/0
4597,REFUGEE RD,3H,Match,119/267
6393,MCNAUGHTEN CT,,No_Match,0/1
4818,LARAINE CT,204,Match,0/0
4345,DONLYN CT,,Match,0/0
5722,GREENPINE ST,,Match,0/0
26,CHANTRY DR,,No_Match,0/16
2212,MUIRWOOD DR,,Match,0/1
5589,AUTUMN CHASE DR,A,Match,0/1
1771,CHANNINGWAY CT W,,Match,0/0
4505,LAKE SIDE N,D,Match,0/0
2642,BIRCHTREE WAY,,Match,0/0
2725,S HAMILTON RD,,Match,242/753
5607,HIBERNIA DR,A,Match,0/1
5633,HIBERNIA DR,B,Match,0/1
4663,REFUGEE RD,1D,Match,119/267
2800,MARWOOD CT,C,Match,0/1
582,LITTLE BROOK WAY,,No_Match,30/31
2810,CITIZENS PL,G,Match,0/1
596,CHANTRY DR,,No_Match,0/16
2703,EASTLAND MALL,,Match,0/1
5200,CEDAR DR,J,Match,15/24
26,LITTLE BROOK WAY,,No_Match,30/31
2875,WINCHESTER PIKE,,Match,4/13
5073,REFUGEE RD,CATV,Match,119/267
3750,NOAM CT,,Match,0/0
3372,SUFFIELD,,Match,0/0
4573,MONMOUTH CT,214,Match,0/0
5685,BAIRSFORD CIR N,2,Match,0/0
3378,WINTER LANE PARK,,Match,0/0
2945,COURTRIGHT RD,,No_Match,96/137
3730,KIMBERLY WEST DR,,Tie,0/0
2488,BENIE CT,,Match,0/0
2810,HAMPTON RD S,,Match,0/0
5603,HIBERNIA DR,C,Match,0/1
2231,COURTSIDE DR,F,Match,0/2
3333,SUFFIELD,,Match,0/0
3713,CHARBERT CT,,Match,0/0
2213,FOXCROFT GREEN,,Match,0/0
2724,TENNYSON BLVD,D,Match,0/0
2421,SHORE BLVD E,D,Match,0/0
546,LITTLE BROOK WAY,,No_Match,30/31
2781,GROSSE POINT,,Match,0/0
5675,BAIRSFORD CIR N,8,Match,0/0
328,CHANTRY DR,,No_Match,0/16
370,CHANTRY DR,,No_Match,0/16
5917,SHANA DR,,Match,0/1
2509,SHORE BLVD E,,Match,0/0
5475,CHATFORD SQ,,Match,0/1
3237,WEBSTER DR,,Match,0/0
4557,LAKE SIDE S,A,Match,0/0
4200,S HAMILTON RD,,No_Match,242/753
3328,WINTER LANE PARK,,Match,0/0
5415,YORKSHIRE TERRACE DR,8C,Match,0/0
1780,CHANNINGWAY CT W,,Match,0/0
2288,MUIRWOOD DR,,Match,0/1
5522,DUNFIELD LN,1,Match,0/1
452,LITTLE BROOK WAY,,No_Match,30/31
5473,CHATFORD SQ,,Match,0/1
2453,KIMBERLY PKWY N,,Tie,0/0
336,CHANTRY DR,,No_Match,0/16
3720,KIMBERLY WEST DR,,Tie,0/0
2370,CANAL BAY WAY,,Match,0/1
2472,HUDSON BAY WAY,,Match,0/0
2025,LAKE CLUB TER,,Match,0/0
2178,RIVERDALE SQ E,,Match,0/0
2231,COURTSIDE DR,I,Match,0/2
2510,KIMBERLY PKWY E,304,Match,0/0
6058,CHANNINGWAY BLVD,,Match,0/0
5415,YORKSHIRE TERRACE DR,7C,Match,0/0
2626,BIRCHTREE CT,,Match,0/0
3469,COURTRIGHT LN,,Match,0/0
4505,LAKE SIDE S,D,Match,0/0
1938,OLDE COVENTRY RD E,,Match,0/0
5445,CHATFORD SQ,,Match,0/1
5609,CHANTRY DR,,Match,0/16
1781,BAIRSFORD CIR W,,Match,0/0
5617,HIBERNIA DR,A,Match,0/1
1791,CHANNINGWAY CT E,,Match,0/0
4640,CHANNING TER,,Match,0/0
5842,HALLRIDGE CIR,,Match,0/0
2912,MERRYMOUNT CT,B,Match,0/0
2454,SHORE BLVD W,,Match,0/0
2050,PINE NEEDLE CT,,Match,0/0
292,CHANTRY DR,,No_Match,0/16
4800,LARAINE CT,101,Match,0/0
5393,YORKSHIRE TERRACE DR,4C,Match,0/0
2574,S HAMILTON RD,,Match,242/753
2604,SILVER OAK DR,,Match,0/1
2881,SHILLING DR,,Match,0/0
5398,YORKSHIRE TERRACE DR,C,Match,0/0
2500,PARK CRESCENT,,Match,0/0
4657,REFUGEE RD,3F,Match,119/267
5711,HIBERNIA DR,C,Match,0/1
2776,CITIZENS PL,F,Match,0/1
5097,CEDAR DR,C,Match,15/24
2290,PETZINGER CT,,Match,0/0
4575,LAKE SIDE S,B,Match,0/0
4524,LAKE SIDE N,,Match,0/0
2830,WYMAN CT,B,Match,0/0
2205,FOXCROFT GREEN,,Match,0/0
2410,PARK CRESCENT,,Match,0/0
2163,RIVERDALE SQ E,,Match,0/0
5547,CHANTRY DR,,Match,0/16
4622,HEBRIDES DR,D,Match,0/0
1476,ABRAHAM WOODS,,Match,0/0
3726,KNIGHTSWAY LN,,Match,0/2
4985,OLDE COVENTRY RD W,,Match,0/0
1931,OLDE COVENTRY RD,,Match,0/0
3481,COURTRIGHT LN,,Match,0/0
2870,MERRYMOUNT CT,A,Match,0/0
4621,REFUGEE RD,3A,Match,119/267
4096,PORSCHE CT,,Match,0/1
3361,SUFFIELD,,Match,0/0
3926,LAUREL LN,,Match,2/2
1807,CHANNINGWAY CT E,,Match,0/0
3714,SOFT WIND DR,,Match,0/0
5739,HIBERNIA DR,,Match,0/1
2599,KIMBERLY PKWY W,,Match,0/0
1540,CABORA LN,,Match,0/0
1812,CHANNINGWAY CT W,,Match,0/0
6064,CHANNINGWAY BLVD,,Match,0/0
2782,BERWICK SQ,,Match,0/1
3907,RIVERCREEK BAY WAY,,Match,0/0
3312,TRADAN DR,,Match,0/1
3758,SOFT WIND DR,,Match,0/0
2870,WOOLWICH CT,108,Match,0/0
4669,REFUGEE RD,3G,Match,119/267
2510,KIMBERLY PKWY E,302,Match,0/0
4657,REFUGEE RD,1F,Match,119/267
6347,MCNAUGHTEN CT,,No_Match,0/1
4595,REFUGEE RD,1C,Match,119/267
4630,HILTON CORPORATE DR,201,Match,0/3
3745,BIRCHTREE LN,,Match,0/0
5975,E LIVINGSTON AVE,,Match,406/920
2886,TENNYSON BLVD,C,Match,0/0
2828,CITIZENS PL,F,Match,0/1
84,CHANTRY DR,,No_Match,0/16
4615,REFUGEE RD,1B,Match,119/267
3732,BONNETT CT,,Match,0/0
2324,CONDON DR,,Match,10/26
2286,SEVILLE AVE,,Match,0/1
3473,COURTRIGHT LN,A,Match,0/0
5504,CHATFORD SQ,,Match,0/1
2731,EASTLAND MALL,,Match,0/1
2802,CITIZENS PL,F,Match,0/1
1784,CHANNINGWAY CT W,,Match,0/0
2794,TENNYSON BLVD,C,Match,0/0
2089,LAKE CLUB TER,C,Match,0/0
2507,EASTERN PINE RD,,Match,0/0
4974,OLDE COVENTRY RD W,,Match,0/0
5453,LONSDALE PL S,UNIT D,Match,0/0
2755,TENNYSON BLVD,A,Match,0/0
4792,LARAINE CT,103,Match,0/0
5083,CEDAR DR,G,Match,15/24
5119,CEDAR DR,A,Match,15/24
3240,ELIM MANOR CT,,Match,0/1
440,CHANTRY DR,,No_Match,0/16
6001,LAKE CLUB CT,H,Match,0/1
2205,COURTSIDE DR,H,Match,0/2
2865,CITIZENS PL,C,Match,0/1
2510,KIMBERLY PKWY E,301,Match,0/0
12,CHANTRY DR,,No_Match,0/16
2817,WYMAN CT,D,Match,0/0
4615,REFUGEE RD,1C,Match,119/267
4593,REFUGEE RD,3J,Match,119/267
5696,SPRUCE TREE DR,,Match,0/0
256,LITTLE BROOK WAY,,No_Match,30/31
2624,BIRCHTREE WAY,,Match,0/0
5665,E LIVINGSTON AVE,,Match,406/920
5690,MAPLE TREE LN,,No_Match,0/0
2449,HUDSON BAY WAY,,Match,0/0
4774,LARAINE CT,202,Match,0/0
3387,WINTER LANE PARK,,Match,0/0
6127,MCNAUGHTEN CT,,Match,0/1
2391,MALKA CT,,Match,0/0
3809,KIMBERLY PKWY N,,Match,0/0
5776,HALLRIDGE CIR,,Match,0/0
2272,PETZINGER CT,,Match,0/0
4622,HEBRIDES DR,B,Match,0/0
2130,PINE GROVE LN,,Match,0/1
692,LITTLE BROOK WAY,,No_Match,30/31
4609,REFUGEE RD,2K,Match,119/267
2820,BANWICK RD,,Match,0/9
2787,BERWICK SQ,,Match,0/1
3730,NOAM CT,,Match,0/0
2764,S HAMILTON RD,,Match,242/753
4581,LAKE SIDE S,,Match,0/0
2544,SCARBOROUGH SQ,13,Match,0/0
2791,CITIZENS PL,D,Match,0/1
6173,MCNAUGHTEN CT,,Match,0/1
4624,CHANNING TER,B,Match,0/0
5487,RED BIRD CT,,Match,0/1
5415,YORKSHIRE TERRACE DR,,Match,0/0
2236,S HAMILTON RD,200,Match,242/753
4649,GROVES RD,,Match,4/54
4475,REFUGEE RD,,Match,119/267
2943,TENNYSON BLVD,A,Match,0/0
2799,GROSSE POINT,,Match,0/0
6027,LAKE CLUB CT,,Match,0/1
5505,CHATFORD SQ,,Match,0/1
5427,YORKSHIRE TERRACE DR,5A,Match,0/0
6431,MCNAUGHTEN CT,,No_Match,0/1
350,CHANTRY DR,,No_Match,0/16
3331,SUFFIELD,,Match,0/0
5460,CHATFORD SQ,,Match,0/1
5762,HIBERNIA DR,,Match,0/1
3840,KIMBERLY PKWY N,,Match,0/0
5191,REFUGEE RD,,Match,119/267
5747,SPRUCE TREE DR,,Match,0/0
2843,CITIZENS PL,D,Match,0/1
2849,CITIZENS PL,H,Match,0/1
3224,WINTER LANE PARK,,Match,0/0
4619,REFUGEE RD,1H,Match,119/267
4659,REFUGEE RD,2E,Match,119/267
5777,E LIVINGSTON AVE,,Match,406/920
2037,LAKE CLUB TER,,Match,0/0
3725,KIMBERLY WEST DR,UNIT 5,Tie,0/0
4951,MYERS RD,,Match,0/8
6237,MCNAUGHTEN CT,,Match,0/1
6099,MCNAUGHTEN CENTER,,Match,0/0
5479,CHATFORD SQ,,Match,0/1
3128,S HAMILTON RD,,Match,242/753
4640,HEBRIDES DR,D,Match,0/0
3784,RIVERCREEK BAY WAY,,Match,0/0
5357,YORKSHIRE TERRACE DR,A,Match,0/0
1790,CHANNINGWAY CT W,,Match,0/0
1801,CHANNINGWAY CT W,,Match,0/0
2380,MALKA CT,,Match,0/0
2456,SHORE BLVD W,,Match,0/0
4983,OLDE COVENTRY RD W,,Match,0/0
2049,LAKE CLUB TER,,Match,0/0
656,CHANTRY DR,,No_Match,0/16
3766,BUCKMAN ST,,Match,0/0
2405,SHORE BLVD E,,Match,0/0
3868,RIVERCREEK BAY WAY,,Match,0/0
3620,RIVERDALE SQ,,Match,0/0
5792,HIBERNIA DR,A,Match,0/1
5622,TINLEY PARK,,Match,0/0
3391,SUFFIELD,,Match,0/0
5555,HIBERNIA DR,C,Match,0/1
572,CHANTRY DR,,No_Match,0/16
3355,WINTER LANE PARK,,Match,0/0
3305,SUFFIELD,,Match,0/0
2718,EASTLAND MALL,,Match,0/1
6133,MCNAUGHTEN CT,,Match,0/1
324,CHANTRY DR,,No_Match,0/16
1285,YORKLAND RD,UNIT D,Match,23/34
5346,YORKSHIRE VILLAGE LN,,Match,0/0
4977,OLDE COVENTRY RD W,,Match,0/0
4591,WORDSWORTH CT,A,Match,0/0
4313,DONLYN CT,,Match,0/0
4405,CROSSROADS CENTER,,Match,0/0
3708,KIMBERLY PKWY N,,Match,0/0
4583,ISINGTON CT,C,Match,0/0
1536,CABORA LN,,Match,0/0
5439,LONSDALE PL S,UNIT B,Match,0/0
5980,LAKE CLUB SQ,F,Match,0/1
6759,MCNAUGHTEN CT,,No_Match,0/1
5536,DUNFIELD LN,6,Match,0/1
6095,MCNAUGHTEN CENTER,,Match,0/0
428,LITTLE BROOK WAY,,No_Match,30/31
4521,LAKE SIDE S,,Match,0/0
3170,EASTHAVEN DR S,,Match,0/0
5413,LONSDALE PL S,,Match,0/0
1620,COPPERTREE RD,,Match,2/2
4597,REFUGEE RD,1F,Match,119/267
2570,S HAMILTON RD,,Match,242/753
5556,MILLERSFIELD DR,,Match,0/1
3253,ELIM MANOR CT,,Match,0/1
5618,TINLEY PARK,,Match,0/0
1486,ABRAHAM WOODS,,Match,0/0
4652,CHANNING TER,D,Match,0/0
3594,ARIEL DR,,Match,0/0
6333,MCNAUGHTEN CT,,No_Match,0/1
2844,CITIZENS PL,E,Match,0/1
5980,LAKE CLUB SQ,B,Match,0/1
4112,JENERA PL,,Match,0/0
5145,CEDAR DR,D,Match,15/24
2422,HUDSON BAY WAY,,Match,0/0
2814,BANWICK RD,,Match,0/9
2618,BIRCHTREE WAY,,Match,0/0
4201,DONLYN CT,,Match,0/0
3115,ELIM ESTATES DR,,Match,0/49
5580,TINLEY PARK,,Match,0/0
2875,WINCHESTER CT,C,Match,1/3
44,LITTLE BROOK WAY,,No_Match,30/31
5894,SHANA DR,,Match,0/1
4567,MANDEVILLE CT,C,Match,0/0
2786,CITIZENS PL,D,Match,0/1
3903,RIVERCREEK BAY WAY,,Match,0/0
3643,FARTHING LN,,Match,0/2
2260,SEVILLE AVE,,Match,0/1
6353,MCNAUGHTEN CT,,No_Match,0/1
5448,LONSDALE PL S,UNIT B,Match,0/0
2092,S HAMILTON RD,,Match,242/753
2344,RANDY CT,,Match,0/0
2779,CITIZENS PL,G,Match,0/1
5467,E LIVINGSTON AVE,UNIT D,Match,406/920
96,CHANTRY DR,,No_Match,0/16
3322,TRADAN DR,,Match,0/1
5551,HIBERNIA DR,C,Match,0/1
128,LITTLE BROOK WAY,,No_Match,30/31
2797,MARWOOD CT,A,Match,0/1
3756,KIMBERLY WEST DR,,Tie,0/0
4249,DONLYN CT,,Match,0/0
4241,KIMBERLY PKWY N,,Match,0/0
5689,HIBERNIA DR,B,Match,0/1
52,LITTLE BROOK WAY,,No_Match,30/31
640,CHANTRY DR,,No_Match,0/16
132,CHANTRY DR,,No_Match,0/16
2731,TENNYSON BLVD,C,Match,0/0
6057,LAKE CLUB PL,,Match,0/0
600,CHANTRY DR,,No_Match,0/16
4609,REFUGEE RD,3L,Match,119/267
2311,HAMILTON RD,,Match,242/753
5844,HALLRIDGE CIR,A,Match,0/0
5030,COVENTRY DR,B,Match,0/0
3378,SUFFIELD,,Match,0/0
4800,LARAINE CT,201,Match,0/0
2435,CHELSEA CT,,Match,0/0
5145,CEDAR DR,C,Match,15/24
2232,SUNSHINE PL,,Match,0/1
2764,BRANDY DR,102,Match,0/1
4515,LAKE SIDE S,J,Match,0/0
2439,CHELSEA CT,,Match,0/0
422,CHANTRY DR,,No_Match,0/16
2434,HUDSON BAY WAY,,Match,0/0
2322,PETZINGER CT,,Match,0/0
3187,WABASH CT S,,Match,0/0
2425,KIMBERLY PKWY E,1,Match,0/0
640,LITTLE BROOK WAY,,No_Match,30/31
4661,COLERIDGE CT,C,Match,0/0
5747,HIBERNIA DR,B,Match,0/1
4597,REFUGEE RD,1E,Match,119/267
5454,CHATFORD SQ,,Match,0/1
4774,LARAINE CT,102,Match,0/0
2778,TENNYSON BLVD,A,Match,0/0
2547,FRANKSWAY ST,,Match,0/1
5081,CEDAR DR,,Match,15/24
3755,KIMBERLY WEST DR,UNIT 3,Tie,0/0
2404,HUDSON BAY WAY,,Match,0/0
2320,SEVILLE AVE,,Match,0/1
3374,SUFFIELD,,Match,0/0
2337,HAMILTON RD,,Match,242/753
2900,NATHANIEL BLVD,D,Match,0/0
4968,OLDE COVENTRY RD W,,Match,0/0
4108,PORSCHE CT,,Match,0/1
630,CHANTRY DR,,No_Match,0/16
4605,REFUGEE RD,2B,Match,119/267
3182,WEBSTER DR,,Match,0/0
5880,YORKLAND CT,UNIT M,Match,0/1
6155,MCNAUGHTEN CT,,Match,0/1
5356,YORKSHIRE TERRACE DR,D,Match,0/0
540,LITTLE BROOK WAY,,No_Match,30/31
2313,HAMILTON RD,,Match,242/753
4615,REFUGEE RD,2E,Match,119/267
2314,PETZINGER CT,,Match,0/0
3952,LAUREL LN,,Match,2/2
2222,SUNSHINE PL,,Match,0/1
2797,TENNYSON BLVD,D,Match,0/0
3755,EMRICK CT,,Match,0/0
4980,COVENTRY CT S,,Match,0/0
2481,SHORE BLVD E,K,Match,0/0
4603,REFUGEE RD,2D,Match,119/267
2568,S HAMILTON RD,,Match,242/753
5675,BAIRSFORD CIR N,11,Match,0/0
2283,MUIRWOOD DR,,Match,0/1
5893,SHANA DR,,Match,0/1
5462,LONSDALE PL N,UNIT D,Match,0/0
2614,BIRCHTREE WAY,,Match,0/0
4669,REFUGEE RD,1G,Match,119/267
400,LITTLE BROOK WAY,,No_Match,30/31
4585,LAKE SIDE S,L,Match,0/0
284,LITTLE BROOK WAY,,No_Match,30/31
5398,YORKSHIRE TERRACE DR,,Match,0/0
3760,BIRCHTREE LN,,Match,0/0
5685,BAIRSFORD CIR N,10,Match,0/0
2238,S HAMILTON RD,100,Match,242/753
2741,WINCHESTER PIKE,,Match,4/13
2882,TENNYSON BLVD,,Match,0/0
2800,MARWOOD CT,D,Match,0/1
2785,MARWOOD CT,D,Match,0/1
6189,MCNAUGHTEN CT,,Match,0/1
4689,HILTON CORPORATE DR,,Match,0/3
2834,WYMAN CT,A,Match,0/0
4650,HILTON CORPORATE DR,318,Match,0/3
3100,WINCHESTER PIKE,,Match,4/13
2696,S HAMILTON RD,,Match,242/753
4616,CHANNING TER,B,Match,0/0
4609,REFUGEE RD,3H,Match,119/267
176,LITTLE BROOK WAY,,No_Match,30/31
4544,LAKE SIDE S,B,Match,0/0
4431,CROSSROADS CENTER,,Match,0/0
5596,MILLERSFIELD DR,,Match,0/1
5501,E LIVINGSTON AVE,UNIT D,Match,406/920
2457,HUDSON BAY WAY,,Match,0/0
2501,EASTERN PINE RD,,Match,0/0
4261,KIMBERLY PKWY,,Match,0/1
4613,REFUGEE RD,1A,Match,119/267
3072,ROTUNDA CT N,,Match,0/0
4597,REFUGEE RD,3F,Match,119/267
4650,HILTON CORPORATE DR,316,Match,0/3
5588,AUTUMN CHASE DR,,Match,0/1
4788,ROLLINGBROOK LN,C,Match,0/0
5018,COVENTRY CT N,,Match,0/0
4244,EASTLAND SQUARE DR,,Match,0/1
2513,EASTERN PINE RD,,Match,0/0
6041,LAKE CLUB PL,,Match,0/0
2100,SUNSHINE PL,,Match,0/1
2926,WESSON DR,,No_Match,18/18
4098,JENERA PL,,Match,0/0
2793,GROSSE POINT,,Match,0/0
2845,CITIZENS PL,D,Match,0/1
1902,OLDE COVENTRY RD E,,Match,0/0
4570,MANDEVILLE CT,D,Match,0/0
1848,COVENTRY LN,,Match,0/0
3739,BIRCHTREE LN,,Match,0/0
2880,NATHANIEL BLVD,,Match,0/0
1906,OLDE COVENTRY RD E,,Match,0/0
5685,BAIRSFORD CIR N,17,Match,0/0
5460,E LIVINGSTON AVE,,Match,406/920
2220,S HAMILTON RD,,Match,242/753
4281,EASTLAND SQUARE DR,,Match,0/1
4612,CHANNING TER,C,Match,0/0
2205,COURTSIDE DR,E,Match,0/2
2300,PETZINGER CT,,Match,0/0
4327,DONLYN CT,,Match,0/0
3404,WINTER LANE PARK,,Match,0/0
4631,WORDSWORTH CT,,Match,0/0
3338,WINTER LANE PARK,,Match,0/0
6677,MCNAUGHTEN CT,,No_Match,0/1
3811,KIMBERLY PKWY N,,Match,0/0
1778,LONSDALE PL E,UNIT B,Match,0/0
2423,KIMBERLY PKWY N,,Tie,0/0
2537,SILVER OAK DR,,Match,0/1
2810,CITIZENS PL,H,Match,0/1
2883,SHILLING DR,,Match,0/0
3596,ARIEL DR,,Match,0/0
618,CHANTRY DR,,No_Match,0/16
642,LITTLE BROOK WAY,,No_Match,30/31
4258,GROVES RD,,Match,4/54
4582,HEMINGWAY CT,A,Match,0/1
5657,HIBERNIA DR,A,Match,0/1
2870,WOOLWICH CT,102,Match,0/0
4520,LAKE SIDE S,A,Match,0/0
2852,CITIZENS PL,G,Match,0/1
3245,ST BERNARD CIR,,Match,0/0
3895,RIVERCREEK BAY WAY,,Match,0/0
2281,CRESWICK ST,,Match,0/1
4618,CHANNING TER,A,Match,0/0
5145,CEDAR DR,B,Match,15/24
444,LITTLE BROOK WAY,,No_Match,30/31
6491,MCNAUGHTEN CT,,No_Match,0/1
1858,COVENTRY LN,A,Match,0/0
2885,SHILLING DR,,Match,0/0
2421,SHORE BLVD E,B,Match,0/0
5912,SHANA DR,,Match,0/1
4818,LARAINE CT,202,Match,0/0
2510,KIMBERLY PKWY E,206,Match,0/0
5415,YORKSHIRE TERRACE DR,2A,Match,0/0
3716,KNIGHTSWAY LN,,Match,0/2
2778,BERWICK SQ,,Match,0/1
4774,LARAINE CT,103,Match,0/0
5518,DUNFIELD LN,4,Match,0/1
5345,YORKSHIRE TERRACE DR,B,Match,0/0
5459,RED BIRD CT,,Match,0/1
6355,MCNAUGHTEN CT,,No_Match,0/1
22,CHANTRY DR,,No_Match,0/16
5330,YORKSHIRE TERRACE DR,A1,Match,0/0
5726,HIBERNIA DR,,Match,0/1
2851,CITIZENS PL,H,Match,0/1
2779,CITIZENS PL,D,Match,0/1
2776,BERWICK SQ,,Match,0/1
5569,AUTUMN CHASE DR,,Match,0/1
2516,EASTERN PINE RD,,Match,0/0
2798,MARWOOD CT,A,Match,0/1
2303,HAMILTON RD,,Match,242/753
4642,HEBRIDES DR,D,Match,0/0
1762,LONSDALE PL E,UNIT D,Match,0/0
2774,BERWICK SQ,,Match,0/1
6273,MCNAUGHTEN CT,,Match,0/1
2219,SEVILLE AVE,,Match,0/1
4538,LAKE SIDE N,,Match,0/0
2518,EASTERN PINE RD,,Match,0/0
3591,ARIEL DR,,Match,0/0
5560,HIBERNIA DR,,Match,0/1
2174,ROTUNDA DR,,Match,6/10
5516,DUNFIELD LN,5,Match,0/1
2238,S HAMILTON RD,200,Match,242/753
2780,CITIZENS PL,B,Match,0/1
5704,HIBERNIA DR,B,Match,0/1
2110,MUIRWOOD DR,,Match,0/1
3340,SUFFIELD,,Match,0/0
2478,FOREST GREEN CT,,Match,0/0
5742,HIBERNIA DR,C,Match,0/1
5470,CHATFORD SQ,,Match,0/1
4619,REFUGEE RD,3C,Match,119/267
5677,HIBERNIA DR,C,Match,0/1
4575,LAKE SIDE S,A,Match,0/0
5734,HIBERNIA DR,,Match,0/1
2852,CITIZENS PL,B,Match,0/1
2003,BRICE RD,,No_Match,177/386
4655,REFUGEE RD,2A,Match,119/267
2476,SHORE BLVD W,,Match,0/0
6030,LAKE CLUB CT,,Match,0/1
2130,SUNSHINE PL,,Match,0/1
5844,HALLRIDGE CIR,D,Match,0/0
2222,SEVILLE AVE,,Match,0/1
6653,MCNAUGHTEN CT,,No_Match,0/1
4777,ROLLINGBROOK LN,A,Tie,0/0
5459,E LIVINGSTON AVE,,Match,406/920
2724,EASTLAND MALL,,Match,0/1
2847,CITIZENS PL,H,Match,0/1
2100,S HAMILTON RD,,Match,242/753
5910,SHANA DR,,Match,0/1
5859,CHANTRY DR,,Match,0/16
3735,CHARBERT CT,,Match,0/0
216,LITTLE BROOK WAY,,No_Match,30/31
3965,KIMBERLY PKWY N,,Match,0/0
1787,CHANNINGWAY CT E,,Match,0/0
3215,WEBSTER DR,,Match,0/0
3287,WINTER LANE PARK,,Match,0/0
3743,NOAM CT,,Match,0/0
3671,RIVERDALE SQ,,Match,0/0
2056,PINE GROVE LN,,Match,0/1
1950,OLDE COVENTRY RD E,,Match,0/0
5381,YORKSHIRE TERRACE DR,,Match,0/0
6,LITTLE BROOK WAY,,No_Match,30/31
646,CHANTRY DR,,No_Match,0/16
5762,HIBERNIA DR,A,Match,0/1
4490,GROVES RD,,Match,4/54
2747,EASTLAND MALL,UNIT A,Match,0/1
3329,WINTER LANE PARK,,Match,0/0
2702,EASTLAND MALL,,Match,0/1
2057,LAKE CLUB TER,,Match,0/0
3246,ST BERNARD CIR,,Match,0/0
6153,MCNAUGHTEN CT,,Match,0/1
4747,HILTON CORPORATE DR,,Match,0/3
4601,REFUGEE RD,3G,Match,119/267
5381,YORKSHIRE TERRACE DR,4B,Match,0/0
5413,LONSDALE PL S,UNIT C,Match,0/0
2255,SUNSHINE PL,,Match,0/1
2845,CITIZENS PL,G,Match,0/1
5902,SHANA DR,,Match,0/1
5321,YORKSHIRE TERRACE DR,,Match,0/0
6163,MCNAUGHTEN CT,,Match,0/1
4285,DONLYN CT,,Match,0/0
3954,LAUREL LN,,Match,2/2
2915,WINCHESTER PIKE,,Match,4/13
2361,SHORE BLVD E,B,Match,0/0
526,LITTLE BROOK WAY,,No_Match,30/31
1557,APPLETON CT,,Match,0/0
3425,SUFFIELD,,Match,0/0
6487,MCNAUGHTEN CT,,No_Match,0/1
2153,RIVERDALE SQ W,,Match,0/0
6635,MCNAUGHTEN CT,,No_Match,0/1
2902,MERRYMOUNT CT,A,Match,0/0
3036,ROTUNDA CT S,,Match,0/0
4091,COVENTRY DR,,Match,0/0
6689,MCNAUGHTEN CT,,No_Match,0/1
4107,ALVADA ST,,Match,0/0
3631,RIVERDALE SQ,,Match,0/0
3637,RIVERDALE SQ,,Match,0/0
2881,TENNYSON BLVD,107,Match,0/0
4605,REFUGEE RD,2C,Match,119/267
2170,SUNSHINE PL,,Match,0/1
2531,SILVER OAK DR,,Match,0/1
3733,CHARBERT CT,,Match,0/0
4586,ISINGTON CT,201,Match,0/0
4580,ISINGTON CT,,Match,0/0
3720,NOAM CT,,Match,0/0
2916,MERRYMOUNT CT,,Match,0/0
1568,ALLENFORD CT,,Match,0/0
482,LITTLE BROOK WAY,,No_Match,30/31
5796,HIBERNIA DR,A,Match,0/1
4707,HILTON CORPORATE DR,,Match,0/3
5099,CEDAR DR,L,Match,15/24
6001,LAKE CLUB CT,B,Match,0/1
2492,SCARBOROUGH SQ,3,Match,0/0
5014,COVENTRY DR,B,Match,0/0
2855,CITIZENS PL,C,Match,0/1
2510,KIMBERLY PKWY E,UNIT 301,Match,0/0
2164,RIVERDALE SQ W,,Match,0/0
6351,MCNAUGHTEN CT,,No_Match,0/1
214,LITTLE BROOK WAY,,No_Match,30/31
5502,CHATFORD SQ,,Match,0/1
6279,MCNAUGHTEN CT,,Match,0/1
3058,ROTUNDA CT S,,Match,0/0
5830,HALLRIDGE CIR,,Match,0/0
318,CHANTRY DR,,No_Match,0/16
2309,HAMILTON RD,,Match,242/753
3997,PENNIMAN ST,,No_Match,0/1
4682,FENIMORE CT,A,Match,0/0
6587,MCNAUGHTEN CT,,No_Match,0/1
5044,COVENTRY DR,,Match,0/0
5734,HIBERNIA DR,A,Match,0/1
5599,HIBERNIA DR,C,Match,0/1
5050,COVENTRY CT N,D,Match,0/0
4578,ISINGTON CT,A,Match,0/0
2694,S HAMILTON RD,,Match,242/753
5652,HIBERNIA DR,,Match,0/1
5751,SPRUCE TREE DR,,Match,0/0
6018,LAKE CLUB CT,,Match,0/1
2711,EASTLAND MALL,UNIT A,Match,0/1
4599,MONMOUTH CT,208,Match,0/0
2348,RANDY CT,,Match,0/0
430,CHANTRY DR,,No_Match,0/16
4621,REFUGEE RD,2C,Match,119/267
2859,CITIZENS PL,F,Match,0/1
4665,REFUGEE RD,2G,Match,119/267
5648,HIBERNIA DR,,Match,0/1
3383,WINTER LANE PARK,,Match,0/0
2090,LAKE CLUB TER,,Match,0/0
5461,CHATFORD SQ,,Match,0/1
3704,SOFT WIND DR,,Match,0/0
5659,E LIVINGSTON AVE,,Match,406/920
3254,WINTER LANE PARK,,Match,0/0
3964,LAUREL LN,,Match,2/2
4279,DONLYN CT,,Match,0/0
4663,REFUGEE RD,3C,Match,119/267
4428,CROSSROADS CENTER,,Match,0/0
3600,RIVERDALE SQ,,Match,0/0
5829,MAPLE TREE LN,,Match,0/0
4615,HEBRIDES DR,B,Match,0/0
2789,MARWOOD CT,,Match,0/1
5730,HIBERNIA DR,C,Match,0/1
1915,OLDE COVENTRY RD E,,Match,0/0
2101,PINE GROVE LN,,Match,0/1
4575,MONMOUTH CT,,Match,0/0
2305,MUIRWOOD DR,,Match,0/1
2096,SUNSHINE PL,,Match,0/1
2800,BERWICK SQ,,Match,0/1
4617,REFUGEE RD,2F,Match,119/267
2119,PINE GROVE LN,,Match,0/1
4985,COVENTRY DR,,Match,0/0
4264,EASTLAND SQUARE DR,,Match,0/1
3157,WEBSTER DR,,Match,0/0
2321,SEVILLE AVE,,Match,0/1
6305,MCNAUGHTEN CT,,No_Match,0/1
2236,S HAMILTON RD,103,Match,242/753
3688,BUCKMAN ST,,Match,0/0
3755,KIMBERLY WEST DR,UNIT 5,Tie,0/0
234,LITTLE BROOK WAY,,No_Match,30/31
3831,BUCKMAN ST,,Match,0/0
3603,REFUGEE RD,,Match,119/267
4686,FENIMORE CT,D,Match,0/0
5880,YORKLAND CT,UNIT C,Match,0/1
2785,CITIZENS PL,H,Match,0/1
2915,TENNYSON BLVD,D,Match,0/0
3019,ROTUNDA CT S,,Match,0/0
2752,TENNYSON BLVD,,Match,0/0
3330,WINCHESTER PIKE,,Match,4/13
2126,PINE GROVE LN,,Match,0/1
598,CHANTRY DR,,No_Match,0/16
5357,YORKSHIRE TERRACE DR,C,Match,0/0
2374,MALKA CT,,Match,0/0
4560,LAKE SIDE N,C,Match,0/0
4001,S HAMILTON RD,,No_Match,242/753
132,LITTLE BROOK WAY,,No_Match,30/31
1289,YORKLAND RD,UNIT J,Match,23/34
3689,FARTHING LN,,Match,0/2
2828,TENNYSON BLVD,C,Match,0/0
4110,ALVADA ST,,Match,0/0
2317,RANDY CT,,Match,0/0
552,CHANTRY DR,,No_Match,0/16
2296,PETZINGER CT,,Match,0/0
614,CHANTRY DR,,No_Match,0/16
5707,SPRUCE TREE DR,,Match,0/0
2851,ROCKFORD LN,,Match,0/0
2150,MUIRWOOD DR,,Match,0/1
2248,SEVILLE AVE,,Match,0/1
6373,MCNAUGHTEN CT,,No_Match,0/1
4611,REFUGEE RD,2G,Match,119/267
3859,MAUMEE BAY WAY,,Match,0/0
2295,SEVILLE AVE,,Match,0/1
138,LITTLE BROOK WAY,,No_Match,30/31
3717,DAWN CT,,Match,0/0
3248,ELIM MANOR CT,,Match,0/1
2797,TENNYSON BLVD,B,Match,0/0
4617,REFUGEE RD,3F,Match,119/267
6667,MCNAUGHTEN CT,,No_Match,0/1
3588,ARIEL DR,,Match,0/0
5330,YORKSHIRE TERRACE DR,B3,Match,0/0
1819,CHANNINGWAY CT W,,Match,0/0
2270,SEVILLE AVE,,Match,0/1
2330,SUNSHINE PL,,Match,0/1
5200,CEDAR DR,M,Match,15/24
1285,YORKLAND RD,UNIT M,Match,23/34
4552,MANDEVILLE CT,C,Match,0/0
100,LITTLE BROOK WAY,,No_Match,30/31
1818,CHANNINGWAY CT W,,Match,0/0
2326,RANDY CT,,Match,0/0
148,CHANTRY DR,,No_Match,0/16
3759,KIMBERLY WEST DR,UNIT 4,Tie,0/0
4630,HILTON CORPORATE DR,118,Match,0/3
4824,ROLLINGBROOK LN,B,Tie,0/0
368,CHANTRY DR,,No_Match,0/16
5430,LONSDALE PL S,UNIT C,Match,0/0
5864,HALLRIDGE CIR,,Match,0/0
2216,MUIRWOOD DR,,Match,0/1
2320,RANDY CT,,Match,0/0
416,LITTLE BROOK WAY,,No_Match,30/31
3150,S HAMILTON RD,,Match,242/753
2055,PINE NEEDLE CT,,Match,0/0
2776,TENNYSON BLVD,,Match,0/0
2033,PINE NEEDLE CT,,Match,0/0
4595,REFUGEE RD,2C,Match,119/267
2425,SHORE BLVD E,,Match,0/0
2690,WINCHESTER PIKE,,Match,4/13
3600,ARIEL DR,,Match,0/0
1815,CHANNINGWAY CT E,,Match,0/0
5085,MYERS RD,,Match,0/8
4536,LAKE SIDE N,,Match,0/0
4495,REFUGEE RD,,Match,119/267
3746,KNIGHTSWAY LN,,Match,0/2
2819,GROSSE POINT,,Match,0/0
3140,WEBSTER DR,,Match,0/0
1564,ALLENFORD CT,,Match,0/0
4661,REFUGEE RD,3C,Match,119/267
4225,DONLYN CT,,Match,0/0
5757,HALLRIDGE CIR,,Match,0/0
5539,HIBERNIA DR,,Match,0/1
4582,MANDEVILLE CT,B,Match,0/0
3616,RIVERDALE SQ,,Match,0/0
3948,LAUREL LN,,Match,2/2
4650,HILTON CORPORATE DR,209,Match,0/3
2745,TENNYSON BLVD,A,Match,0/0
5784,HIBERNIA DR,B,Match,0/1
3466,COURTRIGHT LN,A,Match,0/0
2797,GROSSE POINT,,Match,0/0
1773,CHANNINGWAY CT W,,Match,0/0
5843,REDAPPLE RIDGE,,Match,0/0
3700,KIMBERLY PKWY N,,Match,0/0
5542,DUNFIELD LN,1,Match,0/1
2424,SHORE BLVD W,,Match,0/0
3718,BUCKMAN ST,,Match,0/0
3757,SOFT WIND DR,,Match,0/0
6052,CHANNINGWAY BLVD,,Match,0/0
5543,HIBERNIA DR,,Match,0/1
6617,MCNAUGHTEN CT,,No_Match,0/1
252,LITTLE BROOK WAY,,No_Match,30/31
2802,CITIZENS PL,C,Match,0/1
4630,HILTON CORPORATE DR,216,Match,0/3
4491,REFUGEE RD,,Match,119/267
2900,NATHANIEL BLVD,C,Match,0/0
4789,ROLLINGBROOK LN,A,Tie,0/0
5167,CEDAR DR,J,Match,15/24
20,CHANTRY DR,,No_Match,0/16
434,CHANTRY DR,,No_Match,0/16
3759,KIMBERLY WEST DR,UNIT 6,Tie,0/0
4238,S HAMILTON RD,,No_Match,242/753
5791,HALLRIDGE CIR,,Match,0/0
2041,PINE GROVE LN,,Match,0/1
3221,ST BERNARD CIR,,Match,0/0
3217,ELIM MANOR CT,,Match,0/1
2965,ELIM ESTATES DR,,Match,0/49
4245,EASTLAND SQUARE DR,,Match,0/1
5393,YORKSHIRE TERRACE DR,5A,Match,0/0
5521,CANTARA PL,4,Match,0/0
4541,LAKE SIDE S,,Match,0/0
4231,EASTLAND FOOD CT,,No_Match,0/0
1390,YORKLAND RD,,Match,23/34
2899,TENNYSON BLVD,C,Match,0/0
1956,OLDE COVENTRY RD E,,Match,0/0
1929,OLDE COVENTRY RD E,,Match,0/0
4617,REFUGEE RD,3H,Match,119/267
594,CHANTRY DR,,No_Match,0/16
4535,LAKE SIDE S,K,Match,0/0
5601,CHATTERTON RD,,Match,0/12
2764,BRANDY DR,103,Match,0/1
684,CHANTRY DR,,No_Match,0/16
5542,CANTARA PL,,Match,0/0
1894,COVENTRY CT,A,Match,2/2
6001,CHATFORD DR,,No_Match,14/20
2826,TENNYSON BLVD,D,Match,0/0
2756,EASTLAND MALL,,Match,0/1
2430,SHORE BLVD W,UNIT L,Match,0/0
2879,SHILLING DR,,Match,0/0
3941,MAUMEE BAY WAY,,Match,0/0
4573,MONMOUTH CT,208,Match,0/0
3934,LAUREL LN,,Match,2/2
4505,LAKE SIDE S,B,Match,0/0
414,CHANTRY DR,,No_Match,0/16
5485,CHATFORD SQ,,Match,0/1
5704,GREENPINE ST,,Match,0/0
5588,HIBERNIA DR,C,Match,0/1
80,CHANTRY DR,,No_Match,0/16
6641,MCNAUGHTEN CT,,No_Match,0/1
1794,CHANNINGWAY CT W,,Match,0/0
2142,RIVERDALE SQ W,,Match,0/0
2880,NATHANIEL BLVD,C,Match,0/0
2855,CITIZENS PL,A,Match,0/1
4655,REFUGEE RD,3C,Match,119/267
5453,LONSDALE PL S,,Match,0/0
1558,BANDERA CT,,Match,0/0
504,LITTLE BROOK WAY,,No_Match,30/31
3660,HAMILTON RD,,Match,242/753
4563,HEMINGWAY CT,D,Match,0/1
2871,MERRYMOUNT CT,D,Match,0/0
2809,CITIZENS PL,C,Match,0/1
5735,CHANTRY DR,,Match,0/16
3581,REFUGEE RD,,Match,119/267
3753,BUCKMAN ST,,Match,0/0
5528,CANTARA PL,,Match,0/0
1801,CHANNINGWAY CT E,,Match,0/0
446,CHANTRY DR,,No_Match,0/16
2495,EASTERN PINE RD,,Match,0/0
2207,SOFT WIND CT,,Match,0/0
2336,PETZINGER CT,,Match,0/0
130,CHANTRY DR,,No_Match,0/16
3725,KIMBERLY WEST DR,UNIT 2,Tie,0/0
5780,HIBERNIA DR,A,Match,0/1
2317,SEVILLE AVE,,Match,0/1
1534,CABORA LN,,Match,0/0
5487,CHATFORD SQ,,Match,0/1
4659,REFUGEE RD,1A,Match,119/267
5703,HIBERNIA DR,B,Match,0/1
2381,CANAL BAY WAY,,Match,0/1
5097,CEDAR DR,J,Match,15/24
4544,LAKE SIDE S,C,Match,0/0
4619,REFUGEE RD,2E,Match,119/267
2606,CHAPPEL CHASE,,Match,0/0
6735,MCNAUGHTEN CT,,No_Match,0/1
6007,LAKE CLUB SQ,,Match,0/1
4517,LAKE SIDE S,,Match,0/0
5628,HIBERNIA DR,C,Match,0/1
398,CHANTRY DR,,No_Match,0/16
5981,LAKE CLUB SQ,A,Match,0/1
3751,SOFT WIND DR,,Match,0/0
5427,YORKSHIRE TERRACE DR,4C,Match,0/0
2722,TENNYSON BLVD,C,Match,0/0
5800,HIBERNIA DR,A,Match,0/1
6791,MCNAUGHTEN CT,,No_Match,0/1
3726,BONNETT CT,,Match,0/0
4525,LAKE SIDE N,D,Match,0/0
3757,BIRCHTREE LN,,Match,0/0
5685,BAIRSFORD CIR N,12,Match,0/0
5418,LONSDALE PL S,UNIT B,Match,0/0
5330,YORKSHIRE TERRACE DR,B4,Match,0/0
2197,FOXCROFT GREEN,,Match,0/0
2159,RIVERDALE SQ W,,Match,0/0
1740,LONSDALE PL E,,Match,0/0
200,CHANTRY DR,,No_Match,0/16
2913,SHILLING DR,,Match,0/0
3180,ELIM MANOR CT,212,Match,0/1
2788,CITIZENS PL,A,Match,0/1
1285,YORKLAND RD,UNIT N,Match,23/34
3940,LAUREL LN,,Match,2/2
4650,HILTON CORPORATE DR,102,Match,0/3
448,CHANTRY DR,,No_Match,0/16
6639,MCNAUGHTEN CT,,No_Match,0/1
2262,SEVILLE AVE,,Match,0/1
2371,HUDSON BAY WAY,,Match,0/0
2052,S HAMILTON RD,,Match,242/753
5704,HIBERNIA DR,A,Match,0/1
3723,FRANCINE CT,,Match,0/0
5798,HALLRIDGE CIR,,Match,0/0
4564,ISINGTON CT,207,Match,0/0
2166,RIVERDALE SQ E,,Match,0/0
2510,KIMBERLY PKWY E,UNIT 209,Match,0/0
2266,PETZINGER CT,,Match,0/0
1502,ABRAHAM WOODS,,Match,0/0
4257,EASTLAND FOOD CT,,No_Match,0/0
2779,CITIZENS PL,E,Match,0/1
3630,RIVERDALE SQ,,Match,0/0
2788,CITIZENS PL,C,Match,0/1
4215,DONLYN CT,,Match,0/0
3737,SOFT WIND DR,,Match,0/0
3475,COURTRIGHT LN,,Match,0/0
3146,S HAMILTON RD,,Match,242/753
1540,COBORA LN,,Match,0/0
2843,CITIZENS PL,B,Match,0/1
4305,DONLYN CT,,Match,0/0
4802,ROLLINGBROOK LN,D,Tie,0/0
2794,BERWICK SQ,,Match,0/1
2195,SOFT WIND CT,,Match,0/0
4599,MONMOUTH CT,210,Match,0/0
3253,ST BERNARD CIR,,Match,0/0
4172,ASTON MARTIN CT,,Match,0/0
4237,DONLYN CT,,Match,0/0
2307,PETZINGER CT,,Match,0/0
3755,KIMBERLY WEST DR,UNIT 1,Tie,0/0
5842,HALLRIDGE CIR,D,Match,0/0
5821,CHANTRY DR,,Match,0/16
460,CHANTRY DR,,No_Match,0/16
4655,REFUGEE RD,2B,Match,119/267
3699,MENDON PL,,Match,0/0
2875,WINCHESTER CT,A,Match,1/3
5141,CEDAR DR,A,Match,15/24
3810,SOFT WIND DR,,Match,0/0
2383,HUDSON BAY WAY,,Match,0/0
3265,WINTER LANE PARK,,Match,0/0
4640,HEBRIDES DR,C,Match,0/0
5711,HIBERNIA DR,,Match,0/1
464,CHANTRY DR,,No_Match,0/16
1964,OLDE COVENTRY RD E,,Match,0/0
2874,MERRYMOUNT CT,C,Match,0/0
2915,TENNYSON BLVD,B,Match,0/0
654,CHANTRY DR,,No_Match,0/16
5592,MILLERSFIELD DR,,Match,0/1
2800,MARWOOD CT,B,Match,0/1
4756,GROVES RD,,Match,4/54
2094,LAKE CLUB TER,,Match,0/0
3790,BUCKMAN ST,,Match,0/0
2329,RANDY CT,,Match,0/0
4655,HILTON CORPORATE DR,,Match,0/3
390,CHANTRY DR,,No_Match,0/16
2566,PARK CRESCENT,,Match,0/0
5016,COVENTRY DR,,Match,0/0
2588,SUMMERWAY CT,,Match,0/0
6123,MCNAUGHTEN CT,,Match,0/1
3722,SOFT WIND DR,,Match,0/0
4242,EASTLAND FOOD CT,,No_Match,0/0
1281,MCNAUGHTEN RD,UNIT J,Match,80/137
8,CHANTRY DR,,No_Match,0/16
4616,HEBRIDES DR,B,Match,0/0
5747,HIBERNIA DR,A,Match,0/1
4563,HEMINGWAY CT,B,Match,0/1
4613,REFUGEE RD,3A,Match,119/267
5393,YORKSHIRE TERRACE DR,3C,Match,0/0
2790,GROSSE POINT,,Match,0/0
5878,YORKLAND CT,UNIT I,Match,0/1
1782,CHANNINGWAY CT W,,Match,0/0
3221,WEBSTER DR,,Match,0/0
3444,REFUGEE RD,,Match,119/267
2586,SUMMERWAY CT,,Match,0/0
6247,MCNAUGHTEN CT,,Tie,0/1
2720,BRANDY DR,102,Match,0/1
2045,LAKE CLUB TER,,Match,0/0
2907,TENNYSON BLVD,A,Match,0/0
264,LITTLE BROOK WAY,,No_Match,30/31
2510,KIMBERLY PKWY E,108,Match,0/0
4671,REFUGEE RD,1C,Match,119/267
3369,BRANFORD,,Match,0/0
3748,SOFT WIND DR,,Match,0/0
2585,KIMBERLY PKWY W,,Match,0/0
5284,REFUGEE RD,,Match,119/267
4617,REFUGEE RD,3B,Match,119/267
686,LITTLE BROOK WAY,,No_Match,30/31
2738,BRANDY DR,203,Match,0/1
164,LITTLE BROOK WAY,,No_Match,30/31
1775,BAIRSFORD CIR W,,Match,0/0
5410,YORKSHIRE TERRACE DR,D,Match,0/0
5009,COVENTRY DR,,Match,0/0
4555,LAKE SIDE N,C,Match,0/0
5434,YORKSHIRE TERRACE DR,,Match,0/0
5840,HALLRIDGE CIR,,Match,0/0
1289,YORKLAND RD,UNIT B,Match,23/34
2613,SILVER OAK DR,,Match,0/1
5552,MILLERSFIELD DR,,Match,0/1
188,LITTLE BROOK WAY,,No_Match,30/31
566,LITTLE BROOK WAY,,No_Match,30/31
4299,KIMBERLY PKWY E,,Match,0/0
208,LITTLE BROOK WAY,,No_Match,30/31
2411,SHORE BLVD E,J,Match,0/0
2573,SILVER OAK DR,,Match,0/1
3759,BIRCHTREE LN,,Match,0/0
5357,YORKSHIRE TERRACE DR,F,Match,0/0
2737,EASTLAND MALL,,Match,0/1
5607,CHATTERTON RD,,Match,0/12
5680,SPRUCE TREE DR,,Match,0/0
3714,CHARBERT CT,,Match,0/0
1809,CHANNINGWAY CT E,,Match,0/0
538,CHANTRY DR,,No_Match,0/16
2460,SHORE BLVD W,C,Match,0/0
4597,REFUGEE RD,1G,Match,119/267
3136,S HAMILTON RD,,Match,242/753
5690,GREENPINE ST,,Match,0/0
590,CHANTRY DR,,No_Match,0/16
2491,SHORE BLVD E,C,Match,0/0
5580,AUTUMN CHASE DR,B,Match,0/1
2894,MERRYMOUNT CT,C,Match,0/0
2207,COURTSIDE DR,D,Match,0/2
4079,ROLLS ROYCE CT,,Match,0/0
2779,BERWICK SQ,,Match,0/1
2740,CITIZENS PL,B,Match,0/1
2078,PINE GROVE LN,,Match,0/1
4593,REFUGEE RD,3G,Match,119/267
3140,S HAMILTON RD,,Match,242/753
5744,GREENPINE ST,,Match,0/0
2207,COURTSIDE DR,F,Match,0/2
402,LITTLE BROOK WAY,,No_Match,30/31
5558,CHANTRY DR,,Match,0/16
5780,HIBERNIA DR,B,Match,0/1
3343,BRANFORD,,Match,0/0
1759,LONSDALE PL E,UNIT C,Match,0/0
5079,CEDAR DR,C,Match,15/24
2143,RIVERDALE SQ W,,Match,0/0
5121,CEDAR DR,K,Match,15/24
4688,FENIMORE CT,D,Match,0/0
2791,CITIZENS PL,E,Match,0/1
5586,AUTUMN CHASE DR,,Match,0/1
4505,LAKE SIDE S,A,Match,0/0
2576,S HAMILTON RD,,Match,242/753
2630,BIRCHTREE WAY,,Match,0/0
5774,SPRUCE TREE DR,,Match,0/0
2409,SHORE BLVD E,,Match,0/0
5526,CANTARA PL,,Match,0/0
4601,REFUGEE RD,2H,Match,119/267
2421,SHORE BLVD E,A,Match,0/0
2195,DURANT AVE,,Match,0/1
5598,BAIRSFORD CIR N,,Match,0/0
4272,EASTLAND SQUARE DR,,Match,0/1
398,LITTLE BROOK WAY,,No_Match,30/31
5742,HIBERNIA DR,B,Match,0/1
3344,TRADAN DR,,Match,0/1
2427,KIMBERLY PKWY N,,Tie,0/0
5681,HIBERNIA DR,C,Match,0/1
5448,LONSDALE PL S,UNIT C,Match,0/0
3334,SUFFIELD,,Match,0/0
2233,COURTSIDE DR,H,Match,0/2
2785,CITIZENS PL,C,Match,0/1
2098,S HAMILTON RD,,Match,242/753
620,CHANTRY DR,,No_Match,0/16
5981,LAKE CLUB SQ,E,Match,0/1
4818,LARAINE CT,102,Match,0/0
5544,MILLERSFIELD DR,,Match,0/1
4630,HILTON CORPORATE DR,205,Match,0/3
2597,SILVER OAK DR,,Match,0/1
5321,YORKSHIRE TERRACE DR,C,Match,0/0
2550,SILVER OAK DR,,Match,0/1
4225,EASTLAND FOOD CT,,No_Match,0/0
2510,KIMBERLY PKWY E,UNIT 305,Match,0/0
3862,BUCKMAN ST,,Match,0/0
2843,CITIZENS PL,H,Match,0/1
2274,SEVILLE AVE,,Match,0/1
5657,HIBERNIA DR,B,Match,0/1
2849,ROCKFORD LN,,Match,0/0
1909,OLDE COVENTRY RD E,,Match,0/0
5591,HIBERNIA DR,,Match,0/1
4582,MANDEVILLE CT,A,Match,0/0
2531,FRANKSWAY ST,,Match,0/1
2759,TENNYSON BLVD,,Match,0/0
2836,WYMAN CT,B,Match,0/0
5624,HIBERNIA DR,,Match,0/1
3754,SOFT WIND DR,,Match,0/0
6297,MCNAUGHTEN CT,,Match,0/1
696,LITTLE BROOK WAY,,No_Match,30/31
5572,MILLERSFIELD DR,,Match,0/1
5439,LONSDALE PL S,UNIT A,Match,0/0
5393,YORKSHIRE TERRACE DR,6B,Match,0/0
4690,FENIMORE CT,D,Match,0/0
220,CHANTRY DR,,No_Match,0/16
3268,WINTER LANE PARK,,Match,0/0
2112,PINE GROVE LN,,Match,0/1
3784,SOFT WIND DR,,Match,0/0
2898,MERRYMOUNT CT,C,Match,0/0
348,CHANTRY DR,,No_Match,0/16
5730,HIBERNIA DR,B,Match,0/1
2293,PETZINGER CT,,Match,0/0
3825,BUCKMAN ST,,Match,0/0
6063,LAKE CLUB PL,,Match,0/0
4522,LAKE SIDE N,,Match,0/0
3539,ARIEL DR,,Match,0/0
3721,CHARBERT CT,,Match,0/0
2775,BERWICK SQ,,Match,0/1
412,CHANTRY DR,,No_Match,0/16
3984,KIMBERLY PKWY N,,Match,0/0
3645,FARTHING LN,,Match,0/2
518,CHANTRY DR,,No_Match,0/16
4630,HILTON CORPORATE DR,214,Match,0/3
2583,S HAMILTON RD,,Match,242/753
5393,YORKSHIRE TERRACE DR,6A,Match,0/0
2225,COURTSIDE DR,C,Match,0/2
3310,WINTER LANE PARK,,Match,0/0
4669,REFUGEE RD,3F,Match,119/267
5202,CEDAR DR,L,Match,15/24
5772,HALLRIDGE CIR,,Match,0/0
3409,SUFFIELD,,Match,0/0
2335,HAMILTON RD,,Match,242/753
2262,SUNSHINE PL,,Match,0/1
5982,LAKE CLUB SQ,C,Match,0/1
5330,YORKSHIRE TERRACE DR,A6,Match,0/0
2419,SHORE BLVD E,,Match,0/0
3233,ELIM MANOR CT,,Match,0/1
2300,SEVILLE AVE,,Match,0/1
2381,SHORE BLVD E,C,Match,0/0
2748,CITIZENS PL,G,Match,0/1
2881,TENNYSON BLVD,102,Match,0/0
3844,BUCKMAN ST,,Match,0/0
3348,TRADAN DR,,Match,0/1
4262,S HAMILTON RD,,No_Match,242/753
3298,WINTER LANE PARK,,Match,0/0
5489,E LIVINGSTON AVE,,Match,406/920
3861,BUCKMAN ST,,Match,0/0
2311,RANDY CT,,Match,0/0
6003,LAKE CLUB CT,C,Match,0/1
6165,MCNAUGHTEN CT,,Match,0/1
2361,SHORE BLVD E,E,Match,0/0
4650,HILTON CORPORATE DR,112,Match,0/3
1944,OLDE COVENTRY RD E,,Match,0/0
5845,REDAPPLE RIDGE,,Match,0/0
2401,SHORE BLVD E,B,Match,0/0
5123,CEDAR DR,J,Match,15/24
5757,KARENWAY DR,,No_Match,0/14
3010,ROTUNDA CT S,,Match,0/0
3721,FRANCINE CT,,Match,0/0
1847,COVENTRY LN,,Match,0/0
4616,HEBRIDES DR,A,Match,0/0
3662,RIVERDALE SQ,,Match,0/0
2748,CITIZENS PL,F,Match,0/1
5368,YORKSHIRE VILLAGE LN,,Match,0/0
660,CHANTRY DR,,No_Match,0/16
5415,YORKSHIRE TERRACE DR,5A,Match,0/0
4628,CHANNING TER,B,Match,0/0
5502,DUNFIELD LN,4,Match,0/1
5712,GREENPINE ST,,Match,0/0
5985,LAKE CLUB SQ,,Match,0/1
5004,MYERS RD,,Match,0/8
3306,SUFFIELD,,Match,0/0
3992,RIVERCREEK BAY WAY,,Match,0/0
5990,RADEKIN RD,,Match,21/44
4663,REFUGEE RD,2D,Match,119/267
2218,SUNSHINE PL,,Match,0/1
4633,COLERIDGE CT,C,Match,0/0
4204,EASTLAND SQUARE DR,,Match,0/1
6445,MCNAUGHTEN CT,,No_Match,0/1
5427,YORKSHIRE TERRACE DR,4B,Match,0/0
4281,DONLYN CT,,Match,0/0
2541,FRANKSWAY ST,,Match,0/1
2716,EASTLAND MALL,,Match,0/1
6001,LAKE CLUB CT,A,Match,0/1
234,CHANTRY DR,,No_Match,0/16
2457,KIMBERLY PKWY N,,Tie,0/0
2545,SILVER OAK DR,,Match,0/1
2464,SHORE BLVD W,,Match,0/0
5878,YORKLAND CT,UNIT A,Match,0/1
5659,MAPLE TREE LN,,Match,0/0
2510,KIMBERLY PKWY E,UNIT 306,Match,0/0
4268,EASTLAND SQUARE DR,,Match,0/1
3727,BIRCHTREE LN,,Match,0/0
2802,MARWOOD CT,A,Match,0/1
6001,LAKE CLUB CT,E,Match,0/1
488,CHANTRY DR,,No_Match,0/16
3844,MAUMEE BAY WAY,,Match,0/0
484,LITTLE BROOK WAY,,No_Match,30/31
2804,S HAMILTON RD,,Match,242/753
2255,PETZINGER CT,,Match,0/0
1281,MCNAUGHTEN RD,UNIT B,Match,80/137
2091,LAKE CLUB TER,D,Match,0/0
2717,EASTLAND MALL,,Match,0/1
4590,LAKE SIDE N,J,Match,0/0
3726,KIMBERLY WEST DR,,Tie,0/0
2199,ROTUNDA DR,,Match,6/10
2806,GROSSE POINT,,Match,0/0
1936,OLDE COVENTRY RD E,,Match,0/0
1777,CHANNINGWAY CT W,,Match,0/0
3736,EMRICK CT,,Match,0/0
2726,TENNYSON BLVD,C,Match,0/0
4611,REFUGEE RD,1C,Match,119/267
1907,OLDE COVENTRY RD E,,Match,0/0
5795,MAPLE TREE LN,,Match,0/0
2821,WYMAN CT,,Match,0/0
4607,REFUGEE RD,2B,Match,119/267
3868,BUCKMAN ST,,Match,0/0
2091,LAKE CLUB TER,G,Match,0/0
4652,CHANNING TER,A,Match,0/0
5420,LONSDALE PL N,UNIT D,Match,0/0
296,CHANTRY DR,,No_Match,0/16
1793,CHANNINGWAY CT E,,Match,0/0
4000,KIMBERLY PKWY N,,Match,0/0
2772,BERWICK SQ,,Match,0/1
2852,CITIZENS PL,E,Match,0/1
3663,RIVERDALE SQ,,Match,0/0
2451,SHORE BLVD E,C,Match,0/0
4586,ISINGTON CT,203,Match,0/0
2706,EASTLAND MALL,,Match,0/1
4243,EASTLAND FOOD CT,,No_Match,0/0
1767,CHANNINGWAY CT W,,Match,0/0
3856,RIVERCREEK BAY WAY,,Match,0/0
5501,E LIVINGSTON AVE,,Match,406/920
3179,WEBSTER DR,,Match,0/0
2740,CITIZENS PL,F,Match,0/1
4273,DONLYN CT,,Match,0/0
2464,HUDSON BAY WAY,,Match,0/0
6309,MCNAUGHTEN CT,,No_Match,0/1
6485,MCNAUGHTEN CT,,No_Match,0/1
4221,DONLYN CT,,Match,0/0
3988,KIMBERLY PKWY N,,Match,0/0
6003,LAKE CLUB CT,E,Match,0/1
5501,E LIVINGSTON AVE,UNIT B,Match,406/920
3735,KIMBERLY PKWY N,,Match,0/0
4774,LARAINE CT,101,Match,0/0
1904,OLDE COVENTRY RD E,,Match,0/0
4667,REFUGEE RD,2D,Match,119/267
2617,SILVER OAK DR,,Match,0/1
3752,NOAM CT,,Match,0/0
5533,CANTARA PL,6,Match,0/0
4656,HEBRIDES DR,A,Match,0/0
6597,MCNAUGHTEN CT,,No_Match,0/1
5410,YORKSHIRE TERRACE DR,A,Match,0/0
5489,E LIVINGSTON AVE,UNIT A,Match,406/920
3665,MENDON PL,,Match,0/0
292,LITTLE BROOK WAY,,No_Match,30/31
2730,EASTLAND MALL,,Match,0/1
1311,YORKLAND RD,UNIT,Match,23/34
4289,EASTLAND SQUARE DR,,Match,0/1
1810,CHANNINGWAY CT W,,Match,0/0
3269,WINTER LANE PARK,,Match,0/0
4794,REFUGEE RD,C,Match,119/267
3316,SUFFIELD,,Match,0/0
2191,FOXCROFT GREEN,,Match,0/0
2635,SILVER OAK DR,,Match,0/1
2891,MERRYMOUNT CT,B,Match,0/0
4789,ROLLINGBROOK LN,B,Tie,0/0
2366,MALKA CT,,Match,0/0
4224,EASTLAND SQUARE DR,,Match,0/1
2418,HUDSON BAY WAY,,Match,0/0
4093,JENERA PL,,Match,0/0
5878,YORKLAND CT,UNIT H,Match,0/1
3289,WINTER LANE PARK,,Match,0/0
2780,CITIZENS PL,D,Match,0/1
2788,MARWOOD CT,,Match,0/1
2766,BERWICK SQ,,Match,0/1
4605,REFUGEE RD,3B,Match,119/267
4826,LARAINE CT,201,Match,0/0
3319,BRANFORD,,Match,0/0
4566,LAKE SIDE N,,Match,0/0
4299,DONLYN CT,,Match,0/0
2140,SUNSHINE PL,,Match,0/1
3776,RIVERCREEK BAY WAY,,Match,0/0
2246,S HAMILTON RD,105,Match,242/753
106,LITTLE BROOK WAY,,No_Match,30/31
1910,OLDE COVENTRY RD E,,Match,0/0
4525,LAKE SIDE N,H,Match,0/0
4630,HILTON CORPORATE DR,112,Match,0/3
4536,LAKE SIDE S,B,Match,0/0
3406,REFUGEE RD,,Match,119/267
6289,MCNAUGHTEN CT,,Match,0/1
2195,SUNSHINE PL,,Match,0/1
5772,SPRUCE TREE DR,,Match,0/0
5079,CEDAR DR,D,Match,15/24
5030,COVENTRY DR,C,Match,0/0
5665,HIBERNIA DR,A,Match,0/1
4630,HILTON CORPORATE DR,203,Match,0/3
5580,SARANAC DR,,No_Match,23/31
5742,HALLRIDGE CIR,,Match,0/0
6145,MCNAUGHTEN CT,,Match,0/1
688,LITTLE BROOK WAY,,No_Match,30/31
6002,LAKE CLUB CT,D,Match,0/1
154,LITTLE BROOK WAY,,No_Match,30/31
4253,KIMBERLY PKWY,,Match,0/1
4601,REFUGEE RD,2I,Match,119/267
5165,CEDAR DR,A,Match,15/24
5656,HIBERNIA DR,C,Match,0/1
5095,CEDAR DR,L,Match,15/24
5125,CEDAR DR,,Match,15/24
3223,WEBSTER DR,,Match,0/0
5998,LAKE CLUB SQ,,Match,0/1
5095,CEDAR DR,B,Match,15/24
4617,REFUGEE RD,1B,Match,119/267
2847,ROCKFORD LN,,Match,0/0
4609,HILTON CORPORATE DR,,Match,0/3
5079,CEDAR DR,J,Match,15/24
2052,PINE NEEDLE CT,,Match,0/0
4599,WORDSWORTH CT,,Match,0/0
4651,COLERIDGE CT,D,Match,0/0
6455,MCNAUGHTEN CT,,No_Match,0/1
1961,BRICE RD,,Match,177/386
4111,ALVADA ST,,Match,0/0
1640,COPPERTREE RD,,Match,2/2
5597,CHATTERTON RD,,Match,0/12
4644,HEBRIDES DR,B,Match,0/0
2581,SILVER OAK DR,,Match,0/1
4527,LAKE SIDE S,,Match,0/0
6589,MCNAUGHTEN CT,,No_Match,0/1
3200,WINTER LANE PARK,,Match,0/0
5095,CEDAR DR,H,Match,15/24
3186,EASTHAVEN DR S,,Match,0/0
2549,SILVER OAK DR,,Match,0/1
4592,MONMOUTH CT,,Match,0/0
6799,MCNAUGHTEN CT,,No_Match,0/1
5490,CHATFORD SQ,,Match,0/1
568,LITTLE BROOK WAY,,No_Match,30/31
4650,HILTON CORPORATE DR,213,Match,0/3
4630,HILTON CORPORATE DR,212,Match,0/3
2825,CITIZENS PL,C,Match,0/1
2851,CITIZENS PL,E,Match,0/1
508,LITTLE BROOK WAY,,No_Match,30/31
4110,JENERA PL,,Match,0/0
5964,SCARBOROUGH BLVD,,Match,0/1
5616,HIBERNIA DR,A,Match,0/1
4678,FENIMORE CT,B,Match,0/0
4980,OLDE COVENTRY RD W,,Match,0/0
3238,WINTER LANE PARK,,Match,0/0
2801,GROSSE POINT,,Match,0/0
2779,CITIZENS PL,F,Match,0/1
2731,TENNYSON BLVD,D,Match,0/0
4525,LAKE SIDE S,A,Match,0/0
6795,MCNAUGHTEN CT,,No_Match,0/1
3153,WEBSTER DR,,Match,0/0
1785,BAIRSFORD CIR W,,Match,0/0
2505,EASTERN PINE RD,,Match,0/0
5754,HALLRIDGE CIR,,Match,0/0
3174,EASTHAVEN DR S,,Match,0/0
2601,KIMBERLY PKWY W,,Match,0/0
2954,NATHANIEL BLVD,,Match,0/0
6275,MCNAUGHTEN CT,,Match,0/1
1781,CHANNINGWAY CT E,,Match,0/0
4665,REFUGEE RD,1F,Match,119/267
2817,CITIZENS PL,G,Match,0/1
3191,WEBSTER DR,,Match,0/0
5765,SPRUCE TREE DR,,Match,0/0
3233,WEBSTER DR,,Match,0/0
5699,MAPLE TREE LN,,Match,0/0
5842,HALLRIDGE CIR,A,Match,0/0
4642,HEBRIDES DR,B,Match,0/0
2528,BENIE CT,,Match,0/0
6323,MCNAUGHTEN CT,,No_Match,0/1
3860,RIVERCREEK BAY WAY,,Match,0/0
5737,SPRUCE TREE DR,,Match,0/0
2190,MUIRWOOD DR,,Match,0/1
4585,ISINGTON CT,C,Match,0/0
2510,KIMBERLY PKWY E,UNIT 105,Match,0/0
5435,LONSDALE PL N,,Match,0/0
3313,BRANFORD,,Match,0/0
2329,HAMILTON RD,,Match,242/753
454,CHANTRY DR,,No_Match,0/16
4560,LAKE SIDE N,A,Match,0/0
1803,CHANNINGWAY CT E,,Match,0/0
5539,CANTARA PL,1,Match,0/0
2824,BANWICK RD,,Match,0/9
238,LITTLE BROOK WAY,,No_Match,30/31
2240,SEVILLE AVE,,Match,0/1
3931,MAUMEE BAY WAY,,Match,0/0
4826,LARAINE CT,102,Match,0/0
3797,REFUGEE RD,,Match,119/267
4501,LAKE SIDE S,C,Match,0/0
1565,ALLENFORD CT,,Match,0/0
660,LITTLE BROOK WAY,,No_Match,30/31
628,CHANTRY DR,,No_Match,0/16
2049,PINE NEEDLE CT,,Match,0/0
3211,WEBSTER DR,,Match,0/0
5401,LONSDALE PL S,UNIT A,Match,0/0
4615,WORDSWORTH CT,A,Match,0/0
3739,KIMBERLY WEST DR,UNIT 4,Tie,0/0
4690,FENIMORE CT,A,Match,0/0
4655,REFUGEE RD,3D,Match,119/267
2646,SILVER OAK DR,,Match,0/1
5707,HIBERNIA DR,B,Match,0/1
5079,CEDAR DR,E,Match,15/24
2078,SUNSHINE PL,,Match,0/1
2392,HUDSON BAY WAY,,Match,0/0
4651,COLERIDGE CT,B,Match,0/0
2522,BENIE CT,,Match,0/0
3554,ARIEL DR,,Match,0/0
3333,BRANFORD,,Match,0/0
5413,LONSDALE PL S,UNIT D,Match,0/0
3165,ST BERNARD CIR,,Match,0/0
496,CHANTRY DR,,No_Match,0/16
2178,SUNSHINE PL,,Match,0/1
3732,SOFT WIND DR,,Match,0/0
3935,MAUMEE BAY WAY,,Match,0/0
6143,MCNAUGHTEN CT,,Match,0/1
2132,SUNSHINE PL,,Match,0/1
1308 1/2,YORKLAND RD,CATV,Match,23/34
3328,TRADAN DR,,Match,0/1
5644,HIBERNIA DR,A,Match,0/1
6043,LAKE CLUB PL,,Match,0/0
2826,CITIZENS PL,C,Match,0/1
1289,YORKLAND RD,UNIT D,Match,23/34
2264,MUIRWOOD DR,,Match,0/1
4505,LAKE SIDE N,G,Match,0/0
5763,SPRUCE TREE DR,,Match,0/0
1851,COVENTRY LN,,Match,0/0
5536,DUNFIELD LN,,Match,0/1
5620,HIBERNIA DR,C,Match,0/1
2720,BRANDY DR,101,Match,0/1
2568,SILVER OAK DR,,Match,0/1
1566,ALLENFORD CT,,Match,0/0
5726,HIBERNIA DR,A,Match,0/1
4237,EASTLAND SQUARE DR,,Match,0/1
2277,SEVILLE AVE,,Match,0/1
2881,TENNYSON BLVD,212,Match,0/0
5615,E MAIN ST,,No_Match,538/1851
4561,MANDEVILLE CT,A,Match,0/0
5330,YORKSHIRE TERRACE DR,B8,Match,0/0
1862,COVENTRY LN,,Match,0/0
4593,MONMOUTH CT,,Match,0/0
5462,LONSDALE PL N,UNIT A,Match,0/0
5508,CHATFORD SQ,,Match,0/1
6489,MCNAUGHTEN CT,,No_Match,0/1
4558,ISINGTON CT,,Match,0/0
2309,RANDY CT,,Match,0/0
2152,MUIRWOOD DR,,Match,0/1
2565,SILVER OAK DR,,Match,0/1
4619,REFUGEE RD,3A,Match,119/267
3228,ELIM MANOR CT,,Match,0/1
6581,MCNAUGHTEN CT,,No_Match,0/1
6481,MCNAUGHTEN CT,,No_Match,0/1
3013,ROTUNDA CT S,,Match,0/0
2425,KIMBERLY PKWY E,2,Match,0/0
2510,KIMBERLY PKWY E,,Match,0/0
3769,KIMBERLY WEST DR,,Tie,0/0
5484,DUNFIELD LN,2,Match,0/1
2627,BIRCHTREE CT,,Match,0/0
5844,HALLRIDGE CIR,B,Match,0/0
5766,HIBERNIA DR,B,Match,0/1
6139,MCNAUGHTEN CT,,Match,0/1
2225,COURTSIDE DR,B,Match,0/2
2866,MERRYMOUNT CT,D,Match,0/0
5781,HALLRIDGE CIR,,Match,0/0
4617,REFUGEE RD,3D,Match,119/267
4232,EASTLAND SQUARE DR,,Match,0/1
2431,CHELSEA CT,,Match,0/0
3294,WINTER LANE PARK,,Match,0/0
2590,CHAPPEL CHASE,,Match,0/0
5611,HIBERNIA DR,B,Match,0/1
2232,MUIRWOOD DR,,Match,0/1
1533,CABORA LN,,Match,0/0
278,CHANTRY DR,,No_Match,0/16
3242,ELIM MANOR CT,,Match,0/1
4620,CHANNING TER,D,Match,0/0
2207,COURTSIDE DR,G,Match,0/2
3896,RIVERCREEK BAY WAY,,Match,0/0
2790,NEWCASTLE CT,,Match,0/0
4953,MYERS RD,,Match,0/8
2055,LAKE CLUB TER,,Match,0/0
2437,SHORE BLVD E,,Match,0/0
4596,MONMOUTH CT,,Match,0/0
2459,KIMBERLY PKWY N,,Tie,0/0
2090,SUNSHINE PL,,Match,0/1
2744,BRANDY DR,101,Match,0/1
1550,APPLETON CT,,Match,0/0
5410,YORKSHIRE TERRACE DR,,Match,0/0
4667,REFUGEE RD,1A,Match,119/267
5592,AUTUMN CHASE DR,B,Match,0/1
290,CHANTRY DR,,No_Match,0/16
1574,ALLENFORD CT,,Match,0/0
3835,RIVERCREEK BAY WAY,,Match,0/0
5938,SHANA DR,,Match,0/1
2786,CITIZENS PL,A,Match,0/1
258,LITTLE BROOK WAY,,No_Match,30/31
664,CHANTRY DR,,No_Match,0/16
3730,BONNETT CT,,Match,0/0
4661,REFUGEE RD,1C,Match,119/267
632,CHANTRY DR,,No_Match,0/16
5481,E LIVINGSTON AVE,UNIT D,Match,406/920
3197,ST BERNARD CIR,,Match,0/0
5984,LAKE CLUB SQ,,Match,0/1
5852,HALLRIDGE CIR,,Match,0/0
5807,HALLRIDGE CIR,,Match,0/0
6599,MCNAUGHTEN CT,,No_Match,0/1
2184,ROTUNDA DR,,Match,6/10
4669,REFUGEE RD,3H,Match,119/267
6591,MCNAUGHTEN CT,,No_Match,0/1
3293,WINTER LANE PARK,,Match,0/0
2086,S HAMILTON RD,,Match,242/753
2896,NATHANIEL BLVD,,Match,0/0
2188,SUNSHINE PL,,Match,0/1
2607,SILVER OAK DR,,Match,0/1
2136,CLOVERLEAF ST E,CATV,Match,0/0
2139,RIVERDALE SQ W,,Match,0/0
4586,LAKE SIDE N,,Match,0/0
2168,RIVERDALE SQ E,,Match,0/0
676,LITTLE BROOK WAY,,No_Match,30/31
5752,GREENPINE ST,,Match,0/0
2803,TENNYSON BLVD,,Match,0/0
2748,EASTLAND MALL,,Match,0/1
2881,TENNYSON BLVD,208,Match,0/0
2207,MUIRWOOD DR,,Match,0/1
4603,REFUGEE RD,1B,Match,119/267
3887,MAUMEE BAY WAY,,Match,0/0
5030,COVENTRY DR,A,Match,0/0
2434,CHELSEA CT,,Match,0/0
6793,MCNAUGHTEN CT,,No_Match,0/1
2501,SHORE BLVD E,K,Match,0/0
2184,MUIRWOOD DR,,Match,0/1
5167,CEDAR DR,L,Match,15/24
3912,MAUMEE BAY WAY,,Match,0/0
3900,REFUGEE RD,,Match,119/267
5633,HIBERNIA DR,,Match,0/1
4665,REFUGEE RD,1J,Match,119/267
160,CHANTRY DR,,No_Match,0/16
2041,LAKE CLUB TER,,Match,0/0
5123,CEDAR DR,G,Match,15/24
4555,LAKE SIDE N,B,Match,0/0
2714,BRANDY DR,102,Match,0/1
3763,KIMBERLY WEST DR,,Tie,0/0
694,LITTLE BROOK WAY,,No_Match,30/31
3267,CALVEYLEE LN,,Match,0/0
2285,MUIRWOOD DR,,Match,0/1
4590,MONMOUTH CT,,Match,0/0
240,CHANTRY DR,,No_Match,0/16
514,LITTLE BROOK WAY,,No_Match,30/31
5462,LONSDALE PL N,UNIT B,Match,0/0
4612,CHANNING TER,A,Match,0/0
4561,MANDEVILLE CT,B,Match,0/0
5097,CEDAR DR,D,Match,15/24
4650,HILTON CORPORATE DR,210,Match,0/3
58,CHANTRY DR,,No_Match,0/16
3917,KIMBERLY PKWY N,,Match,0/0
4603,REFUGEE RD,2A,Match,119/267
1762,LONSDALE PL E,UNIT C,Match,0/0
2141,RIVERDALE SQ E,,Match,0/0
2252,SUNSHINE PL,,Match,0/1
5758,HIBERNIA DR,,Match,0/1
5099,CEDAR DR,B,Match,15/24
2851,CITIZENS PL,A,Match,0/1
2606,BIRCHTREE WAY,,Match,0/0
2736,EASTLAND MALL,,Match,0/1
1795,CHANNINGWAY CT E,,Match,0/0
2218,SEVILLE AVE,,Match,0/1
1858,COVENTRY LN,C,Match,0/0
5685,BAIRSFORD CIR N,13,Match,0/0
6379,MCNAUGHTEN CT,,No_Match,0/1
316,CHANTRY DR,,No_Match,0/16
2357,RANDY CT,,No_Match,0/0
3679,MENDON PL,,Match,0/0
2510,KIMBERLY PKWY E,306,Match,0/0
4530,LAKE SIDE N,I,Match,0/0
5757,SPRUCE TREE DR,,Match,0/0
4655,REFUGEE RD,1C,Match,119/267
5769,KARENWAY DR,,No_Match,0/14
3664,RIVERDALE SQ,,Match,0/0
3267,WINTER LANE PARK,,Tie,0/0
2870,WOOLWICH CT,211,Match,0/0
5560,HIBERNIA DR,B,Match,0/1
3262,CALVEYLEE LN,,Match,0/0
5095,CEDAR DR,J,Match,15/24
3927,MAUMEE BAY WAY,,Match,0/0
2894,MERRYMOUNT CT,A,Match,0/0
2527,FRANKSWAY ST,,Match,0/1
2810,NEWCASTLE CT,203,Match,0/0
4659,REFUGEE RD,2B,Match,119/267
5440,LONSDALE PL S,,Match,0/0
2744,BRANDY DR,103,Match,0/1
3141,ST BERNARD CIR,,Match,0/0
5786,HALLRIDGE CIR,,Match,0/0
5452,CHATFORD SQ,,Match,0/1
5652,HIBERNIA DR,B,Match,0/1
492,CHANTRY DR,,No_Match,0/16
3211,ELIM MANOR CT,,Match,0/1
5013,COVENTRY DR,,Match,0/0
4525,LAKE SIDE N,A,Match,0/0
5742,HIBERNIA DR,,Match,0/1
5460,LONSDALE PL S,UNIT B,Match,0/0
5444,CHATFORD SQ,,Match,0/1
5715,SPRUCE TREE DR,,Match,0/0
5167,CEDAR DR,,Match,15/24
5840,HALLRIDGE CIR,B,Match,0/0
1854,COVENTRY LN,,Match,0/0
6065,LAKE CLUB PL,,Match,0/0
2177,SOFT WIND CT,,Match,0/0
5577,AUTUMN CHASE DR,A,Match,0/1
10,LITTLE BROOK WAY,,No_Match,30/31
2579,SILVER OAK DR,,Match,0/1
5701,SPRUCE TREE DR,,Match,0/0
4091,JENERA PL,,Match,0/0
2103,PINE GROVE LN,,Match,0/1
5521,HUTCHINSTONE RD,,Match,0/0
5731,CHANTRY DR,,Match,0/16
2822,BANWICK RD,,Match,0/9
3850,BUCKMAN ST,,Match,0/0
5083,CEDAR DR,E,Match,15/24
2514,EASTERN PINE RD,,Match,0/0
3687,KIDRON CT,,Match,0/0
2450,SHORE BLVD W,L,Match,0/0
2280,SEVILLE AVE,,Match,0/1
2824,CITIZENS PL,G,Match,0/1
5575,AUTUMN CHASE DR,,Match,0/1
2382,CANAL BAY WAY,,Match,0/1
3718,NOAM CT,,Match,0/0
516,CHANTRY DR,,No_Match,0/16
2729,EASTLAND MALL,,Match,0/1
3272,TRADAN DR,,Match,0/1
2217,SEVILLE AVE,,Match,0/1
4545,LAKE SIDE N,A,Match,0/0
2849,CITIZENS PL,F,Match,0/1
50,CHANTRY DR,,No_Match,0/16
4557,LAKE SIDE S,D,Match,0/0
1490,ABRAHAM WOODS,,Match,0/0
4650,HILTON CORPORATE DR,207,Match,0/3
2724,TENNYSON BLVD,A,Match,0/0
232,LITTLE BROOK WAY,,No_Match,30/31
3960,SOLDIER ST,,Match,12/82
4603,REFUGEE RD,2B,Match,119/267
3871,MAUMEE BAY WAY,,Match,0/0
5811,HALLRIDGE CIR,,Match,0/0
5083,CEDAR DR,K,Match,15/24
48,LITTLE BROOK WAY,,No_Match,30/31
2805,BERWICK SQ,,Match,0/1
1550,IDLEWOOD DR,,No_Match,0/0
2813,TENNYSON BLVD,206,Match,0/0
2822,WYMAN CT,,Match,0/0
2160,MUIRWOOD DR,,Match,0/1
3205,WEBSTER DR,,Match,0/0
2743,TENNYSON BLVD,C,Match,0/0
2604,BIRCHTREE WAY,,Match,0/0
4585,ISINGTON CT,D,Match,0/0
4582,HEMINGWAY CT,C,Match,0/1
5460,LONSDALE PL S,,Match,0/0
374,CHANTRY DR,,No_Match,0/16
2603,KIMBERLY PKWY W,,Match,0/0
3270,ST BERNARD CIR,,Match,0/0
3762,SOFT WIND DR,,Match,0/0
2582,S HAMILTON RD,,Match,242/753
2788,CITIZENS PL,H,Match,0/1
2122,MUIRWOOD DR,,Match,0/1
6313,MCNAUGHTEN CT,,No_Match,0/1
2316,SUNSHINE PL,,Match,0/1
3387,SUFFIELD,,Match,0/0
5653,HIBERNIA DR,,Match,0/1
4650,HILTON CORPORATE DR,206,Match,0/3
6553,MCNAUGHTEN CT,,No_Match,0/1
2870,WOOLWICH CT,111,Match,0/0
4665,REFUGEE RD,2E,Match,119/267
5700,HIBERNIA DR,A,Match,0/1
6167,MCNAUGHTEN CT,,Match,0/1
2191,ROTUNDA DR,,Match,6/10
5496,DUNFIELD LN,4,Match,0/1
3747,EMRICK CT,,Match,0/0
5878,YORKLAND CT,UNIT J,Match,0/1
2193,SUNSHINE PL,,Match,0/1
5700,HIBERNIA DR,B,Match,0/1
3371,BRANFORD,,Match,0/0
2946,NATHANIEL BLVD,,Match,0/0
6335,MCNAUGHTEN CT,,No_Match,0/1
6028,LAKE CLUB CT,,Match,0/1
3180,ELIM MANOR CT,108,Match,0/1
4250,S HAMILTON RD,,No_Match,242/753
524,CHANTRY DR,,No_Match,0/16
2056,PINE NEEDLE CT,,Match,0/0
5547,HIBERNIA DR,,Match,0/1
1539,CABORA LN,,Match,0/0
5789,HALLRIDGE CIR,,Match,0/0
4576,MANDEVILLE CT,A,Match,0/0
1285,YORKLAND RD,UNIT J,Match,23/34
2470,SHORE BLVD W,I,Match,0/0
6715,MCNAUGHTEN CT,,No_Match,0/1
4575,MANDEVILLE CT,B,Match,0/0
5982,LAKE CLUB SQ,A,Match,0/1
5996,LAKE CLUB SQ,,Match,0/1
3535,ARIEL DR,,Match,0/0
5702,GREENPINE ST,,Match,0/0
4990,COVENTRY CT S,,Match,0/0
3996,KIMBERLY PKWY N,,Match,0/0
2537,FRANKSWAY ST,,Match,0/1
5141,CEDAR DR,M,Match,15/24
2791,NEWCASTLE CT,A,Match,0/0
5595,HIBERNIA DR,B,Match,0/1
2250,SEVILLE AVE,,Match,0/1
2853,CITIZENS PL,G,Match,0/1
3235,WEBSTER DR,,Match,0/0
524,LITTLE BROOK WAY,,No_Match,30/31
4597,REFUGEE RD,2G,Match,119/267
3280,CALVEYLEE LN,,Match,0/0
5692,SPRUCE TREE DR,,Match,0/0
2227,MUIRWOOD DR,,Match,0/1
3323,WINTER LANE PARK,,Match,0/0
1765,CHANNINGWAY CT W,,Match,0/0
5393,YORKSHIRE TERRACE DR,4B,Match,0/0
5746,HIBERNIA DR,A,Match,0/1
4667,REFUGEE RD,1D,Match,119/267
4650,HILTON CORPORATE DR,308,Match,0/3
4234,EASTLAND FOOD CT,,No_Match,0/0
3315,BRANFORD,,Match,0/0
2507,SHORE BLVD E,,Match,0/0
5454,LONSDALE PL N,UNIT D,Match,0/0
3763,KIMBERLY WEST DR,UNIT 4,Tie,0/0
6000,LAKE CLUB CT,E,Match,0/1
5869,CHANTRY DR,,Match,0/16
4505,LAKE SIDE S,C,Match,0/0
6000,LAKE CLUB SQ,,Match,0/1
2740,BRANDY DR,203,Match,0/1
290,LITTLE BROOK WAY,,No_Match,30/31
2903,TUPPENCE DR,,Match,0/0
3386,WINTER LANE PARK,,Match,0/0
2750,TENNYSON BLVD,C,Match,0/0
6105,MCNAUGHTEN CENTER,,Match,0/0
236,LITTLE BROOK WAY,,No_Match,30/31
4615,REFUGEE RD,1D,Match,119/267
4619,REFUGEE RD,1E,Match,119/267
4525,LAKE SIDE N,F,Match,0/0
3257,WINTER LANE PARK,,Match,0/0
5099,CEDAR DR,J,Match,15/24
1571,CABORA LN,,Match,0/0
3231,WEBSTER DR,,Match,0/0
3755,KIMBERLY WEST DR,UNIT 4,Tie,0/0
6028,BATHEREST CIR,,No_Match,0/0
4650,HILTON CORPORATE DR,218,Match,0/3
3929,KIMBERLY PKWY N,,Match,0/0
2233,COURTSIDE DR,B,Match,0/2
2740,BRANDY DR,104,Match,0/1
2051,PINE NEEDLE CT,,Match,0/0
3812,SOFT WIND DR,,Match,0/0
5755,HALLRIDGE CIR,,Match,0/0
3939,RIVERCREEK BAY WAY,,Match,0/0
5506,CHATFORD SQ,,Match,0/1
2501,SHORE BLVD E,L,Match,0/0
5543,HIBERNIA DR,B,Match,0/1
4212,EASTLAND SQUARE DR,,Match,0/1
5587,AUTUMN CHASE DR,,Match,0/1
3021,ROTUNDA CT S,,Match,0/0
4973,COVENTRY CT S,,Match,0/0
4690,FENIMORE CT,B,Match,0/0
2778,TENNYSON BLVD,C,Match,0/0
6483,MCNAUGHTEN CT,,No_Match,0/1
5121,CEDAR DR,M,Match,15/24
3247,WEBSTER DR,,Match,0/0
3236,ELIM MANOR CT,,Match,0/1
4585,MONMOUTH CT,B,Match,0/0
3792,RIVERCREEK BAY WAY,,Match,0/0
4624,CHANNING TER,C,Match,0/0
2310,RANDY CT,,Match,0/0
434,LITTLE BROOK WAY,,No_Match,30/31
650,CHANTRY DR,,No_Match,0/16
5081,CEDAR DR,M,Match,15/24
5490,DUNFIELD LN,5,Match,0/1
4663,REFUGEE RD,1C,Match,119/267
5670,MAPLE TREE LN,,No_Match,0/0
3813,KIMBERLY PKWY N,,Match,0/0
5781,SPRUCE TREE DR,,Match,0/0
4613,REFUGEE RD,3D,Match,119/267
4546,LAKE SIDE N,,Match,0/0
4524,LAKE SIDE S,B,Match,0/0
3924,LAUREL LN,,Match,2/2
4561,MANDEVILLE CT,C,Match,0/0
3156,ROTUNDA CT N,,Match,0/0
3799,RIVERCREEK BAY WAY,,Match,0/0
3758,KIMBERLY WEST DR,,Tie,0/0
2515,EASTERN PINE RD,,Match,0/0
3941,KIMBERLY PKWY N,,Match,0/0
4650,HILTON CORPORATE DR,103,Match,0/3
3728,BONNETT CT,,Match,0/0
3966,SOLDIER ST,,Match,12/82
6067,LAKE CLUB PL,,Match,0/0
3071,ROTUNDA CT S,,Match,0/0
1289,YORKLAND RD,,Match,23/34
1317,YORKLAND RD,UNIT,Match,23/34
4565,MONMOUTH CT,,Match,0/0
3750,SOFT WIND DR,,Match,0/0
5616,HIBERNIA DR,C,Match,0/1
2794,TENNYSON BLVD,B,Match,0/0
4108,ALVADA ST,,Match,0/0
2828,TENNYSON BLVD,B,Match,0/0
3180,ELIM MANOR CT,110,Match,0/1
4650,HILTON CORPORATE DR,314,Match,0/3
2774,CITIZENS PL,C,Match,0/1
2217,SUNSHINE PL,,Match,0/1
2898,MERRYMOUNT CT,D,Match,0/0
4401,CROSSROADS CENTER,,Match,0/0
5568,HIBERNIA DR,,Match,0/1
6577,MCNAUGHTEN CT,,No_Match,0/1
3173,WABASH CT S,,Match,0/0
5614,AUTUMN CHASE DR,,Match,0/1
4659,REFUGEE RD,3B,Match,119/267
2430,KIMBERLY WOODS DR,,Tie,0/1
5370,YORKSHIRE TERRACE DR,B,Match,0/0
5629,HIBERNIA DR,C,Match,0/1
6207,MCNAUGHTEN CT,,Match,0/1
24,CHANTRY DR,,No_Match,0/16
4609,REFUGEE RD,3K,Match,119/267
2793,BERWICK SQ,,Match,0/1
5567,HIBERNIA DR,A,Match,0/1
2371,SHORE BLVD E,C,Match,0/0
5613,E MAIN ST,,No_Match,538/1851
4557,LAKE SIDE S,C,Match,0/0
4491,LAKE SIDE S,G,Match,0/0
5715,HIBERNIA DR,A,Match,0/1
2779,CITIZENS PL,H,Match,0/1
5769,SPRUCE TREE DR,,Match,0/0
5370,YORKSHIRE TERRACE DR,D,Match,0/0
6361,MCNAUGHTEN CT,,No_Match,0/1
2233,DURANT AVE,,Match,0/1
5880,YORKLAND CT,UNIT B,Match,0/1
2801,TENNYSON BLVD,,Match,0/0
2431,SHORE BLVD E,J,Match,0/0
5095,CEDAR DR,F,Match,15/24
3747,BUCKMAN ST,,Match,0/0
3419,SUFFIELD,,Match,0/0
4665,REFUGEE RD,1G,Match,119/267
3692,KIDRON CT,,Match,0/0
4180,ASTON MARTIN CT,,Match,0/0
5644,HIBERNIA DR,C,Match,0/1
5427,YORKSHIRE TERRACE DR,1B,Match,0/0
3719,DAWN CT,,Match,0/0
1572,MCNAUGHTEN RD,,Match,80/137
3686,MENDON PL,,Match,0/0
4619,REFUGEE RD,1J,Match,119/267
5748,HALLRIDGE CIR,,Match,0/0
3382,SUFFIELD,,Match,0/0
2100,MUIRWOOD DR,,Match,0/1
3909,KIMBERLY PKWY N,,Match,0/0
2747,WINCHESTER PIKE,,Match,4/13
3812,RIVERCREEK BAY WAY,,Match,0/0
2447,SHORE BLVD E,D,Match,0/0
5878,YORKLAND CT,UNIT G,Match,0/1
4659,REFUGEE RD,3A,Match,119/267
4595,REFUGEE RD,1D,Match,119/267
5478,CHATFORD SQ,,Match,0/1
3033,ROTUNDA CT S,,Match,0/0
5014,COVENTRY CT N,,Match,0/0
3543,ARIEL DR,,Match,0/0
1820,CHANNINGWAY CT W,,Match,0/0
6409,MCNAUGHTEN CT,,No_Match,0/1
2825,WYMAN CT,,Match,0/0
2682,SILVER OAK DR,,Match,0/1
6527,MCNAUGHTEN CT,,No_Match,0/1
5427,YORKSHIRE TERRACE DR,3A,Match,0/0
1842,COVENTRY LN,,Match,0/0
2447,SHORE BLVD E,A,Match,0/0
4993,COVENTRY DR,,Match,0/0
2574,SILVER OAK DR,,Match,0/1
2780,CITIZENS PL,G,Match,0/1
2054,PINE NEEDLE CT,,Match,0/0
5617,HIBERNIA DR,,Match,0/1
3263,SUNMARK AVE,,Match,0/0
2438,SHORE BLVD W,,Match,0/0
6243,MCNAUGHTEN CT,,Match,0/1
4599,REFUGEE RD,2D,Match,119/267
2880,NATHANIEL BLVD,D,Match,0/0
3911,RIVERCREEK BAY WAY,,Match,0/0
2035,LAKE CLUB TER,,Match,0/0
4545,LAKE SIDE S,F,Match,0/0
3180,ELIM MANOR CT,211,Match,0/1
5983,LAKE CLUB SQ,D,Match,0/1
4659,REFUGEE RD,2D,Match,119/267
3669,RIVERDALE SQ,,Match,0/0
3022,WINCHESTER PIKE,,Match,4/13
3852,RIVERCREEK BAY WAY,,Match,0/0
4323,DONLYN CT,,Match,0/0
2817,CITIZENS PL,F,Match,0/1
6197,MCNAUGHTEN CT,,Match,0/1
3608,RIVERDALE SQ,,Match,0/0
5489,E LIVINGSTON AVE,UNIT D,Match,406/920
1323,YORKLAND RD,UNIT,Match,23/34
2962,NATHANIEL BLVD,D,Match,0/0
4571,HEMINGWAY CT,C,Match,0/1
3368,SUFFIELD,,Match,0/0
6457,MCNAUGHTEN CT,,No_Match,0/1
5800,HIBERNIA DR,,Match,0/1
6061,LAKE CLUB PL,,Match,0/0
5453,LONSDALE PL N,UNIT A,Match,0/0
2231,COURTSIDE DR,B,Match,0/2
2212,WABASH CT W,,Match,0/0
6205,MCNAUGHTEN CT,,Match,0/1
2082,SUNSHINE PL,,Match,0/1
4678,FENIMORE CT,A,Match,0/0
2791,CITIZENS PL,G,Match,0/1
3158,S HAMILTON RD,,Match,242/753
5678,GREENPINE ST,,Match,0/0
5446,CHATFORD SQ,,Match,0/1
1579,CABORA LN,,Match,0/0
3762,KNIGHTSWAY LN,,Match,0/2
4647,HILTON CORPORATE DR,,Match,0/3
5560,AUTUMN CHASE DR,,Match,0/1
5982,LAKE CLUB SQ,D,Match,0/1
2784,WINCHESTER PIKE,,Match,4/13
2510,KIMBERLY PKWY E,UNIT 107,Match,0/0
4725,HILTON CORPORATE DR,,Match,0/3
2780,CITIZENS PL,E,Match,0/1
5802,MAPLE TREE LN,,No_Match,0/0
4635,WORDSWORTH CT,A,Match,0/0
2236,SUNSHINE PL,,Match,0/1
2871,MERRYMOUNT CT,A,Match,0/0
5493,CHATFORD SQ,,Match,0/1
4655,REFUGEE RD,1D,Match,119/267
5050,COVENTRY CT N,C,Match,0/0
4818,LARAINE CT,101,Match,0/0
2303,MUIRWOOD DR,,Match,0/1
6337,MCNAUGHTEN CT,,No_Match,0/1
3696,NOAM CT,,Match,0/0
4570,LAKE SIDE N,K,Match,0/0
384,CHANTRY DR,,No_Match,0/16
3165,WEBSTER DR,,Match,0/0
4631,COLERIDGE CT,,Match,0/0
5743,SPRUCE TREE DR,,Match,0/0
2053,PINE NEEDLE CT,,Match,0/0
6281,MCNAUGHTEN CT,,Match,0/1
4589,LAKE SIDE S,,Match,0/0
4617,REFUGEE RD,2B,Match,119/267
4615,HEBRIDES DR,C,Match,0/0
4605,REFUGEE RD,1A,Match,119/267
3719,FRANCINE CT,,Match,0/0
5613,HIBERNIA DR,CATV,Match,0/1
4803,ROLLINGBROOK LN,C,Tie,0/0
2617,BIRCHTREE CT,,Match,0/0
2417,SHORE BLVD E,,Match,0/0
5915,SHANA DR,,Match,0/1
3716,KIMBERLY WEST DR,,Tie,0/0
3935,RIVERCREEK BAY WAY,,Match,0/0
3931,KIMBERLY PKWY N,,Match,0/0
60,LITTLE BROOK WAY,,No_Match,30/31
3978,LAUREL LN,,Match,2/2
2068,SUNSHINE PL,,Match,0/1
2851,CITIZENS PL,C,Match,0/1
36,CHANTRY DR,,No_Match,0/16
2396,MALKA CT,,Match,0/0
4741,HILTON CORPORATE DR,,Match,0/3
4688,FENIMORE CT,A,Match,0/0
488,LITTLE BROOK WAY,,No_Match,30/31
628,LITTLE BROOK WAY,,No_Match,30/31
5669,MAPLE TREE LN,,Match,0/0
5983,LAKE CLUB SQ,C,Match,0/1
592,LITTLE BROOK WAY,,No_Match,30/31
3769,KIMBERLY WEST DR,UNIT 3,Tie,0/0
4545,LAKE SIDE S,B,Match,0/0
2722,TENNYSON BLVD,A,Match,0/0
5461,LONSDALE PL S,UNIT B,Match,0/0
1624,COPPERTREE RD,,Match,2/2
5558,AUTUMN CHASE DR,A,Match,0/1
5459,E LIVINGSTON AVE,UNIT C,Match,406/920
6727,MCNAUGHTEN CT,,No_Match,0/1
208,CHANTRY DR,,No_Match,0/16
2807,GROSSE POINT,,Match,0/0
4560,ISINGTON CT,,Match,0/0
2299,SEVILLE AVE,,Match,0/1
2825,CITIZENS PL,G,Match,0/1
5538,CANTARA PL,,Match,0/0
5517,CHATFORD SQ,,Match,0/1
30,CHANTRY DR,,No_Match,0/16
4603,REFUGEE RD,1D,Match,119/267
1289,YORKLAND RD,UNIT P,Match,23/34
6365,MCNAUGHTEN CT,,No_Match,0/1
5601,HUTCHINSTONE RD,,Match,0/0
4295,KIMBERLY PKWY,,Match,0/1
3370,SUFFIELD,,Match,0/0
5744,HALLRIDGE CIR,,Match,0/0
2844,CITIZENS PL,G,Match,0/1
5007,COVENTRY DR,,Match,0/0
4639,COLERIDGE CT,B,Match,0/0
5708,HIBERNIA DR,B,Match,0/1
4665,REFUGEE RD,2H,Match,119/267
4573,MONMOUTH CT,210,Match,0/0
5079,CEDAR DR,H,Match,15/24
1289,YORKLAND RD,UNIT G,Match,23/34
2375,MERCEDES LN,,Match,0/0
2897,TUPPENCE DR,,Match,0/0
2366,CANAL BAY WAY,,Match,0/1
4566,ISINGTON CT,,Match,0/0
2733,TENNYSON BLVD,C,Match,0/0
3193,WEBSTER DR,,Match,0/0
3379,SUFFIELD,,Match,0/0
532,CHANTRY DR,,No_Match,0/16
4613,REFUGEE RD,2C,Match,119/267
5577,HIBERNIA DR,B,Match,0/1
2510,KIMBERLY PKWY E,UNIT 208,Match,0/0
4671,REFUGEE RD,1A,Match,119/267
3963,KIMBERLY PKWY N,,Match,0/0
5688,SPRUCE TREE DR,,Match,0/0
5530,DUNFIELD LN,4,Match,0/1
4682,FENIMORE CT,C,Match,0/0
3725,KIMBERLY WEST DR,UNIT 1,Tie,0/0
3684,SOFT WIND DR,,No_Match,0/0
4655,REFUGEE RD,2C,Match,119/267
1285,YORKLAND RD,UNIT K,Match,23/34
6477,MCNAUGHTEN CT,,No_Match,0/1
2897,SHILLING DR,,Match,0/0
2288,SEVILLE AVE,,Match,0/1
2260,SUNSHINE PL,,Match,0/1
6451,MCNAUGHTEN CT,,No_Match,0/1
2203,SEVILLE AVE,,Match,0/1
2871,MERRYMOUNT CT,B,Match,0/0
2816,HAMPTON RD S,,Match,0/0
3709,KIMBERLY PKWY N,,Match,0/0
2205,COURTSIDE DR,F,Match,0/2
2727,EASTLAND MALL,,Match,0/1
52,CHANTRY DR,,No_Match,0/16
176,CHANTRY DR,,No_Match,0/16
2091,LAKE CLUB TER,F,Match,0/0
2881,TENNYSON BLVD,100,Match,0/0
5461,LONSDALE PL S,UNIT D,Match,0/0
5844,HALLRIDGE CIR,,Match,0/0
3256,WINTER LANE PARK,,Match,0/0
5778,SPRUCE TREE DR,,Match,0/0
2206,WABASH CT W,,Match,0/0
2331,RANDY CT,,Match,0/0
4564,ISINGTON CT,204,Match,0/0
2421,SHORE BLVD E,C,Match,0/0
6241,MCNAUGHTEN CT,,Match,0/1
5141,CEDAR DR,K,Match,15/24
5482,CHATFORD SQ,,Match,0/1
3706,KIDRON CT,,Match,0/0
5746,HIBERNIA DR,B,Match,0/1
1839,COVENTRY LN,,Match,0/0
2576,SPRINGWAY CT,,Match,0/0
2512,SCARBOROUGH SQ,7,Match,0/0
228,LITTLE BROOK WAY,,No_Match,30/31
5545,CANTARA PL,4,Match,0/0
3076,ROTUNDA CT S,,Match,0/0
1759,LONSDALE PL E,UNIT A,Match,0/0
3950,LAUREL LN,,Match,2/2
4233,EASTLAND SQUARE DR,,Match,0/1
2812,TENNYSON BLVD,A,Match,0/0
2510,KIMBERLY PKWY E,205,Match,0/0
2248,MUIRWOOD DR,,Match,0/1
4562,ISINGTON CT,,Match,0/0
2440,SHORE BLVD W,B,Match,0/0
6006,LAKE CLUB SQ,,Match,0/1
5333,YORKSHIRE TERRACE DR,C,Match,0/0
5330,YORKSHIRE TERRACE DR,,Match,0/0
4597,REFUGEE RD,1H,Match,119/267
516,LITTLE BROOK WAY,,No_Match,30/31
2213,COURTSIDE DR,C,Match,0/2
2888,NATHANIEL BLVD,,Match,0/0
3614,RIVERDALE SQ,,Match,0/0
4571,HEMINGWAY CT,B,Match,0/1
2381,SHORE BLVD E,D,Match,0/0
3727,SOFT WIND DR,,Match,0/0
2752,EASTLAND MALL,,Match,0/1
3800,SOFT WIND DR,,Match,0/0
2162,RIVERDALE SQ W,,Match,0/0
2539,SILVER OAK DR,,Match,0/1
1289,YORKLAND RD,UNIT L,Match,23/34
5145,CEDAR DR,M,Match,15/24
2870,WOOLWICH CT,214,Match,0/0
2853,CITIZENS PL,E,Match,0/1
1840,COVENTRY LN,,Match,0/0
5466,CHATFORD SQ,,Match,0/1
5539,HIBERNIA DR,B,Match,0/1
5572,HIBERNIA DR,,Match,0/1
4251,EASTLAND FOOD CT,,No_Match,0/0
2634,CHAPPEL CHASE,,Match,0/0
2733,WINCHESTER PIKE,,Match,4/13
5603,CHATTERTON RD,,Match,0/12
5921,SHANA DR,,Match,0/1
5704,HIBERNIA DR,,Match,0/1
2594,SILVER OAK DR,,Match,0/1
3920,LAUREL LN,,Match,2/2
5589,HUTCHINSTONE RD,,Match,0/0
154,CHANTRY DR,,No_Match,0/16
1925,OLDE COVENTRY RD E,,Match,0/0
3692,NOAM CT,,Match,0/0
1899,OLDE COVENTRY RD E,,Match,0/0
3368,TRADAN DR,,Match,0/1
5097,CEDAR DR,,Match,15/24
6001,LAKE CLUB SQ,,Match,0/1
2809,GROSSE POINT,,Match,0/0
4800,LARAINE CT,104,Match,0/0
1898,COVENTRY CT,B,Match,2/2
2825,CITIZENS PL,B,Match,0/1
2256,SEVILLE AVE,,Match,0/1
2744,CITIZENS PL,H,Match,0/1
5081,CEDAR DR,F,Match,15/24
2535,FRANKSWAY ST,,Match,0/1
2391,SHORE BLVD E,A,Match,0/0
5083,CEDAR DR,H,Match,15/24
3183,WEBSTER DR,,Match,0/0
4654,HEBRIDES DR,,Match,0/0
3832,BUCKMAN ST,,Match,0/0
5533,CANTARA PL,,Match,0/0
3764,RIVERCREEK BAY WAY,,Match,0/0
3748,KNIGHTSWAY LN,,Match,0/2
3327,SUFFIELD,,Match,0/0
5398,YORKSHIRE TERRACE DR,D,Match,0/0
5880,YORKLAND CT,UNIT F,Match,0/1
3707,DAWN CT,,Match,0/0
5616,HIBERNIA DR,,Match,0/1
4621,REFUGEE RD,2B,Match,119/267
4815,ROLLINGBROOK LN,B,Tie,0/0
2149,RIVERDALE SQ E,,Match,0/0
5685,BAIRSFORD CIR N,8,Match,0/0
2852,CITIZENS PL,F,Match,0/1
5578,TINLEY PARK,,Match,0/0
4576,MANDEVILLE CT,C,Match,0/0
4507,LAKE SIDE S,,Match,0/0
4655,REFUGEE RD,1F,Match,119/267
4981,OLDE COVENTRY RD W,,Match,0/0
5880,YORKLAND CT,UNIT N,Match,0/1
4774,LARAINE CT,204,Match,0/0
2091,LAKE CLUB TER,E,Match,0/0
3359,SUFFIELD,,Match,0/0
2900,SHILLING DR,,Match,0/0
5585,CHANTRY DR,,Match,0/16
3726,BIRCHTREE LN,,Match,0/0
5384,YORKSHIRE TERRACE DR,B,Match,0/0
2198,MUIRWOOD DR,,Match,0/1
3156,WEBSTER DR,,Match,0/0
3724,BUCKMAN ST,,Match,0/0
2927,TENNYSON BLVD,B,Match,0/0
5119,CEDAR DR,G,Match,15/24
2486,BENIE CT,,Match,0/0
4803,ROLLINGBROOK LN,A,Tie,0/0
526,CHANTRY DR,,No_Match,0/16
5545,CANTARA PL,,Match,0/0
5611,AUTUMN CHASE DR,B,Match,0/1
4100,JENERA PL,,Match,0/0
2809,TENNYSON BLVD,,Match,0/0
4343,DONLYN CT,,Match,0/0
4651,HILTON CORPORATE DR,,Match,0/3
3888,RIVERCREEK BAY WAY,,Match,0/0
6615,MCNAUGHTEN CT,,No_Match,0/1
2294,MUIRWOOD DR,,Match,0/1
5594,BAIRSFORD CIR N,,Match,0/0
2271,PETZINGER CT,,Match,0/0
5766,HIBERNIA DR,C,Match,0/1
4239,KIMBERLY PKWY N,,Match,0/0
2211,MUIRWOOD DR,,Match,0/1
4619,REFUGEE RD,1B,Match,119/267
5668,GREENPINE ST,,Match,0/0
5492,CHATFORD SQ,,Match,0/1
2548,SILVER OAK DR,,Match,0/1
5558,AUTUMN CHASE DR,,Match,0/1
5503,CHATFORD SQ,,Match,0/1
5202,CEDAR DR,D,Match,15/24
2881,TENNYSON BLVD,205,Match,0/0
4633,COLERIDGE CT,B,Match,0/0
3148,WEBSTER DR,,Match,0/0
3971,KIMBERLY PKWY N,,Match,0/0
5673,HIBERNIA DR,A,Match,0/1
4575,LAKE SIDE S,D,Match,0/0
5588,HIBERNIA DR,,Match,0/1
4564,MANDEVILLE CT,C,Match,0/0
5095,CEDAR DR,E,Match,15/24
4671,REFUGEE RD,2C,Match,119/267
4822,REFUGEE RD,D,Match,119/267
4567,MONMOUTH CT,,Match,0/0
3718,KIMBERLY WEST DR,,Tie,0/0
3690,MENDON PL,,Match,0/0
3384,WINTER LANE PARK,,Match,0/0
4591,WORDSWORTH CT,D,Match,0/0
2793,NEWCASTLE CT,,Match,0/0
2478,SHORE BLVD W,,Match,0/0
2484,SCARBOROUGH SQ,1,Match,0/0
5576,HIBERNIA DR,B,Match,0/1
3712,CHARBERT CT,,Match,0/0
5014,COVENTRY DR,C,Match,0/0
2870,MERRYMOUNT CT,D,Match,0/0
2881,WINCHESTER PIKE,,Match,4/13
2058,SUNSHINE PL,,Match,0/1
80,LITTLE BROOK WAY,,No_Match,30/31
4575,MANDEVILLE CT,D,Match,0/0
5881,SHANA DR,,Match,0/1
6469,MCNAUGHTEN CT,,No_Match,0/1
2562,CHAPPEL CHASE,,Match,0/0
5557,HUTCHINSTONE RD,,Match,0/0
3274,CALVEYLEE LN,,Match,0/0
3171,EASTHAVEN DR S,,Match,0/0
5453,CHATFORD SQ,,Match,0/1
2579,S HAMILTON RD,,Match,242/753
2577,SILVER OAK DR,,Match,0/1
2894,MERRYMOUNT CT,D,Match,0/0
6501,MCNAUGHTEN CT,,No_Match,0/1
5515,CANTARA PL,1,Match,0/0
4599,REFUGEE RD,3D,Match,119/267
2886,SHILLING DR,,Match,0/0
2398,CANAL BAY WAY,,Match,0/1
4593,REFUGEE RD,1I,Match,119/267
294,CHANTRY DR,,No_Match,0/16
2723,EASTLAND MALL,,Match,0/1
5858,HALLRIDGE CIR,,Match,0/0
3753,BIRCHTREE LN,,Match,0/0
2740,CITIZENS PL,G,Match,0/1
5784,HIBERNIA DR,,Match,0/1
2205,DURANT AVE,,Match,0/1
5456,CHATFORD SQ,,Match,0/1
2262,PETZINGER CT,,Match,0/0
2149,RIVERDALE SQ W,,Match,0/0
5837,MAPLE TREE LN,,Match,0/0
5833,MAPLE TREE LN,,Match,0/0
5620,HIBERNIA DR,A,Match,0/1
5569,HUTCHINSTONE RD,,Match,0/0
2202,WABASH CT W,,Match,0/0
4532,LAKE SIDE N,,Match,0/0
3760,RIVERCREEK BAY WAY,,Match,0/0
2817,CITIZENS PL,B,Match,0/1
4611,REFUGEE RD,2B,Match,119/267
2510,KIMBERLY PKWY E,201,Match,0/0
2350,RANDY CT,,Match,0/0
5878,YORKLAND CT,UNIT E,Match,0/1
2468,SHORE BLVD W,,Match,0/0
5578,AUTUMN CHASE DR,B,Match,0/1
4777,HILTON CORPORATE DR,,Match,0/3
5788,HIBERNIA DR,C,Match,0/1
2777,BERWICK SQ,,Match,0/1
2523,EASTERN PINE RD,,Match,0/0
2274,MUIRWOOD DR,,Match,0/1
6781,MCNAUGHTEN CT,,No_Match,0/1
1558,ABRAHAM WOODS,,Match,0/0
1555,BANDERA CT,,Match,0/0
5533,CANTARA PL,1,Match,0/0
5415,YORKSHIRE TERRACE DR,1A,Match,0/0
2191,MUIRWOOD DR,,Match,0/1
2714,BRANDY DR,103,Match,0/1
66,CHANTRY DR,,No_Match,0/16
3755,SOFT WIND DR,,Match,0/0
5980,LAKE CLUB SQ,H,Match,0/1
1291,YORKLAND RD,UNIT,Match,23/34
2198,SOFT WIND CT,,Match,0/0
60,CHANTRY DR,,No_Match,0/16
5381,YORKSHIRE TERRACE DR,6B,Match,0/0
4657,REFUGEE RD,1J,Match,119/267
3692,MENDON PL,,Match,0/0
2789,S HAMILTON RD,,Match,242/753
4798,LARAINE CT,103,Match,0/0
3045,BRICE RD,,No_Match,177/386
146,LITTLE BROOK WAY,,No_Match,30/31
2779,CITIZENS PL,A,Match,0/1
2750,S HAMILTON RD,,Match,242/753
4803,ROLLINGBROOK LN,D,Tie,0/0
6120,MCNAUGHTEN CENTER,,Match,0/0
3942,LAUREL LN,,Match,2/2
6001,LAKE CLUB CT,G,Match,0/1
2151,RIVERDALE SQ E,,Match,0/0
2284,MUIRWOOD DR,,Match,0/1
242,CHANTRY DR,,No_Match,0/16
6771,MCNAUGHTEN CT,,No_Match,0/1
2567,SILVER OAK DR,,Match,0/1
5381,YORKSHIRE TERRACE DR,4C,Match,0/0
244,CHANTRY DR,,No_Match,0/16
2962,NATHANIEL BLVD,B,Match,0/0
5345,YORKSHIRE TERRACE DR,,Match,0/0
2205,SOFT WIND CT,,Match,0/0
4826,LARAINE CT,202,Match,0/0
2092,LAKE CLUB TER,,Match,0/0
4519,LAKE SIDE S,,Match,0/0
2353,RANDY CT,,Match,0/0
5986,LAKE CLUB SQ,,Match,0/1
2740,BRANDY DR,103,Match,0/1
48,CHANTRY DR,,No_Match,0/16
2093,LAKE CLUB TER,E,Match,0/0
4678,FENIMORE CT,C,Match,0/0
6020,LAKE CLUB CT,,Match,0/1
5020,COVENTRY CT N,,Match,0/0
4544,LAKE SIDE S,F,Match,0/0
3732,BIRCHTREE LN,,Match,0/0
2756,TENNYSON BLVD,,Match,0/0
6801,MCNAUGHTEN CT,,No_Match,0/1
4584,ISINGTON CT,,Match,0/0
2781,BERWICK SQ,,Match,0/1
540,CHANTRY DR,,No_Match,0/16
2802,BANWICK RD,,Match,0/9
2294,PETZINGER CT,,Match,0/0
4544,LAKE SIDE S,H,Match,0/0
2285,SEVILLE AVE,,Match,0/1
6169,MCNAUGHTEN CT,,Match,0/1
2763,TENNYSON BLVD,,Match,0/0
4665,REFUGEE RD,3F,Match,119/267
228,CHANTRY DR,,No_Match,0/16
2898,MERRYMOUNT CT,B,Match,0/0
2242,S HAMILTON RD,200,Match,242/753
6731,MCNAUGHTEN CT,,No_Match,0/1
2209,FOXCROFT GREEN,,Match,0/0
3944,LAUREL LN,,Match,2/2
5476,LONSDALE PL N,UNIT D,Match,0/0
2371,SHORE BLVD E,G,Match,0/0
3704,KIDRON CT,,Match,0/0
3768,KIMBERLY PKWY N,,Match,0/0
6199,MCNAUGHTEN CT,,Match,0/1
5716,HIBERNIA DR,A,Match,0/1
3702,KIDRON CT,,Match,0/0
2120,PINE GROVE LN,,Match,0/1
5993,LAKE CLUB SQ,,Match,0/1
4578,ISINGTON CT,D,Match,0/0
3468,COURTRIGHT LN,,Match,0/0
3916,RIVERCREEK BAY WAY,,Match,0/0
2510,KIMBERLY PKWY E,UNIT 201,Match,0/0
5715,HIBERNIA DR,,Match,0/1
5536,DUNFIELD LN,4,Match,0/1
2193,MUIRWOOD DR,,Match,0/1
3718,SOFT WIND DR,,Match,0/0
5597,AUTUMN CHASE DR,,Match,0/1
2870,WOOLWICH CT,106,Match,0/0
1305,YORKLAND RD,UNIT,Match,23/34
3177,WEBSTER DR,,Match,0/0
5579,AUTUMN CHASE DR,A,Match,0/1
3206,WINTER LANE PARK,,Match,0/0
5611,HIBERNIA DR,A,Match,0/1
4609,REFUGEE RD,2L,Match,119/267
2880,SHILLING DR,,Match,0/0
2598,CHAPPEL CHASE,,Match,0/0
346,CHANTRY DR,,No_Match,0/16
4601,REFUGEE RD,1J,Match,119/267
3710,KIMBERLY PKWY N,,Match,0/0
2889,SHILLING DR,,Match,0/0
2865,CITIZENS PL,D,Match,0/1
4649,COLERIDGE CT,B,Match,0/0
2148,SUNSHINE PL,,Match,0/1
2405,KIMBERLY WOODS DR,,Match,0/1
4987,OLDE COVENTRY RD W,,Match,0/0
2087,LAKE CLUB TER,C,Match,0/0
3725,BIRCHTREE LN,,Match,0/0
3714,KIMBERLY WEST DR,,Tie,0/0
6251,MCNAUGHTEN CT,,Match,0/1
5609,AUTUMN CHASE DR,B,Match,0/1
2589,SILVER OAK DR,,Match,0/1
2582,SILVER OAK DR,,Match,0/1
2606,SILVER OAK DR,,Match,0/1
2859,CITIZENS PL,B,Match,0/1
5809,HALLRIDGE CIR,,Match,0/0
3219,ELIM MANOR CT,,Match,0/1
1783,CHANNINGWAY CT W,,Match,0/0
1779,CHANNINGWAY CT W,,Match,0/0
2268,PETZINGER CT,,Match,0/0
5083,CEDAR DR,L,Match,15/24
1757,CHANNINGWAY CT W,,Match,0/0
2221,MUIRWOOD DR,,Match,0/1
2529,FRANKSWAY ST,,Match,0/1
2307,MUIRWOOD DR,,Match,0/1
2205,SEVILLE AVE,,Match,0/1
2194,SEVILLE AVE,,Match,0/1
5720,HIBERNIA DR,,Match,0/1
5202,CEDAR DR,B,Match,15/24
636,CHANTRY DR,,No_Match,0/16
5637,HIBERNIA DR,B,Match,0/1
5788,HALLRIDGE CIR,,Match,0/0
608,CHANTRY DR,,No_Match,0/16
22,LITTLE BROOK WAY,,No_Match,30/31
5480,CHATFORD SQ,,Match,0/1
2778,TENNYSON BLVD,D,Match,0/0
2472,FOREST GREEN CT,,Match,0/0
3656,RIVERDALE SQ,,Match,0/0
2847,CITIZENS PL,G,Match,0/1
5570,AUTUMN CHASE DR,A,Match,0/1
5079,CEDAR DR,F,Match,15/24
1954,OLDE COVENTRY RD E,,Match,0/0
5453,LONSDALE PL N,UNIT C,Match,0/0
5350,YORKSHIRE VILLAGE LN,,Match,0/0
6405,MCNAUGHTEN CT,,No_Match,0/1
2865,CITIZENS PL,G,Match,0/1
1548,BANDERA CT,,Match,0/0
4483,REFUGEE RD,,Match,119/267
388,CHANTRY DR,,No_Match,0/16
2447,SHORE BLVD E,E,Match,0/0
5712,HIBERNIA DR,B,Match,0/1
3753,EMRICK CT,,Match,0/0
2510,KIMBERLY PKWY E,202,Match,0/0
5362,YORKSHIRE VILLAGE LN,,Match,0/0
2371,SHORE BLVD E,A,Match,0/0
2091,LAKE CLUB TER,I,Match,0/0
2779,CITIZENS PL,C,Match,0/1
3994,KIMBERLY PKWY N,,Match,0/0
6753,MCNAUGHTEN CT,,No_Match,0/1
2510,KIMBERLY PKWY E,UNIT 109,Match,0/0
2090,S HAMILTON RD,,Match,242/753
5632,HIBERNIA DR,A,Match,0/1
5758,HIBERNIA DR,B,Match,0/1
3848,MAUMEE BAY WAY,,Match,0/0
3186,WEBSTER DR,,Match,0/0
5682,GREENPINE ST,,Match,0/0
2870,WOOLWICH CT,114,Match,0/0
2451,SHORE BLVD E,D,Match,0/0
5940,SHANA DR,,Match,0/1
5880,YORKLAND CT,UNIT O,Match,0/1
3332,TRADAN DR,,Match,0/1
3837,BUCKMAN ST,,Match,0/0
5410,YORKSHIRE TERRACE DR,F,Match,0/0
2475,SHORE BLVD E,,Match,0/0
3723,SOFT WIND DR,,Match,0/0
3790,SOFT WIND DR,,Match,0/0
3717,FRANCINE CT,,Match,0/0
5611,HIBERNIA DR,C,Match,0/1
2700,WINCHESTER PIKE,,Match,4/13
3749,BIRCHTREE LN,,Match,0/0
3541,ARIEL DR,,Match,0/0
5982,LAKE CLUB SQ,E,Match,0/1
1778,LONSDALE PL E,UNIT A,Match,0/0
5474,CHATFORD SQ,,Match,0/1
4636,CHANNING TER,,Match,0/0
5675,E LIVINGSTON AVE,,Match,406/920
3688,NOAM CT,,Match,0/0
2738,TENNYSON BLVD,,Match,0/0
486,LITTLE BROOK WAY,,No_Match,30/31
2139,PINE GROVE LN,,Match,0/1
4095,JENERA PL,,Match,0/0
3261,WINTER LANE PARK,,Tie,0/0
4667,REFUGEE RD,3C,Match,119/267
3229,WEBSTER DR,,Match,0/0
1917,OLDE COVENTRY RD E,,Match,0/0
2132,MUIRWOOD DR,,Match,0/1
5879,SHANA DR,,Match,0/1
2739,S HAMILTON RD,,Match,242/753
5596,HIBERNIA DR,B,Match,0/1
560,CHANTRY DR,,No_Match,0/16
2860,CITIZENS PL,F,Match,0/1
2795,BERWICK SQ,,Match,0/1
1817,CHANNINGWAY CT W,,Match,0/0
1754,LONSDALE PL E,UNIT A,Match,0/0
4567,MANDEVILLE CT,B,Match,0/0
2494,BENIE CT,,Match,0/0
2748,CITIZENS PL,A,Match,0/1
4632,CHANNING TER,B,Match,0/0
4632,CHANNING TER,C,Match,0/0
4261,EASTLAND SQUARE DR,,Match,0/1
2796,CITIZENS PL,E,Match,0/1
1567,CABORA LN,,Match,0/0
5167,CEDAR DR,F,Match,15/24
2485,SHORE BLVD E,,Match,0/0
4665,REFUGEE RD,3G,Match,119/267
6008,LAKE CLUB CT,,Match,0/1
6209,MCNAUGHTEN CT,,Match,0/1
4536,LAKE SIDE S,G,Match,0/0
6603,MCNAUGHTEN CT,,No_Match,0/1
5758,HIBERNIA DR,C,Match,0/1
5703,HIBERNIA DR,C,Match,0/1
5677,HIBERNIA DR,B,Match,0/1
1572,ALLENFORD CT,,Match,0/0
3369,WINTER LANE PARK,,Match,0/0
4123,ALVADA ST,,Match,0/0
2444,SHORE BLVD W,,Match,0/0
5384,YORKSHIRE TERRACE DR,D,Match,0/0
2995,FALCON BRIDGE RD,,Match,0/0
2280,PETZINGER CT,,Match,0/0
3642,RIVERDALE SQ,,Match,0/0
608,LITTLE BROOK WAY,,No_Match,30/31
4,LITTLE BROOK WAY,,No_Match,30/31
3717,KIMBERLY WEST DR,,Tie,0/0
4627,WORDSWORTH CT,,Match,0/0
5981,LAKE CLUB SQ,C,Match,0/1
6679,MCNAUGHTEN CT,,No_Match,0/1
340,CHANTRY DR,,No_Match,0/16
3720,BONNETT CT,,Match,0/0
5427,YORKSHIRE TERRACE DR,4,Match,0/0
2942,NATHANIEL BLVD,A,Match,0/0
2534,BENIE CT,,Match,0/0
5448,CHATFORD SQ,,Match,0/1
2219,SUNSHINE PL,,Match,0/1
2445,KIMBERLY PKWY N,,Tie,0/0
4076,KIMBERLY PKWY,,Match,0/1
5649,HIBERNIA DR,C,Match,0/1
5780,HIBERNIA DR,,Match,0/1
4104,PORSCHE CT,,Match,0/1
2172,MUIRWOOD DR,,Match,0/1
2198,SEVILLE AVE,,Match,0/1
2192,SEVILLE AVE,,Match,0/1
3291,WINTER LANE PARK,,Match,0/0
1759,LONSDALE PL E,,Match,0/0
5467,LONSDALE PL N,UNIT B,Match,0/0
1561,APPLETON CT,,Match,0/0
2746,EASTLAND MALL,,Match,0/1
2510,KIMBERLY PKWY E,210,Match,0/0
2510,KIMBERLY PKWY E,UNIT 102,Match,0/0
3210,WINTER LANE PARK,,Match,0/0
5542,DUNFIELD LN,2,Match,0/1
4320,REFUGEE RD,,Match,119/267
5609,CHATTERTON RD,,Match,0/12
4427,CROSSROADS CENTER,,Match,0/0
5824,HALLRIDGE CIR,,Match,0/0
4491,LAKE SIDE S,A,Match,0/0
2755,TENNYSON BLVD,D,Match,0/0
2731,TENNYSON BLVD,B,Match,0/0
4536,LAKE SIDE S,C,Match,0/0
5675,BAIRSFORD CIR N,4,Match,0/0
2592,SILVER OAK DR,,Match,0/1
1761,CHANNINGWAY CT W,,Match,0/0
440,LITTLE BROOK WAY,,No_Match,30/31
408,LITTLE BROOK WAY,,No_Match,30/31
296,LITTLE BROOK WAY,,No_Match,30/31
2481,SHORE BLVD E,J,Match,0/0
4577,LAKE SIDE S,,Match,0/0
4626,CHANNING TER,C,Match,0/0
412,LITTLE BROOK WAY,,No_Match,30/31
3159,WEBSTER DR,,Match,0/0
3074,ROTUNDA CT S,,Match,0/0
4755,HILTON CORPORATE DR,,Match,0/3
6563,MCNAUGHTEN CT,,No_Match,0/1
6611,MCNAUGHTEN CT,,No_Match,0/1
6413,MCNAUGHTEN CT,,No_Match,0/1
6519,MCNAUGHTEN CT,,No_Match,0/1
2791,BERWICK SQ,,Match,0/1
3239,WEBSTER DR,,Match,0/0
2087,LAKE CLUB TER,A,Match,0/0
6000,LAKE CLUB CT,C,Match,0/1
2815,GROSSE POINT,,Match,0/0
3180,ELIM MANOR CT,113,Match,0/1
3205,WABASH CT N,,Match,0/0
2764,BRANDY DR,104,Match,0/1
2185,FOXCROFT GREEN,,Match,0/0
2123,PINE GROVE LN,,Match,0/1
2083,PINE GROVE LN,,Match,0/1
1894,COVENTRY CT,C,Match,2/2
5046,COVENTRY CT N,B,Match,0/0
2151,RIVERDALE SQ W,,Match,0/0
5081,CEDAR DR,D,Match,15/24
5119,CEDAR DR,,Match,15/24
2340,RANDY CT,,Match,0/0
3747,KIMBERLY WEST DR,UNIT 3,Tie,0/0
2460,HUDSON BAY WAY,,Match,0/0
3714,KIDRON CT,,Match,0/0
3792,SOFT WIND DR,,Match,0/0
5591,HIBERNIA DR,C,Match,0/1
2653,SILVER OAK DR,,Match,0/1
4650,HILTON CORPORATE DR,203,Match,0/3
2491,SHORE BLVD E,D,Match,0/0
2089,LAKE CLUB TER,H,Match,0/0
3412,WINTER LANE PARK,,Match,0/0
2802,CITIZENS PL,E,Match,0/1
5878,YORKLAND CT,,Match,0/1
382,LITTLE BROOK WAY,,No_Match,30/31
5034,COVENTRY DR,,Match,0/0
5097,CEDAR DR,F,Match,15/24
6012,LAKE CLUB CT,,Match,0/1
2772,BRANDY DR,102,Match,0/1
4659,REFUGEE RD,1B,Match,119/267
5370,YORKSHIRE TERRACE DR,H,Match,0/0
6177,MCNAUGHTEN CT,,Match,0/1
5865,YORKLAND CT,UNIT,Match,0/1
2493,SHORE BLVD E,,Match,0/0
2708,EASTLAND MALL,,Match,0/1
5686,SPRUCE TREE DR,,Match,0/0
1238,IDLEWOOD DR,,No_Match,0/0
5525,CANTARA PL,6,Match,0/0
2202,S HAMILTON RD,,Match,242/753
20,LITTLE BROOK WAY,,No_Match,30/31
2453,HUDSON BAY WAY,,Match,0/0
3723,KIMBERLY PKWY N,,Match,0/0
3585,REFUGEE RD,,Match,119/267
5636,HIBERNIA DR,C,Match,0/1
2832,WYMAN CT,A,Match,0/0
4325,DONLYN CT,,Match,0/0
5490,DUNFIELD LN,4,Match,0/1
416,CHANTRY DR,,No_Match,0/16
6195,MCNAUGHTEN CT,,Match,0/1
5711,HIBERNIA DR,A,Match,0/1
5594,AUTUMN CHASE DR,B,Match,0/1
4585,MONMOUTH CT,A,Match,0/0
2231,COURTSIDE DR,E,Match,0/2
2801,MARWOOD CT,B,Match,0/1
2817,CITIZENS PL,E,Match,0/1
5685,E LIVINGSTON AVE,,Match,406/920
6649,MCNAUGHTEN CT,,No_Match,0/1
3209,WEBSTER DR,,Match,0/0
3214,ST BERNARD CIR,,Match,0/0
4534,LAKE SIDE N,,Match,0/0
6671,MCNAUGHTEN CT,,No_Match,0/1
2206,SUNSHINE PL,,Match,0/1
378,LITTLE BROOK WAY,,No_Match,30/31
2178,MUIRWOOD DR,,Match,0/1
4621,REFUGEE RD,1C,Match,119/267
2547,SILVER OAK DR,,Match,0/1
268,CHANTRY DR,,No_Match,0/16
2146,MUIRWOOD DR,,Match,0/1
3721,BAY VILLAGE ST,,Match,12/41
2792,BERWICK SQ,,Match,0/1
5056,COVENTRY CT N,A,Match,0/0
2147,RIVERDALE SQ E,,Match,0/0
6283,MCNAUGHTEN CT,,Match,0/1
5415,YORKSHIRE TERRACE DR,3C,Match,0/0
4611,REFUGEE RD,3F,Match,119/267
2802,MARWOOD CT,D,Match,0/1
2447,SHORE BLVD E,F,Match,0/0
5685,HIBERNIA DR,B,Match,0/1
6003,LAKE CLUB CT,F,Match,0/1
2137,PINE GROVE LN,,Match,0/1
4551,LAKE SIDE S,C,Match,0/0
3717,KIMBERLY WEST DR,UNIT 5,Tie,0/0
4258,S HAMILTON RD,,No_Match,242/753
4599,MONMOUTH CT,206,Match,0/0
4543,LAKE SIDE S,,Match,0/0
2724,TENNYSON BLVD,B,Match,0/0
2089,LAKE CLUB TER,E,Match,0/0
576,LITTLE BROOK WAY,,No_Match,30/31
5427,YORKSHIRE TERRACE DR,1C,Match,0/0
2779,GROSSE POINT,,Match,0/0
2434,KIMBERLY WOODS DR,,Tie,0/1
42,CHANTRY DR,,No_Match,0/16
2881,TENNYSON BLVD,200,Match,0/0
4649,COLERIDGE CT,C,Match,0/0
5846,HALLRIDGE CIR,,Match,0/0
3807,BUCKMAN ST,,Match,0/0
4593,WORDSWORTH CT,,Match,0/0
5046,COVENTRY CT N,D,Match,0/0
4601,REFUGEE RD,3H,Match,119/267
2610,CHAPPEL CHASE,,Match,0/0
4003,PENNIMAN ST,,No_Match,0/1
5587,CHATTERTON RD,,Match,0/12
6185,MCNAUGHTEN CT,,Match,0/1
698,LITTLE BROOK WAY,,No_Match,30/31
4661,REFUGEE RD,3D,Match,119/267
2942,NATHANIEL BLVD,D,Match,0/0
4564,ISINGTON CT,206,Match,0/0
2176,SOFT WIND CT,,Match,0/0
1805,CHANNINGWAY CT W,,Match,0/0
4607,REFUGEE RD,1C,Match,119/267
3573,REFUGEE RD,,Match,119/267
5484,LONSDALE PL N,UNIT D,Match,0/0
3550,ARIEL DR,,Match,0/0
3742,NOAM CT,,Match,0/0
5617,AUTUMN CHASE DR,,Match,0/1
2860,WINCHESTER PIKE,,Match,4/13
6203,MCNAUGHTEN CT,,Match,0/1
5599,HIBERNIA DR,A,Match,0/1
3801,BUCKMAN ST,,Match,0/0
2794,TENNYSON BLVD,A,Match,0/0
5467,E LIVINGSTON AVE,UNIT A,Match,406/920
3340,TRADAN DR,,Match,0/1
5740,HALLRIDGE CIR,,Match,0/0
1619,COPPERTREE RD,,Match,2/2
76,LITTLE BROOK WAY,,No_Match,30/31
5704,HIBERNIA DR,C,Match,0/1
5580,HIBERNIA DR,A,Match,0/1
2439,SHORE BLVD E,,Match,0/0
1554,APPLETON CT,,Match,0/0
3390,WINTER LANE PARK,,Match,0/0
4795,ROLLINGBROOK LN,C,Tie,0/0
1911,OLDE COVENTRY RD E,,Match,0/0
2748,EASTLAND MALL,UNIT A,Match,0/1
3673,RIVERDALE SQ,,Match,0/0
5046,COVENTRY CT N,A,Match,0/0
2287,MUIRWOOD DR,,Match,0/1
5940,SCARBOROUGH BLVD,,Match,0/1
5427,YORKSHIRE TERRACE DR,4A,Match,0/0
4594,ISINGTON CT,205,Match,0/0
5097,CEDAR DR,A,Match,15/24
5165,CEDAR DR,G,Match,15/24
2843,CITIZENS PL,F,Match,0/1
126,CHANTRY DR,,No_Match,0/16
4267,DONLYN CT,,Match,0/0
5502,CHANTRY DR,,Match,0/16
2447,SHORE BLVD E,H,Match,0/0
6605,MCNAUGHTEN CT,,No_Match,0/1
282,LITTLE BROOK WAY,,No_Match,30/31
6619,MCNAUGHTEN CT,,No_Match,0/1
1946,OLDE COVENTRY RD E,,Match,0/0
2630,BIRCHTREE CT,,Match,0/0
6523,MCNAUGHTEN CT,,No_Match,0/1
3205,S HAMILTON RD,,Match,242/753
2371,SHORE BLVD E,F,Match,0/0
2852,CITIZENS PL,C,Match,0/1
3364,SUFFIELD,,Match,0/0
5577,HIBERNIA DR,C,Match,0/1
180,LITTLE BROOK WAY,,No_Match,30/31
5982,LAKE CLUB SQ,B,Match,0/1
2451,KIMBERLY PKWY N,,Tie,0/0
3763,KNIGHTSWAY LN,,Match,0/2
4986,COVENTRY CT S,,Match,0/0
4590,ISINGTON CT,,Match,0/0
3683,KIDRON CT,,Match,0/0
4269,EASTLAND SQUARE DR,,Match,0/1
2726,TENNYSON BLVD,B,Match,0/0
120,LITTLE BROOK WAY,,No_Match,30/31
5825,E LIVINGSTON AVE,,Match,406/920
4655,REFUGEE RD,3E,Match,119/267
5040,COVENTRY DR,A,Match,0/0
2796,CITIZENS PL,C,Match,0/1
1321,MCNAUGHTEN RD,,Match,80/137
3685,FARTHING LN,,Match,0/2
3192,EASTHAVEN DR S,,Match,0/0
2045,PINE NEEDLE CT,,Match,0/0
5005,COVENTRY CT N,,Match,0/0
6062,CHANNINGWAY BLVD,,Match,0/0
1844,COVENTRY LN,,Match,0/0
2145,RIVERDALE SQ E,,Match,0/0
3661,RIVERDALE SQ,,Match,0/0
3653,RIVERDALE SQ,,Match,0/0
2306,RANDY CT,,Match,0/0
3740,NOAM CT,,Match,0/0
3755,KIMBERLY WEST DR,UNIT 6,Tie,0/0
3663,MENDON PL,,Match,0/0
2461,HUDSON BAY WAY,,Match,0/0
2468,HUDSON BAY WAY,,Match,0/0
3900,RIVERCREEK BAY WAY,,Match,0/0
3972,SOLDIER ST,,Match,12/82
5364,YORKSHIRE VILLAGE LN,,Match,0/0
5568,HIBERNIA DR,C,Match,0/1
3970,LAUREL LN,,Match,2/2
2102,MUIRWOOD DR,,Match,0/1
4088,JENERA PL,,Match,0/0
5608,HIBERNIA DR,B,Match,0/1
5427,LONSDALE PL S,UNIT D,Match,0/0
2510,KIMBERLY PKWY E,101,Match,0/0
1762,LONSDALE PL E,UNIT B,Match,0/0
5489,E LIVINGSTON AVE,UNIT B,Match,406/920
4318,REFUGEE RD,,Match,119/267
3305,BRANFORD,,Match,0/0
1793,BAIRSFORD CIR W,,Match,0/0
2824,CITIZENS PL,B,Match,0/1
2774,CITIZENS PL,B,Match,0/1
2735,TENNYSON BLVD,C,Match,0/0
4599,REFUGEE RD,3C,Match,119/267
2564,PARK CRESCENT,,Match,0/0
5681,E LIVINGSTON AVE,,Match,406/920
5822,HALLRIDGE CIR,,Match,0/0
2750,TENNYSON BLVD,D,Match,0/0
4545,LAKE SIDE S,C,Match,0/0
2447,SHORE BLVD E,C,Match,0/0
2427,SHORE BLVD E,,Match,0/0
2407,SHORE BLVD E,,Match,0/0
4576,LAKE SIDE N,,Match,0/0
4617,REFUGEE RD,2D,Match,119/267
2881,TENNYSON BLVD,206,Match,0/0
2881,TENNYSON BLVD,103,Match,0/0
5637,CHANTRY DR,,Match,0/16
438,CHANTRY DR,,No_Match,0/16
308,CHANTRY DR,,No_Match,0/16
140,CHANTRY DR,,No_Match,0/16
4657,REFUGEE RD,2K,Match,119/267
4644,CHANNING TER,,Match,0/0
4635,HILTON CORPORATE DR,,Match,0/3
4650,HILTON CORPORATE DR,204,Match,0/3
1321,YORKLAND RD,UNIT,Match,23/34
1778,MCNAUGHTEN RD,,Match,80/137
3012,ROTUNDA CT S,,Match,0/0
2955,WINCHESTER PIKE,,Match,4/13
3167,WEBSTER DR,,Match,0/0
3042,ROTUNDA CT S,,Match,0/0
6421,MCNAUGHTEN CT,,No_Match,0/1
6461,MCNAUGHTEN CT,,No_Match,0/1
6625,MCNAUGHTEN CT,,No_Match,0/1
3225,ELIM MANOR CT,,Match,0/1
2772,BRANDY DR,201,Match,0/1
3464,COURTRIGHT LN,,Match,0/0
5357,YORKSHIRE TERRACE DR,B,Match,0/0
3537,ARIEL DR,,Match,0/0
3752,BIRCHTREE LN,,Match,0/0
5381,YORKSHIRE TERRACE DR,3B,Match,0/0
5415,YORKSHIRE TERRACE DR,3B,Match,0/0
5427,YORKSHIRE TERRACE DR,3C,Match,0/0
3691,KIDRON CT,,Match,0/0
3840,MAUMEE BAY WAY,,Match,0/0
5427,LONSDALE PL S,UNIT B,Match,0/0
5439,LONSDALE PL S,UNIT C,Match,0/0
5770,HIBERNIA DR,,Match,0/1
3946,LAUREL LN,,Match,2/2
3962,LAUREL LN,,Match,2/2
5502,DUNFIELD LN,6,Match,0/1
2213,MUIRWOOD DR,,Match,0/1
2154,MUIRWOOD DR,,Match,0/1
2208,MUIRWOOD DR,,Match,0/1
5516,DUNFIELD LN,6,Match,0/1
5536,DUNFIELD LN,1,Match,0/1
5540,CANTARA PL,,Match,0/0
5703,HIBERNIA DR,A,Match,0/1
5715,HIBERNIA DR,C,Match,0/1
2290,SEVILLE AVE,,Match,0/1
2230,SEVILLE AVE,,Match,0/1
2200,SEVILLE AVE,,Match,0/1
2510,KIMBERLY PKWY E,UNIT 210,Match,0/0
4202,EASTLAND SQUARE DR,,Match,0/1
4267,EASTLAND FOOD CT,,No_Match,0/0
5610,TINLEY PARK,,Match,0/0
2745,TENNYSON BLVD,B,Match,0/0
2442,SHORE BLVD W,,Match,0/0
2460,SHORE BLVD W,B,Match,0/0
2824,WYMAN CT,,Match,0/0
4619,REFUGEE RD,1D,Match,119/267
4580,LAKE SIDE N,D,Match,0/0
4628,CHANNING TER,A,Match,0/0
4641,COLERIDGE CT,,Match,0/0
2560 1/2,PARK CRESCENT,,Match,0/0
5840,HALLRIDGE CIR,D,Match,0/0
1251,STEVENLANE BLVD,,Match,0/24
612,CHANTRY DR,,No_Match,0/16
5853,YORKLAND CT,UNIT,Match,0/1
5863,YORKLAND CT,UNIT,Match,0/1
1770,CHANNINGWAY CT W,,Match,0/0
5676,GREENPINE ST,,Match,0/0
1281,MCNAUGHTEN RD,UNIT H,Match,80/137
5755,CHANTRY DR,,Match,0/16
5718,GREENPINE ST,,Match,0/0
6291,MCNAUGHTEN CT,,Match,0/1
2744,BRANDY DR,201,Match,0/1
6507,MCNAUGHTEN CT,,No_Match,0/1
6417,MCNAUGHTEN CT,,No_Match,0/1
6131,MCNAUGHTEN CT,,Match,0/1
6114,MCNAUGHTEN CENTER,,Match,0/0
2783,BERWICK SQ,,Match,0/1
3207,WEBSTER DR,,Match,0/0
3268,ELIM MANOR CT,,Match,0/1
1862,COVENTRY LN,A,Match,0/0
2898,TUPPENCE DR,,Match,0/0
3189,EASTHAVEN DR S,,Match,0/0
6009,LAKE CLUB SQ,,Match,0/1
5200,CEDAR DR,,Match,15/24
5265,E LIVINGSTON AVE,,Match,406/920
3262,ELIM MANOR CT,,Match,0/1
1289,YORKLAND RD,UNIT E,Match,23/34
5880,YORKLAND CT,,Match,0/1
5695,MAPLE TREE LN,,Match,0/0
3681,FARTHING LN,,Match,0/2
3180,ELIM MANOR CT,209,Match,0/1
2744,BRANDY DR,102,Match,0/1
2740,BRANDY DR,102,Match,0/1
5716,GREENPINE ST,,Match,0/0
6329,MCNAUGHTEN CT,,No_Match,0/1
6571,MCNAUGHTEN CT,,No_Match,0/1
2117,PINE GROVE LN,,Match,0/1
4975,COVENTRY CT S,,Match,0/0
4974,COVENTRY CT S,,Match,0/0
2116,PINE GROVE LN,,Match,0/1
4998,MYERS RD,,Match,0/8
5017,COVENTRY CT N,,Match,0/0
2058,PINE GROVE LN,,Match,0/1
5997,LAKE CLUB SQ,,Match,0/1
2150,RIVERDALE SQ E,,Match,0/0
5167,CEDAR DR,E,Match,15/24
3754,BIRCHTREE LN,,Match,0/0
2207,DURANT AVE,,Match,0/1
3856,MAUMEE BAY WAY,,Match,0/0
5200,CEDAR DR,E,Match,15/24
1627,COPPERTREE RD,,Match,2/2
5469,RED BIRD CT,,Match,0/1
3888,MAUMEE BAY WAY,,Match,0/0
5539,HIBERNIA DR,C,Match,0/1
5401,LONSDALE PL S,UNIT D,Match,0/0
5415,YORKSHIRE TERRACE DR,7A,Match,0/0
5629,HIBERNIA DR,,Match,0/1
2221,SUNSHINE PL,,Match,0/1
2198,SUNSHINE PL,,Match,0/1
2409,KIMBERLY PKWY N,,Tie,0/0
2413,KIMBERLY PKWY N,,Tie,0/0
2112,MUIRWOOD DR,,Match,0/1
3359,WINTER LANE PARK,,Match,0/0
5418,LONSDALE PL S,UNIT A,Match,0/0
2667,BRICE RD,,No_Match,177/386
1745,LONSDALE PL E,UNIT B,Match,0/0
3266,WINTER LANE PARK,,Match,0/0
5516,E LIVINGSTON AVE,,Match,406/920
5515,CANTARA PL,6,Match,0/0
3130,S HAMILTON RD,,Match,242/753
4404,CROSSROADS CENTER,,Match,0/0
5605,CHATTERTON RD,,Match,0/12
2851,CITIZENS PL,F,Match,0/1
2791,CITIZENS PL,H,Match,0/1
2834,WYMAN CT,D,Match,0/0
4540,LAKE SIDE N,B,Match,0/0
4599,REFUGEE RD,2B,Match,119/267
4581,MONMOUTH CT,,Match,0/0
4551,LAKE SIDE S,A,Match,0/0
4619,REFUGEE RD,2A,Match,119/267
4619,REFUGEE RD,1C,Match,119/267
4617,HEBRIDES DR,D,Match,0/0
2813,TENNYSON BLVD,211,Match,0/0
2810,TENNYSON BLVD,B,Match,0/0
2361,SHORE BLVD E,G,Match,0/0
4661,REFUGEE RD,2C,Match,119/267
2824,TENNYSON BLVD,D,Match,0/0
2962,NATHANIEL BLVD,A,Match,0/0
4630,HILTON CORPORATE DR,114,Match,0/3
4650,HILTON CORPORATE DR,211,Match,0/3
1295,STEVENLANE BLVD,,Match,0/24
5685,BAIRSFORD CIR N,1,Match,0/0
5675,BAIRSFORD CIR N,20,Match,0/0
194,CHANTRY DR,,No_Match,0/16
624,CHANTRY DR,,No_Match,0/16
158,CHANTRY DR,,No_Match,0/16
90,CHANTRY DR,,No_Match,0/16
2575,SILVER OAK DR,,Match,0/1
262,LITTLE BROOK WAY,,No_Match,30/31
648,LITTLE BROOK WAY,,No_Match,30/31
1798,CHANNINGWAY CT W,,Match,0/0
2319,HAMILTON RD,,Match,242/753
2843,CITIZENS PL,G,Match,0/1
5591,AUTUMN CHASE DR,A,Match,0/1
5565,HUTCHINSTONE RD,,Match,0/0
2810,CITIZENS PL,C,Match,0/1
2774,CITIZENS PL,H,Match,0/1
2748,CITIZENS PL,C,Match,0/1
2400,SHORE BLVD W,,Match,0/0
5560,CHANTRY DR,,Match,0/16
5820,HALLRIDGE CIR,,Match,0/0
5340,HALLRIDGE CIR,,No_Match,0/0
4595,REFUGEE RD,3D,Match,119/267
4593,REFUGEE RD,1E,Match,119/267
4564,MANDEVILLE CT,D,Match,0/0
2870,WOOLWICH CT,104,Match,0/0
4582,HEMINGWAY CT,D,Match,0/1
4583,MONMOUTH CT,,Match,0/0
4583,ISINGTON CT,A,Match,0/0
2789,NEWCASTLE CT,,Match,0/0
4595,REFUGEE RD,2B,Match,119/267
4585,LAKE SIDE S,J,Match,0/0
4580,LAKE SIDE N,B,Match,0/0
198,CHANTRY DR,,No_Match,0/16
402,CHANTRY DR,,No_Match,0/16
396,LITTLE BROOK WAY,,No_Match,30/31
466,LITTLE BROOK WAY,,No_Match,30/31
500,LITTLE BROOK WAY,,No_Match,30/31
406,LITTLE BROOK WAY,,No_Match,30/31
5854,MCKAHAN CT,,Match,0/14
4626,CHANNING TER,B,Match,0/0
4659,COLERIDGE CT,,Match,0/0
2942,NATHANIEL BLVD,C,Match,0/0
1285,YORKLAND RD,UNIT H,Match,23/34
5878,YORKLAND CT,UNIT L,Match,0/1
1524,ABRAHAM WOODS,,Match,0/0
3178,WEBSTER DR,,Match,0/0
6709,MCNAUGHTEN CT,,No_Match,0/1
6613,MCNAUGHTEN CT,,No_Match,0/1
2797,BERWICK SQ,,Match,0/1
2765,NOE-BIXBY RD,,No_Match,242/328
2780,GROSSE POINT,,Match,0/0
2782,GROSSE POINT,,Match,0/0
3171,WABASH CT S,,Match,0/0
4798,LARAINE CT,201,Match,0/0
1925,OLDE COVENTRY RD,,Match,0/0
6066,CHANNINGWAY BLVD,,Match,0/0
1921,OLDE COVENTRY RD E,,Match,0/0
5052,COVENTRY CT N,B,Match,0/0
5121,CEDAR DR,H,Match,15/24
5145,CEDAR DR,L,Match,15/24
5167,CEDAR DR,K,Match,15/24
2810,BANWICK RD,,Match,0/9
3649,RIVERDALE SQ,,Match,0/0
3660,RIVERDALE SQ,,Match,0/0
3729,BUCKMAN ST,,Match,0/0
3722,BIRCHTREE LN,,Match,0/0
2316,RANDY CT,,Match,0/0
3709,CHARBERT CT,,Match,0/0
3722,DAWN CT,,Match,0/0
2213,COURTSIDE DR,E,Match,0/2
2231,COURTSIDE DR,C,Match,0/2
3737,CHARBERT CT,,Match,0/0
5415,YORKSHIRE TERRACE DR,7B,Match,0/0
5572,HIBERNIA DR,A,Match,0/1
3681,KIDRON CT,,Match,0/0
5427,LONSDALE PL S,,Match,0/0
5430,LONSDALE PL S,UNIT B,Match,0/0
5665,HIBERNIA DR,B,Match,0/1
5645,HIBERNIA DR,A,Match,0/1
5649,HIBERNIA DR,B,Match,0/1
2249,SUNSHINE PL,,Match,0/1
2199,MUIRWOOD DR,,Match,0/1
3259,WINTER LANE PARK,,Match,0/0
5800,HIBERNIA DR,B,Match,0/1
2625,WINCHESTER PIKE,,Match,4/13
2241,SEVILLE AVE,,Match,0/1
4247,DONLYN CT,,Match,0/0
1740,LONSDALE PL E,UNIT A,Match,0/0
5515,CANTARA PL,2,Match,0/0
1557,BANDERA CT,,Match,0/0
4259,KIMBERLY PKWY,,Match,0/1
4230,S HAMILTON RD,,No_Match,242/753
5481,CHATFORD SQ,,Match,0/1
2246,S HAMILTON RD,103,Match,242/753
2426,SHORE BLVD W,,Match,0/0
4520,LAKE SIDE N,,Match,0/0
5589,AUTUMN CHASE DR,B,Match,0/1
2870,WOOLWICH CT,204,Match,0/0
4579,HEMINGWAY CT,B,Match,0/1
2451,SHORE BLVD E,A,Match,0/0
2411,SHORE BLVD E,K,Match,0/0
2429,SHORE BLVD E,,Match,0/0
5792,HALLRIDGE CIR,,Match,0/0
5840,REDAPPLE RIDGE,,Match,0/0
3018,ROTUNDA CT S,,Match,0/0
3047,ROTUNDA CT N,,Match,0/0
2884,NATHANIEL BLVD,,Match,0/0
5860,HALLRIDGE CIR,,Match,0/0
5813,HALLRIDGE CIR,,Match,0/0
436,CHANTRY DR,,No_Match,0/16
364,CHANTRY DR,,No_Match,0/16
2621,SILVER OAK DR,,Match,0/1
58,LITTLE BROOK WAY,,No_Match,30/31
54,LITTLE BROOK WAY,,No_Match,30/31
144,LITTLE BROOK WAY,,No_Match,30/31
2783,GROSSE POINT,,Match,0/0
4770,LARAINE CT,202,Match,0/0
2744,BRANDY DR,104,Match,0/1
5880,YORKLAND CT,UNIT D,Match,0/1
2798,GROSSE POINT,,Match,0/0
3346,TRADAN DR,,Match,0/1
6473,MCNAUGHTEN CT,,No_Match,0/1
6183,MCNAUGHTEN CT,,Match,0/1
3269,SUNMARK AVE,,Match,0/0
5007,COVENTRY CT N,,Match,0/0
2088,PINE GROVE LN,,Match,0/1
1858,COVENTRY LN,D,Match,0/0
6011,LAKE CLUB SQ,,Match,0/1
3598,RIVERDALE SQ,,Match,0/0
5861,CHANTRY DR,,Match,0/16
6024,LAKE CLUB CT,,Match,0/1
5099,CEDAR DR,H,Match,15/24
2368,MALKA CT,,Match,0/0
3573,ARIEL DR,,Match,0/0
5141,CEDAR DR,C,Match,15/24
3763,KIMBERLY WEST DR,UNIT 6,Tie,0/0
2233,COURTSIDE DR,G,Match,0/2
3793,SOFT WIND DR,,Match,0/0
3789,SOFT WIND DR,,Match,0/0
3922,LAUREL LN,,Match,2/2
2438,KIMBERLY WOODS DR,,Tie,0/1
2415,KIMBERLY PKWY N,,Tie,0/0
2435,KIMBERLY PKWY N,,Tie,0/0
2317,MUIRWOOD DR,,Match,0/1
2244,MUIRWOOD DR,,Match,0/1
2298,SEVILLE AVE,,Match,0/1
2254,SEVILLE AVE,,Match,0/1
5419,LONSDALE PL S,,Match,0/0
5770,HIBERNIA DR,C,Match,0/1
5484,DUNFIELD LN,3,Match,0/1
4252,EASTLAND SQUARE DR,,Match,0/1
5712,HIBERNIA DR,C,Match,0/1
5542,DUNFIELD LN,6,Match,0/1
3138,S HAMILTON RD,,Match,242/753
2785,CITIZENS PL,A,Match,0/1
5594,AUTUMN CHASE DR,A,Match,0/1
2784,BERWICK SQ,,Match,0/1
4650,HILTON CORPORATE DR,208,Match,0/3
4729,HILTON CORPORATE DR,,Match,0/3
6103,MCNAUGHTEN CENTER,,Match,0/0
6249,MCNAUGHTEN CT,,Match,0/1
6301,MCNAUGHTEN CT,,No_Match,0/1
5820,MAPLE TREE LN,,No_Match,0/0
5936,SHANA DR,,Match,0/1
2899,SHILLING DR,,Match,0/0
2894,SHILLING DR,,Match,0/0
4826,LARAINE CT,203,Match,0/0
2714,BRANDY DR,101,Match,0/1
6014,LAKE CLUB SQ,,Match,0/1
4954,OLDE COVENTRY RD W,,Match,0/0
4982,OLDE COVENTRY RD W,,Match,0/0
5015,COVENTRY CT N,,Match,0/0
2610,BIRCHTREE WAY,,Match,0/0
3719,KNIGHTSWAY LN,,Match,0/2
3741,NOAM CT,,Match,0/0
2207,COURTSIDE DR,A,Match,0/2
3763,KIMBERLY WEST DR,UNIT 1,Tie,0/0
3763,KIMBERLY WEST DR,UNIT 3,Tie,0/0
2233,COURTSIDE DR,A,Match,0/2
5330,YORKSHIRE TERRACE DR,B10,Match,0/0
3800,RIVERCREEK BAY WAY,,Match,0/0
3690,SOFT WIND DR,,No_Match,0/0
2191,SOFT WIND CT,,Match,0/0
3731,SOFT WIND DR,,Match,0/0
5393,YORKSHIRE TERRACE DR,6C,Match,0/0
5575,HIBERNIA DR,,Match,0/1
5535,HIBERNIA DR,B,Match,0/1
5415,YORKSHIRE TERRACE DR,6C,Match,0/0
5600,HIBERNIA DR,B,Match,0/1
3927,KIMBERLY PKWY N,,Match,0/0
3933,KIMBERLY PKWY N,,Match,0/0
2229,SUNSHINE PL,,Match,0/1
2060,SUNSHINE PL,,Match,0/1
2160,SUNSHINE PL,,Match,0/1
2120,SUNSHINE PL,,Match,0/1
5632,HIBERNIA DR,,Match,0/1
5440,LONSDALE PL S,UNIT C,Match,0/0
5774,HIBERNIA DR,B,Match,0/1
5502,DUNFIELD LN,5,Match,0/1
5766,HIBERNIA DR,A,Match,0/1
5754,HIBERNIA DR,B,Match,0/1
2286,MUIRWOOD DR,,Match,0/1
2128,MUIRWOOD DR,,Match,0/1
2367,MERCEDES LN,,Match,0/0
5504,E LIVINGSTON AVE,,Match,406/920
5457,CHATFORD SQ,,Match,0/1
2549,FRANKSWAY ST,,Match,0/1
4440,KINGSLAND AVE,,Match,0/1
5561,HUTCHINSTONE RD,,Match,0/0
5560,MILLERSFIELD DR,,Match,0/1
2851,CITIZENS PL,B,Match,0/1
2860,CITIZENS PL,C,Match,0/1
2801,MARWOOD CT,A,Match,0/1
544,CHANTRY DR,,No_Match,0/16
138,CHANTRY DR,,No_Match,0/16
450,CHANTRY DR,,No_Match,0/16
536,CHANTRY DR,,No_Match,0/16
5625,CHANTRY DR,,Match,0/16
46,LITTLE BROOK WAY,,No_Match,30/31
2747,TENNYSON BLVD,C,Match,0/0
4501,LAKE SIDE S,D,Match,0/0
4535,LAKE SIDE S,J,Match,0/0
2440,SHORE BLVD W,A,Match,0/0
4563,HEMINGWAY CT,A,Match,0/1
4607,REFUGEE RD,1A,Match,119/267
230,LITTLE BROOK WAY,,No_Match,30/31
394,LITTLE BROOK WAY,,No_Match,30/31
668,LITTLE BROOK WAY,,No_Match,30/31
1285,YORKLAND RD,UNIT O,Match,23/34
3034,ROTUNDA CT S,,Match,0/0
4621,REFUGEE RD,1B,Match,119/267
2881,TENNYSON BLVD,106,Match,0/0
4661,REFUGEE RD,2B,Match,119/267
2900,NATHANIEL BLVD,B,Match,0/0
4630,HILTON CORPORATE DR,218,Match,0/3
2519,EASTERN PINE RD,,Match,0/0
1281,MCNAUGHTEN RD,UNIT A,Match,80/137
1520,ABRAHAM WOODS,,Match,0/0
4655,REFUGEE RD,3B,Match,119/267
4632,CHANNING TER,A,Match,0/0
4669,REFUGEE RD,1I,Match,119/267
2902,MERRYMOUNT CT,D,Match,0/0
2866,MERRYMOUNT CT,A,Match,0/0
5880,YORKLAND CT,UNIT G,Match,0/1
5894,CHATTERTON RD,,No_Match,0/12
5723,SPRUCE TREE DR,,Match,0/0
2517,EASTERN PINE RD,,Match,0/0
6723,MCNAUGHTEN CT,,No_Match,0/1
6411,MCNAUGHTEN CT,,No_Match,0/1
3683,FARTHING LN,,Match,0/2
2178,ROTUNDA DR,,Match,6/10
6201,MCNAUGHTEN CT,,Match,0/1
2764,BRANDY DR,203,Match,0/1
2189,FOXCROFT GREEN,,Match,0/0
5988,LAKE CLUB SQ,,Match,0/1
2496,FOREST GREEN CT,,Match,0/0
2714,BRANDY DR,204,Match,0/1
4816,ROLLINGBROOK LN,D,Tie,0/0
1896,OLDE COVENTRY RD E,,Match,0/0
5011,COVENTRY CT N,,Match,0/0
1900,OLDE COVENTRY RD E,,Match,0/0
5095,CEDAR DR,G,Match,15/24
2158,RIVERDALE SQ E,,Match,0/0
3636,RIVERDALE SQ,,Match,0/0
5121,CEDAR DR,B,Match,15/24
3723,BIRCHTREE LN,,Match,0/0
1631,COPPERTREE RD,,Match,2/2
2412,HUDSON BAY WAY,,Match,0/0
2362,CANAL BAY WAY,,Match,0/1
3919,KIMBERLY PKWY N,,Match,0/0
3916,MAUMEE BAY WAY,,Match,0/0
2187,SUNSHINE PL,,Match,0/1
2114,SUNSHINE PL,,Match,0/1
2118,SUNSHINE PL,,Match,0/1
5348,YORKSHIRE VILLAGE LN,,Match,0/0
3277,ST BERNARD CIR,,Match,0/0
5370,YORKSHIRE TERRACE DR,C,Match,0/0
2275,MUIRWOOD DR,,Match,0/1
5652,HIBERNIA DR,A,Match,0/1
5456,E LIVINGSTON AVE,,Match,406/920
5796,HIBERNIA DR,B,Match,0/1
2510,KIMBERLY PKWY E,UNIT 101,Match,0/0
2510,KIMBERLY PKWY E,104,Match,0/0
3319,SUFFIELD,,Match,0/0
1740,LONSDALE PL E,UNIT D,Match,0/0
3314,SUFFIELD,,Match,0/0
1530,CABORA LN,,Match,0/0
5620,TINLEY PARK,,Match,0/0
2817,CITIZENS PL,D,Match,0/1
1832,S HAMILTON RD,,Match,242/753
2774,CITIZENS PL,F,Match,0/1
2836,WYMAN CT,C,Match,0/0
2784,MARWOOD CT,B,Match,0/1
4530,LAKE SIDE N,J,Match,0/0
2510,PARK CRESCENT,,Match,0/0
5675,BAIRSFORD CIR N,10,Match,0/0
2791,NEWCASTLE CT,C,Match,0/0
4570,LAKE SIDE N,I,Match,0/0
4605,REFUGEE RD,1C,Match,119/267
4621,REFUGEE RD,3B,Match,119/267
4621,REFUGEE RD,3D,Match,119/267
2797,TENNYSON BLVD,A,Match,0/0
2810,TENNYSON BLVD,A,Match,0/0
2814,TENNYSON BLVD,A,Match,0/0
662,CHANTRY DR,,No_Match,0/16
514,CHANTRY DR,,No_Match,0/16
2572,SILVER OAK DR,,Match,0/1
558,LITTLE BROOK WAY,,No_Match,30/31
370,LITTLE BROOK WAY,,No_Match,30/31
5657,MAPLE TREE LN,,Match,0/0
2853,CITIZENS PL,D,Match,0/1
2234,S HAMILTON RD,100,Match,242/753
2787,MARWOOD CT,,Match,0/1
2747,TENNYSON BLVD,B,Match,0/0
2782,MARWOOD CT,,Match,0/1
2730,TENNYSON BLVD,B,Match,0/0
610,CHANTRY DR,,No_Match,0/16
166,CHANTRY DR,,No_Match,0/16
418,CHANTRY DR,,No_Match,0/16
472,CHANTRY DR,,No_Match,0/16
5589,CHANTRY DR,,Match,0/16
588,LITTLE BROOK WAY,,No_Match,30/31
542,LITTLE BROOK WAY,,No_Match,30/31
240,LITTLE BROOK WAY,,No_Match,30/31
134,LITTLE BROOK WAY,,No_Match,30/31
3170,WEBSTER DR,,Match,0/0
4536,LAKE SIDE S,D,Match,0/0
2820,WYMAN CT,D,Match,0/0
2765,TENNYSON BLVD,C,Match,0/0
4556,LAKE SIDE N,,Match,0/0
4619,REFUGEE RD,2B,Match,119/267
4615,HEBRIDES DR,D,Match,0/0
2841,ROCKFORD LN,,Match,0/0
2814,TENNYSON BLVD,D,Match,0/0
5741,CHANTRY DR,,Match,0/16
5674,GREENPINE ST,,Match,0/0
5719,SPRUCE TREE DR,,Match,0/0
5731,SPRUCE TREE DR,,Match,0/0
2503,EASTERN PINE RD,,Match,0/0
1281,MCNAUGHTEN RD,UNIT C,Match,80/137
4686,FENIMORE CT,A,Match,0/0
4650,HILTON CORPORATE DR,216,Match,0/3
6285,MCNAUGHTEN CT,,Match,0/1
6233,MCNAUGHTEN CT,,Match,0/1
2785,GROSSE POINT,,Match,0/0
3286,TRADAN DR,,Match,0/1
2808,GROSSE POINT,,Match,0/0
3180,ELIM MANOR CT,213,Match,0/1
2089,LAKE CLUB TER,A,Match,0/0
5989,LAKE CLUB SQ,,Match,0/1
6069,LAKE CLUB PL,,Match,0/0
2081,PINE GROVE LN,,Match,0/1
5034,COVENTRY DR,C,Match,0/0
5040,COVENTRY DR,C,Match,0/0
2166,RIVERDALE SQ W,,Match,0/0
3466,COURTRIGHT LN,C,Match,0/0
3480,COURTRIGHT LN,,Match,0/0
2564,SPRINGWAY CT,,Match,0/0
2484,BENIE CT,,Match,0/0
5321,YORKSHIRE TERRACE DR,D,Match,0/0
3717,CHARBERT CT,,Match,0/0
2500,BENIE CT,,Match,0/0
5418,YORK LN S,,Match,0/0
5621,HIBERNIA DR,A,Match,0/1
5588,HIBERNIA DR,B,Match,0/1
2410,CANAL BAY WAY,,Match,0/1
3967,PENNIMAN ST,,No_Match,0/1
5440,LONSDALE PL N,UNIT C,Match,0/0
3998,KIMBERLY PKWY N,,Match,0/0
5762,HIBERNIA DR,C,Match,0/1
5788,HIBERNIA DR,B,Match,0/1
5542,DUNFIELD LN,3,Match,0/1
2108,MUIRWOOD DR,,Match,0/1
2510,KIMBERLY PKWY E,110,Match,0/0
2510,KIMBERLY PKWY E,209,Match,0/0
4233,DONLYN CT,,Match,0/0
4287,DONLYN CT,,Match,0/0
4259,EASTLAND SQUARE DR,,Match,0/1
4319,DONLYN CT,,Match,0/0
4280,EASTLAND SQUARE DR,,Match,0/1
5593,AUTUMN CHASE DR,B,Match,0/1
2339,HAMILTON RD,,Match,242/753
3156,S HAMILTON RD,,Match,242/753
5842,HALLRIDGE CIR,C,Match,0/0
3181,WABASH CT S,,Match,0/0
4988,OLDE COVENTRY RD W,,Match,0/0
1849,COVENTRY LN,,Match,0/0
1962,LAKE CLUB DR,,Match,1/11
2494,FOREST GREEN CT,,Match,0/0
5099,CEDAR DR,E,Match,15/24
3473,COURTRIGHT LN,B,Match,0/0
5141,CEDAR DR,F,Match,15/24
3548,ARIEL DR,,Match,0/0
3754,BUCKMAN ST,,Match,0/0
3716,NOAM CT,,Match,0/0
2309,PETZINGER CT,,Match,0/0
3796,BUCKMAN ST,,Match,0/0
2225,COURTSIDE DR,D,Match,0/2
2377,CANAL BAY WAY,,Match,0/1
2402,CANAL BAY WAY,,Match,0/1
5415,YORKSHIRE TERRACE DR,4C,Match,0/0
5415,YORKSHIRE TERRACE DR,2B,Match,0/0
5617,HIBERNIA DR,C,Match,0/1
2250,SUNSHINE PL,,Match,0/1
5459,E LIVINGSTON AVE,UNIT A,Match,406/920
1553,APPLETON CT,,Match,0/0
2433,KIMBERLY PKWY N,,Tie,0/0
5438,CHATFORD SQ,,Match,0/1
2739,EASTLAND MALL,,Match,0/1
4251,DONLYN CT,,Match,0/0
4295,DONLYN CT,,Match,0/0
4307,DONLYN CT,,Match,0/0
4351,DONLYN CT,,Match,0/0
3385,SUFFIELD,,Match,0/0
5599,CHATTERTON RD,,Match,0/12
4299,KIMBERLY PKWY,,Match,0/1
5555,AUTUMN CHASE DR,,Match,0/1
5753,HALLRIDGE CIR,,Match,0/0
2845,CITIZENS PL,A,Match,0/1
2244,S HAMILTON RD,103,Match,242/753
2743,TENNYSON BLVD,A,Match,0/0
3029,ROTUNDA CT S,,Match,0/0
2783,MARWOOD CT,,Match,0/1
4499,LAKE SIDE S,B,Match,0/0
4501,LAKE SIDE S,B,Match,0/0
4597,REFUGEE RD,3E,Match,119/267
2784,MARWOOD CT,C,Match,0/1
2774,TENNYSON BLVD,,Match,0/0
4605,REFUGEE RD,3A,Match,119/267
5667,E LIVINGSTON AVE,,Match,406/920
5838,HALLRIDGE CIR,C,Match,0/0
3047,ROTUNDA CT S,,Match,0/0
2881,TENNYSON BLVD,105,Match,0/0
2810,TENNYSON BLVD,D,Match,0/0
4657,REFUGEE RD,2F,Match,119/267
4663,REFUGEE RD,1B,Match,119/267
4647,COLERIDGE CT,,Match,0/0
4680,FENIMORE CT,D,Match,0/0
504,CHANTRY DR,,No_Match,0/16
124,CHANTRY DR,,No_Match,0/16
2569,SILVER OAK DR,,Match,0/1
4690,HILTON CORPORATE DR,,Match,0/3
4761,HILTON CORPORATE DR,,Match,0/3
1777,CHANNINGWAY CT E,,Match,0/0
3273,CALVEYLEE LN,,Match,0/0
3148,ROTUNDA CT N,,Match,0/0
2813,GROSSE POINT,,Match,0/0
6701,MCNAUGHTEN CT,,No_Match,0/1
6118,MCNAUGHTEN CENTER,,Match,0/0
6124,MCNAUGHTEN CENTER,,Match,0/0
2865,CITIZENS PL,A,Match,0/1
2448,SHORE BLVD W,,Match,0/0
4575,MANDEVILLE CT,C,Match,0/0
4570,ISINGTON CT,211,Match,0/0
2870,WOOLWICH CT,210,Match,0/0
2740,TENNYSON BLVD,A,Match,0/0
3155,WEBSTER DR,,Match,0/0
3190,WEBSTER DR,,Match,0/0
4609,REFUGEE RD,1J,Match,119/267
4611,REFUGEE RD,2A,Match,119/267
2881,TENNYSON BLVD,101,Match,0/0
4632,CHANNING TER,D,Match,0/0
298,CHANTRY DR,,No_Match,0/16
252,CHANTRY DR,,No_Match,0/16
522,CHANTRY DR,,No_Match,0/16
486,CHANTRY DR,,No_Match,0/16
108,LITTLE BROOK WAY,,No_Match,30/31
388,LITTLE BROOK WAY,,No_Match,30/31
266,LITTLE BROOK WAY,,No_Match,30/31
446,LITTLE BROOK WAY,,No_Match,30/31
2809,BERWICK SQ,,Match,0/1
2804,BERWICK SQ,,Match,0/1
3189,WEBSTER DR,,Match,0/0
2766,GROSSE POINT,,Match,0/0
5672,GREENPINE ST,,Match,0/0
2499,EASTERN PINE RD,,Match,0/0
5753,SPRUCE TREE DR,,Match,0/0
5809,MAPLE TREE LN,,Match,0/0
3360,TRADAN DR,,Match,0/1
6109,MCNAUGHTEN CENTER,,Match,0/0
6499,MCNAUGHTEN CT,,No_Match,0/1
6575,MCNAUGHTEN CT,,No_Match,0/1
6509,MCNAUGHTEN CT,,No_Match,0/1
6175,MCNAUGHTEN CT,,Match,0/1
4948,OLDE COVENTRY RD W,,Match,0/0
2113,PINE GROVE LN,,Match,0/1
2105,PINE GROVE LN,,Match,0/1
5981,LAKE CLUB SQ,G,Match,0/1
4978,OLDE COVENTRY RD W,,Match,0/0
1889,COVENTRY CT,,Match,2/2
5994,LAKE CLUB SQ,,Match,0/1
3479,COURTRIGHT LN,,Match,0/0
5165,CEDAR DR,E,Match,15/24
2170,RIVERDALE SQ E,,Match,0/0
3643,RIVERDALE SQ,,Match,0/0
3740,KNIGHTSWAY LN,,Match,0/2
3703,REFUGEE RD,,Match,119/267
3724,DAWN CT,,Match,0/0
1623,COPPERTREE RD,,Match,2/2
2265,PETZINGER CT,,Match,0/0
3856,BUCKMAN ST,,Match,0/0
3697,MENDON PL,,Match,0/0
3712,SOFT WIND DR,,Match,0/0
5603,HIBERNIA DR,,Match,0/1
5564,HIBERNIA DR,B,Match,0/1
3959,MAUMEE BAY WAY,,Match,0/0
2230,SUNSHINE PL,,Match,0/1
5419,LONSDALE PL S,UNIT A,Match,0/0
5645,HIBERNIA DR,B,Match,0/1
5784,HIBERNIA DR,C,Match,0/1
3262,WINTER LANE PARK,,Match,0/0
5469,CHATFORD SQ,,Match,0/1
2370,MERCEDES LN,,Match,0/0
2510,KIMBERLY PKWY E,UNIT 110,Match,0/0
4283,DONLYN CT,,Match,0/0
4253,EASTLAND SQUARE DR,,Match,0/1
5532,E LIVINGSTON AVE,,Match,406/920
5522,DUNFIELD LN,3,Match,0/1
5542,DUNFIELD LN,,Match,0/1
2759,WINCHESTER PIKE,,Match,4/13
2708,EASTLAND MALL,UNIT A,Match,0/1
4321,DONLYN CT,,Match,0/0
4331,DONLYN CT,,Match,0/0
3651,S HAMILTON RD,CATV,Match,242/753
5510,CHATFORD SQ,,Match,0/1
5567,AUTUMN CHASE DR,B,Match,0/1
5752,HALLRIDGE CIR,,Match,0/0
2562,S HAMILTON RD,,Match,242/753
5765,HALLRIDGE CIR,,Match,0/0
4603,REFUGEE RD,1A,Match,119/267
4593,REFUGEE RD,2J,Match,119/267
4611,WORDSWORTH CT,C,Match,0/0
4616,CHANNING TER,A,Match,0/0
2471,SHORE BLVD E,C,Match,0/0
4659,REFUGEE RD,2C,Match,119/267
4615,HEBRIDES DR,A,Match,0/0
4650,HILTON CORPORATE DR,202,Match,0/3
5675,BAIRSFORD CIR N,6,Match,0/0
5801,E LIVINGSTON AVE,,Match,406/920
134,CHANTRY DR,,No_Match,0/16
182,CHANTRY DR,,No_Match,0/16
54,CHANTRY DR,,No_Match,0/16
104,CHANTRY DR,,No_Match,0/16
2657,SILVER OAK DR,,Match,0/1
6803,MCNAUGHTEN CT,,No_Match,0/1
6135,ZACHARY WOODS LN,,Match,0/24
2124,PINE GROVE LN,,Match,0/1
2048,SEPICH LN,,Match,0/1
1862,COVENTRY LN,B,Match,0/0
6016,LAKE CLUB CT,,Match,0/1
6051,LAKE CLUB PL,,Match,0/0
5097,CEDAR DR,K,Match,15/24
5095,CEDAR DR,C,Match,15/24
5141,CEDAR DR,D,Match,15/24
1639,COPPERTREE RD,,Match,2/2
2392,MALKA CT,,Match,0/0
3577,ARIEL DR,,Match,0/0
3717,KIMBERLY WEST DR,UNIT 2,Tie,0/0
3744,NOAM CT,,Match,0/0
3686,KIDRON CT,,Match,0/0
5339,YORKSHIRE VILLAGE LN,,Match,0/0
3827,RIVERCREEK BAY WAY,,Match,0/0
3668,SOFT WIND DR,,No_Match,0/0
5564,HIBERNIA DR,A,Match,0/1
5596,HIBERNIA DR,,Match,0/1
5660,HIBERNIA DR,B,Match,0/1
3981,BOSTON COMMON PL,,No_Match,0/27
3928,RIVERCREEK BAY WAY,,Match,0/0
3961,KIMBERLY PKWY N,,Match,0/0
1576,ALLENFORD CT,,Match,0/0
5700,HIBERNIA DR,C,Match,0/1
2194,SUNSHINE PL,,Match,0/1
5511,CHATTERTON RD,,Match,0/12
5471,CHATFORD SQ,,Match,0/1
5521,CANTARA PL,5,Match,0/0
5539,CANTARA PL,,Match,0/0
4219,DONLYN CT,,Match,0/0
2533,FRANKSWAY ST,,Match,0/1
3415,SUFFIELD,,Match,0/0
5624,TINLEY PARK,,Match,0/0
4489,REFUGEE RD,,Match,119/267
2246,S HAMILTON RD,101,Match,242/753
2242,S HAMILTON RD,101,Match,242/753
2859,CITIZENS PL,E,Match,0/1
2730,TENNYSON BLVD,D,Match,0/0
4505,LAKE SIDE N,F,Match,0/0
4603,REFUGEE RD,3C,Match,119/267
4564,MANDEVILLE CT,B,Match,0/0
4539,LAKE SIDE S,,Match,0/0
2431,SHORE BLVD E,L,Match,0/0
3750,KIMBERLY PKWY,,Tie,0/1
2399,HUDSON BAY WAY,,Match,0/0
2209,SOFT WIND CT,,Match,0/0
3948,RIVERCREEK BAY WAY,,Match,0/0
3930,LAUREL LN,,Match,2/2
5370,YORKSHIRE TERRACE DR,E,Match,0/0
5577,HIBERNIA DR,A,Match,0/1
5410,YORKSHIRE TERRACE DR,E,Match,0/0
5660,HIBERNIA DR,A,Match,0/1
2173,MUIRWOOD DR,,Match,0/1
2239,SEVILLE AVE,,Match,0/1
4119,ALVADA ST,,Match,0/0
5774,HIBERNIA DR,C,Match,0/1
3202,WINTER LANE PARK,,Match,0/0
3204,WINTER LANE PARK,,Match,0/0
4349,DONLYN CT,,Match,0/0
2715,EASTLAND MALL,,Match,0/1
1778,LONSDALE PL E,UNIT C,Match,0/0
1740,LONSDALE PL E,UNIT B,Match,0/0
5542,DUNFIELD LN,4,Match,0/1
1560,APPLETON CT,,Match,0/0
4299,EASTLAND SQUARE DR,,Match,0/1
4322 1/2,GROVES RD,CATV,Match,4/54
2569,S HAMILTON RD,,Match,242/753
3381,SUFFIELD,,Match,0/0
2847,CITIZENS PL,C,Match,0/1
2234,S HAMILTON RD,101,Match,242/753
2817,WYMAN CT,C,Match,0/0
4535,LAKE SIDE S,I,Match,0/0
4515,LAKE SIDE N,F,Match,0/0
2806,BERWICK SQ,,Match,0/1
2780,TENNYSON BLVD,,Match,0/0
4535,LAKE SIDE S,L,Match,0/0
4616,HEBRIDES DR,D,Match,0/0
4600,MONMOUTH CT,,Match,0/0
74,CHANTRY DR,,No_Match,0/16
214,CHANTRY DR,,No_Match,0/16
682,CHANTRY DR,,No_Match,0/16
644,CHANTRY DR,,No_Match,0/16
184,CHANTRY DR,,No_Match,0/16
2533,SILVER OAK DR,,Match,0/1
1807,CHANNINGWAY CT W,,Match,0/0
1785,CHANNINGWAY CT W,,Match,0/0
126,LITTLE BROOK WAY,,No_Match,30/31
206,LITTLE BROOK WAY,,No_Match,30/31
574,LITTLE BROOK WAY,,No_Match,30/31
4657,REFUGEE RD,1G,Match,119/267
4672,FENIMORE CT,C,Match,0/0
2874,MERRYMOUNT CT,A,Match,0/0
4650,HILTON CORPORATE DR,108,Match,0/3
5717,SPRUCE TREE DR,,Match,0/0
3682,FARTHING LN,,Match,0/2
3180,ELIM MANOR CT,106,Match,0/1
3183,EASTHAVEN DR S,,Match,0/0
3279,CALVEYLEE LN,,Match,0/0
5791,MAPLE TREE LN,,Match,0/0
6415,MCNAUGHTEN CT,,No_Match,0/1
6713,MCNAUGHTEN CT,,No_Match,0/1
6711,MCNAUGHTEN CT,,No_Match,0/1
6503,MCNAUGHTEN CT,,No_Match,0/1
4795,ROLLINGBROOK LN,A,Tie,0/0
2031,LAKE CLUB TER,,Match,0/0
6002,LAKE CLUB SQ,,Match,0/1
6002,LAKE CLUB CT,A,Match,0/1
3467,COURTRIGHT LN,,Match,0/0
2140,RIVERDALE SQ W,,Match,0/0
4972,COVENTRY CT S,,Match,0/0
4984,OLDE COVENTRY RD W,,Match,0/0
2390,MALKA CT,,Match,0/0
3546,ARIEL DR,,Match,0/0
2574,SPRINGWAY CT,,Match,0/0
3593,ARIEL DR,,Match,0/0
3819,BUCKMAN ST,,Match,0/0
3703,KIMBERLY PKWY N,,Match,0/0
3867,BUCKMAN ST,,Match,0/0
3770,REFUGEE RD,,Match,119/267
2769,BERWICK SQ,,Match,0/1
3124,S HAMILTON RD,,Match,242/753
2843,CITIZENS PL,A,Match,0/1
5774,KARENWAY DR,,Match,0/14
3231,ELIM MANOR CT,,Match,0/1
3180,ELIM MANOR CT,111,Match,0/1
3180,ELIM MANOR CT,103,Match,0/1
4810,REFUGEE RD,C,Match,119/267
4994,OLDE COVENTRY RD W,,Match,0/0
1845,COVENTRY LN,,Match,0/0
2748,CITIZENS PL,D,Match,0/1
2834,WYMAN CT,B,Match,0/0
2832,WYMAN CT,D,Match,0/0
2722,TENNYSON BLVD,D,Match,0/0
4603,REFUGEE RD,3D,Match,119/267
4586,ISINGTON CT,206,Match,0/0
4587,MONMOUTH CT,,Match,0/0
4552,LAKE SIDE N,,Match,0/0
4619,REFUGEE RD,2C,Match,119/267
5675,BAIRSFORD CIR N,7,Match,0/0
642,CHANTRY DR,,No_Match,0/16
250,CHANTRY DR,,No_Match,0/16
1791,CHANNINGWAY CT W,,Match,0/0
1797,CHANNINGWAY CT W,,Match,0/0
3179,EASTHAVEN DR S,,Match,0/0
2884,SHILLING DR,,Match,0/0
1932,OLDE COVENTRY RD E,,Match,0/0
5056,COVENTRY CT N,D,Match,0/0
5099,CEDAR DR,,Match,15/24
4635,WORDSWORTH CT,C,Match,0/0
4661,REFUGEE RD,2D,Match,119/267
4619,REFUGEE RD,2H,Match,119/267
4639,COLERIDGE CT,D,Match,0/0
4629,COLERIDGE CT,,Match,0/0
2826,TENNYSON BLVD,C,Match,0/0
4646,HEBRIDES DR,B,Match,0/0
4682,FENIMORE CT,B,Match,0/0
62,LITTLE BROOK WAY,,No_Match,30/31
372,LITTLE BROOK WAY,,No_Match,30/31
570,LITTLE BROOK WAY,,No_Match,30/31
272,LITTLE BROOK WAY,,No_Match,30/31
1313,YORKLAND RD,UNIT,Match,23/34
1295,YORKLAND RD,UNIT,Match,23/34
2482,FOREST GREEN CT,,Match,0/0
5121,CEDAR DR,G,Match,15/24
5123,CEDAR DR,L,Match,15/24
2534,SILVER OAK DR,,Match,0/1
6193,MCNAUGHTEN CT,,Match,0/1
6463,MCNAUGHTEN CT,,No_Match,0/1
2946,WESSON DR,,No_Match,18/18
6235,MCNAUGHTEN CT,,Match,0/1
3621,RIVERDALE SQ,,Match,0/0
2900,TUPPENCE DR,,Match,0/0
4770,LARAINE CT,203,Match,0/0
2087,LAKE CLUB TER,F,Match,0/0
5999,LAKE CLUB SQ,,Match,0/1
6013,LAKE CLUB SQ,,Match,0/1
6001,LAKE CLUB CT,D,Match,0/1
6000,LAKE CLUB CT,F,Match,0/1
6002,LAKE CLUB CT,B,Match,0/1
3567,ARIEL DR,,Match,0/0
2347,RANDY CT,,No_Match,0/0
3727,FRANCINE CT,,Match,0/0
3706,CHARBERT CT,,Match,0/0
2225,COURTSIDE DR,A,Match,0/2
3763,KIMBERLY WEST DR,UNIT 5,Tie,0/0
4818,LARAINE CT,104,Match,0/0
2738,BRANDY DR,103,Match,0/1
4810,REFUGEE RD,A,Match,119/267
4971,COVENTRY CT S,,Match,0/0
2180,SOFT WIND CT,,Match,0/0
3911,KIMBERLY PKWY N,,Match,0/0
3943,RIVERCREEK BAY WAY,,Match,0/0
3952,RIVERCREEK BAY WAY,,Match,0/0
4970,OLDE COVENTRY RD W,,Match,0/0
5014,COVENTRY DR,A,Match,0/0
5019,COVENTRY CT N,,Match,0/0
2164,RIVERDALE SQ E,,Match,0/0
3657,RIVERDALE SQ,,Match,0/0
3675,RIVERDALE SQ,,Match,0/0
2136,SUNSHINE PL,,Match,0/1
2405,KIMBERLY PKWY N,,Tie,0/0
2223,MUIRWOOD DR,,Match,0/1
2195,MUIRWOOD DR,,Match,0/1
3750,KNIGHTSWAY LN,,Match,0/2
2235,SEVILLE AVE,,Match,0/1
2221,SEVILLE AVE,,Match,0/1
2302,SEVILLE AVE,,Match,0/1
3704,KIMBERLY PKWY N,,Match,0/0
2526,BENIE CT,,Match,0/0
2425,HUDSON BAY WAY,,Match,0/0
4317,DONLYN CT,,Match,0/0
4207,DONLYN CT,,Match,0/0
4251,KIMBERLY PKWY,,Match,0/1
3701,KIDRON CT,,Match,0/0
3799,SOFT WIND DR,,Match,0/0
3980,LAUREL LN,,Match,2/2
2267,MUIRWOOD DR,,Match,0/1
2156,MUIRWOOD DR,,Match,0/1
3222,ST BERNARD CIR,,Match,0/0
5575,HIBERNIA DR,C,Match,0/1
5656,HIBERNIA DR,,Match,0/1
2875,WINCHESTER CT,,Match,1/3
2852,CITIZENS PL,A,Match,0/1
2786,CITIZENS PL,B,Match,0/1
4601,REFUGEE RD,1G,Match,119/267
4582,ISINGTON CT,204,Match,0/0
2760,TENNYSON BLVD,B,Match,0/0
2244,SEVILLE AVE,,Match,0/1
5467,LONSDALE PL N,UNIT A,Match,0/0
5693,HIBERNIA DR,B,Match,0/1
4617,REFUGEE RD,3G,Match,119/267
4617,REFUGEE RD,3C,Match,119/267
4619,REFUGEE RD,3J,Match,119/267
4619,REFUGEE RD,1G,Match,119/267
4628,CHANNING TER,C,Match,0/0
4639,COLERIDGE CT,A,Match,0/0
2958,NATHANIEL BLVD,,Match,0/0
2510,KIMBERLY PKWY E,UNIT 302,Match,0/0
2510,KIMBERLY PKWY E,UNIT 103,Match,0/0
4213,DONLYN CT,,Match,0/0
5526,E LIVINGSTON AVE,,Match,406/920
5516,DUNFIELD LN,2,Match,0/1
5515,CANTARA PL,,Match,0/0
3350,SUFFIELD,,Match,0/0
2865,NATHANIEL BLVD,,Match,0/0
4650,HILTON CORPORATE DR,214,Match,0/3
4300,GROVES RD,,Match,4/54
2331,HAMILTON RD,,Match,242/753
5451,CHATFORD SQ,,Match,0/1
1538,CABORA LN,,Match,0/0
5543,HIBERNIA DR,A,Match,0/1
5415,YORKSHIRE TERRACE DR,8A,Match,0/0
2619,BIRCHTREE CT,,Match,0/0
3749,NOAM CT,,Match,0/0
5624,HIBERNIA DR,A,Match,0/1
3361,WINTER LANE PARK,,Match,0/0
5784,HIBERNIA DR,A,Match,0/1
3892,RIVERCREEK BAY WAY,,Match,0/0
5467,E LIVINGSTON AVE,UNIT B,Match,406/920
2186,SUNSHINE PL,,Match,0/1
3335,SUFFIELD,,Match,0/0
5489,E LIVINGSTON AVE,UNIT C,Match,406/920
3363,SUFFIELD,,Match,0/0
3376,SUFFIELD,,Match,0/0
1526,CABORA LN,,Match,0/0
2399,KIMBERLY PKWY N,,Match,0/0
2313,MUIRWOOD DR,,Match,0/1
2321,HAMILTON RD,,Match,242/753
506,CHANTRY DR,,No_Match,0/16
274,CHANTRY DR,,No_Match,0/16
2608,SILVER OAK DR,,Match,0/1
2566,S HAMILTON RD,,Match,242/753
2827,WYMAN CT,A,Match,0/0
2536,SILVER OAK DR,,Match,0/1
276,LITTLE BROOK WAY,,No_Match,30/31
680,LITTLE BROOK WAY,,No_Match,30/31
682,LITTLE BROOK WAY,,No_Match,30/31
1285,YORKLAND RD,UNIT E,Match,23/34
2745,TENNYSON BLVD,D,Match,0/0
4530,LAKE SIDE N,K,Match,0/0
4570,LAKE SIDE N,L,Match,0/0
1289,YORKLAND RD,UNIT N,Match,23/34
4655,REFUGEE RD,3A,Match,119/267
4663,REFUGEE RD,2B,Match,119/267
4648,CHANNING TER,,Match,0/0
4652,CHANNING TER,C,Match,0/0
6585,MCNAUGHTEN CT,,No_Match,0/1
6785,MCNAUGHTEN CT,,No_Match,0/1
6181,MCNAUGHTEN CT,,Match,0/1
6122,MCNAUGHTEN CENTER,,Match,0/0
3173,WEBSTER DR,,Match,0/0
3260,ELIM MANOR CT,,Match,0/1
5983,LAKE CLUB SQ,F,Match,0/1
6003,LAKE CLUB CT,B,Match,0/1
2774,GROSSE POINT,,Match,0/0
2817,GROSSE POINT,,Match,0/0
3180,ELIM MANOR CT,115,Match,0/1
3159,WABASH CT S,,Match,0/0
2228,WABASH CT W,,Match,0/0
2038,PINE NEEDLE CT,,Match,0/0
5050,COVENTRY CT N,B,Match,0/0
5083,CEDAR DR,F,Match,15/24
3473,COURTRIGHT LN,C,Match,0/0
3848,RIVERCREEK BAY WAY,,Match,0/0
3961,PENNIMAN ST,,No_Match,0/1
5689,HIBERNIA DR,,Match,0/1
4078,KIMBERLY PKWY,,Match,0/1
3258,WINTER LANE PARK,,Match,0/0
1758,LONSDALE PL E,,Match,0/0
5525,CANTARA PL,3,Match,0/0
3321,SUFFIELD,,Match,0/0
2216,SEVILLE AVE,,Match,0/1
4184,ASTON MARTIN CT,,Match,0/0
5615,AUTUMN CHASE DR,,Match,0/1
2707,EASTLAND MALL,,Match,0/1
5838,HALLRIDGE CIR,B,Match,0/0
2796,CITIZENS PL,B,Match,0/1
2246,S HAMILTON RD,107,Match,242/753
282,CHANTRY DR,,No_Match,0/16
466,CHANTRY DR,,No_Match,0/16
2595,SILVER OAK DR,,Match,0/1
2844,CITIZENS PL,D,Match,0/1
2834,WYMAN CT,C,Match,0/0
4564,ISINGTON CT,200,Match,0/0
4573,MONMOUTH CT,211,Match,0/0
2740,TENNYSON BLVD,C,Match,0/0
4551,LAKE SIDE S,D,Match,0/0
502,LITTLE BROOK WAY,,No_Match,30/31
580,LITTLE BROOK WAY,,No_Match,30/31
5698,SPRUCE TREE DR,,Match,0/0
1772,CHANNINGWAY CT W,,Match,0/0
1289,YORKLAND RD,UNIT A,Match,23/34
4621,REFUGEE RD,2D,Match,119/267
2881,TENNYSON BLVD,204,Match,0/0
4585,LAKE SIDE S,K,Match,0/0
4663,REFUGEE RD,3B,Match,119/267
4663,REFUGEE RD,3D,Match,119/267
4688,FENIMORE CT,B,Match,0/0
4630,HILTON CORPORATE DR,108,Match,0/3
6171,MCNAUGHTEN CT,,Match,0/1
6505,MCNAUGHTEN CT,,No_Match,0/1
5932,SHANA DR,,Match,0/1
5957,SHANA DR,,Match,0/1
3144,WEBSTER DR,,Match,0/0
4800,LARAINE CT,203,Match,0/0
2807,BERWICK SQ,,Match,0/1
4973,OLDE COVENTRY RD W,,Match,0/0
3180,ELIM MANOR CT,205,Match,0/1
5081,CEDAR DR,A,Match,15/24
5119,CEDAR DR,F,Match,15/24
2488,FOREST GREEN CT,,Match,0/0
5202,CEDAR DR,F,Match,15/24
2174,RIVERDALE SQ E,,Match,0/0
2154,RIVERDALE SQ E,,Match,0/0
5551,HIBERNIA DR,A,Match,0/1
5637,HIBERNIA DR,C,Match,0/1
3759,KNIGHTSWAY LN,,Match,0/2
2322,RANDY CT,,Match,0/0
3731,KIMBERLY WEST DR,UNIT 4,Tie,0/0
3739,CHARBERT CT,,Match,0/0
3795,KIMBERLY PKWY N,,Match,0/0
3801,KIMBERLY PKWY N,,Match,0/0
2441,HUDSON BAY WAY,,Match,0/0
2400,HUDSON BAY WAY,,Match,0/0
5393,YORKSHIRE TERRACE DR,5B,Match,0/0
2203,DURANT AVE,,Match,0/1
3990,SOLDIER ST,,Match,12/82
3979,PENNIMAN ST,,No_Match,0/1
3879,MAUMEE BAY WAY,,Match,0/0
2288,SUNSHINE PL,,Match,0/1
3375,WINTER LANE PARK,,Match,0/0
3391,WINTER LANE PARK,,Match,0/0
5440,LONSDALE PL N,,Match,0/0
2134,MUIRWOOD DR,,Match,0/1
4085,PORSCHE CT,,Match,0/1
2222,MUIRWOOD DR,,Match,0/1
2304,SEVILLE AVE,,Match,0/1
5521,CANTARA PL,2,Match,0/0
2753,WINCHESTER PIKE,,Match,4/13
3389,SUFFIELD,,Match,0/0
5483,CHATFORD SQ,,Match,0/1
2825,CITIZENS PL,H,Match,0/1
2810,CITIZENS PL,E,Match,0/1
2810,CITIZENS PL,D,Match,0/1
2802,CITIZENS PL,H,Match,0/1
2774,CITIZENS PL,A,Match,0/1
5675,BAIRSFORD CIR N,18,Match,0/0
490,CHANTRY DR,,No_Match,0/16
2538,SILVER OAK DR,,Match,0/1
548,LITTLE BROOK WAY,,No_Match,30/31
560,LITTLE BROOK WAY,,No_Match,30/31
40,LITTLE BROOK WAY,,No_Match,30/31
4524,LAKE SIDE S,C,Match,0/0
4617,REFUGEE RD,1H,Match,119/267
4611,REFUGEE RD,1G,Match,119/267
2881,TENNYSON BLVD,110,Match,0/0
4617,HEBRIDES DR,A,Match,0/0
172,LITTLE BROOK WAY,,No_Match,30/31
202,LITTLE BROOK WAY,,No_Match,30/31
1315,YORKLAND RD,UNIT,Match,23/34
5880,YORKLAND CT,UNIT L,Match,0/1
5878,YORKLAND CT,UNIT K,Match,0/1
4640,HEBRIDES DR,B,Match,0/0
4669,REFUGEE RD,3I,Match,119/267
5766,SPRUCE TREE DR,,Match,0/0
5839,MAPLE TREE LN,,Match,0/0
6359,MCNAUGHTEN CT,,No_Match,0/1
6159,MCNAUGHTEN CT,,Match,0/1
3176,EASTHAVEN DR S,,Match,0/0
4782,REFUGEE RD,C,Match,119/267
2738,BRANDY DR,102,Match,0/1
2091,PINE GROVE LN,,Match,0/1
3610,RIVERDALE SQ,,Match,0/0
3491,COURTRIGHT LN,,Match,0/0
3639,RIVERDALE SQ,,Match,0/0
5083,CEDAR DR,B,Match,15/24
3715,KNIGHTSWAY LN,,Match,0/2
3737,BIRCHTREE LN,,Match,0/0
2351,HUDSON BAY WAY,,Match,0/0
5202,CEDAR DR,K,Match,15/24
5781,HALLRIDGE CIR,CN C,Match,0/0
5781,HALLRIDGE CIR,CN B,Match,0/0
4409,CROSSROADS CENTER,,Match,0/0
2588,S HAMILTON RD,,Match,242/753
2578,S HAMILTON RD,,Match,242/753
2542,CHAPPEL CHASE,,Match,0/0
5848,HALLRIDGE CIR,,Match,0/0
280,CHANTRY DR,,No_Match,0/16
602,CHANTRY DR,,No_Match,0/16
2776,CITIZENS PL,H,Match,0/1
4523,LAKE SIDE S,,Match,0/0
4515,LAKE SIDE N,G,Match,0/0
4609,REFUGEE RD,1I,Match,119/267
380,CHANTRY DR,,No_Match,0/16
156,CHANTRY DR,,No_Match,0/16
204,CHANTRY DR,,No_Match,0/16
2659,SILVER OAK DR,,Match,0/1
2558,SILVER OAK DR,,Match,0/1
5857,YORKLAND CT,UNIT,Match,0/1
5682,SPRUCE TREE DR,,Match,0/0
2881,TENNYSON BLVD,207,Match,0/0
2471,SHORE BLVD E,B,Match,0/0
2381,SHORE BLVD E,B,Match,0/0
4655,REFUGEE RD,1A,Match,119/267
4669,REFUGEE RD,2F,Match,119/267
5700,GREENPINE ST,,Match,0/0
1281,MCNAUGHTEN RD,UNIT D,Match,80/137
5777,CHANTRY DR,,Match,0/16
5734,GREENPINE ST,,Match,0/0
4650,HILTON CORPORATE DR,106,Match,0/3
2520,EASTERN PINE RD,,Match,0/0
5768,SPRUCE TREE DR,,Match,0/0
6217,MCNAUGHTEN CT,,Match,0/1
6705,MCNAUGHTEN CT,,No_Match,0/1
6545,MCNAUGHTEN CT,,No_Match,0/1
6187,MCNAUGHTEN CT,,Match,0/1
6695,MCNAUGHTEN CT,,No_Match,0/1
6403,MCNAUGHTEN CT,,No_Match,0/1
2893,TUPPENCE DR,,Match,0/0
5950,SHANA DR,,Match,0/1
3030,WINCHESTER PIKE,,Match,4/13
2091,LAKE CLUB TER,C,Match,0/0
6060,CHANNINGWAY BLVD,,Match,0/0
1885,COVENTRY CT,,Match,2/2
2040,PINE NEEDLE CT,,Match,0/0
5042,MYERS RD,,Match,0/8
1898,COVENTRY CT,C,Match,2/2
5083,CEDAR DR,J,Match,15/24
3589,REFUGEE RD,,Match,119/267
2157,RIVERDALE SQ E,,Match,0/0
2323,RANDY CT,,Match,0/0
3789,BUCKMAN ST,,Match,0/0
3814,BUCKMAN ST,,Match,0/0
2326,PETZINGER CT,,Match,0/0
2205,COURTSIDE DR,B,Match,0/2
5345,YORKSHIRE TERRACE DR,A,Match,0/0
5345,YORKSHIRE VILLAGE LN,,Match,0/0
5579,HIBERNIA DR,C,Match,0/1
3811,RIVERCREEK BAY WAY,,Match,0/0
5393,YORKSHIRE TERRACE DR,2B,Match,0/0
5410,YORKSHIRE TERRACE DR,B,Match,0/0
5440,LONSDALE PL N,UNIT D,Match,0/0
5685,HIBERNIA DR,,Match,0/1
3337,WINTER LANE PARK,,Match,0/0
5515,CANTARA PL,4,Match,0/0
5592,TINLEY PARK,,Match,0/0
2731,S HAMILTON RD,,Match,242/753
2757,WINCHESTER PIKE,,Match,4/13
3329,SUFFIELD,,Match,0/0
5766,HALLRIDGE CIR,,Match,0/0
5675,BAIRSFORD CIR N,16,Match,0/0
674,CHANTRY DR,,No_Match,0/16
556,CHANTRY DR,,No_Match,0/16
484,CHANTRY DR,,No_Match,0/16
2651,SILVER OAK DR,,Match,0/1
2561,SILVER OAK DR,,Match,0/1
112,LITTLE BROOK WAY,,No_Match,30/31
450,LITTLE BROOK WAY,,No_Match,30/31
166,LITTLE BROOK WAY,,No_Match,30/31
5694,SPRUCE TREE DR,,Match,0/0
5788,SPRUCE TREE DR,,Match,0/0
6319,MCNAUGHTEN CT,,No_Match,0/1
6259,MCNAUGHTEN CT,,Match,0/1
2043,LAKE CLUB TER,,Match,0/0
6007,LAKE CLUB CT,,Match,0/1
6000,LAKE CLUB CT,I,Match,0/1
6021,LAKE CLUB CT,,Match,0/1
6049,LAKE CLUB PL,,Match,0/0
6044,CHANNINGWAY BLVD,,No_Match,0/0
5381,YORKSHIRE TERRACE DR,5B,Match,0/0
5393,YORKSHIRE TERRACE DR,1A,Match,0/0
5415,YORKSHIRE TERRACE DR,3A,Match,0/0
5624,HIBERNIA DR,B,Match,0/1
5427,LONSDALE PL S,UNIT C,Match,0/0
5440,LONSDALE PL N,UNIT B,Match,0/0
3196,WINTER LANE PARK,,Match,0/0
5496,DUNFIELD LN,1,Match,0/1
1567,ALLENFORD CT,,Match,0/0
5689,HIBERNIA DR,A,Match,0/1
5560,TINLEY PARK,,Match,0/0
5454,LONSDALE PL N,UNIT C,Match,0/0
1551,BANDERA CT,,Match,0/0
2826,CITIZENS PL,B,Match,0/1
2510,KIMBERLY PKWY E,UNIT 310,Match,0/0
2510,KIMBERLY PKWY E,UNIT 202,Match,0/0
4289,DONLYN CT,,Match,0/0
4214,S HAMILTON RD,,No_Match,242/753
4280,MACSWAY AVE,,Match,0/5
2655,S HAMILTON RD,,Match,242/753
2440,SHORE BLVD W,D,Match,0/0
4558,MANDEVILLE CT,C,Match,0/0
4570,ISINGTON CT,209,Match,0/0
2798,MARWOOD CT,B,Match,0/1
4615,REFUGEE RD,3C,Match,119/267
4595,REFUGEE RD,2A,Match,119/267
4619,REFUGEE RD,2J,Match,119/267
5771,KARENWAY DR,,No_Match,0/14
2558,CHAPPEL CHASE,,Match,0/0
5685,BAIRSFORD CIR N,7,Match,0/0
2824,CITIZENS PL,F,Match,0/1
2776,CITIZENS PL,B,Match,0/1
4501,LAKE SIDE S,A,Match,0/0
2470,SHORE BLVD W,L,Match,0/0
4505,LAKE SIDE N,H,Match,0/0
2881,TENNYSON BLVD,201,Match,0/0
2813,TENNYSON BLVD,207,Match,0/0
2813,TENNYSON BLVD,208,Match,0/0
4619,HEBRIDES DR,C,Match,0/0
2824,TENNYSON BLVD,B,Match,0/0
4665,REFUGEE RD,3J,Match,119/267
2887,MERRYMOUNT CT,,Match,0/0
4650,HILTON CORPORATE DR,201,Match,0/3
4613,REFUGEE RD,2B,Match,119/267
4628,CHANNING TER,D,Match,0/0
4626,CHANNING TER,A,Match,0/0
4628,HEBRIDES DR,B,Match,0/0
4682,FENIMORE CT,D,Match,0/0
2898,MERRYMOUNT CT,A,Match,0/0
276,CHANTRY DR,,No_Match,0/16
246,CHANTRY DR,,No_Match,0/16
70,CHANTRY DR,,No_Match,0/16
2546,SILVER OAK DR,,Match,0/1
190,LITTLE BROOK WAY,,No_Match,30/31
4545,LAKE SIDE S,E,Match,0/0
2505,SHORE BLVD E,,Match,0/0
4603,REFUGEE RD,3B,Match,119/267
4615,REFUGEE RD,1A,Match,119/267
4593,REFUGEE RD,3H,Match,119/267
4592,CHANNING TER,A,Match,0/0
4607,WORDSWORTH CT,,Match,0/0
4611,WORDSWORTH CT,B,Match,0/0
5665,CHANTRY DR,,Match,0/16
1778,CHANNINGWAY CT W,,Match,0/0
1792,CHANNINGWAY CT W,,Match,0/0
1285,YORKLAND RD,UNIT G,Match,23/34
5689,MAPLE TREE LN,,Match,0/0
5746,GREENPINE ST,,Match,0/0
5797,MAPLE TREE LN,,Match,0/0
5901,SHANA DR,,Match,0/1
6745,MCNAUGHTEN CT,,No_Match,0/1
6265,MCNAUGHTEN CT,,Match,0/1
6387,MCNAUGHTEN CT,,No_Match,0/1
6725,MCNAUGHTEN CT,,No_Match,0/1
6789,MCNAUGHTEN CT,,No_Match,0/1
3185,WEBSTER DR,,Match,0/0
4816,ROLLINGBROOK LN,A,Tie,0/0
6010,LAKE CLUB CT,,Match,0/1
2877,SHILLING DR,,Match,0/0
3180,ELIM MANOR CT,216,Match,0/1
6022,LAKE CLUB CT,,Match,0/1
5081,CEDAR DR,E,Match,15/24
5095,CEDAR DR,D,Match,15/24
1981,BRICE RD,,Match,177/386
2799,BERWICK SQ,,Match,0/1
3273,ELIM MANOR CT,,Match,0/1
2895,TUPPENCE DR,,Match,0/0
2182,ROTUNDA DR,,Match,6/10
3709,DAWN CT,,Match,0/0
2363,HUDSON BAY WAY,,Match,0/0
2213,COURTSIDE DR,B,Match,0/2
2445,HUDSON BAY WAY,,Match,0/0
2209,DURANT AVE,,Match,0/1
3182,ST BERNARD CIR,,Match,0/0
5401,LONSDALE PL S,,Match,0/0
5415,YORKSHIRE TERRACE DR,6A,Match,0/0
2373,CANAL BAY WAY,,Match,0/1
5685,HIBERNIA DR,A,Match,0/1
3679,RIVERDALE SQ,,Match,0/0
2633,BIRCHTREE CT,,Match,0/0
2570,SPRINGWAY CT,,Match,0/0
2185,MUIRWOOD DR,,Match,0/1
4100,PORSCHE CT,,Match,0/1
5467,E LIVINGSTON AVE,UNIT C,Match,406/920
1569,ALLENFORD CT,,Match,0/0
1559,APPLETON CT,,Match,0/0
3349,SUFFIELD,,Match,0/0
2324,RANDY CT,,Match,0/0
2330,RANDY CT,,Match,0/0
3747,KIMBERLY WEST DR,UNIT 1,Tie,0/0
3803,KIMBERLY PKWY N,,Match,0/0
4290,GROVES RD,,Match,4/54
5495,CHATFORD SQ,,Match,0/1
5501,CHATFORD SQ,,Match,0/1
1532,CABORA LN,,Match,0/0
3860,MAUMEE BAY WAY,,Match,0/0
3915,KIMBERLY PKWY N,,Match,0/0
3920,RIVERCREEK BAY WAY,,Match,0/0
2046,SUNSHINE PL,,Match,0/1
3152,S HAMILTON RD,,Match,242/753
3969,KIMBERLY PKWY N,,Match,0/0
5782,HALLRIDGE CIR,,Match,0/0
5083,CEDAR DR,D,Match,15/24
5202,CEDAR DR,,Match,15/24
482,CHANTRY DR,,No_Match,0/16
158,LITTLE BROOK WAY,,No_Match,30/31
218,LITTLE BROOK WAY,,No_Match,30/31
2532,SILVER OAK DR,,Match,0/1
6737,MCNAUGHTEN CT,,No_Match,0/1
2598,SUMMERWAY CT,,Match,0/0
3565,ARIEL DR,,Match,0/0
2520,BENIE CT,,Match,0/0
2207,COURTSIDE DR,I,Match,0/2
3759,KIMBERLY WEST DR,UNIT 3,Tie,0/0
2387,HUDSON BAY WAY,,Match,0/0
5384,YORKSHIRE TERRACE DR,A,Match,0/0
5591,HIBERNIA DR,B,Match,0/1
5599,HIBERNIA DR,,Match,0/1
5535,HIBERNIA DR,,Match,0/1
5427,YORKSHIRE TERRACE DR,,Match,0/0
5604,HIBERNIA DR,C,Match,0/1
6048,CHANNINGWAY BLVD,,Match,0/0
6054,CHANNINGWAY BLVD,,Match,0/0
2426,HUDSON BAY WAY,,Match,0/0
5685,HIBERNIA DR,C,Match,0/1
4695,HILTON CORPORATE DR,,Match,0/3
3980,RIVERCREEK BAY WAY,,Match,0/0
2203,MUIRWOOD DR,,Match,0/1
4256,GROVES RD,,Match,4/54
5700,HIBERNIA DR,,Match,0/1
4792,LARAINE CT,202,Match,0/0
6031,LAKE CLUB CT,,Match,0/1
2757,EASTLAND MALL,,Match,0/1
2510,KIMBERLY PKWY E,UNIT 308,Match,0/0
4217,DONLYN CT,,Match,0/0
5463,CHATFORD SQ,,Match,0/1
5521,CANTARA PL,3,Match,0/0
1552,BANDERA CT,,Match,0/0
1556,BANDERA CT,,Match,0/0
5703,HIBERNIA DR,,Match,0/1
5707,HIBERNIA DR,,Match,0/1
4976,OLDE COVENTRY RD W,,Match,0/0
3348,SUFFIELD,,Match,0/0
5496,CHATFORD SQ,,Match,0/1
5500,CHATFORD SQ,,Match,0/1
5079,CEDAR DR,M,Match,15/24
5083,CEDAR DR,,Match,15/24
5579,CHATTERTON RD,,Match,0/12
5167,CEDAR DR,B,Match,15/24
5200,CEDAR DR,L,Match,15/24
4586,ISINGTON CT,200,Match,0/0
1628,COPPERTREE RD,,Match,2/2
2754,TENNYSON BLVD,,Match,0/0
2907,TENNYSON BLVD,C,Match,0/0
2814,TENNYSON BLVD,B,Match,0/0
4594,LAKE SIDE N,,Match,0/0
5663,E LIVINGSTON AVE,,Match,406/920
5815,HALLRIDGE CIR,,Match,0/0
2550,CHAPPEL CHASE,,Match,0/0
2574,CHAPPEL CHASE,,Match,0/0
4619,REFUGEE RD,2I,Match,119/267
98,CHANTRY DR,,No_Match,0/16
582,CHANTRY DR,,No_Match,0/16
442,CHANTRY DR,,No_Match,0/16
226,CHANTRY DR,,No_Match,0/16
644,LITTLE BROOK WAY,,No_Match,30/31
454,LITTLE BROOK WAY,,No_Match,30/31
260,LITTLE BROOK WAY,,No_Match,30/31
5427,YORKSHIRE TERRACE DR,3B,Match,0/0
5770,HIBERNIA DR,B,Match,0/1
5770,HIBERNIA DR,A,Match,0/1
3197,WEBSTER DR,,Match,0/0
1811,CHANNINGWAY CT E,,Match,0/0
1785,CHANNINGWAY CT E,,Match,0/0
5796,HIBERNIA DR,,Match,0/1
3647,FARTHING LN,,Match,0/2
4774,LARAINE CT,104,Match,0/0
6377,MCNAUGHTEN CT,,No_Match,0/1
6225,MCNAUGHTEN CT,,Match,0/1
6325,MCNAUGHTEN CT,,No_Match,0/1
5900,SHANA DR,,Match,0/1
3379,BRANFORD,,Match,0/0
2452,KIMBERLY WOODS DR,,Tie,0/1
2171,MUIRWOOD DR,,Match,0/1
5481,E LIVINGSTON AVE,UNIT C,Match,406/920
5502,DUNFIELD LN,2,Match,0/1
5515,CANTARA PL,3,Match,0/0
5707,HIBERNIA DR,A,Match,0/1
5747,HIBERNIA DR,,Match,0/1
3318,SUFFIELD,,Match,0/0
2510,KIMBERLY PKWY E,103,Match,0/0
4222,EASTLAND SQUARE DR,,Match,0/1
5616,TINLEY PARK,,Match,0/0
4272,GROVES RD,,Match,4/54
3126,S HAMILTON RD,,Match,242/753
2865,CITIZENS PL,B,Match,0/1
4550,LAKE SIDE N,L,Match,0/0
4570,MANDEVILLE CT,B,Match,0/0
2800,MARWOOD CT,A,Match,0/1
2449,SHORE BLVD E,B,Match,0/0
5545,CHANTRY DR,,Match,0/16
128,CHANTRY DR,,No_Match,0/16
122,CHANTRY DR,,No_Match,0/16
568,CHANTRY DR,,No_Match,0/16
142,LITTLE BROOK WAY,,No_Match,30/31
4592,CHANNING TER,D,Match,0/0
4603,WORDSWORTH CT,,Match,0/0
2881,TENNYSON BLVD,112,Match,0/0
414,LITTLE BROOK WAY,,No_Match,30/31
664,LITTLE BROOK WAY,,No_Match,30/31
5852,MCKAHAN CT,,Match,0/14
5673,CHANTRY DR,,Match,0/16
4613,REFUGEE RD,3B,Match,119/267
4663,REFUGEE RD,3A,Match,119/267
4661,COLERIDGE CT,B,Match,0/0
4634,GROVES RD,,Match,4/54
4672,FENIMORE CT,D,Match,0/0
2904,MERRYMOUNT CT,,Match,0/0
4650,HILTON CORPORATE DR,212,Match,0/3
2509,EASTERN PINE RD,,Match,0/0
5750,GREENPINE ST,,Match,0/0
5883,SHANA DR,,Match,0/1
6315,MCNAUGHTEN CT,,No_Match,0/1
6149,MCNAUGHTEN CT,,Match,0/1
6751,MCNAUGHTEN CT,,No_Match,0/1
6787,MCNAUGHTEN CT,,No_Match,0/1
6779,MCNAUGHTEN CT,,No_Match,0/1
6423,MCNAUGHTEN CT,,No_Match,0/1
2720,BRANDY DR,201,Match,0/1
3180,ELIM MANOR CT,215,Match,0/1
3173,EASTHAVEN DR S,,Match,0/0
4964,OLDE COVENTRY RD W,,Match,0/0
6159,KENSINGTON GLEN DR,,No_Match,32/32
4990,OLDE COVENTRY RD W,,Match,0/0
2862,ASKINS RD,,No_Match,1/4
3751,BAY VILLAGE ST,,Match,12/41
3718,KNIGHTSWAY LN,,Match,0/2
2233,COURTSIDE DR,F,Match,0/2
3766,KIMBERLY PKWY N,,Match,0/0
3805,KIMBERLY PKWY N,,Match,0/0
2430,HUDSON BAY WAY,,Match,0/0
4004,RIVERCREEK BAY WAY,,Match,0/0
5595,HIBERNIA DR,C,Match,0/1
5632,HIBERNIA DR,C,Match,0/1
5580,HIBERNIA DR,B,Match,0/1
5145,CEDAR DR,E,Match,15/24
3460,COURTRIGHT LN,,Match,0/0
3668,RIVERDALE SQ,,Match,0/0
2482,BENIE CT,,Match,0/0
2378,MALKA CT,,Match,0/0
2313,PETZINGER CT,,Match,0/0
2303,PETZINGER CT,,Match,0/0
3755,KIMBERLY WEST DR,,Tie,0/0
3752,RIVERCREEK BAY WAY,,Match,0/0
5381,YORKSHIRE TERRACE DR,4A,Match,0/0
5563,HIBERNIA DR,C,Match,0/1
5607,HIBERNIA DR,C,Match,0/1
5637,HIBERNIA DR,,Match,0/1
5632,HIBERNIA DR,B,Match,0/1
2816,BANWICK RD,,Match,0/9
3843,MAUMEE BAY WAY,,Match,0/0
5661,HIBERNIA DR,C,Match,0/1
5780,HIBERNIA DR,C,Match,0/1
2175,SUNSHINE PL,,Match,0/1
3976,LAUREL LN,,Match,2/2
2290,MUIRWOOD DR,,Match,0/1
2220,MUIRWOOD DR,,Match,0/1
4107,JENERA PL,,Match,0/0
2148,MUIRWOOD DR,,Match,0/1
5521,CANTARA PL,,Match,0/0
5711,HIBERNIA DR,B,Match,0/1
2225,SEVILLE AVE,,Match,0/1
4234,EASTLAND SQUARE DR,,Match,0/1
4311,DONLYN CT,,Match,0/0
4218,S HAMILTON RD,,No_Match,242/753
4242,S HAMILTON RD,,No_Match,242/753
2570,PARK CRESCENT,,Match,0/0
5613,AUTUMN CHASE DR,A,Match,0/1
3148,S HAMILTON RD,,Match,242/753
2828,S HAMILTON RD,,Match,242/753
2843,CITIZENS PL,C,Match,0/1
2844,CITIZENS PL,C,Match,0/1
2796,CITIZENS PL,G,Match,0/1
2784,CITIZENS PL,H,Match,0/1
2450,SHORE BLVD W,J,Match,0/0
5685,BAIRSFORD CIR N,20,Match,0/0
604,CHANTRY DR,,No_Match,0/16
2603,SILVER OAK DR,,Match,0/1
422,LITTLE BROOK WAY,,No_Match,30/31
1325,YORKLAND RD,UNIT,Match,23/34
1788,CHANNINGWAY CT W,,Match,0/0
4552,MANDEVILLE CT,A,Match,0/0
2870,WOOLWICH CT,112,Match,0/0
4584,ISINGTON CT,210,Match,0/0
2794,TENNYSON BLVD,D,Match,0/0
5880,YORKLAND CT,UNIT J,Match,0/1
5721,SPRUCE TREE DR,,Match,0/0
3261,CALVEYLEE LN,,Match,0/0
5748,GREENPINE ST,,Match,0/0
4655,REFUGEE RD,2E,Match,119/267
4624,CHANNING TER,A,Match,0/0
4645,COLERIDGE CT,,Match,0/0
2873,THOREAU CT,,Match,0/0
4661,REFUGEE RD,1A,Match,119/267
4688,FENIMORE CT,C,Match,0/0
2891,MERRYMOUNT CT,C,Match,0/0
6535,MCNAUGHTEN CT,,No_Match,0/1
6525,MCNAUGHTEN CT,,No_Match,0/1
6349,MCNAUGHTEN CT,,No_Match,0/1
6543,MCNAUGHTEN CT,,No_Match,0/1
5953,SHANA DR,,Match,0/1
3180,WEBSTER DR,,Match,0/0
4717,HILTON CORPORATE DR,,Match,0/3
3113,ELIM ESTATES DR,,Match,0/49
2189,ROTUNDA DR,,Match,6/10
3160,ROTUNDA CT N,,Match,0/0
1841,COVENTRY LN,,Match,0/0
2048,PINE NEEDLE CT,,Match,0/0
5044,COVENTRY DR,C,Match,0/0
1862,COVENTRY LN,C,Match,0/0
5046,COVENTRY CT N,,Match,0/0
3171,WEBSTER DR,,Match,0/0
6015,LAKE CLUB SQ,,Match,0/1
2135,PINE GROVE LN,,Match,0/1
3619,RIVERDALE SQ,,Match,0/0
5083,CEDAR DR,A,Match,15/24
5099,CEDAR DR,M,Match,15/24
5097,CEDAR DR,L,Match,15/24
3646,RIVERDALE SQ,,Match,0/0
3723,BUCKMAN ST,,Match,0/0
3709,KNIGHTSWAY LN,,Match,0/2
3690,NOAM CT,,Match,0/0
2610,SUMMERWAY CT,,Match,0/0
5121,CEDAR DR,,Match,15/24
5145,CEDAR DR,K,Match,15/24
2289,PETZINGER CT,,Match,0/0
3715,FRANCINE CT,,Match,0/0
3711,DAWN CT,,Match,0/0
2429,HUDSON BAY WAY,,Match,0/0
3712,KIDRON CT,,Match,0/0
2369,CANAL BAY WAY,,Match,0/1
3763,SOFT WIND DR,,Match,0/0
3935,KIMBERLY PKWY N,,Match,0/0
2185,SUNSHINE PL,,Match,0/1
2215,SUNSHINE PL,,Match,0/1
4089,PORSCHE CT,,Match,0/1
5440,LONSDALE PL S,UNIT D,Match,0/0
2168,MUIRWOOD DR,,Match,0/1
1570,ALLENFORD CT,,Match,0/0
5754,HIBERNIA DR,,Match,0/1
3296,WINTER LANE PARK,,Match,0/0
5459,CHATFORD SQ,,Match,0/1
5522,DUNFIELD LN,2,Match,0/1
3357,SUFFIELD,,Match,0/0
3304,SUFFIELD,,Match,0/0
5574,AUTUMN CHASE DR,,Match,0/1
2859,CITIZENS PL,G,Match,0/1
5847,REDAPPLE RIDGE,,Match,0/0
2860,CITIZENS PL,H,Match,0/1
2745,TENNYSON BLVD,C,Match,0/0
4509,LAKE SIDE S,,Match,0/0
2458,SHORE BLVD W,,Match,0/0
4603,REFUGEE RD,1C,Match,119/267
2927,TENNYSON BLVD,C,Match,0/0
4585,ISINGTON CT,208,Match,0/0
2820,WYMAN CT,C,Match,0/0
4525,LAKE SIDE N,E,Match,0/0
206,CHANTRY DR,,No_Match,0/16
146,CHANTRY DR,,No_Match,0/16
174,CHANTRY DR,,No_Match,0/16
2623,SILVER OAK DR,,Match,0/1
2591,SILVER OAK DR,,Match,0/1
5671,MAPLE TREE LN,,Match,0/0
2900,WINCHESTER PIKE,,Match,4/13
2915,TENNYSON BLVD,A,Match,0/0
2807,TENNYSON BLVD,,Match,0/0
4615,REFUGEE RD,1F,Match,119/267
4619,REFUGEE RD,1F,Match,119/267
4663,REFUGEE RD,1A,Match,119/267
1562,ABRAHAM WOODS,,Match,0/0
1472,ABRAHAM WOODS,,Match,0/0
6435,MCNAUGHTEN CT,,No_Match,0/1
6239,MCNAUGHTEN CT,,Tie,0/1
3163,WEBSTER DR,,Match,0/0
5141,CEDAR DR,G,Match,15/24
5165,CEDAR DR,,Match,15/24
3638,RIVERDALE SQ,,Match,0/0
2386,MALKA CT,,Match,0/0
3729,CHARBERT CT,,Match,0/0
2597,KIMBERLY PKWY W,,Match,0/0
3700,KIDRON CT,,Match,0/0
5547,HIBERNIA DR,B,Match,0/1
5535,HIBERNIA DR,A,Match,0/1
3895,MAUMEE BAY WAY,,Match,0/0
3911,MAUMEE BAY WAY,,Match,0/0
5401,LONSDALE PL S,UNIT C,Match,0/0
5608,HIBERNIA DR,C,Match,0/1
5600,HIBERNIA DR,C,Match,0/1
5653,HIBERNIA DR,B,Match,0/1
2128,SUNSHINE PL,,Match,0/1
2425,KIMBERLY PKWY N,,Tie,0/0
5502,DUNFIELD LN,3,Match,0/1
5542,DUNFIELD LN,5,Match,0/1
1552,APPLETON CT,,Match,0/0
5739,HIBERNIA DR,B,Match,0/1
2205,MUIRWOOD DR,,Match,0/1
5511,CHATFORD SQ,,Match,0/1
4091,REFUGEE RD,,Match,119/267
2204,SEVILLE AVE,,Match,0/1
4160,ASTON MARTIN CT,,Match,0/0
4265,DONLYN CT,,Match,0/0
4347,DONLYN CT,,Match,0/0
2722,EASTLAND MALL,,Match,0/1
2660,WINCHESTER PIKE,,Match,4/13
5784,HALLRIDGE CIR,,Match,0/0
2796,CITIZENS PL,D,Match,0/1
676,CHANTRY DR,,No_Match,0/16
498,CHANTRY DR,,No_Match,0/16
2625,SILVER OAK DR,,Match,0/1
274,LITTLE BROOK WAY,,No_Match,30/31
490,LITTLE BROOK WAY,,No_Match,30/31
498,LITTLE BROOK WAY,,No_Match,30/31
226,LITTLE BROOK WAY,,No_Match,30/31
2743,TENNYSON BLVD,D,Match,0/0
2802,MARWOOD CT,C,Match,0/1
2795,NEWCASTLE CT,,Match,0/0
4617,REFUGEE RD,1A,Match,119/267
4604,CHANNING TER,,Match,0/0
4617,HEBRIDES DR,C,Match,0/0
4598,LAKE SIDE N,,Match,0/0
2908,WINCHESTER PIKE,,No_Match,4/13
4657,REFUGEE RD,1H,Match,119/267
4646,HEBRIDES DR,D,Match,0/0
2826,TENNYSON BLVD,A,Match,0/0
5899,SHANA DR,,Match,0/1
5913,SHANA DR,,Match,0/1
6419,MCNAUGHTEN CT,,No_Match,0/1
3181,WEBSTER DR,,Match,0/0
3213,WEBSTER DR,,Match,0/0
4733,HILTON CORPORATE DR,,Match,0/3
6687,MCNAUGHTEN CT,,No_Match,0/1
6607,MCNAUGHTEN CT,,No_Match,0/1
5955,SHANA DR,,Match,0/1
3180,ELIM MANOR CT,220,Match,0/1
2772,BRANDY DR,104,Match,0/1
2067,LAKE CLUB TER,,Match,0/0
2520,SCARBOROUGH SQ,9,Match,0/0
2902,SHILLING DR,,Match,0/0
2714,BRANDY DR,203,Match,0/1
4972,OLDE COVENTRY RD W,,Match,0/0
1853,CHANNINGWAY CENTER DR,,Match,0/0
5087,MYERS RD,,Match,0/8
5000,MYERS RD,,Match,0/8
5099,CEDAR DR,A,Match,15/24
3463,COURTRIGHT LN,,Match,0/0
2393,MALKA CT,,Match,0/0
3712,KIMBERLY PKWY N,,Match,0/0
3739,KIMBERLY WEST DR,,Tie,0/0
5453,RED BIRD CT,,Match,0/1
5330,YORKSHIRE TERRACE DR,B7,Match,0/0
3725,SOFT WIND DR,,Match,0/0
3924,MAUMEE BAY WAY,,Match,0/0
3908,RIVERCREEK BAY WAY,,Match,0/0
5357,YORKSHIRE TERRACE DR,,Match,0/0
5370,YORKSHIRE TERRACE DR,A,Match,0/0
2156,SUNSHINE PL,,Match,0/1
2460,KIMBERLY PKWY N,,Match,0/0
2271,MUIRWOOD DR,,Match,0/1
5649,HIBERNIA DR,,Match,0/1
4105,ALVADA ST,,Match,0/0
4150,KIMBERLY PKWY N,,Match,0/0
4121,ALVADA ST,,Match,0/0
2282,SEVILLE AVE,,Match,0/1
4157,CADILLAC CT,,Match,0/0
2510,KIMBERLY PKWY E,UNIT 206,Match,0/0
1580,ALLENFORD CT,,Match,0/0
5754,HIBERNIA DR,A,Match,0/1
4226,S HAMILTON RD,,No_Match,242/753
3270,WINTER LANE PARK,,Match,0/0
5545,CANTARA PL,6,Match,0/0
5477,CHATFORD SQ,,Match,0/1
2786,CITIZENS PL,G,Match,0/1
2470,SHORE BLVD W,K,Match,0/0
4603,REFUGEE RD,2F,Match,119/267
4603,REFUGEE RD,2C,Match,119/267
5613,AUTUMN CHASE DR,,Match,0/1
2935,TENNYSON BLVD,C,Match,0/0
4577,MONMOUTH CT,,Match,0/0
4576,ISINGTON CT,,Match,0/0
4554,LAKE SIDE N,,Match,0/0
4572,LAKE SIDE N,,Match,0/0
4609,REFUGEE RD,3J,Match,119/267
4616,CHANNING TER,D,Match,0/0
382,CHANTRY DR,,No_Match,0/16
626,CHANTRY DR,,No_Match,0/16
420,LITTLE BROOK WAY,,No_Match,30/31
244,LITTLE BROOK WAY,,No_Match,30/31
1301,YORKLAND RD,UNIT,Match,23/34
2886,TENNYSON BLVD,A,Match,0/0
2814,TENNYSON BLVD,C,Match,0/0
2361,SHORE BLVD E,A,Match,0/0
4661,REFUGEE RD,1F,Match,119/267
2885,THOREAU CT,B,Match,0/0
5657,CHANTRY DR,,Match,0/16
6293,MCNAUGHTEN CT,,Match,0/1
6555,MCNAUGHTEN CT,,No_Match,0/1
6547,MCNAUGHTEN CT,,No_Match,0/1
6013,LAKE CLUB CT,,Match,0/1
2802,BERWICK SQ,,Match,0/1
3175,WEBSTER DR,,Match,0/0
3203,WEBSTER DR,,Match,0/0
3254,ELIM MANOR CT,,Match,0/1
4815,ROLLINGBROOK LN,A,Tie,0/0
3276,TRADAN DR,,Match,0/1
2803,GROSSE POINT,,Match,0/0
2800,GROSSE POINT,,Match,0/0
3168,EASTHAVEN DR S,,Match,0/0
4976,COVENTRY CT S,,Match,0/0
4989,COVENTRY DR,,Match,0/0
3659,RIVERDALE SQ,,Match,0/0
5477,RED BIRD CT,,Match,0/1
3715,DAWN CT,,Match,0/0
3293,ST BERNARD CIR,,Match,0/0
5579,HIBERNIA DR,,Match,0/1
5415,YORKSHIRE TERRACE DR,4B,Match,0/0
5608,HIBERNIA DR,,Match,0/1
5628,HIBERNIA DR,,Match,0/1
2378,CANAL BAY WAY,,Match,0/1
2441,CHELSEA CT,,Match,0/0
3373,WINTER LANE PARK,,Match,0/0
2270,SUNSHINE PL,,Match,0/1
4080,KIMBERLY PKWY,,Match,0/1
2126,MUIRWOOD DR,,Match,0/1
2238,MUIRWOOD DR,,Match,0/1
3255,WINTER LANE PARK,,Tie,0/0
5693,HIBERNIA DR,A,Match,0/1
5530,DUNFIELD LN,2,Match,0/1
2270,MUIRWOOD DR,,Match,0/1
2209,SEVILLE AVE,,Match,0/1
2318,SEVILLE AVE,,Match,0/1
4181,CADILLAC CT,,Match,0/0
2510,KIMBERLY PKWY E,105,Match,0/0
4227,DONLYN CT,,Match,0/0
4220,EASTLAND SQUARE DR,,Match,0/1
5579,AUTUMN CHASE DR,B,Match,0/1
2853,CITIZENS PL,B,Match,0/1
2855,CITIZENS PL,F,Match,0/1
2825,CITIZENS PL,D,Match,0/1
2809,CITIZENS PL,E,Match,0/1
2774,CITIZENS PL,G,Match,0/1
2096,S HAMILTON RD,,Match,242/753
5878,REFUGEE RD,,Match,119/267
2836,WYMAN CT,D,Match,0/0
4524,LAKE SIDE S,D,Match,0/0
4536,LAKE SIDE S,E,Match,0/0
2943,TENNYSON BLVD,D,Match,0/0
4583,ISINGTON CT,B,Match,0/0
2447,SHORE BLVD E,G,Match,0/0
4593,REFUGEE RD,2H,Match,119/267
4590,LAKE SIDE N,L,Match,0/0
28,CHANTRY DR,,No_Match,0/16
286,CHANTRY DR,,No_Match,0/16
144,CHANTRY DR,,No_Match,0/16
2641,SILVER OAK DR,,Match,0/1
2559,SILVER OAK DR,,Match,0/1
2542,SILVER OAK DR,,Match,0/1
404,LITTLE BROOK WAY,,No_Match,30/31
494,LITTLE BROOK WAY,,No_Match,30/31
182,LITTLE BROOK WAY,,No_Match,30/31
442,LITTLE BROOK WAY,,No_Match,30/31
4615,REFUGEE RD,1E,Match,119/267
4663,REFUGEE RD,2A,Match,119/267
4605,HILTON CORPORATE DR,,Match,0/3
4672,FENIMORE CT,A,Match,0/0
4674,FENIMORE CT,,Match,0/0
5880,YORKLAND CT,UNIT I,Match,0/1
5878,YORKLAND CT,UNIT D,Match,0/1
1281,MCNAUGHTEN RD,UNIT I,Match,80/137
5906,CHATTERTON RD,,Tie,0/12
1556,ABRAHAM WOODS,,Match,0/0
4680,FENIMORE CT,C,Match,0/0
4650,HILTON CORPORATE DR,110,Match,0/3
6255,MCNAUGHTEN CT,,Match,0/1
6655,MCNAUGHTEN CT,,No_Match,0/1
6517,MCNAUGHTEN CT,,No_Match,0/1
2720,BRANDY DR,104,Match,0/1
4794,REFUGEE RD,A,Match,119/267
2524,SCARBOROUGH SQ,10,Match,0/0
6000,LAKE CLUB CT,D,Match,0/1
6002,LAKE CLUB CT,F,Match,0/1
2121,PINE GROVE LN,,Match,0/1
5016,COVENTRY DR,D,Match,0/0
5052,COVENTRY CT N,,Match,0/0
6068,CHANNINGWAY BLVD,,Match,0/0
5079,CEDAR DR,G,Match,15/24
3158,WEBSTER DR,,Match,0/0
4074,KIMBERLY PKWY,,Match,0/1
4114,JENERA PL,,Match,0/0
2170,MUIRWOOD DR,,Match,0/1
5356,YORKSHIRE TERRACE DR,A,Match,0/0
5568,HIBERNIA DR,A,Match,0/1
3166,ST BERNARD CIR,,Match,0/0
5611,HIBERNIA DR,,Match,0/1
2798,BERWICK SQ,,Match,0/1
2738,BRANDY DR,202,Match,0/1
5620,HIBERNIA DR,B,Match,0/1
5677,HIBERNIA DR,,Match,0/1
3340,WINTER LANE PARK,,Match,0/0
2246,WABASH CT W,,Match,0/0
4982,COVENTRY CT S,,Match,0/0
5003,COVENTRY DR,,Match,0/0
1858,COVENTRY LN,,Match,0/0
4256,EASTLAND FOOD CT,,No_Match,0/0
1745,LONSDALE PL E,UNIT D,Match,0/0
5490,DUNFIELD LN,1,Match,0/1
5498,LONSDALE PL N,UNIT B,Match,0/0
1553,BANDERA CT,,Match,0/0
5081,CEDAR DR,B,Match,15/24
4439,CROSSROADS CENTER,,Match,0/0
5582,TINLEY PARK,,Match,0/0
1575,CABORA LN,,Match,0/0
4790,ROLLINGBROOK LN,B,Match,0/0
2855,CITIZENS PL,B,Match,0/1
2206,S HAMILTON RD,,Match,242/753
4515,LAKE SIDE S,I,Match,0/0
4515,LAKE SIDE N,A,Match,0/0
4570,MANDEVILLE CT,A,Match,0/0
5572,AUTUMN CHASE DR,,Match,0/1
2870,WOOLWICH CT,205,Match,0/0
2784,MARWOOD CT,D,Match,0/1
2734,TENNYSON BLVD,,Match,0/0
4621,REFUGEE RD,3C,Match,119/267
4616,CHANNING TER,C,Match,0/0
2473,SHORE BLVD E,,Match,0/0
3470,COURTRIGHT LN,,Match,0/0
3632,RIVERDALE SQ,,Match,0/0
3640,RIVERDALE SQ,,Match,0/0
3706,BUCKMAN ST,,Match,0/0
3730,BUCKMAN ST,,Match,0/0
2388,MALKA CT,,Match,0/0
4661,REFUGEE RD,1D,Match,119/267
4638,GROVES RD,,Match,4/54
4671,REFUGEE RD,1B,Match,119/267
4665,REFUGEE RD,1H,Match,119/267
5605,HUTCHINSTONE RD,,Match,0/0
5685,BAIRSFORD CIR N,16,Match,0/0
232,CHANTRY DR,,No_Match,0/16
312,CHANTRY DR,,No_Match,0/16
2372,MALKA CT,,Match,0/0
2629,SILVER OAK DR,,Match,0/1
140,LITTLE BROOK WAY,,No_Match,30/31
110,LITTLE BROOK WAY,,No_Match,30/31
652,LITTLE BROOK WAY,,No_Match,30/31
5655,MAPLE TREE LN,,Match,0/0
3697,KIDRON CT,,Match,0/0
2764,BRANDY DR,202,Match,0/1
2764,BRANDY DR,101,Match,0/1
6569,MCNAUGHTEN CT,,No_Match,0/1
6583,MCNAUGHTEN CT,,No_Match,0/1
6601,MCNAUGHTEN CT,,No_Match,0/1
2804,BANWICK RD,,Match,0/9
3899,MAUMEE BAY WAY,,Match,0/0
2171,SUNSHINE PL,,Match,0/1
2076,SUNSHINE PL,,Match,0/1
2882,SHILLING DR,,Match,0/0
4782,REFUGEE RD,B,Match,119/267
4794,REFUGEE RD,B,Match,119/267
4790,ROLLINGBROOK LN,D,Match,0/0
2201,FOXCROFT GREEN,,Match,0/0
2443,KIMBERLY PKWY N,,Tie,0/0
2281,SEVILLE AVE,,Match,0/1
2469,KIMBERLY PKWY E,,Match,0/0
2131,PINE GROVE LN,,Match,0/1
2089,LAKE CLUB TER,F,Match,0/0
2098,LAKE CLUB TER,,Match,0/0
5920,SCARBOROUGH BLVD,,Match,0/1
2785,S HAMILTON RD,,Match,242/753
1920,OLDE COVENTRY RD E,,Match,0/0
5034,COVENTRY DR,A,Match,0/0
1874,COVENTRY CT,,Match,2/2
2845,CITIZENS PL,E,Match,0/1
3735,BUCKMAN ST,,Match,0/0
2620,BIRCHTREE WAY,,Match,0/0
2621,BIRCHTREE CT,,Match,0/0
3717,KIMBERLY WEST DR,UNIT 1,Tie,0/0
2779,CITIZENS PL,B,Match,0/1
4520,LAKE SIDE N,C,Match,0/0
4568,ISINGTON CT,,Match,0/0
3599,ARIEL DR,,Match,0/0
2312,PETZINGER CT,,Match,0/0
3788,RIVERCREEK BAY WAY,,Match,0/0
5141,CEDAR DR,L,Match,15/24
5167,CEDAR DR,M,Match,15/24
2740,TENNYSON BLVD,B,Match,0/0
2481,SHORE BLVD E,L,Match,0/0
4595,REFUGEE RD,3A,Match,119/267
4620,CHANNING TER,C,Match,0/0
2890,TENNYSON BLVD,,Match,0/0
2374,CANAL BAY WAY,,Match,0/1
3891,RIVERCREEK BAY WAY,,Match,0/0
3884,RIVERCREEK BAY WAY,,Match,0/0
3765,SOFT WIND DR,,Match,0/0
3903,MAUMEE BAY WAY,,Match,0/0
4653,COLERIDGE CT,,Match,0/0
4611,HILTON CORPORATE DR,,Match,0/3
2891,MERRYMOUNT CT,D,Match,0/0
2871,MERRYMOUNT CT,C,Match,0/0
4659,HILTON CORPORATE DR,,Match,0/3
4701,HILTON CORPORATE DR,,Match,0/3
4650,HILTON CORPORATE DR,312,Match,0/3
3966,LAUREL LN,,Match,2/2
2268,SUNSHINE PL,,Match,0/1
4968,COVENTRY CT S,,Match,0/0
2074,PINE GROVE LN,,Match,0/1
2107,PINE GROVE LN,,Match,0/1
6693,MCNAUGHTEN CT,,No_Match,0/1
6719,MCNAUGHTEN CT,,No_Match,0/1
6211,MCNAUGHTEN CT,,Match,0/1
6669,MCNAUGHTEN CT,,No_Match,0/1
2076,PINE GROVE LN,,Match,0/1
5044,COVENTRY DR,B,Match,0/0
6016 1/2,LAKE CLUB CT,CATV,Match,0/1
2157,RIVERDALE SQ W,,Match,0/0
5099,CEDAR DR,D,Match,15/24
5095,CEDAR DR,,Match,15/24
3694,BUCKMAN ST,,Match,0/0
2556,SPRINGWAY CT,,Match,0/0
3744,KNIGHTSWAY LN,,Match,0/2
2490,BENIE CT,,Match,0/0
2370,MALKA CT,,Match,0/0
3720,DAWN CT,,Match,0/0
2207,COURTSIDE DR,H,Match,0/2
2587,KIMBERLY PKWY W,,Match,0/0
5475,RED BIRD CT,,Match,0/1
5330,YORKSHIRE TERRACE DR,B5,Match,0/0
3716,SOFT WIND DR,,Match,0/0
3254,ST BERNARD CIR,,Match,0/0
3157,ST BERNARD CIR,,Match,0/0
5370,YORKSHIRE TERRACE DR,G,Match,0/0
3900,MAUMEE BAY WAY,,Match,0/0
3907,MAUMEE BAY WAY,,Match,0/0
3756,SOFT WIND DR,,Match,0/0
5454,LONSDALE PL N,UNIT A,Match,0/0
2254,SUNSHINE PL,,Match,0/1
2164,SUNSHINE PL,,Match,0/1
4151,ASTON MARTIN CT,,Match,0/0
5467,LONSDALE PL N,UNIT D,Match,0/0
3300,WINTER LANE PARK,,Match,0/0
5590,TINLEY PARK,,Match,0/0
3205,ST BERNARD CIR,,Match,0/0
2510,KIMBERLY PKWY E,109,Match,0/0
2775,S HAMILTON RD,,Match,242/753
1563,CABORA LN,,Match,0/0
5406,REFUGEE RD,,Match,119/267
5357,YORKSHIRE TERRACE DR,D,Match,0/0
5381,YORKSHIRE TERRACE DR,2C,Match,0/0
5625,HIBERNIA DR,A,Match,0/1
5648,HIBERNIA DR,A,Match,0/1
2543,FRANKSWAY ST,,Match,0/1
5550,AUTUMN CHASE DR,B,Match,0/1
5575,AUTUMN CHASE DR,A,Match,0/1
1549,APPLETON CT,,Match,0/0
3240,WINTER LANE PARK,,Match,0/0
1762,LONSDALE PL E,UNIT A,Match,0/0
1740,LONSDALE PL E,UNIT C,Match,0/0
5715,HIBERNIA DR,B,Match,0/1
5573,MATUKA DR,,No_Match,17/17
5577,CHATTERTON RD,,Match,0/12
5584,TINLEY PARK,,Match,0/0
2788,CITIZENS PL,B,Match,0/1
2466,SHORE BLVD W,,Match,0/0
4536,LAKE SIDE S,F,Match,0/0
4526,LAKE SIDE N,,Match,0/0
4563,MONMOUTH CT,,Match,0/0
2449,SHORE BLVD E,A,Match,0/0
2554,CHAPPEL CHASE,,Match,0/0
470,CHANTRY DR,,No_Match,0/16
410,CHANTRY DR,,No_Match,0/16
224,CHANTRY DR,,No_Match,0/16
68,CHANTRY DR,,No_Match,0/16
690,LITTLE BROOK WAY,,No_Match,30/31
268,LITTLE BROOK WAY,,No_Match,30/31
86,LITTLE BROOK WAY,,No_Match,30/31
4595,REFUGEE RD,1A,Match,119/267
2881,TENNYSON BLVD,202,Match,0/0
4619,WORDSWORTH CT,,Match,0/0
2798,TENNYSON BLVD,,Match,0/0
4580,LAKE SIDE N,A,Match,0/0
4661,REFUGEE RD,2E,Match,119/267
4628,HEBRIDES DR,C,Match,0/0
1285,YORKLAND RD,UNIT P,Match,23/34
5750,HALLRIDGE CIR,,Match,0/0
2920,MERRYMOUNT CT,,Match,0/0
5745,SPRUCE TREE DR,,Match,0/0
5777,SPRUCE TREE DR,,Match,0/0
6761,MCNAUGHTEN CT,,No_Match,0/1
6397,MCNAUGHTEN CT,,No_Match,0/1
6681,MCNAUGHTEN CT,,No_Match,0/1
6116,MCNAUGHTEN CENTER,,Match,0/0
5677,E LIVINGSTON AVE,,Match,406/920
5675,BAIRSFORD CIR N,,Match,0/0
100,CHANTRY DR,,No_Match,0/16
2602,SILVER OAK DR,,Match,0/1
2529,SILVER OAK DR,,Match,0/1
544,LITTLE BROOK WAY,,No_Match,30/31
50,LITTLE BROOK WAY,,No_Match,30/31
204,LITTLE BROOK WAY,,No_Match,30/31
380,LITTLE BROOK WAY,,No_Match,30/31
3649,FARTHING LN,,Match,0/2
3251,ELIM MANOR CT,,Match,0/1
4795,ROLLINGBROOK LN,D,Tie,0/0
5982,LAKE CLUB SQ,F,Match,0/1
6001,LAKE CLUB CT,C,Match,0/1
1579,MCNAUGHTEN RD,,Match,80/137
4657,REFUGEE RD,2I,Match,119/267
4630,HILTON CORPORATE DR,207,Match,0/3
4650,HILTON CORPORATE DR,109,Match,0/3
5702,SPRUCE TREE DR,,Match,0/0
6085,MCNAUGHTEN CENTER,,Match,0/0
6699,MCNAUGHTEN CT,,No_Match,0/1
6783,MCNAUGHTEN CT,,No_Match,0/1
4792,LARAINE CT,201,Match,0/0
4824,ROLLINGBROOK LN,A,Tie,0/0
2093,LAKE CLUB TER,C,Match,0/0
2089,LAKE CLUB TER,B,Match,0/0
2068,PINE GROVE LN,,Match,0/1
5002,MYERS RD,,Match,0/8
6046,CHANNINGWAY BLVD,,Match,0/0
1894,COVENTRY CT,,Match,2/2
5176,MAPLERIDGE RD,,Match,0/0
3731,KIMBERLY WEST DR,UNIT 6,Tie,0/0
2205,COURTSIDE DR,D,Match,0/2
5493,RED BIRD CT,,Match,0/1
3849,BUCKMAN ST,,Match,0/0
3739,KIMBERLY WEST DR,UNIT 3,Tie,0/0
2579,KIMBERLY PKWY W,,Match,0/0
5572,HIBERNIA DR,B,Match,0/1
5419,LONSDALE PL S,UNIT B,Match,0/0
5665,HIBERNIA DR,C,Match,0/1
2102,SUNSHINE PL,,Match,0/1
2417,KIMBERLY PKWY N,,Tie,0/0
3295,WINTER LANE PARK,,Match,0/0
5467,E LIVINGSTON AVE,,Match,406/920
2212,SEVILLE AVE,,Match,0/1
1778,LONSDALE PL E,,Match,0/0
5498,LONSDALE PL N,UNIT D,Match,0/0
5525,CANTARA PL,4,Match,0/0
5586,TINLEY PARK,,Match,0/0
5455,CHATFORD SQ,,Match,0/1
5513,CHATFORD SQ,,Match,0/1
2744,EASTLAND MALL,,Match,0/1
4275,DONLYN CT,,Match,0/0
4203,DONLYN CT,,Match,0/0
4236,EASTLAND SQUARE DR,,Match,0/1
4210,S HAMILTON RD,,No_Match,242/753
3367,BRANFORD,,Match,0/0
5854,HALLRIDGE CIR,,Match,0/0
2817,CITIZENS PL,C,Match,0/1
4533,LAKE SIDE S,,Match,0/0
4531,LAKE SIDE S,,Match,0/0
2420,SHORE BLVD W,APT A,Match,0/0
4593,REFUGEE RD,3E,Match,119/267
4591,MONMOUTH CT,,Match,0/0
4571,MONMOUTH CT,,Match,0/0
4525,LAKE SIDE S,D,Match,0/0
4588,ISINGTON CT,,Match,0/0
4591,LAKE SIDE S,,Match,0/0
2471,SHORE BLVD E,D,Match,0/0
344,CHANTRY DR,,No_Match,0/16
218,CHANTRY DR,,No_Match,0/16
322,CHANTRY DR,,No_Match,0/16
320,CHANTRY DR,,No_Match,0/16
106,CHANTRY DR,,No_Match,0/16
94,CHANTRY DR,,No_Match,0/16
468,CHANTRY DR,,No_Match,0/16
606,CHANTRY DR,,No_Match,0/16
2633,SILVER OAK DR,,Match,0/1
2610,SILVER OAK DR,,Match,0/1
220,LITTLE BROOK WAY,,No_Match,30/31
2558,SPRINGWAY CT,,Match,0/0
3731,KIMBERLY WEST DR,UNIT 1,Tie,0/0
2496,BENIE CT,,Match,0/0
2286,PETZINGER CT,,Match,0/0
5393,YORKSHIRE TERRACE DR,3B,Match,0/0
5628,HIBERNIA DR,B,Match,0/1
2276,PETZINGER CT,,Match,0/0
2406,CANAL BAY WAY,,Match,0/1
5677,HIBERNIA DR,A,Match,0/1
3892,MAUMEE BAY WAY,,Match,0/0
3746,SOFT WIND DR,,Match,0/0
3968,LAUREL LN,,Match,2/2
2176,SUNSHINE PL,,Match,0/1
3283,WINTER LANE PARK,,Tie,0/0
2187,MUIRWOOD DR,,Match,0/1
2266,MUIRWOOD DR,,Match,0/1
5522,DUNFIELD LN,,Match,0/1
5530,DUNFIELD LN,1,Match,0/1
3349,BRANFORD,,Match,0/0
5494,CHATFORD SQ,,Match,0/1
5472,CHATFORD SQ,,Match,0/1
4260,EASTLAND SQUARE DR,,Match,0/1
4421,CROSSROADS CENTER,,Match,0/0
2748,CITIZENS PL,E,Match,0/1
334,CHANTRY DR,,No_Match,0/16
426,LITTLE BROOK WAY,,No_Match,30/31
38,LITTLE BROOK WAY,,No_Match,30/31
564,LITTLE BROOK WAY,,No_Match,30/31
56,LITTLE BROOK WAY,,No_Match,30/31
2745,WINCHESTER PIKE,,Match,4/13
3189,REFUGEE RD,,Match,119/267
4515,LAKE SIDE S,K,Match,0/0
4515,LAKE SIDE N,H,Match,0/0
4603,REFUGEE RD,3E,Match,119/267
4574,ISINGTON CT,,Match,0/0
2445,SHORE BLVD E,B,Match,0/0
5676,SPRUCE TREE DR,,Match,0/0
5880,YORKLAND CT,UNIT P,Match,0/1
2361,SHORE BLVD E,F,Match,0/0
5803,MAPLE TREE LN,,Match,0/0
5954,SHANA DR,,Match,0/1
6141,ZACHARY WOODS LN,,Match,0/24
2530,SCARBOROUGH SQ,11,Match,0/0
6003,LAKE CLUB CT,A,Match,0/1
6047,LAKE CLUB PL,,Match,0/0
3176,WEBSTER DR,,Match,0/0
1964,LAKE CLUB DR,,Match,1/11
4800,LARAINE CT,202,Match,0/0
4795,ROLLINGBROOK LN,B,Tie,0/0
2911,SHILLING DR,,Match,0/0
2784,GROSSE POINT,,Match,0/0
3180,ELIM MANOR CT,105,Match,0/1
2890,SHILLING DR,,Match,0/0
5081,CEDAR DR,J,Match,15/24
2809,CITIZENS PL,H,Match,0/1
5553,HUTCHINSTONE RD,,Match,0/0
2799,MARWOOD CT,A,Match,0/1
4595,REFUGEE RD,2D,Match,119/267
4607,REFUGEE RD,2A,Match,119/267
4592,CHANNING TER,B,Match,0/0
14,CHANTRY DR,,No_Match,0/16
2611,SILVER OAK DR,,Match,0/1
3298,REFUGEE RD,,Match,119/267
4657,REFUGEE RD,3H,Match,119/267
4657,REFUGEE RD,3J,Match,119/267
2885,THOREAU CT,A,Match,0/0
4619,HEBRIDES DR,B,Match,0/0
4630,HILTON CORPORATE DR,113,Match,0/3
42,LITTLE BROOK WAY,,No_Match,30/31
1819,CHANNINGWAY CT E,,Match,0/0
1768,CHANNINGWAY CT W,,Match,0/0
5714,GREENPINE ST,,Match,0/0
4735,HILTON CORPORATE DR,,Match,0/3
1536,ABRAHAM WOODS,,Match,0/0
6389,MCNAUGHTEN CT,,No_Match,0/1
6497,MCNAUGHTEN CT,,No_Match,0/1
3195,WEBSTER DR,,Match,0/0
2086,LAKE CLUB TER,,Match,0/0
6004,LAKE CLUB CT,,Match,0/1
2199,FOXCROFT GREEN,,Match,0/0
2903,SHILLING DR,,Match,0/0
2052,PINE GROVE LN,,Match,0/1
1962,OLDE COVENTRY RD E,,Match,0/0
5121,CEDAR DR,E,Match,15/24
3633,RIVERDALE SQ,,Match,0/0
3741,BUCKMAN ST,,Match,0/0
3748,BUCKMAN ST,,Match,0/0
5145,CEDAR DR,G,Match,15/24
3722,KIMBERLY WEST DR,,Tie,0/0
2189,SOFT WIND CT,,Match,0/0
2196,SOFT WIND CT,,Match,0/0
3991,PENNIMAN ST,,No_Match,0/1
3774,SOFT WIND DR,,Match,0/0
3967,KIMBERLY PKWY N,,Match,0/0
2332,SUNSHINE PL,,Match,0/1
2180,SUNSHINE PL,,Match,0/1
2190,SUNSHINE PL,,Match,0/1
5393,YORKSHIRE TERRACE DR,4A,Match,0/0
5661,HIBERNIA DR,B,Match,0/1
5708,HIBERNIA DR,C,Match,0/1
2226,MUIRWOOD DR,,Match,0/1
4092,JENERA PL,,Match,0/0
2264,SEVILLE AVE,,Match,0/1
5524,E LIVINGSTON AVE,,Match,406/920
5544,CANTARA PL,,Match,0/0
5591,CHATTERTON RD,,Match,0/12
3120,S HAMILTON RD,,Match,242/753
1569,CABORA LN,,Match,0/0
5537,HUTCHINSTONE RD,,Match,0/0
5545,HUTCHINSTONE RD,,Match,0/0
2598,S HAMILTON RD,,Match,242/753
2860,CITIZENS PL,A,Match,0/1
2828,CITIZENS PL,E,Match,0/1
2784,CITIZENS PL,B,Match,0/1
5817,HALLRIDGE CIR,,Match,0/0
4545,LAKE SIDE N,D,Match,0/0
4555,LAKE SIDE N,D,Match,0/0
4570,LAKE SIDE N,J,Match,0/0
4597,REFUGEE RD,3G,Match,119/267
2865,THOREAU CT,C,Match,0/0
188,CHANTRY DR,,No_Match,0/16
210,CHANTRY DR,,No_Match,0/16
530,CHANTRY DR,,No_Match,0/16
622,CHANTRY DR,,No_Match,0/16
1799,CHANNINGWAY CT W,,Match,0/0
376,LITTLE BROOK WAY,,No_Match,30/31
624,LITTLE BROOK WAY,,No_Match,30/31
3161,WEBSTER DR,,Match,0/0
4630,HILTON CORPORATE DR,107,Match,0/3
4630,HILTON CORPORATE DR,105,Match,0/3
662,LITTLE BROOK WAY,,No_Match,30/31
1808,CHANNINGWAY CT W,,Match,0/0
1217,YORKLAND RD,CATV,Match,23/34
2803,BERWICK SQ,,Match,0/1
4711,HILTON CORPORATE DR,,Match,0/3
5780,SPRUCE TREE DR,,Match,0/0
6014,BATHEREST CIR,,No_Match,0/0
3180,ELIM MANOR CT,102,Match,0/1
3180,ELIM MANOR CT,214,Match,0/1
6747,MCNAUGHTEN CT,,No_Match,0/1
5875,SCARBOROUGH BLVD,,Match,0/1
3356,TRADAN DR,,Match,0/1
3179,WABASH CT S,,Match,0/0
2200,WABASH CT W,,Match,0/0
2091,LAKE CLUB TER,B,Match,0/0
2128,PINE GROVE LN,,Match,0/1
5097,CEDAR DR,H,Match,15/24
3471,COURTRIGHT LN,,Match,0/0
5167,CEDAR DR,A,Match,15/24
5202,CEDAR DR,G,Match,15/24
2628,BIRCHTREE CT,,Match,0/0
3758,KNIGHTSWAY LN,,Match,0/2
3673,MENDON PL,,Match,0/0
2225,SUNSHINE PL,,Match,0/1
2048,SUNSHINE PL,,Match,0/1
5616,HIBERNIA DR,B,Match,0/1
5440,LONSDALE PL N,UNIT A,Match,0/0
2407,KIMBERLY PKWY N,,Tie,0/0
2447,KIMBERLY PKWY N,,Tie,0/0
2229,SEVILLE AVE,,Match,0/1
5720,HIBERNIA DR,A,Match,0/1
2319,SEVILLE AVE,,Match,0/1
2742,EASTLAND MALL,,Match,0/1
5461,LONSDALE PL S,,Match,0/0
5459,E LIVINGSTON AVE,UNIT D,Match,406/920
5515,CANTARA PL,5,Match,0/0
1565,APPLETON CT,,Match,0/0
5716,HIBERNIA DR,,Match,0/1
5712,HIBERNIA DR,,Match,0/1
5708,HIBERNIA DR,A,Match,0/1
4266,S HAMILTON RD,,No_Match,242/753
5743,HIBERNIA DR,B,Match,0/1
1777,BAIRSFORD CIR W,,Match,0/0
2578,SPRINGWAY CT,,Match,0/0
2394,MALKA CT,,Match,0/0
2302,RANDY CT,,Match,0/0
3754,KNIGHTSWAY LN,,Match,0/2
3575,ARIEL DR,,Match,0/0
3711,KIMBERLY PKWY N,,Match,0/0
2207,COURTSIDE DR,C,Match,0/2
2175,SOFT WIND CT,,Match,0/0
5357,YORKSHIRE TERRACE DR,E,Match,0/0
5551,HIBERNIA DR,B,Match,0/1
5555,HIBERNIA DR,B,Match,0/1
3883,MAUMEE BAY WAY,,Match,0/0
5599,HIBERNIA DR,B,Match,0/1
5648,HIBERNIA DR,C,Match,0/1
2104,MUIRWOOD DR,,Match,0/1
5420,LONSDALE PL N,,Match,0/0
5774,HIBERNIA DR,A,Match,0/1
3420,WINTER LANE PARK,,Match,0/0
5440,CHATFORD SQ,,Match,0/1
5516,DUNFIELD LN,4,Match,0/1
2188,MUIRWOOD DR,,Match,0/1
2196,SEVILLE AVE,,Match,0/1
3417,SUFFIELD,,Match,0/0
5600,AUTUMN CHASE DR,,Match,0/1
2754,EASTLAND MALL,,Match,0/1
4208,EASTLAND SQUARE DR,,Match,0/1
4256,EASTLAND SQUARE DR,,Match,0/1
3615,S HAMILTON RD,,Match,242/753
1327,ORCHARD PARK DR,,Match,17/26
4285,EASTLAND SQUARE DR,,Match,0/1
4301,EASTLAND SQUARE DR,,Match,0/1
2545,FRANKSWAY ST,,Match,0/1
2349,HAMILTON RD,,Match,242/753
5581,CHANTRY DR,,Match,0/16
668,CHANTRY DR,,No_Match,0/16
288,CHANTRY DR,,No_Match,0/16
616,CHANTRY DR,,No_Match,0/16
14,LITTLE BROOK WAY,,No_Match,30/31
2244,S HAMILTON RD,201,Match,242/753
4491,LAKE SIDE S,D,Match,0/0
1800,CHANNINGWAY CT W,,Match,0/0
1789,CHANNINGWAY CT E,,Match,0/0
2422,SHORE BLVD W,,Match,0/0
4603,REFUGEE RD,3F,Match,119/267
2786,MARWOOD CT,,Match,0/1
2760,TENNYSON BLVD,A,Match,0/0
4619,REFUGEE RD,1A,Match,119/267
4619,REFUGEE RD,3D,Match,119/267
4592,CHANNING TER,C,Match,0/0
4583,LAKE SIDE S,,Match,0/0
5686,GREENPINE ST,,Match,0/0
1281,MCNAUGHTEN RD,UNIT O,Match,80/137
5762,SPRUCE TREE DR,,Match,0/0
5776,SPRUCE TREE DR,,Match,0/0
6012,BATHEREST CIR,,No_Match,0/0
6091,MCNAUGHTEN CENTER,,Match,0/0
6537,MCNAUGHTEN CT,,No_Match,0/1
6459,MCNAUGHTEN CT,,No_Match,0/1
6369,MCNAUGHTEN CT,,No_Match,0/1
4655,REFUGEE RD,1E,Match,119/267
4619,REFUGEE RD,2G,Match,119/267
4644,HEBRIDES DR,D,Match,0/0
4686,FENIMORE CT,B,Match,0/0
4630,HILTON CORPORATE DR,103,Match,0/3
6363,MCNAUGHTEN CT,,No_Match,0/1
2556,SCARBOROUGH SQ,15,Match,0/0
2080,LAKE CLUB TER,,Match,0/0
5980,LAKE CLUB SQ,D,Match,0/1
3184,WEBSTER DR,,Match,0/0
3227,WEBSTER DR,,Match,0/0
4770,LARAINE CT,201,Match,0/0
4790,ROLLINGBROOK LN,C,Match,0/0
2787,GROSSE POINT,,Match,0/0
2915,SHILLING DR,,Match,0/0
4818,LARAINE CT,103,Match,0/0
3306,TRADAN DR,,Match,0/1
2234,WABASH CT W,,Match,0/0
4979,OLDE COVENTRY RD W,,Match,0/0
5001,COVENTRY DR,,Match,0/0
1887,COVENTRY CT,,Match,2/2
2070,PINE GROVE LN,,Match,0/1
5040,COVENTRY DR,B,Match,0/0
2996,WINCHESTER PIKE,,Match,4/13
4975,OLDE COVENTRY RD W,,Match,0/0
1881,COVENTRY CT,,Match,2/2
3280,TRADAN DR,,Match,0/1
3316,TRADAN DR,,Match,0/1
5040,COVENTRY DR,,Match,0/0
1874,COVENTRY CT,D,Match,2/2
5010,COVENTRY CT N,,Match,0/0
3352,TRADAN DR,,Match,0/1
3269,ST BERNARD CIR,,Match,0/0
5381,YORKSHIRE TERRACE DR,3C,Match,0/0
3761,KNIGHTSWAY LN,,Match,0/2
3722,KNIGHTSWAY LN,,Match,0/2
3563,ARIEL DR,,Match,0/0
3713,KIMBERLY PKWY N,,Match,0/0
3769,KIMBERLY WEST DR,UNIT 1,Tie,0/0
3772,KIMBERLY PKWY N,,Match,0/0
5430,LONSDALE PL S,,Match,0/0
3780,RIVERCREEK BAY WAY,,Match,0/0
3836,RIVERCREEK BAY WAY,,Match,0/0
3365,SUFFIELD,,Match,0/0
3794,SOFT WIND DR,,Match,0/0
3963,MAUMEE BAY WAY,,Match,0/0
2432,CHELSEA CT,,Match,0/0
3980,KIMBERLY PKWY N,,Match,0/0
3311,BRANFORD,,Match,0/0
1791,BAIRSFORD CIR W,,Match,0/0
5572,AUTUMN CHASE DR,A,Match,0/1
4112,ALVADA ST,,Match,0/0
2201,SEVILLE AVE,,Match,0/1
5746,HALLRIDGE CIR,,Match,0/0
4253,DONLYN CT,,Match,0/0
5549,HUTCHINSTONE RD,,Match,0/0
5593,HUTCHINSTONE RD,,Match,0/0
2567,S HAMILTON RD,,Match,242/753
5685,BAIRSFORD CIR N,19,Match,0/0
46,CHANTRY DR,,No_Match,0/16
216,CHANTRY DR,,No_Match,0/16
2585,SILVER OAK DR,CATV,Match,0/1
1815,CHANNINGWAY CT W,,Match,0/0
12,LITTLE BROOK WAY,,No_Match,30/31
162,LITTLE BROOK WAY,,No_Match,30/31
104,LITTLE BROOK WAY,,No_Match,30/31
212,LITTLE BROOK WAY,,No_Match,30/31
5651,MAPLE TREE LN,,Match,0/0
1796,CHANNINGWAY CT W,,Match,0/0
4515,LAKE SIDE N,E,Match,0/0
4579,HEMINGWAY CT,C,Match,0/1
4525,LAKE SIDE S,B,Match,0/0
5732,GREENPINE ST,,Match,0/0
2506,EASTERN PINE RD,,Match,0/0
6107,MCNAUGHTEN CENTER,,Match,0/0
6327,MCNAUGHTEN CT,,No_Match,0/1
4617,REFUGEE RD,3E,Match,119/267
4592,ISINGTON CT,,Match,0/0
2361,SHORE BLVD E,C,Match,0/0
4619,REFUGEE RD,3I,Match,119/267
4639,COLERIDGE CT,C,Match,0/0
4632,GROVES RD,,Match,4/54
4656,HEBRIDES DR,B,Match,0/0
6515,MCNAUGHTEN CT,,No_Match,0/1
6271,MCNAUGHTEN CT,,Match,0/1
6573,MCNAUGHTEN CT,,No_Match,0/1
6395,MCNAUGHTEN CT,,No_Match,0/1
2490,SCARBOROUGH SQ,2,Match,0/0
6071,LAKE CLUB PL,,Match,0/0
4792,LARAINE CT,101,Match,0/0
4826,LARAINE CT,103,Match,0/0
4263,EASTLAND FOOD CT,,No_Match,0/0
4206,S HAMILTON RD,,No_Match,242/753
5517,HUTCHINSTONE RD,,Match,0/0
1313,STEVENLANE BLVD,,No_Match,0/24
5597,HUTCHINSTONE RD,,Match,0/0
5573,HUTCHINSTONE RD,,Match,0/0
5840,HALLRIDGE CIR,A,Match,0/0
2826,CITIZENS PL,F,Match,0/1
5598,CHANTRY DR,,Match,0/16
352,CHANTRY DR,,No_Match,0/16
1769,CHANNINGWAY CT W,,Match,0/0
156,LITTLE BROOK WAY,,No_Match,30/31
102,LITTLE BROOK WAY,,No_Match,30/31
5851,YORKLAND CT,UNIT,Match,0/1
2797,MARWOOD CT,B,Match,0/1
2474,SHORE BLVD W,,Match,0/0
4518,LAKE SIDE N,,Match,0/0
4574,LAKE SIDE N,,Match,0/0
4588,LAKE SIDE N,,Match,0/0
4607,REFUGEE RD,2C,Match,119/267
4621,REFUGEE RD,1A,Match,119/267
2671,SILVER OAK DR,,Match,0/1
1285,YORKLAND RD,UNIT A,Match,23/34
4617,HEBRIDES DR,B,Match,0/0
2811,TENNYSON BLVD,,Match,0/0
2445,SHORE BLVD E,D,Match,0/0
4651,COLERIDGE CT,A,Match,0/0
4628,HEBRIDES DR,D,Match,0/0
2912,MERRYMOUNT CT,D,Match,0/0
5733,SPRUCE TREE DR,,Match,0/0
6121,MCNAUGHTEN CT,,Match,0/1
6439,MCNAUGHTEN CT,,No_Match,0/1
6673,MCNAUGHTEN CT,,No_Match,0/1
3281,SUNMARK AVE,,Match,0/0
3227,ELIM MANOR CT,,Match,0/1
3144,ROTUNDA CT N,,Match,0/0
4798,LARAINE CT,101,Match,0/0
2104,LAKE CLUB TER,,Match,0/0
5980,LAKE CLUB SQ,C,Match,0/1
2129,PINE GROVE LN,,Match,0/1
5052,COVENTRY CT N,A,Match,0/0
5200,CEDAR DR,A,Match,15/24
3707,KNIGHTSWAY LN,,Match,0/2
3684,NOAM CT,,Match,0/0
2590,SUMMERWAY CT,,Match,0/0
5479,RED BIRD CT,,Match,0/1
5633,HIBERNIA DR,A,Match,0/1
5596,HIBERNIA DR,C,Match,0/1
3739,NOAM CT,,Match,0/0
3797,KIMBERLY PKWY N,,Match,0/0
2173,SOFT WIND CT,,Match,0/0
3851,MAUMEE BAY WAY,,Match,0/0
3947,KIMBERLY PKWY N,,Match,0/0
3299,WINTER LANE PARK,,Match,0/0
5475,LONSDALE PL S,,Match,0/0
5490,DUNFIELD LN,,Match,0/1
5496,DUNFIELD LN,5,Match,0/1
5746,HIBERNIA DR,C,Match,0/1
1754,LONSDALE PL E,UNIT D,Match,0/0
3982,LAUREL LN,,Match,2/2
3974,KIMBERLY PKWY N,,Match,0/0
2278,MUIRWOOD DR,,Match,0/1
5539,CANTARA PL,2,Match,0/0
2250,MUIRWOOD DR,,Match,0/1
2313,SEVILLE AVE,,Match,0/1
2207,SEVILLE AVE,,Match,0/1
2746,EASTLAND MALL,UNIT A,Match,0/1
5341,YORKSHIRE VILLAGE LN,,Match,0/0
2160,RIVERDALE SQ W,,Match,0/0
3700,BUCKMAN ST,,Match,0/0
3626,RIVERDALE SQ,,Match,0/0
5583,HIBERNIA DR,C,Match,0/1
3760,BUCKMAN ST,,Match,0/0
2616,BIRCHTREE WAY,,Match,0/0
2231,COURTSIDE DR,H,Match,0/2
3745,EMRICK CT,,Match,0/0
3740,EMRICK CT,,Match,0/0
3742,EMRICK CT,,Match,0/0
3756,RIVERCREEK BAY WAY,,Match,0/0
3696,KIDRON CT,,Match,0/0
5664,HIBERNIA DR,B,Match,0/1
3353,WINTER LANE PARK,,Match,0/0
3363,WINTER LANE PARK,,Match,0/0
5430,LONSDALE PL S,UNIT A,Match,0/0
3700,SOFT WIND DR,,Match,0/0
3753,SOFT WIND DR,,Match,0/0
5720,HIBERNIA DR,C,Match,0/1
3416,WINTER LANE PARK,,Match,0/0
5746,HIBERNIA DR,,Match,0/1
2437,CHELSEA CT,,Match,0/0
2054,SUNSHINE PL,,Match,0/1
5498,LONSDALE PL N,,Match,0/0
5508,E LIVINGSTON AVE,,Match,406/920
5536,DUNFIELD LN,5,Match,0/1
4071,ROLLS ROYCE CT,,Match,0/0
4050,REFUGEE RD,,Match,119/267
2246,MUIRWOOD DR,,Match,0/1
4113,JENERA PL,,Match,0/0
3393,SUFFIELD,,Match,0/0
2293,SEVILLE AVE,,Match,0/1
2316,SEVILLE AVE,,Match,0/1
4240,EASTLAND SQUARE DR,,Match,0/1
2721,EASTLAND MALL,UNIT A,Match,0/1
4469,REFUGEE RD,,Match,119/267
5588,MILLERSFIELD DR,,Match,0/1
2849,CITIZENS PL,A,Match,0/1
2817,CITIZENS PL,H,Match,0/1
4511,S HAMILTON RD,,No_Match,242/753
2828,CITIZENS PL,H,Match,0/1
2094,S HAMILTON RD,,Match,242/753
5623,ALSHIRE RD,,Match,0/4
222,CHANTRY DR,,No_Match,0/16
376,CHANTRY DR,,No_Match,0/16
2801,MARWOOD CT,D,Match,0/1
4583,ISINGTON CT,D,Match,0/0
2758,TENNYSON BLVD,,Match,0/0
2503,SHORE BLVD E,,Match,0/0
2845,ROCKFORD LN,,Match,0/0
2881,TENNYSON BLVD,114,Match,0/0
2445,SHORE BLVD E,G,Match,0/0
2371,SHORE BLVD E,E,Match,0/0
4646,HEBRIDES DR,A,Match,0/0
118,CHANTRY DR,,No_Match,0/16
666,CHANTRY DR,,No_Match,0/16
236,CHANTRY DR,,No_Match,0/16
480,CHANTRY DR,,No_Match,0/16
194,LITTLE BROOK WAY,,No_Match,30/31
4630,HILTON CORPORATE DR,210,Match,0/3
1281,MCNAUGHTEN RD,UNIT L,Match,80/137
6303,MCNAUGHTEN CT,,No_Match,0/1
6549,MCNAUGHTEN CT,,No_Match,0/1
6749,MCNAUGHTEN CT,,No_Match,0/1
2772,BRANDY DR,202,Match,0/1
2771,BERWICK SQ,,Match,0/1
2063,LAKE CLUB TER,,Match,0/0
2902,TUPPENCE DR,,Match,0/0
1918,OLDE COVENTRY RD E,,Match,0/0
1940,OLDE COVENTRY RD E,,Match,0/0
5056,COVENTRY CT N,,Match,0/0
2470,FOREST GREEN CT,,Match,0/0
5165,CEDAR DR,H,Match,15/24
2353,HAMILTON RD,,Match,242/753
5561,AUTUMN CHASE DR,,Match,0/1
2825,CITIZENS PL,A,Match,0/1
2852,CITIZENS PL,D,Match,0/1
2828,CITIZENS PL,G,Match,0/1
2646,CHAPPEL CHASE,,Match,0/0
5675,BAIRSFORD CIR N,9,Match,0/0
4585,ISINGTON CT,A,Match,0/0
4599,MONMOUTH CT,209,Match,0/0
4579,LAKE SIDE S,,Match,0/0
2445,SHORE BLVD E,A,Match,0/0
4659,REFUGEE RD,3D,Match,119/267
578,CHANTRY DR,,No_Match,0/16
170,CHANTRY DR,,No_Match,0/16
178,CHANTRY DR,,No_Match,0/16
406,CHANTRY DR,,No_Match,0/16
424,LITTLE BROOK WAY,,No_Match,30/31
1307,YORKLAND RD,UNIT,Match,23/34
6559,MCNAUGHTEN CT,,No_Match,0/1
6643,MCNAUGHTEN CT,,No_Match,0/1
6345,MCNAUGHTEN CT,,No_Match,0/1
6263,MCNAUGHTEN CT,,Match,0/1
4790,ROLLINGBROOK LN,A,Match,0/0
2738,BRANDY DR,104,Match,0/1
2084,LAKE CLUB TER,,Match,0/0
3180,ELIM MANOR CT,112,Match,0/1
2056,SEPICH LN,,Match,0/1
5165,CEDAR DR,D,Match,15/24
5167,CEDAR DR,H,Match,15/24
3623,RIVERDALE SQ,,Match,0/0
5457,RED BIRD CT,,Match,0/1
3483,COURTRIGHT LN,,Match,0/0
3777,BUCKMAN ST,,Match,0/0
5330,YORKSHIRE TERRACE DR,A2,Match,0/0
5330,YORKSHIRE TERRACE DR,A5,Match,0/0
3710,DAWN CT,,Match,0/0
3714,DAWN CT,,Match,0/0
2332,PETZINGER CT,,Match,0/0
3764,KIMBERLY WEST DR,,Tie,0/0
3744,EMRICK CT,,Match,0/0
3686,SOFT WIND DR,,No_Match,0/0
5636,HIBERNIA DR,A,Match,0/1
5440,LONSDALE PL S,UNIT B,Match,0/0
5673,HIBERNIA DR,,Match,0/1
5497,CHATTERTON RD,,No_Match,0/12
5462,LONSDALE PL N,UNIT C,Match,0/0
5481,E LIVINGSTON AVE,UNIT B,Match,406/920
5467,CHATFORD SQ,,Match,0/1
5465,CHATFORD SQ,,Match,0/1
5522,DUNFIELD LN,6,Match,0/1
5525,CANTARA PL,2,Match,0/0
5530,DUNFIELD LN,,Match,0/1
2449,KIMBERLY PKWY N,,Tie,0/0
2106,MUIRWOOD DR,,Match,0/1
4109,JENERA PL,,Match,0/0
2441,CORVETTE CT,,Match,0/0
2428,CORVETTE CT,,Match,0/0
2371,MERCEDES LN,,Match,0/0
2278,SEVILLE AVE,,Match,0/1
5545,CANTARA PL,2,Match,0/0
1537,CABORA LN,,Match,0/0
5751,HIBERNIA DR,,Match,0/1
5507,CHATFORD SQ,,Match,0/1
2510,KIMBERLY PKWY E,UNIT 303,Match,0/0
2510,KIMBERLY PKWY E,308,Match,0/0
4315,DONLYN CT,,Match,0/0
2849,CITIZENS PL,E,Match,0/1
2828,CITIZENS PL,A,Match,0/1
2828,CITIZENS PL,D,Match,0/1
2828,CITIZENS PL,C,Match,0/1
2797,MARWOOD CT,C,Match,0/1
2733,TENNYSON BLVD,B,Match,0/0
4540,LAKE SIDE N,C,Match,0/0
4572,ISINGTON CT,,Match,0/0
2802,MARWOOD CT,B,Match,0/1
4596,CHANNING TER,,Match,0/0
420,CHANTRY DR,,No_Match,0/16
566,CHANTRY DR,,No_Match,0/16
2576,SILVER OAK DR,,Match,0/1
4611,REFUGEE RD,2D,Match,119/267
2881,THOREAU CT,,Match,0/0
2877,THOREAU CT,,Match,0/0
4671,REFUGEE RD,1E,Match,119/267
4665,REFUGEE RD,1E,Match,119/267
4667,REFUGEE RD,2C,Match,119/267
4630,HILTON CORPORATE DR,314,Match,0/3
584,LITTLE BROOK WAY,,No_Match,30/31
150,LITTLE BROOK WAY,,No_Match,30/31
1303,YORKLAND RD,UNIT,Match,23/34
5684,SPRUCE TREE DR,,Match,0/0
3035,ROTUNDA CT S,,Match,0/0
4650,HILTON CORPORATE DR,114,Match,0/3
5755,GREENPINE ST,,No_Match,0/0
6147,MCNAUGHTEN CT,,Match,0/1
6245,MCNAUGHTEN CT,,Tie,0/1
6399,MCNAUGHTEN CT,,No_Match,0/1
6541,MCNAUGHTEN CT,,No_Match,0/1
2788,GROSSE POINT,,Match,0/0
3165,WABASH CT S,,Match,0/0
3330,TRADAN DR,,Match,0/1
3338,TRADAN DR,,Match,0/1
4803,ROLLINGBROOK LN,B,Tie,0/0
4946,OLDE COVENTRY RD W,,Match,0/0
2093,LAKE CLUB TER,D,Match,0/0
6002,LAKE CLUB CT,E,Match,0/1
4997,COVENTRY DR,,Match,0/0
2096,PINE GROVE LN,,Match,0/1
2043,PINE GROVE LN,,Match,0/1
6019,LAKE CLUB CT,,Match,0/1
3667,RIVERDALE SQ,,Match,0/0
5121,CEDAR DR,A,Match,15/24
3647,RIVERDALE SQ,,Match,0/0
3721,BIRCHTREE LN,,Match,0/0
3769,KIMBERLY WEST DR,UNIT 4,Tie,0/0
3729,KIMBERLY PKWY N,,Match,0/0
3733,KIMBERLY PKWY N,,Match,0/0
3839,RIVERCREEK BAY WAY,,Match,0/0
5381,YORKSHIRE TERRACE DR,6A,Match,0/0
2808,BANWICK RD,,Match,0/9
5660,HIBERNIA DR,C,Match,0/1
2314,SUNSHINE PL,,Match,0/1
2098,SUNSHINE PL,,Match,0/1
2158,SUNSHINE PL,,Match,0/1
2124,MUIRWOOD DR,,Match,0/1
5420,LONSDALE PL N,UNIT A,Match,0/0
3380,WINTER LANE PARK,,Match,0/0
4090,JENERA PL,,Match,0/0
5549,CHANTRY DR,,Match,0/16
5533,HUTCHINSTONE RD,,Match,0/0
2502,EASTERN PINE RD,,Match,0/0
5885,SHANA DR,,Match,0/1
1464,ABRAHAM WOODS,,Match,0/0
6257,MCNAUGHTEN CT,,Match,0/1
6433,MCNAUGHTEN CT,,No_Match,0/1
4770,LARAINE CT,102,Match,0/0
2207,FOXCROFT GREEN,,Match,0/0
3180,ELIM MANOR CT,114,Match,0/1
3318,TRADAN DR,,Match,0/1
3362,TRADAN DR,,Match,0/1
4962,COVENTRY CT S,,Match,0/0
1915,CHANNINGWAY CENTER DR,,Match,0/0
5081,CEDAR DR,H,Match,15/24
3728,BIRCHTREE LN,,Match,0/0
5366,YORKSHIRE VILLAGE LN,,Match,0/0
5551,HIBERNIA DR,,Match,0/1
2602,BIRCHTREE WAY,,Match,0/0
2622,BIRCHTREE CT,,Match,0/0
3694,NOAM CT,,Match,0/0
2338,RANDY CT,,Match,0/0
3711,FRANCINE CT,,Match,0/0
3711,CHARBERT CT,,Match,0/0
3598,ARIEL DR,,Match,0/0
3590,ARIEL DR,,Match,0/0
3158,ST BERNARD CIR,,Match,0/0
5576,HIBERNIA DR,C,Match,0/1
2320,SUNSHINE PL,,Match,0/1
5453,LONSDALE PL N,UNIT B,Match,0/0
5453,LONSDALE PL N,UNIT D,Match,0/0
5490,DUNFIELD LN,3,Match,0/1
5502,DUNFIELD LN,,Match,0/1
1562,ALLENFORD CT,,Match,0/0
5758,HIBERNIA DR,A,Match,0/1
5788,HIBERNIA DR,,Match,0/1
2276,MUIRWOOD DR,,Match,0/1
2199,SEVILLE AVE,,Match,0/1
4080,GROVES RD,,Match,4/54
5743,HIBERNIA DR,C,Match,0/1
2510,KIMBERLY PKWY E,303,Match,0/0
5599,AUTUMN CHASE DR,,Match,0/1
2341,HAMILTON RD,,Match,242/753
4422,CROSSROADS CENTER,,Match,0/0
2564,S HAMILTON RD,,Match,242/753
5818,HALLRIDGE CIR,,Match,0/0
2824,CITIZENS PL,E,Match,0/1
2826,CITIZENS PL,H,Match,0/1
2748,CITIZENS PL,H,Match,0/1
476,CHANTRY DR,,No_Match,0/16
550,LITTLE BROOK WAY,,No_Match,30/31
518,LITTLE BROOK WAY,,No_Match,30/31
602,LITTLE BROOK WAY,,No_Match,30/31
2817,WYMAN CT,A,Match,0/0
2755,TENNYSON BLVD,B,Match,0/0
2731,TENNYSON BLVD,A,Match,0/0
4576,MANDEVILLE CT,D,Match,0/0
4585,MONMOUTH CT,D,Match,0/0
2501,SHORE BLVD E,I,Match,0/0
2481,SHORE BLVD E,I,Match,0/0
4578,LAKE SIDE N,,Match,0/0
4524,HILTON CORPORATE DR,,Match,0/3
2899,TENNYSON BLVD,B,Match,0/0
2530,SILVER OAK DR,,Match,0/1
5665,MAPLE TREE LN,,Match,0/0
5693,MAPLE TREE LN,,Match,0/0
1281,MCNAUGHTEN RD,UNIT M,Match,80/137
3261,ELIM MANOR CT,,Match,0/1
2881,TENNYSON BLVD,209,Match,0/0
4659,REFUGEE RD,3E,Match,119/267
4668,FENIMORE CT,,Match,0/0
2092,PINE GROVE LN,,Match,0/1
1870,COVENTRY CT,B,Match,2/2
1850,COVENTRY LN,,Match,0/0
5050,COVENTRY CT N,,Match,0/0
2480,FOREST GREEN CT,,Match,0/0
5095,CEDAR DR,K,Match,15/24
5141,CEDAR DR,J,Match,15/24
2608,SUMMERWAY CT,,Match,0/0
3569,ARIEL DR,,Match,0/0
3725,KIMBERLY WEST DR,UNIT 6,Tie,0/0
5202,CEDAR DR,H,Match,15/24
5200,CEDAR DR,B,Match,15/24
3774,KIMBERLY PKWY N,,Match,0/0
3832,RIVERCREEK BAY WAY,,Match,0/0
3710,KIDRON CT,,Match,0/0
3872,RIVERCREEK BAY WAY,,Match,0/0
2194,SOFT WIND CT,,Match,0/0
5579,HIBERNIA DR,A,Match,0/1
5607,HIBERNIA DR,B,Match,0/1
5535,HIBERNIA DR,C,Match,0/1
5539,HIBERNIA DR,A,Match,0/1
5427,YORKSHIRE TERRACE DR,2A,Match,0/0
3939,KIMBERLY PKWY N,,Match,0/0
2302,SUNSHINE PL,,Match,0/1
2168,SUNSHINE PL,,Match,0/1
3367,WINTER LANE PARK,,Match,0/0
5440,LONSDALE PL S,UNIT A,Match,0/0
3410,WINTER LANE PARK,,Match,0/0
2301,MUIRWOOD DR,,Match,0/1
4017,CATANIA WAY,,No_Match,1/1
2403,KIMBERLY PKWY N,,Tie,0/0
3334,WINTER LANE PARK,,Match,0/0
5448,LONSDALE PL S,UNIT A,Match,0/0
5738,HIBERNIA DR,A,Match,0/1
5747,HIBERNIA DR,C,Match,0/1
2236,MUIRWOOD DR,,Match,0/1
3423,SUFFIELD,,Match,0/0
2740,EASTLAND MALL,,Match,0/1
2734,EASTLAND MALL,,Match,0/1
2510,KIMBERLY PKWY E,309,Match,0/0
4293,DONLYN CT,,Match,0/0
2781,S HAMILTON RD,,Match,242/753
5581,CHATTERTON RD,,Match,0/12
4293,EASTLAND SQUARE DR,,Match,0/1
5819,HALLRIDGE CIR,,Match,0/0
2849,CITIZENS PL,C,Match,0/1
2809,CITIZENS PL,F,Match,0/1
2572,S HAMILTON RD,,Match,242/753
2788,CITIZENS PL,F,Match,0/1
2780,CITIZENS PL,H,Match,0/1
2774,CITIZENS PL,E,Match,0/1
4491,LAKE SIDE S,B,Match,0/0
4491,LAKE SIDE S,C,Match,0/0
32,CHANTRY DR,,No_Match,0/16
5593,CHANTRY DR,,Match,0/16
2400,PARK CRESCENT,,Match,0/0
1795,CHANNINGWAY CT W,,Match,0/0
16,LITTLE BROOK WAY,,No_Match,30/31
72,LITTLE BROOK WAY,,No_Match,30/31
5859,YORKLAND CT,UNIT,Match,0/1
2832,WYMAN CT,C,Match,0/0
2870,WOOLWICH CT,208,Match,0/0
2483,SHORE BLVD E,,Match,0/0
4609,REFUGEE RD,2I,Match,119/267
4615,WORDSWORTH CT,B,Match,0/0
2844,ROCKFORD LN,,No_Match,0/0
4596,LAKE SIDE N,,Match,0/0
1281,MCNAUGHTEN RD,UNIT P,Match,80/137
4635,COLERIDGE CT,,Match,0/0
4630,HILTON CORPORATE DR,312,Match,0/3
4630,HILTON CORPORATE DR,101,Match,0/3
4650,HILTON CORPORATE DR,310,Match,0/3
5742,GREENPINE ST,,Match,0/0
6629,MCNAUGHTEN CT,,No_Match,0/1
6521,MCNAUGHTEN CT,,No_Match,0/1
5942,SHANA DR,,Match,0/1
6003,LAKE CLUB SQ,,Match,0/1
2813,BERWICK SQ,,Match,0/1
2789,BERWICK SQ,,Match,0/1
4798,LARAINE CT,203,Match,0/0
3180,ELIM MANOR CT,208,Match,0/1
4782,REFUGEE RD,D,Match,119/267
3722,NOAM CT,,Match,0/0
3725,KIMBERLY WEST DR,,Tie,0/0
2207,COURTSIDE DR,E,Match,0/2
2193,DURANT AVE,,Match,0/1
2193,SOFT WIND CT,,Match,0/0
5547,HIBERNIA DR,C,Match,0/1
5560,HIBERNIA DR,A,Match,0/1
2245,SUNSHINE PL,,Match,0/1
5620,HIBERNIA DR,,Match,0/1
5644,HIBERNIA DR,,Match,0/1
5413,LONSDALE PL S,UNIT B,Match,0/0
5430,LONSDALE PL S,UNIT D,Match,0/0
2142,SUNSHINE PL,,Match,0/1
4010,REFUGEE RD,,Match,119/267
4109,ALVADA ST,,Match,0/0
5645,HIBERNIA DR,C,Match,0/1
5498,LONSDALE PL N,UNIT C,Match,0/0
1561,CABORA LN,,Match,0/0
2510,KIMBERLY PKWY E,307,Match,0/0
2510,KIMBERLY PKWY E,UNIT 203,Match,0/0
4274,GROVES RD,,Match,4/54
2884,S HAMILTON RD,,Match,242/753
5770,HALLRIDGE CIR,,Match,0/0
2845,CITIZENS PL,H,Match,0/1
2802,CITIZENS PL,A,Match,0/1
2246,S HAMILTON RD,203,Match,242/753
2242,S HAMILTON RD,100,Match,242/753
5675,BAIRSFORD CIR N,17,Match,0/0
4601,REFUGEE RD,3I,Match,119/267
264,CHANTRY DR,,No_Match,0/16
564,CHANTRY DR,,No_Match,0/16
212,CHANTRY DR,,No_Match,0/16
256,CHANTRY DR,,No_Match,0/16
2563,SILVER OAK DR,,Match,0/1
432,LITTLE BROOK WAY,,No_Match,30/31
536,LITTLE BROOK WAY,,No_Match,30/31
4611,REFUGEE RD,1F,Match,119/267
2843,ROCKFORD LN,,Match,0/0
2361,SHORE BLVD E,D,Match,0/0
4622,HEBRIDES DR,C,Match,0/0
5861,YORKLAND CT,UNIT,Match,0/1
1285,YORKLAND RD,UNIT F,Match,23/34
6661,MCNAUGHTEN CT,,No_Match,0/1
5919,SHANA DR,,Match,0/1
2764,BRANDY DR,204,Match,0/1
4776,REFUGEE RD,CATV,Match,119/267
2108,LAKE CLUB TER,,Match,0/0
4824,ROLLINGBROOK LN,C,Tie,0/0
2907,SHILLING DR,,Match,0/0
2778,GROSSE POINT,,Match,0/0
4950,OLDE COVENTRY RD W,,Match,0/0
2085,PINE GROVE LN,,Match,0/1
3511,WATKINS RD,,Match,111/161
3634,EVERBY WAY,,Match,1/1
3665,RIVERDALE SQ,,Match,0/0
2623,BIRCHTREE CT,,Match,0/0
3752,SOFT WIND DR,,Match,0/0
3976,RIVERCREEK BAY WAY,,Match,0/0
2226,SUNSHINE PL,,Match,0/1
5381,YORKSHIRE TERRACE DR,5C,Match,0/0
3198,ST BERNARD CIR,,Match,0/0
5617,HIBERNIA DR,B,Match,0/1
2200,MUIRWOOD DR,,Match,0/1
4103,ALVADA ST,,Match,0/0
2214,SEVILLE AVE,,Match,0/1
5665,HIBERNIA DR,,Match,0/1
3376,WINTER LANE PARK,,Match,0/0
3339,WINTER LANE PARK,,Match,0/0
5484,DUNFIELD LN,4,Match,0/1
2510,KIMBERLY PKWY E,305,Match,0/0
3621,HAMILTON RD,,Match,242/753
5693,HIBERNIA DR,,Match,0/1
5754,HIBERNIA DR,C,Match,0/1
2523,FRANKSWAY ST,,Match,0/1
2859,CITIZENS PL,C,Match,0/1
2865,CITIZENS PL,F,Match,0/1
2788,CITIZENS PL,E,Match,0/1
2757,TENNYSON BLVD,,Match,0/0
2724,TENNYSON BLVD,C,Match,0/0
4599,REFUGEE RD,1C,Match,119/267
2943,TENNYSON BLVD,B,Match,0/0
2447,SHORE BLVD E,B,Match,0/0
4607,REFUGEE RD,3B,Match,119/267
4611,REFUGEE RD,2F,Match,119/267
2907,TENNYSON BLVD,B,Match,0/0
5587,AUTUMN CHASE DR,A,Match,0/1
3160,WEBSTER DR,,Match,0/0
3150,WEBSTER DR,,Match,0/0
2445,SHORE BLVD E,F,Match,0/0
4580,LAKE SIDE N,C,Match,0/0
4640,GROVES RD,,Match,4/54
4671,REFUGEE RD,3A,Match,119/267
4669,REFUGEE RD,1H,Match,119/267
4665,REFUGEE RD,3E,Match,119/267
2874,MERRYMOUNT CT,D,Match,0/0
5600,MILLERSFIELD DR,,Match,0/1
5689,E LIVINGSTON AVE,,Match,406/920
2650,CHAPPEL CHASE,,Match,0/0
5625,ALSHIRE RD,,Match,0/4
3174,WEBSTER DR,,Match,0/0
570,CHANTRY DR,,No_Match,0/16
548,CHANTRY DR,,No_Match,0/16
534,CHANTRY DR,,No_Match,0/16
1781,CHANNINGWAY CT W,,Match,0/0
658,LITTLE BROOK WAY,,No_Match,30/31
294,LITTLE BROOK WAY,,No_Match,30/31
170,LITTLE BROOK WAY,,No_Match,30/31
3274,TRADAN DR,,Match,0/1
3686,FARTHING LN,,Match,0/2
1285,YORKLAND RD,,Match,23/34
5878,YORKLAND CT,UNIT N,Match,0/1
1431,MCNAUGHTEN RD,,Match,80/137
2786,GROSSE POINT,,Match,0/0
3180,ELIM MANOR CT,107,Match,0/1
4792,LARAINE CT,102,Match,0/0
5841,MAPLE TREE LN,,Match,0/0
6101,MCNAUGHTEN CENTER,,Match,0/0
6331,MCNAUGHTEN CT,,No_Match,0/1
6391,MCNAUGHTEN CT,,No_Match,0/1
6691,MCNAUGHTEN CT,,No_Match,0/1
1895,COVENTRY CT,,Match,2/2
5016,COVENTRY DR,C,Match,0/0
1894,COVENTRY CT,D,Match,2/2
5980,LAKE CLUB SQ,G,Match,0/1
2400,MALKA CT,,Match,0/0
2385,MALKA CT,,Match,0/0
2333,RANDY CT,,Match,0/0
3724,NOAM CT,,Match,0/0
5119,CEDAR DR,C,Match,15/24
2812,BANWICK RD,,Match,0/9
3712,KIMBERLY WEST DR,,Tie,0/0
3718,DAWN CT,,Match,0/0
3739,KIMBERLY WEST DR,UNIT 5,Tie,0/0
3808,RIVERCREEK BAY WAY,,Match,0/0
2361,CANAL BAY WAY,,Match,0/1
3706,SOFT WIND DR,,Match,0/0
3984,SOLDIER ST,,Match,12/82
3726,SOFT WIND DR,,Match,0/0
5330,YORKSHIRE TERRACE DR,B11,Match,0/0
3285,ST BERNARD CIR,,Match,0/0
1916,OLDE COVENTRY RD E,,Match,0/0
3618,RIVERDALE SQ,,Match,0/0
1858,COVENTRY LN,B,Match,0/0
3487,COURTRIGHT LN,,Match,0/0
3711,BUCKMAN ST,,Match,0/0
3711,KNIGHTSWAY LN,,Match,0/2
3699,REFUGEE RD,,Match,119/267
3680,MENDON PL,,Match,0/0
3694,KIDRON CT,,Match,0/0
4000,RIVERCREEK BAY WAY,,Match,0/0
5415,YORKSHIRE TERRACE DR,4A,Match,0/0
5576,HIBERNIA DR,,Match,0/1
4101,ALVADA ST,,Match,0/0
2312,SEVILLE AVE,,Match,0/1
5484,LONSDALE PL N,,Match,0/0
1579,ALLENFORD CT,,Match,0/0
5766,HIBERNIA DR,,Match,0/1
4173,CADILLAC CT,,Match,0/0
2753,EASTLAND MALL,,Match,0/1
2510,KIMBERLY PKWY E,106,Match,0/0
5530,DUNFIELD LN,5,Match,0/1
4265,EASTLAND SQUARE DR,,Match,0/1
2315,HAMILTON RD,,Match,242/753
3347,BRANFORD,,Match,0/0
3335,BRANFORD,,Match,0/0
5591,AUTUMN CHASE DR,B,Match,0/1
2809,CITIZENS PL,B,Match,0/1
2796,CITIZENS PL,H,Match,0/1
2828,CITIZENS PL,B,Match,0/1
2743,TENNYSON BLVD,B,Match,0/0
2726,TENNYSON BLVD,D,Match,0/0
2870,WOOLWICH CT,200,Match,0/0
4584,LAKE SIDE N,,Match,0/0
2618,CHAPPEL CHASE,,Match,0/0
260,CHANTRY DR,,No_Match,0/16
332,CHANTRY DR,,No_Match,0/16
532,LITTLE BROOK WAY,,No_Match,30/31
78,LITTLE BROOK WAY,,No_Match,30/31
5855,YORKLAND CT,UNIT,Match,0/1
4617,REFUGEE RD,1D,Match,119/267
2907,TENNYSON BLVD,D,Match,0/0
4615,REFUGEE RD,3E,Match,119/267
4628,HEBRIDES DR,A,Match,0/0
1804,CHANNINGWAY CT W,,Match,0/0
1289,YORKLAND RD,UNIT I,Match,23/34
5880,YORKLAND CT,UNIT H,Match,0/1
4757,GROVES RD,,Match,4/54
5705,SPRUCE TREE DR,,Match,0/0
5709,SPRUCE TREE DR,,Match,0/0
5767,SPRUCE TREE DR,,Match,0/0
5825,MAPLE TREE LN,,Match,0/0
6020,BATHEREST CIR,,No_Match,0/0
6093,MCNAUGHTEN CENTER,,Match,0/0
6531,MCNAUGHTEN CT,,No_Match,0/1
6429,MCNAUGHTEN CT,,No_Match,0/1
3180,ELIM MANOR CT,210,Match,0/1
4770,LARAINE CT,104,Match,0/0
2023,LAKE CLUB TER,,Match,0/0
2021,LAKE CLUB TER,,Match,0/0
3310,TRADAN DR,,Match,0/1
3364,TRADAN DR,,Match,0/1
2012,SEPICH LN,,Match,0/1
4802,ROLLINGBROOK LN,C,Tie,0/0
3259,ELIM MANOR CT,,Match,0/1
1881,CHANNINGWAY CENTER DR,,Match,0/0
2080,PINE GROVE LN,,Match,0/1
5081,CEDAR DR,C,Match,15/24
5119,CEDAR DR,L,Match,15/24
3251,WEBSTER DR,,Match,0/0
3108,WINCHESTER PIKE,,Match,4/13
5344,YORKSHIRE VILLAGE LN,,Match,0/0
2281,MUIRWOOD DR,,Match,0/1
2259,MUIRWOOD DR,,Match,0/1
5415,YORKSHIRE TERRACE DR,5B,Match,0/0
5427,YORKSHIRE TERRACE DR,5C,Match,0/0
3357,WINTER LANE PARK,,Match,0/0
5424,LONSDALE PL N,UNIT C,Match,0/0
3712,BUCKMAN ST,,Match,0/0
4248,GROVES RD,,Match,4/54
4154,REFUGEE RD,,Match,119/267
3285,WINTER LANE PARK,,Match,0/0
5496,DUNFIELD LN,6,Match,0/1
5716,HIBERNIA DR,C,Match,0/1
2393,CANAL BAY WAY,,Match,0/1
2211,SOFT WIND CT,,Match,0/0
5443,CHATFORD SQ,,Match,0/1
5743,HIBERNIA DR,A,Match,0/1
3310,SUFFIELD,,Match,0/0
5491,CHATFORD SQ,,Match,0/1
2253,MUIRWOOD DR,,Match,0/1
2181,MUIRWOOD DR,,Match,0/1
4097,JENERA PL,,Match,0/0
2227,SEVILLE AVE,,Match,0/1
2228,SEVILLE AVE,,Match,0/1
2849,CITIZENS PL,D,Match,0/1
2799,MARWOOD CT,B,Match,0/1
4505,LAKE SIDE N,C,Match,0/0
5835,REDAPPLE RIDGE,,Match,0/0
4304,GROVES RD,,Match,4/54
4617,REFUGEE RD,2A,Match,119/267
2878,TENNYSON BLVD,,Match,0/0
4590,LAKE SIDE N,I,Match,0/0
4646,HEBRIDES DR,C,Match,0/0
2594,CHAPPEL CHASE,,Match,0/0
5685,BAIRSFORD CIR N,11,Match,0/0
62,CHANTRY DR,,No_Match,0/16
592,CHANTRY DR,,No_Match,0/16
634,CHANTRY DR,,No_Match,0/16
670,CHANTRY DR,,No_Match,0/16
2849,CITIZENS PL,G,Match,0/1
4615,HILTON CORPORATE DR,,Match,0/3
4667,REFUGEE RD,1C,Match,119/267
4630,HILTON CORPORATE DR,111,Match,0/3
4630,HILTON CORPORATE DR,204,Match,0/3
666,LITTLE BROOK WAY,,No_Match,30/31
5663,MAPLE TREE LN,,Match,0/0
1762,CHANNINGWAY CT W,,Match,0/0
1289,YORKLAND RD,UNIT O,Match,23/34
2786,CITIZENS PL,H,Match,0/1
4520,LAKE SIDE S,C,Match,0/0
4540,LAKE SIDE N,A,Match,0/0
4597,REFUGEE RD,2F,Match,119/267
1281,MCNAUGHTEN RD,UNIT K,Match,80/137
5779,SPRUCE TREE DR,,Match,0/0
5896,SHANA DR,,Match,0/1
6437,MCNAUGHTEN CT,,No_Match,0/1
4615,REFUGEE RD,2B,Match,119/267
4657,REFUGEE RD,1I,Match,119/267
4650,HEBRIDES DR,,Match,0/0
2738,BRANDY DR,101,Match,0/1
4630,HILTON CORPORATE DR,308,Match,0/3
4650,HILTON CORPORATE DR,118,Match,0/3
3947,RIVERCREEK BAY WAY,,Match,0/0
3814,SOFT WIND DR,,Match,0/0
3949,KIMBERLY PKWY N,,Match,0/0
3979,KIMBERLY PKWY N,,Match,0/0
2134,SUNSHINE PL,,Match,0/1
5419,LONSDALE PL S,UNIT C,Match,0/0
5673,HIBERNIA DR,C,Match,0/1
2039,LAKE CLUB TER,,Match,0/0
2029,LAKE CLUB TER,,Match,0/0
5981,LAKE CLUB SQ,D,Match,0/1
5980,LAKE CLUB SQ,A,Match,0/1
2201,MUIRWOOD DR,,Match,0/1
4087,JENERA PL,,Match,0/0
3336,WINTER LANE PARK,,Match,0/0
5448,LONSDALE PL S,UNIT D,Match,0/0
5502,DUNFIELD LN,1,Match,0/1
1577,ALLENFORD CT,,Match,0/0
4245,DONLYN CT,,Match,0/0
4301,DONLYN CT,,Match,0/0
5751,HIBERNIA DR,A,Match,0/1
3336,SUFFIELD,,Match,0/0
3373,BRANFORD,,Match,0/0
2599,S HAMILTON RD,,Match,242/753
2317,HAMILTON RD,,Match,242/753
1787,BAIRSFORD CIR W,,Match,0/0
5568,AUTUMN CHASE DR,A,Match,0/1
2791,CITIZENS PL,C,Match,0/1
2238,S HAMILTON RD,101,Match,242/753
4491,LAKE SIDE S,H,Match,0/0
4558,MANDEVILLE CT,B,Match,0/0
2638,CHAPPEL CHASE,,Match,0/0
5685,BAIRSFORD CIR N,15,Match,0/0
510,CHANTRY DR,,No_Match,0/16
88,LITTLE BROOK WAY,,No_Match,30/31
610,LITTLE BROOK WAY,,No_Match,30/31
2826,WYMAN CT,,Match,0/0
2870,WOOLWICH CT,109,Match,0/0
2760,TENNYSON BLVD,C,Match,0/0
4611,REFUGEE RD,3A,Match,119/267
2899,TENNYSON BLVD,D,Match,0/0
4594,ISINGTON CT,201,Match,0/0
2371,SHORE BLVD E,D,Match,0/0
278,LITTLE BROOK WAY,,No_Match,30/31
1783,CHANNINGWAY CT E,,Match,0/0
5381,YORKSHIRE TERRACE DR,3A,Match,0/0
5567,HIBERNIA DR,,Match,0/1
4619,REFUGEE RD,2F,Match,119/267
5773,SPRUCE TREE DR,,Match,0/0
5445,LONSDALE PL N,,Match,0/0
3188,WEBSTER DR,,Match,0/0
5484,LONSDALE PL N,UNIT B,Match,0/0
1573,ALLENFORD CT,,Match,0/0
3177,EASTHAVEN DR S,,Match,0/0
2186,ROTUNDA DR,,Match,6/10
4788,ROLLINGBROOK LN,D,Match,0/0
4826,LARAINE CT,204,Match,0/0
4815,ROLLINGBROOK LN,C,Tie,0/0
1935,OLDE COVENTRY RD,,Match,0/0
2106,LAKE CLUB TER,,Match,0/0
5995,LAKE CLUB SQ,,Match,0/1
5593,CHATTERTON RD,,Match,0/12
5489,CHATFORD SQ,,Match,0/1
3350,TRADAN DR,,Match,0/1
1913,OLDE COVENTRY RD E,,Match,0/0
1901,OLDE COVENTRY RD E,,Match,0/0
5083,MYERS RD,,Match,0/8
5030,COVENTRY DR,D,Match,0/0
1852,COVENTRY LN,,Match,0/0
5566,AUTUMN CHASE DR,A,Match,0/1
5570,AUTUMN CHASE DR,,Match,0/1
5079,CEDAR DR,A,Match,15/24
5764,HALLRIDGE CIR,,Match,0/0
3606,RIVERDALE SQ,,Match,0/0
554,CHANTRY DR,,No_Match,0/16
3476,COURTRIGHT LN,,Match,0/0
3641,RIVERDALE SQ,,Match,0/0
5141,CEDAR DR,E,Match,15/24
5202,CEDAR DR,J,Match,15/24
474,CHANTRY DR,,No_Match,0/16
588,CHANTRY DR,,No_Match,0/16
40,CHANTRY DR,,No_Match,0/16
246,LITTLE BROOK WAY,,No_Match,30/31
476,LITTLE BROOK WAY,,No_Match,30/31
136,LITTLE BROOK WAY,,No_Match,30/31
510,LITTLE BROOK WAY,,No_Match,30/31
2344,PETZINGER CT,,Match,0/0
2231,COURTSIDE DR,A,Match,0/2
3759,KIMBERLY WEST DR,UNIT 5,Tie,0/0
3748,RIVERCREEK BAY WAY,,Match,0/0
3682,MENDON PL,,Match,0/0
5463,RED BIRD CT,,Match,0/1
3262,ST BERNARD CIR,,Match,0/0
1774,CHANNINGWAY CT W,,Match,0/0
1764,CHANNINGWAY CT W,,Match,0/0
2365,CANAL BAY WAY,,Match,0/1
3733,SOFT WIND DR,,Match,0/0
5524,HIBERNIA DR,,Match,0/1
6407,MCNAUGHTEN CT,,No_Match,0/1
6765,MCNAUGHTEN CT,,No_Match,0/1
4611,REFUGEE RD,1E,Match,119/267
4657,REFUGEE RD,3I,Match,119/267
4676,FENIMORE CT,,Match,0/0
5728,GREENPINE ST,,Match,0/0
1528,ABRAHAM WOODS,,Match,0/0
2307,RANDY CT,,Match,0/0
3714,KIMBERLY PKWY N,,Match,0/0
2395,HUDSON BAY WAY,,Match,0/0
3022,ROTUNDA CT S,,Match,0/0
4767,HILTON CORPORATE DR,,Match,0/3
4811,AMBER CROSSING DR,,No_Match,40/42
3677,MENDON PL,,Match,0/0
3685,KIDRON CT,,Match,0/0
3804,RIVERCREEK BAY WAY,,Match,0/0
3711,SOFT WIND DR,,Match,0/0
2899,TUPPENCE DR,,Match,0/0
2790,BERWICK SQ,,Match,0/1
6005,LAKE CLUB CT,,Match,0/1
6034,LAKE CLUB CT,,Match,0/1
3915,MAUMEE BAY WAY,,Match,0/0
3796,SOFT WIND DR,,Match,0/0
2886,CHARLES RIVER WAY,,No_Match,0/1
3951,MAUMEE BAY WAY,,Match,0/0
2740,BRANDY DR,201,Match,0/1
2195,FOXCROFT GREEN,,Match,0/0
2155,RIVERDALE SQ W,,Match,0/0
3645,RIVERDALE SQ,,Match,0/0
3650,RIVERDALE SQ,,Match,0/0
3717,BUCKMAN ST,,Match,0/0
3194,EASTHAVEN DR S,,Match,0/0
4958,OLDE COVENTRY RD W,,Match,0/0
4979,COVENTRY CT S,,Match,0/0
2484,FOREST GREEN CT,,Match,0/0
3477,COURTRIGHT LN,,Match,0/0
5123,CEDAR DR,M,Match,15/24
2383,MALKA CT,,Match,0/0
3545,ARIEL DR,,Match,0/0
2626,BIRCHTREE WAY,,Match,0/0
2336,RANDY CT,,Match,0/0
3763,KIMBERLY WEST DR,UNIT 2,Tie,0/0
3688,SOFT WIND DR,,No_Match,0/0
3735,SOFT WIND DR,,Match,0/0
3181,ST BERNARD CIR,,Match,0/0
3736,SOFT WIND DR,,Match,0/0
3939,MAUMEE BAY WAY,,Match,0/0
5401,LONSDALE PL S,UNIT B,Match,0/0
5418,LONSDALE PL S,UNIT C,Match,0/0
5424,LONSDALE PL N,UNIT A,Match,0/0
5450,E LIVINGSTON AVE,,Match,406/920
4075,ROLLS ROYCE CT,,Match,0/0
2311,MUIRWOOD DR,,Match,0/1
5460,LONSDALE PL S,UNIT C,Match,0/0
1759,LONSDALE PL E,UNIT B,Match,0/0
5484,LONSDALE PL N,UNIT C,Match,0/0
5484,DUNFIELD LN,6,Match,0/1
2230,MUIRWOOD DR,,Match,0/1
2236,SEVILLE AVE,,Match,0/1
5490,DUNFIELD LN,6,Match,0/1
5534,E LIVINGSTON AVE,,Match,406/920
3142,WEBSTER DR,,Match,0/0
2726,EASTLAND MALL,,Match,0/1
4257,EASTLAND SQUARE DR,,Match,0/1
4248,EASTLAND SQUARE DR,,Match,0/1
4271,EASTLAND FOOD CT,,No_Match,0/0
4333,DONLYN CT,,Match,0/0
4305,EASTLAND SQUARE DR,,Match,0/1
3380,SUFFIELD,,Match,0/0
3308,SUFFIELD,,Match,0/0
2847,CITIZENS PL,B,Match,0/1
2802,GROSSE POINT,,Match,0/0
3191,EASTHAVEN DR S,,Match,0/0
2865,CITIZENS PL,H,Match,0/1
2784,CITIZENS PL,G,Match,0/1
5805,HALLRIDGE CIR,,Match,0/0
5781,HALLRIDGE CIR,CN D,Match,0/0
2735,TENNYSON BLVD,B,Match,0/0
4564,MANDEVILLE CT,A,Match,0/0
4579,HEMINGWAY CT,A,Match,0/1
4579,MONMOUTH CT,,Match,0/0
2820,WYMAN CT,A,Match,0/0
2778,TENNYSON BLVD,B,Match,0/0
2499,SHORE BLVD E,,Match,0/0
196,LITTLE BROOK WAY,,No_Match,30/31
430,LITTLE BROOK WAY,,No_Match,30/31
626,LITTLE BROOK WAY,,No_Match,30/31
410,LITTLE BROOK WAY,,No_Match,30/31
5661,CHANTRY DR,,Match,0/16
5826,HALLRIDGE CIR,,Match,0/0
2642,CHAPPEL CHASE,,Match,0/0
500,CHANTRY DR,,No_Match,0/16
358,CHANTRY DR,,No_Match,0/16
584,CHANTRY DR,,No_Match,0/16
5633,CHANTRY DR,,Match,0/16
2665,SILVER OAK DR,,Match,0/1
280,LITTLE BROOK WAY,,No_Match,30/31
604,LITTLE BROOK WAY,,No_Match,30/31
456,LITTLE BROOK WAY,,No_Match,30/31
4563,HEMINGWAY CT,C,Match,0/1
4586,ISINGTON CT,205,Match,0/0
2765,TENNYSON BLVD,D,Match,0/0
2787,NEWCASTLE CT,,Match,0/0
4545,LAKE SIDE S,G,Match,0/0
2477,SHORE BLVD E,,Match,0/0
2487,SHORE BLVD E,,Match,0/0
2401,SHORE BLVD E,A,Match,0/0
4564,LAKE SIDE N,,Match,0/0
4607,REFUGEE RD,1B,Match,119/267
4594,ISINGTON CT,200,Match,0/0
288,LITTLE BROOK WAY,,No_Match,30/31
1779,CHANNINGWAY CT E,,Match,0/0
2812,TENNYSON BLVD,B,Match,0/0
2361,SHORE BLVD E,H,Match,0/0
4560,HILTON CORPORATE DR,,Match,0/3
4663,REFUGEE RD,2C,Match,119/267
2891,MERRYMOUNT CT,A,Match,0/0
4639,HILTON CORPORATE DR,,Match,0/3
4630,HILTON CORPORATE DR,106,Match,0/3
6659,MCNAUGHTEN CT,,No_Match,0/1
6307,MCNAUGHTEN CT,,No_Match,0/1
4816,ROLLINGBROOK LN,B,Tie,0/0
2125,PINE GROVE LN,,Match,0/1
2141,RIVERDALE SQ W,,Match,0/0
5123,CEDAR DR,K,Match,15/24
2355,RANDY CT,,Match,0/0
3731,KIMBERLY WEST DR,UNIT 5,Tie,0/0
3725,FRANCINE CT,,Match,0/0
3710,CHARBERT CT,,Match,0/0
2261,PETZINGER CT,,Match,0/0
3759,KIMBERLY WEST DR,UNIT 2,Tie,0/0
3746,EMRICK CT,,Match,0/0
3685,MENDON PL,,Match,0/0
5351,YORKSHIRE VILLAGE LN,,Match,0/0
5354,YORKSHIRE VILLAGE LN,,Match,0/0
3807,RIVERCREEK BAY WAY,,Match,0/0
3173,ST BERNARD CIR,,Match,0/0
3945,KIMBERLY PKWY N,,Match,0/0
2243,SUNSHINE PL,,Match,0/1
2164,MUIRWOOD DR,,Match,0/1
2445,CORVETTE CT,,Match,0/0
2296,SEVILLE AVE,,Match,0/1
2242,SEVILLE AVE,,Match,0/1
3335,WINTER LANE PARK,,Match,0/0
5475,LONSDALE PL S,UNIT B,Match,0/0
5521,CANTARA PL,1,Match,0/0
1556,APPLETON CT,,Match,0/0
2714,EASTLAND MALL,UNIT A,Match,0/1
5488,CHATFORD SQ,,Match,0/1
4283,KIMBERLY PKWY,,Match,0/1
4515,LAKE SIDE N,D,Match,0/0
4520,LAKE SIDE N,B,Match,0/0
4544,LAKE SIDE N,,Match,0/0
4599,REFUGEE RD,1D,Match,119/267
4552,MANDEVILLE CT,D,Match,0/0
2743,EASTLAND MALL,,Match,0/1
4211,DONLYN CT,,Match,0/0
4220,EASTLAND FOOD CT,,No_Match,0/0
5614,TINLEY PARK,,Match,0/0
5566,AUTUMN CHASE DR,B,Match,0/1
4297,EASTLAND SQUARE DR,,Match,0/1
2307,HAMILTON RD,,Match,242/753
5529,HUTCHINSTONE RD,,Match,0/0
5795,HALLRIDGE CIR,,Match,0/0
5673,E LIVINGSTON AVE,,Match,406/920
5844,HALLRIDGE CIR,C,Match,0/0
2859,CITIZENS PL,H,Match,0/1
2826,CITIZENS PL,E,Match,0/1
2826,CITIZENS PL,A,Match,0/1
2844,CITIZENS PL,F,Match,0/1
2788,CITIZENS PL,G,Match,0/1
4491,LAKE SIDE S,F,Match,0/0
2827,WYMAN CT,D,Match,0/0
2450,PARK CRESCENT,,Match,0/0
254,CHANTRY DR,,No_Match,0/16
120,CHANTRY DR,,No_Match,0/16
64,CHANTRY DR,,No_Match,0/16
44,CHANTRY DR,,No_Match,0/16
24,LITTLE BROOK WAY,,No_Match,30/31
480,LITTLE BROOK WAY,,No_Match,30/31
4601,REFUGEE RD,1H,Match,119/267
4593,REFUGEE RD,2E,Match,119/267
4545,LAKE SIDE S,A,Match,0/0
4617,REFUGEE RD,2E,Match,119/267
4597,REFUGEE RD,2H,Match,119/267
4593,REFUGEE RD,1J,Match,119/267
4621,REFUGEE RD,1D,Match,119/267
1289,YORKLAND RD,UNIT H,Match,23/34
2881,TENNYSON BLVD,203,Match,0/0
2865,THOREAU CT,D,Match,0/0
2942,NATHANIEL BLVD,b,Match,0/0
2902,MERRYMOUNT CT,C,Match,0/0
2866,MERRYMOUNT CT,C,Match,0/0
4650,HILTON CORPORATE DR,116,Match,0/3
1281,MCNAUGHTEN RD,UNIT F,Match,80/137
1281,MCNAUGHTEN RD,UNIT N,Match,80/137
2504,EASTERN PINE RD,,Match,0/0
1554,ABRAHAM WOODS,,Match,0/0
6018,BATHEREST CIR,,No_Match,0/0
6215,MCNAUGHTEN CT,,Match,0/1
6449,MCNAUGHTEN CT,,No_Match,0/1
6151,MCNAUGHTEN CT,,Match,0/1
6511,MCNAUGHTEN CT,,No_Match,0/1
6627,MCNAUGHTEN CT,,No_Match,0/1
2875,SHILLING DR,,Match,0/0
2496,SCARBOROUGH SQ,3,Match,0/0
6002,LAKE CLUB CT,C,Match,0/1
3324,TRADAN DR,,Match,0/1
2720,BRANDY DR,103,Match,0/1
4810,REFUGEE RD,B,Match,119/267
1942,OLDE COVENTRY RD E,,Match,0/0
1924,OLDE COVENTRY RD E,,Match,0/0
5056,COVENTRY CT N,B,Match,0/0
3565,REFUGEE RD,,Match,119/267
5097,CEDAR DR,M,Match,15/24
2143,RIVERDALE SQ E,,Match,0/0
3655,RIVERDALE SQ,,Match,0/0
3913,GROVES RD,,Match,4/54
3795,BUCKMAN ST,,Match,0/0
3731,KIMBERLY WEST DR,,Tie,0/0
2318,PETZINGER CT,,Match,0/0
5330,YORKSHIRE TERRACE DR,B9,Match,0/0
3206,ST BERNARD CIR,,Match,0/0
5393,YORKSHIRE TERRACE DR,1C,Match,0/0
3985,PENNIMAN ST,,No_Match,0/1
3855,MAUMEE BAY WAY,,Match,0/0
5664,HIBERNIA DR,,Match,0/1
5604,HIBERNIA DR,B,Match,0/1
5600,HIBERNIA DR,A,Match,0/1
2223,SUNSHINE PL,,Match,0/1
5681,HIBERNIA DR,A,Match,0/1
1745,LONSDALE PL E,UNIT C,Match,0/0
2208,SEVILLE AVE,,Match,0/1
4235,KIMBERLY PKWY,,Match,0/1
5435,LONSDALE PL N,UNIT D,Match,0/0
5445,LONSDALE PL N,UNIT D,Match,0/0
5475,LONSDALE PL S,UNIT C,Match,0/0
5448,LONSDALE PL S,,Match,0/0
2779,S HAMILTON RD,,Match,242/753
4246,S HAMILTON RD,,No_Match,242/753
4245,MACSWAY AVE,,Match,0/5
4600,WINCHESTER PIKE,,Match,4/13
2325,HAMILTON RD,,Match,242/753
5525,CANTARA PL,,Match,0/0
2825,CITIZENS PL,F,Match,0/1
2796,CITIZENS PL,A,Match,0/1
2584,S HAMILTON RD,,Match,242/753
2832,WYMAN CT,B,Match,0/0
4499,LAKE SIDE S,D,Match,0/0
2462,SHORE BLVD W,,Match,0/0
4536,LAKE SIDE S,H,Match,0/0
2446,SHORE BLVD W,,Match,0/0
2440,SHORE BLVD W,C,Match,0/0
5607,AUTUMN CHASE DR,B,Match,0/1
4575,MANDEVILLE CT,A,Match,0/0
2810,NEWCASTLE CT,201,Match,0/0
4545,LAKE SIDE N,B,Match,0/0
4582,LAKE SIDE N,,Match,0/0
2391,SHORE BLVD E,B,Match,0/0
5679,E LIVINGSTON AVE,,Match,406/920
3166,WEBSTER DR,,Match,0/0
4655,COLERIDGE CT,,Match,0/0
4630,HILTON CORPORATE DR,116,Match,0/3
2578,CHAPPEL CHASE,,Match,0/0
5675,BAIRSFORD CIR N,3,Match,0/0
4800,HILTON CORPORATE DR,,Match,0/3
586,CHANTRY DR,,No_Match,0/16
92,CHANTRY DR,,No_Match,0/16
354,CHANTRY DR,,No_Match,0/16
494,CHANTRY DR,,No_Match,0/16
186,CHANTRY DR,,No_Match,0/16
118,LITTLE BROOK WAY,,No_Match,30/31
3241,WEBSTER DR,,Match,0/0
5737,CHANTRY DR,,Match,0/16
2901,SHILLING DR,,Match,0/0
6367,MCNAUGHTEN CT,,No_Match,0/1
6663,MCNAUGHTEN CT,,No_Match,0/1
1883,COVENTRY CT,,Match,2/2
3301,BRICE RD,,No_Match,177/386
2096,LAKE CLUB TER,,Match,0/0
5983,LAKE CLUB SQ,E,Match,0/1
5980,LAKE CLUB SQ,E,Match,0/1
2490,FOREST GREEN CT,,Match,0/0
5016,COVENTRY CT N,,Match,0/0
2137,RIVERDALE SQ W,,Match,0/0
3612,RIVERDALE SQ,,Match,0/0
3622,RIVERDALE SQ,,Match,0/0
5079,CEDAR DR,K,Match,15/24
5083,CEDAR DR,C,Match,15/24
3466,COURTRIGHT LN,B,Match,0/0
3628,RIVERDALE SQ,,Match,0/0
3624,RIVERDALE SQ,,Match,0/0
3686,NOAM CT,,Match,0/0
3708,CHARBERT CT,,Match,0/0
3750,KIMBERLY DR,,Tie,0/0
3750,W KIMBERLY DR,,Tie,0/0
5471,RED BIRD CT,,Match,0/1
3831,RIVERCREEK BAY WAY,,Match,0/0
3798,SOFT WIND DR,,Match,0/0
2080,SUNSHINE PL,,Match,0/1
5555,HIBERNIA DR,A,Match,0/1
5595,HIBERNIA DR,,Match,0/1
2455,KIMBERLY PKWY N,,Tie,0/0
5621,HIBERNIA DR,,Match,0/1
4605,REFUGEE RD,3C,Match,119/267
4620,CHANNING TER,B,Match,0/0
4655,REFUGEE RD,2F,Match,119/267
2614,CHAPPEL CHASE,,Match,0/0
5685,BAIRSFORD CIR N,3,Match,0/0
478,CHANTRY DR,,No_Match,0/16
448,LITTLE BROOK WAY,,No_Match,30/31
384,LITTLE BROOK WAY,,No_Match,30/31
616,LITTLE BROOK WAY,,No_Match,30/31
530,LITTLE BROOK WAY,,No_Match,30/31
122,LITTLE BROOK WAY,,No_Match,30/31
242,LITTLE BROOK WAY,,No_Match,30/31
2193,ROTUNDA DR,,Match,6/10
4671,REFUGEE RD,2B,Match,119/267
4630,HILTON CORPORATE DR,109,Match,0/3
2874,MERRYMOUNT CT,B,Match,0/0
1805,CHANNINGWAY CT E,,Match,0/0
1289,YORKLAND RD,UNIT F,Match,23/34
5687,MAPLE TREE LN,,Match,0/0
1560,MCNAUGHTEN RD,,Match,80/137
2792,GROSSE POINT,,Match,0/0
4798,LARAINE CT,202,Match,0/0
4777,ROLLINGBROOK LN,C,Tie,0/0
5978,REFUGEE RD,,Match,119/267
1516,ABRAHAM WOODS,,Match,0/0
5924,SHANA DR,,Match,0/1
4822,REFUGEE RD,B,Match,119/267
5990,LAKE CLUB SQ,,Match,0/1
5013,COVENTRY CT N,,Match,0/0
1927,OLDE COVENTRY RD E,,Match,0/0
6035,LAKE CLUB CT,,Match,0/1
6059,LAKE CLUB PL,,Match,0/0
2161,RIVERDALE SQ E,,Match,0/0
3558,ARIEL DR,,Match,0/0
3756,KNIGHTSWAY LN,,Match,0/2
3721,KIMBERLY PKWY N,,Match,0/0
2277,PETZINGER CT,,Match,0/0
2413,HUDSON BAY WAY,,Match,0/0
3688,KIDRON CT,,Match,0/0
4002,SOLDIER ST,,No_Match,12/82
3944,RIVERCREEK BAY WAY,,Match,0/0
5356,YORKSHIRE TERRACE DR,C,Match,0/0
5583,HIBERNIA DR,,Match,0/1
2052,SUNSHINE PL,,Match,0/1
2152,SUNSHINE PL,,Match,0/1
5415,YORKSHIRE TERRACE DR,1B,Match,0/0
5600,HIBERNIA DR,,Match,0/1
5580,HIBERNIA DR,C,Match,0/1
2441,KIMBERLY PKWY N,,Tie,0/0
5420,LONSDALE PL N,UNIT B,Match,0/0
4108,JENERA PL,,Match,0/0
2174,MUIRWOOD DR,,Match,0/1
2297,SEVILLE AVE,,Match,0/1
1745,LONSDALE PL E,UNIT A,Match,0/0
5533,CANTARA PL,4,Match,0/0
4239,DONLYN CT,,Match,0/0
2714,EASTLAND MALL,,Match,0/1
2712,EASTLAND MALL,,Match,0/1
3344,SUFFIELD,,Match,0/0
5497,CHATFORD SQ,,Match,0/1
3339,BRANFORD,,Match,0/0
5515,CHATFORD SQ,,Match,0/1
2786,CITIZENS PL,C,Match,0/1
2744,CITIZENS PL,C,Match,0/1
2470,SHORE BLVD W,J,Match,0/0
2870,WOOLWICH CT,100,Match,0/0
4551,LAKE SIDE S,B,Match,0/0
5837,REDAPPLE RIDGE,,Match,0/0
3024,ROTUNDA CT S,,Match,0/0
4661,REFUGEE RD,3B,Match,119/267
2875,MERRYMOUNT CT,,Match,0/0
4650,HILTON CORPORATE DR,105,Match,0/3
300,CHANTRY DR,,No_Match,0/16
394,CHANTRY DR,,No_Match,0/16
72,CHANTRY DR,,No_Match,0/16
462,CHANTRY DR,,No_Match,0/16
2562,SILVER OAK DR,,Match,0/1
210,LITTLE BROOK WAY,,No_Match,30/31
1319,YORKLAND RD,UNIT,Match,23/34
2773,BERWICK SQ,,Match,0/1
3408,REFUGEE RD,,Match,119/267
3274,ELIM MANOR CT,,Match,0/1
5878,YORKLAND CT,UNIT F,Match,0/1
5685,MAPLE TREE LN,,Match,0/0
2891,TUPPENCE DR,,Match,0/0
3146,ROTUNDA CT N,,Match,0/0
6095,MCNAUGHTEN CT,,Match,0/1
6087,MCNAUGHTEN CENTER,,Match,0/0
4800,LARAINE CT,103,Match,0/0
2740,BRANDY DR,202,Match,0/1
4810,REFUGEE RD,D,Match,119/267
5983,LAKE CLUB SQ,B,Match,0/1
6045,LAKE CLUB PL,,Match,0/0
5014,COVENTRY DR,D,Match,0/0
5006,COVENTRY CT N,,Match,0/0
5099,CEDAR DR,K,Match,15/24
2389,MALKA CT,,Match,0/0
2325,RANDY CT,,Match,0/0
5167,CEDAR DR,C,Match,15/24
3730,BIRCHTREE LN,,Match,0/0
2308,RANDY CT,,Match,0/0
3716,CHARBERT CT,,Match,0/0
3722,BONNETT CT,,Match,0/0
2259,PETZINGER CT,,Match,0/0
3739,KIMBERLY WEST DR,UNIT 6,Tie,0/0
3751,EMRICK CT,,Match,0/0
3769,KIMBERLY WEST DR,UNIT 2,Tie,0/0
2595,KIMBERLY PKWY W,,Match,0/0
2379,HUDSON BAY WAY,,Match,0/0
5575,HIBERNIA DR,B,Match,0/1
2050,SUNSHINE PL,,Match,0/1
2212,SUNSHINE PL,,Match,0/1
5621,HIBERNIA DR,C,Match,0/1
5420,LONSDALE PL N,UNIT C,Match,0/0
2421,KIMBERLY PKWY N,,Tie,0/0
2437,KIMBERLY PKWY N,,Tie,0/0
2162,MUIRWOOD DR,,Match,0/1
2231,SEVILLE AVE,,Match,0/1
4229,DONLYN CT,,Match,0/0
4255,DONLYN CT,,Match,0/0
3355,SUFFIELD,,Match,0/0
5555,TINLEY PARK,,Match,0/0
3232,WINTER LANE PARK,,Match,0/0
5449,CHATFORD SQ,,Match,0/1
5539,CANTARA PL,3,Match,0/0
5536,CANTARA PL,,Match,0/0
4341,DONLYN CT,,Match,0/0
3353,SUFFIELD,,Match,0/0
3323,SUFFIELD,,Match,0/0
5598,AUTUMN CHASE DR,A,Match,0/1
2826,CITIZENS PL,D,Match,0/1
2776,CITIZENS PL,D,Match,0/1
2747,TENNYSON BLVD,D,Match,0/0
2791,NEWCASTLE CT,B,Match,0/0
2451,SHORE BLVD E,B,Match,0/0
4609,REFUGEE RD,2H,Match,119/267
4595,REFUGEE RD,3B,Match,119/267
4615,WORDSWORTH CT,D,Match,0/0
4594,ISINGTON CT,202,Match,0/0
4619,REFUGEE RD,1I,Match,119/267
4637,COLERIDGE CT,,Match,0/0
5838,HALLRIDGE CIR,A,Match,0/0
306,CHANTRY DR,,No_Match,0/16
2764,BRANDY DR,201,Match,0/1
4826,LARAINE CT,101,Match,0/0
6777,MCNAUGHTEN CT,,No_Match,0/1
3180,EASTHAVEN DR S,,Match,0/0
4782,REFUGEE RD,A,Match,119/267
4966,OLDE COVENTRY RD W,,Match,0/0
2504,SCARBOROUGH SQ,5,Match,0/0
5011,COVENTRY DR,,Match,0/0
5008,COVENTRY CT N,,Match,0/0
2082,PINE GROVE LN,,Match,0/1
5081,CEDAR DR,G,Match,15/24
5079,CEDAR DR,,Match,15/24
3730,KNIGHTSWAY LN,,Match,0/2
2492,BENIE CT,,Match,0/0
2295,PETZINGER CT,,Match,0/0
3793,BAY VILLAGE ST,,Match,12/41
3731,KIMBERLY WEST DR,UNIT 3,Tie,0/0
2530,BENIE CT,,Match,0/0
3755,KIMBERLY WEST DR,UNIT 2,Tie,0/0
3708,KIDRON CT,,Match,0/0
5572,HIBERNIA DR,C,Match,0/1
3381,WINTER LANE PARK,,Match,0/0
3928,MAUMEE BAY WAY,,Match,0/0
2220,SUNSHINE PL,,Match,0/1
2266,SUNSHINE PL,,Match,0/1
2261,MUIRWOOD DR,,Match,0/1
2138,MUIRWOOD DR,,Match,0/1
5453,LONSDALE PL S,UNIT A,Match,0/0
5453,LONSDALE PL N,,Match,0/0
2194,MUIRWOOD DR,,Match,0/1
5536,DUNFIELD LN,3,Match,0/1
1577,CABORA LN,,Match,0/0
4153,CADILLAC CT,,Match,0/0
2266,SEVILLE AVE,,Match,0/1
2766,EASTLAND MALL,,Match,0/1
2758,EASTLAND MALL,,Match,0/1
2721,EASTLAND MALL,,Match,0/1
5598,AUTUMN CHASE DR,,Match,0/1
4400,CROSSROADS CENTER,,Match,0/0
2853,CITIZENS PL,A,Match,0/1
2860,CITIZENS PL,E,Match,0/1
2796,CITIZENS PL,F,Match,0/1
2744,CITIZENS PL,A,Match,0/1
4567,MANDEVILLE CT,A,Match,0/0
2935,TENNYSON BLVD,A,Match,0/0
2431,SHORE BLVD E,K,Match,0/0
2411,SHORE BLVD E,L,Match,0/0
4617,REFUGEE RD,2H,Match,119/267
4591,WORDSWORTH CT,B,Match,0/0
2813,TENNYSON BLVD,209,Match,0/0
2491,SHORE BLVD E,B,Match,0/0
4633,COLERIDGE CT,D,Match,0/0
5850,HALLRIDGE CIR,,Match,0/0
4667,REFUGEE RD,2A,Match,119/267
4663,HILTON CORPORATE DR,,Match,0/3
576,CHANTRY DR,,No_Match,0/16
586,LITTLE BROOK WAY,,No_Match,30/31
192,LITTLE BROOK WAY,,No_Match,30/31
590,LITTLE BROOK WAY,,No_Match,30/31
200,LITTLE BROOK WAY,,No_Match,30/31
1299,YORKLAND RD,UNIT,Match,23/34
3154,WEBSTER DR,,Match,0/0
1285,YORKLAND RD,UNIT B,Match,23/34
5739,SPRUCE TREE DR,,Match,0/0
6089,MCNAUGHTEN CENTER,,Match,0/0
6267,MCNAUGHTEN CT,,Tie,0/1
2575,S HAMILTON RD,,Match,242/753
4414,CROSSROADS CENTER,,Match,0/0
5595,AUTUMN CHASE DR,B,Match,0/1
5762,HALLRIDGE CIR,,Match,0/0
2849,CITIZENS PL,B,Match,0/1
2860,CITIZENS PL,B,Match,0/1
5675,BAIRSFORD CIR N,2,Match,0/0
326,CHANTRY DR,,No_Match,0/16
2,CHANTRY DR,,No_Match,0/16
2817,WYMAN CT,B,Match,0/0
2780,MARWOOD CT,,Match,0/1
4515,LAKE SIDE N,B,Match,0/0
2870,WOOLWICH CT,202,Match,0/0
4586,ISINGTON CT,202,Match,0/0
396,CHANTRY DR,,No_Match,0/16
5601,CHANTRY DR,,Match,0/16
600,LITTLE BROOK WAY,,No_Match,30/31
670,LITTLE BROOK WAY,,No_Match,30/31
1285,YORKLAND RD,UNIT I,Match,23/34
5878,YORKLAND CT,UNIT C,Match,0/1
3162,WEBSTER DR,,Match,0/0
3016,ROTUNDA CT S,,Match,0/0
4605,REFUGEE RD,2A,Match,119/267
4611,REFUGEE RD,3B,Match,119/267
2886,TENNYSON BLVD,D,Match,0/0
4613,REFUGEE RD,1B,Match,119/267
4619,HEBRIDES DR,D,Match,0/0
4648,HEBRIDES DR,,Match,0/0
4623,HILTON CORPORATE DR,,Match,0/3
4661,REFUGEE RD,3A,Match,119/267
4671,REFUGEE RD,1D,Match,119/267
5900,CHATTERTON RD,,Tie,0/12
5761,SPRUCE TREE DR,,Match,0/0
6775,MCNAUGHTEN CT,,No_Match,0/1
6493,MCNAUGHTEN CT,,No_Match,0/1
6341,MCNAUGHTEN CT,,No_Match,0/1
6567,MCNAUGHTEN CT,,No_Match,0/1
6533,MCNAUGHTEN CT,,No_Match,0/1
3180,ELIM MANOR CT,201,Match,0/1
4792,LARAINE CT,204,Match,0/0
2211,FOXCROFT GREEN,,Match,0/0
2110,LAKE CLUB TER,,Match,0/0
2091,LAKE CLUB TER,H,Match,0/0
5980,LAKE CLUB SQ,I,Match,0/1
6010,LAKE CLUB SQ,,Match,0/1
1939,OLDE COVENTRY RD,,Match,0/0
1929,OLDE COVENTRY RD,,Match,0/0
2095,PINE GROVE LN,,Match,0/1
4986,OLDE COVENTRY RD W,,Match,0/0
1870,COVENTRY CT,C,Match,2/2
5099,CEDAR DR,C,Match,15/24
5143,CEDAR DR,,Match,15/24
5165,CEDAR DR,L,Match,15/24
3736,BUCKMAN ST,,Match,0/0
2625,BIRCHTREE CT,,Match,0/0
2624,BIRCHTREE CT,,Match,0/0
5333,YORKSHIRE TERRACE DR,,Match,0/0
3724,BONNETT CT,,Match,0/0
3734,BONNETT CT,,Match,0/0
2438,HUDSON BAY WAY,,Match,0/0
5577,HIBERNIA DR,,Match,0/1
3174,ST BERNARD CIR,,Match,0/0
2394,CANAL BAY WAY,,Match,0/1
3761,SOFT WIND DR,,Match,0/0
3940,RIVERCREEK BAY WAY,,Match,0/0
5418,LONSDALE PL S,UNIT D,Match,0/0
4099,JENERA PL,,Match,0/0
2202,MUIRWOOD DR,,Match,0/1
5498,LONSDALE PL N,UNIT A,Match,0/0
5534,CANTARA PL,,Match,0/0
5707,HIBERNIA DR,C,Match,0/1
2220,SEVILLE AVE,,Match,0/1
4250,GROVES RD,,Match,4/54
2735,S HAMILTON RD,,Match,242/753
4822,REFUGEE RD,A,Match,119/267
4960,OLDE COVENTRY RD W,,Match,0/0
4970,COVENTRY CT S,,Match,0/0
2127,PINE GROVE LN,,Match,0/1
2037,PINE NEEDLE CT,,Match,0/0
1926,OLDE COVENTRY RD E,,Match,0/0
2156,RIVERDALE SQ W,,Match,0/0
3625,RIVERDALE SQ,,Match,0/0
5119,CEDAR DR,B,Match,15/24
2213,COURTSIDE DR,D,Match,0/2
3762,KIMBERLY WEST DR,,Tie,0/0
2417,HUDSON BAY WAY,,Match,0/0
3676,MENDON PL,,Match,0/0
3684,KIDRON CT,,Match,0/0
3699,KIDRON CT,,Match,0/0
2178,SOFT WIND CT,,Match,0/0
5481,RED BIRD CT,,Match,0/1
5595,HIBERNIA DR,A,Match,0/1
5603,HIBERNIA DR,B,Match,0/1
3986,KIMBERLY PKWY N,,Match,0/0
5681,HIBERNIA DR,B,Match,0/1
2254,MUIRWOOD DR,,Match,0/1
2192,MUIRWOOD DR,,Match,0/1
3327,WINTER LANE PARK,,Match,0/0
3306,WINTER LANE PARK,,Match,0/0
5516,DUNFIELD LN,1,Match,0/1
5716,HIBERNIA DR,B,Match,0/1
5796,HIBERNIA DR,C,Match,0/1
1778,LONSDALE PL E,UNIT D,Match,0/0
1549,BANDERA CT,,Match,0/0
4176,ASTON MARTIN CT,,Match,0/0
4161,CADILLAC CT,,Match,0/0
2755,EASTLAND MALL,,Match,0/1
4480,WINCHESTER PIKE,,Match,4/13
1573,CABORA LN,,Match,0/0
2763,WINCHESTER PIKE,,Match,4/13
4286,GROVES RD,,Match,4/54
3132,S HAMILTON RD,,Match,242/753
5525,HUTCHINSTONE RD,,Match,0/0
4470,HILTON CORPORATE DR,,Match,0/3
5573,CHANTRY DR,,Match,0/16
272,CHANTRY DR,,No_Match,0/16
6,CHANTRY DR,,No_Match,0/16
392,CHANTRY DR,,No_Match,0/16
2599,SILVER OAK DR,,Match,0/1
598,LITTLE BROOK WAY,,No_Match,30/31
654,LITTLE BROOK WAY,,No_Match,30/31
84,LITTLE BROOK WAY,,No_Match,30/31
2830,WYMAN CT,D,Match,0/0
2460,SHORE BLVD W,D,Match,0/0
4530,LAKE SIDE N,L,Match,0/0
4599,REFUGEE RD,2C,Match,119/267
2943,TENNYSON BLVD,C,Match,0/0
4578,ISINGTON CT,B,Match,0/0
4578,ISINGTON CT,C,Match,0/0
2810,NEWCASTLE CT,202,Match,0/0
4544,LAKE SIDE S,E,Match,0/0
1752,MCNAUGHTEN RD,,Match,80/137
4617,REFUGEE RD,1F,Match,119/267
4613,REFUGEE RD,1C,Match,119/267
4620,CHANNING TER,A,Match,0/0
4619,HEBRIDES DR,A,Match,0/0
4661,REFUGEE RD,1E,Match,119/267
6773,MCNAUGHTEN CT,,No_Match,0/1
6593,MCNAUGHTEN CT,,No_Match,0/1
2770,BERWICK SQ,,Match,0/1
3245,ELIM MANOR CT,,Match,0/1
4661,REFUGEE RD,2F,Match,119/267
2865,THOREAU CT,A,Match,0/0
2912,MERRYMOUNT CT,A,Match,0/0
4656,HEBRIDES DR,D,Match,0/0
4630,HILTON CORPORATE DR,213,Match,0/3
2893,SHILLING DR,,Match,0/0
2772,BRANDY DR,204,Match,0/1
4777,ROLLINGBROOK LN,B,Tie,0/0
2847,CITIZENS PL,E,Match,0/1
2827,WYMAN CT,B,Match,0/0
5685,BAIRSFORD CIR N,,Match,0/0
5685,BAIRSFORD CIR N,5,Match,0/0
428,CHANTRY DR,,No_Match,0/16
30,LITTLE BROOK WAY,,No_Match,30/31
622,LITTLE BROOK WAY,,No_Match,30/31
4603,REFUGEE RD,1F,Match,119/267
4599,REFUGEE RD,1B,Match,119/267
4558,MANDEVILLE CT,A,Match,0/0
4564,ISINGTON CT,202,Match,0/0
4573,MONMOUTH CT,209,Match,0/0
2449,SHORE BLVD E,D,Match,0/0
4558,LAKE SIDE N,,Match,0/0
4550,LAKE SIDE N,I,Match,0/0
4611,REFUGEE RD,3G,Match,119/267
5878,YORKLAND CT,UNIT P,Match,0/1
1446,MCNAUGHTEN RD,,Match,80/137
1281,MCNAUGHTEN RD,UNIT E,Match,80/137
3187,WEBSTER DR,,Match,0/0
4615,REFUGEE RD,2A,Match,119/267
4659,REFUGEE RD,1C,Match,119/267
4661,REFUGEE RD,3F,Match,119/267
1494,ABRAHAM WOODS,,Match,0/0
6381,MCNAUGHTEN CT,,No_Match,0/1
2885,THOREAU CT,D,Match,0/0
4631,HILTON CORPORATE DR,,Match,0/3
3664,FARTHING LN,,Match,0/2
3234,ELIM MANOR CT,,Match,0/1
3180,ELIM MANOR CT,206,Match,0/1
5009,COVENTRY CT N,,Match,0/0
1870,COVENTRY CT,D,Match,2/2
5095,CEDAR DR,A,Match,15/24
2398,MALKA CT,,Match,0/0
3741,BIRCHTREE LN,,Match,0/0
2594,SUMMERWAY CT,,Match,0/0
2572,SPRINGWAY CT,,Match,0/0
2233,COURTSIDE DR,C,Match,0/2
3666,SOFT WIND DR,,No_Match,0/0
5330,YORKSHIRE TERRACE DR,B6,Match,0/0
3852,MAUMEE BAY WAY,,Match,0/0
3734,SOFT WIND DR,,Match,0/0
3896,MAUMEE BAY WAY,,Match,0/0
3990,KIMBERLY PKWY N,,Match,0/0
5664,HIBERNIA DR,A,Match,0/1
2225,MUIRWOOD DR,,Match,0/1
5726,HIBERNIA DR,B,Match,0/1
5476,LONSDALE PL N,UNIT A,Match,0/0
2510,KIMBERLY PKWY E,UNIT 204,Match,0/0
4241,KIMBERLY PKWY E,,Match,0/0
4243,DONLYN CT,,Match,0/0
3351,SUFFIELD,,Match,0/0
5486,CHATFORD SQ,,Match,0/1
2333,HAMILTON RD,,Match,242/753
5554,AUTUMN CHASE DR,A,Match,0/1
5577,AUTUMN CHASE DR,B,Match,0/1
2791,GROSSE POINT,,Match,0/0
4773,HILTON CORPORATE DR,,Match,0/3
5582,SARANAC DR,,No_Match,23/31
5891,SHANA DR,,Match,0/1
6425,MCNAUGHTEN CT,,No_Match,0/1
6683,MCNAUGHTEN CT,,No_Match,0/1
6623,MCNAUGHTEN CT,,No_Match,0/1
6126,MCNAUGHTEN CENTER,,Match,0/0
3158,ROTUNDA CT N,,Match,0/0
4788,ROLLINGBROOK LN,B,Match,0/0
5949,SHANA DR,,Match,0/1
6009,LAKE CLUB CT,,Match,0/1
6055,LAKE CLUB PL,,Match,0/0
1937,OLDE COVENTRY RD,,Match,0/0
2111,PINE GROVE LN,,Match,0/1
2089,PINE GROVE LN,,Match,0/1
2600,SUMMERWAY CT,,Match,0/0
2562,SPRINGWAY CT,,Match,0/0
3724,KIMBERLY WEST DR,,Tie,0/0
3727,KIMBERLY PKWY N,,Match,0/0
3760,KIMBERLY WEST DR,,Tie,0/0
5083,CEDAR DR,M,Match,15/24
5119,CEDAR DR,H,Match,15/24
3931,RIVERCREEK BAY WAY,,Match,0/0
3778,SOFT WIND DR,,Match,0/0
2056,SUNSHINE PL,,Match,0/1
2401,KIMBERLY PKWY N,,Tie,0/0
5381,YORKSHIRE TERRACE DR,1B,Match,0/0
5381,YORKSHIRE TERRACE DR,1C,Match,0/0
5563,HIBERNIA DR,B,Match,0/1
2232,SEVILLE AVE,,Match,0/1
5393,YORKSHIRE TERRACE DR,2A,Match,0/0
2510,KIMBERLY PKWY E,102,Match,0/0
5424,LONSDALE PL N,,Match,0/0
5453,LONSDALE PL S,UNIT B,Match,0/0
4237,EASTLAND FOOD CT,,No_Match,0/0
2752,EASTLAND MALL,UNIT A,Match,0/1
5588,TINLEY PARK,,Match,0/0
5565,AUTUMN CHASE DR,B,Match,0/1
2786,CITIZENS PL,F,Match,0/1
2432,SHORE BLVD W,,Match,0/0
2436,SHORE BLVD W,,Match,0/0
4542,LAKE SIDE N,,Match,0/0
4601,REFUGEE RD,1I,Match,119/267
2870,WOOLWICH CT,101,Match,0/0
2870,WOOLWICH CT,206,Match,0/0
2501,SHORE BLVD E,J,Match,0/0
2415,SHORE BLVD E,,Match,0/0
4609,REFUGEE RD,3I,Match,119/267
4591,WORDSWORTH CT,C,Match,0/0
2881,TENNYSON BLVD,104,Match,0/0
2790,TENNYSON BLVD,,Match,0/0
2445,SHORE BLVD E,H,Match,0/0
4611,REFUGEE RD,3C,Match,119/267
4690,FENIMORE CT,C,Match,0/0
284,CHANTRY DR,,No_Match,0/16
114,CHANTRY DR,,No_Match,0/16
444,CHANTRY DR,,No_Match,0/16
4686,FENIMORE CT,C,Match,0/0
2637,SILVER OAK DR,,Match,0/1
2639,SILVER OAK DR,,Match,0/1
5713,SPRUCE TREE DR,,Match,0/0
4235,DONLYN CT,,Match,0/0
4303,DONLYN CT,,Match,0/0
1554,BANDERA CT,,Match,0/0
4264,EASTLAND FOOD CT,,No_Match,0/0
4228,EASTLAND FOOD CT,,No_Match,0/0
4315,KIMBERLY PKWY,,Match,0/1
4433,CROSSROADS CENTER,,Match,0/0
3309,BRANFORD,,Match,0/0
2450,SHORE BLVD W,K,Match,0/0
5759,HALLRIDGE CIR,,Match,0/0
4586,HEMINGWAY CT,,Match,0/1
4617,REFUGEE RD,2C,Match,119/267
2445,SHORE BLVD E,E,Match,0/0
172,CHANTRY DR,,No_Match,0/16
136,CHANTRY DR,,No_Match,0/16
4655,REFUGEE RD,2D,Match,119/267
4619,REFUGEE RD,3H,Match,119/267
168,LITTLE BROOK WAY,,No_Match,30/31
5641,CHANTRY DR,,Match,0/16
5691,MAPLE TREE LN,,Match,0/0
5827,MAPLE TREE LN,,Match,0/0
6129,MCNAUGHTEN CT,,Match,0/1
6539,MCNAUGHTEN CT,,No_Match,0/1
6229,MCNAUGHTEN CT,,Match,0/1
6557,MCNAUGHTEN CT,,No_Match,0/1
4770,LARAINE CT,103,Match,0/0
2720,BRANDY DR,203,Match,0/1
5960,SHANA DR,,Match,0/1
2772,GROSSE POINT,,Match,0/0
5987,LAKE CLUB SQ,,Match,0/1
2905,SHILLING DR,,Match,0/0
3180,ELIM MANOR CT,204,Match,0/1
3180,ELIM MANOR CT,202,Match,0/1
2188,ROTUNDA DR,,Match,6/10
5046,COVENTRY CT N,C,Match,0/0
5056,COVENTRY CT N,C,Match,0/0
3462,COURTRIGHT LN,,Match,0/0
2171,RIVERDALE SQ E,,Match,0/0
2628,BIRCHTREE WAY,,Match,0/0
2631,BIRCHTREE CT,,Match,0/0
2282,PETZINGER CT,,Match,0/0
5625,HIBERNIA DR,C,Match,0/1
5636,HIBERNIA DR,,Match,0/1
3739,KIMBERLY WEST DR,UNIT 2,Tie,0/0
5645,HIBERNIA DR,,Match,0/1
5657,HIBERNIA DR,C,Match,0/1
2210,MUIRWOOD DR,,Match,0/1
5461,LONSDALE PL S,UNIT C,Match,0/0
5462,LONSDALE PL N,,Match,0/0
5476,LONSDALE PL N,UNIT C,Match,0/0
1575,ALLENFORD CT,,Match,0/0
1563,ALLENFORD CT,,Match,0/0
1551,APPLETON CT,,Match,0/0
5734,HIBERNIA DR,B,Match,0/1
5685,BAIRSFORD CIR N,9,Match,0/0
680,CHANTRY DR,,No_Match,0/16
512,CHANTRY DR,,No_Match,0/16
562,CHANTRY DR,,No_Match,0/16
542,CHANTRY DR,,No_Match,0/16
520,CHANTRY DR,,No_Match,0/16
2593,SILVER OAK DR,,Match,0/1
596,LITTLE BROOK WAY,,No_Match,30/31
438,LITTLE BROOK WAY,,No_Match,30/31
2167,RIVERDALE SQ E,,Match,0/0
3681,RIVERDALE SQ,,Match,0/0
3719,BIRCHTREE LN,,Match,0/0
5427,YORKSHIRE TERRACE DR,2B,Match,0/0
5398,YORKSHIRE TERRACE DR,A,Match,0/0
3379,WINTER LANE PARK,,Match,0/0
270,LITTLE BROOK WAY,,No_Match,30/31
160,LITTLE BROOK WAY,,No_Match,30/31
458,LITTLE BROOK WAY,,No_Match,30/31
436,LITTLE BROOK WAY,,No_Match,30/31
3729,SOFT WIND DR,,Match,0/0
5689,HIBERNIA DR,C,Match,0/1
5738,HIBERNIA DR,,Match,0/1
3228,WINTER LANE PARK,,Match,0/0
5533,CANTARA PL,3,Match,0/0
5530,DUNFIELD LN,6,Match,0/1
1776,MCNAUGHTEN RD,,Match,80/137
5745,CHANTRY DR,,Match,0/16
3924,RIVERCREEK BAY WAY,,Match,0/0
3936,RIVERCREEK BAY WAY,,Match,0/0
3972,RIVERCREEK BAY WAY,,Match,0/0
3804,SOFT WIND DR,,Match,0/0
1550,COBORA LN,,Match,0/0
5775,SPRUCE TREE DR,,Match,0/0
5889,SHANA DR,,Match,0/1
6111,MCNAUGHTEN CENTER,,Match,0/0
6125,MCNAUGHTEN CT,,Match,0/1
6119,MCNAUGHTEN CT,,Match,0/1
6287,MCNAUGHTEN CT,,Match,0/1
6261,MCNAUGHTEN CT,,Match,0/1
6551,MCNAUGHTEN CT,,No_Match,0/1
2192,SUNSHINE PL,,Match,0/1
2258,MUIRWOOD DR,,Match,0/1
5619,AUTUMN CHASE DR,A,Match,0/1
5983,LAKE CLUB SQ,A,Match,0/1
4164,ASTON MARTIN CT,,Match,0/0
2728,EASTLAND MALL,,Match,0/1
1599,HALLRIDGE RD,,Match,0/0
5838,HALLRIDGE CIR,D,Match,0/0
2114,PINE GROVE LN,,Match,0/1
2109,PINE GROVE LN,,Match,0/1
1874,COVENTRY CT,A,Match,2/2
2818,BANWICK RD,,Match,0/9
2719,EASTLAND MALL,,Match,0/1
4283,EASTLAND SQUARE DR,,Match,0/1
5685,BAIRSFORD CIR N,14,Match,0/0
110,CHANTRY DR,,No_Match,0/16
34,CHANTRY DR,,No_Match,0/16
556,LITTLE BROOK WAY,,No_Match,30/31
5081,CEDAR DR,K,Match,15/24
2305,HAMILTON RD,,Match,242/753
2853,CITIZENS PL,F,Match,0/1
5727,CHANTRY DR,,Match,0/16
5725,GREENPINE ST,,No_Match,0/0
2512,EASTERN PINE RD,,Match,0/0
5807,MAPLE TREE LN,,Match,0/0
5904,SHANA DR,,Match,0/1
2776,CITIZENS PL,G,Match,0/1
2755,TENNYSON BLVD,C,Match,0/0
2735,TENNYSON BLVD,D,Match,0/0
4593,REFUGEE RD,1F,Match,119/267
4600,CHANNING TER,,Match,0/0
1560,ABRAHAM WOODS,,Match,0/0
6697,MCNAUGHTEN CT,,No_Match,0/1
5945,SHANA DR,,Match,0/1
2471,SHORE BLVD E,A,Match,0/0
4661,REFUGEE RD,1B,Match,119/267
4630,HILTON CORPORATE DR,209,Match,0/3
2536,SCARBOROUGH SQ,12,Match,0/0
5356,YORKSHIRE TERRACE DR,B,Match,0/0
5543,HIBERNIA DR,C,Match,0/1
5588,HIBERNIA DR,A,Match,0/1
4800,LARAINE CT,204,Match,0/0
2714,BRANDY DR,201,Match,0/1
3164,WEBSTER DR,,Match,0/0
3027,ROTUNDA CT S,,Match,0/0
2738,BRANDY DR,201,Match,0/1
2738,BRANDY DR,204,Match,0/1
3395,SUFFIELD,,Match,0/0
5545,CANTARA PL,1,Match,0/0
3366,SUFFIELD,,Match,0/0
3243,WEBSTER DR,,Match,0/0
5015,COVENTRY DR,,Match,0/0
2904,SHILLING DR,,Match,0/0
5099,CEDAR DR,G,Match,15/24
5121,CEDAR DR,D,Match,15/24
5165,CEDAR DR,C,Match,15/24
5592,BAIRSFORD CIR N,,Match,0/0
5619,AUTUMN CHASE DR,,Match,0/1
5790,HALLRIDGE CIR,,Match,0/0
4569,MONMOUTH CT,,Match,0/0
4611,REFUGEE RD,1B,Match,119/267
4593,REFUGEE RD,3I,Match,119/267
4585,ISINGTON CT,B,Match,0/0
2489,SHORE BLVD E,,Match,0/0
4590,LAKE SIDE N,K,Match,0/0
3057,ROTUNDA CT S,,Match,0/0
2851,CITIZENS PL,G,Match,0/1
2785,CITIZENS PL,G,Match,0/1
5796,HALLRIDGE CIR,,Match,0/0
2801,BERWICK SQ,,Match,0/1
2720,BRANDY DR,202,Match,0/1
4561,MANDEVILLE CT,D,Match,0/0
2935,TENNYSON BLVD,B,Match,0/0
4545,LAKE SIDE S,D,Match,0/0
2411,SHORE BLVD E,I,Match,0/0
4594,ISINGTON CT,203,Match,0/0
4587,LAKE SIDE S,,Match,0/0
5564,CHANTRY DR,,Match,0/16
266,CHANTRY DR,,No_Match,0/16
460,LITTLE BROOK WAY,,No_Match,30/31
3314,TRADAN DR,,Match,0/1
3193,WABASH CT S,,Match,0/0
4593,LAKE SIDE S,,Match,0/0
2491,SHORE BLVD E,A,Match,0/0
4611,REFUGEE RD,1D,Match,119/267
4619,REFUGEE RD,3E,Match,119/267
4671,REFUGEE RD,2A,Match,119/267
4665,REFUGEE RD,2J,Match,119/267
4630,HILTON CORPORATE DR,102,Match,0/3
4643,COLERIDGE CT,,Match,0/0
2824,TENNYSON BLVD,C,Match,0/0
4644,HEBRIDES DR,C,Match,0/0
4671,REFUGEE RD,3F,Match,119/267
5688,GREENPINE ST,,Match,0/0
2521,EASTERN PINE RD,,Match,0/0
6637,MCNAUGHTEN CT,,No_Match,0/1
6427,MCNAUGHTEN CT,,No_Match,0/1
6465,MCNAUGHTEN CT,,No_Match,0/1
2486,FOREST GREEN CT,,Match,0/0
3687,FARTHING LN,,Match,0/2
2794,GROSSE POINT,,Match,0/0
3191,WABASH CT S,,Match,0/0
4802,ROLLINGBROOK LN,B,Tie,0/0
4794,REFUGEE RD,D,Match,119/267
3473,COURTRIGHT LN,,Match,0/0
2158,RIVERDALE SQ W,,Match,0/0
3629,RIVERDALE SQ,,Match,0/0
3705,KNIGHTSWAY LN,,Match,0/2
2584,SUMMERWAY CT,,Match,0/0
4956,OLDE COVENTRY RD W,,Match,0/0
4990,MYERS RD,,Match,0/8
3731,KIMBERLY WEST DR,UNIT 2,Tie,0/0
3751,NOAM CT,,Match,0/0
2281,PETZINGER CT,,Match,0/0
3759,KIMBERLY WEST DR,,Tie,0/0
3769,KIMBERLY WEST DR,UNIT 5,Tie,0/0
2605,KIMBERLY PKWY W,,Match,0/0
1952,OLDE COVENTRY RD E,,Match,0/0
1898,COVENTRY CT,A,Match,2/2
5044,COVENTRY DR,A,Match,0/0
3890,REFUGEE RD,,Match,119/267
3728,SOFT WIND DR,,Match,0/0
2169,RIVERDALE SQ E,,Match,0/0
2165,RIVERDALE SQ E,,Match,0/0
3658,RIVERDALE SQ,,Match,0/0
5099,CEDAR DR,F,Match,15/24
5123,CEDAR DR,F,Match,15/24
2258,SUNSHINE PL,,Match,0/1
3714,KNIGHTSWAY LN,,Match,0/2
3589,ARIEL DR,,Match,0/0
2342,RANDY CT,,Match,0/0
4091,ROLLS ROYCE CT,,Match,0/0
4085,JENERA PL,,Match,0/0
2284,SEVILLE AVE,,Match,0/1
2272,SEVILLE AVE,,Match,0/1
3725,KIMBERLY WEST DR,UNIT 3,Tie,0/0
2275,PETZINGER CT,,Match,0/0
3747,KIMBERLY WEST DR,UNIT 2,Tie,0/0
3752,KIMBERLY WEST DR,,Tie,0/0
3738,EMRICK CT,,Match,0/0
2577,KIMBERLY PKWY W,,Match,0/0
3816,RIVERCREEK BAY WAY,,Match,0/0
5491,RED BIRD CT,,Match,0/1
5330,YORKSHIRE TERRACE DR,B1,Match,0/0
2510,KIMBERLY PKWY E,UNIT 207,Match,0/0
4259,DONLYN CT,,Match,0/0
2801,LONGFELLOW ST,,No_Match,0/1
3899,RIVERCREEK BAY WAY,,Match,0/0
3996,SOLDIER ST,,Match,12/82
3261,ST BERNARD CIR,,Match,0/0
5370,YORKSHIRE TERRACE DR,,Match,0/0
4251,MACSWAY AVE,,Match,0/5
3996,RIVERCREEK BAY WAY,,Match,0/0
2197,SUNSHINE PL,,Match,0/1
2088,SUNSHINE PL,,Match,0/1
2300,SUNSHINE PL,,Match,0/1
2196,SUNSHINE PL,,Match,0/1
5726,HIBERNIA DR,C,Match,0/1
1561,ALLENFORD CT,,Match,0/0
2177,MUIRWOOD DR,,Match,0/1
2204,MUIRWOOD DR,,Match,0/1
2210,SEVILLE AVE,,Match,0/1
5442,CHATFORD SQ,,Match,0/1
5514,E LIVINGSTON AVE,,Match,406/920
1558,APPLETON CT,,Match,0/0
3342,SUFFIELD,,Match,0/0
3320,SUFFIELD,,Match,0/0
2845,CITIZENS PL,F,Match,0/1
2843,CITIZENS PL,E,Match,0/1
2740,CITIZENS PL,A,Match,0/1
4209,DONLYN CT,,Match,0/0
1789,BAIRSFORD CIR W,,Match,0/0
2635,WINCHESTER PIKE,,Match,4/13
3902,NEWTON ABBEY LN,,No_Match,80/80
3898,NEWTON ABBEY LN,,No_Match,80/80
2731,WINCHESTER PIKE,,Match,4/13
6043,RADEKIN RD,,Match,21/44
2960,NOE-BIXBY RD,,No_Match,242/328
3995,GROVES RD,UNIT S,Match,4/54
3995,GROVES RD,UNIT B,Match,4/54
3995,GROVES RD,UNIT A,Match,4/54
2140,S HAMILTON RD,,Match,242/753
4414,REFUGEE RD,,Match,119/267
1946,S JAMES RD,,No_Match,351/451
2837,S HAMILTON RD,,Match,242/753
3325,WINCHESTER PIKE,,Match,4/13
5076,WINCHESTER PIKE,,Match,4/13
6161,MCNAUGHTEN WOODS DR,,Match,0/18
5885,CHANTRY DR,,Match,0/16
6140,RADEKIN RD,,Match,21/44
2734,OLD COURTRIGHT RD,UNIT K,Match,0/4
2734,OLD COURTRIGHT RD,UNIT H,Match,0/4
2734,OLD COURTRIGHT RD,UNIT J,Match,0/4
2734,OLD COURTRIGHT RD,UNIT L,Match,0/4
2734,OLD COURTRIGHT RD,UNIT G,Match,0/4
2734,OLD COURTRIGHT RD,UNIT I,Match,0/4
2734,OLD COURTRIGHT RD,UNIT C,Match,0/4
2734,OLD COURTRIGHT RD,UNIT D,Match,0/4
2734,OLD COURTRIGHT RD,UNIT M,Match,0/4
4685,GROVES RD,,Match,4/54
2734,OLD COURTRIGHT RD,UNIT E,Match,0/4
2734,OLD COURTRIGHT RD,UNIT B,Match,0/4
2734,OLD COURTRIGHT RD,UNIT A,Match,0/4
2734,OLD COURTRIGHT RD,UNIT F,Match,0/4
4681,GROVES RD,,Match,4/54
4683,GROVES RD,,Match,4/54
2357,S HAMILTON RD,,Match,242/753
4170,CADILLAC CT,,No_Match,0/0
4093,PORSCHE CT,,Match,0/1
2437,CORVETTE CT,,Match,0/0
4169,ASTON MARTIN CT,,Match,0/0
2382,MERCEDES LN,,Match,0/0
2379,MERCEDES LN,,Match,0/0
4082,ROLLS ROYCE CT,,No_Match,0/0
2243,COURTSIDE DR,,Match,0/2
5609,E MAIN ST,,No_Match,538/1851
2337,KIMBERLY PKWY E,,Match,0/0
2729,S HAMILTON RD,,Match,242/753
4741,COMET RD,,Match,4/16
5769,CHATTERTON RD,,No_Match,0/12
2846,S HAMILTON RD,,Match,242/753
2806,S HAMILTON RD,,Match,242/753
2664,S HAMILTON RD,,Match,242/753
2376,S HAMILTON RD,,Match,242/753
2863,S HAMILTON RD,,Match,242/753
2186,S HAMILTON RD,,Match,242/753
5782,CHANTRY DR,,Match,0/16
4120,TRURO STATION RD,,Match,0/4
5785,CAESAR CREEK LN,UNIT 302,No_Match,0/0
5846,FERN HILL LN,,No_Match,0/0
3247,RABBIT HILL LN,,No_Match,0/0
5824,FERN HILL LN,,No_Match,0/0
5842,FERN HILL LN,,No_Match,0/0
3238,RABBIT HILL LN,,No_Match,0/0
3201,RABBIT HILL LN,,No_Match,0/0
5787,ROSEBRIAR LN,UNIT 304,No_Match,0/0
3207,RABBIT HILL LN,,No_Match,0/0
5773,ROSEBRIAR LN,UNIT 102,No_Match,0/0
5787,ROSEBRIAR LN,UNIT 204,No_Match,0/0
5785,CAESAR CREEK LN,UNIT 104,No_Match,0/0
5837,SUNSHINE BROOK LN,,No_Match,0/0
5819,SUNSHINE BROOK LN,,No_Match,0/0
5785,CAESAR CREEK LN,UNIT 202,No_Match,0/0
3206,RABBIT HILL LN,UNIT 302,No_Match,0/0
5771,CAESAR CREEK LN,UNIT 103,No_Match,0/0
3199,RABBIT HILL LN,,No_Match,0/0
3249,RABBIT HILL LN,,No_Match,0/0
3333,RABBIT HILL LN,,No_Match,0/0
5774,CEDAR FALLS LN,UNIT 201,No_Match,0/0
5774,CEDAR FALLS LN,UNIT 301,No_Match,0/0
5817,SUNSHINE BROOK LN,,No_Match,0/0
3251,RABBIT HILL LN,,No_Match,0/0
5787,ROSEBRIAR LN,UNIT 203,No_Match,0/0
5860,FERN HILL LN,,No_Match,0/0
5763,SUNSHINE BROOK LN,,No_Match,0/0
5774,CEDAR FALLS LN,UNIT 302,No_Match,0/0
5812,FERN HILL LN,,No_Match,0/0
3206,RABBIT HILL LN,UNIT 101,No_Match,0/0
5781,SUNSHINE BROOK LN,,No_Match,0/0
3291,RABBIT HILL LN,,No_Match,0/0
5866,CEDAR FALLS LN,,No_Match,0/0
5785,SUNSHINE BROOK LN,,No_Match,0/0
5785,CAESAR CREEK LN,UNIT 301,No_Match,0/0
5856,FERN HILL LN,,No_Match,0/0
3220,RABBIT HILL LN,UNIT 103,No_Match,0/0
5862,CEDAR FALLS LN,,No_Match,0/0
5783,SUNSHINE BROOK LN,,No_Match,0/0
5787,ROSEBRIAR LN,UNIT 101,No_Match,0/0
5773,ROSEBRIAR LN,UNIT 201,No_Match,0/0
5787,ROSEBRIAR LN,UNIT 301,No_Match,0/0
5839,SUNSHINE BROOK LN,,No_Match,0/0
5827,SUNSHINE BROOK LN,,No_Match,0/0
3206,RABBIT HILL LN,UNIT 303,No_Match,0/0
5803,SUNSHINE BROOK LN,,No_Match,0/0
5792,FERN HILL LN,,No_Match,0/0
5771,CAESAR CREEK LN,UNIT 203,No_Match,0/0
5900,CEDAR FALLS LN,,No_Match,0/0
5787,ROSEBRIAR LN,UNIT 104,No_Match,0/0
5787,ROSEBRIAR LN,UNIT 303,No_Match,0/0
3195,RABBIT HILL LN,,No_Match,0/0
5771,SUNSHINE BROOK LN,,No_Match,0/0
5841,SUNSHINE BROOK LN,,No_Match,0/0
3206,RABBIT HILL LN,UNIT 202,No_Match,0/0
5778,FERN HILL LN,,No_Match,0/0
5785,CAESAR CREEK LN,UNIT 101,No_Match,0/0
5796,FERN HILL LN,,No_Match,0/0
5858,FERN HILL LN,,No_Match,0/0
3323,RABBIT HILL LN,,No_Match,0/0
3206,RABBIT HILL LN,UNIT 201,No_Match,0/0
5767,FERN HILL LN,,No_Match,0/0
5892,CEDAR FALLS LN,,No_Match,0/0
5814,FERN HILL LN,,No_Match,0/0
3220,RABBIT HILL LN,UNIT 102,No_Match,0/0
5771,CAESAR CREEK LN,UNIT 204,No_Match,0/0
5807,SUNSHINE BROOK LN,,No_Match,0/0
5804,CEDAR FALLS LN,,No_Match,0/0
5771,CAESAR CREEK LN,UNIT 102,No_Match,0/0
5771,CAESAR CREEK LN,,No_Match,0/0
5777,SUNSHINE BROOK LN,,No_Match,0/0
3327,RABBIT HILL LN,,No_Match,0/0
3206,RABBIT HILL LN,UNIT 102,No_Match,0/0
5809,SUNSHINE BROOK LN,,No_Match,0/0
3285,RABBIT HILL LN,,No_Match,0/0
3315,RABBIT HILL LN,,No_Match,0/0
5830,FERN HILL LN,,No_Match,0/0
5788,FERN HILL LN,,No_Match,0/0
3220,RABBIT HILL LN,UNIT 303,No_Match,0/0
5793,SUNSHINE BROOK LN,,No_Match,0/0
5868,CEDAR FALLS LN,,No_Match,0/0
5894,CEDAR FALLS LN,,No_Match,0/0
5787,ROSEBRIAR LN,,No_Match,0/0
5774,CEDAR FALLS LN,UNIT 102,No_Match,0/0
3227,RABBIT HILL LN,,No_Match,0/0
3283,RABBIT HILL LN,,No_Match,0/0
5799,CHATTERTON RD,,No_Match,0/12
5771,CAESAR CREEK LN,UNIT 201,No_Match,0/0
3309,RABBIT HILL LN,,No_Match,0/0
5860,CEDAR FALLS LN,,No_Match,0/0
5816,FERN HILL LN,,No_Match,0/0
3299,RABBIT HILL LN,,No_Match,0/0
5773,ROSEBRIAR LN,UNIT 104,No_Match,0/0
5800,FERN HILL LN,,No_Match,0/0
5834,FERN HILL LN,,No_Match,0/0
3267,RABBIT HILL LN,,No_Match,0/0
5782,FERN HILL LN,,No_Match,0/0
5775,SUNSHINE BROOK LN,,No_Match,0/0
3325,RABBIT HILL LN,,No_Match,0/0
5758,ROSEBRIAR LN,,No_Match,0/0
3243,RABBIT HILL LN,,No_Match,0/0
5836,FERN HILL LN,,No_Match,0/0
3259,RABBIT HILL LN,,No_Match,0/0
5898,CEDAR FALLS LN,,No_Match,0/0
5788,CEDAR FALLS LN,UNIT 102,No_Match,0/0
5774,CEDAR FALLS LN,UNIT 304,No_Match,0/0
3271,RABBIT HILL LN,,No_Match,0/0
5789,SUNSHINE BROOK LN,,No_Match,0/0
3219,RABBIT HILL LN,,No_Match,0/0
5826,FERN HILL LN,,No_Match,0/0
3220,RABBIT HILL LN,,No_Match,0/0
5773,ROSEBRIAR LN,,No_Match,0/0
3311,RABBIT HILL LN,,No_Match,0/0
5787,ROSEBRIAR LN,UNIT 102,No_Match,0/0
5795,CEDAR FALLS LN,,No_Match,0/0
3229,RABBIT HILL LN,,No_Match,0/0
3321,RABBIT HILL LN,,No_Match,0/0
3220,RABBIT HILL LN,UNIT 203,No_Match,0/0
5886,CEDAR FALLS LN,,No_Match,0/0
3329,RABBIT HILL LN,,No_Match,0/0
5864,CEDAR FALLS LN,,No_Match,0/0
3257,RABBIT HILL LN,,No_Match,0/0
5788,CEDAR FALLS LN,UNIT 202,No_Match,0/0
5767,CAESAR CREEK LN,,No_Match,0/0
5884,CEDAR FALLS LN,,No_Match,0/0
5864,FERN HILL LN,,No_Match,0/0
3277,RABBIT HILL LN,,No_Match,0/0
5779,SUNSHINE BROOK LN,,No_Match,0/0
5891,CEDAR FALLS LN,,No_Match,0/0
3223,RABBIT HILL LN,,No_Match,0/0
5761,SUNSHINE BROOK LN,,No_Match,0/0
5852,FERN HILL LN,,No_Match,0/0
5813,SUNSHINE BROOK LN,,No_Match,0/0
3331,RABBIT HILL LN,,No_Match,0/0
5774,CEDAR FALLS LN,UNIT 203,No_Match,0/0
5803,ROSEBRIAR LN,,No_Match,0/0
5785,CAESAR CREEK LN,UNIT 303,No_Match,0/0
5788,CEDAR FALLS LN,,No_Match,0/0
5896,CEDAR FALLS LN,,No_Match,0/0
3235,RABBIT HILL LN,,No_Match,0/0
3275,RABBIT HILL LN,,No_Match,0/0
5791,SUNSHINE BROOK LN,,No_Match,0/0
3220,RABBIT HILL LN,UNIT 301,No_Match,0/0
5829,SUNSHINE BROOK LN,,No_Match,0/0
3263,RABBIT HILL LN,,No_Match,0/0
5773,ROSEBRIAR LN,UNIT 101,No_Match,0/0
5822,FERN HILL LN,,No_Match,0/0
5850,FERN HILL LN,,No_Match,0/0
5785,CAESAR CREEK LN,UNIT 204,No_Match,0/0
5771,CAESAR CREEK LN,UNIT 303,No_Match,0/0
5832,FERN HILL LN,,No_Match,0/0
5888,CEDAR FALLS LN,,No_Match,0/0
3295,RABBIT HILL LN,,No_Match,0/0
5876,CEDAR FALLS LN,,No_Match,0/0
3211,RABBIT HILL LN,,No_Match,0/0
5771,CAESAR CREEK LN,UNIT 202,No_Match,0/0
3297,RABBIT HILL LN,,No_Match,0/0
5833,SUNSHINE BROOK LN,,No_Match,0/0
3313,RABBIT HILL LN,,No_Match,0/0
3231,RABBIT HILL LN,,No_Match,0/0
5785,CAESAR CREEK LN,UNIT 102,No_Match,0/0
5799,SUNSHINE BROOK LN,,No_Match,0/0
3191,RABBIT HILL LN,,No_Match,0/0
3206,RABBIT HILL LN,UNIT 203,No_Match,0/0
5844,FERN HILL LN,,No_Match,0/0
5785,CAESAR CREEK LN,UNIT 203,No_Match,0/0
5788,CEDAR FALLS LN,UNIT 201,No_Match,0/0
3293,RABBIT HILL LN,,No_Match,0/0
5825,SUNSHINE BROOK LN,,No_Match,0/0
3206,RABBIT HILL LN,UNIT 103,No_Match,0/0
5785,CAESAR CREEK LN,UNIT 201,No_Match,0/0
3213,RABBIT HILL LN,,No_Match,0/0
5821,SUNSHINE BROOK LN,,No_Match,0/0
5835,SUNSHINE BROOK LN,,No_Match,0/0
5788,CEDAR FALLS LN,UNIT 203,No_Match,0/0
5788,CEDAR FALLS LN,UNIT 302,No_Match,0/0
3253,RABBIT HILL LN,,No_Match,0/0
3265,RABBIT HILL LN,,No_Match,0/0
5801,SUNSHINE BROOK LN,,No_Match,0/0
5787,ROSEBRIAR LN,UNIT 202,No_Match,0/0
5771,CAESAR CREEK LN,UNIT 104,No_Match,0/0
5771,CAESAR CREEK LN,UNIT 101,No_Match,0/0
3261,RABBIT HILL LN,,No_Match,0/0
5773,ROSEBRIAR LN,UNIT 103,No_Match,0/0
5767,SUNSHINE BROOK LN,,No_Match,0/0
5797,CHATTERTON RD,,No_Match,0/12
5797,SUNSHINE BROOK LN,,No_Match,0/0
5795,SUNSHINE BROOK LN,,No_Match,0/0
5828,FERN HILL LN,,No_Match,0/0
5818,FERN HILL LN,,No_Match,0/0
3220,RABBIT HILL LN,UNIT 101,No_Match,0/0
5848,FERN HILL LN,,No_Match,0/0
3220,RABBIT HILL LN,UNIT 304,No_Match,0/0
3289,RABBIT HILL LN,,No_Match,0/0
3255,RABBIT HILL LN,,No_Match,0/0
5774,CEDAR FALLS LN,UNIT 204,No_Match,0/0
3206,RABBIT HILL LN,UNIT 304,No_Match,0/0
3194,RABBIT HILL LN,,No_Match,0/0
5776,FERN HILL LN,,No_Match,0/0
3221,RABBIT HILL LN,,No_Match,0/0
5787,ROSEBRIAR LN,UNIT 302,No_Match,0/0
3233,RABBIT HILL LN,,No_Match,0/0
5788,CEDAR FALLS LN,UNIT 304,No_Match,0/0
5751,CHATTERTON RD,,No_Match,0/12
3225,RABBIT HILL LN,,No_Match,0/0
5774,CEDAR FALLS LN,UNIT 303,No_Match,0/0
5785,CAESAR CREEK LN,UNIT 304,No_Match,0/0
3197,RABBIT HILL LN,,No_Match,0/0
5773,ROSEBRIAR LN,UNIT 304,No_Match,0/0
5811,SUNSHINE BROOK LN,,No_Match,0/0
5773,ROSEBRIAR LN,UNIT 202,No_Match,0/0
3220,RABBIT HILL LN,UNIT 204,No_Match,0/0
5774,CEDAR FALLS LN,,No_Match,0/0
3220,RABBIT HILL LN,UNIT 202,No_Match,0/0
5773,ROSEBRIAR LN,UNIT 301,No_Match,0/0
5870,CEDAR FALLS LN,,No_Match,0/0
5854,FERN HILL LN,,No_Match,0/0
3279,RABBIT HILL LN,,No_Match,0/0
5774,CEDAR FALLS LN,UNIT 104,No_Match,0/0
3193,RABBIT HILL LN,,No_Match,0/0
5820,FERN HILL LN,,No_Match,0/0
5773,ROSEBRIAR LN,UNIT 204,No_Match,0/0
3203,RABBIT HILL LN,,No_Match,0/0
5785,CAESAR CREEK LN,,No_Match,0/0
5787,ROSEBRIAR LN,UNIT 201,No_Match,0/0
5872,CEDAR FALLS LN,,No_Match,0/0
5771,CAESAR CREEK LN,UNIT 304,No_Match,0/0
5771,CAESAR CREEK LN,UNIT 301,No_Match,0/0
5862,FERN HILL LN,,No_Match,0/0
5854,CEDAR FALLS LN,,No_Match,0/0
3220,RABBIT HILL LN,UNIT 302,No_Match,0/0
3281,RABBIT HILL LN,,No_Match,0/0
3205,RABBIT HILL LN,,No_Match,0/0
3206,RABBIT HILL LN,UNIT 104,No_Match,0/0
5856,CEDAR FALLS LN,,No_Match,0/0
5774,CEDAR FALLS LN,UNIT 103,No_Match,0/0
5788,CEDAR FALLS LN,UNIT 103,No_Match,0/0
3269,RABBIT HILL LN,,No_Match,0/0
5771,CAESAR CREEK LN,UNIT 302,No_Match,0/0
5798,SUNSHINE BROOK LN,,No_Match,0/0
3209,RABBIT HILL LN,,No_Match,0/0
5785,CAESAR CREEK LN,UNIT 103,No_Match,0/0
5874,CEDAR FALLS LN,,No_Match,0/0
5788,CEDAR FALLS LN,UNIT 101,No_Match,0/0
3317,RABBIT HILL LN,,No_Match,0/0
5780,FERN HILL LN,,No_Match,0/0
5774,CEDAR FALLS LN,UNIT 202,No_Match,0/0
3206,RABBIT HILL LN,,No_Match,0/0
5790,FERN HILL LN,,No_Match,0/0
3241,RABBIT HILL LN,,No_Match,0/0
3237,RABBIT HILL LN,,No_Match,0/0
5890,CEDAR FALLS LN,,No_Match,0/0
3220,RABBIT HILL LN,UNIT 201,No_Match,0/0
5773,SUNSHINE BROOK LN,,No_Match,0/0
5798,FERN HILL LN,,No_Match,0/0
5774,CEDAR FALLS LN,UNIT 101,No_Match,0/0
5773,ROSEBRIAR LN,UNIT 302,No_Match,0/0
5769,SUNSHINE BROOK LN,,No_Match,0/0
5840,FERN HILL LN,,No_Match,0/0
5787,ROSEBRIAR LN,UNIT 103,No_Match,0/0
5786,FERN HILL LN,,No_Match,0/0
5805,SUNSHINE BROOK LN,,No_Match,0/0
5747,CHATTERTON RD,,No_Match,0/12
3206,RABBIT HILL LN,UNIT 204,No_Match,0/0
3206,RABBIT HILL LN,UNIT 301,No_Match,0/0
5788,CEDAR FALLS LN,UNIT 301,No_Match,0/0
3319,RABBIT HILL LN,,No_Match,0/0
3287,RABBIT HILL LN,,No_Match,0/0
5773,ROSEBRIAR LN,UNIT 303,No_Match,0/0
5831,SUNSHINE BROOK LN,,No_Match,0/0
5852,CEDAR FALLS LN,,No_Match,0/0
5788,CEDAR FALLS LN,UNIT 303,No_Match,0/0
5765,SUNSHINE BROOK LN,,No_Match,0/0
3220,RABBIT HILL LN,UNIT 104,No_Match,0/0
5784,FERN HILL LN,,No_Match,0/0
3215,RABBIT HILL LN,,No_Match,0/0
5788,CEDAR FALLS LN,UNIT 104,No_Match,0/0
5794,FERN HILL LN,,No_Match,0/0
5788,CEDAR FALLS LN,UNIT 204,No_Match,0/0
5858,CEDAR FALLS LN,,No_Match,0/0
5773,ROSEBRIAR LN,UNIT 203,No_Match,0/0
3239,RABBIT HILL LN,,No_Match,0/0
5823,SUNSHINE BROOK LN,,No_Match,0/0
4080,TRURO STATION RD,,Match,0/4
2918,TENNYSON BLVD,,Match,0/0
5688,E LIVINGSTON AVE,,Match,406/920
5091,SCARBOROUGH BLVD,,No_Match,0/1
5928,E LIVINGSTON AVE,,Match,406/920
2348,S HAMILTON RD,,Match,242/753
4759,REFUGEE RD,,Match,119/267
5785,CHATTERTON RD,,No_Match,0/12
5462,E LIVINGSTON AVE,,Match,406/920
5299,E LIVINGSTON AVE,,Match,406/920
2008,LAKE CLUB DR,,Match,1/11
5965,E LIVINGSTON AVE,,Match,406/920
2196,MUIRWOOD DR,,Match,0/1
4416,REFUGEE RD,BLDG 5A,Match,119/267
2169,MUIRWOOD DR,,Match,0/1
4416,REFUGEE RD,BLDG 4A,Match,119/267
2262,MUIRWOOD DR,,Match,0/1
4416,REFUGEE RD,BLDG 8,Match,119/267
2295,MUIRWOOD DR,,Match,0/1
4416,REFUGEE RD,BLDG 6,Match,119/267
2239,MUIRWOOD DR,,Match,0/1
4416,REFUGEE RD,BLDG 4B,Match,119/267
4416,REFUGEE RD,,Match,119/267
2176,MUIRWOOD DR,,Match,0/1
4416,REFUGEE RD,BLDG 7,Match,119/267
3398,CREEK VIEW TRAIL DR,,No_Match,17/18
3392,CREEK VIEW TRAIL DR,,No_Match,17/18
3404,CREEK VIEW TRAIL DR,,No_Match,17/18
5906,SCARBOROUGH BLVD,,Match,0/1
5473,E MAIN ST,,Match,538/1851
2304,KIMBERLY PKWY E,,No_Match,0/0
3228,REFUGEE RD,,Match,119/267
2712,WINCHESTER PIKE,,Match,4/13
3964,WINCHESTER PIKE,,Match,4/13
2332,RANDY CT,,Match,0/0
1933,S HAMILTON RD,,Match,242/753
5922,AUTUMN OAK DR,,No_Match,10/11
3294,CREEK VIEW TRAIL CT,,No_Match,9/9
3350,CREEK VIEW TRAIL DR,,No_Match,17/18
3343,CREEK VIEW TRAIL DR,,No_Match,17/18
5866,AUTUMN OAK DR,,No_Match,10/11
2888,S HAMILTON RD,,Match,242/753
4503,REFUGEE RD,,Match,119/267
4974 1/2,MYERS RD,,Match,0/8
4413,WINCHESTER PIKE,,Match,4/13
3331,REFUGEE RD,,Match,119/267
1566,MCNAUGHTEN RD,,Match,80/137
1574,MCNAUGHTEN RD,,Match,80/137
1564,MCNAUGHTEN RD,UNIT POOL,Match,80/137
1564,MCNAUGHTEN RD,UNIT PRGL,Match,80/137
1564,MCNAUGHTEN RD,,Match,80/137
1585,MacBRINN AVE,,No_Match,16/16
1581,MacBRINN AVE,,No_Match,16/16
3389,BATES CIR,UNIT 105,No_Match,0/0
3392,PLOWMAN PL,UNIT 103,No_Match,0/0
3460,LOOPER AVE,,No_Match,0/0
3365,BATES CIR,UNIT 208,No_Match,0/0
3450,PLOWMAN PL,UNIT 305,No_Match,0/0
3424,PLOWMAN PL,UNIT 302,No_Match,0/0
3392,PLOWMAN PL,UNIT 101,No_Match,0/0
3389,BATES CIR,UNIT 108,No_Match,0/0
3392,PLOWMAN PL,UNIT 207,No_Match,0/0
3501,PLOWMAN PL,UNIT 207,No_Match,0/0
3365,BATES CIR,UNIT 102,No_Match,0/0
3396,BATES CIR,UNIT 108,No_Match,0/0
3467,LOOPER AVE,UNIT 206,No_Match,0/0
3424,PLOWMAN PL,UNIT 107,No_Match,0/0
3431,LOOPER AVE,UNIT 307,No_Match,0/0
3370,PLOWMAN PL,UNIT 102,No_Match,0/0
3439,LOOPER AVE,UNIT 307,No_Match,0/0
3431,LOOPER AVE,UNIT 201,No_Match,0/0
3389,BATES CIR,UNIT 303,No_Match,0/0
3460,LOOPER AVE,UNIT 104,No_Match,0/0
3441,PLOWMAN PL,UNIT 303,No_Match,0/0
3424,PLOWMAN PL,UNIT 301,No_Match,0/0
3424,PLOWMAN PL,,No_Match,0/0
3431,LOOPER AVE,UNIT 101,No_Match,0/0
3431,LOOPER AVE,UNIT 207,No_Match,0/0
3501,PLOWMAN PL,,No_Match,0/0
3482,PLOWMAN PL,UNIT 102,No_Match,0/0
3396,BATES CIR,UNIT 203,No_Match,0/0
3365,BATES CIR,UNIT 105,No_Match,0/0
3424,PLOWMAN PL,UNIT 303,No_Match,0/0
3396,BATES CIR,,No_Match,0/0
3389,BATES CIR,UNIT 308,No_Match,0/0
3467,LOOPER AVE,UNIT 306,No_Match,0/0
3396,BATES CIR,UNIT 202,No_Match,0/0
3424,PLOWMAN PL,UNIT 207,No_Match,0/0
3370,PLOWMAN PL,UNIT 107,No_Match,0/0
3460,LOOPER AVE,UNIT 207,No_Match,0/0
3460,LOOPER AVE,UNIT 102,No_Match,0/0
3396,BATES CIR,UNIT 103,No_Match,0/0
3365,BATES CIR,UNIT 207,No_Match,0/0
3450,PLOWMAN PL,UNIT 107,No_Match,0/0
3450,PLOWMAN PL,UNIT 301,No_Match,0/0
3365,BATES CIR,UNIT 307,No_Match,0/0
3392,PLOWMAN PL,UNIT 108,No_Match,0/0
3450,PLOWMAN PL,UNIT 302,No_Match,0/0
3460,LOOPER AVE,UNIT 106,No_Match,0/0
3370,PLOWMAN PL,UNIT 206,No_Match,0/0
3365,BATES CIR,UNIT 204,No_Match,0/0
3365,BATES CIR,UNIT 107,No_Match,0/0
3424,PLOWMAN PL,UNIT 305,No_Match,0/0
3501,PLOWMAN PL,UNIT 304,No_Match,0/0
3370,PLOWMAN PL,UNIT 302,No_Match,0/0
3365,BATES CIR,UNIT 301,No_Match,0/0
3365,BATES CIR,UNIT 205,No_Match,0/0
3370,PLOWMAN PL,UNIT 202,No_Match,0/0
3467,LOOPER AVE,UNIT 105,No_Match,0/0
3439,LOOPER AVE,UNIT 207,No_Match,0/0
3431,LOOPER AVE,UNIT 206,No_Match,0/0
3389,BATES CIR,UNIT 203,No_Match,0/0
3441,PLOWMAN PL,UNIT 203,No_Match,0/0
3450,PLOWMAN PL,UNIT 203,No_Match,0/0
3456,LOOPER AVE,,No_Match,0/0
3424,PLOWMAN PL,UNIT 204,No_Match,0/0
3365,BATES CIR,UNIT 101,No_Match,0/0
3370,PLOWMAN PL,,No_Match,0/0
3389,BATES CIR,UNIT 101,No_Match,0/0
3389,BATES CIR,UNIT 304,No_Match,0/0
3467,LOOPER AVE,UNIT 108,No_Match,0/0
3450,PLOWMAN PL,UNIT 106,No_Match,0/0
3431,LOOPER AVE,UNIT 301,No_Match,0/0
3439,LOOPER AVE,UNIT 304,No_Match,0/0
3407,RORY DR,,No_Match,0/0
3441,PLOWMAN PL,UNIT 108,No_Match,0/0
3365,BATES CIR,UNIT 202,No_Match,0/0
3389,BATES CIR,,No_Match,0/0
3501,PLOWMAN PL,UNIT 105,No_Match,0/0
3365,BATES CIR,,No_Match,0/0
3392,PLOWMAN PL,UNIT 205,No_Match,0/0
3450,PLOWMAN PL,UNIT 108,No_Match,0/0
3460,LOOPER AVE,UNIT 301,No_Match,0/0
3396,BATES CIR,UNIT 208,No_Match,0/0
3441,PLOWMAN PL,UNIT 302,No_Match,0/0
3501,PLOWMAN PL,UNIT 301,No_Match,0/0
3501,PLOWMAN PL,UNIT 103,No_Match,0/0
3389,BATES CIR,UNIT 102,No_Match,0/0
3396,BATES CIR,UNIT 206,No_Match,0/0
3439,LOOPER AVE,UNIT 204,No_Match,0/0
3365,BATES CIR,UNIT 103,No_Match,0/0
3439,LOOPER AVE,UNIT 201,No_Match,0/0
3467,LOOPER AVE,UNIT 107,No_Match,0/0
3431,LOOPER AVE,UNIT 203,No_Match,0/0
3370,PLOWMAN PL,UNIT 205,No_Match,0/0
3482,PLOWMAN PL,UNIT 202,No_Match,0/0
3441,PLOWMAN PL,UNIT 106,No_Match,0/0
3450,PLOWMAN PL,UNIT 308,No_Match,0/0
3467,LOOPER AVE,UNIT 302,No_Match,0/0
3501,PLOWMAN PL,UNIT 202,No_Match,0/0
3460,LOOPER AVE,UNIT 307,No_Match,0/0
3450,PLOWMAN PL,UNIT 304,No_Match,0/0
3501,PLOWMAN PL,UNIT 201,No_Match,0/0
3460,LOOPER AVE,UNIT 308,No_Match,0/0
3389,BATES CIR,UNIT 301,No_Match,0/0
3460,LOOPER AVE,UNIT 206,No_Match,0/0
3396,BATES CIR,UNIT 201,No_Match,0/0
5923,HUNTLEYWOOD BLVD,,No_Match,0/0
3370,PLOWMAN PL,UNIT 204,No_Match,0/0
3467,LOOPER AVE,UNIT 103,No_Match,0/0
3431,LOOPER AVE,UNIT 308,No_Match,0/0
3431,LOOPER AVE,UNIT 205,No_Match,0/0
3365,BATES CIR,UNIT 203,No_Match,0/0
3431,LOOPER AVE,UNIT 305,No_Match,0/0
3392,PLOWMAN PL,UNIT 107,No_Match,0/0
3389,BATES CIR,UNIT 205,No_Match,0/0
3431,LOOPER AVE,,No_Match,0/0
3460,LOOPER AVE,UNIT 303,No_Match,0/0
3441,PLOWMAN PL,UNIT 102,No_Match,0/0
3370,PLOWMAN PL,UNIT 105,No_Match,0/0
3424,PLOWMAN PL,UNIT 308,No_Match,0/0
3460,LOOPER AVE,UNIT 202,No_Match,0/0
3441,PLOWMAN PL,UNIT 201,No_Match,0/0
3370,PLOWMAN PL,UNIT 201,No_Match,0/0
3501,PLOWMAN PL,UNIT 307,No_Match,0/0
3439,LOOPER AVE,UNIT 208,No_Match,0/0
3467,LOOPER AVE,UNIT 301,No_Match,0/0
5938,HIGHLAND GREEN BLVD,,No_Match,0/0
3431,LOOPER AVE,UNIT 303,No_Match,0/0
3431,LOOPER AVE,UNIT 208,No_Match,0/0
3396,BATES CIR,UNIT 105,No_Match,0/0
3365,BATES CIR,UNIT 201,No_Match,0/0
3392,PLOWMAN PL,UNIT 206,No_Match,0/0
3370,PLOWMAN PL,UNIT 106,No_Match,0/0
3370,PLOWMAN PL,UNIT 305,No_Match,0/0
3392,PLOWMAN PL,UNIT 202,No_Match,0/0
3441,PLOWMAN PL,UNIT 105,No_Match,0/0
3501,PLOWMAN PL,UNIT 203,No_Match,0/0
3424,PLOWMAN PL,UNIT 108,No_Match,0/0
3439,LOOPER AVE,UNIT 104,No_Match,0/0
3424,PLOWMAN PL,UNIT 103,No_Match,0/0
3450,PLOWMAN PL,UNIT 101,No_Match,0/0
3389,BATES CIR,UNIT 208,No_Match,0/0
3389,BATES CIR,UNIT 306,No_Match,0/0
3439,LOOPER AVE,UNIT 305,No_Match,0/0
3450,PLOWMAN PL,UNIT 303,No_Match,0/0
3467,LOOPER AVE,UNIT 203,No_Match,0/0
3460,LOOPER AVE,UNIT 306,No_Match,0/0
3501,PLOWMAN PL,UNIT 104,No_Match,0/0
3441,PLOWMAN PL,UNIT 306,No_Match,0/0
3424,PLOWMAN PL,UNIT 203,No_Match,0/0
3460,LOOPER AVE,UNIT 101,No_Match,0/0
3439,LOOPER AVE,UNIT 301,No_Match,0/0
3370,PLOWMAN PL,UNIT 203,No_Match,0/0
3370,PLOWMAN PL,UNIT 303,No_Match,0/0
3389,BATES CIR,UNIT 106,No_Match,0/0
3396,BATES CIR,UNIT 104,No_Match,0/0
3439,LOOPER AVE,UNIT 306,No_Match,0/0
3396,BATES CIR,UNIT 106,No_Match,0/0
3427,PLOWMAN PL,,No_Match,0/0
3415,BRICE RD,,No_Match,177/386
3365,BATES CIR,UNIT 306,No_Match,0/0
3482,PLOWMAN PL,UNIT 302,No_Match,0/0
3439,LOOPER AVE,UNIT 205,No_Match,0/0
3467,LOOPER AVE,UNIT 101,No_Match,0/0
3501,PLOWMAN PL,UNIT 108,No_Match,0/0
3431,LOOPER AVE,UNIT 204,No_Match,0/0
3370,PLOWMAN PL,UNIT 207,No_Match,0/0
3396,BATES CIR,UNIT 306,No_Match,0/0
3450,PLOWMAN PL,UNIT 102,No_Match,0/0
3475,PLOWMAN PL,,No_Match,0/0
3392,PLOWMAN PL,UNIT 303,No_Match,0/0
3431,LOOPER AVE,UNIT 302,No_Match,0/0
3370,PLOWMAN PL,UNIT 208,No_Match,0/0
3392,PLOWMAN PL,UNIT 308,No_Match,0/0
3389,BATES CIR,UNIT 107,No_Match,0/0
3467,LOOPER AVE,UNIT 208,No_Match,0/0
3389,BATES CIR,UNIT 103,No_Match,0/0
3370,PLOWMAN PL,UNIT 304,No_Match,0/0
3389,BATES CIR,UNIT 206,No_Match,0/0
3431,LOOPER AVE,UNIT 104,No_Match,0/0
3461,HUDDLE WAY,,No_Match,0/1
3396,BATES CIR,UNIT 302,No_Match,0/0
3431,LOOPER AVE,UNIT 103,No_Match,0/0
3439,LOOPER AVE,,No_Match,0/0
3425,PLOWMAN PL,,No_Match,0/0
3460,LOOPER AVE,UNIT 304,No_Match,0/0
3450,PLOWMAN PL,UNIT 306,No_Match,0/0
3439,LOOPER AVE,UNIT 206,No_Match,0/0
3389,BATES CIR,UNIT 307,No_Match,0/0
5997,HIGHLAND GREEN BLVD,,No_Match,0/0
3441,PLOWMAN PL,UNIT 104,No_Match,0/0
3392,PLOWMAN PL,UNIT 105,No_Match,0/0
3370,PLOWMAN PL,UNIT 301,No_Match,0/0
3460,LOOPER AVE,UNIT 105,No_Match,0/0
5972,HIGHLAND GREEN BLVD,,No_Match,0/0
3439,LOOPER AVE,UNIT 101,No_Match,0/0
3370,PLOWMAN PL,UNIT 306,No_Match,0/0
3450,PLOWMAN PL,UNIT 104,No_Match,0/0
3439,LOOPER AVE,UNIT 308,No_Match,0/0
3424,PLOWMAN PL,UNIT 306,No_Match,0/0
3467,LOOPER AVE,UNIT 201,No_Match,0/0
3431,LOOPER AVE,UNIT 106,No_Match,0/0
3501,PLOWMAN PL,UNIT 303,No_Match,0/0
3424,PLOWMAN PL,UNIT 102,No_Match,0/0
3439,LOOPER AVE,UNIT 302,No_Match,0/0
3441,PLOWMAN PL,UNIT 206,No_Match,0/0
3439,LOOPER AVE,UNIT 107,No_Match,0/0
3431,LOOPER AVE,UNIT 102,No_Match,0/0
3389,BATES CIR,UNIT 202,No_Match,0/0
3370,PLOWMAN PL,UNIT 308,No_Match,0/0
3450,PLOWMAN PL,,No_Match,0/0
3431,LOOPER AVE,UNIT 105,No_Match,0/0
3460,LOOPER AVE,UNIT 103,No_Match,0/0
3365,BATES CIR,UNIT 305,No_Match,0/0
3441,PLOWMAN PL,UNIT 307,No_Match,0/0
3441,PLOWMAN PL,UNIT 305,No_Match,0/0
3424,PLOWMAN PL,UNIT 307,No_Match,0/0
3441,PLOWMAN PL,UNIT 107,No_Match,0/0
3439,LOOPER AVE,UNIT 203,No_Match,0/0
3392,PLOWMAN PL,UNIT 305,No_Match,0/0
3431,LOOPER AVE,UNIT 306,No_Match,0/0
3392,PLOWMAN PL,UNIT 208,No_Match,0/0
3365,BATES CIR,UNIT 304,No_Match,0/0
3424,PLOWMAN PL,UNIT 104,No_Match,0/0
3441,PLOWMAN PL,UNIT 308,No_Match,0/0
3450,PLOWMAN PL,UNIT 307,No_Match,0/0
3467,LOOPER AVE,UNIT 104,No_Match,0/0
3467,LOOPER AVE,UNIT 205,No_Match,0/0
3501,PLOWMAN PL,UNIT 206,No_Match,0/0
3392,PLOWMAN PL,UNIT 201,No_Match,0/0
5974,HIGHLAND GREEN BLVD,,No_Match,0/0
3482,PLOWMAN PL,UNIT 301,No_Match,0/0
5935,HUNTLEYWOOD BLVD,,No_Match,0/0
3467,LOOPER AVE,UNIT 308,No_Match,0/0
3365,BATES CIR,UNIT 302,No_Match,0/0
3460,LOOPER AVE,UNIT 108,No_Match,0/0
3441,PLOWMAN PL,UNIT 204,No_Match,0/0
3441,PLOWMAN PL,UNIT 304,No_Match,0/0
3439,LOOPER AVE,UNIT 102,No_Match,0/0
3439,LOOPER AVE,UNIT 106,No_Match,0/0
3424,PLOWMAN PL,UNIT 202,No_Match,0/0
3424,PLOWMAN PL,UNIT 206,No_Match,0/0
3441,PLOWMAN PL,UNIT 103,No_Match,0/0
3438,LOOPER AVE,,No_Match,0/0
3396,BATES CIR,UNIT 307,No_Match,0/0
3424,PLOWMAN PL,UNIT 106,No_Match,0/0
3389,BATES CIR,UNIT 104,No_Match,0/0
3439,LOOPER AVE,UNIT 303,No_Match,0/0
3501,PLOWMAN PL,UNIT 308,No_Match,0/0
3441,PLOWMAN PL,UNIT 301,No_Match,0/0
3389,BATES CIR,UNIT 305,No_Match,0/0
3396,BATES CIR,UNIT 305,No_Match,0/0
3389,BATES CIR,UNIT 201,No_Match,0/0
3460,LOOPER AVE,UNIT 203,No_Match,0/0
3441,PLOWMAN PL,UNIT 205,No_Match,0/0
3441,PLOWMAN PL,,No_Match,0/0
3441,PLOWMAN PL,UNIT 202,No_Match,0/0
3389,BATES CIR,UNIT 302,No_Match,0/0
3467,LOOPER AVE,UNIT 305,No_Match,0/0
3392,PLOWMAN PL,UNIT 306,No_Match,0/0
3365,BATES CIR,UNIT 206,No_Match,0/0
3501,PLOWMAN PL,UNIT 305,No_Match,0/0
3501,PLOWMAN PL,UNIT 107,No_Match,0/0
3370,PLOWMAN PL,UNIT 104,No_Match,0/0
3441,PLOWMAN PL,UNIT 101,No_Match,0/0
3501,PLOWMAN PL,UNIT 306,No_Match,0/0
3424,PLOWMAN PL,UNIT 205,No_Match,0/0
3465,BRICE RD,,No_Match,177/386
3392,PLOWMAN PL,UNIT 307,No_Match,0/0
3482,PLOWMAN PL,UNIT 101,No_Match,0/0
3501,PLOWMAN PL,UNIT 208,No_Match,0/0
3372,BATES CIR,,No_Match,0/0
3450,PLOWMAN PL,UNIT 201,No_Match,0/0
3392,PLOWMAN PL,UNIT 203,No_Match,0/0
3501,PLOWMAN PL,UNIT 302,No_Match,0/0
3396,BATES CIR,UNIT 301,No_Match,0/0
3457,PLOWMAN PL,,No_Match,0/0
3392,PLOWMAN PL,UNIT 204,No_Match,0/0
3450,PLOWMAN PL,UNIT 204,No_Match,0/0
3392,PLOWMAN PL,UNIT 104,No_Match,0/0
3450,PLOWMAN PL,UNIT 208,No_Match,0/0
3439,LOOPER AVE,UNIT 108,No_Match,0/0
3501,PLOWMAN PL,UNIT 205,No_Match,0/0
3396,BATES CIR,UNIT 207,No_Match,0/0
3392,PLOWMAN PL,UNIT 302,No_Match,0/0
3365,BATES CIR,UNIT 303,No_Match,0/0
3450,PLOWMAN PL,UNIT 205,No_Match,0/0
3396,BATES CIR,UNIT 308,No_Match,0/0
3467,LOOPER AVE,UNIT 204,No_Match,0/0
3365,BATES CIR,UNIT 108,No_Match,0/0
3441,PLOWMAN PL,UNIT 208,No_Match,0/0
3467,LOOPER AVE,UNIT 303,No_Match,0/0
3467,LOOPER AVE,UNIT 102,No_Match,0/0
3424,PLOWMAN PL,UNIT 201,No_Match,0/0
3396,BATES CIR,UNIT 101,No_Match,0/0
3450,PLOWMAN PL,UNIT 206,No_Match,0/0
3370,PLOWMAN PL,UNIT 307,No_Match,0/0
3431,LOOPER AVE,UNIT 304,No_Match,0/0
3370,PLOWMAN PL,UNIT 108,No_Match,0/0
3501,PLOWMAN PL,UNIT 102,No_Match,0/0
3424,PLOWMAN PL,UNIT 105,No_Match,0/0
5924,HIGHLAND GREEN BLVD,,No_Match,0/0
3467,LOOPER AVE,,No_Match,0/0
3365,BATES CIR,UNIT 104,No_Match,0/0
3467,LOOPER AVE,UNIT 207,No_Match,0/0
3392,PLOWMAN PL,,No_Match,0/0
3441,PLOWMAN PL,UNIT 207,No_Match,0/0
5954,HIGHLAND GREEN BLVD,,No_Match,0/0
3460,LOOPER AVE,UNIT 204,No_Match,0/0
3460,LOOPER AVE,UNIT 107,No_Match,0/0
3431,LOOPER AVE,UNIT 107,No_Match,0/0
3424,PLOWMAN PL,UNIT 304,No_Match,0/0
3389,BATES CIR,UNIT 207,No_Match,0/0
3396,BATES CIR,UNIT 107,No_Match,0/0
3460,LOOPER AVE,UNIT 302,No_Match,0/0
3501,PLOWMAN PL,UNIT 204,No_Match,0/0
3467,LOOPER AVE,UNIT 106,No_Match,0/0
3365,BATES CIR,UNIT 308,No_Match,0/0
3439,LOOPER AVE,UNIT 105,No_Match,0/0
3396,BATES CIR,UNIT 102,No_Match,0/0
3460,LOOPER AVE,UNIT 208,No_Match,0/0
3450,PLOWMAN PL,UNIT 105,No_Match,0/0
3396,BATES CIR,UNIT 205,No_Match,0/0
3424,PLOWMAN PL,UNIT 208,No_Match,0/0
3467,LOOPER AVE,UNIT 307,No_Match,0/0
3450,PLOWMAN PL,UNIT 103,No_Match,0/0
3501,PLOWMAN PL,UNIT 101,No_Match,0/0
3431,LOOPER AVE,UNIT 108,No_Match,0/0
3467,LOOPER AVE,UNIT 304,No_Match,0/0
3392,PLOWMAN PL,UNIT 301,No_Match,0/0
3396,BATES CIR,UNIT 304,No_Match,0/0
3460,LOOPER AVE,UNIT 305,No_Match,0/0
3450,PLOWMAN PL,UNIT 202,No_Match,0/0
3377,PLOWMAN PL,,No_Match,0/0
3389,BATES CIR,UNIT 204,No_Match,0/0
3392,PLOWMAN PL,UNIT 106,No_Match,0/0
3392,PLOWMAN PL,UNIT 304,No_Match,0/0
3396,BATES CIR,UNIT 303,No_Match,0/0
3450,PLOWMAN PL,UNIT 207,No_Match,0/0
3439,LOOPER AVE,UNIT 103,No_Match,0/0
3392,PLOWMAN PL,UNIT 102,No_Match,0/0
3370,PLOWMAN PL,UNIT 101,No_Match,0/0
3424,PLOWMAN PL,UNIT 101,No_Match,0/0
3439,LOOPER AVE,UNIT 202,No_Match,0/0
3431,LOOPER AVE,UNIT 202,No_Match,0/0
3478,LOOPER AVE,,No_Match,0/0
3396,BATES CIR,UNIT 204,No_Match,0/0
3467,LOOPER AVE,UNIT 202,No_Match,0/0
3482,PLOWMAN PL,UNIT 201,No_Match,0/0
3429,PLOWMAN PL,,No_Match,0/0
3370,PLOWMAN PL,UNIT 103,No_Match,0/0
3365,BATES CIR,UNIT 106,No_Match,0/0
3501,PLOWMAN PL,UNIT 106,No_Match,0/0
3460,LOOPER AVE,UNIT 201,No_Match,0/0
3460,LOOPER AVE,UNIT 205,No_Match,0/0
2430,SHORE BLVD W,UNIT I,Match,0/0
2430,SHORE BLVD W,UNIT K,Match,0/0
2430,SHORE BLVD W,UNIT J,Match,0/0
2420,SHORE BLVD W,APT D,Match,0/0
2420,SHORE BLVD W,APT C,Match,0/0
2420,SHORE BLVD W,APT B,Match,0/0
5843,SYCAMORE TRAIL LN,,No_Match,0/0
5870,SYCAMORE TRAIL LN,,No_Match,0/0
5885,SYCAMORE TRAIL LN,,No_Match,0/0
5838,SYCAMORE TRAIL LN,,No_Match,0/0
5903,SYCAMORE TRAIL LN,,No_Match,0/0
5842,SYCAMORE TRAIL LN,,No_Match,0/0
5908,SYCAMORE TRAIL LN,,No_Match,0/0
5861,SYCAMORE TRAIL LN,,No_Match,0/0
5840,SYCAMORE TRAIL LN,,No_Match,0/0
5836,SYCAMORE TRAIL LN,,No_Match,0/0
5904,SYCAMORE TRAIL LN,,No_Match,0/0
5831,SYCAMORE TRAIL LN,,No_Match,0/0
5891,SYCAMORE TRAIL LN,,No_Match,0/0
5874,SYCAMORE TRAIL LN,,No_Match,0/0
5857,SYCAMORE TRAIL LN,,No_Match,0/0
5865,SYCAMORE TRAIL LN,,No_Match,0/0
5889,SYCAMORE TRAIL LN,,No_Match,0/0
5876,SYCAMORE TRAIL LN,,No_Match,0/0
5900,SYCAMORE TRAIL LN,,No_Match,0/0
5910,SYCAMORE TRAIL LN,,No_Match,0/0
5894,SYCAMORE TRAIL LN,,No_Match,0/0
5896,SYCAMORE TRAIL LN,,No_Match,0/0
5832,SYCAMORE TRAIL LN,,No_Match,0/0
5827,SYCAMORE TRAIL LN,,No_Match,0/0
5834,SYCAMORE TRAIL LN,,No_Match,0/0
5837,SYCAMORE TRAIL LN,,No_Match,0/0
5878,SYCAMORE TRAIL LN,,No_Match,0/0
5892,SYCAMORE TRAIL LN,,No_Match,0/0
5867,SYCAMORE TRAIL LN,,No_Match,0/0
5846,SYCAMORE TRAIL LN,,No_Match,0/0
5825,SYCAMORE TRAIL LN,,No_Match,0/0
5895,SYCAMORE TRAIL LN,,No_Match,0/0
5841,SYCAMORE TRAIL LN,,No_Match,0/0
5860,SYCAMORE TRAIL LN,,No_Match,0/0
5901,SYCAMORE TRAIL LN,,No_Match,0/0
5881,SYCAMORE TRAIL LN,,No_Match,0/0
5855,SYCAMORE TRAIL LN,,No_Match,0/0
5887,SYCAMORE TRAIL LN,,No_Match,0/0
5899,SYCAMORE TRAIL LN,,No_Match,0/0
5835,SYCAMORE TRAIL LN,,No_Match,0/0
5862,SYCAMORE TRAIL LN,,No_Match,0/0
5906,SYCAMORE TRAIL LN,,No_Match,0/0
5877,SYCAMORE TRAIL LN,,No_Match,0/0
5912,SYCAMORE TRAIL LN,,No_Match,0/0
5875,SYCAMORE TRAIL LN,,No_Match,0/0
5902,SYCAMORE TRAIL LN,,No_Match,0/0
5866,SYCAMORE TRAIL LN,,No_Match,0/0
5833,SYCAMORE TRAIL LN,,No_Match,0/0
5873,SYCAMORE TRAIL LN,,No_Match,0/0
5829,SYCAMORE TRAIL LN,,No_Match,0/0
5880,SYCAMORE TRAIL LN,,No_Match,0/0
5864,SYCAMORE TRAIL LN,,No_Match,0/0
5863,SYCAMORE TRAIL LN,,No_Match,0/0
5839,SYCAMORE TRAIL LN,,No_Match,0/0
5848,SYCAMORE TRAIL LN,,No_Match,0/0
5859,SYCAMORE TRAIL LN,,No_Match,0/0
5890,SYCAMORE TRAIL LN,,No_Match,0/0
5898,SYCAMORE TRAIL LN,,No_Match,0/0
5844,SYCAMORE TRAIL LN,,No_Match,0/0
5897,SYCAMORE TRAIL LN,,No_Match,0/0
5871,SYCAMORE TRAIL LN,,No_Match,0/0
5893,SYCAMORE TRAIL LN,,No_Match,0/0
5830,SYCAMORE TRAIL LN,,No_Match,0/0
5869,SYCAMORE TRAIL LN,,No_Match,0/0
5872,SYCAMORE TRAIL LN,,No_Match,0/0
5849,SYCAMORE TRAIL LN,,No_Match,0/0
5868,SYCAMORE TRAIL LN,,No_Match,0/0
5882,SYCAMORE TRAIL LN,,No_Match,0/0
5744,CHATTERTON RD,,No_Match,0/12
5478,CHATTERTON RD,,No_Match,0/12
6181,E LIVINGSTON AVE,,No_Match,406/920
3020,LAMPTONRIDGE DR,,No_Match,14/22
5995,HOLLETT DR S,,No_Match,0/0
3076,WYNTREE DR,,No_Match,17/17
5953,HOLLETT DR N,,No_Match,0/0
5964,HOLLETT DR S,,No_Match,0/0
5991,HOLLETT DR N,,No_Match,0/0
5954,HOLLETT DR N,,No_Match,0/0
5882,DAMSEL DR,,No_Match,2/17
5981,HOLLETT DR S,,No_Match,0/0
3060,LAMPTONRIDGE DR,,No_Match,14/22
5958,HOLLETT DR S,,No_Match,0/0
3083,LAMPTONRIDGE DR,,No_Match,14/22
5986,HOLLETT DR N,,No_Match,0/0
5870,DAMSEL DR,,No_Match,2/17
5976,HOLLETT DR S,,No_Match,0/0
5914,DAMSEL DR,,No_Match,2/17
5969,HOLLETT DR S,,No_Match,0/0
5957,HOLLETT DR S,,No_Match,0/0
3026,WYNTREE DR,,No_Match,17/17
5963,HOLLETT DR S,,No_Match,0/0
5977,HOLLETT DR N,,No_Match,0/0
5966,HOLLETT DR N,,No_Match,0/0
5848,DAMSEL DR,,No_Match,2/17
5971,HOLLETT DR N,,No_Match,0/0
3025,ASHMERE DR,,No_Match,6/15
3038,ASHMERE DR,,No_Match,6/15
5997,HOLLETT DR S,,No_Match,0/0
5960,HOLLETT DR N,,No_Match,0/0
5987,HOLLETT DR S,,No_Match,0/0
5990,HOLLETT DR S,,No_Match,0/0
5972,HOLLETT DR N,,No_Match,0/0
5951,HOLLETT DR S,,No_Match,0/0
5965,HOLLETT DR N,,No_Match,0/0
3023,WYNTREE DR,,No_Match,17/17
5970,HOLLETT DR S,,No_Match,0/0
5978,HOLLETT DR N,,No_Match,0/0
3024,ASHMERE DR,,No_Match,6/15
3078,LAMPTONRIDGE DR,,No_Match,14/22
3033,LAMPTONRIDGE DR,,No_Match,14/22
5994,HOLLETT DR N,,No_Match,0/0
5952,HOLLETT DR S,,No_Match,0/0
5975,HOLLETT DR S,,No_Match,0/0
3054,LAMPTONRIDGE DR,,No_Match,14/22
5830,ANNABERG DR,,No_Match,17/17
5959,HOLLETT DR N,,No_Match,0/0
3840,KIMBERLY PKWY N,UNIT SIGN,Match,0/0
3840,KIMBERLY PKWY N,UNIT WTR,Match,0/0
3975,REFUGEE RD,,Match,119/267
4715,HILTON CORPORATE DR,,Match,0/3
4705,HILTON CORPORATE DR,,Match,0/3
5847,SYCAMORE TRAIL LN,,No_Match,0/0
3249,WINCHESTER PIKE,,Match,4/13
2802,S HAMILTON RD,,Match,242/753
3561,REFUGEE RD,,Match,119/267
5688,BIXBYWOODS CT,,Match,0/0
5732,BIXBYWOODS CT,A,Match,0/0
5768,BIXBYWOODS CT,B,Match,0/0
1933,OLDE COVENTRY RD E,UNIT D,Match,0/0
4969,OLDE COVENTRY RD W,UNIT A,Match,0/0
5706,BIXBYWOODS CT,C,Match,0/0
5728,BIXBYWOODS CT,C,Match,0/0
1933,OLDE COVENTRY RD E,UNIT B,Match,0/0
5736,BIXBYWOODS CT,B,Match,0/0
5692,BIXBYWOODS CT,,Match,0/0
5706,BIXBYWOODS CT,,Match,0/0
5760,BIXBYWOODS CT,C,Match,0/0
5672,BIXBYWOODS CT,B,Match,0/0
5728,BIXBYWOODS CT,B,Match,0/0
1933,OLDE COVENTRY RD E,UNIT C,Match,0/0
5702,BIXBYWOODS CT,B,Match,0/0
5714,BIXBYWOODS CT,,Match,0/0
5714,BIXBYWOODS CT,A,Match,0/0
5772,BIXBYWOODS CT,A,Match,0/0
5698,BIXBYWOODS CT,,Match,0/0
5684,BIXBYWOODS CT,B,Match,0/0
1951,OLDE COVENTRY RD E,UNIT C,Match,0/0
5718,BIXBYWOODS CT,A,Match,0/0
5688,BIXBYWOODS CT,A,Match,0/0
4961,OLDE COVENTRY RD W,UNIT C,Match,0/0
5748,BIXBYWOODS CT,,Match,0/0
5740,BIXBYWOODS CT,,Match,0/0
5756,BIXBYWOODS CT,,Match,0/0
5732,BIXBYWOODS CT,B,Match,0/0
5756,BIXBYWOODS CT,B,Match,0/0
5680,BIXBYWOODS CT,,Match,0/0
5736,BIXBYWOODS CT,,Match,0/0
5688,BIXBYWOODS CT,C,Match,0/0
5772,BIXBYWOODS CT,C,Match,0/0
5692,BIXBYWOODS CT,A,Match,0/0
5732,BIXBYWOODS CT,C,Match,0/0
5776,BIXBYWOODS CT,,Match,0/0
5740,BIXBYWOODS CT,C,Match,0/0
5672,BIXBYWOODS CT,A,Match,0/0
5744,BIXBYWOODS CT,B,Match,0/0
5728,BIXBYWOODS CT,,Match,0/0
1957,OLDE COVENTRY RD E,UNIT D,Match,0/0
5768,BIXBYWOODS CT,A,Match,0/0
5692,BIXBYWOODS CT,C,Match,0/0
5748,BIXBYWOODS CT,C,Match,0/0
5760,BIXBYWOODS CT,A,Match,0/0
5692,BIXBYWOODS CT,B,Match,0/0
5714,BIXBYWOODS CT,C,Match,0/0
5768,BIXBYWOODS CT,C,Match,0/0
5710,BIXBYWOODS CT,A,Match,0/0
5688,BIXBYWOODS CT,B,Match,0/0
4969,OLDE COVENTRY RD W,UNIT D,Match,0/0
5676,BIXBYWOODS CT,C,Match,0/0
5732,BIXBYWOODS CT,,Match,0/0
5710,BIXBYWOODS CT,C,Match,0/0
5706,BIXBYWOODS CT,B,Match,0/0
5702,BIXBYWOODS CT,A,Match,0/0
5756,BIXBYWOODS CT,C,Match,0/0
1933,OLDE COVENTRY RD E,UNIT A,Match,0/0
5764,BIXBYWOODS CT,B,Match,0/0
5776,BIXBYWOODS CT,B,Match,0/0
4961,OLDE COVENTRY RD W,UNIT D,Match,0/0
5710,BIXBYWOODS CT,B,Match,0/0
5744,BIXBYWOODS CT,,Match,0/0
5740,BIXBYWOODS CT,A,Match,0/0
1957,OLDE COVENTRY RD E,UNIT C,Match,0/0
5744,BIXBYWOODS CT,C,Match,0/0
1937,OLDE COVENTRY RD E,UNIT C,Match,0/0
5672,BIXBYWOODS CT,,Match,0/0
1937,OLDE COVENTRY RD E,UNIT D,Match,0/0
5698,BIXBYWOODS CT,C,Match,0/0
5680,BIXBYWOODS CT,C,Match,0/0
5702,BIXBYWOODS CT,,Match,0/0
4969,OLDE COVENTRY RD W,UNIT B,Match,0/0
1937,OLDE COVENTRY RD E,UNIT B,Match,0/0
4961,OLDE COVENTRY RD W,UNIT A,Match,0/0
5764,BIXBYWOODS CT,C,Match,0/0
5736,BIXBYWOODS CT,A,Match,0/0
5684,BIXBYWOODS CT,C,Match,0/0
1957,OLDE COVENTRY RD E,UNIT A,Match,0/0
5760,BIXBYWOODS CT,B,Match,0/0
5698,BIXBYWOODS CT,A,Match,0/0
5718,BIXBYWOODS CT,C,Match,0/0
5710,BIXBYWOODS CT,,Match,0/0
5684,BIXBYWOODS CT,A,Match,0/0
5748,BIXBYWOODS CT,B,Match,0/0
5676,BIXBYWOODS CT,,Match,0/0
5676,BIXBYWOODS CT,B,Match,0/0
1937,OLDE COVENTRY RD E,UNIT A,Match,0/0
4969,OLDE COVENTRY RD W,UNIT C,Match,0/0
5764,BIXBYWOODS CT,A,Match,0/0
5676,BIXBYWOODS CT,A,Match,0/0
5714,BIXBYWOODS CT,B,Match,0/0
5772,BIXBYWOODS CT,B,Match,0/0
1951,OLDE COVENTRY RD E,UNIT A,Match,0/0
1957,OLDE COVENTRY RD E,UNIT B,Match,0/0
1951,OLDE COVENTRY RD E,UNIT D,Match,0/0
1951,OLDE COVENTRY RD E,UNIT B,Match,0/0
5744,BIXBYWOODS CT,A,Match,0/0
4961,OLDE COVENTRY RD W,UNIT B,Match,0/0
5768,BIXBYWOODS CT,,Match,0/0
5776,BIXBYWOODS CT,A,Match,0/0
5698,BIXBYWOODS CT,B,Match,0/0
5740,BIXBYWOODS CT,B,Match,0/0
5684,BIXBYWOODS CT,,Match,0/0
5756,BIXBYWOODS CT,A,Match,0/0
5718,BIXBYWOODS CT,B,Match,0/0
5760,BIXBYWOODS CT,,Match,0/0
5728,BIXBYWOODS CT,A,Match,0/0
5764,BIXBYWOODS CT,,Match,0/0
5776,BIXBYWOODS CT,C,Match,0/0
5748,BIXBYWOODS CT,A,Match,0/0
5736,BIXBYWOODS CT,C,Match,0/0
5706,BIXBYWOODS CT,A,Match,0/0
5680,BIXBYWOODS CT,B,Match,0/0
5702,BIXBYWOODS CT,C,Match,0/0
5680,BIXBYWOODS CT,A,Match,0/0
5718,BIXBYWOODS CT,,Match,0/0
5672,BIXBYWOODS CT,C,Match,0/0
5772,BIXBYWOODS CT,,Match,0/0
2433,FOREST GREEN CT,,Match,0/0
2393,MARVIC CT,,No_Match,0/0
2502,VERONA MEWS ST,,No_Match,0/0
2411,MARVIC CT,,No_Match,0/0
2405,MARVIC CT,,No_Match,0/0
2447,FOREST GREEN CT,,Match,0/0
2399,MARVIC CT,,No_Match,0/0
2709,WEYBURN RD,,No_Match,38/42
2505,MARVIC CT,,No_Match,0/0
2458,MARVIC CT,,No_Match,0/0
2517,MARVIC CT,,No_Match,0/0
2523,MARVIC CT,,No_Match,0/0
2452,MARVIC CT,,No_Match,0/0
2430,MARVIC CT,,No_Match,0/0
2408,MARVIC CT,,No_Match,0/0
2496,VERONA MEWS ST,,No_Match,0/0
2484,VERONA MEWS ST,,No_Match,0/0
2464,MARVIC CT,,No_Match,0/0
2472,MARVIC CT,,No_Match,0/0
2479,MARVIC CT,,No_Match,0/0
2492,MARVIC CT,,No_Match,0/0
2498,MARVIC CT,,No_Match,0/0
2431,MARVIC CT,,No_Match,0/0
2443,MARVIC CT,,No_Match,0/0
2402,MARVIC CT,,No_Match,0/0
2465,FOREST GREEN CT,,Match,0/0
2449,MARVIC CT,,No_Match,0/0
2437,MARVIC CT,,No_Match,0/0
2419,MARVIC CT,,No_Match,0/0
2497,MARVIC CT,,No_Match,0/0
2467,MARVIC CT,,No_Match,0/0
2459,FOREST GREEN CT,,Match,0/0
2453,FOREST GREEN CT,,Match,0/0
2478,VERONA MEWS ST,,No_Match,0/0
2396,MARVIC CT,,No_Match,0/0
2511,MARVIC CT,,No_Match,0/0
2473,MARVIC CT,,No_Match,0/0
2472,VERONA MEWS ST,,No_Match,0/0
2485,MARVIC CT,,No_Match,0/0
2425,MARVIC CT,,No_Match,0/0
2461,MARVIC CT,,No_Match,0/0
2491,MARVIC CT,,No_Match,0/0
2514,MARVIC CT,,No_Match,0/0
2490,VERONA MEWS ST,,No_Match,0/0
2455,MARVIC CT,,No_Match,0/0
3360,VERONA MEWS ST,UNIT 107,No_Match,0/0
2435,MARVIC CT,UNIT 307,No_Match,0/0
3400,VERONA MEWS ST,UNIT 302,No_Match,0/0
3400,VERONA MEWS ST,UNIT 312,No_Match,0/0
3400,VERONA MEWS ST,UNIT 201,No_Match,0/0
3330,VERONA MEWS ST,UNIT 205,No_Match,0/0
3360,VERONA MEWS ST,UNIT 104,No_Match,0/0
3330,VERONA MEWS ST,UNIT 201,No_Match,0/0
3360,VERONA MEWS ST,UNIT 207,No_Match,0/0
3360,VERONA MEWS ST,UNIT 208,No_Match,0/0
3330,VERONA MEWS ST,UNIT 102,No_Match,0/0
3330,VERONA MEWS ST,UNIT 308,No_Match,0/0
3400,VERONA MEWS ST,UNIT 107,No_Match,0/0
3400,VERONA MEWS ST,UNIT 111,No_Match,0/0
3330,VERONA MEWS ST,UNIT 108,No_Match,0/0
3434,VERONA MEWS ST,,No_Match,0/0
3400,VERONA MEWS ST,UNIT 101,No_Match,0/0
3400,VERONA MEWS ST,UNIT 109,No_Match,0/0
3400,VERONA MEWS ST,UNIT 211,No_Match,0/0
3400,VERONA MEWS ST,UNIT 311,No_Match,0/0
3360,VERONA MEWS ST,UNIT 305,No_Match,0/0
3360,VERONA MEWS ST,UNIT 201,No_Match,0/0
2435,MARVIC CT,UNIT 108,No_Match,0/0
3360,VERONA MEWS ST,UNIT 307,No_Match,0/0
2435,MARVIC CT,UNIT 106,No_Match,0/0
3360,VERONA MEWS ST,UNIT 202,No_Match,0/0
3400,VERONA MEWS ST,UNIT 304,No_Match,0/0
2435,MARVIC CT,UNIT 308,No_Match,0/0
3330,VERONA MEWS ST,UNIT 105,No_Match,0/0
3330,VERONA MEWS ST,UNIT 208,No_Match,0/0
2435,MARVIC CT,UNIT 103,No_Match,0/0
2435,MARVIC CT,UNIT 301,No_Match,0/0
3400,VERONA MEWS ST,UNIT 106,No_Match,0/0
3330,VERONA MEWS ST,UNIT 101,No_Match,0/0
2435,MARVIC CT,UNIT 208,No_Match,0/0
3400,VERONA MEWS ST,UNIT 204,No_Match,0/0
3400,VERONA MEWS ST,UNIT 105,No_Match,0/0
2471,MARVIC CT,,No_Match,0/0
3400,VERONA MEWS ST,UNIT 203,No_Match,0/0
3360,VERONA MEWS ST,UNIT 301,No_Match,0/0
3400,VERONA MEWS ST,UNIT 108,No_Match,0/0
3360,VERONA MEWS ST,UNIT 306,No_Match,0/0
3360,VERONA MEWS ST,UNIT 204,No_Match,0/0
3400,VERONA MEWS ST,UNIT 112,No_Match,0/0
3330,VERONA MEWS ST,,No_Match,0/0
3360,VERONA MEWS ST,UNIT 304,No_Match,0/0
2435,MARVIC CT,,No_Match,0/0
3330,VERONA MEWS ST,UNIT 103,No_Match,0/0
3400,VERONA MEWS ST,UNIT 202,No_Match,0/0
3330,VERONA MEWS ST,UNIT 104,No_Match,0/0
2435,MARVIC CT,UNIT 305,No_Match,0/0
2435,MARVIC CT,UNIT 201,No_Match,0/0
3360,VERONA MEWS ST,UNIT 205,No_Match,0/0
3330,VERONA MEWS ST,UNIT 202,No_Match,0/0
3330,VERONA MEWS ST,UNIT 204,No_Match,0/0
3400,VERONA MEWS ST,UNIT 209,No_Match,0/0
3400,VERONA MEWS ST,UNIT 103,No_Match,0/0
3400,VERONA MEWS ST,UNIT 210,No_Match,0/0
3360,VERONA MEWS ST,UNIT 105,No_Match,0/0
3360,VERONA MEWS ST,UNIT 302,No_Match,0/0
3430,VERONA MEWS ST,,No_Match,0/0
3400,VERONA MEWS ST,UNIT 305,No_Match,0/0
3400,VERONA MEWS ST,UNIT 104,No_Match,0/0
3330,VERONA MEWS ST,UNIT 301,No_Match,0/0
3400,VERONA MEWS ST,UNIT 306,No_Match,0/0
3400,VERONA MEWS ST,UNIT 301,No_Match,0/0
2435,MARVIC CT,UNIT 102,No_Match,0/0
3360,VERONA MEWS ST,UNIT 106,No_Match,0/0
2435,MARVIC CT,UNIT 303,No_Match,0/0
3330,VERONA MEWS ST,UNIT 106,No_Match,0/0
3330,VERONA MEWS ST,UNIT 303,No_Match,0/0
3400,VERONA MEWS ST,UNIT 212,No_Match,0/0
3360,VERONA MEWS ST,,No_Match,0/0
3400,VERONA MEWS ST,,No_Match,0/0
3330,VERONA MEWS ST,UNIT 305,No_Match,0/0
3360,VERONA MEWS ST,UNIT 308,No_Match,0/0
3400,VERONA MEWS ST,UNIT 102,No_Match,0/0
3360,VERONA MEWS ST,UNIT 303,No_Match,0/0
3360,VERONA MEWS ST,UNIT 102,No_Match,0/0
2435,MARVIC CT,UNIT 204,No_Match,0/0
2465,MARVIC CT,,No_Match,0/0
3330,VERONA MEWS ST,UNIT 206,No_Match,0/0
3400,VERONA MEWS ST,UNIT 110,No_Match,0/0
3400,VERONA MEWS ST,UNIT 307,No_Match,0/0
3330,VERONA MEWS ST,UNIT 302,No_Match,0/0
2435,MARVIC CT,UNIT 304,No_Match,0/0
2435,MARVIC CT,UNIT 104,No_Match,0/0
3360,VERONA MEWS ST,UNIT 108,No_Match,0/0
2435,MARVIC CT,UNIT 306,No_Match,0/0
2435,MARVIC CT,UNIT 302,No_Match,0/0
3360,VERONA MEWS ST,UNIT 203,No_Match,0/0
3330,VERONA MEWS ST,UNIT 306,No_Match,0/0
3330,VERONA MEWS ST,UNIT 203,No_Match,0/0
2435,MARVIC CT,UNIT 207,No_Match,0/0
2435,MARVIC CT,UNIT 203,No_Match,0/0
2435,MARVIC CT,UNIT 105,No_Match,0/0
2435,MARVIC CT,UNIT 101,No_Match,0/0
3360,VERONA MEWS ST,UNIT 206,No_Match,0/0
3400,VERONA MEWS ST,UNIT 303,No_Match,0/0
3330,VERONA MEWS ST,UNIT 307,No_Match,0/0
3400,VERONA MEWS ST,UNIT 205,No_Match,0/0
2435,MARVIC CT,UNIT 107,No_Match,0/0
3330,VERONA MEWS ST,UNIT 304,No_Match,0/0
3400,VERONA MEWS ST,UNIT 206,No_Match,0/0
3330,VERONA MEWS ST,UNIT 107,No_Match,0/0
3400,VERONA MEWS ST,UNIT 309,No_Match,0/0
3360,VERONA MEWS ST,UNIT 101,No_Match,0/0
3400,VERONA MEWS ST,UNIT 308,No_Match,0/0
2435,MARVIC CT,UNIT 202,No_Match,0/0
3400,VERONA MEWS ST,UNIT 208,No_Match,0/0
2435,MARVIC CT,UNIT 205,No_Match,0/0
3400,VERONA MEWS ST,UNIT 310,No_Match,0/0
3360,VERONA MEWS ST,UNIT 103,No_Match,0/0
3400,VERONA MEWS ST,UNIT 207,No_Match,0/0
2435,MARVIC CT,UNIT 206,No_Match,0/0
3330,VERONA MEWS ST,UNIT 207,No_Match,0/0
