number,street,unit,city,region,postcode
3157,FISHER RD,,Franklin Twp,OH,43204
1500,N HAGUE AVE,,Franklin Twp,OH,43204
3467,TRABUE RD,,Columbus,OH,43204
783,DERRER RD,,Franklin Twp,OH,43204
2602,VALLEYVIEW DR,,Valleyview,OH,43204
907,DEMOREST RD,,Franklin Twp,OH,43204
816,DERRER RD,,Franklin Twp,OH,43204
3149,EL PASO DR,,Franklin Twp,OH,43204
3585,BRITTON AVE,,Franklin Twp,OH,43204
789,DERRER RD,,Franklin Twp,OH,43204
1580,HICKORY RUN DR,,Franklin Twp,OH,43204
496,N HARRIS AVE,,Valleyview,OH,43204
3613,PLAINVIEW DR,,Franklin Twp,OH,43204
3288,BROOKSIDE BLVD,,Franklin Twp,OH,43204
3599,BRITTON AVE,,Franklin Twp,OH,43204
3375,BRIGGS RD,,Franklin Twp,OH,43204
1600,N HAGUE AVE,,Franklin Twp,OH,43204
773,DERRER RD,,Franklin Twp,OH,43204
459,PROSPECT ST,,Franklin Twp,OH,43204
3303,BROOKSIDE BLVD,,Franklin Twp,OH,43204
3404,FISHER RD,,Franklin Twp,OH,43204
3408,BROOKSIDE BLVD,,Franklin Twp,OH,43204
478,PROSPECT ST,,Franklin Twp,OH,43204
2582,DIBBLEE AVE,,Valleyview,OH,43204
926,DERRER RD,,Franklin Twp,OH,43204
487,N EUREKA AVE,,Franklin Twp,OH,43204
772,DERRER RD,,Franklin Twp,OH,43204
838,JOSEPHINE AVE,,Franklin Twp,OH,43204
2913,LOWELL DR,,Franklin Twp,OH,43204
442,N EUREKA AVE,,Franklin Twp,OH,43204
449,PROSPECT ST,,Franklin Twp,OH,43204
2851,EL PASO DR,,Franklin Twp,OH,43204
3090,FISHER RD,,Franklin Twp,OH,43204
732,N HAGUE AVE,,Franklin Twp,OH,43204
4174,ONGARO DR,,Franklin Twp,OH,43204
458,PROSPECT ST,,Franklin Twp,OH,43204
3451,TRABUE RD,,Columbus,OH,43204
3485,TRABUE RD,,Columbus,OH,43204
1037,N HAGUE AVE,,Franklin Twp,OH,43204
1492,N HAGUE AVE,,Franklin Twp,OH,43204
3612,BRIGGS RD,,Franklin Twp,OH,43204
854,DERRER RD,,Franklin Twp,OH,43204
871,DERRER RD,,Franklin Twp,OH,43204
845,JOSEPHINE AVE,,Franklin Twp,OH,43204
749,JOSEPHINE AVE,,Franklin Twp,OH,43204
765,JOSEPHINE AVE,,Franklin Twp,OH,43204
3020,FISHER RD,,Franklin Twp,OH,43204
3496,VANDERBERG AVE,,Franklin Twp,OH,43204
869,DERRER RD,,Franklin Twp,OH,43204
839,DERRER RD,,Franklin Twp,OH,43204
911,DERRER RD,,Franklin Twp,OH,43204
3505,GLORIOUS RD,,Franklin Twp,OH,43204
811,N HAGUE AVE,,Franklin Twp,OH,43204
1408,N HAGUE AVE,,Franklin Twp,OH,43204
3522,FISHER RD,,Franklin Twp,OH,43204
3410,DOVER RD,,Franklin Twp,OH,43204
3275,BROOKSIDE BLVD,,Franklin Twp,OH,43204
1696,N HAGUE AVE,,Franklin Twp,OH,43204
2353,VALLEYVIEW DR,,Franklin Twp,OH,43204
3308,EL PASO DR,,Franklin Twp,OH,43204
799,N HAGUE RD,,Franklin Twp,OH,43204
3658,PLAINVIEW DR,,Franklin Twp,OH,43204
3055,EL PASO DR,,Franklin Twp,OH,43204
3520,DOVER RD,,Franklin Twp,OH,43204
1071,N HAGUE AVE,,Franklin Twp,OH,43204
2837,EL PASO DR,,Franklin Twp,OH,43204
1121,N HAGUE AVE,,Franklin Twp,OH,43204
3524,DOVER RD,,Franklin Twp,OH,43204
454,PROSPECT ST,,Franklin Twp,OH,43204
474,N HARRIS AVE,,Valleyview,OH,43204
499,N HARRIS AVE,,Valleyview,OH,43204
3577,PLAINVIEW DR,,Franklin Twp,OH,43204
2662,ELLIOTT AVE,,Valleyview,OH,43204
470,N HARRIS AVE,,Valleyview,OH,43204
2734,VALLEYVIEW DR,,Valleyview,OH,43204
1455,HICKORY RUN DR,,Franklin Twp,OH,43204
420,N HAGUE AVE,,Valleyview,OH,43204
3505,BROOKSIDE BLVD,,Franklin Twp,OH,43204
2317,VALLEYVIEW DR,,Franklin Twp,OH,43204
2629,ELLIOTT AVE,,Valleyview,OH,43204
1487,N HAGUE AVE,,Franklin Twp,OH,43204
2338,VALLEYVIEW DR,,Franklin Twp,OH,43204
3399,LOWELL DR,,Franklin Twp,OH,43204
4300,WHITE ASH DR,,Franklin Twp,OH,43204
1470,HICKORY RUN DR,,Franklin Twp,OH,43204
469,PROSPECT ST,,Franklin Twp,OH,43204
512,N WARREN AVE,,Valleyview,OH,43204
3459,LOWELL DR,,Franklin Twp,OH,43204
505,N HARRIS AVE,,Valleyview,OH,43204
2854,LOWELL DR,,Franklin Twp,OH,43204
3495,TRABUE RD,,Columbus,OH,43204
478,N POWELL AVE,,Valleyview,OH,43204
725,N HAGUE AVE,,Franklin Twp,OH,43204
467,N HAGUE AVE,,Valleyview,OH,43204
1550,N HAGUE AVE,,Franklin Twp,OH,43204
2500,VALLEYVIEW DR,,Valleyview,OH,43204
2897,EL PASO DR,,Franklin Twp,OH,43204
3553,BROOKSIDE BLVD,,Franklin Twp,OH,43204
477,ELDON AVE,,Valleyview,OH,43204
3487,PLAINVIEW DR,,Franklin Twp,OH,43204
915,DEMOREST RD,,Franklin Twp,OH,43204
818,JOYFUL ST,,Franklin Twp,OH,43204
2842,EL PASO DR,,Franklin Twp,OH,43204
2539,DIBBLEE AVE,,Valleyview,OH,43204
3494,FISHER RD,,Franklin Twp,OH,43204
3364,DOVER RD,,Franklin Twp,OH,43204
2389,VALLEYVIEW DR,,Franklin Twp,OH,43204
2608,VALLEYVIEW DR,,Valleyview,OH,43204
2908,LOWELL DR,,Franklin Twp,OH,43204
2634,DIBBLEE AVE,,Valleyview,OH,43204
1525,N HAGUE AVE,,Franklin Twp,OH,43204
1645,N HAGUE AVE,,Franklin Twp,OH,43204
1891,HAGUE AVE,,Franklin Twp,OH,43204
3486,BRIGGS RD,,Franklin Twp,OH,43204
2468,VALLEYVIEW DR,,Valleyview,OH,43204
1324,N HAGUE AVE,,Franklin Twp,OH,43204
1583,N HAGUE AVE,,Franklin Twp,OH,43204
480,N HARRIS AVE,,Valleyview,OH,43204
2339,VALLEYVIEW DR,,Franklin Twp,OH,43204
2556,DIBBLEE AVE,,Valleyview,OH,43204
3520,VANDERBERG AVE,,Franklin Twp,OH,43204
923,JOSEPHINE AVE,,Franklin Twp,OH,43204
776,N HAGUE AVE,,Franklin Twp,OH,43204
526,ELDON AVE,,Valleyview,OH,43204
500,N POWELL AVE,,Valleyview,OH,43204
3117,EL PASO DR,,Franklin Twp,OH,43204
3263,BROOKSIDE BLVD,,Franklin Twp,OH,43204
474,ELDON AVE,,Valleyview,OH,43204
439,N HAGUE AVE,,Valleyview,OH,43204
3296,BROOKSIDE BLVD,,Franklin Twp,OH,43204
534,N HAGUE AVE,,Valleyview,OH,43204
3275,DOVER RD,,Franklin Twp,OH,43204
3563,BROOKSIDE BLVD,,Franklin Twp,OH,43204
2662,VALLEYVIEW DR,,Valleyview,OH,43204
459,N EUREKA AVE,,Franklin Twp,OH,43204
520,ELDON AVE,,Valleyview,OH,43204
3217,FISHER RD,,Franklin Twp,OH,43204
3200,PONDEROSA DR,,Franklin Twp,OH,43204
2914,LOWELL DR,,Franklin Twp,OH,43204
864,DERRER RD,,Franklin Twp,OH,43204
3390,FISHER RD,,Franklin Twp,OH,43204
2720,DIBBLEE AVE,,Valleyview,OH,43204
463,N HIGHLAND AVE,,Franklin Twp,OH,43204
425,N RICHARDSON AVE,,Valleyview,OH,43204
2451,VALLEYVIEW DR,,Valleyview,OH,43204
4287,ONGARO DR,,Franklin Twp,OH,43204
2390,VALLEYVIEW DR,,Franklin Twp,OH,43204
831,DERRER RD,,Franklin Twp,OH,43204
3588,BRIGGS RD,,Franklin Twp,OH,43204
2471,VALLEYVIEW DR,,Valleyview,OH,43204
3526,BRIGGS RD,,Franklin Twp,OH,43204
869,JOSEPHINE AVE,,Franklin Twp,OH,43204
2664,DIBBLEE AVE,,Valleyview,OH,43204
3159,EL PASO DR,,Franklin Twp,OH,43204
778,JOYFUL ST,,Franklin Twp,OH,43204
874,JOYFUL ST,,Franklin Twp,OH,43204
791,DERRER RD,,Franklin Twp,OH,43204
815,DERRER RD,,Franklin Twp,OH,43204
877,JOSEPHINE AVE,,Franklin Twp,OH,43204
1427,BELLFLOWER AVE,,Franklin Twp,OH,43204
847,DERRER RD,,Franklin Twp,OH,43204
811,DEMOREST RD,,Franklin Twp,OH,43204
3542,BRIGGS RD,,Franklin Twp,OH,43204
680,N HAGUE AVE,,Franklin Twp,OH,43204
3295,BROOKSIDE BLVD,,Franklin Twp,OH,43204
3044,EL PASO DR,,Franklin Twp,OH,43204
820,N HAGUE AVE,,Franklin Twp,OH,43204
500,N HARRIS AVE,,Valleyview,OH,43204
528,HAGUE AVE,,Valleyview,OH,43204
432,EUREKA AVE,,Franklin Twp,OH,43204
3602,BRITTON AVE,,Franklin Twp,OH,43204
3120,EL PASO DR,,Franklin Twp,OH,43204
3281,DOVER RD,,Franklin Twp,OH,43204
3382,BROOKSIDE BLVD,,Franklin Twp,OH,43204
2875,EL PASO DR,,Franklin Twp,OH,43204
3588,BROOKSIDE BLVD,,Franklin Twp,OH,43204
519,N EUREKA AVE,,Franklin Twp,OH,43204
3003,EL PASO DR,,Franklin Twp,OH,43204
2643,ELLIOTT AVE,,Valleyview,OH,43204
3085,FISHER RD,,Franklin Twp,OH,43204
3581,GLORIOUS RD,,Franklin Twp,OH,43204
2822,LOWELL DR,,Franklin Twp,OH,43204
485,N EUREKA AVE,,Franklin Twp,OH,43204
859,DEMOREST RD,,Franklin Twp,OH,43204
3516,DOVER RD,,Franklin Twp,OH,43204
1473,WHITE ASH DR,,Franklin Twp,OH,43204
445,PROSPECT ST,,Franklin Twp,OH,43204
1443,WHITE ASH DR,,Franklin Twp,OH,43204
2623,ELLIOTT AVE,,Valleyview,OH,43204
2574,DIBBLEE AVE,,Valleyview,OH,43204
3496,BRIGGS RD,,Franklin Twp,OH,43204
924,DERRER RD,,Franklin Twp,OH,43204
766,JOSEPHINE AVE,,Franklin Twp,OH,43204
1414,BELLFLOWER AVE,,Franklin Twp,OH,43204
1756,N HAGUE AVE,,Franklin Twp,OH,43204
899,DEMOREST RD,,Franklin Twp,OH,43204
846,DERRER RD,,Franklin Twp,OH,43204
3365,BROOKSIDE BLVD,,Franklin Twp,OH,43204
3657,PLAINVIEW DR,,Franklin Twp,OH,43204
3045,EL PASO DR,,Franklin Twp,OH,43204
431,N RICHARDSON AVE,,Valleyview,OH,43204
3293,PONDEROSA DR,,Franklin Twp,OH,43204
3255,DOVER RD,,Franklin Twp,OH,43204
3004,EL PASO DR,,Franklin Twp,OH,43204
468,ELDON AVE,,Valleyview,OH,43204
3640,PLAINVIEW DR,,Franklin Twp,OH,43204
2710,ELLIOTT AVE,,Valleyview,OH,43204
3598,PLAINVIEW DR,,Franklin Twp,OH,43204
3305,DOVER RD,,Franklin Twp,OH,43204
2724,ELLIOTT AVE,,Valleyview,OH,43204
503,ELDON AVE,,Valleyview,OH,43204
3100,EL PASO DR,,Franklin Twp,OH,43204
858,JOYFUL ST,,Franklin Twp,OH,43204
821,DERRER RD,,Franklin Twp,OH,43204
3285,EL PASO DR,,Franklin Twp,OH,43204
3506,BROOKSIDE BLVD,,Franklin Twp,OH,43204
3300,DOVER RD,,Franklin Twp,OH,43204
2867,LOWELL DR,,Franklin Twp,OH,43204
3531,BROOKSIDE BLVD,,Franklin Twp,OH,43204
420,N EUREKA AVE,,Franklin Twp,OH,43204
490,ELDON AVE,,Valleyview,OH,43204
497,N EUREKA AVE,,Franklin Twp,OH,43204
2490,VALLEYVIEW DR,,Valleyview,OH,43204
2694,DIBBLEE AVE,,Valleyview,OH,43204
3529,DOVER RD,,Franklin Twp,OH,43204
470,N EUREKA AVE,APT A,Franklin Twp,OH,43204
2564,DIBBLEE AVE,,Valleyview,OH,43204
2892,LOWELL DR,,Franklin Twp,OH,43204
456,N EUREKA AVE,,Franklin Twp,OH,43204
3465,EL PASO DR,,Franklin Twp,OH,43204
810,JOYFUL ST,,Franklin Twp,OH,43204
824,DERRER RD,,Franklin Twp,OH,43204
3464,DOVER RD,,Franklin Twp,OH,43204
3177,CHIPPEWA ST,,Franklin Twp,OH,43204
455,N HIGHLAND AVE,,Franklin Twp,OH,43204
515,N HARRIS AVE,,Valleyview,OH,43204
2735,VALLEYVIEW DR,,Valleyview,OH,43204
867,DEMOREST RD,,Franklin Twp,OH,43204
725,JOSEPHINE AVE,,Franklin Twp,OH,43204
848,DERRER RD,,Franklin Twp,OH,43204
2748,DIBBLEE AVE,,Valleyview,OH,43204
2622,ELLIOTT AVE,,Valleyview,OH,43204
798,JOSEPHINE AVE,,Franklin Twp,OH,43204
806,JOSEPHINE AVE,,Franklin Twp,OH,43204
1428,BELLFLOWER AVE,,Franklin Twp,OH,43204
813,DERRER RD,,Franklin Twp,OH,43204
2369,VALLEYVIEW DR,,Franklin Twp,OH,43204
3347,DOVER RD,,Franklin Twp,OH,43204
2604,ELLIOTT AVE,,Valleyview,OH,43204
3433,FISHER RD,,Franklin Twp,OH,43204
3684,PLAINVIEW DR,,Franklin Twp,OH,43204
823,DERRER RD,,Franklin Twp,OH,43204
3513,GLORIOUS RD,,Franklin Twp,OH,43204
3466,VANDERBERG AVE,,Franklin Twp,OH,43204
838,DERRER RD,,Franklin Twp,OH,43204
3358,DOVER RD,,Franklin Twp,OH,43204
3235,EL PASO DR,,Franklin Twp,OH,43204
461,N EUREKA AVE,,Franklin Twp,OH,43204
3303,LOWELL DR,,Franklin Twp,OH,43204
851,DEMOREST RD,,Franklin Twp,OH,43204
1415,BELLFLOWER AVE,,Franklin Twp,OH,43204
886,DERRER RD,,Franklin Twp,OH,43204
921,DERRER RD,,Franklin Twp,OH,43204
891,JOYFUL ST,,Franklin Twp,OH,43204
837,DERRER RD,,Franklin Twp,OH,43204
830,DERRER RD,,Franklin Twp,OH,43204
3290,EL PASO DR,,Franklin Twp,OH,43204
2900,LOWELL DR,,Franklin Twp,OH,43204
2862,LOWELL DR,,Franklin Twp,OH,43204
2457,VALLEYVIEW DR,,Valleyview,OH,43204
2878,LOWELL DR,,Franklin Twp,OH,43204
3351,BROOKSIDE BLVD,,Franklin Twp,OH,43204
2590,DIBBLEE AVE,,Valleyview,OH,43204
2615,ELLIOTT AVE,,Valleyview,OH,43204
1204,N WILSON RD,,Franklin Twp,OH,43204
3405,BRIGGS RD,,Franklin Twp,OH,43204
445,N HAGUE AVE,,Valleyview,OH,43204
1790,N HAGUE AVE,,Franklin Twp,OH,43204
3139,EL PASO DR,,Franklin Twp,OH,43204
480,MURRAY AVE,,Valleyview,OH,43204
2343,VALLEYVIEW DR,,Franklin Twp,OH,43204
2529,DIBBLEE AVE,,Valleyview,OH,43204
2372,VALLEYVIEW DR,,Franklin Twp,OH,43204
2666,ELLIOTT AVE,,Valleyview,OH,43204
3339,MCKINLEY AVE,,Franklin Twp,OH,43204
3281,BROOKSIDE BLVD,,Franklin Twp,OH,43204
2766,DIBBLEE AVE,,Valleyview,OH,43204
2675,ELLIOTT AVE,,Valleyview,OH,43204
3254,DOVER RD,,Franklin Twp,OH,43204
3514,PLAINVIEW DR,,Franklin Twp,OH,43204
2635,ELLIOTT AVE,,Valleyview,OH,43204
1444,HICKORY RUN DR,,Franklin Twp,OH,43204
497,PROSPECT ST,,Franklin Twp,OH,43204
455,MURRAY AVE,,Valleyview,OH,43204
3419,EL PASO DR,,Franklin Twp,OH,43204
4212,ONGARO DR,,Franklin Twp,OH,43204
483,ELDON AVE,,Valleyview,OH,43204
540,N BURGESS AVE,,Valleyview,OH,43204
2825,ELLIOTT AVE,,Valleyview,OH,43204
763,N HAGUE AVE,,Franklin Twp,OH,43204
1456,HICKORY RUN DR,,Franklin Twp,OH,43204
911,JOYFUL ST,,Franklin Twp,OH,43204
3194,EL PASO DR,,Franklin Twp,OH,43204
807,DERRER RD,,Franklin Twp,OH,43204
3486,TRABUE RD,,Norwich Twp,OH,43204
470,N EUREKA AVE,APT B,Franklin Twp,OH,43204
3448,DOVER RD,,Franklin Twp,OH,43204
2684,ELLIOTT AVE,,Valleyview,OH,43204
3581,PLAINVIEW DR,,Franklin Twp,OH,43204
3533,DOVER RD,,Franklin Twp,OH,43204
497,ELDON AVE,,Valleyview,OH,43204
861,JOSEPHINE AVE,,Franklin Twp,OH,43204
1060,DEMOREST RD,,Franklin Twp,OH,43204
798,DERRER RD,,Franklin Twp,OH,43204
3543,GLORIOUS RD,,Franklin Twp,OH,43204
797,JOSEPHINE AVE,,Franklin Twp,OH,43204
486,MURRAY AVE,,Valleyview,OH,43204
2640,DIBBLEE AVE,,Valleyview,OH,43204
3379,DOVER RD,,Franklin Twp,OH,43204
2610,ELLIOTT AVE,,Valleyview,OH,43204
872,DERRER RD,,Franklin Twp,OH,43204
879,DERRER RD,,Franklin Twp,OH,43204
870,JOSEPHINE AVE,,Franklin Twp,OH,43204
475,HIGHLAND AVE,,Franklin Twp,OH,43204
2880,EL PASO DR,,Franklin Twp,OH,43204
2716,ELLIOTT AVE,,Valleyview,OH,43204
2578,ELLIOTT AVE,,Valleyview,OH,43204
2896,EL PASO DR,,Franklin Twp,OH,43204
511,ELDON AVE,,Valleyview,OH,43204
2354,LENORE AVE,,Franklin Twp,OH,43204
740,NIXON DR,,Franklin Twp,OH,43204
3258,FISHER RD,,Franklin Twp,OH,43204
495,MURRAY AVE,,Valleyview,OH,43204
486,N POWELL AVE,,Valleyview,OH,43204
3641,BRITTON AVE,,Franklin Twp,OH,43204
3097,EL PASO DR,,Franklin Twp,OH,43204
3473,DOVER RD,,Franklin Twp,OH,43204
3345,BRIGGS RD,,Franklin Twp,OH,43204
487,PROSPECT ST,,Franklin Twp,OH,43204
2770,VALLEYVIEW DR,,Valleyview,OH,43204
1041,N HAGUE AVE,,Franklin Twp,OH,43204
1685,N HAGUE AVE,,Franklin Twp,OH,43204
2846,LOWELL DR,,Franklin Twp,OH,43204
3416,DOVER RD,,Franklin Twp,OH,43204
432,N RICHARDSON AVE,,Valleyview,OH,43204
3465,FISHER RD,,Franklin Twp,OH,43204
2837,LOWELL DR,,Franklin Twp,OH,43204
3522,BROOKSIDE BLVD,,Franklin Twp,OH,43204
2648,VALLEYVIEW DR,,Valleyview,OH,43204
2890,FISHER RD,,Franklin Twp,OH,43204
3034,EL PASO DR,,Franklin Twp,OH,43204
3468,BROOKSIDE BLVD,,Franklin Twp,OH,43204
3213,EL PASO DR,,Franklin Twp,OH,43204
2743,ELLIOTT AVE,,Valleyview,OH,43204
2819,LOWELL DR,,Franklin Twp,OH,43204
4190,ONGARO DR,,Franklin Twp,OH,43204
468,N HAGUE AVE,,Valleyview,OH,43204
2475,DIBBLEE AVE,,Valleyview,OH,43204
2732,DIBBLEE AVE,,Valleyview,OH,43204
2731,ELLIOTT AVE,,Valleyview,OH,43204
2570,ELLIOTT AVE,,Valleyview,OH,43204
434,N HAGUE AVE,,Valleyview,OH,43204
2634,VALLEYVIEW DR,,Valleyview,OH,43204
1033,N HAGUE AVE,,Franklin Twp,OH,43204
846,JOSEPHINE AVE,,Franklin Twp,OH,43204
4303,WHITE ASH DR,,Franklin Twp,OH,43204
3568,PLAINVIEW DR,,Franklin Twp,OH,43204
3250,FISHER RD,,Franklin Twp,OH,43204
3355,LOWELL DR,,Franklin Twp,OH,43204
3210,FISHER RD,,Franklin Twp,OH,43204
790,JOSEPHINE AVE,,Franklin Twp,OH,43204
904,DERRER RD,,Franklin Twp,OH,43204
793,JOYFUL ST,,Franklin Twp,OH,43204
902,JOSEPHINE AVE,,Franklin Twp,OH,43204
898,JOYFUL ST,,Franklin Twp,OH,43204
813,JOSEPHINE AVE,,Franklin Twp,OH,43204
769,JOYFUL ST,,Franklin Twp,OH,43204
865,JOYFUL ST,,Franklin Twp,OH,43204
1145,N HAGUE AVE,,Franklin Twp,OH,43204
3500,DOVER RD,,Franklin Twp,OH,43204
1735,HAGUE AVE,,Franklin Twp,OH,43204
519,N HARRIS AVE,,Valleyview,OH,43204
3127,EL PASO DR,,Franklin Twp,OH,43204
3518,PLAINVIEW DR,,Franklin Twp,OH,43204
3549,PLAINVIEW DR,,Franklin Twp,OH,43204
2434,VALLEYVIEW DR,,Franklin Twp,OH,43204
2450,VALLEYVIEW DR,,Valleyview,OH,43204
741,JOSEPHINE AVE,,Franklin Twp,OH,43204
500,PROSPECT ST,,Franklin Twp,OH,43204
3712,PLAINVIEW DR,,Franklin Twp,OH,43204
2752,VALLEYVIEW DR,,Valleyview,OH,43204
1763,HAGUE AVE,,Franklin Twp,OH,43204
3267,PONDEROSA DR,,Franklin Twp,OH,43204
3425,DOVER RD,,Franklin Twp,OH,43204
2368,VALLEYVIEW DR,,Franklin Twp,OH,43204
508,N HARRIS AVE,,Valleyview,OH,43204
492,MURRAY AVE,,Valleyview,OH,43204
3550,BROOKSIDE BLVD,,Franklin Twp,OH,43204
3709,BRITTON AVE,,Franklin Twp,OH,43204
1621,WILSON RD,,Franklin Twp,OH,43204
2888,FISHER RD,,Franklin Twp,OH,43204
790,N HAGUE AVE,,Franklin Twp,OH,43204
2723,ELLIOTT AVE,,Valleyview,OH,43204
516,N POWELL AVE,,Valleyview,OH,43204
1725,HAGUE AVE,,Franklin Twp,OH,43204
4241,ONGARO DR,,Franklin Twp,OH,43204
435,ELDON AVE,,Valleyview,OH,43204
3040,FISHER RD,,Franklin Twp,OH,43204
3446,LOWELL DR,,Franklin Twp,OH,43204
3315,FISHER RD,,Franklin Twp,OH,43204
433,N HAGUE AVE,,Valleyview,OH,43204
1015,CROMWELL AVE,,Franklin Twp,OH,43204
821,DEMOREST RD,,Franklin Twp,OH,43204
881,JOYFUL ST,,Franklin Twp,OH,43204
3550,BRIGGS RD,,Franklin Twp,OH,43204
888,DERRER RD,,Franklin Twp,OH,43204
2929,EL PASO DR,,Franklin Twp,OH,43204
2642,VALLEYVIEW DR,,Valleyview,OH,43204
3271,DOVER RD,,Franklin Twp,OH,43204
3110,EL PASO DR,,Franklin Twp,OH,43204
1333,N WILSON RD,,Franklin Twp,OH,43204
3532,PLAINVIEW DR,,Franklin Twp,OH,43204
792,DERRER RD,,Franklin Twp,OH,43204
877,DERRER RD,,Franklin Twp,OH,43204
2737,ELLIOTT AVE,,Valleyview,OH,43204
2848,EL PASO DR,,Franklin Twp,OH,43204
414,N HAGUE AVE,,Valleyview,OH,43204
873,JOYFUL ST,,Franklin Twp,OH,43204
470,N EUREKA AVE,APT D,Franklin Twp,OH,43204
3437,BROOKSIDE BLVD,,Franklin Twp,OH,43204
2851,LOWELL DR,,Franklin Twp,OH,43204
3900,LOWELL DR,,Franklin Twp,OH,43204
849,JOYFUL ST,,Franklin Twp,OH,43204
2580,VALLEYVIEW DR,,Valleyview,OH,43204
421,N EUREKA AVE,,Franklin Twp,OH,43204
501,PROSPECT ST,,Franklin Twp,OH,43204
800,N HAGUE AVE,,Franklin Twp,OH,43204
1084,N HAGUE AVE,,Franklin Twp,OH,43204
3124,FISHER RD,,Franklin Twp,OH,43204
3119,FISHER RD,,Franklin Twp,OH,43204
2820,VALLEYVIEW DR,,Valleyview,OH,43204
2474,DIBBLEE AVE,,Valleyview,OH,43204
1044,N HAGUE AVE,,Franklin Twp,OH,43204
1601,N HAGUE AVE,,Franklin Twp,OH,43204
470,MURRAY AVE,,Valleyview,OH,43204
491,PROSPECT ST,,Franklin Twp,OH,43204
3085,EL PASO DR,,Franklin Twp,OH,43204
3642,BRITTON AVE,,Franklin Twp,OH,43204
439,N RICHARDSON AVE,,Valleyview,OH,43204
3180,VALLEYVIEW DR,,Franklin Twp,OH,43204
464,N EUREKA AVE,,Franklin Twp,OH,43204
3513,FISHER RD,,Franklin Twp,OH,43204
2859,EL PASO DR,,Franklin Twp,OH,43204
4106,ONGARO DR,,Franklin Twp,OH,43204
3217,PONDEROSA DR,,Franklin Twp,OH,43204
2354,VALLEYVIEW DR,,Franklin Twp,OH,43204
3343,BROOKSIDE BLVD,,Franklin Twp,OH,43204
464,N HIGHLAND AVE,,Franklin Twp,OH,43204
1510,N HAGUE AVE,,Franklin Twp,OH,43204
2628,VALLEYVIEW DR,,Valleyview,OH,43204
498,PROSPECT ST,,Franklin Twp,OH,43204
3649,PLAINVIEW DR,,Franklin Twp,OH,43204
3448,TRABUE RD,,Norwich Twp,OH,43204
2324,VALLEYVIEW DR,,Franklin Twp,OH,43204
3292,LOWELL DR,,Franklin Twp,OH,43204
2342,VALLEYVIEW DR,,Franklin Twp,OH,43204
3136,EL PASO DR,,Franklin Twp,OH,43204
1493,HICKORY RUN DR,,Franklin Twp,OH,43204
2845,EL PASO DR,,Franklin Twp,OH,43204
502,MURRAY AVE,,Valleyview,OH,43204
717,N HAGUE AVE,,Franklin Twp,OH,43204
839,N HAGUE AVE,,Franklin Twp,OH,43204
3402,FISHER RD,,Franklin Twp,OH,43204
346,N HAGUE AVE,,Valleyview,OH,43204
486,N WARREN AVE,,Valleyview,OH,43204
1705,N HAGUE AVE,,Franklin Twp,OH,43204
2460,DIBBLEE AVE,,Valleyview,OH,43204
4215,ONGARO DR,,Franklin Twp,OH,43204
2669,DIBBLEE AVE,,Valleyview,OH,43204
3290,PONDEROSA DR,,Franklin Twp,OH,43204
495,N HAGUE AVE,,Valleyview,OH,43204
2726,DIBBLEE AVE,,Valleyview,OH,43204
500,ELDON AVE,,Valleyview,OH,43204
2481,DIBBLEE AVE,,Valleyview,OH,43204
3335,DOVER RD,,Franklin Twp,OH,43204
1075,N HAGUE AVE,,Franklin Twp,OH,43204
2622,VALLEYVIEW DR,,Valleyview,OH,43204
2712,VALLEYVIEW DR,,Valleyview,OH,43204
1665,N HAGUE AVE,,Franklin Twp,OH,43204
814,DERRER RD,,Franklin Twp,OH,43204
3717,PLAINVIEW DR,,Franklin Twp,OH,43204
520,N WARREN AVE,,Valleyview,OH,43204
3013,EL PASO DR,,Franklin Twp,OH,43204
4156,ONGARO DR,,Franklin Twp,OH,43204
1077,N HAGUE AVE,,Franklin Twp,OH,43204
700,N HAGUE AVE,,Franklin Twp,OH,43204
3191,EL PASO DR,,Franklin Twp,OH,43204
479,N WARREN AVE,,Valleyview,OH,43204
3238,PONDEROSA DR,,Franklin Twp,OH,43204
640,N WILSON RD,,Franklin Twp,OH,43204
2654,VALLEYVIEW DR,,Valleyview,OH,43204
2596,DIBBLEE AVE,,Valleyview,OH,43204
2864,EL PASO DR,,Franklin Twp,OH,43204
2609,ELLIOTT AVE,,Valleyview,OH,43204
3460,BROOKSIDE BLVD,,Franklin Twp,OH,43204
3630,PLAINVIEW DR,,Franklin Twp,OH,43204
714,N HAGUE AVE,,Franklin Twp,OH,43204
428,N HAGUE AVE,,Valleyview,OH,43204
407,PROSPECT ST,,Franklin Twp,OH,43204
3154,EL PASO DR,,Franklin Twp,OH,43204
720,N HAGUE AVE,,Franklin Twp,OH,43204
1677,N HAGUE AVE,,Franklin Twp,OH,43204
2634,ELLIOTT AVE,,Valleyview,OH,43204
2465,VALLEYVIEW DR,,Valleyview,OH,43204
3403,BROOKSIDE BLVD,,Franklin Twp,OH,43204
3430,TRABUE RD,,Norwich Twp,OH,43204
3154,FISHER RD,,Franklin Twp,OH,43204
2838,LOWELL DR,,Franklin Twp,OH,43204
3455,FISHER RD,,Franklin Twp,OH,43204
2670,DIBBLEE AVE,,Valleyview,OH,43204
2903,EL PASO DR,,Franklin Twp,OH,43204
3419,BROOKSIDE BLVD,,Franklin Twp,OH,43204
480,N HAGUE AVE,,Valleyview,OH,43204
458,N HAGUE AVE,,Valleyview,OH,43204
3128,EL PASO DR,,Franklin Twp,OH,43204
1415,HICKORY RUN DR,,Franklin Twp,OH,43204
3447,BROOKSIDE BLVD,,Franklin Twp,OH,43204
2493,VALLEYVIEW DR,,Valleyview,OH,43204
467,N HARRIS AVE,,Valleyview,OH,43204
2834,DIBBLEE AVE,,Valleyview,OH,43204
370,N EUREKA AVE,,Franklin Twp,OH,43204
3382,DOVER RD,,Franklin Twp,OH,43204
1310,N HAGUE AVE,,Franklin Twp,OH,43204
1551,N HAGUE AVE,,Franklin Twp,OH,43204
842,JOYFUL ST,,Franklin Twp,OH,43204
449,N HIGHLAND AVE,,Franklin Twp,OH,43204
1410,N HAGUE AVE,,Franklin Twp,OH,43204
2594,VALLEYVIEW DR,,Valleyview,OH,43204
2339,LENORE AVE,,Franklin Twp,OH,43204
3500,TRABUE RD,,Norwich Twp,OH,43204
3181,PONDEROSA DR,,Franklin Twp,OH,43204
1428,WHITE ASH DR,,Franklin Twp,OH,43204
810,N HAGUE AVE,,Franklin Twp,OH,43204
514,MURRAY AVE,,Valleyview,OH,43204
4265,TRABUE RD,,Franklin Twp,OH,43204
2513,VALLEYVIEW DR,,Valleyview,OH,43204
1499,N HAGUE AVE,,Franklin Twp,OH,43204
3400,FISHER RD,,Franklin Twp,OH,43204
3138,FISHER RD,,Franklin Twp,OH,43204
1480,N HAGUE AVE,,Franklin Twp,OH,43204
3250,PONDEROSA DR,,Franklin Twp,OH,43204
465,MURRAY AVE,,Valleyview,OH,43204
508,N POWELL AVE,,Valleyview,OH,43204
4187,ONGARO DR,,Franklin Twp,OH,43204
2888,EL PASO DR,,Franklin Twp,OH,43204
3128,FISHER RD,,Franklin Twp,OH,43204
3146,EL PASO DR,,Franklin Twp,OH,43204
3564,DOVER RD,,Franklin Twp,OH,43204
4326,OAKVIEW DR,,Franklin Twp,OH,43204
2904,EL PASO DR,,Franklin Twp,OH,43204
473,N WARREN AVE,,Valleyview,OH,43204
457,N EUREKA AVE,,Franklin Twp,OH,43204
3323,FISHER RD,,Franklin Twp,OH,43204
590,N WILSON RD,,Franklin Twp,OH,43204
1565,N HAGUE AVE,,Franklin Twp,OH,43204
2353,LENORE AVE,,Franklin Twp,OH,43204
745,NIXON DR,,Franklin Twp,OH,43204
3166,FISHER RD,,Franklin Twp,OH,43204
2730,ELLIOTT AVE,,Valleyview,OH,43204
3422,DOVER RD,,Franklin Twp,OH,43204
3481,EL PASO DR,,Franklin Twp,OH,43204
3686,PLAINVIEW DR,,Franklin Twp,OH,43204
2721,ELLIOTT AVE,,Valleyview,OH,43204
475,MURRAY AVE,,Valleyview,OH,43204
1513,N HAGUE AVE,,Franklin Twp,OH,43204
2752,DIBBLEE AVE,,Valleyview,OH,43204
3595,PLAINVIEW DR,,Franklin Twp,OH,43204
3321,LOWELL DR,,Franklin Twp,OH,43204
2872,EL PASO DR,,Franklin Twp,OH,43204
3523,PLAINVIEW DR,,Franklin Twp,OH,43204
2650,ELLIOTT AVE,,Valleyview,OH,43204
3673,PLAINVIEW DR,,Franklin Twp,OH,43204
2845,LOWELL DR,,Franklin Twp,OH,43204
2392,VALLEYVIEW DR,,Franklin Twp,OH,43204
3339,FISHER RD,,Franklin Twp,OH,43204
455,ELDON AVE,,Valleyview,OH,43204
3075,EL PASO DR,,Franklin Twp,OH,43204
3255,PONDEROSA DR,,Franklin Twp,OH,43204
491,MURRAY AVE,,Valleyview,OH,43204
1544,N HAGUE AVE,,Franklin Twp,OH,43204
3455,EL PASO DR,,Franklin Twp,OH,43204
479,N HAGUE AVE,,Valleyview,OH,43204
405,N EUREKA AVE,,Franklin Twp,OH,43204
449,ELDON AVE,,Valleyview,OH,43204
1122,N HAGUE AVE,,Franklin Twp,OH,43204
3365,FISHER RD,,Franklin Twp,OH,43204
3458,LOWELL DR,,Franklin Twp,OH,43204
2813,ELLIOTT AVE,,Valleyview,OH,43204
445,HIGHLAND AVE,,Franklin Twp,OH,43204
840,DERRER RD,,Franklin Twp,OH,43204
1406,N HAGUE AVE,,Franklin Twp,OH,43204
4321,WHITE ASH DR,,Franklin Twp,OH,43204
4125,ONGARO DR,,Franklin Twp,OH,43204
729,N HAGUE AVE,,Franklin Twp,OH,43204
523,ELDON AVE,,Valleyview,OH,43204
510,PROSPECT ST,,Franklin Twp,OH,43204
1425,WHITE ASH DR,,Franklin Twp,OH,43204
3400,LOWELL DR,,Franklin Twp,OH,43204
3135,FISHER RD,,Franklin Twp,OH,43204
1388,WHITE ASH DR,,Franklin Twp,OH,43204
2880,FISHER RD,,Franklin Twp,OH,43204
3313,DOVER RD,,Franklin Twp,OH,43204
1090,N HAGUE AVE,,Franklin Twp,OH,43204
480,N WARREN AVE,,Valleyview,OH,43204
505,N HAGUE AVE,,Valleyview,OH,43204
1789,N HAGUE AVE,,Franklin Twp,OH,43204
1648,N WILSON RD,,Franklin Twp,OH,43204
2584,ELLIOTT AVE,,Valleyview,OH,43204
2678,DIBBLEE AVE,,Valleyview,OH,43204
3010,EL PASO DR,,Franklin Twp,OH,43204
3686,BRITTON AVE,,Franklin Twp,OH,43204
4161,ONGARO DR,,Franklin Twp,OH,43204
468,N POWELL AVE,,Valleyview,OH,43204
809,JOYFUL ST,,Franklin Twp,OH,43204
3616,EDSON DR,,Franklin Twp,OH,43204
3566,BRIGGS RD,,Franklin Twp,OH,43204
2688,ELLIOTT AVE,,Valleyview,OH,43204
885,DERRER RD,,Franklin Twp,OH,43204
2834,EL PASO DR,,Franklin Twp,OH,43204
468,MURRAY AVE,,Valleyview,OH,43204
1673,N HAGUE AVE,,Franklin Twp,OH,43204
863,DERRER RD,,Franklin Twp,OH,43204
3350,DOVER RD,,Franklin Twp,OH,43204
3585,BROOKSIDE BLVD,,Franklin Twp,OH,43204
2704,DIBBLEE AVE,,Valleyview,OH,43204
3530,DOVER RD,,Franklin Twp,OH,43204
2678,VALLEYVIEW DR,,Valleyview,OH,43204
1400,N HAGUE AVE,,Franklin Twp,OH,43204
480,N EUREKA AVE,,Franklin Twp,OH,43204
1581,HICKORY RUN DR,,Franklin Twp,OH,43204
3242,FISHER RD,,Franklin Twp,OH,43204
2483,VALLEYVIEW DR,,Valleyview,OH,43204
3232,PONDEROSA DR,,Franklin Twp,OH,43204
1552,HICKORY RUN DR,,Franklin Twp,OH,43204
2758,DIBBLEE AVE,,Valleyview,OH,43204
672,N HAGUE AVE,,Franklin Twp,OH,43204
2523,VALLEYVIEW DR,,Valleyview,OH,43204
2595,ELLIOTT AVE,,Valleyview,OH,43204
2445,VALLEYVIEW DR,,Valleyview,OH,43204
3175,CHEROKEE ST,,Franklin Twp,OH,43204
3277,EL PASO DR,,Franklin Twp,OH,43204
2856,EL PASO DR,,Franklin Twp,OH,43204
2749,ELLIOTT AVE,,Valleyview,OH,43204
3554,DOVER RD,,Franklin Twp,OH,43204
2709,ELLIOTT AVE,,Valleyview,OH,43204
3366,LOWELL DR,,Franklin Twp,OH,43204
3345,FISHER RD,,Franklin Twp,OH,43204
499,N WARREN AVE,,Valleyview,OH,43204
3201,PONDEROSA DR,,Franklin Twp,OH,43204
677,N HAGUE AVE,,Franklin Twp,OH,43204
1465,WHITE ASH DR,,Franklin Twp,OH,43204
3597,PLAINVIEW DR,,Franklin Twp,OH,43204
3360,BROOKSIDE BLVD,,Franklin Twp,OH,43204
3261,FISHER RD,,Franklin Twp,OH,43204
537,N HAGUE AVE,,Valleyview,OH,43204
3555,TRABUE RD,,Franklin Twp,OH,43204
907,JOSEPHINE AVE,,Franklin Twp,OH,43204
3503,TRABUE RD,,Franklin Twp,OH,43204
1484,POPLAR DR,,Franklin Twp,OH,43204
3383,BROOKSIDE BLVD,,Franklin Twp,OH,43204
3203,EL PASO DR,,Franklin Twp,OH,43204
474,N HAGUE AVE,,Valleyview,OH,43204
486,PROSPECT ST,,Franklin Twp,OH,43204
2687,ELLIOTT AVE,,Valleyview,OH,43204
3481,BROOKSIDE BLVD,,Franklin Twp,OH,43204
507,N EUREKA AVE,,Franklin Twp,OH,43204
528,N HAGUE AVE,,Valleyview,OH,43204
472,N WARREN AVE,,Valleyview,OH,43204
3281,PONDEROSA DR,,Franklin Twp,OH,43204
1412,N HAGUE AVE,,Franklin Twp,OH,43204
2589,ELLIOTT AVE,,Valleyview,OH,43204
3350,FISHER RD,,Franklin Twp,OH,43204
3245,FISHER RD,,Franklin Twp,OH,43204
500,N WARREN AVE,,Valleyview,OH,43204
1570,N HAGUE AVE,,Franklin Twp,OH,43204
3258,PONDEROSA DR,,Franklin Twp,OH,43204
3156,FISHER RD,,Franklin Twp,OH,43204
781,DERRER RD,,Franklin Twp,OH,43204
773,JOSEPHINE AVE,,Franklin Twp,OH,43204
829,DERRER RD,,Franklin Twp,OH,43204
789,JOSEPHINE AVE,,Franklin Twp,OH,43204
664,N WILSON RD,,Franklin Twp,OH,43204
3543,EL PASO DR,,Franklin Twp,OH,43204
3445,EL PASO DR,,Franklin Twp,OH,43204
3375,FISHER RD,,Franklin Twp,OH,43204
3474,VANDERBERG AVE,,Franklin Twp,OH,43204
3544,VANDERBERG AVE,,Franklin Twp,OH,43204
3566,BROOKSIDE BLVD,,Franklin Twp,OH,43204
3270,DOVER RD,,Franklin Twp,OH,43204
4248,ONGARO DR,,Franklin Twp,OH,43204
895,DERRER RD,,Franklin Twp,OH,43204
3504,BRIGGS RD,,Franklin Twp,OH,43204
887,DERRER RD,,Franklin Twp,OH,43204
2891,LOWELL DR,,Franklin Twp,OH,43204
786,JOYFUL ST,,Franklin Twp,OH,43204
452,ELDON AVE,,Valleyview,OH,43204
1076,N HAGUE AVE,,Franklin Twp,OH,43204
3513,PLAINVIEW DR,,Franklin Twp,OH,43204
1390,N HAGUE AVE,,Franklin Twp,OH,43204
3411,BROOKSIDE BLVD,,Franklin Twp,OH,43204
3475,TRABUE RD,,Columbus,OH,43204
3020,FISHER RD,,Franklin Twp,OH,43204
491,N WARREN AVE,,Valleyview,OH,43204
2688,DIBBLEE AVE,,Valleyview,OH,43204
3535,GLORIOUS RD,,Franklin Twp,OH,43204
3329,DOVER RD,,Franklin Twp,OH,43204
4143,ONGARO DR,,Columbus,OH,43204
3620,BRITTON AVE,,Franklin Twp,OH,43204
837,DEMOREST RD,,Franklin Twp,OH,43204
902,DERRER RD,,Franklin Twp,OH,43204
1155,N HAGUE AVE,,Franklin Twp,OH,43204
3488,VANDERBERG AVE,,Franklin Twp,OH,43204
1553,HICKORY RUN DR,,Franklin Twp,OH,43204
484,ELDON AVE,,Valleyview,OH,43204
3580,BROOKSIDE BLVD,,Franklin Twp,OH,43204
3590,BROOKSIDE BLVD,,Franklin Twp,OH,43204
3523,BROOKSIDE BLVD,,Franklin Twp,OH,43204
2744,VALLEYVIEW DR,,Valleyview,OH,43204
3406,FISHER RD,,Franklin Twp,OH,43204
2826,DIBBLEE AVE,,Valleyview,OH,43204
1166,N WILSON RD,,Franklin Twp,OH,43204
3300,EL PASO DR,,Franklin Twp,OH,43204
2616,VALLEYVIEW DR,,Valleyview,OH,43204
3287,FISHER RD,,Franklin Twp,OH,43204
1753,HAGUE AVE,,Franklin Twp,OH,43204
469,MURRAY AVE,,Valleyview,OH,43204
2465,DIBBLEE AVE,,Valleyview,OH,43204
456,N POWELL AVE,,Valleyview,OH,43204
470,N EUREKA AVE,APT C,Franklin Twp,OH,43204
437,PROSPECT ST,,Franklin Twp,OH,43204
3470,LOWELL DR,,Franklin Twp,OH,43204
2840,DIBBLEE AVE,,Valleyview,OH,43204
2846,DIBBLEE AVE,,Valleyview,OH,43204
923,DERRER RD,,Franklin Twp,OH,43204
1600,N HAGUE AVE,,Franklin Twp,OH,43204
901,DERRER RD,,Franklin Twp,OH,43204
1072,DEMOREST RD,,Franklin Twp,OH,43204
903,DERRER RD,,Franklin Twp,OH,43204
787,DEMOREST RD,,Franklin Twp,OH,43204
3688,PLAINVIEW DR,,Franklin Twp,OH,43204
2859,LOWELL DR,,Franklin Twp,OH,43204
534,HAGUE AVE,,Valleyview,OH,43204
3698,PLAINVIEW DR,,Franklin Twp,OH,43204
3626,PLAINVIEW DR,,Franklin Twp,OH,43204
3350,BROOKSIDE BLVD,,Franklin Twp,OH,43204
1420,HICKORY RUN DR,,Franklin Twp,OH,43204
3528,VANDERBERG AVE,,Franklin Twp,OH,43204
1600,N HAGUE AVE,,Franklin Twp,OH,43204
785,JOYFUL ST,,Franklin Twp,OH,43204
3430,FISHER RD,,Franklin Twp,OH,43204
2665,VALLEYVIEW DR,,Valleyview,OH,43204
494,ELDON AVE,,Valleyview,OH,43204
3534,BROOKSIDE BLVD,,Franklin Twp,OH,43204
1744,N HAGUE AVE,,Franklin Twp,OH,43204
694,N HAGUE AVE,,Franklin Twp,OH,43204
494,N HAGUE AVE,,Valleyview,OH,43204
3278,PONDEROSA DR,,Franklin Twp,OH,43204
2618,DIBBLEE AVE,,Valleyview,OH,43204
2474,VALLEYVIEW DR,,Valleyview,OH,43204
3169,EL PASO DR,,Franklin Twp,OH,43204
3410,FISHER RD,,Franklin Twp,OH,43204
3459,TRABUE RD,,Columbus,OH,43204
494,N POWELL AVE,,Valleyview,OH,43204
2742,DIBBLEE AVE,,Valleyview,OH,43204
2722,VALLEYVIEW DR,,Valleyview,OH,43204
458,ELDON AVE,,Valleyview,OH,43204
2477,VALLEYVIEW DR,,Valleyview,OH,43204
2596,ELLIOTT AVE,,Valleyview,OH,43204
1820,N HAGUE AVE,,Franklin Twp,OH,43204
1766,N HAGUE AVE,,Franklin Twp,OH,43204
3483,GLORIOUS RD,,Franklin Twp,OH,43204
3420,FISHER RD,,Franklin Twp,OH,43204
545,N HAGUE AVE,,Valleyview,OH,43204
797,DEMOREST RD,,Franklin Twp,OH,43204
918,DERRER RD,,Franklin Twp,OH,43204
856,DERRER RD,,Franklin Twp,OH,43204
3280,FISHER RD,,Franklin Twp,OH,43204
861,DERRER RD,,Franklin Twp,OH,43204
3284,DOVER RD,,Franklin Twp,OH,43204
3570,DOVER RD,,Franklin Twp,OH,43204
2899,LOWELL DR,,Franklin Twp,OH,43204
3451,BROOKSIDE BLVD,,Franklin Twp,OH,43204
2875,LOWELL DR,,Franklin Twp,OH,43204
3450,BROOKSIDE BLVD,,Franklin Twp,OH,43204
1441,HICKORY RUN DR,,Franklin Twp,OH,43204
825,JOYFUL ST,,Franklin Twp,OH,43204
843,DEMOREST RD,,Franklin Twp,OH,43204
892,JOSEPHINE AVE,,Franklin Twp,OH,43204
829,DEMOREST RD,,Franklin Twp,OH,43204
862,DERRER RD,,Franklin Twp,OH,43204
488,N HAGUE AVE,,Valleyview,OH,43204
519,N WARREN AVE,,Valleyview,OH,43204
2883,EL PASO DR,,Franklin Twp,OH,43204
3360,LOWELL DR,,Franklin Twp,OH,43204
0,BROOKSIDE BLVD,,Franklin Twp,OH,43204
2661,DIBBLEE AVE,,Valleyview,OH,43204
3423,FISHER RD,,Franklin Twp,OH,43204
400,N EUREKA AVE,,Franklin Twp,OH,43204
3245,EL PASO DR,,Franklin Twp,OH,43204
301,N WILSON RD,,Franklin Twp,OH,43204
2736,ELLIOTT AVE,,Valleyview,OH,43204
2661,ELLIOTT AVE,,Valleyview,OH,43204
475,N EUREKA AVE,,Franklin Twp,OH,43204
2466,DIBBLEE AVE,,Valleyview,OH,43204
1528,N HAGUE AVE,,Franklin Twp,OH,43204
3434,LOWELL DR,,Franklin Twp,OH,43204
443,ELDON AVE,,Valleyview,OH,43204
2602,DIBBLEE AVE,,Valleyview,OH,43204
3264,FISHER RD,,Franklin Twp,OH,43204
1000,DEMOREST RD,,Franklin Twp,OH,43204
841,JOYFUL ST,,Franklin Twp,OH,43204
3355,FISHER RD,,Franklin Twp,OH,43204
3079,FISHER RD,,Franklin Twp,OH,43204
1470,N HAGUE AVE,,Franklin Twp,OH,43204
3519,GLORIOUS RD,,Franklin Twp,OH,43204
1106,DEMOREST RD,,Franklin Twp,OH,43204
878,JOSEPHINE AVE,,Franklin Twp,OH,43204
781,JOSEPHINE AVE,,Franklin Twp,OH,43204
3273,BROOKSIDE BLVD,,Franklin Twp,OH,43204
744,JOSEPHINE AVE,,Franklin Twp,OH,43204
456,MURRAY AVE,,Valleyview,OH,43204
3574,BRIGGS RD,,Franklin Twp,OH,43204
3689,PLAINVIEW DR,,Franklin Twp,OH,43204
2883,LOWELL DR,,Franklin Twp,OH,43204
527,N HAGUE AVE,,Valleyview,OH,43204
4138,ONGARO DR,,Franklin Twp,OH,43204
479,N EUREKA AVE,,Franklin Twp,OH,43204
3730,PLAINVIEW DR,,Franklin Twp,OH,43204
2701,ELLIOTT AVE,,Valleyview,OH,43204
473,N EUREKA AVE,,Franklin Twp,OH,43204
508,N EUREKA AVE,,Franklin Twp,OH,43204
1783,N HAGUE AVE,,Franklin Twp,OH,43204
685,N HAGUE AVE,,Franklin Twp,OH,43204
527,N BURGESS AVE,,Valleyview,OH,43204
3614,EDSON DR,,Franklin Twp,OH,43204
3447,DOVER RD,,Franklin Twp,OH,43204
3247,BROOKSIDE BLVD,,Franklin Twp,OH,43204
4280,ONGARO DR,,Franklin Twp,OH,43204
3416,LOWELL DR,,Franklin Twp,OH,43204
2329,VALLEYVIEW DR,,Franklin Twp,OH,43204
370,EUREKA AVE,,Franklin Twp,OH,43204
794,JOYFUL ST,,Franklin Twp,OH,43204
1636,W ONGARO DR W,,Franklin Twp,OH,43204
311,N HAGUE AVE,,Valleyview,OH,43204
3585,DOVER RD,,Franklin Twp,OH,43204
3500,FISHER RD,,Franklin Twp,OH,43204
520,HARRIS AVE,,Franklin Twp,OH,43204
693,N HAGUE AVE,,Franklin Twp,OH,43204
471,HAGUE AVE,,Franklin Twp,OH,43204
1591,W ONGARO DR W,,Franklin Twp,OH,43204
1588,W ONGARO DR W,,Franklin Twp,OH,43204
1605,W ONGARO DR W,,Franklin Twp,OH,43204
1600,W ONGARO DR W,,Franklin Twp,OH,43204
3601,PLAINVIEW DR,,Franklin Twp,OH,43204
3567,TRABUE RD,,Franklin Twp,OH,43204
3461,DOVER RD,,Franklin Twp,OH,43204
508,MURRAY AVE,,Valleyview,OH,43204
3506,PLAINVIEW DR,,Franklin Twp,OH,43204
498,MURRAY AVE,,Valleyview,OH,43204
3391,FISHER RD,,Franklin Twp,OH,43204
3275,FISHER RD,,Franklin Twp,OH,43204
3645,PLAINVIEW DR,,Franklin Twp,OH,43204
489,ELDON AVE,,Valleyview,OH,43204
3148,FISHER RD,,Franklin Twp,OH,43204
1364,N HAGUE AVE,,Franklin Twp,OH,43204
790,DERRER RD,,Franklin Twp,OH,43204
837,JOSEPHINE AVE,,Franklin Twp,OH,43204
801,JOYFUL ST,,Franklin Twp,OH,43204
832,DERRER RD,,Franklin Twp,OH,43204
913,DERRER RD,,Franklin Twp,OH,43204
2830,LOWELL DR,,Franklin Twp,OH,43204
3065,EL PASO DR,,Franklin Twp,OH,43204
1240,GLADSTONE AVE,,Franklin Twp,OH,43204
3351,DOVER RD,,Franklin Twp,OH,43204
1810,N HAGUE AVE,,Franklin Twp,OH,43204
2870,LOWELL DR,,Franklin Twp,OH,43204
3330,DOVER RD,,Franklin Twp,OH,43204
3695,BRITTON AVE,,Franklin Twp,OH,43204
3440,DOVER RD,,Franklin Twp,OH,43204
3188,FISHER RD,,Franklin Twp,OH,43204
2913,EL PASO DR,,Franklin Twp,OH,43204
2655,ELLIOTT AVE,,Valleyview,OH,43204
2644,ELLIOTT AVE,,Valleyview,OH,43204
3415,DOVER RD,,Franklin Twp,OH,43204
3023,EL PASO DR,,Franklin Twp,OH,43204
1412,HICKORY RUN DR,,Franklin Twp,OH,43204
120,N HAGUE AVE,,Franklin Twp,OH,43204
500,N HAGUE AVE,,Valleyview,OH,43204
2702,ELLIOTT AVE,,Valleyview,OH,43204
2496,VALLEYVIEW DR,,Valleyview,OH,43204
3447,LOWELL DR,,Franklin Twp,OH,43204
3675,BRITTON AVE,,Franklin Twp,OH,43204
3247,DOVER RD,,Franklin Twp,OH,43204
462,MURRAY AVE,,Valleyview,OH,43204
427,N HAGUE AVE,,Valleyview,OH,43204
530,N BURGESS AVE,,Valleyview,OH,43204
1034,N HAGUE AVE,,Franklin Twp,OH,43204
3621,BRITTON AVE,,Franklin Twp,OH,43204
1585,WILSON RD,,Franklin Twp,OH,43204
3415,LOWELL DR,,Franklin Twp,OH,43204
1306,N HAGUE AVE,,Franklin Twp,OH,43204
2905,LOWELL DR,,Franklin Twp,OH,43204
1400,WHITE ASH DR,,Franklin Twp,OH,43204
3431,LOWELL DR,,Franklin Twp,OH,43204
3653,PLAINVIEW DR,,Franklin Twp,OH,43204
3631,BRITTON AVE,,Franklin Twp,OH,43204
3558,BROOKSIDE BLVD,,Franklin Twp,OH,43204
3548,PLAINVIEW DR,,Franklin Twp,OH,43204
3267,EL PASO DR,,Franklin Twp,OH,43204
511,N WARREN AVE,,Valleyview,OH,43204
510,ELDON AVE,,Valleyview,OH,43204
2624,DIBBLEE AVE,,Valleyview,OH,43204
2710,DIBBLEE AVE,,Valleyview,OH,43204
493,N HARRIS AVE,,Valleyview,OH,43204
1026,N HAGUE AVE,,Franklin Twp,OH,43204
462,N POWELL AVE,,Valleyview,OH,43204
850,JOYFUL ST,,Franklin Twp,OH,43204
2684,DIBBLEE AVE,,Valleyview,OH,43204
1580,N HAGUE AVE,,Franklin Twp,OH,43204
478,ELDON AVE,,Valleyview,OH,43204
515,N HAGUE AVE,,Valleyview,OH,43204
891,DEMOREST RD,,Franklin Twp,OH,43204
923,DEMOREST RD,,Franklin Twp,OH,43204
3512,BRIGGS RD,,Franklin Twp,OH,43204
802,JOYFUL ST,,Franklin Twp,OH,43204
915,JOSEPHINE AVE,,Franklin Twp,OH,43204
890,JOYFUL ST,,Franklin Twp,OH,43204
1068,DEMOREST RD,,Franklin Twp,OH,43204
2844,DIBBLEE AVE,,Valleyview,OH,43204
882,JOYFUL ST,,Franklin Twp,OH,43204
3599,PLAINVIEW DR,,Franklin Twp,OH,43204
2808,ELLIOTT AVE,,Valleyview,OH,43204
3420,BROOKSIDE BLVD,,Franklin Twp,OH,43204
3586,BROOKSIDE BLVD,,Franklin Twp,OH,43204
1515,WILSON RD,,Franklin Twp,OH,43204
411,RICHARDSON AVE,,Valleyview,OH,43204
912,DERRER RD,,Franklin Twp,OH,43204
3399,BRIGGS RD,,Franklin Twp,OH,43204
761,DEMOREST RD,,Franklin Twp,OH,43204
782,DERRER RD,,Franklin Twp,OH,43204
1107,N HAGUE AVE,,Franklin Twp,OH,43204
2829,LOWELL DR,,Franklin Twp,OH,43204
1091,N HAGUE AVE,,Franklin Twp,OH,43204
2480,DIBBLEE AVE,,Valleyview,OH,43204
4266,ONGARO DR,,Franklin Twp,OH,43204
3296,DOVER RD,,Franklin Twp,OH,43204
2669,ELLIOTT AVE,,Valleyview,OH,43204
467,N WARREN AVE,,Valleyview,OH,43204
906,JOYFUL ST,,Franklin Twp,OH,43204
779,DEMOREST RD,,Franklin Twp,OH,43204
3489,GLORIOUS RD,,Franklin Twp,OH,43204
893,DERRER RD,,Franklin Twp,OH,43204
479,MURRAY AVE,,Valleyview,OH,43204
485,N WARREN AVE,,Valleyview,OH,43204
883,DEMOREST RD,,Franklin Twp,OH,43204
782,JOSEPHINE AVE,,Franklin Twp,OH,43204
1635,N HAGUE AVE,,Franklin Twp,OH,43204
3504,VANDERBERG AVE,,Franklin Twp,OH,43204
893,JOSEPHINE AVE,,Franklin Twp,OH,43204
814,JOSEPHINE AVE,,Franklin Twp,OH,43204
774,JOSEPHINE AVE,,Franklin Twp,OH,43204
3309,BROOKSIDE BLVD,,Franklin Twp,OH,43204
3519,PLAINVIEW DR,,Franklin Twp,OH,43204
854,JOSEPHINE AVE,,Franklin Twp,OH,43204
2884,LOWELL DR,,Franklin Twp,OH,43204
1655,N HAGUE AVE,,Franklin Twp,OH,43204
492,N EUREKA AVE,,Franklin Twp,OH,43204
3303,BRIGGS RD,,Franklin Twp,OH,43204
3604,BRIGGS RD,,Franklin Twp,OH,43204
3289,BROOKSIDE BLVD,,Franklin Twp,OH,43204
2630,ELLIOTT AVE,,Valleyview,OH,43204
3700,BRITTON AVE,,Franklin Twp,OH,43204
2800,VALLEYVIEW DR,,Valleyview,OH,43204
3309,FISHER RD,,Franklin Twp,OH,43204
866,JOYFUL ST,,Franklin Twp,OH,43204
3512,VANDERBERG AVE,,Franklin Twp,OH,43204
830,JOSEPHINE AVE,,Franklin Twp,OH,43204
878,DERRER RD,,Franklin Twp,OH,43204
2347,VALLEYVIEW DR,,Franklin Twp,OH,43204
514,N HARRIS AVE,,Valleyview,OH,43204
2540,DIBBLEE AVE,,Valleyview,OH,43204
2658,DIBBLEE AVE,,Valleyview,OH,43204
3405,FISHER RD,,Franklin Twp,OH,43204
3667,BRITTON AVE,,Franklin Twp,OH,43204
3332,FISHER RD,,Franklin Twp,OH,43204
1800,N HAGUE AVE,,Franklin Twp,OH,43204
3206,EL PASO DR,,Franklin Twp,OH,43204
3400,DOVER RD,,Franklin Twp,OH,43204
2344,LENORE AVE,,Franklin Twp,OH,43204
2534,DIBBLEE AVE,,Valleyview,OH,43204
3233,PONDEROSA DR,,Franklin Twp,OH,43204
3241,PONDEROSA DR,,Franklin Twp,OH,43204
1085,N HAGUE AVE,,Franklin Twp,OH,43204
3610,PLAINVIEW DR,,Franklin Twp,OH,43204
2480,VALLEYVIEW DR,,Valleyview,OH,43204
845,DERRER RD,,Franklin Twp,OH,43204
886,JOSEPHINE AVE,,Franklin Twp,OH,43204
803,DEMOREST RD,,Franklin Twp,OH,43204
3565,GLORIOUS RD,,Franklin Twp,OH,43204
3520,BRIGGS RD,,Franklin Twp,OH,43204
1427,N HAGUE AVE,,Franklin Twp,OH,43204
3180,FISHER RD,,Franklin Twp,OH,43204
757,JOSEPHINE AVE,,Franklin Twp,OH,43204
3255,BROOKSIDE BLVD,,Franklin Twp,OH,43204
409,PROSPECT ST,,Franklin Twp,OH,43204
2999,EL PASO DR,,Franklin Twp,OH,43204
3180,EL PASO DR,,Franklin Twp,OH,43204
3223,EL PASO DR,,Franklin Twp,OH,43204
463,ELDON AVE,,Valleyview,OH,43204
2889,EL PASO DR,,Franklin Twp,OH,43204
2753,ELLIOTT AVE,,Valleyview,OH,43204
3551,GLORIOUS RD,,Franklin Twp,OH,43204
901,JOYFUL ST,,Franklin Twp,OH,43204
3497,GLORIOUS RD,,Franklin Twp,OH,43204
805,JOSEPHINE AVE,,Franklin Twp,OH,43204
1045,N HAGUE AVE,,Franklin Twp,OH,43204
3255,EL PASO DR,,Franklin Twp,OH,43204
342,N HAGUE AVE,,Valleyview,OH,43204
2655,DIBBLEE AVE,,Valleyview,OH,43204
514,N HAGUE AVE,,Valleyview,OH,43204
471,ELDON AVE,,Valleyview,OH,43204
489,N HARRIS AVE,,Valleyview,OH,43204
3499,W BROAD ST,,Franklin Twp,OH,43204
3469,BROOKSIDE BLVD,,Franklin Twp,OH,43204
1486,HICKORY RUN DR,,Franklin Twp,OH,43204
1470,WHITE ASH DR,,Franklin Twp,OH,43204
1410,WHITE ASH DR,,Franklin Twp,OH,43204
3265,DOVER RD,,Franklin Twp,OH,43204
2863,EL PASO DR,,Franklin Twp,OH,43204
833,JOYFUL ST,,Franklin Twp,OH,43204
1450,WHITE ASH DR,,Franklin Twp,OH,43204
4318,OAKVIEW DR,,Franklin Twp,OH,43204
3591,BROOKSIDE BLVD,,Franklin Twp,OH,43204
770,JOYFUL ST,,Franklin Twp,OH,43204
857,JOYFUL ST,,Franklin Twp,OH,43204
4310,OAKVIEW DR,,Franklin Twp,OH,43204
726,N HAGUE AVE,,Franklin Twp,OH,43204
3557,GLORIOUS RD,,Franklin Twp,OH,43204
3166,EL PASO DR,,Franklin Twp,OH,43204
3080,EL PASO DR,,Franklin Twp,OH,43204
600,N WILSON RD,,Franklin Twp,OH,43204
3471,LOWELL DR,,Franklin Twp,OH,43204
2503,VALLEYVIEW DR,,Valleyview,OH,43204
2704,VALLEYVIEW DR,,Valleyview,OH,43204
2675,VALLEYVIEW DR,,Valleyview,OH,43204
303,N WILSON RD,,Franklin Twp,OH,43204
3189,FISHER RD,,Franklin Twp,OH,43204
479,N HARRIS AVE,,Valleyview,OH,43204
2738,DIBBLEE AVE,,Valleyview,OH,43204
3147,FISHER RD,,Franklin Twp,OH,43204
733,JOSEPHINE AVE,,Franklin Twp,OH,43204
457,N HARRIS AVE,,Valleyview,OH,43204
485,MURRAY AVE,,Valleyview,OH,43204
506,N WARREN AVE,,Valleyview,OH,43204
1600,N HAGUE AVE,,Franklin Twp,OH,43204
3165,FISHER RD,,Franklin Twp,OH,43204
2716,DIBBLEE AVE,,Valleyview,OH,43204
1060,N HAGUE AVE,,Franklin Twp,OH,43204
885,JOSEPHINE AVE,,Franklin Twp,OH,43204
3534,BRIGGS RD,,Franklin Twp,OH,43204
901,JOSEPHINE AVE,,Franklin Twp,OH,43204
800,DERRER RD,,Franklin Twp,OH,43204
1611,N HAGUE AVE,,Franklin Twp,OH,43204
826,JOYFUL ST,,Franklin Twp,OH,43204
3558,BRIGGS RD,,Franklin Twp,OH,43204
797,DERRER RD,,Franklin Twp,OH,43204
3580,BRIGGS RD,,Franklin Twp,OH,43204
3482,VANDERBERG AVE,,Franklin Twp,OH,43204
910,DERRER RD,,Franklin Twp,OH,43204
3458,VANDERBERG AVE,,Franklin Twp,OH,43204
799,DERRER RD,,Franklin Twp,OH,43204
2836,DIBBLEE AVE,,Valleyview,OH,43204
916,DERRER RD,,Franklin Twp,OH,43204
817,JOYFUL ST,,Franklin Twp,OH,43204
914,JOYFUL ST,,Franklin Twp,OH,43204
822,DERRER RD,,Franklin Twp,OH,43204
774,DERRER RD,,Franklin Twp,OH,43204
784,DERRER RD,,Franklin Twp,OH,43204
3257,FISHER RD,,Franklin Twp,OH,43204
3020,FISHER RD,,Franklin Twp,OH,43204
693,N HAGUE AVE,,Franklin Twp,OH,43204
822,JOSEPHINE AVE,,Franklin Twp,OH,43204
520,HARRIS AVE,,Franklin Twp,OH,43204
3500,FISHER RD,,Franklin Twp,OH,43204
834,JOYFUL ST,,Franklin Twp,OH,43204
771,DERRER RD,,Franklin Twp,OH,43204
875,DEMOREST RD,,Franklin Twp,OH,43204
3510,DOVER RD,,Franklin Twp,OH,43204
931,DEMOREST RD,,Franklin Twp,OH,43204
2780,VALLEYVIEW DR,,Valleyview,OH,43204
3527,GLORIOUS RD,,Franklin Twp,OH,43204
4109,ONGARO RD,,Franklin Twp,OH,43204
3438,TRABUE RD,,Norwich Twp,OH,43204
462,N HAGUE AVE,,Valleyview,OH,43204
2649,DIBBLEE AVE,,Valleyview,OH,43204
3547,BROOKSIDE BLVD,,Franklin Twp,OH,43204
3259,DOVER RD,,Franklin Twp,OH,43204
4230,ONGARO DR,,Franklin Twp,OH,43204
880,DERRER RD,,Franklin Twp,OH,43204
499,N HAGUE AVE,,Valleyview,OH,43204
1750,N HAGUE AVE,,Franklin Twp,OH,43204
1154,N WILSON RD,,Franklin Twp,OH,43204
1600,N HAGUE AVE,,Franklin Twp,OH,43204
805,DERRER RD,,Franklin Twp,OH,43204
870,DERRER RD,,Franklin Twp,OH,43204
3367,BRIGGS RD,,Franklin Twp,OH,43204
1048,DEMOREST RD,,Franklin Twp,OH,43204
2375,VALLEYVIEW DR,,Franklin Twp,OH,43204
862,JOSEPHINE AVE,,Franklin Twp,OH,43204
829,JOSEPHINE AVE,,Franklin Twp,OH,43204
471,HAGUE AVE,,Franklin Twp,OH,43204
539,BURGESS AVE,,Franklin Twp,OH,43204
777,JOYFUL ST,,Franklin Twp,OH,43204
821,JOSEPHINE AVE,,Franklin Twp,OH,43204
750,WILLOW BEND LN,,Franklin Twp,OH,43204
3054,EL PASO DR,,Franklin Twp,OH,43204
1534,HICKORY RUN DR,,Franklin Twp,OH,43204
3493,PLAINVIEW DR,,Franklin Twp,OH,43204
4120,ONGARO DR,,Franklin Twp,OH,43204
1070,DEMOREST RD,,Franklin Twp,OH,43204
3536,VANDERBERG AVE,,Franklin Twp,OH,43204
3573,GLORIOUS RD,,Franklin Twp,OH,43204
117,N HAGUE AVE,,Franklin Twp,OH,43204
494,N WARREN AVE,,Valleyview,OH,43204
3687,PLAINVIEW DR,,Franklin Twp,OH,43204
3353,BRIGGS RD,,Franklin Twp,OH,43204
853,JOSEPHINE AVE,,Franklin Twp,OH,43204
533,N BURGESS AVE,,Valleyview,OH,43204
4269,ONGARO DR,,Franklin Twp,OH,43204
1782,N HAGUE AVE,,Franklin Twp,OH,43204
777,WILLOW BEND LN,,Franklin Twp,OH,43204
3216,PONDEROSA DR,,Franklin Twp,OH,43204
2685,VALLEYVIEW DR,,Valleyview,OH,43204
2819,ELLIOTT AVE,,Valleyview,OH,43204
2700,DIBBLEE AVE,,Valleyview,OH,43204
539,BURGESS AVE,,Franklin Twp,OH,43204
1567,W ONGARO DR W,,Franklin Twp,OH,43204
794,JOYFUL ST,,Franklin Twp,OH,43204
3363,BRIGGS RD,,Franklin Twp,OH,43204
309,DERRER RD,,Columbus,OH,43204
325,DERRER RD,,Columbus,OH,43204
311,DERRER RD,,Columbus,OH,43204
335,DERRER RD,,Columbus,OH,43204
315,DERRER RD,,Columbus,OH,43204
305,DERRER RD,,Columbus,OH,43204
303,DERRER RD,,Columbus,OH,43204
568,N WILSON RD,,Columbus,OH,43204
3470,WICKLOW RD,,Columbus,OH,43204
568,N WILSON RD,,Columbus,OH,43204
341,DERRER RD,,Columbus,OH,43204
3475,FREMONT ST,,Columbus,OH,43204
3432,TRABUE RD,,Columbus,OH,43204
3288,MIRIAM DR S,,Columbus,OH,43204
568,N WILSON RD,,Columbus,OH,43204
297,DERRER RD,,Columbus,OH,43204
1312,RIVIERA CT,UNIT F,Columbus,OH,43204
111,DERRER ESTATES PL,,Columbus,OH,43204
626,CHESTERSHIRE RD,,Columbus,OH,43204
1387,CARTER CT,,Columbus,OH,43204
2740,MARBLEVISTA BLVD,,Columbus,OH,43204
3040,CRESCENT DR,,Columbus,OH,43204
100,N HURON AVE,,Columbus,OH,43204
107,S POWELL AVE,,Columbus,OH,43204
2825,BRIGGSTON AVE,,Columbus,OH,43204
3899,BASIA DR,,Columbus,OH,43204
313,JOSEPHINE AVE,,Columbus,OH,43204
3378,SULLIVANT AVE,,Columbus,OH,43204
686,WESTBROOK CT,,Columbus,OH,43204
239,DEMOREST AVE,,Columbus,OH,43204
811,KINGSFORD RD,UNIT B,Columbus,OH,43204
2525,QUARRY VALLEY RD,,Columbus,OH,43204
1976,MARBLE CLIFF CROSSING CT,,Columbus,OH,43204
3452,DERRER FIELD DR,,Columbus,OH,43204
1437,CLIFF CT,B,Columbus,OH,43204
3944,FARM BROOK LN,,Columbus,OH,43204
617,RACINE AVE,,Columbus,OH,43204
261,N WAYNE AVE,,Columbus,OH,43204
2880,ABBOTS COVE BLVD,,Columbus,OH,43204
279,S CHASE AVE,,Columbus,OH,43204
149,S WHEATLAND AVE,,Columbus,OH,43204
665,DERRER RD,,Columbus,OH,43204
2975,W BROAD ST,,Columbus,OH,43204
1162,VERA PL,,Columbus,OH,43204
487,DEMOREST AVE,,Columbus,OH,43204
2920,LA VISTA DR,C,Columbus,OH,43204
2925,PALMETTO ST,,Columbus,OH,43204
2190,QUARRY VALLEY RD,,Columbus,OH,43204
133,S WESTMOOR AVE,,Columbus,OH,43204
94,S HARRIS AVE,,Columbus,OH,43204
905,MARK PL,,Columbus,OH,43204
2593,MARBLEVISTA BLVD,,Columbus,OH,43204
262,N HAGUE AVE,,Columbus,OH,43204
107,N ROYS AVE,,Columbus,OH,43204
3434,SULLIVANT AVE,,Columbus,OH,43204
371,S EUREKA AVE,,Columbus,OH,43204
259,N OGDEN AVE,,Columbus,OH,43204
1022,HARDESTY PL W,,Columbus,OH,43204
2469,SPAATZ AVE,,Columbus,OH,43204
130,S ROYS AVE,,Columbus,OH,43204
1394,RESTWOOD CT,,Columbus,OH,43204
3980,DEER LAKE WAY,,Columbus,OH,43204
890,S ROYS AVE,,Columbus,OH,43204
951,MIRIAM DR E,,Columbus,OH,43204
615,S EUREKA AVE,,Columbus,OH,43204
2528,MARBLEVISTA BLVD,,Columbus,OH,43204
397,S CHASE AVE,,Columbus,OH,43204
3691,INTERCHANGE RD,,Columbus,OH,43204
3566,WILSON WOODS DR,H,Columbus,OH,43204
2382,HARDESTY DR S,,Columbus,OH,43204
2701,REGINA AVE,,Columbus,OH,43204
2725,MARBLEVISTA BLVD,,Columbus,OH,43204
992,ANTHONY DR,,Columbus,OH,43204
1998,LAKE SHORE DR,,Columbus,OH,43204
2634,W BROAD ST,,Columbus,OH,43204
155,S ALGONQUIN AVE,,Columbus,OH,43204
3188,STEPHEN DR S,,Columbus,OH,43204
1846,QUARRY VIEW,,Columbus,OH,43204
1529,RUNAWAY BAY DR,CN 2C,Columbus,OH,43204
3921,BUSINESS PARK DR,,Columbus,OH,43204
99,S TERRACE AVE,,Columbus,OH,43204
2633,SULLIVANT AVE,,Columbus,OH,43204
3017,LA VISTA DR,,Columbus,OH,43204
820,CHESTERSHIRE RD,,Columbus,OH,43204
497,S WARREN AVE,,Columbus,OH,43204
133,N TERRACE AVE,,Columbus,OH,43204
3566,TRABUE RD,,Columbus,OH,43204
3007,PARKSIDE RD,UNIT C,Columbus,OH,43204
450,S CHASE AVE,,Columbus,OH,43204
125,N HARRIS AVE,,Columbus,OH,43204
2660,W BROAD ST,,Columbus,OH,43204
618,S OGDEN AVE,,Columbus,OH,43204
433,INDUSTRY DR,,Columbus,OH,43204
1289,RIEGELWOOD LN,,Columbus,OH,43204
211,N TERRACE AVE,,Columbus,OH,43204
3905,POPLAR BEND DR,,Columbus,OH,43204
1161,BRONWYN AVE,,Columbus,OH,43204
3237,MCKINLEY AVE,70,Columbus,OH,43204
442,S HURON AVE,,Columbus,OH,43204
2861,WICKLOW RD,,Columbus,OH,43204
3145,VALLEY VIEW DR,,Columbus,OH,43204
160,N SYLVAN AVE,UNIT 2,Columbus,OH,43204
878,DEMOREST RD,,Columbus,OH,43204
931,S HAGUE AVE,,Columbus,OH,43204
3510,WILSON WOODS DR,L,Columbus,OH,43204
397,S OAKLEY AVE,,Columbus,OH,43204
358,N BRINKER AVE,,Columbus,OH,43204
2858,W BROAD ST,,Columbus,OH,43204
2317,QUARRY VALLEY RD,,Columbus,OH,43204
1331,BROOKFOREST DR,,Columbus,OH,43204
2135,QUARRY VALLEY RD,,Columbus,OH,43204
387,S TERRACE AVE,,Columbus,OH,43204
33,N OGDEN AVE,,Columbus,OH,43204
456,S ROYS AVE,,Columbus,OH,43204
575,N HAGUE AVE,,Columbus,OH,43204
15,S ALGONQUIN AVE,,Columbus,OH,43204
1156,FARMHURST CT,,Columbus,OH,43204
620,S WARREN AVE,,Columbus,OH,43204
1183,N WILSON RD,,Columbus,OH,43204
58,N SYLVAN AVE,D,Columbus,OH,43204
2812,FISHER RD,,Columbus,OH,43204
251,S HARRIS AVE,,Columbus,OH,43204
1364,LAKE SHORE DR,A,Columbus,OH,43204
75,N HURON AVE,,Columbus,OH,43204
161,N OAKLEY AVE,,Columbus,OH,43204
2789,ST JOSEPH AVE,,Columbus,OH,43204
3411,TIMBER RUN DR,,Columbus,OH,43204
665,S TERRACE AVE,,Columbus,OH,43204
3061,JERSEY DR,,Columbus,OH,43204
421,S EUREKA AVE,,Columbus,OH,43204
25,N HALDY AVE,,Columbus,OH,43204
3638,GRIMES DR,,Columbus,OH,43204
2599,MARBLEVISTA BLVD,,Columbus,OH,43204
3233,VALLEY VIEW DR,,Columbus,OH,43204
2511,SULLIVANT AVE,,Columbus,OH,43204
552,S EUREKA AVE,,Columbus,OH,43204
307,N WARREN AVE,,Columbus,OH,43204
3895,BUSINESS PARK DR,,Columbus,OH,43204
2743,STEELE AVE,,Columbus,OH,43204
2412,QUARRY LAKE DR,,Columbus,OH,43204
2807,ABBOTS COVE BLVD,,Columbus,OH,43204
3056,STEELE AVE,B,Columbus,OH,43204
2731,ABBOT'S LOOP CT,,Columbus,OH,43204
2726,MARBLEVISTA BLVD,,Columbus,OH,43204
692,S SYLVAN AVE,,Columbus,OH,43204
563,S WAYNE AVE,,Columbus,OH,43204
461,S WAYNE AVE,,Columbus,OH,43204
2692,QUARRY LAKE DR,,Columbus,OH,43204
34,N HALDY AVE,,Columbus,OH,43204
2700,QUARRY LAKE DR,,Columbus,OH,43204
24,N EUREKA AVE,,Columbus,OH,43204
2954,MCKINLEY AVE,,Columbus,OH,43204
105,S OGDEN AVE,,Columbus,OH,43204
669,RACINE AVE,,Columbus,OH,43204
3835,GRIMES DR,,Columbus,OH,43204
3762,GIBBSTONE DR,,Columbus,OH,43204
744,CHESTERSHIRE RD,,Columbus,OH,43204
163,N HURON AVE,,Columbus,OH,43204
3508,SANITA CT,,Columbus,OH,43204
1295,TREEHAVEN LN,,Columbus,OH,43204
1838,SAN REMO DR,,Columbus,OH,43204
2994,WOODLOOP LN,,Columbus,OH,43204
2988,WICKLOW RD,,Columbus,OH,43204
3704,GRIMES DR,,Columbus,OH,43204
791,S ROYS AVE,,Columbus,OH,43204
73,S TERRACE AVE,,Columbus,OH,43204
3489,FREMONT RD,,Columbus,OH,43204
1564,RUNAWAY BAY DR,CN 3B,Columbus,OH,43204
3316,MARY AVE,,Columbus,OH,43204
66,DERRER RD,,Columbus,OH,43204
3180,SULLIVANT AVE,,Columbus,OH,43204
785,S EUREKA AVE,,Columbus,OH,43204
410,N WILSON RD,,Columbus,OH,43204
1356,RUNAWAY BAY DR,CN 2C,Columbus,OH,43204
25,S WESTMOOR AVE,,Columbus,OH,43204
1112,BRONWYN AVE,,Columbus,OH,43204
956,S ROYS AVE,,Columbus,OH,43204
3181,WESTMILLS DR,,Columbus,OH,43204
690,KINGSFORD RD,D,Columbus,OH,43204
240,S ALGONQUIN AVE,,Columbus,OH,43204
600,S WARREN AVE,,Columbus,OH,43204
95,S RICHARDSON AVE,,Columbus,OH,43204
3461,WESTWAY DR,,Columbus,OH,43204
115,N BURGESS AVE,,Columbus,OH,43204
112,N OAKLEY AVE,,Columbus,OH,43204
2724,SCIOTO STATION DR,,Columbus,OH,43204
2755,EAKIN RD,E,Columbus,OH,43204
3204,W BROAD ST,,Columbus,OH,43204
2227,QUARRY VALLEY RD,,Columbus,OH,43204
667,S SYLVAN AVE,,Columbus,OH,43204
22,N TERRACE AVE,,Columbus,OH,43204
369,S HARRIS AVE,,Columbus,OH,43204
423,S WHEATLAND AVE,,Columbus,OH,43204
1105,PARMA AVE,,Columbus,OH,43204
649,JOYFUL ST,,Columbus,OH,43204
286,S BURGESS AVE,,Columbus,OH,43204
3339,PARKSLEY CT,,Columbus,OH,43204
2879,SULLIVANT AVE,,Columbus,OH,43204
3209,MARY AVE,,Columbus,OH,43204
66,S ALGONQUIN AVE,,Columbus,OH,43204
2468,MARBLEVISTA BLVD,,Columbus,OH,43204
622,S WHEATLAND AVE,,Columbus,OH,43204
2656,ROSEDALE AVE,,Columbus,OH,43204
387,S EUREKA AVE,,Columbus,OH,43204
37,S WHEATLAND AVE,,Columbus,OH,43204
108,S EUREKA AVE,,Columbus,OH,43204
98,S OAKLEY AVE,A,Columbus,OH,43204
1251,LAKE SHORE DR,,Columbus,OH,43204
407,S WAYNE AVE,,Columbus,OH,43204
289,N HARRIS AVE,,Columbus,OH,43204
1190,ONSLOW DR,,Columbus,OH,43204
1425,BAY SHORE DR,,Columbus,OH,43204
16,N WARREN AVE,,Columbus,OH,43204
164,S RICHARDSON AVE,,Columbus,OH,43204
70,S EUREKA AVE,,Columbus,OH,43204
3484,WILSON WOODS DR,H,Columbus,OH,43204
1335,TRADE WINDS DR,APT 106,Columbus,OH,43204
758,SALISBURY RD,,Columbus,OH,43204
3291,VASALBORO WAY,,Columbus,OH,43204
235,S ROYS AVE,,Columbus,OH,43204
3946,BUSINESS PARK DR,,Columbus,OH,43204
150,S ROYS AVE,,Columbus,OH,43204
230,N WAYNE AVE,,Columbus,OH,43204
2857,WICKLOW RD,A,Columbus,OH,43204
69,N HARRIS AVE,,Columbus,OH,43204
3560,WILSON WOODS DR,C,Columbus,OH,43204
385,S ROYS AVE,,Columbus,OH,43204
2928,LA VISTA DR,H,Columbus,OH,43204
686,DEMOREST RD,,Columbus,OH,43204
3808,FARM BROOK LN,,Columbus,OH,43204
3697,FOSSIL DR,,Columbus,OH,43204
33,N CHASE AVE,,Columbus,OH,43204
2840,LA VISTA DR,,Columbus,OH,43204
3027,WICKLOW RD,,Columbus,OH,43204
3309,WREN ST,,Columbus,OH,43204
4013,SANDY RIDGE DR,,Columbus,OH,43204
1824,QUARRY VIEW,,Columbus,OH,43204
1420,RUNAWAY BAY DR,,Columbus,OH,43204
1400,MARCHFIELD WAY,,Columbus,OH,43204
2762,SULLIVANT AVE,,Columbus,OH,43204
148,S POWELL AVE,,Columbus,OH,43204
3333,W BROAD ST,18,Columbus,OH,43204
146,N HALDY AVE,,Columbus,OH,43204
1244,GLEN COVE WAY,,Columbus,OH,43204
2517,RIDGE AVE,,Columbus,OH,43204
1801,LAKE SHORE DR,,Columbus,OH,43204
199,N POWELL AVE,,Columbus,OH,43204
3412,TRABUE RD,,Columbus,OH,43204
1209,LAKE SHORE DR,,Columbus,OH,43204
65,N CHASE AVE,,Columbus,OH,43204
159,S HARRIS AVE,,Columbus,OH,43204
3428,WILSON WOODS DR,L,Columbus,OH,43204
776,S HARRIS AVE,,Columbus,OH,43204
370,S WAYNE AVE,,Columbus,OH,43204
736,S ROYS AVE,,Columbus,OH,43204
2354,SULLIVANT AVE,,Columbus,OH,43204
1137,ABBOTS LAKE CT,,Columbus,OH,43204
3345,RUDON LN,,Columbus,OH,43204
1265,LAKE SHORE DR,UNIT B,Columbus,OH,43204
3815,GRIMES DR,,Columbus,OH,43204
97,N BURGESS AVE,,Columbus,OH,43204
3263,MARY AVE,,Columbus,OH,43204
372,N BRINKER AVE,,Columbus,OH,43204
3400,CAMP CHASE DR,C2,Columbus,OH,43204
625,BINNS BLVD,,Columbus,OH,43204
1909,MAPLEWAY DR,,Columbus,OH,43204
3189,MARY AVE,,Columbus,OH,43204
1012,SALISBURY RD,,Columbus,OH,43204
1356,RUNAWAY BAY DR,CN 1D,Columbus,OH,43204
919,BRIXHAM RD,,Columbus,OH,43204
3064,SULLIVANT AVE,,Columbus,OH,43204
3095,PARKSIDE RD,,Columbus,OH,43204
1168,RACINE AVE,,Columbus,OH,43204
451,JOSEPHINE AVE,,Columbus,OH,43204
3140,WESTMILLS DR,,Columbus,OH,43204
646,S WHEATLAND AVE,,Columbus,OH,43204
3078,SULLIVANT AVE,,Columbus,OH,43204
94,S RICHARDSON AVE,,Columbus,OH,43204
2764,SCIOTO STATION DR,,Columbus,OH,43204
68,N SYLVAN AVE,L,Columbus,OH,43204
269,S WAYNE AVE,,Columbus,OH,43204
703,DERRER RD,,Columbus,OH,43204
3526,SANITA CT,,Columbus,OH,43204
1487,BROOKFOREST DR,,Columbus,OH,43204
1515,RASPBERRY RUN DR,,Columbus,OH,43204
2944,LA VISTA DR,,Columbus,OH,43204
507,DEMOREST AVE,,Columbus,OH,43204
29,N WHEATLAND AVE,,Columbus,OH,43204
752,KINGSFORD RD,,Columbus,OH,43204
1773,LAKE SHORE DR,,Columbus,OH,43204
281,S BURGESS AVE,,Columbus,OH,43204
1356,BAJA LN,,Columbus,OH,43204
3400,CAMP CHASE DR,B2,Columbus,OH,43204
1368,BAJA LN,,Columbus,OH,43204
3150,EL NINO DR,,Columbus,OH,43204
239,S WESTMOOR AVE,,Columbus,OH,43204
405,S BURGESS AVE,,Columbus,OH,43204
3360,STEPHEN DR S,,Columbus,OH,43204
3489,SANITA CT,,Columbus,OH,43204
50,S RICHARDSON AVE,,Columbus,OH,43204
650,JOYFUL ST,,Columbus,OH,43204
59,HALDY AVE,,Columbus,OH,43204
2147,QUARRY VALLEY RD,,Columbus,OH,43204
48,S OAKLEY AVE,,Columbus,OH,43204
233,S HURON AVE,,Columbus,OH,43204
3375,EAKIN RD,,Columbus,OH,43204
2823,SULLIVANT AVE,,Columbus,OH,43204
651,S TERRACE AVE,,Columbus,OH,43204
313,S HAGUE AVE,,Columbus,OH,43204
168,N SYLVAN AVE,UNIT B,Columbus,OH,43204
26,S SOUTHAMPTON AVE,,Columbus,OH,43204
623,LANCE CT,,Columbus,OH,43204
2731,ST JOSEPH AVE,,Columbus,OH,43204
3104,VALLEY VIEW DR,,Columbus,OH,43204
1528,RUNAWAY BAY DR,CN 1A,Columbus,OH,43204
321,S SYLVAN AVE,,Columbus,OH,43204
3285,SULLIVANT AVE,UNIT C,Columbus,OH,43204
2795,RIDGE AVE,,Columbus,OH,43204
102,S SYLVAN AVE,,Columbus,OH,43204
780,BINNS BLVD,,Columbus,OH,43204
273,N WAYNE AVE,,Columbus,OH,43204
3220,LOWELL DR,,Columbus,OH,43204
2718,ST JOSEPH AVE,,Columbus,OH,43204
600,S WHEATLAND AVE,UNIT D,Columbus,OH,43204
149,N WESTMOOR AVE,,Columbus,OH,43204
1647,QUARRY TRACE,,Columbus,OH,43204
338,S CHASE AVE,,Columbus,OH,43204
3279,W BROAD ST,,Columbus,OH,43204
1000,S HAGUE AVE,,Columbus,OH,43204
2617,MARBLEVISTA BLVD,,Columbus,OH,43204
3033,PARKSIDE RD,,Columbus,OH,43204
136,N CHASE AVE,,Columbus,OH,43204
2936,WICKLOW RD,,Columbus,OH,43204
3070,JERSEY DR,,Columbus,OH,43204
2464,SULLIVANT AVE,,Columbus,OH,43204
630,S WARREN AVE,,Columbus,OH,43204
68,N SYLVAN AVE,A,Columbus,OH,43204
563,S BURGESS AVE,,Columbus,OH,43204
180,S EUREKA AVE,,Columbus,OH,43204
940,HODGES DR,,Columbus,OH,43204
135,DERRER RD,,Columbus,OH,43204
166,ELDON AVE,,Columbus,OH,43204
355,BINNS BLVD,,Columbus,OH,43204
3312,BRICHAR WAY,,Columbus,OH,43204
751,MACLAM DR,,Columbus,OH,43204
1047,BROOKS END CT,,Columbus,OH,43204
2518,W BROAD ST,,Columbus,OH,43204
664,S RICHARDSON AVE,,Columbus,OH,43204
430,S ROYS AVE,,Columbus,OH,43204
563,S OGDEN AVE,,Columbus,OH,43204
2820,VANDERBERG AVE,,Columbus,OH,43204
2949,SULLIVANT AVE,,Columbus,OH,43204
3427,SOUTH BLVD,,Columbus,OH,43204
1326,RIVIERA CT,UNIT D,Columbus,OH,43204
1209,LAKE SHORE DR,UNIT B,Columbus,OH,43204
450,S HAGUE AVE,,Columbus,OH,43204
2539,STEELE AVE,,Columbus,OH,43204
1783,QUARRY VIEW,,Columbus,OH,43204
648,S TERRACE AVE,,Columbus,OH,43204
1498,RUNAWAY BAY DR,CN 3C,Columbus,OH,43204
588,S TERRACE AVE,,Columbus,OH,43204
2207,QUARRY VALLEY RD,,Columbus,OH,43204
1236,DEMOREST RD,,Columbus,OH,43204
1593,RASPBERRY RUN DR,,Columbus,OH,43204
675,DEMOREST RD,,Columbus,OH,43204
1427,RUNAWAY BAY DR,,Columbus,OH,43204
2793,MARBLEVISTA BLVD,,Columbus,OH,43204
1497,HIGHBROOK DR,,Columbus,OH,43204
549,S ROYS AVE,UNIT,Columbus,OH,43204
2875,SULLIVANT AVE,,Columbus,OH,43204
322,S SYLVAN AVE,,Columbus,OH,43204
190,S ROYS AVE,,Columbus,OH,43204
3275,SULLIVANT AVE,,Columbus,OH,43204
137,N WHEATLAND AVE,,Columbus,OH,43204
1335,TRADE WINDS DR,APT 205,Columbus,OH,43204
858,S ROYS AVE,,Columbus,OH,43204
2649,SULLIVANT AVE,,Columbus,OH,43204
52,ELDON AVE,,Columbus,OH,43204
2742,VIDA PL,,Columbus,OH,43204
689,DERRER RD,,Columbus,OH,43204
1535,RUNAWAY BAY DR,CN 1B,Columbus,OH,43204
124,S WHEATLAND AVE,,Columbus,OH,43204
2997,WOODLOOP LN,,Columbus,OH,43204
3484,RACE ST,,Columbus,OH,43204
1069,HARDESTY PL E,,Columbus,OH,43204
2981,WESTMOOR DR,,Columbus,OH,43204
2942,OLIVE ST,,Columbus,OH,43204
850,STEPHEN DR W,,Columbus,OH,43204
795,S RICHARDSON AVE,,Columbus,OH,43204
2763,MARBLEVISTA BLVD,,Columbus,OH,43204
608,S OGDEN AVE,,Columbus,OH,43204
2801,VANDERBERG AVE,,Columbus,OH,43204
1788,LAKE SHORE DR,,Columbus,OH,43204
315,S TERRACE AVE,,Columbus,OH,43204
99,S OGDEN AVE,,Columbus,OH,43204
3577,EDSON DR,,Columbus,OH,43204
263,N SYLVAN AVE,,Columbus,OH,43204
134,N HARRIS AVE,,Columbus,OH,43204
2730,SULLIVANT AVE,,Columbus,OH,43204
1336,CASCADE CT,,Columbus,OH,43204
2327,HARDESTY CT,,Columbus,OH,43204
2867,WOODCROFT RD,,Columbus,OH,43204
337,S BURGESS AVE,,Columbus,OH,43204
1212,LAKE SHORE DR,,Columbus,OH,43204
3155,EL GRECO DR,,Columbus,OH,43204
3599,FERRELL PL,,Columbus,OH,43204
25,S WARREN AVE,A,Columbus,OH,43204
142,N WAYNE AVE,,Columbus,OH,43204
78,S HARRIS AVE,,Columbus,OH,43204
3823,GRIMES DR,,Columbus,OH,43204
1137,S HAGUE AVE,,Columbus,OH,43204
612,S WARREN AVE,,Columbus,OH,43204
1086,HARDESTY PL W,,Columbus,OH,43204
3466,EAKIN RD,,Columbus,OH,43204
3450,STALLING CT,,Columbus,OH,43204
707,S TERRACE AVE,,Columbus,OH,43204
160,RANELLE DR,,Columbus,OH,43204
3196,EL GRECO DR,,Columbus,OH,43204
2771,MCKINLEY AVE,,Columbus,OH,43204
371,S POWELL AVE,,Columbus,OH,43204
1025,BELLFLOWER AVE,,Columbus,OH,43204
2047,BUILDERS PL,,Columbus,OH,43204
925,SALISBURY RD,,Columbus,OH,43204
3618,EDSON DR,,Columbus,OH,43204
1233,GRESHAM RD,,Columbus,OH,43204
2419,SULLIVANT AVE,,Columbus,OH,43204
257,S OAKLEY AVE,,Columbus,OH,43204
110,S SYLVAN AVE,,Columbus,OH,43204
508,DERRER RD,,Columbus,OH,43204
2857,LA VISTA DR,,Columbus,OH,43204
89,S POWELL AVE,,Columbus,OH,43204
3275,EAKIN RD,,Columbus,OH,43204
1857,MARBLE CLIFF CROSSING CT,,Columbus,OH,43204
53,S POWELL AVE,,Columbus,OH,43204
701,S OGDEN AVE,,Columbus,OH,43204
3899,POPLAR BEND DR,,Columbus,OH,43204
1067,BRONWYN AVE,,Columbus,OH,43204
313,S ALGONQUIN AVE,,Columbus,OH,43204
63,DEMOREST AVE,,Columbus,OH,43204
92,N ROYS AVE,,Columbus,OH,43204
3194,WESTMILLS DR,,Columbus,OH,43204
58,N HALDY AVE,,Columbus,OH,43204
1442,BAY SHORE DR,CN 3C,Columbus,OH,43204
2566,QUARRY LAKE DR,,Columbus,OH,43204
2172,QUARRY VALLEY RD,,Columbus,OH,43204
204,S WARREN AVE,,Columbus,OH,43204
731,KINGSFORD RD,UNIT D,Columbus,OH,43204
68,N SYLVAN AVE,,Columbus,OH,43204
1845,LAKE SHORE DR,,Columbus,OH,43204
1441,PEACH TREE CT,,Columbus,OH,43204
2400,PLUM ST,,Columbus,OH,43204
1515,LAKE SHORE DR,,Columbus,OH,43204
2920,LA VISTA DR,A,Columbus,OH,43204
2381,QUARRY VALLEY RD,,Columbus,OH,43204
69,POWHATAN AVE,,Columbus,OH,43204
3293,MIRIAM DR S,,Columbus,OH,43204
3611,GRAYBECK DR,,Columbus,OH,43204
1140,RACINE AVE,,Columbus,OH,43204
345,S EUREKA AVE,,Columbus,OH,43204
3257,MAPLEWAY LN,,Columbus,OH,43204
3146,WESTMILLS DR,,Columbus,OH,43204
192,S OGDEN AVE,,Columbus,OH,43204
700,BRIXHAM RD,,Columbus,OH,43204
2573,MARBLEVISTA BLVD,,Columbus,OH,43204
3400,NORTH BLVD,,Columbus,OH,43204
3984,CLAYFORD DR,,Columbus,OH,43204
1060,CHESTERSHIRE RD,,Columbus,OH,43204
3574,EDSON DR,,Columbus,OH,43204
110,DERRER DEN LN,,Columbus,OH,43204
370,S OGDEN AVE,,Columbus,OH,43204
908,BINNS BLVD,,Columbus,OH,43204
2801,LA VISTA DR,,Columbus,OH,43204
2379,KEEP PL,,Columbus,OH,43204
810,KINGSFORD RD,,Columbus,OH,43204
377,JOSEPHINE AVE,,Columbus,OH,43204
199,S WHEATLAND AVE,,Columbus,OH,43204
1941,LAKE SHORE DR,,Columbus,OH,43204
1856,MARBLE CLIFF CROSSING CT,,Columbus,OH,43204
731,S RICHARDSON AVE,,Columbus,OH,43204
543,S WHEATLAND AVE,,Columbus,OH,43204
890,S RICHARDSON AVE,,Columbus,OH,43204
13,N WESTMOOR AVE,,Columbus,OH,43204
1018,HARDESTY PL W,,Columbus,OH,43204
667,S BURGESS AVE,,Columbus,OH,43204
1213,WARBLE DR,,Columbus,OH,43204
747,CHESTERSHIRE RD,,Columbus,OH,43204
2504,HARDESTY DR S,,Columbus,OH,43204
913,WILTSHIRE RD,,Columbus,OH,43204
3491,FREMONT RD,,Columbus,OH,43204
3446,DERRER CT N,,Columbus,OH,43204
1340,WESTSHIRE RD,,Columbus,OH,43204
2805,W BROAD ST,,Columbus,OH,43204
234,N HALDY AVE,,Columbus,OH,43204
267,S POWELL AVE,,Columbus,OH,43204
1523,RUNAWAY BAY DR,CN 3D,Columbus,OH,43204
162,N SYLVAN AVE,,Columbus,OH,43204
59,N POWELL AVE,,Columbus,OH,43204
468,TRADE RD,,Columbus,OH,43204
911,CHESTERSHIRE RD,,Columbus,OH,43204
2397,MARBLEVISTA BLVD,,Columbus,OH,43204
859,CHESTERSHIRE RD,,Columbus,OH,43204
3103 1/2,W BROAD ST,,Columbus,OH,43204
200,RANELLE DR,,Columbus,OH,43204
181,LETCHWORTH AVE,,Columbus,OH,43204
3428,WILSON WOODS DR,A,Columbus,OH,43204
270,S RICHARDSON AVE,,Columbus,OH,43204
568,S WHEATLAND AVE,,Columbus,OH,43204
1424,BAY SHORE DR,CN 2A,Columbus,OH,43204
3749,GIBBSTONE DR,,Columbus,OH,43204
50,S BURGESS AVE,,Columbus,OH,43204
1147,FARMHURST CT,,Columbus,OH,43204
654,S RICHARDSON AVE,,Columbus,OH,43204
786,KINGSFORD RD,,Columbus,OH,43204
3598,EDSON DR,,Columbus,OH,43204
3417,MICHAEL CT,,Columbus,OH,43204
3158,RACE ST,,Columbus,OH,43204
465,DERRER RD,,Columbus,OH,43204
433,S EUREKA AVE,,Columbus,OH,43204
3700,INTERCHANGE RD,,Columbus,OH,43204
175,S ALGONQUIN AVE,,Columbus,OH,43204
701,N WILSON RD,,Columbus,OH,43204
3240,BRIGGS RD,,Columbus,OH,43204
783,S RICHARDSON AVE,,Columbus,OH,43204
2637,SULLIVANT AVE,,Columbus,OH,43204
80,N HURON AVE,,Columbus,OH,43204
695,S RICHARDSON AVE,,Columbus,OH,43204
83,POWHATAN AVE,,Columbus,OH,43204
300,N SOUTHAMPTON AVE,,Columbus,OH,43204
3019,WOODLOOP LN,,Columbus,OH,43204
2933,LA VISTA DR,,Columbus,OH,43204
2440,SULLIVANT AVE,,Columbus,OH,43204
1510,RUNAWAY BAY DR,CN 3D,Columbus,OH,43204
1115,ABBOTS LAKE CT,,Columbus,OH,43204
159,S TERRACE AVE,,Columbus,OH,43204
274,S CHASE AVE,A,Columbus,OH,43204
3132,VALLEY VIEW DR,,Columbus,OH,43204
264,N WILSON RD,UNIT 79,Columbus,OH,43204
743,S HAGUE AVE,,Columbus,OH,43204
1498,BROOKFOREST DR,,Columbus,OH,43204
3079,W BROAD ST,,Columbus,OH,43204
3442,BRIGGS RD,,Columbus,OH,43204
3240,WHITEHEAD RD,,Columbus,OH,43204
3871,FARM BROOK LN,,Columbus,OH,43204
105,ELDON AVE,,Columbus,OH,43204
2600,QUARRY LAKE DR,,Columbus,OH,43204
191,N OGDEN AVE,,Columbus,OH,43204
3292,MAPLEWAY LN,,Columbus,OH,43204
39,N EUREKA AVE,,Columbus,OH,43204
2545,SYMINGTON AVE,,Columbus,OH,43204
3937,DEER LAKE WAY,,Columbus,OH,43204
357,S ROYS AVE,,Columbus,OH,43204
3386,NORTH BLVD,,Columbus,OH,43204
1219,DEMOREST RD,,Columbus,OH,43204
2383,HARDESTY CT,,Columbus,OH,43204
2243,QUARRY VALLEY RD,,Columbus,OH,43204
50,S EUREKA AVE,,Columbus,OH,43204
1270,TREVOR CT,,Columbus,OH,43204
80,S SOUTHAMPTON AVE,,Columbus,OH,43204
126,N BURGESS AVE,,Columbus,OH,43204
2948,LA VISTA DR,,Columbus,OH,43204
91,S ALGONQUIN AVE,,Columbus,OH,43204
3320,WREN ST,,Columbus,OH,43204
1788,QUARRY VIEW,,Columbus,OH,43204
428,DERRER RD,,Columbus,OH,43204
163,N HARRIS AVE,,Columbus,OH,43204
290,S BURGESS AVE,,Columbus,OH,43204
598,S ROYS AVE,,Columbus,OH,43204
2449,QUARRY LAKE DR,,Columbus,OH,43204
249,S BURGESS AVE,,Columbus,OH,43204
1057,ST AGNES AVE,,Columbus,OH,43204
1480,CLIFF CT,C,Columbus,OH,43204
3485,WILSON WOODS DR,,Columbus,OH,43204
147,N POWELL AVE,,Columbus,OH,43204
3425,WILSON WOODS DR,I,Columbus,OH,43204
300,N ALGONQUIN AVE,,Columbus,OH,43204
1357,BAJA LN,,Columbus,OH,43204
120,BINNS BLVD,,Columbus,OH,43204
1953,MARBLE CLIFF CROSSING CT,,Columbus,OH,43204
3779,FARM BROOK LN,,Columbus,OH,43204
935,S HARRIS AVE,,Columbus,OH,43204
4019,SANDY RIDGE DR,,Columbus,OH,43204
3211,COLONY VISTA LN,,Columbus,OH,43204
924,RACINE AVE,,Columbus,OH,43204
850,LINDENDALE CT,,Columbus,OH,43204
1094,ST AGNES AVE,,Columbus,OH,43204
647,DERRER RD,,Columbus,OH,43204
25,N HURON AVE,,Columbus,OH,43204
3760,INTERCHANGE RD,,Columbus,OH,43204
3560,LINDENDALE DR,,Columbus,OH,43204
71,ELDON AVE,,Columbus,OH,43204
322,S WAYNE AVE,,Columbus,OH,43204
946,RACINE AVE,,Columbus,OH,43204
2678,EAKIN RD,,Columbus,OH,43204
720,S OGDEN AVE,,Columbus,OH,43204
435,S BURGESS AVE,,Columbus,OH,43204
2575,MARBLEVISTA BLVD,,Columbus,OH,43204
863,ANTHONY DR,,Columbus,OH,43204
47,N WAYNE AVE,,Columbus,OH,43204
2873,VANDERBERG AVE,,Columbus,OH,43204
99,S EUREKA AVE,,Columbus,OH,43204
549,S OAKLEY AVE,,Columbus,OH,43204
724,CHESTERSHIRE RD,,Columbus,OH,43204
391,S TERRACE AVE,,Columbus,OH,43204
1528,RUNAWAY BAY DR,CN 2D,Columbus,OH,43204
3216,WHITEHEAD RD,,Columbus,OH,43204
3036,VALLEY VIEW DR,,Columbus,OH,43204
661,KINGSFORD RD,UNIT 2E,Columbus,OH,43204
2960,CORTONA RD,,Columbus,OH,43204
2766,QUARRY LAKE DR,,Columbus,OH,43204
391,S WAYNE AVE,,Columbus,OH,43204
96,S BURGESS AVE,,Columbus,OH,43204
2500,W BROAD ST,,Columbus,OH,43204
552,S RICHARDSON AVE,,Columbus,OH,43204
89,S RICHARDSON AVE,,Columbus,OH,43204
3472,DERRER CT N,,Columbus,OH,43204
740,BRIXHAM RD,,Columbus,OH,43204
673,ATHENS AVE,,Columbus,OH,43204
59,N CHASE AVE,,Columbus,OH,43204
253,S ALGONQUIN AVE,,Columbus,OH,43204
3292,SULLIVANT AVE,,Columbus,OH,43204
1397,LAKE SHORE DR,,Columbus,OH,43204
1199,ROMONA PL,,Columbus,OH,43204
161,N WHEATLAND AVE,,Columbus,OH,43204
648,S HAGUE AVE,,Columbus,OH,43204
1134,ABBOTS GREEN CIR,,Columbus,OH,43204
150,S WESTGATE AVE,,Columbus,OH,43204
3510,WILSON WOODS DR,A,Columbus,OH,43204
582,ATHENS AVE,,Columbus,OH,43204
446,S TERRACE AVE,,Columbus,OH,43204
2483,QUARRY VALLEY RD,,Columbus,OH,43204
74,N SYLVAN AVE,,Columbus,OH,43204
1181,GEORGE'S PL,,Columbus,OH,43204
1471,LAKE SHORE DR,,Columbus,OH,43204
288,S ALGONQUIN AVE,,Columbus,OH,43204
1038,S EUREKA AVE,,Columbus,OH,43204
840,CHESTERSHIRE RD,,Columbus,OH,43204
2754,MARBLEVISTA BLVD,CATV,Columbus,OH,43204
1855,SAN REMO DR,,Columbus,OH,43204
2919,W BROAD ST,,Columbus,OH,43204
848,ANTHONY DR,,Columbus,OH,43204
3387,TRABUE RD,,Columbus,OH,43204
48,N CHASE AVE,,Columbus,OH,43204
1356,RUNAWAY BAY DR,CN 1C,Columbus,OH,43204
331,S BRINKER AVE,,Columbus,OH,43204
2692,MARBLEVISTA BLVD,,Columbus,OH,43204
697,S HARRIS AVE,,Columbus,OH,43204
192,N WESTMOOR AVE,,Columbus,OH,43204
324,S POWELL AVE,,Columbus,OH,43204
121,S OGDEN AVE,,Columbus,OH,43204
280,N WAYNE AVE,,Columbus,OH,43204
1445,BAY SHORE DR,,Columbus,OH,43204
1834,LAKE SHORE DR,,Columbus,OH,43204
769,S HARRIS AVE,,Columbus,OH,43204
3238,W BROAD ST,,Columbus,OH,43204
171,S HARRIS AVE,,Columbus,OH,43204
1527,RUNAWAY BAY DR,,Columbus,OH,43204
876,SALISBURY RD,,Columbus,OH,43204
1437,RUNAWAY BAY DR,,Columbus,OH,43204
707,S BURGESS AVE,,Columbus,OH,43204
438,S HARRIS AVE,,Columbus,OH,43204
712,S WAYNE AVE,,Columbus,OH,43204
3320,WREN ST,,Columbus,OH,43204
603,S WESTGATE AVE,,Columbus,OH,43204
25,N ROYS AVE,,Columbus,OH,43204
1328,LAKE SHORE DR,UNIT B,Columbus,OH,43204
216,S OAKLEY AVE,,Columbus,OH,43204
2532,MARBLEVISTA BLVD,,Columbus,OH,43204
238,N BURGESS AVE,,Columbus,OH,43204
1326,CASCADE CT,,Columbus,OH,43204
1229,ONSLOW DR,,Columbus,OH,43204
3062,SULLIVANT AVE,,Columbus,OH,43204
3444,DERRER CT N,,Columbus,OH,43204
159,S WESTGATE AVE,,Columbus,OH,43204
2599,SPAATZ AVE,,Columbus,OH,43204
365,S EUREKA AVE,,Columbus,OH,43204
145,N POWELL AVE,,Columbus,OH,43204
1316,RUNAWAY BAY DR,CN 2D,Columbus,OH,43204
309,JOSEPHINE AVE,,Columbus,OH,43204
770,S BURGESS AVE,,Columbus,OH,43204
3438,FREMONT ST,,Columbus,OH,43204
1138,ABBOTS GREEN CIR,,Columbus,OH,43204
2397,SULLIVANT AVE,,Columbus,OH,43204
1342,TELHAM CT,,Columbus,OH,43204
575,BINNS BLVD,,Columbus,OH,43204
3434,WILSON WOODS DR,L,Columbus,OH,43204
1285,PINNACLE DR,,Columbus,OH,43204
1155,RACINE AVE,,Columbus,OH,43204
68,N POWELL AVE,,Columbus,OH,43204
1393,WILD OATS DR,,Columbus,OH,43204
3282,VASALBORO WAY,,Columbus,OH,43204
446,S POWELL AVE,,Columbus,OH,43204
3519,WILKES CT,,Columbus,OH,43204
3224,MARY AVE,,Columbus,OH,43204
1308,LOWLAND CT,,Columbus,OH,43204
275,S EUREKA AVE,,Columbus,OH,43204
297,S CHASE AVE,,Columbus,OH,43204
2563,QUARRY LAKE DR,,Columbus,OH,43204
284,S OGDEN AVE,,Columbus,OH,43204
62 1/2,N WARREN AVE,,Columbus,OH,43204
3417,EAKIN RD,,Columbus,OH,43204
992,S EUREKA AVE,,Columbus,OH,43204
47,S OGDEN AVE,,Columbus,OH,43204
3439,SULLIVANT AVE,,Columbus,OH,43204
94,S WESTGATE AVE,,Columbus,OH,43204
661,S WARREN AVE,,Columbus,OH,43204
464,S OGDEN AVE,,Columbus,OH,43204
674,DEXTER AVE,,Columbus,OH,43204
59,N BRINKER AVE,,Columbus,OH,43204
3447,DERRER CT S,,Columbus,OH,43204
103,N EUREKA AVE,,Columbus,OH,43204
888,KINGSFORD RD,,Columbus,OH,43204
2978,WESTMOOR CT,,Columbus,OH,43204
1730,QUARRY VIEW,,Columbus,OH,43204
2608,SULLIVANT AVE,,Columbus,OH,43204
3168,SULLIVANT AVE,,Columbus,OH,43204
3906,BUSINESS PARK DR,,Columbus,OH,43204
3528,SENATOR CT,,Columbus,OH,43204
284,S POWELL AVE,,Columbus,OH,43204
3719,GRIMES DR,,Columbus,OH,43204
906,MIRIAM DR E,,Columbus,OH,43204
3013,FREMONT ST,,Columbus,OH,43204
1392,S HAGUE AVE,,Columbus,OH,43204
1822,LAKE SHORE DR,,Columbus,OH,43204
443,S OAKLEY AVE,,Columbus,OH,43204
2773,ST PATRICK RD,,Columbus,OH,43204
276,S HAGUE AVE,,Columbus,OH,43204
1358,WILD OATS DR,,Columbus,OH,43204
695,DERRER RD,B,Columbus,OH,43204
144,S EUREKA AVE,,Columbus,OH,43204
129,DERRER RD,,Columbus,OH,43204
110,DERRER HEIGHT LN,,Columbus,OH,43204
2788,OTTIS CT,UNIT B,Columbus,OH,43204
1424,PEACH BLOSSOM CT,,Columbus,OH,43204
849,WILTSHIRE RD,,Columbus,OH,43204
675,KINGSFORD RD,,Columbus,OH,43204
247,S WAYNE AVE,,Columbus,OH,43204
1117,ABBOTS LAKE CT,,Columbus,OH,43204
443,S RICHARDSON AVE,,Columbus,OH,43204
3914,BUSINESS PARK DR,,Columbus,OH,43204
180,DEMOREST AVE,,Columbus,OH,43204
2874,ABBOTS COVE BLVD,,Columbus,OH,43204
309,S HAGUE AVE,,Columbus,OH,43204
337,S CHASE AVE,,Columbus,OH,43204
3697,GIBBSTONE DR,,Columbus,OH,43204
2358,HARDESTY CT,,Columbus,OH,43204
2477,QUARRY VALLEY RD,,Columbus,OH,43204
665,S RICHARDSON AVE,,Columbus,OH,43204
3480,DERRER HOLLOW WAY,,Columbus,OH,43204
250,S BURGESS AVE,,Columbus,OH,43204
2822,FISHER RD,A,Columbus,OH,43204
2622,SULLIVANT AVE,,Columbus,OH,43204
184,N WILSON RD,,Columbus,OH,43204
1366,TELHAM CT,,Columbus,OH,43204
124,S POWELL AVE,D,Columbus,OH,43204
824,DEMOREST RD,,Columbus,OH,43204
3441,GREAT WESTERN BLVD,UNIT 100,Columbus,OH,43204
3159,TELHAM DR,,Columbus,OH,43204
1817,LAKE SHORE DR,,Columbus,OH,43204
612,S HAGUE AVE,,Columbus,OH,43204
4000,SANDY RIDGE DR,,Columbus,OH,43204
226,N POWELL AVE,,Columbus,OH,43204
156,S RICHARDSON AVE,,Columbus,OH,43204
189,S ALGONQUIN AVE,,Columbus,OH,43204
2867,CHESFIELD DR,,Columbus,OH,43204
104,N WARREN AVE,,Columbus,OH,43204
170,S SYLVAN AVE,,Columbus,OH,43204
2952,LA VISTA DR,,Columbus,OH,43204
342,S WAYNE AVE,,Columbus,OH,43204
2431,WICKLOW RD,,Columbus,OH,43204
134,N WILSON RD,,Columbus,OH,43204
257,S WESTGATE AVE,,Columbus,OH,43204
3068,JERSEY DR,,Columbus,OH,43204
652,S ROYS AVE,,Columbus,OH,43204
817,S ROYS AVE,,Columbus,OH,43204
172,POWHATAN AVE,,Columbus,OH,43204
3417,WILSON WOODS DR,A,Columbus,OH,43204
69,S OGDEN AVE,,Columbus,OH,43204
1752,QUARRY VIEW,,Columbus,OH,43204
296,S HAGUE AVE,,Columbus,OH,43204
710,SALISBURY RD,,Columbus,OH,43204
3706,GIBBSTONE DR,,Columbus,OH,43204
665,LANCE CT,,Columbus,OH,43204
2958,LA VISTA DR,,Columbus,OH,43204
3192,W BROAD ST,,Columbus,OH,43204
3280,MAPLEWAY LN,,Columbus,OH,43204
3237,MCKINLEY AVE,11,Columbus,OH,43204
3640,EAKIN RD,6B,Columbus,OH,43204
3538,WILSON WOODS DR,H,Columbus,OH,43204
685,KINGSFORD RD,B2,Columbus,OH,43204
614,CRESCENT RD,,Columbus,OH,43204
981,S RICHARDSON AVE,,Columbus,OH,43204
158,N CHASE AVE,,Columbus,OH,43204
1341,BAJA LN,,Columbus,OH,43204
139,S EUREKA AVE,,Columbus,OH,43204
3392,BRICHAR WAY,,Columbus,OH,43204
2607,W BROAD ST,,Columbus,OH,43204
158,N WARREN AVE,,Columbus,OH,43204
1703,QUARRY TRACE,,Columbus,OH,43204
2655,SULLIVANT AVE,,Columbus,OH,43204
2647,SULLIVANT AVE,,Columbus,OH,43204
84,N WESTGATE AVE,3,Columbus,OH,43204
281,S ROYS AVE,,Columbus,OH,43204
2957,LA VISTA DR,,Columbus,OH,43204
286,S SOUTHAMPTON AVE,,Columbus,OH,43204
1243,TREVOR CT,,Columbus,OH,43204
234,S POWELL AVE,UNIT B,Columbus,OH,43204
1592,RASPBERRY RUN DR,,Columbus,OH,43204
261,N WHEATLAND AVE,,Columbus,OH,43204
797,WILTSHIRE RD,,Columbus,OH,43204
3335,SOUTH BLVD,,Columbus,OH,43204
1778,QUARRY VIEW,,Columbus,OH,43204
1886,LAKE SHORE DR,,Columbus,OH,43204
3596,EDSON DR,,Columbus,OH,43204
110,S ROYS AVE,,Columbus,OH,43204
118,N ROYS AVE,,Columbus,OH,43204
558,S OAKLEY AVE,,Columbus,OH,43204
1118,ABBOTS BLUFF CT,,Columbus,OH,43204
2616,ROSEDALE AVE,,Columbus,OH,43204
3689,FOSSIL DR,,Columbus,OH,43204
1167,PINNACLE DR,,Columbus,OH,43204
1127,ST MATTHEW AVE,,Columbus,OH,43204
585,CRESCENT RD,,Columbus,OH,43204
1165,PARMA AVE,,Columbus,OH,43204
126,N HARRIS AVE,,Columbus,OH,43204
1170,PINNACLE DR,,Columbus,OH,43204
97,N HALDY AVE,,Columbus,OH,43204
374,S HURON AVE,,Columbus,OH,43204
250,N BURGESS AVE,,Columbus,OH,43204
176,S WESTGATE AVE,,Columbus,OH,43204
3474,DERRER FIELD DR,,Columbus,OH,43204
2673,ST JOSEPH AVE,,Columbus,OH,43204
3344,TIMBER OAK DR,,Columbus,OH,43204
170,S OAKLEY AVE,,Columbus,OH,43204
670,HARRISON DR,,Columbus,OH,43204
95,S HAGUE AVE,,Columbus,OH,43204
1797,LAKE SHORE DR,,Columbus,OH,43204
3402,BRIGGS RD,,Columbus,OH,43204
2997,W BROAD ST,,Columbus,OH,43204
1400,BAY SHORE DR,CN 2A,Columbus,OH,43204
381,S WHEATLAND AVE,,Columbus,OH,43204
3566,WILSON WOODS DR,J,Columbus,OH,43204
1707,QUARRY TRACE,,Columbus,OH,43204
3080,SULLIVANT AVE,,Columbus,OH,43204
362,S HURON AVE,,Columbus,OH,43204
3237,MCKINLEY AVE,88,Columbus,OH,43204
3107,W BROAD ST,,Columbus,OH,43204
2853,FISHER RD,,Columbus,OH,43204
2691,QUARRY LAKE DR,,Columbus,OH,43204
811,CHESTERSHIRE RD,,Columbus,OH,43204
661,KINGSFORD RD,UNIT 3C,Columbus,OH,43204
548,S OAKLEY AVE,,Columbus,OH,43204
340,S WAYNE AVE,,Columbus,OH,43204
761,KINGSFORD RD,,Columbus,OH,43204
279,N OAKLEY AVE,,Columbus,OH,43204
3347,MIRIAM DR S,,Columbus,OH,43204
825,S TERRACE AVE,,Columbus,OH,43204
397,S WARREN AVE,,Columbus,OH,43204
774,S RICHARDSON AVE,,Columbus,OH,43204
187,S HAGUE AVE,,Columbus,OH,43204
3369,EMELINE DR,,Columbus,OH,43204
327,S SYLVAN AVE,,Columbus,OH,43204
2763,ROSEDALE AVE,,Columbus,OH,43204
2736,ST JOSEPH AVE,,Columbus,OH,43204
2566,EAKIN RD,,Columbus,OH,43204
3188,WESTMILLS DR,,Columbus,OH,43204
3647,WEST HORIZONS,APT 304,Columbus,OH,43204
232,S TERRACE AVE,,Columbus,OH,43204
287,N WARREN AVE,,Columbus,OH,43204
2726,ROSEDALE AVE,,Columbus,OH,43204
25,N EUREKA AVE,,Columbus,OH,43204
239,S WHEATLAND AVE,,Columbus,OH,43204
1158,PINNACLE DR,,Columbus,OH,43204
608,DEMOREST RD,,Columbus,OH,43204
870,MIRIAM DR W,,Columbus,OH,43204
1335,TRADE WINDS DR,APT 306,Columbus,OH,43204
153,N WARREN AVE,,Columbus,OH,43204
444,S WESTGATE AVE,,Columbus,OH,43204
592,S HAGUE AVE,,Columbus,OH,43204
2876,NICHOLAS AVE,,Columbus,OH,43204
3027,WOODLOOP LN,,Columbus,OH,43204
218,S WESTMOOR AVE,,Columbus,OH,43204
596,S HAGUE AVE,,Columbus,OH,43204
842,REGINA CT,A,Columbus,OH,43204
690,WESTBROOK CT,,Columbus,OH,43204
75,S WARREN AVE,,Columbus,OH,43204
2225,MCKINLEY AVE,,Columbus,OH,43204
57,S BURGESS AVE,C,Columbus,OH,43204
2499,MARBLEVISTA BLVD,,Columbus,OH,43204
2141,QUARRY VALLEY RD,,Columbus,OH,43204
3294,MAPLEWAY LN,,Columbus,OH,43204
3327,MARY AVE,,Columbus,OH,43204
681,JOYFUL ST,,Columbus,OH,43204
3223,VALLEY VIEW DR,,Columbus,OH,43204
306,N ALGONQUIN AVE,,Columbus,OH,43204
36,N OAKLEY AVE,,Columbus,OH,43204
1471,LAKE SHORE DR,B,Columbus,OH,43204
920,S HAGUE AVE,,Columbus,OH,43204
308,DEMOREST AVE,,Columbus,OH,43204
380,S HURON AVE,,Columbus,OH,43204
3492,WILSON WOODS DR,L,Columbus,OH,43204
3713,WINDWARD WAY,APT 205,Columbus,OH,43204
258,N HARRIS AVE,,Columbus,OH,43204
2737 1/2,SULLIVANT AVE,,Columbus,OH,43204
811,KINGSFORD RD,UNIT D,Columbus,OH,43204
778,KINGSFORD RD,,Columbus,OH,43204
2320,SULLIVANT AVE,,Columbus,OH,43204
1369,SUNFLOWER DR,,Columbus,OH,43204
696,MACLAM DR,,Columbus,OH,43204
3072,JERSEY DR,,Columbus,OH,43204
1406,BAY SHORE DR,CN 1C,Columbus,OH,43204
2716,REGINA AVE,,Columbus,OH,43204
2353,HARDESTY CT,,Columbus,OH,43204
2701,SCHURTZ AVE,,Columbus,OH,43204
2519,MARBLEVISTA BLVD,,Columbus,OH,43204
734,S RICHARDSON AVE,,Columbus,OH,43204
64,S WHEATLAND AVE,,Columbus,OH,43204
189,N HARRIS AVE,,Columbus,OH,43204
1332,RIVIERA CT,,Columbus,OH,43204
3560,WILSON WOODS DR,H,Columbus,OH,43204
86,S BURGESS AVE,,Columbus,OH,43204
574,S WARREN AVE,,Columbus,OH,43204
381,S CHASE AVE,A,Columbus,OH,43204
576,SALISBURY RD,,Columbus,OH,43204
3024,VALLEY VIEW DR,,Columbus,OH,43204
3208,WICKLOW RD,,Columbus,OH,43204
3360,EAKIN RD,,Columbus,OH,43204
3010,SULLIVANT AVE,,Columbus,OH,43204
2552,VANDERBERG AVE,,Columbus,OH,43204
2957,FREMONT ST,,Columbus,OH,43204
33,S RICHARDSON AVE,,Columbus,OH,43204
216,N EUREKA AVE,,Columbus,OH,43204
3377,RIEGELWOOD CT,,Columbus,OH,43204
79,OREL AVE,,Columbus,OH,43204
198,RANELLE DR,,Columbus,OH,43204
937,EUREKA AVE,,Columbus,OH,43204
42,S EUREKA AVE,,Columbus,OH,43204
86,N HALDY AVE,,Columbus,OH,43204
3050,SULLIVANT AVE,,Columbus,OH,43204
2401,EAKIN RD,,Columbus,OH,43204
351,N BRINKER AVE,,Columbus,OH,43204
2794,ROSEDALE AVE,,Columbus,OH,43204
3470,N WILSON RD,,Columbus,OH,43204
3185,EAKIN RD,,Columbus,OH,43204
821,CHESTERSHIRE RD,,Columbus,OH,43204
2367,HARDESTY CT,,Columbus,OH,43204
737,FEBOR CT,,Columbus,OH,43204
664,DERRER RD,,Columbus,OH,43204
769,S TERRACE AVE,,Columbus,OH,43204
3499,EAKIN RD,,Columbus,OH,43204
100,DERRER HEIGHT LN,,Columbus,OH,43204
187,S OGDEN AVE,,Columbus,OH,43204
2986,SULLIVANT AVE,,Columbus,OH,43204
338,N WARREN AVE,,Columbus,OH,43204
3502,WESTWAY DR,,Columbus,OH,43204
624,S HARRIS AVE,,Columbus,OH,43204
956,S HARRIS AVE,,Columbus,OH,43204
3396,CAMP CHASE DR,,Columbus,OH,43204
197,BINNS BLVD,,Columbus,OH,43204
2787,OTTIS CT,,Columbus,OH,43204
2790,QUARRY POINT,,Columbus,OH,43204
289,N BURGESS AVE,,Columbus,OH,43204
378,JOSEPHINE AVE,2,Columbus,OH,43204
500,S OGDEN AVE,,Columbus,OH,43204
3425,WILSON WOODS DR,C,Columbus,OH,43204
1599,RASPBERRY RUN DR,,Columbus,OH,43204
3641,EAKIN RD,UNIT A,Columbus,OH,43204
3490,WILKES CT,,Columbus,OH,43204
430,S WARREN AVE,APT B,Columbus,OH,43204
75,N TERRACE AVE,,Columbus,OH,43204
3183,W BROAD ST,,Columbus,OH,43204
3285,MEDOMA DR,,Columbus,OH,43204
1291,TREVOR CT,,Columbus,OH,43204
33,S TERRACE AVE,,Columbus,OH,43204
1891,MAPLEWAY DR,,Columbus,OH,43204
2144,QUARRY VALLEY RD,,Columbus,OH,43204
341,S ROYS AVE,,Columbus,OH,43204
863,CHESTERSHIRE RD,,Columbus,OH,43204
4019,DEER LAKE WAY,,Columbus,OH,43204
722,S BURGESS AVE,,Columbus,OH,43204
2345,HARDESTY CT,,Columbus,OH,43204
853,STEPHEN DR W,,Columbus,OH,43204
3292,MEDOMA DR,,Columbus,OH,43204
2321,QUARRY VALLEY RD,,Columbus,OH,43204
673,S WHEATLAND AVE,,Columbus,OH,43204
1874,LAKE SHORE DR,,Columbus,OH,43204
3245,SULLIVANT AVE,C,Columbus,OH,43204
1360,HAFTON WOODS DR,,Columbus,OH,43204
1535,RUNAWAY BAY DR,CN 3D,Columbus,OH,43204
1442,BAY SHORE DR,CN 2C,Columbus,OH,43204
168,S POWELL AVE,A,Columbus,OH,43204
40,N WILSON RD,,Columbus,OH,43204
653,S BURGESS AVE,,Columbus,OH,43204
139,S WESTMOOR AVE,,Columbus,OH,43204
503,S OGDEN AVE,,Columbus,OH,43204
3520,DERRER HILL DR,,Columbus,OH,43204
815,S TERRACE AVE,,Columbus,OH,43204
2625,MARBLEVISTA BLVD,,Columbus,OH,43204
132,DERRER RD,,Columbus,OH,43204
42,OREL AVE,,Columbus,OH,43204
81,N WARREN AVE,,Columbus,OH,43204
459,S WARREN AVE,,Columbus,OH,43204
797,S OGDEN AVE,,Columbus,OH,43204
751,KINGSFORD RD,,Columbus,OH,43204
644,S SYLVAN AVE,,Columbus,OH,43204
612,S WAYNE AVE,,Columbus,OH,43204
1357,TRADE WINDS DR,APT 207,Columbus,OH,43204
3425,SOUTH BLVD,,Columbus,OH,43204
474,S HAGUE AVE,,Columbus,OH,43204
1564,RUNAWAY BAY DR,CN 1B,Columbus,OH,43204
1396,GOLDMILL WAY,,Columbus,OH,43204
1734,QUARRY VIEW,,Columbus,OH,43204
640,DERRER RD,,Columbus,OH,43204
58,N SYLVAN AVE,L,Columbus,OH,43204
532,TRADE RD,,Columbus,OH,43204
3699,INTERCHANGE RD,,Columbus,OH,43204
389,S TERRACE AVE,,Columbus,OH,43204
1214,LAKE SHORE DR,UNIT C,Columbus,OH,43204
2384,SULLIVANT AVE,,Columbus,OH,43204
1330,LAKE SHORE DR,,Columbus,OH,43204
2950,VALLEY VIEW DR,,Columbus,OH,43204
120,N TERRACE AVE,,Columbus,OH,43204
3640,EAKIN RD,5C,Columbus,OH,43204
3458,WILSON WOODS DR,K,Columbus,OH,43204
1443,RUNAWAY BAY DR,CN 2A,Columbus,OH,43204
1339,BRONWYN AVE,,Columbus,OH,43204
2703,EAKIN RD,,Columbus,OH,43204
146,S HARRIS AVE,,Columbus,OH,43204
288,S SYLVAN AVE,,Columbus,OH,43204
959,ANTHONY DR,,Columbus,OH,43204
3147,RACE ST,,Columbus,OH,43204
87,N WESTGATE AVE,,Columbus,OH,43204
2824,FISHER RD,D,Columbus,OH,43204
2460,SULLIVANT AVE,,Columbus,OH,43204
3237,MCKINLEY AVE,12,Columbus,OH,43204
2706,HAFTON WOODS CT,,Columbus,OH,43204
2893,DIBBLEE AVE,,Columbus,OH,43204
1424,BAY SHORE DR,CN 2D,Columbus,OH,43204
1036,HARDESTY PL W,,Columbus,OH,43204
506,S WARREN AVE,,Columbus,OH,43204
330,S WAYNE AVE,,Columbus,OH,43204
352,S BURGESS AVE,,Columbus,OH,43204
1781,QUARRY VIEW,,Columbus,OH,43204
1103,ST MATTHEW AVE,,Columbus,OH,43204
1284,GRESHAM RD,,Columbus,OH,43204
107,S POWELL AVE,,Columbus,OH,43204
424,S BURGESS AVE,,Columbus,OH,43204
3149,BOWDOIN CIR,,Columbus,OH,43204
3008,OLIVE ST,,Columbus,OH,43204
3153,BOWDOIN CIR,,Columbus,OH,43204
1080,ST MATTHEW AVE,,Columbus,OH,43204
2883,WICKLOW RD,,Columbus,OH,43204
34,S WESTGATE AVE,,Columbus,OH,43204
945,SAFIN RD,,Columbus,OH,43204
233,FREMONT CT,,Columbus,OH,43204
494 1/2,JOSEPHINE AVE,,Columbus,OH,43204
58,DEMOREST AVE,,Columbus,OH,43204
3445,DERRER RUN DR,,Columbus,OH,43204
1326,LAKE SHORE DR,UNIT B,Columbus,OH,43204
2626,QUARRY LAKE DR,,Columbus,OH,43204
2817,LONGFIELD RD,,Columbus,OH,43204
779,CHESTERSHIRE RD,,Columbus,OH,43204
1785,QUARRY VIEW,,Columbus,OH,43204
109,N OGDEN AVE,,Columbus,OH,43204
3534,LINDENDALE DR,,Columbus,OH,43204
1355,THACKER CT,,Columbus,OH,43204
151,N WHEATLAND AVE,,Columbus,OH,43204
3924,BUSINESS PARK DR,,Columbus,OH,43204
247,S HARRIS AVE,,Columbus,OH,43204
831,S ROYS AVE,,Columbus,OH,43204
3291,PARKSIDE RD,,Columbus,OH,43204
77,S OAKLEY AVE,,Columbus,OH,43204
2811,RIDGE AVE,,Columbus,OH,43204
3134,WICKLOW RD,,Columbus,OH,43204
3775,INTERCHANGE RD,,Columbus,OH,43204
3027,ROSEDALE AVE,,Columbus,OH,43204
234,S HURON AVE,,Columbus,OH,43204
3247,NATHAN CT,,Columbus,OH,43204
35,S BURGESS AVE,A,Columbus,OH,43204
232,S RICHARDSON AVE,,Columbus,OH,43204
158,N WESTMOOR AVE,,Columbus,OH,43204
2371,HARDESTY CT,,Columbus,OH,43204
78,S WHEATLAND AVE,,Columbus,OH,43204
256,S HAGUE AVE,,Columbus,OH,43204
3070,STEELE AVE,,Columbus,OH,43204
1013,S EUREKA AVE,,Columbus,OH,43204
375,S CHASE AVE,,Columbus,OH,43204
3361,MIRIAM DR S,,Columbus,OH,43204
2873,CHESFIELD DR,,Columbus,OH,43204
526,TERRACE AVE,,Columbus,OH,43204
1071,HARDESTY PL E,,Columbus,OH,43204
2407,EAKIN RD,,Columbus,OH,43204
2686,SCIOTO STATION DR,,Columbus,OH,43204
123,S OAKLEY AVE,,Columbus,OH,43204
1839,MARBLE CLIFF CROSSING CT,,Columbus,OH,43204
117,DERRER RD,,Columbus,OH,43204
634,S WHEATLAND AVE,,Columbus,OH,43204
1414,LAKE SHORE DR,,Columbus,OH,43204
180,N TERRACE AVE,,Columbus,OH,43204
272,S ROYS AVE,,Columbus,OH,43204
890,S HAGUE AVE,,Columbus,OH,43204
486,S HARRIS AVE,,Columbus,OH,43204
2447,W BROAD ST,,Columbus,OH,43204
1322,RUNAWAY BAY DR,CN 3A,Columbus,OH,43204
2789,MARBLEVISTA BLVD,,Columbus,OH,43204
49,S HARRIS AVE,,Columbus,OH,43204
1412,LAKE SHORE DR,,Columbus,OH,43204
3256,VANDERBERG AVE,,Columbus,OH,43204
222,POWHATAN AVE,,Columbus,OH,43204
2434,HARDESTY DR S,,Columbus,OH,43204
2829,LA VISTA DR,,Columbus,OH,43204
326,S WHEATLAND AVE,,Columbus,OH,43204
228,S WARREN AVE,,Columbus,OH,43204
3567,WILSON WOODS DR,J,Columbus,OH,43204
3596,TRABUE RD,,Columbus,OH,43204
801,S BURGESS AVE,,Columbus,OH,43204
1303,LAKE SHORE DR,UNIT A,Columbus,OH,43204
3663,DRAGONFLY DR,,Columbus,OH,43204
1845,SAN REMO DR,,Columbus,OH,43204
3010,MCKINLEY AVE,,Columbus,OH,43204
120,N WARREN AVE,,Columbus,OH,43204
2825,LA VISTA DR,,Columbus,OH,43204
1201,LAKE SHORE DR,UNIT B,Columbus,OH,43204
1159,DEMOREST RD,,Columbus,OH,43204
2832,FISHER RD,,Columbus,OH,43204
702,S WAYNE AVE,,Columbus,OH,43204
262,S WHEATLAND AVE,,Columbus,OH,43204
2506,VANDERBERG AVE,,Columbus,OH,43204
655,S HARRIS AVE,,Columbus,OH,43204
213,N OAKLEY AVE,,Columbus,OH,43204
1420,RUNAWAY BAY DR,CN 1B,Columbus,OH,43204
537,S WHEATLAND AVE,,Columbus,OH,43204
281,S SOUTHAMPTON AVE,,Columbus,OH,43204
398,S POWELL AVE,,Columbus,OH,43204
3118,VALLEY VIEW DR,,Columbus,OH,43204
3418,BRIGGS RD,,Columbus,OH,43204
40,N WARREN AVE,,Columbus,OH,43204
3670,DRAGONFLY DR,,Columbus,OH,43204
60,LETCHWORTH AVE,,Columbus,OH,43204
1558,QUARRY VIEW,,Columbus,OH,43204
1426,SUNFLOWER DR,,Columbus,OH,43204
686,SALISBURY RD,,Columbus,OH,43204
2549,SPAATZ AVE,,Columbus,OH,43204
780,RACINE AVE,,Columbus,OH,43204
228,S HAGUE AVE,,Columbus,OH,43204
2942,SULLIVANT AVE,,Columbus,OH,43204
11 1/2,N POWELL AVE,,Columbus,OH,43204
1875,MARBLE CLIFF CROSSING CT,,Columbus,OH,43204
76,N OAKLEY AVE,,Columbus,OH,43204
2965,WICKLOW RD,,Columbus,OH,43204
115,DERRER DEN LN,,Columbus,OH,43204
2842,W BROAD ST,,Columbus,OH,43204
196,N HURON AVE,C,Columbus,OH,43204
3221,PARKSIDE RD,,Columbus,OH,43204
2384,W BROAD ST,,Columbus,OH,43204
172,S ROYS AVE,,Columbus,OH,43204
3019,PARKSIDE RD,,Columbus,OH,43204
3444,DERRER FIELD DR,,Columbus,OH,43204
2534,RIDGE AVE,,Columbus,OH,43204
148,S TERRACE AVE,,Columbus,OH,43204
2861,CHESFIELD DR,,Columbus,OH,43204
610,CHESTERSHIRE RD,,Columbus,OH,43204
818,S HAGUE AVE,,Columbus,OH,43204
1503,RUNAWAY BAY DR,CN 3D,Columbus,OH,43204
123,S ALGONQUIN AVE,,Columbus,OH,43204
2701,CRAIG CT,,Columbus,OH,43204
137,N ROYS AVE,,Columbus,OH,43204
420,S POWELL AVE,C,Columbus,OH,43204
1374,RUNAWAY BAY DR,CN 2A,Columbus,OH,43204
3929,FARM BROOK LN,,Columbus,OH,43204
2539,SUTTON AVE,,Columbus,OH,43204
3376,BRICHAR WAY,,Columbus,OH,43204
277,S EUREKA AVE,,Columbus,OH,43204
3350,WICKLOW RD,,Columbus,OH,43204
209,N OAKLEY AVE,,Columbus,OH,43204
236,S SYLVAN AVE,,Columbus,OH,43204
25,S BRINKER AVE,,Columbus,OH,43204
144,S POWELL AVE,,Columbus,OH,43204
288,N HARRIS AVE,,Columbus,OH,43204
1360,VAUXHALL PL,,Columbus,OH,43204
3237,MCKINLEY AVE,15,Columbus,OH,43204
2603,MCKINLEY AVE,,Columbus,OH,43204
231,ELDON AVE,,Columbus,OH,43204
2493,W BROAD ST,,Columbus,OH,43204
904,VANDERBERG PL,,Columbus,OH,43204
2662,FISHER RD,,Columbus,OH,43204
3380,EAKIN RD,,Columbus,OH,43204
943,S HAGUE AVE,,Columbus,OH,43204
180,N SYLVAN AVE,UNIT H,Columbus,OH,43204
3684,GRIMES DR,,Columbus,OH,43204
2569,QUARRY LAKE DR,,Columbus,OH,43204
1500,HIGHBROOK DR,,Columbus,OH,43204
775,S ROYS AVE,,Columbus,OH,43204
693,S WAYNE AVE,,Columbus,OH,43204
1804,SAN REMO DR,,Columbus,OH,43204
203,S BURGESS AVE,,Columbus,OH,43204
65,S HAGUE AVE,,Columbus,OH,43204
118,N HAGUE AVE,,Columbus,OH,43204
3465,GREAT WESTERN BLVD,UNIT 100,Columbus,OH,43204
3165,SULLIVANT AVE,UNIT K,Columbus,OH,43204
1329,LAKE SHORE DR,UNIT,Columbus,OH,43204
73,S WAYNE AVE,,Columbus,OH,43204
530,TERRACE AVE,,Columbus,OH,43204
67,N BURGESS AVE,,Columbus,OH,43204
758,S EUREKA AVE,,Columbus,OH,43204
1310,LOWLAND CT,,Columbus,OH,43204
76,S ROYS AVE,,Columbus,OH,43204
1498,RUNAWAY BAY DR,CN 2C,Columbus,OH,43204
948,WILTSHIRE RD,,Columbus,OH,43204
3485,DERRER RUN DR,,Columbus,OH,43204
129,N CHASE AVE,,Columbus,OH,43204
2646,W BROAD ST,,Columbus,OH,43204
725,BINNS BLVD,,Columbus,OH,43204
3695,GRIMES DR,,Columbus,OH,43204
885,VANDERBERG PL,,Columbus,OH,43204
3165,SULLIVANT AVE,UNIT B,Columbus,OH,43204
210,S WAYNE AVE,UNIT A,Columbus,OH,43204
834,S HAGUE AVE,,Columbus,OH,43204
235,S WARREN AVE,,Columbus,OH,43204
2527,SULLIVANT AVE,,Columbus,OH,43204
2677,MARBLEVISTA BLVD,,Columbus,OH,43204
679,S OAKLEY AVE,,Columbus,OH,43204
1523,RUNAWAY BAY DR,,Columbus,OH,43204
1297,LOWLAND CT,,Columbus,OH,43204
2588,MARBLEVISTA BLVD,,Columbus,OH,43204
3831,TWIN CREEKS DR,,Columbus,OH,43204
2940,PARKSIDE RD,,Columbus,OH,43204
641,S WHEATLAND AVE,,Columbus,OH,43204
240,S ALGONQUIN AVE,,Columbus,OH,43204
176,N WILSON RD,,Columbus,OH,43204
1951,MAPLEWAY DR,,Columbus,OH,43204
3312,EAKIN RD,,Columbus,OH,43204
28,S ROYS AVE,,Columbus,OH,43204
2684,ROSEDALE AVE,,Columbus,OH,43204
93,N WESTGATE AVE,,Columbus,OH,43204
78,N SYLVAN AVE,J,Columbus,OH,43204
101,N EUREKA AVE,,Columbus,OH,43204
62,S WESTGATE AVE,,Columbus,OH,43204
3406,WILSON WOODS DR,E,Columbus,OH,43204
39,S WAYNE AVE,,Columbus,OH,43204
1020,BROOKS END CT,,Columbus,OH,43204
460,S HURON AVE,,Columbus,OH,43204
972,ANTHONY DR,,Columbus,OH,43204
1163,BELLFLOWER AVE,,Columbus,OH,43204
63,N WHEATLAND AVE,,Columbus,OH,43204
1443,RUNAWAY BAY DR,CN 3C,Columbus,OH,43204
3434,WILSON WOODS DR,E,Columbus,OH,43204
39,N POWELL AVE,,Columbus,OH,43204
2813,LA VISTA DR,,Columbus,OH,43204
215,N HALDY AVE,,Columbus,OH,43204
693,S OGDEN AVE,,Columbus,OH,43204
235,N TERRACE AVE,,Columbus,OH,43204
669,LANCE CT,,Columbus,OH,43204
3174,EL NINO DR,,Columbus,OH,43204
128,N HURON AVE,,Columbus,OH,43204
2812,QUARRY POINT,,Columbus,OH,43204
91,S ROYS AVE,,Columbus,OH,43204
3576,LINDENDALE DR,,Columbus,OH,43204
3165,SULLIVANT AVE,UNIT G,Columbus,OH,43204
272,POWELL CIR,UNIT A,Columbus,OH,43204
1424,BAY SHORE DR,CN 1B,Columbus,OH,43204
354,S TERRACE AVE,,Columbus,OH,43204
613,BINNS BLVD,,Columbus,OH,43204
2665,MARBLEVISTA BLVD,,Columbus,OH,43204
3407,MICHAEL CT,,Columbus,OH,43204
3641,INTERCHANGE RD,,Columbus,OH,43204
3755,INTERCHANGE RD,,Columbus,OH,43204
3273,RACE ST,,Columbus,OH,43204
420,S RICHARDSON AVE,,Columbus,OH,43204
1402,BROOKFOREST DR,,Columbus,OH,43204
1440,PEACH BLOSSOM CT,,Columbus,OH,43204
1965,LAKE SHORE DR,,Columbus,OH,43204
907,S HARRIS AVE,,Columbus,OH,43204
806,S RICHARDSON AVE,,Columbus,OH,43204
960,S BRINKER AVE,,Columbus,OH,43204
112,N WILSON RD,,Columbus,OH,43204
3144,WICKLOW RD,,Columbus,OH,43204
381,S OGDEN AVE,,Columbus,OH,43204
1247,WARBLE DR,,Columbus,OH,43204
3428,WILSON WOODS DR,C,Columbus,OH,43204
2399,PALMETTO ST,,Columbus,OH,43204
2770,MARBLEVISTA BLVD,,Columbus,OH,43204
3729,WINDWARD WAY,APT 302,Columbus,OH,43204
375,S WAYNE AVE,,Columbus,OH,43204
3649,DRAGONFLY DR,,Columbus,OH,43204
3007,PARKSIDE RD,UNIT A,Columbus,OH,43204
186,S BRINKER AVE,,Columbus,OH,43204
310,S WARREN AVE,,Columbus,OH,43204
626,SALISBURY RD,,Columbus,OH,43204
2772,REGINA AVE,,Columbus,OH,43204
832,LINDENDALE CT,,Columbus,OH,43204
2754,QUARRY LAKE DR,,Columbus,OH,43204
220,S OAKLEY AVE,,Columbus,OH,43204
1305,LOWLAND CT,,Columbus,OH,43204
1812,LAKE SHORE DR,,Columbus,OH,43204
2501,SULLIVANT AVE,,Columbus,OH,43204
824,KINGSFORD RD,,Columbus,OH,43204
483,S OGDEN AVE,,Columbus,OH,43204
3191,W BROAD ST,,Columbus,OH,43204
2542,W BROAD ST,,Columbus,OH,43204
252,N BRINKER AVE,,Columbus,OH,43204
3348,MIRIAM DR S,,Columbus,OH,43204
985,S BRINKER AVE,,Columbus,OH,43204
2761,VANDERBERG AVE,,Columbus,OH,43204
2764,VANDERBERG AVE,,Columbus,OH,43204
156,N EUREKA AVE,,Columbus,OH,43204
945,S BRINKER AVE,,Columbus,OH,43204
3096,MARY AVE,,Columbus,OH,43204
2642,VANDERBERG AVE,,Columbus,OH,43204
972,WILTSHIRE RD,,Columbus,OH,43204
58,N POWELL AVE,,Columbus,OH,43204
281,S HAGUE AVE,,Columbus,OH,43204
1185,TREEHAVEN LN,,Columbus,OH,43204
1392,CIDERMILL CT,,Columbus,OH,43204
614,SALISBURY RD,,Columbus,OH,43204
54,S TERRACE AVE,,Columbus,OH,43204
1390,BAY SHORE DR,,Columbus,OH,43204
744,N WILSON RD,,Columbus,OH,43204
3417,WILSON WOODS DR,D,Columbus,OH,43204
2731,EAKIN RD,,Columbus,OH,43204
3208,VALLEY VIEW DR,,Columbus,OH,43204
228,N EUREKA AVE,,Columbus,OH,43204
1216,LAKE SHORE DR,UNIT B,Columbus,OH,43204
447,DEMOREST AVE,,Columbus,OH,43204
751,KINGSFORD RD,UNIT C,Columbus,OH,43204
102,S HARRIS AVE,,Columbus,OH,43204
1303,GLEN COVE WAY,,Columbus,OH,43204
3614,EDSON DR,,Franklin Twp,OH,43204
2924,VALLEY VIEW DR,,Columbus,OH,43204
452,S HURON AVE,,Columbus,OH,43204
274,S BRINKER AVE,,Columbus,OH,43204
3546,WILSON WOODS DR,H,Columbus,OH,43204
3928,BUSINESS PARK DR,,Columbus,OH,43204
1371,TRADE WINDS DR,APT 305,Columbus,OH,43204
102,N BRINKER AVE,,Columbus,OH,43204
680,S WAYNE AVE,,Columbus,OH,43204
2659,REGINA AVE,,Columbus,OH,43204
487,JOSEPHINE AVE,,Columbus,OH,43204
250,S POWELL AVE,UNIT A,Columbus,OH,43204
970,MIRIAM DR E,,Columbus,OH,43204
15,N ROYS AVE,,Columbus,OH,43204
437,N WESTMOOR AVE,,Columbus,OH,43204
364,S CHASE AVE,B,Columbus,OH,43204
1575,RASPBERRY RUN DR,,Columbus,OH,43204
2928,ABBOTS COVE BLVD,,Columbus,OH,43204
58,N WESTGATE AVE,,Columbus,OH,43204
668,S WARREN AVE,,Columbus,OH,43204
352,N BRINKER AVE,,Columbus,OH,43204
1240,RIEGELWOOD LN,,Columbus,OH,43204
675,S SYLVAN AVE,,Columbus,OH,43204
656,CHESTERSHIRE RD,,Columbus,OH,43204
2901,ABBOTS COVE BLVD,,Columbus,OH,43204
356,S EUREKA AVE,,Columbus,OH,43204
70,S WHEATLAND AVE,,Columbus,OH,43204
2584,EAKIN RD,,Columbus,OH,43204
242,N SOUTHAMPTON AVE,,Columbus,OH,43204
310,S HARRIS AVE,,Columbus,OH,43204
23,S OAKLEY AVE,,Columbus,OH,43204
2533,STEELE AVE,,Columbus,OH,43204
1212,LAKE SHORE DR,UNIT A,Columbus,OH,43204
64,N HARRIS AVE,,Columbus,OH,43204
2729,MARBLEVISTA BLVD,,Columbus,OH,43204
549,S WHEATLAND AVE,,Columbus,OH,43204
3953,DEER LAKE WAY,,Columbus,OH,43204
3374,SULLIVANT AVE,,Columbus,OH,43204
1332,PINNACLE DR,,Columbus,OH,43204
246,S RICHARDSON AVE,,Columbus,OH,43204
930,S ROYS AVE,UNIT B,Columbus,OH,43204
4007,DEER LAKE WAY,,Columbus,OH,43204
900,N WILSON RD,,Columbus,OH,43204
248,N BURGESS AVE,,Columbus,OH,43204
2677,QUARRY POINT,,Columbus,OH,43204
743,MACLAM DR,,Columbus,OH,43204
1414,RUNAWAY BAY DR,CN 1C,Columbus,OH,43204
73,N HAGUE AVE,,Columbus,OH,43204
100,S HAGUE AVE,,Columbus,OH,43204
3369,SULLIVANT AVE,,Columbus,OH,43204
651,DEXTER AVE,,Columbus,OH,43204
772,S HARRIS AVE,,Columbus,OH,43204
3495,WILSON WOODS DR,,Columbus,OH,43204
156,S SOUTHAMPTON AVE,,Columbus,OH,43204
527,S EUREKA AVE,,Columbus,OH,43204
186,N TERRACE AVE,,Columbus,OH,43204
303,JOSEPHINE AVE,,Columbus,OH,43204
112,N ROYS AVE,,Columbus,OH,43204
244,N SOUTHAMPTON AVE,,Columbus,OH,43204
3443,DERRER CT S,,Columbus,OH,43204
2361,HARDESTY DR N,,Columbus,OH,43204
1388,GOLDMILL WAY,,Columbus,OH,43204
129,S BURGESS AVE,,Columbus,OH,43204
362,S WARREN AVE,,Columbus,OH,43204
564,CHESTERSHIRE RD,,Columbus,OH,43204
152,N HAGUE AVE,,Columbus,OH,43204
1492,RUNAWAY BAY DR,CN 2D,Columbus,OH,43204
39,S BURGESS AVE,,Columbus,OH,43204
3523,WILSON WOODS DR,,Columbus,OH,43204
1371,TRADE WINDS DR,APT 207,Columbus,OH,43204
3591,FERRELL PL,,Columbus,OH,43204
2654,QUARRY POINT,,Columbus,OH,43204
2533,VANDERBERG AVE,,Columbus,OH,43204
3201,SULLIVANT AVE,,Columbus,OH,43204
1223,RIEGELWOOD LN,,Columbus,OH,43204
3421,SOUTH BLVD,,Columbus,OH,43204
1454,RUNAWAY BAY DR,CN 2B,Columbus,OH,43204
1213,LAKE SHORE DR,UNIT C,Columbus,OH,43204
1498,RUNAWAY BAY DR,,Columbus,OH,43204
2815,ABBOTS COVE BLVD,,Columbus,OH,43204
3941,CIDERMILL DR,,Columbus,OH,43204
3434,WILSON WOODS DR,A,Columbus,OH,43204
1149,ST MATTHEW AVE,,Columbus,OH,43204
3237,MCKINLEY AVE,81,Columbus,OH,43204
1385,WINESAP DR,,Columbus,OH,43204
2516,W BROAD ST,,Columbus,OH,43204
671,S WARREN AVE,,Columbus,OH,43204
23,N OAKLEY AVE,,Columbus,OH,43204
1208,ST CECELIA DR,,Columbus,OH,43204
3536,FISHER RD,,Columbus,OH,43204
3468,WESTWAY DR,,Columbus,OH,43204
1129,S HAGUE AVE,,Columbus,OH,43204
739,RACINE AVE,,Columbus,OH,43204
2493,MARBLEVISTA BLVD,,Columbus,OH,43204
3237,MCKINLEY AVE,82,Columbus,OH,43204
81,S OAKLEY AVE,,Columbus,OH,43204
2715 1/2,SULLIVANT AVE,,Columbus,OH,43204
338,S CHASE AVE,,Columbus,OH,43204
1436,BAY SHORE DR,CN 2B,Columbus,OH,43204
2688,RUTH CT,,Columbus,OH,43204
244,S HARRIS AVE,,Columbus,OH,43204
641,S OGDEN AVE,,Columbus,OH,43204
3280 1/2,W BROAD ST,,Columbus,OH,43204
2885,WICKLOW RD,,Columbus,OH,43204
2670,ROSEDALE AVE,,Columbus,OH,43204
2800,FISHER RD,,Columbus,OH,43204
2824,FISHER RD,A,Columbus,OH,43204
3666,DRAGONFLY DR,,Columbus,OH,43204
60,DERRER RD,,Columbus,OH,43204
1367,VAUXHALL PL,,Columbus,OH,43204
3488,WILKES CT,,Columbus,OH,43204
3237,MCKINLEY AVE,51,Columbus,OH,43204
2936,LA VISTA DR,UNIT C,Columbus,OH,43204
268,S ROYS AVE,CATV,Columbus,OH,43204
3593,INTERCHANGE RD,,Columbus,OH,43204
1354,EMELINE CT,,Columbus,OH,43204
190,N HURON AVE,G,Columbus,OH,43204
48,N BRINKER AVE,,Columbus,OH,43204
29,N BURGESS AVE,,Columbus,OH,43204
3132,TELHAM DR,,Columbus,OH,43204
2375,KEEP PL,,Columbus,OH,43204
740,S EUREKA AVE,,Columbus,OH,43204
3998,CLAYFORD DR,,Columbus,OH,43204
139,N BURGESS AVE,,Columbus,OH,43204
2787,ABBOTS COVE BLVD,,Columbus,OH,43204
161,S OAKLEY AVE,,Columbus,OH,43204
255,S HARRIS AVE,,Columbus,OH,43204
2497,QUARRY VALLEY RD,,Columbus,OH,43204
1941,MARBLE CLIFF CROSSING CT,,Columbus,OH,43204
1316,RUNAWAY BAY DR,CN 3D,Columbus,OH,43204
1441,LAKE SHORE DR,,Columbus,OH,43204
145,N WHEATLAND AVE,,Columbus,OH,43204
1201,LAKE SHORE DR,,Columbus,OH,43204
3102,VALLEY VIEW DR,,Columbus,OH,43204
933,ANTHONY DR,,Columbus,OH,43204
1430,CROSS CREEK DR,L,Columbus,OH,43204
2752,QUARRY LAKE DR,,Columbus,OH,43204
182,S SYLVAN AVE,,Columbus,OH,43204
180,S OGDEN AVE,,Columbus,OH,43204
195,N HARRIS AVE,,Columbus,OH,43204
3333,W BROAD ST,2,Columbus,OH,43204
77,N WHEATLAND AVE,,Columbus,OH,43204
622,BINNS BLVD,,Columbus,OH,43204
3478,DERRER FIELD DR,,Columbus,OH,43204
3345,ONSLOW CT,,Columbus,OH,43204
85,S WESTMOOR AVE,,Columbus,OH,43204
2904,CRESCENT DR,,Columbus,OH,43204
342,S POWELL AVE,,Columbus,OH,43204
233,N OGDEN AVE,,Columbus,OH,43204
1368,RUNAWAY BAY DR,CN 1A,Columbus,OH,43204
87,N WESTMOOR AVE,UNIT D,Columbus,OH,43204
123,N BURGESS AVE,,Columbus,OH,43204
2465,W BROAD ST,,Columbus,OH,43204
895,S EUREKA AVE,,Columbus,OH,43204
2700,SULLIVANT AVE,,Columbus,OH,43204
265,S HARRIS AVE,,Columbus,OH,43204
2472,WESTWOOD DR,,Columbus,OH,43204
1083,CHESTERSHIRE RD,,Columbus,OH,43204
1269,GRESHAM RD,,Columbus,OH,43204
11,N ROYS AVE,,Columbus,OH,43204
1468,HIGHBROOK DR,,Columbus,OH,43204
2455,SULLIVANT AVE,,Columbus,OH,43204
2471,QUARRY VALLEY RD,,Columbus,OH,43204
2526,SULLIVANT AVE,,Columbus,OH,43204
193,N HAGUE AVE,,Columbus,OH,43204
1155,TREEHAVEN LN,,Columbus,OH,43204
37,N BURGESS AVE,,Columbus,OH,43204
36,N ROYS AVE,,Columbus,OH,43204
3552,LINDENDALE DR,,Columbus,OH,43204
2796,OTTIS CT,UNIT F,Columbus,OH,43204
1552,QUARRY VIEW,,Columbus,OH,43204
3123,ELLIS PL,,Columbus,OH,43204
2869,SULLIVANT AVE,B,Columbus,OH,43204
2637,MARBLEVISTA BLVD,,Columbus,OH,43204
3484,WILSON WOODS DR,J,Columbus,OH,43204
1322,RUNAWAY BAY DR,CN 3B,Columbus,OH,43204
385,S RICHARDSON AVE,,Columbus,OH,43204
864,KINGSFORD RD,,Columbus,OH,43204
389,S OGDEN AVE,,Columbus,OH,43204
28,N WESTMOOR AVE,,Columbus,OH,43204
189,S WARREN AVE,,Columbus,OH,43204
300,S WAYNE AVE,,Columbus,OH,43204
196,N WARREN AVE,,Columbus,OH,43204
2478,QUARRY LAKE DR,,Columbus,OH,43204
836,S HARRIS AVE,,Columbus,OH,43204
2261,QUARRY VALLEY RD,,Columbus,OH,43204
668,BRIXHAM RD,,Columbus,OH,43204
227,ELDON AVE,,Columbus,OH,43204
675,S HARRIS AVE,,Columbus,OH,43204
1376,BAY SHORE DR,CN 1A,Columbus,OH,43204
3359,SOUTH BLVD,,Columbus,OH,43204
615,KINGSFORD RD,,Columbus,OH,43204
640,POWHATAN AVE,,Columbus,OH,43204
623,S WAYNE AVE,,Columbus,OH,43204
132,N WAYNE AVE,,Columbus,OH,43204
849,BINNS BLVD,,Columbus,OH,43204
1257,LAKE SHORE DR,UNIT B,Columbus,OH,43204
49,N WAYNE AVE,,Columbus,OH,43204
215,S SYLVAN AVE,,Columbus,OH,43204
980,MIRIAM DR E,,Columbus,OH,43204
177,S TERRACE AVE,,Columbus,OH,43204
3130,VALLEY VIEW DR,,Columbus,OH,43204
245,FREMONT CT,,Columbus,OH,43204
328,JOSEPHINE AVE,,Columbus,OH,43204
626,S TERRACE AVE,,Columbus,OH,43204
208,S ALGONQUIN AVE,,Columbus,OH,43204
122,N HURON AVE,,Columbus,OH,43204
2636,QUARRY LAKE DR,,Columbus,OH,43204
3595,EDSON DR,,Columbus,OH,43204
86,DEMOREST AVE,,Columbus,OH,43204
967,MIRIAM DR E,,Columbus,OH,43204
814,S OGDEN AVE,,Columbus,OH,43204
3475,DERRER RUN DR,,Columbus,OH,43204
51,S WESTGATE AVE,,Columbus,OH,43204
2795,MARBLEVISTA BLVD,,Columbus,OH,43204
2495,MARBLEVISTA BLVD,,Columbus,OH,43204
284,POWELL CIR,UNIT D,Columbus,OH,43204
3237,MCKINLEY AVE,21,Columbus,OH,43204
2484,VANDERBERG AVE,,Columbus,OH,43204
686,CHESTERSHIRE RD,,Columbus,OH,43204
424,S WARREN AVE,,Columbus,OH,43204
3869,POPLAR BEND DR,,Columbus,OH,43204
796,WILTSHIRE RD,,Columbus,OH,43204
3560,WILSON WOODS DR,L,Columbus,OH,43204
3450,WILSON WOODS DR,K,Columbus,OH,43204
1368,LAKE SHORE DR,A,Columbus,OH,43204
1925,MAPLEWAY DR,,Columbus,OH,43204
3237,MEDOMA DR,,Columbus,OH,43204
3561,WILSON WOODS DR,C,Columbus,OH,43204
67,S TERRACE AVE,,Columbus,OH,43204
44,DEMOREST AVE,,Columbus,OH,43204
3295,SULLIVANT AVE,UNIT G,Columbus,OH,43204
1550,N WILSON RD,,Columbus,OH,43204
754,S TERRACE AVE,,Columbus,OH,43204
188,DEMOREST AVE,,Columbus,OH,43204
587,WILTSHIRE RD,,Columbus,OH,43204
3605,INTERCHANGE RD,,Columbus,OH,43204
458,S WAYNE AVE,,Columbus,OH,43204
70,N SYLVAN AVE,,Columbus,OH,43204
130,S POWELL AVE,,Columbus,OH,43204
68,N SYLVAN AVE,G,Columbus,OH,43204
42,N CHASE AVE,,Columbus,OH,43204
2551,EAKIN RD,,Columbus,OH,43204
675,KINGSFORD RD,UNIT B2,Columbus,OH,43204
929,MIRIAM DR W,,Columbus,OH,43204
913,RACINE AVE,,Columbus,OH,43204
3569,LINDENDALE DR,,Columbus,OH,43204
141,S HARRIS AVE,,Columbus,OH,43204
3565,INTERCHANGE RD,,Columbus,OH,43204
29,S HARRIS AVE,,Columbus,OH,43204
677,WILTSHIRE RD,,Columbus,OH,43204
1516,RUNAWAY BAY DR,CN 1A,Columbus,OH,43204
3276,SULLIVANT AVE,,Columbus,OH,43204
3237,MCKINLEY AVE,53,Columbus,OH,43204
543,S WAYNE AVE,,Columbus,OH,43204
796,BRIXHAM RD,,Columbus,OH,43204
1396,CROSS CREEK DR,G,Columbus,OH,43204
217,S WARREN AVE,,Columbus,OH,43204
2898,LA VISTA DR,,Columbus,OH,43204
1074,BELLFLOWER AVE,,Columbus,OH,43204
1065,HARDESTY PL E,,Columbus,OH,43204
3729,WINDWARD WAY,APT 200,Columbus,OH,43204
222,S POWELL AVE,,Columbus,OH,43204
3025,WESTMOOR CT,,Columbus,OH,43204
568,S OGDEN AVE,,Columbus,OH,43204
112,S TERRACE AVE,,Columbus,OH,43204
613,N HAGUE AVE,,Columbus,OH,43204
3482,RACE ST,,Columbus,OH,43204
2740,ST PATRICK RD,,Columbus,OH,43204
842,REGINA CT,B,Columbus,OH,43204
242,N WARREN AVE,,Columbus,OH,43204
900,S HAGUE AVE,,Columbus,OH,43204
99,S HAGUE AVE,,Columbus,OH,43204
1017,SALISBURY RD,,Columbus,OH,43204
267,S OAKLEY AVE,,Columbus,OH,43204
296,DERRER RD,,Columbus,OH,43204
643,DEMOREST RD,,Columbus,OH,43204
741,KINGSFORD RD,UNIT C,Columbus,OH,43204
2518,KREBER AVE,,Columbus,OH,43204
689,S RICHARDSON AVE,,Columbus,OH,43204
3791,FARM BROOK LN,,Columbus,OH,43204
260,N WAYNE AVE,,Columbus,OH,43204
2311,QUARRY VALLEY RD,,Columbus,OH,43204
1201,N WILSON RD,,Columbus,OH,43204
238,N HARRIS AVE,,Columbus,OH,43204
695,ATHENS AVE,,Columbus,OH,43204
111,DERRER HEIGHT LN,,Columbus,OH,43204
34,N WAYNE AVE,,Columbus,OH,43204
3458,STALLING CT,,Columbus,OH,43204
904,MIRIAM DR W,,Columbus,OH,43204
55,S OGDEN AVE,,Columbus,OH,43204
2797,OTTIS CT,,Columbus,OH,43204
2395,LOUDEN AVE,,Columbus,OH,43204
1322,RUNAWAY BAY DR,CN 1C,Columbus,OH,43204
2745,CAROL AVE,,Columbus,OH,43204
96,DERRER DEN LN,,Columbus,OH,43204
194,N ROYS AVE,,Columbus,OH,43204
169,S WESTMOOR AVE,,Columbus,OH,43204
3122,STEELE AVE,,Columbus,OH,43204
260,N HARRIS AVE,,Columbus,OH,43204
661,KINGSFORD RD,UNIT 2A,Columbus,OH,43204
201,N BURGESS AVE,,Columbus,OH,43204
1442,BAY SHORE DR,CN 2D,Columbus,OH,43204
3450,WILSON WOODS DR,B,Columbus,OH,43204
1325,LAKE SHORE DR,,Columbus,OH,43204
656,S EUREKA AVE,,Columbus,OH,43204
202,ELDON AVE,,Columbus,OH,43204
2774,SCIOTO STATION DR,,Columbus,OH,43204
224,S TERRACE AVE,,Columbus,OH,43204
1101,HARDESTY PL E,,Columbus,OH,43204
85,S ROYS AVE,,Columbus,OH,43204
680,DEXTER AVE,,Columbus,OH,43204
1173,TREEHAVEN LN,,Columbus,OH,43204
611,WILTSHIRE RD,,Columbus,OH,43204
381,S POWELL AVE,,Columbus,OH,43204
80,S HAGUE AVE,,Columbus,OH,43204
475,DEMOREST AVE,,Columbus,OH,43204
750,KINGSFORD RD,,Columbus,OH,43204
2572,EAKIN RD,,Columbus,OH,43204
130,S OAKLEY AVE,,Columbus,OH,43204
915,SALISBURY RD,,Columbus,OH,43204
2769,ST JOSEPH AVE,,Columbus,OH,43204
2801,ST JOSEPH AVE,,Columbus,OH,43204
2694,W BROAD ST,H,Columbus,OH,43204
3436,SULLIVANT AVE,,Columbus,OH,43204
913,S HARRIS AVE,,Columbus,OH,43204
4061,WILD ASH DR,,Columbus,OH,43204
3656,DRAGONFLY DR,,Columbus,OH,43204
282,S RICHARDSON AVE,,Columbus,OH,43204
501,N POWELL AVE,,Columbus,OH,43204
816,S EUREKA AVE,,Columbus,OH,43204
103,POWHATAN AVE,,Columbus,OH,43204
3428,WILSON WOODS DR,D,Columbus,OH,43204
2341,W BROAD ST,,Columbus,OH,43204
383,S POWELL AVE,,Columbus,OH,43204
1498,RUNAWAY BAY DR,CN 1B,Columbus,OH,43204
1740,QUARRY VIEW,,Columbus,OH,43204
31,S HURON AVE,,Columbus,OH,43204
2729,RIDGE AVE,,Columbus,OH,43204
3237,MCKINLEY AVE,90,Columbus,OH,43204
2947,LA VISTA DR,,Columbus,OH,43204
307,S SYLVAN AVE,,Columbus,OH,43204
1323,BROOKFOREST DR,,Columbus,OH,43204
264,N BRINKER AVE,,Columbus,OH,43204
79,N HAGUE AVE,,Columbus,OH,43204
3588,FARMHURST LN,,Columbus,OH,43204
874,STEPHEN DR W,,Columbus,OH,43204
992,S HAGUE AVE,,Columbus,OH,43204
2333,QUARRY VALLEY RD,,Columbus,OH,43204
475,DERRER RD,,Columbus,OH,43204
27,N POWELL AVE,,Columbus,OH,43204
782,CHESTERSHIRE RD,,Columbus,OH,43204
2930,PALMETTO ST,,Columbus,OH,43204
2245,QUARRY VALLEY RD,,Columbus,OH,43204
326,S WARREN AVE,,Columbus,OH,43204
641,SALISBURY RD,,Columbus,OH,43204
628,S OGDEN AVE,,Columbus,OH,43204
2900,CRESCENT DR,,Columbus,OH,43204
3107,ELLIS PL,,Columbus,OH,43204
338,S HARRIS AVE,,Columbus,OH,43204
3443,STALLING CT,,Columbus,OH,43204
3179,BOWDOIN CIR,,Columbus,OH,43204
3410,BRIGGS RD,,Columbus,OH,43204
1249,GRESHAM RD,,Columbus,OH,43204
2001,QUARRY VALLEY RD,,Columbus,OH,43204
95,N ROYS AVE,,Columbus,OH,43204
144,S WHEATLAND AVE,,Columbus,OH,43204
2164,QUARRY VALLEY RD,,Columbus,OH,43204
1235,TREEHAVEN LN,,Columbus,OH,43204
910,SALISBURY RD,,Columbus,OH,43204
3973,DEER LAKE WAY,,Columbus,OH,43204
319,S POWELL AVE,,Columbus,OH,43204
136,S ALGONQUIN AVE,,Columbus,OH,43204
3237,MCKINLEY AVE,100,Columbus,OH,43204
3251,MCKINLEY AVE,,Columbus,OH,43204
2504,KREBER AVE,,Columbus,OH,43204
3737,GIBBSTONE DR,,Columbus,OH,43204
3152,WICKLOW RD,,Columbus,OH,43204
370,GUERNSEY AVE,,Columbus,OH,43204
198,N WESTMOOR AVE,UNIT D,Columbus,OH,43204
361,N SYLVAN AVE,,Columbus,OH,43204
2698,SCIOTO STATION DR,,Columbus,OH,43204
2297,QUARRY VALLEY RD,,Columbus,OH,43204
3701,INTERCHANGE RD,,Columbus,OH,43204
160,N SYLVAN AVE,UNIT 4,Columbus,OH,43204
3653,DRAGONFLY DR,,Columbus,OH,43204
456,S WAYNE AVE,,Columbus,OH,43204
97,DERRER HEIGHT LN,,Columbus,OH,43204
2653,EAKIN RD,,Columbus,OH,43204
3366,EAKIN RD,,Columbus,OH,43204
2900,LA VISTA DR,B,Columbus,OH,43204
285,S POWELL AVE,,Columbus,OH,43204
137,N HARRIS AVE,,Columbus,OH,43204
655,S RICHARDSON AVE,,Columbus,OH,43204
179,S HAGUE AVE,,Columbus,OH,43204
1935,MARBLE CLIFF CROSSING CT,,Columbus,OH,43204
1037,BINNS BLVD,,Columbus,OH,43204
383,S WAYNE AVE,,Columbus,OH,43204
2528,SYMINGTON AVE,,Columbus,OH,43204
774,S HAGUE AVE,,Columbus,OH,43204
1140,PINNACLE DR,,Columbus,OH,43204
190,N OGDEN AVE,,Columbus,OH,43204
3360,BRIGGS RD,,Columbus,OH,43204
2370,SULLIVANT AVE,,Columbus,OH,43204
2466,HARDESTY DR S,,Columbus,OH,43204
691,S OAKLEY AVE,,Columbus,OH,43204
3484,WILSON WOODS DR,E,Columbus,OH,43204
20,N OAKLEY AVE,,Columbus,OH,43204
808,S WARREN AVE,,Columbus,OH,43204
3561,WILSON WOODS DR,H,Columbus,OH,43204
2381,HARDESTY CT,,Columbus,OH,43204
2609 1/2,MCKINLEY AVE,,Columbus,OH,43204
3098,FREMONT ST,,Columbus,OH,43204
434,JOSEPHINE AVE,,Columbus,OH,43204
2959,PALMETTO ST,,Columbus,OH,43204
1482,CLIFF CT,C,Columbus,OH,43204
391,N BRINKER AVE,,Columbus,OH,43204
3089,JERSEY DR,,Columbus,OH,43204
125,N POWELL AVE,,Columbus,OH,43204
3600,FARMHURST LN,,Columbus,OH,43204
91,S WAYNE AVE,,Columbus,OH,43204
2838,BRIGGSTON AVE,,Columbus,OH,43204
675,S BURGESS AVE,,Columbus,OH,43204
308,S SYLVAN AVE,,Columbus,OH,43204
205,S HARRIS AVE,,Columbus,OH,43204
2406,W BROAD ST,,Columbus,OH,43204
3515,SANITA CT,,Columbus,OH,43204
41,N BRINKER AVE,,Columbus,OH,43204
327,N BURGESS AVE,,Columbus,OH,43204
1442,BAY SHORE DR,CN 3B,Columbus,OH,43204
1031,BROOKS END CT,,Columbus,OH,43204
3560,WILSON WOODS DR,K,Columbus,OH,43204
242,LETCHWORTH AVE,,Columbus,OH,43204
1000,ANTHONY DR,,Columbus,OH,43204
3252,SULLIVANT AVE,,Columbus,OH,43204
2686,BERNADETTE RD,,Columbus,OH,43204
2515,MARBLEVISTA BLVD,,Columbus,OH,43204
805,S OGDEN AVE,,Columbus,OH,43204
1535,RUNAWAY BAY DR,CN 2B,Columbus,OH,43204
1303,LAKE SHORE DR,,Columbus,OH,43204
584,S TERRACE AVE,,Columbus,OH,43204
170,S WHEATLAND AVE,,Columbus,OH,43204
1235,WARBLE DR,,Columbus,OH,43204
18,N WHEATLAND AVE,,Columbus,OH,43204
2589,SYMINGTON AVE,,Columbus,OH,43204
205,N WAYNE AVE,,Columbus,OH,43204
479,S BURGESS AVE,,Columbus,OH,43204
1395,LAKE SHORE DR,UNIT A,Columbus,OH,43204
1319,BRONWYN AVE,,Columbus,OH,43204
2748,HAFTON WOODS CT,,Columbus,OH,43204
2462,SPAATZ AVE,,Columbus,OH,43204
711,DERRER RD,,Columbus,OH,43204
365,S HARRIS AVE,,Columbus,OH,43204
3603,INTERCHANGE RD,,Columbus,OH,43204
32,N OAKLEY AVE,,Columbus,OH,43204
3619,GRAYBECK DR,,Columbus,OH,43204
289,S HAGUE AVE,,Columbus,OH,43204
163,N WARREN AVE,,Columbus,OH,43204
146,ELDON AVE,,Columbus,OH,43204
1132,RACINE AVE,,Columbus,OH,43204
1017,S HARRIS AVE,,Columbus,OH,43204
1430,CROSS CREEK DR,J,Columbus,OH,43204
1330,BROOKFOREST DR,,Columbus,OH,43204
2661,ABBOTS LOOP CT,,Columbus,OH,43204
3647,WEST HORIZONS,APT 307,Columbus,OH,43204
207,S EUREKA AVE,,Columbus,OH,43204
219,S WARREN AVE,,Columbus,OH,43204
2982,LA VISTA DR,,Columbus,OH,43204
2818,LA VISTA DR,,Columbus,OH,43204
422,S TERRACE AVE,,Columbus,OH,43204
212,N CHASE AVE,,Columbus,OH,43204
2425,W MOUND ST,,Columbus,OH,43204
3800,FARM BROOK LN,,Columbus,OH,43204
1467,RUNAWAY BAY DR,CN 3C,Columbus,OH,43204
2270,MCKINLEY AVE,,Columbus,OH,43204
905,S BRINKER AVE,,Columbus,OH,43204
237,N BURGESS AVE,,Columbus,OH,43204
270,N BRINKER AVE,,Columbus,OH,43204
640,CRESCENT RD,,Columbus,OH,43204
2443,QUARRY VALLEY RD,,Columbus,OH,43204
3606,EAKIN RD,,Columbus,OH,43204
1319,RIEGELWOOD LN,,Columbus,OH,43204
2781,MARBLEVISTA BLVD,,Columbus,OH,43204
1197,TREEHAVEN LN,,Columbus,OH,43204
2988,DAISY LN,,Columbus,OH,43204
142,S HARRIS AVE,,Columbus,OH,43204
302,S SYLVAN AVE,,Columbus,OH,43204
3695,FOSSIL DR,,Columbus,OH,43204
2755,EAKIN RD,D,Columbus,OH,43204
594,S OGDEN AVE,,Columbus,OH,43204
2903,SULLIVANT AVE,UNIT 4,Columbus,OH,43204
1279,TREVOR CT,,Columbus,OH,43204
2988,ABBOTS COVE BLVD,,Columbus,OH,43204
999,SALISBURY RD,,Columbus,OH,43204
768,KINGSFORD RD,,Columbus,OH,43204
3279,NATHAN CT,,Columbus,OH,43204
200,N HURON AVE,B,Columbus,OH,43204
2523,MARBLEVISTA BLVD,,Columbus,OH,43204
507,BINNS BLVD,,Columbus,OH,43204
78,N SYLVAN AVE,K,Columbus,OH,43204
32,N HALDY AVE,,Columbus,OH,43204
1928,MARBLE CLIFF CROSSING CT,,Columbus,OH,43204
445,N WESTMOOR AVE,,Columbus,OH,43204
676,S HAGUE AVE,,Columbus,OH,43204
3333,W BROAD ST,13,Columbus,OH,43204
126,S HARRIS AVE,,Columbus,OH,43204
3713,WINDWARD WAY,APT 107,Columbus,OH,43204
572,S HAGUE AVE,,Columbus,OH,43204
477,S HURON AVE,,Columbus,OH,43204
590,DEXTER AVE,,Columbus,OH,43204
3245,PARKSIDE RD,,Columbus,OH,43204
3333,SOUTH BLVD,,Columbus,OH,43204
806,WILTSHIRE RD,,Columbus,OH,43204
55,S HAGUE AVE,A,Columbus,OH,43204
163,N WAYNE AVE,,Columbus,OH,43204
222,N WARREN AVE,,Columbus,OH,43204
3418,TRABUE RD,,Columbus,OH,43204
2431,MARBLEVISTA BLVD,,Columbus,OH,43204
859,MACLAM DR,,Columbus,OH,43204
527,S WHEATLAND AVE,,Columbus,OH,43204
227,N OAKLEY AVE,,Columbus,OH,43204
1045,BINNS BLVD,,Columbus,OH,43204
2750,ABBOTS COVE BLVD,,Columbus,OH,43204
416,S RICHARDSON AVE,,Columbus,OH,43204
393,S HARRIS AVE,,Columbus,OH,43204
2965,LA VISTA DR,,Columbus,OH,43204
3566,WILSON WOODS DR,I,Columbus,OH,43204
31,N WARREN AVE,,Columbus,OH,43204
1115,CHESTERSHIRE RD,,Columbus,OH,43204
362,N SYLVAN AVE,,Columbus,OH,43204
2315,HARDESTY DR N,,Columbus,OH,43204
2394,SULLIVANT AVE,,Columbus,OH,43204
1072,HARDESTY PL W,,Columbus,OH,43204
102,N OAKLEY AVE,,Columbus,OH,43204
1234,EL TORO DR,,Columbus,OH,43204
468,S RICHARDSON AVE,,Columbus,OH,43204
2849,LA VISTA DR,,Columbus,OH,43204
2706,QUARRY LAKE DR,,Columbus,OH,43204
3080,FREMONT ST,,Columbus,OH,43204
1052,RACINE AVE,,Columbus,OH,43204
3254,SULLIVANT AVE,,Columbus,OH,43204
3664,GRIMES DR,,Columbus,OH,43204
468,S BURGESS AVE,,Columbus,OH,43204
2632,MARBLEVISTA BLVD,,Columbus,OH,43204
3114,VALLEY VIEW DR,,Columbus,OH,43204
1330,THACKER CT,UNIT B,Columbus,OH,43204
884,S HAGUE AVE,,Columbus,OH,43204
1348,WESTSHIRE RD,,Columbus,OH,43204
1447,CLIFF CT,B,Columbus,OH,43204
106,S EUREKA AVE,,Columbus,OH,43204
3589,INTERCHANGE RD,,Columbus,OH,43204
3141,WESTMILLS DR,,Columbus,OH,43204
354,S BRINKER AVE,,Columbus,OH,43204
502,S OAKLEY AVE,,Columbus,OH,43204
1403,LAKE SHORE DR,,Columbus,OH,43204
186,BINNS BLVD,,Columbus,OH,43204
1323,CATALINA CT,,Columbus,OH,43204
3484,WILSON WOODS DR,G,Columbus,OH,43204
442,S EUREKA AVE,,Columbus,OH,43204
3434,WILSON WOODS DR,I,Columbus,OH,43204
1133,ST AGNES AVE,,Columbus,OH,43204
3509,DERRER FIELD DR,,Columbus,OH,43204
2745,W BROAD ST,,Columbus,OH,43204
2465,SYMINGTON AVE,,Columbus,OH,43204
3214,VANDERBERG AVE,,Columbus,OH,43204
420,S HARRIS AVE,,Columbus,OH,43204
104,N CHASE AVE,,Columbus,OH,43204
2550,SULLIVANT AVE,,Columbus,OH,43204
333,S ALGONQUIN AVE,,Columbus,OH,43204
2741,ST PATRICK RD,,Columbus,OH,43204
1406,BAY SHORE DR,,Columbus,OH,43204
2895,LA VISTA DR,,Columbus,OH,43204
1467,SEAPORT DR,,Columbus,OH,43204
1305,LAKE SHORE DR,,Columbus,OH,43204
303,N EUREKA AVE,,Columbus,OH,43204
133,N EUREKA AVE,,Columbus,OH,43204
3243,MEDOMA DR,,Columbus,OH,43204
216,N WAYNE AVE,,Columbus,OH,43204
664,WESTBROOK CT,,Columbus,OH,43204
431,S HURON AVE,,Columbus,OH,43204
687,S BRINKER AVE,,Columbus,OH,43204
355,DEMOREST AVE,,Columbus,OH,43204
3299,COLONY VISTA LN,,Columbus,OH,43204
4075,BROOKRUN DR,,Columbus,OH,43204
250,N HAGUE AVE,,Columbus,OH,43204
3428,WILSON WOODS DR,I,Columbus,OH,43204
823,WILTSHIRE RD,,Columbus,OH,43204
335,BINNS BLVD,,Columbus,OH,43204
350,S TERRACE AVE,,Columbus,OH,43204
841,KINGSFORD RD,UNIT B,Columbus,OH,43204
3145,BOWDOIN CIR,,Columbus,OH,43204
2954,ABBOTS COVE BLVD,,Columbus,OH,43204
114,DERRER MEADOW LN,,Columbus,OH,43204
838,LINDENDALE CT,,Columbus,OH,43204
1300,WINESAP DR,,Columbus,OH,43204
3499,TREVOR DR,,Columbus,OH,43204
1100,CHESTERSHIRE RD,,Columbus,OH,43204
210,LETCHWORTH AVE,,Columbus,OH,43204
2978,WOODLOOP LN,,Columbus,OH,43204
854,S WAYNE AVE,,Columbus,OH,43204
2321,HARDESTY CT,,Columbus,OH,43204
3448,BRIGGS RD,B,Columbus,OH,43204
233,N OAKLEY AVE,,Columbus,OH,43204
3061,VALLEY VIEW DR,4,Columbus,OH,43204
32,N CHASE AVE,,Columbus,OH,43204
1264,TREVOR CT,,Columbus,OH,43204
3251,PARKSIDE RD,,Columbus,OH,43204
765,S TERRACE AVE,,Columbus,OH,43204
936,ANTHONY DR,,Columbus,OH,43204
155,S WESTGATE AVE,,Columbus,OH,43204
252,S WARREN AVE,,Columbus,OH,43204
433,N POWELL AVE,,Columbus,OH,43204
190,S SYLVAN AVE,,Columbus,OH,43204
3953,POPLAR BEND DR,,Columbus,OH,43204
2560,VANDERBERG AVE,,Columbus,OH,43204
3671,WEST HORIZONS,APT 303,Columbus,OH,43204
338,S RICHARDSON AVE,,Columbus,OH,43204
1922,MARBLE CLIFF CROSSING CT,,Columbus,OH,43204
1356,RUNAWAY BAY DR,CN 3C,Columbus,OH,43204
50,S WARREN AVE,,Columbus,OH,43204
3440,W BROAD ST,,Columbus,OH,43204
143,S BRINKER AVE,,Columbus,OH,43204
3333,W BROAD ST,5,Columbus,OH,43204
26,S POWELL AVE,,Columbus,OH,43204
1359,TELHAM CT,,Columbus,OH,43204
1407,LAKE SHORE DR,UNIT A,Columbus,OH,43204
700,S WARREN AVE,,Columbus,OH,43204
1097,BINNS BLVD,A,Columbus,OH,43204
2610,QUARRY LAKE DR,,Columbus,OH,43204
296,S WAYNE AVE,,Columbus,OH,43204
2680,W BROAD ST,,Columbus,OH,43204
3513,WILKES CT,,Columbus,OH,43204
140,S EUREKA AVE,,Columbus,OH,43204
1258,TREVOR CT,,Columbus,OH,43204
412,S WHEATLAND AVE,,Columbus,OH,43204
3295,SULLIVANT AVE,UNIT B,Columbus,OH,43204
3060,STEELE AVE,,Columbus,OH,43204
818,LINDENDALE CT,,Columbus,OH,43204
46,S HARRIS AVE,,Columbus,OH,43204
200,N HARRIS AVE,,Columbus,OH,43204
1367,BAY SHORE DR,,Columbus,OH,43204
851,REGINA CT,,Columbus,OH,43204
1534,RUNAWAY BAY DR,CN 1D,Columbus,OH,43204
3640,EAKIN RD,3C,Columbus,OH,43204
1335,TRADE WINDS DR,APT 304,Columbus,OH,43204
2748,QUARRY LAKE DR,,Columbus,OH,43204
416,S HAGUE AVE,,Columbus,OH,43204
737,S BRINKER AVE,,Columbus,OH,43204
759,S OGDEN AVE,,Columbus,OH,43204
3393,PARKSIDE RD,,Columbus,OH,43204
1368,RUNAWAY BAY DR,CN 2B,Columbus,OH,43204
2715,ST PATRICK RD,,Columbus,OH,43204
3729,WINDWARD WAY,APT 205,Columbus,OH,43204
831,KINGSFORD RD,UNIT C,Columbus,OH,43204
176,N WESTMOOR AVE,,Columbus,OH,43204
192,S WESTGATE AVE,,Columbus,OH,43204
340,DERRER RD,,Columbus,OH,43204
2971,WESTMOOR CT,,Columbus,OH,43204
3538,WILSON WOODS DR,D,Columbus,OH,43204
28,N TERRACE AVE,,Columbus,OH,43204
697,S WHEATLAND AVE,,Columbus,OH,43204
2384,HARDESTY DR S,,Columbus,OH,43204
2987,WESTMOOR DR,,Columbus,OH,43204
309,S EUREKA AVE,,Columbus,OH,43204
2814,QUARRY POINT,,Columbus,OH,43204
200,N CHASE AVE,,Columbus,OH,43204
3226,EAKIN RD,,Columbus,OH,43204
330,GUERNSEY AVE,,Columbus,OH,43204
460,N WILSON RD,,Columbus,OH,43204
60,S BURGESS AVE,,Columbus,OH,43204
255,S POWELL AVE,UNIT B,Columbus,OH,43204
422,S WESTGATE AVE,,Columbus,OH,43204
2909,SULLIVANT AVE,,Columbus,OH,43204
1851,MARBLE CLIFF CROSSING CT,,Columbus,OH,43204
365,S RICHARDSON AVE,,Columbus,OH,43204
38,S OAKLEY AVE,,Columbus,OH,43204
1443,CLIFF CT,,Columbus,OH,43204
3538,FISHER RD,,Columbus,OH,43204
2960,RUNDELL DR,,Columbus,OH,43204
120,DERRER HEIGHT LN,,Columbus,OH,43204
1426,BROOKFOREST DR,,Columbus,OH,43204
577,S HARRIS AVE,,Columbus,OH,43204
2990,PARKSIDE RD,,Columbus,OH,43204
3628,GRAYBECK DR,,Columbus,OH,43204
1448,RUNAWAY BAY DR,CN 1B,Columbus,OH,43204
1170,N HAGUE AVE,,Columbus,OH,43204
2920,LA VISTA DR,E,Columbus,OH,43204
3602,EDSON DR,,Columbus,OH,43204
3165,SULLIVANT AVE,UNIT F,Columbus,OH,43204
811,KINGSFORD RD,UNIT C,Columbus,OH,43204
2861,ABBOTS COVE BLVD,,Columbus,OH,43204
2674,MARBLEVISTA BLVD,,Columbus,OH,43204
181,N WHEATLAND AVE,,Columbus,OH,43204
3378,RIEGELWOOD CT,,Columbus,OH,43204
203,N HARRIS AVE,,Columbus,OH,43204
936,SALISBURY RD,,Columbus,OH,43204
2889,PARKSIDE RD,,Columbus,OH,43204
195,N POWELL AVE,,Columbus,OH,43204
2388,HARDESTY DR S,,Columbus,OH,43204
3583,FERRELL PL,,Columbus,OH,43204
1073,S HARRIS AVE,,Columbus,OH,43204
1857,SAN REMO DR,,Columbus,OH,43204
628,S HAGUE AVE,,Columbus,OH,43204
259,S WARREN AVE,,Columbus,OH,43204
1311,GLEN COVE WAY,,Columbus,OH,43204
3022,CRESCENT DR,,Columbus,OH,43204
3904,BUSINESS PARK DR,,Columbus,OH,43204
1160,ABBOTS GREEN CIR,,Columbus,OH,43204
3449,STALLING CT,,Columbus,OH,43204
3883,BUSINESS PARK DR,,Columbus,OH,43204
925,HODGES DR,,Columbus,OH,43204
58,BINNS BLVD,,Columbus,OH,43204
3528,SULLIVANT AVE,,Columbus,OH,43204
3999,DEER LAKE WAY,,Columbus,OH,43204
1356,RUNAWAY BAY DR,,Columbus,OH,43204
3253,MAPLEWAY LN,,Columbus,OH,43204
2515,SYMINGTON AVE,,Columbus,OH,43204
669,DEXTER AVE,,Columbus,OH,43204
382,S WARREN AVE,,Columbus,OH,43204
2448,SULLIVANT AVE,,Columbus,OH,43204
449,BINNS BLVD,,Columbus,OH,43204
3280,COLONY HILL LN,,Columbus,OH,43204
260,N BURGESS AVE,,Columbus,OH,43204
2683,QUARRY LAKE DR,,Columbus,OH,43204
3249,MEDOMA DR,,Columbus,OH,43204
103,S WARREN AVE,,Columbus,OH,43204
3487,SANITA CT,,Columbus,OH,43204
869,BINNS BLVD,,Columbus,OH,43204
1511,RUNAWAY BAY DR,CN 3A,Columbus,OH,43204
3179,MARY AVE,,Columbus,OH,43204
393,S RICHARDSON AVE,,Columbus,OH,43204
671,WILTSHIRE RD,,Columbus,OH,43204
3303,PARKSIDE RD,,Columbus,OH,43204
859,LINDENDALE CT,,Columbus,OH,43204
28,S BURGESS AVE,,Columbus,OH,43204
3055,JERSEY DR,,Columbus,OH,43204
333,S EUREKA AVE,,Columbus,OH,43204
1214,LAKE SHORE DR,,Columbus,OH,43204
621,S BURGESS AVE,,Columbus,OH,43204
476,DERRER RD,,Columbus,OH,43204
1428,PEACH BLOSSOM CT,,Columbus,OH,43204
1425,GELBRAY AVE,,Columbus,OH,43204
575,WILTSHIRE RD,,Columbus,OH,43204
2482,HARDESTY DR S,,Columbus,OH,43204
180,N SYLVAN AVE,UNIT F,Columbus,OH,43204
72,S ROYS AVE,,Columbus,OH,43204
282,N WARREN AVE,,Columbus,OH,43204
119,N POWELL AVE,,Columbus,OH,43204
3573,INTERCHANGE RD,,Columbus,OH,43204
3051,PALMETTO ST,,Columbus,OH,43204
1311,TELHAM CT,,Columbus,OH,43204
2784,QUARRY POINT,,Columbus,OH,43204
193,N ROYS AVE,,Columbus,OH,43204
2763,ST JOSEPH AVE,,Columbus,OH,43204
186,N HALDY AVE,,Columbus,OH,43204
2043,BUILDERS PL,,Columbus,OH,43204
3757,GIBBSTONE DR,,Columbus,OH,43204
189,S HAGUE AVE,,Columbus,OH,43204
1364,BAJA LN,,Columbus,OH,43204
3321,MCKINLEY AVE,,Columbus,OH,43204
3270,VASALBORO WAY,,Columbus,OH,43204
942,CHESTERSHIRE RD,,Columbus,OH,43204
3361,SOUTH BLVD,,Columbus,OH,43204
3683,INTERCHANGE RD,,Columbus,OH,43204
2962,FREMONT ST,,Columbus,OH,43204
3240,MCKINLEY AVE,,Columbus,OH,43204
1808,LAKE SHORE DR,,Columbus,OH,43204
624,S WARREN AVE,,Columbus,OH,43204
55,S HAGUE AVE,C,Columbus,OH,43204
1400,BRONWYN AVE,,Columbus,OH,43204
30,N WESTMOOR AVE,,Columbus,OH,43204
2345,W BROAD ST,,Columbus,OH,43204
87,N WARREN AVE,,Columbus,OH,43204
321,N OGDEN AVE,,Columbus,OH,43204
903,S ROYS AVE,,Columbus,OH,43204
668,S RICHARDSON AVE,,Columbus,OH,43204
257,S BRINKER AVE,,Columbus,OH,43204
1826,MARBLE CLIFF CROSSING CT,,Columbus,OH,43204
2381,KEEP PL,,Columbus,OH,43204
1838,QUARRY VIEW,,Columbus,OH,43204
2990,MCKINLEY AVE,,Columbus,OH,43204
2831,LA VISTA DR,,Columbus,OH,43204
642,JOYFUL ST,,Columbus,OH,43204
390,S POWELL AVE,,Columbus,OH,43204
725,N WILSON RD,,Columbus,OH,43204
3219,SULLIVANT AVE,,Columbus,OH,43204
869,CHESTERSHIRE RD,,Columbus,OH,43204
1407,LAKE SHORE DR,UNIT B,Columbus,OH,43204
3466,STALLING CT,,Columbus,OH,43204
895,CHESTERSHIRE RD,,Columbus,OH,43204
786,S HAGUE AVE,,Columbus,OH,43204
53,S BURGESS AVE,,Columbus,OH,43204
567,S OGDEN AVE,,Columbus,OH,43204
3525,WILKES CT,,Columbus,OH,43204
1441,RUNAWAY BAY DR,,Columbus,OH,43204
1409,LAKE SHORE DR,UNIT A,Columbus,OH,43204
3530,FISHER RD,,Columbus,OH,43204
240,S TERRACE AVE,,Columbus,OH,43204
296,S WHEATLAND AVE,,Columbus,OH,43204
2733,SULLIVANT AVE,,Columbus,OH,43204
181,S BRINKER AVE,,Columbus,OH,43204
733,POWHATAN AVE,,Columbus,OH,43204
501,JOSEPHINE AVE,,Columbus,OH,43204
129,S HAGUE AVE,,Columbus,OH,43204
654,BRIXHAM RD,,Columbus,OH,43204
2404,HARDESTY DR S,,Columbus,OH,43204
494,S HARRIS AVE,,Columbus,OH,43204
2533,QUARRY VALLEY RD,,Columbus,OH,43204
2845,W BROAD ST,,Columbus,OH,43204
320,POWHATAN AVE,,Columbus,OH,43204
180,S TERRACE AVE,,Columbus,OH,43204
42,N OGDEN AVE,,Columbus,OH,43204
352,POWHATAN AVE,,Columbus,OH,43204
1319,BELLFLOWER AVE,,Columbus,OH,43204
144,N ROYS AVE,,Columbus,OH,43204
3800,TWIN CREEKS DR,,Columbus,OH,43204
1328,LAKE SHORE DR,,Columbus,OH,43204
324,N ALGONQUIN AVE,,Columbus,OH,43204
3104 R,STEELE AVE,,Columbus,OH,43204
838,MIRIAM DR W,,Columbus,OH,43204
3265,PARKSIDE RD,,Columbus,OH,43204
2704,SCIOTO STATION DR,,Columbus,OH,43204
752,RACINE AVE,,Columbus,OH,43204
179,N WAYNE AVE,,Columbus,OH,43204
1124,NATHAN DR,,Columbus,OH,43204
146,N WESTMOOR AVE,,Columbus,OH,43204
280,S ALGONQUIN AVE,,Columbus,OH,43204
433,S BURGESS AVE,,Columbus,OH,43204
1354,BAJA LN,,Columbus,OH,43204
3488,SENATOR CT,,Columbus,OH,43204
232,N OGDEN AVE,,Columbus,OH,43204
566,S WARREN AVE,,Columbus,OH,43204
655,WESTBROOK CT,,Columbus,OH,43204
2816,W BROAD ST,,Columbus,OH,43204
2677,RUTH CT,,Columbus,OH,43204
72,DEMOREST AVE,,Columbus,OH,43204
106,S BRINKER AVE,,Columbus,OH,43204
2408,WESTWOOD DR,B,Columbus,OH,43204
3403,SOUTH BLVD,,Columbus,OH,43204
330,S EUREKA AVE,,Columbus,OH,43204
3364,MARY AVE,,Columbus,OH,43204
2183,QUARRY VALLEY RD,,Columbus,OH,43204
939,S HARRIS AVE,,Columbus,OH,43204
53,S RICHARDSON AVE,,Columbus,OH,43204
156,N WAYNE AVE,,Columbus,OH,43204
211,S WARREN AVE,,Columbus,OH,43204
179,S HARRIS AVE,,Columbus,OH,43204
746,S EUREKA AVE,,Columbus,OH,43204
637,CHESTERSHIRE RD,,Columbus,OH,43204
1003,S ROYS AVE,,Columbus,OH,43204
22,N BURGESS AVE,,Columbus,OH,43204
2474,QUARRY LAKE DR,,Columbus,OH,43204
3580,EDSON DR,,Columbus,OH,43204
3538,LINDENDALE DR,,Columbus,OH,43204
3479,W BROAD ST,,Columbus,OH,43204
3731,GRIMES DR,,Columbus,OH,43204
94,S ROYS AVE,,Columbus,OH,43204
2531,SYMINGTON AVE,,Columbus,OH,43204
2644,MARBLEVISTA BLVD,,Columbus,OH,43204
119,N CHASE AVE,,Columbus,OH,43204
3369,TIMBER OAK DR,,Columbus,OH,43204
2725,ST JOSEPH AVE,,Columbus,OH,43204
334,N OGDEN AVE,,Columbus,OH,43204
915,S BRINKER AVE,,Columbus,OH,43204
879,CHESTERSHIRE RD,,Columbus,OH,43204
2627,SULLIVANT AVE,,Columbus,OH,43204
377,S HARRIS AVE,,Columbus,OH,43204
32,N BURGESS AVE,,Columbus,OH,43204
91,LETCHWORTH AVE,,Columbus,OH,43204
211,N OGDEN AVE,,Columbus,OH,43204
3440,BRIGGS RD,B,Columbus,OH,43204
272,POWELL CIR,UNIT C,Columbus,OH,43204
3476,DERRER HOLLOW WAY,,Columbus,OH,43204
1421,PEACH TREE CT,,Columbus,OH,43204
134,N ROYS AVE,,Columbus,OH,43204
823,GLADSTONE AVE,,Columbus,OH,43204
2193,QUARRY VALLEY RD,,Columbus,OH,43204
1015,BROOKS END CT,,Columbus,OH,43204
1946,MARBLE CLIFF CROSSING CT,,Columbus,OH,43204
234,N SOUTHAMPTON AVE,,Columbus,OH,43204
1122,ST JUDE AVE,,Columbus,OH,43204
46,N HURON AVE,,Columbus,OH,43204
2952,ABBOTS COVE BLVD,,Columbus,OH,43204
160,N EUREKA AVE,,Columbus,OH,43204
629,S EUREKA AVE,,Columbus,OH,43204
331,S HAGUE AVE,,Columbus,OH,43204
3967,DEER LAKE WAY,,Columbus,OH,43204
3647,GRIMES DR,,Columbus,OH,43204
112,N WESTGATE AVE,,Columbus,OH,43204
3111,EL NINO DR,,Columbus,OH,43204
281,S POWELL AVE,,Columbus,OH,43204
301,S SYLVAN AVE,,Columbus,OH,43204
2863,ABBOTS COVE BLVD,,Columbus,OH,43204
344,S BRINKER AVE,,Columbus,OH,43204
3518,SANITA CT,,Columbus,OH,43204
59,N HALDY AVE,,Columbus,OH,43204
2624,W BROAD ST,,Columbus,OH,43204
497,INDUSTRY DR,,Columbus,OH,43204
128,N WESTGATE AVE,,Columbus,OH,43204
3575,FERRELL PL,,Columbus,OH,43204
157,N WHEATLAND AVE,,Columbus,OH,43204
1057,BELLFLOWER AVE,,Columbus,OH,43204
3376,BRIGGS RD,,Columbus,OH,43204
665,BRIXHAM RD,,Columbus,OH,43204
102,S EUREKA AVE,,Columbus,OH,43204
3240,TELHAM DR,,Columbus,OH,43204
641,S TERRACE AVE,,Columbus,OH,43204
464,S HAGUE AVE,,Columbus,OH,43204
3460,STALLING CT,,Columbus,OH,43204
384,S HURON AVE,,Columbus,OH,43204
1159,ST CECELIA DR,,Columbus,OH,43204
401,INDUSTRY DR,,Columbus,OH,43204
1455,BROOKFOREST DR,,Columbus,OH,43204
323,N WARREN AVE,,Columbus,OH,43204
357,S WHEATLAND AVE,,Columbus,OH,43204
1503,RUNAWAY BAY DR,CN 1C,Columbus,OH,43204
637,S ROYS AVE,,Columbus,OH,43204
1403,LAKE SHORE DR,UNIT A,Columbus,OH,43204
336,S SOUTHAMPTON AVE,,Columbus,OH,43204
1350,RUNAWAY BAY DR,CN 3D,Columbus,OH,43204
2766,MARBLEVISTA BLVD,,Columbus,OH,43204
2545,MARBLEVISTA BLVD,,Columbus,OH,43204
142,N POWELL AVE,,Columbus,OH,43204
435,DEMOREST AVE,,Columbus,OH,43204
388,S CHASE AVE,A,Columbus,OH,43204
2721,BERNADETTE RD,,Columbus,OH,43204
18,N HURON AVE,APT,Columbus,OH,43204
885,MARK PL,,Columbus,OH,43204
106,N WESTMOOR AVE,,Columbus,OH,43204
99,N BRINKER AVE,,Columbus,OH,43204
124,N TERRACE AVE,,Columbus,OH,43204
1655,QUARRY TRACE,,Columbus,OH,43204
269,S WESTMOOR AVE,,Columbus,OH,43204
803,STEPHEN DR W,,Columbus,OH,43204
2632,SULLIVANT AVE,,Columbus,OH,43204
417,S EUREKA AVE,,Columbus,OH,43204
3484,WILSON WOODS DR,I,Columbus,OH,43204
246,S TERRACE AVE,,Columbus,OH,43204
267,S CHASE AVE,B,Columbus,OH,43204
73,LETCHWORTH AVE,,Columbus,OH,43204
138,DERRER RD,,Columbus,OH,43204
3912,FARM BROOK LN,,Columbus,OH,43204
1303,LAKE SHORE DR,,Columbus,OH,43204
125,DERRER RD,,Columbus,OH,43204
1217,RIEGELWOOD LN,,Columbus,OH,43204
144,S WESTGATE AVE,,Columbus,OH,43204
612,BINNS BLVD,,Columbus,OH,43204
3241,COLONY HILL LN,,Columbus,OH,43204
2635,EAKIN RD,,Columbus,OH,43204
3671,WEST HORIZONS,APT 302,Columbus,OH,43204
264,S WESTGATE AVE,,Columbus,OH,43204
1174,ONSLOW DR,,Columbus,OH,43204
2464,HARDESTY DR S,,Columbus,OH,43204
2911,W BROAD ST,,Columbus,OH,43204
2793,NICHOLAS AVE,,Columbus,OH,43204
1280,BELLFLOWER AVE,,Columbus,OH,43204
3237,MCKINLEY AVE,46,Columbus,OH,43204
2905,BRIGGS RD,,Columbus,OH,43204
51,S OGDEN AVE,,Columbus,OH,43204
1013,S ROYS AVE,,Columbus,OH,43204
177,S WARREN AVE,,Columbus,OH,43204
3959,POPLAR BEND DR,,Columbus,OH,43204
64,S POWELL AVE,,Columbus,OH,43204
1041,S HARRIS AVE,,Columbus,OH,43204
355,S EUREKA AVE,,Columbus,OH,43204
1408,LAKE SHORE DR,C,Columbus,OH,43204
3203,W BROAD ST,,Columbus,OH,43204
3324,SULLIVANT AVE,,Columbus,OH,43204
2942,WICKLOW RD,,Columbus,OH,43204
2676,MARBLEVISTA BLVD,,Columbus,OH,43204
901,RACINE AVE,,Columbus,OH,43204
1358,BAY SHORE DR,CN 2C,Columbus,OH,43204
92,POWHATAN AVE,,Columbus,OH,43204
1042,BROOKS END CT,,Columbus,OH,43204
2746,SCIOTO STATION DR,,Columbus,OH,43204
134,N EUREKA AVE,,Columbus,OH,43204
206,S ROYS AVE,,Columbus,OH,43204
3384,NORTH BLVD,,Columbus,OH,43204
933,S HARRIS AVE,,Columbus,OH,43204
250,GUERNSEY AVE,,Columbus,OH,43204
296,S HARRIS AVE,,Columbus,OH,43204
1360,BRONWYN AVE,,Columbus,OH,43204
3127,EL NINO DR,,Columbus,OH,43204
328,N BURGESS AVE,,Columbus,OH,43204
2237,QUARRY VALLEY RD,,Columbus,OH,43204
141,N OGDEN AVE,,Columbus,OH,43204
848,S OGDEN AVE,,Columbus,OH,43204
200,N BURGESS AVE,,Columbus,OH,43204
776,S WAYNE AVE,,Columbus,OH,43204
1202,ST CECELIA DR,,Columbus,OH,43204
2155,QUARRY VALLEY RD,,Columbus,OH,43204
3583,INTERCHANGE RD,,Columbus,OH,43204
3618,TRABUE RD,,Columbus,OH,43204
227,N HALDY AVE,,Columbus,OH,43204
3531,EDSON DR,,Columbus,OH,43204
581,WILTSHIRE RD,,Columbus,OH,43204
1119,ABBOTS LAKE CT,,Columbus,OH,43204
139,S BURGESS AVE,,Columbus,OH,43204
342,S BURGESS AVE,,Columbus,OH,43204
41,N HALDY AVE,,Columbus,OH,43204
3683,GIBBSTONE DR,,Columbus,OH,43204
1467,RUNAWAY BAY DR,CN 1C,Columbus,OH,43204
631,KINGSFORD RD,,Columbus,OH,43204
632,S WAYNE AVE,,Columbus,OH,43204
1784,LAKE SHORE DR,,Columbus,OH,43204
2840,FISHER RD,E,Columbus,OH,43204
311,N OGDEN AVE,,Columbus,OH,43204
769,CHESTERSHIRE RD,,Columbus,OH,43204
598,RACINE AVE,,Columbus,OH,43204
143,S WHEATLAND AVE,,Columbus,OH,43204
1558,RUNAWAY BAY DR,CN 2D,Columbus,OH,43204
1645,QUARRY TRACE,,Columbus,OH,43204
319,S OGDEN AVE,,Columbus,OH,43204
2360,WESTWOOD DR,,Columbus,OH,43204
196,RANELLE DR,,Columbus,OH,43204
47,N BURGESS AVE,,Columbus,OH,43204
48,N ROYS AVE,,Columbus,OH,43204
3434,WILSON WOODS DR,K,Columbus,OH,43204
1226,BELLFLOWER AVE,,Columbus,OH,43204
2494,HARDESTY DR S,,Columbus,OH,43204
1459,SUNFLOWER DR,,Columbus,OH,43204
88,S ROYS AVE,,Columbus,OH,43204
2624,MARBLEVISTA BLVD,,Columbus,OH,43204
570,CRESCENT RD,,Columbus,OH,43204
176,S SOUTHAMPTON AVE,,Columbus,OH,43204
2582,MARBLEVISTA BLVD,,Columbus,OH,43204
746,DEMOREST RD,,Columbus,OH,43204
228,S POWELL AVE,,Columbus,OH,43204
118,N TERRACE AVE,,Columbus,OH,43204
2744,W BROAD ST,,Columbus,OH,43204
1025,RACINE AVE,,Columbus,OH,43204
346,TERRACE AVE,,Columbus,OH,43204
661,KINGSFORD RD,UNIT 2B,Columbus,OH,43204
857,REGINA CT,,Columbus,OH,43204
213,S WESTMOOR AVE,,Columbus,OH,43204
1297,LAKE SHORE DR,,Columbus,OH,43204
56,S SYLVAN AVE,,Columbus,OH,43204
2755,EAKIN RD,R,Columbus,OH,43204
1285,DEER LAKE CT,,Columbus,OH,43204
479,S OGDEN AVE,,Columbus,OH,43204
234,S POWELL AVE,,Columbus,OH,43204
2715,VANDERBERG AVE,,Columbus,OH,43204
2663,MARBLEVISTA BLVD,,Columbus,OH,43204
1437,RUNAWAY BAY DR,CN 3B,Columbus,OH,43204
708,S WAYNE AVE,,Columbus,OH,43204
3323,OAKDALE AVE,,Columbus,OH,43204
189,S OAKLEY AVE,,Columbus,OH,43204
2386,HARDESTY DR S,,Columbus,OH,43204
3152,VANDERBERG AVE,,Columbus,OH,43204
221,S WHEATLAND AVE,,Columbus,OH,43204
2836,FISHER RD,,Columbus,OH,43204
2713,MARBLEVISTA BLVD,,Columbus,OH,43204
3453,DERRER CT S,,Columbus,OH,43204
2541,W BROAD ST,,Columbus,OH,43204
1400,CROSS CREEK DR,G,Columbus,OH,43204
1434,PEACH BLOSSOM CT,,Columbus,OH,43204
1586,QUARRY VIEW,,Columbus,OH,43204
2930,W BROAD ST,,Columbus,OH,43204
3217,STEPHEN DR S,,Columbus,OH,43204
3520,WILSON WOODS DR,C,Columbus,OH,43204
728,POWHATAN AVE,,Columbus,OH,43204
1379,BAY SHORE DR,,Columbus,OH,43204
725,S HAGUE AVE,,Columbus,OH,43204
3186,SULLIVANT AVE,,Columbus,OH,43204
3189,WESTMILLS DR,,Columbus,OH,43204
2182,QUARRY VALLEY RD,,Columbus,OH,43204
2828,MARBLEVISTA BLVD,,Columbus,OH,43204
906,RACINE AVE,,Columbus,OH,43204
853,LINDENDALE CT,,Columbus,OH,43204
1598,QUARRY TRACE,,Columbus,OH,43204
426,S ROYS AVE,,Columbus,OH,43204
2527,QUARRY VALLEY RD,,Columbus,OH,43204
2777,OTTIS CT,,Columbus,OH,43204
502,S HARRIS AVE,,Columbus,OH,43204
2322,HARDESTY CT,,Columbus,OH,43204
667,S OAKLEY AVE,,Columbus,OH,43204
261,N OAKLEY AVE,,Columbus,OH,43204
289,S WESTGATE AVE,,Columbus,OH,43204
1379,TALCOTT CT,,Columbus,OH,43204
1443,RUNAWAY BAY DR,CN 2D,Columbus,OH,43204
3503,WILSON WOODS DR,,Columbus,OH,43204
180,N SYLVAN AVE,UNIT B,Columbus,OH,43204
1355,BROOKFOREST DR,,Columbus,OH,43204
2858,VANDERBERG AVE,,Columbus,OH,43204
826,LINDENDALE CT,,Columbus,OH,43204
2360,HARDESTY CT,,Columbus,OH,43204
299,S WARREN AVE,,Columbus,OH,43204
3195,BOWDOIN CIR,,Columbus,OH,43204
752,S WHEATLAND AVE,,Columbus,OH,43204
3458,WILSON WOODS DR,H,Columbus,OH,43204
285,JOSEPHINE AVE,,Columbus,OH,43204
2737,STEELE AVE,,Columbus,OH,43204
1331,CATALINA CT,,Columbus,OH,43204
2524,SULLIVANT AVE,,Columbus,OH,43204
212,S EUREKA AVE,,Columbus,OH,43204
3434,WILSON WOODS DR,F,Columbus,OH,43204
2505,RIDGE AVE,,Columbus,OH,43204
2840,FISHER RD,A,Columbus,OH,43204
161,N WAYNE AVE,,Columbus,OH,43204
3237,MCKINLEY AVE,65,Columbus,OH,43204
1529,RUNAWAY BAY DR,CN 3C,Columbus,OH,43204
4080,BUSINESS PARK DR,,Columbus,OH,43204
34,S BURGESS AVE,,Columbus,OH,43204
265,S RICHARDSON AVE,,Columbus,OH,43204
50,N OGDEN AVE,,Columbus,OH,43204
185,S HARRIS AVE,,Columbus,OH,43204
3316,FISHER RD,,Columbus,OH,43204
3038,FREMONT ST,,Columbus,OH,43204
772,S BURGESS AVE,,Columbus,OH,43204
2959,LA VISTA DR,,Columbus,OH,43204
370,S WARREN AVE,,Columbus,OH,43204
737,S EUREKA AVE,,Columbus,OH,43204
2760,ROSEDALE AVE,,Columbus,OH,43204
57,N OGDEN AVE,,Columbus,OH,43204
79,S WAYNE AVE,,Columbus,OH,43204
1455,RUNAWAY BAY DR,CN 3B,Columbus,OH,43204
2343,PALMETTO ST,,Columbus,OH,43204
2745,HAFTON WOODS CT,,Columbus,OH,43204
655,N HAGUE AVE,,Columbus,OH,43204
3535,SULLIVANT AVE,,Columbus,OH,43204
1331,BRONWYN AVE,,Columbus,OH,43204
459,GUERNSEY AVE,,Columbus,OH,43204
550,S OAKLEY AVE,,Columbus,OH,43204
82,N TERRACE AVE,,Columbus,OH,43204
57,LETCHWORTH AVE,,Columbus,OH,43204
2869,SULLIVANT AVE,,Columbus,OH,43204
2529,EAKIN RD,,Columbus,OH,43204
1268,ONSLOW DR,,Columbus,OH,43204
901,BINNS BLVD,,Columbus,OH,43204
80,S WARREN AVE,,Columbus,OH,43204
1259,LAKE SHORE DR,UNIT A,Columbus,OH,43204
2472,WESTWOOD AVE,,Columbus,OH,43204
192,S BRINKER AVE,,Columbus,OH,43204
3178,MARY AVE,,Columbus,OH,43204
690,KINGSFORD RD,,Columbus,OH,43204
2387,LOUDEN AVE,,Columbus,OH,43204
3061,VALLEY VIEW DR,8,Columbus,OH,43204
3444,BRIGGS RD,,Columbus,OH,43204
3590,FARMHURST LN,,Columbus,OH,43204
2986,VALLEY VIEW DR,,Columbus,OH,43204
1243,PINNACLE DR,,Columbus,OH,43204
3946,CIDERMILL DR,,Columbus,OH,43204
343,S WESTGATE AVE,,Columbus,OH,43204
1369,WINESAP DR,,Columbus,OH,43204
262,S OAKLEY AVE,,Columbus,OH,43204
1288,DEER LAKE CT,,Columbus,OH,43204
580,S WESTGATE AVE,,Columbus,OH,43204
2596,QUARRY LAKE DR,,Columbus,OH,43204
1025,WILTSHIRE RD,,Columbus,OH,43204
3508,TREVOR DR,,Columbus,OH,43204
422,S WAYNE AVE,,Columbus,OH,43204
3560,WILSON WOODS DR,G,Columbus,OH,43204
211,N EUREKA AVE,,Columbus,OH,43204
2696,QUARRY LAKE DR,,Columbus,OH,43204
3671,WEST HORIZONS,APT 102,Columbus,OH,43204
308,N OGDEN AVE,,Columbus,OH,43204
2833,VALLEY VIEW DR,,Columbus,OH,43204
2930,WOODLOOP LN,,Columbus,OH,43204
69,S WARREN AVE,,Columbus,OH,43204
587,S ROYS AVE,,Columbus,OH,43204
3237,MCKINLEY AVE,57,Columbus,OH,43204
3366,RIEGELWOOD CT,,Columbus,OH,43204
3024,SULLIVANT AVE,,Columbus,OH,43204
1643,QUARRY TRACE,,Columbus,OH,43204
951,S WARREN AVE,,Columbus,OH,43204
468,S ROYS AVE,,Columbus,OH,43204
1002,S ROYS AVE,,Columbus,OH,43204
157,S OAKLEY AVE,,Columbus,OH,43204
101,S HARRIS AVE,,Columbus,OH,43204
306,S HAGUE AVE,,Columbus,OH,43204
653,S ROYS AVE,,Columbus,OH,43204
55,N HARRIS AVE,,Columbus,OH,43204
1273,RIEGELWOOD LN,,Columbus,OH,43204
202,N OAKLEY AVE,,Columbus,OH,43204
2460,SULLIVANT AVE,B,Columbus,OH,43204
2980,DAISY LN,,Columbus,OH,43204
3566,LINDENDALE DR,,Columbus,OH,43204
3199,MARY AVE,,Columbus,OH,43204
2781,ABBOTS COVE BLVD,,Columbus,OH,43204
2936,LA VISTA DR,UNIT E,Columbus,OH,43204
3272,STEPHEN DR S,,Columbus,OH,43204
160,DERRER RD,,Columbus,OH,43204
2740,QUARRY LAKE DR,,Columbus,OH,43204
3119,JERSEY DR,,Columbus,OH,43204
422,DERRER RD,,Columbus,OH,43204
883,S ROYS AVE,,Columbus,OH,43204
146,S OGDEN AVE,,Columbus,OH,43204
1247,TREEHAVEN LN,,Columbus,OH,43204
707,WESTBROOK CT,,Columbus,OH,43204
3245,SULLIVANT AVE,B,Columbus,OH,43204
872,MARK PL,,Columbus,OH,43204
2394,HARDESTY DR S,,Columbus,OH,43204
2490,EAKIN RD,,Columbus,OH,43204
2747,RIDGE AVE,,Columbus,OH,43204
181,DERRER RD,,Columbus,OH,43204
2748,HAFTON RD,,Columbus,OH,43204
737,S TERRACE AVE,,Columbus,OH,43204
3946,DEER LAKE WAY,,Columbus,OH,43204
1296,DEER LAKE CT,,Columbus,OH,43204
268,S SYLVAN AVE,,Columbus,OH,43204
216,S EUREKA AVE,,Columbus,OH,43204
1050,HARDESTY PL W,,Columbus,OH,43204
2974,LA VISTA DR,,Columbus,OH,43204
165,S HURON AVE,,Columbus,OH,43204
3164,VAUXHALL DR,,Columbus,OH,43204
2756,VANDERBERG AVE,,Columbus,OH,43204
3871,TALCOTT DR,,Columbus,OH,43204
3237,MCKINLEY AVE,111,Columbus,OH,43204
3181,W BROAD ST,,Columbus,OH,43204
3017,WICKLOW RD,,Columbus,OH,43204
546,S RICHARDSON AVE,,Columbus,OH,43204
1329,WILD OATS DR,,Columbus,OH,43204
1348,BAJA LN,,Columbus,OH,43204
2811,FISHER RD,,Columbus,OH,43204
338,N OGDEN AVE,,Columbus,OH,43204
94,N EUREKA AVE,,Columbus,OH,43204
191,S EUREKA AVE,,Columbus,OH,43204
3286,COLONY HILL LN,,Columbus,OH,43204
329,S RICHARDSON AVE,,Columbus,OH,43204
3568,FARMHURST LN,,Columbus,OH,43204
620,SALISBURY RD,,Columbus,OH,43204
454,N WESTMOOR AVE,,Columbus,OH,43204
715,BINNS BLVD,,Columbus,OH,43204
2830,FISHER RD,B,Columbus,OH,43204
450,BINNS BLVD,,Columbus,OH,43204
2241,QUARRY VALLEY RD,,Columbus,OH,43204
3018,MCKINLEY AVE,,Columbus,OH,43204
635,N HAGUE AVE,,Columbus,OH,43204
222,N SOUTHAMPTON AVE,,Columbus,OH,43204
439,S WARREN AVE,,Columbus,OH,43204
491,S BURGESS AVE,,Columbus,OH,43204
2911,OLIVE ST,,Columbus,OH,43204
238,S ROYS AVE,,Columbus,OH,43204
1080,HARDESTY PL W,,Columbus,OH,43204
267,S WESTGATE AVE,,Columbus,OH,43204
344,S ROYS AVE,,Columbus,OH,43204
2676,SCIOTO STATION DR,,Columbus,OH,43204
1282,PINNACLE DR,,Columbus,OH,43204
3676,DRAGONFLY DR,,Columbus,OH,43204
1237,LAKE SHORE DR,,Columbus,OH,43204
1309,LAKE SHORE DR,,Columbus,OH,43204
2672,QUARRY POINT,,Columbus,OH,43204
34,S SYLVAN AVE,,Columbus,OH,43204
3551,LINDENDALE DR,,Columbus,OH,43204
3372,MARY AVE,,Columbus,OH,43204
2184,QUARRY VALLEY RD,,Columbus,OH,43204
143,N OAKLEY AVE,,Columbus,OH,43204
296,S OAKLEY AVE,,Columbus,OH,43204
182,N BURGESS AVE,,Columbus,OH,43204
1322,RUNAWAY BAY DR,CN 3C,Columbus,OH,43204
3278,W BROAD ST,,Columbus,OH,43204
3698,GIBBSTONE DR,,Columbus,OH,43204
799,S WAYNE AVE,,Columbus,OH,43204
3257,VANDERBERG AVE,,Columbus,OH,43204
1661,QUARRY TRACE,,Columbus,OH,43204
436,S OGDEN AVE,,Columbus,OH,43204
459,S OGDEN AVE,,Columbus,OH,43204
74,S WESTGATE AVE,,Columbus,OH,43204
779,S OGDEN AVE,,Columbus,OH,43204
1875,SAN REMO DR,,Columbus,OH,43204
554,S OGDEN AVE,,Columbus,OH,43204
2146,QUARRY VALLEY RD,,Columbus,OH,43204
3658,GRIMES DR,,Columbus,OH,43204
569,S TERRACE AVE,,Columbus,OH,43204
3335,SULLIVANT AVE,,Columbus,OH,43204
3237,MCKINLEY AVE,38,Columbus,OH,43204
611,S WARREN AVE,,Columbus,OH,43204
1348,BRONWYN AVE,,Columbus,OH,43204
3400,CAMP CHASE DR,B6,Columbus,OH,43204
2516,W BROAD ST,B,Columbus,OH,43204
327,S WESTGATE AVE,,Columbus,OH,43204
1467,RUNAWAY BAY DR,CN 3D,Columbus,OH,43204
966,S HAGUE AVE,,Columbus,OH,43204
108,N OAKLEY AVE,,Columbus,OH,43204
1307,BROOKFOREST DR,,Columbus,OH,43204
682,CHESTERSHIRE RD,,Columbus,OH,43204
3691,FOSSIL DR,,Columbus,OH,43204
222,N TERRACE AVE,,Columbus,OH,43204
79,S WESTMOOR AVE,,Columbus,OH,43204
2543,EAKIN RD,,Columbus,OH,43204
3502,WILKES CT,,Columbus,OH,43204
660,S RICHARDSON AVE,,Columbus,OH,43204
533,S OAKLEY AVE,,Columbus,OH,43204
1436,CROSS CREEK DR,B,Columbus,OH,43204
3900,BUSINESS PARK DR,,Columbus,OH,43204
216,N OAKLEY AVE,,Columbus,OH,43204
3567,WILSON WOODS DR,K,Columbus,OH,43204
1225,WARBLE DR,,Columbus,OH,43204
291,N WHEATLAND AVE,,Columbus,OH,43204
933,BINNS BLVD,,Columbus,OH,43204
191,BINNS BLVD,,Columbus,OH,43204
363,S CHASE AVE,A,Columbus,OH,43204
33,S HAGUE AVE,,Columbus,OH,43204
346,S WHEATLAND AVE,,Columbus,OH,43204
3394,EAKIN RD,,Columbus,OH,43204
191,S WESTGATE AVE,,Columbus,OH,43204
58,S TERRACE AVE,,Columbus,OH,43204
1373,S HAGUE AVE,,Columbus,OH,43204
576,S OAKLEY AVE,,Columbus,OH,43204
384,S OAKLEY AVE,,Columbus,OH,43204
3205,PARKSIDE RD,,Columbus,OH,43204
149,S HURON AVE,,Columbus,OH,43204
2753,MARBLEVISTA BLVD,,Columbus,OH,43204
1597,LAKE SHORE DR,,Columbus,OH,43204
192,N HURON AVE,E,Columbus,OH,43204
3671,WEST HORIZONS,APT 304,Columbus,OH,43204
3646,DRAGONFLY DR,,Columbus,OH,43204
2390,SULLIVANT AVE,,Columbus,OH,43204
65,S WESTMOOR AVE,,Columbus,OH,43204
3384,RIEGELWOOD CT,,Columbus,OH,43204
569,S ROYS AVE,,Columbus,OH,43204
956,SALISBURY RD,,Columbus,OH,43204
1037,HARDESTY PL E,,Columbus,OH,43204
142 1/2,S WARREN AVE,,Columbus,OH,43204
2832,FREMONT ST,,Columbus,OH,43204
1184,ST CECELIA DR,,Columbus,OH,43204
3215,VALLEY VIEW DR,,Columbus,OH,43204
3567,WILSON WOODS DR,A,Columbus,OH,43204
1335,TRADE WINDS DR,APT 104,Columbus,OH,43204
2598,SYMINGTON AVE,,Columbus,OH,43204
825,CHESTERSHIRE RD,,Columbus,OH,43204
2541,MARBLEVISTA BLVD,,Columbus,OH,43204
1118,ONSLOW DR,,Columbus,OH,43204
188,S SOUTHAMPTON AVE,,Columbus,OH,43204
2350,HARDESTY CT,,Columbus,OH,43204
2736,GRACE ST,,Columbus,OH,43204
781,STEPHEN DR W,,Columbus,OH,43204
1437,CLIFF CT,A,Columbus,OH,43204
3638,TRABUE RD,,Columbus,OH,43204
35,N HURON AVE,,Columbus,OH,43204
3300,WICKLOW RD,,Columbus,OH,43204
3578,LINDENDALE DR,,Columbus,OH,43204
43,S OGDEN AVE,,Columbus,OH,43204
2928,DAISY LN,,Columbus,OH,43204
782,S EUREKA AVE,,Columbus,OH,43204
163,N HURON AVE,,Columbus,OH,43204
1012,BROOKS END CT,,Columbus,OH,43204
845,REGINA CT,A,Columbus,OH,43204
2367,QUARRY VALLEY RD,,Columbus,OH,43204
24,N WAYNE AVE,,Columbus,OH,43204
3134,WESTMILLS DR,,Columbus,OH,43204
1476,CLIFF CT,B,Columbus,OH,43204
317,S RICHARDSON AVE,,Columbus,OH,43204
222,LETCHWORTH AVE,,Columbus,OH,43204
820,S TERRACE AVE,,Columbus,OH,43204
1503,RUNAWAY BAY DR,CN 2B,Columbus,OH,43204
3660,WEST HORIZONS,APT 203,Columbus,OH,43204
2602,EAKIN RD,,Columbus,OH,43204
1410,LAKE SHORE DR,A,Columbus,OH,43204
893,BRIXHAM RD,,Columbus,OH,43204
115,S WHEATLAND AVE,,Columbus,OH,43204
107,S OGDEN AVE,,Columbus,OH,43204
1767,QUARRY VIEW,,Columbus,OH,43204
2976,CORTONA RD,,Columbus,OH,43204
617,S HARRIS AVE,,Columbus,OH,43204
1153,ABBOTS GREEN CIR,,Columbus,OH,43204
175,N HALDY AVE,,Columbus,OH,43204
2643 1/2,SULLIVANT AVE,,Columbus,OH,43204
2693,MARBLEVISTA BLVD,,Columbus,OH,43204
234,N HARRIS AVE,,Columbus,OH,43204
674,LANCE CT,,Columbus,OH,43204
1381,EMELINE CT,,Columbus,OH,43204
397,N BRINKER AVE,,Columbus,OH,43204
3237,MCKINLEY AVE,87,Columbus,OH,43204
22,ELDON AVE,,Columbus,OH,43204
41,N WESTMOOR AVE,,Columbus,OH,43204
3671,WEST HORIZONS,APT 204,Columbus,OH,43204
2433,QUARRY LAKE DR,,Columbus,OH,43204
75,N OGDEN AVE,,Columbus,OH,43204
94,N WESTMOOR AVE,C,Columbus,OH,43204
1345,ROYSTON DR,,Columbus,OH,43204
200,N HURON AVE,D,Columbus,OH,43204
190,N WARREN AVE,,Columbus,OH,43204
2630,MARBLEVISTA BLVD,,Columbus,OH,43204
716,RACINE AVE,,Columbus,OH,43204
570,S EUREKA AVE,,Columbus,OH,43204
1738,QUARRY VIEW,,Columbus,OH,43204
126,S WHEATLAND AVE,,Columbus,OH,43204
3350,RUDON LN,,Columbus,OH,43204
111,N OAKLEY AVE,,Columbus,OH,43204
3645,DRAGONFLY DR,,Columbus,OH,43204
819,BINNS BLVD,,Columbus,OH,43204
3461,SULLIVANT AVE,,Columbus,OH,43204
2851,ABBOTS COVE BLVD,,Columbus,OH,43204
202,N WAYNE AVE,,Columbus,OH,43204
978,S HARRIS AVE,,Columbus,OH,43204
3493,SENATOR CT,,Columbus,OH,43204
198,S HURON AVE,,Columbus,OH,43204
230,LETCHWORTH AVE,,Columbus,OH,43204
857,REGINA CT,B,Columbus,OH,43204
3522,WILKES CT,,Columbus,OH,43204
436,S BURGESS AVE,,Columbus,OH,43204
1043,BROOKS END CT,,Columbus,OH,43204
55,S BRINKER AVE,,Columbus,OH,43204
483,S POWELL AVE,,Columbus,OH,43204
552,TRADE RD,,Columbus,OH,43204
338,S CHASE AVE,A,Columbus,OH,43204
126,N WARREN AVE,,Columbus,OH,43204
886,S HARRIS AVE,,Columbus,OH,43204
255,S WAYNE AVE,,Columbus,OH,43204
1790,QUARRY VIEW,,Columbus,OH,43204
2737,HAFTON WOODS CT,,Columbus,OH,43204
3035,LA VISTA DR,,Columbus,OH,43204
3503,SENATOR CT,,Columbus,OH,43204
592,WILTSHIRE RD,,Columbus,OH,43204
3245,SULLIVANT AVE,M,Columbus,OH,43204
1461,RUNAWAY BAY DR,CN 2B,Columbus,OH,43204
2945,PALMETTO ST,,Columbus,OH,43204
128,N WAYNE AVE,,Columbus,OH,43204
954,VANDERBERG PL,,Columbus,OH,43204
1403,S HAGUE AVE,,Columbus,OH,43204
271,S TERRACE AVE,,Columbus,OH,43204
1269,DEER LAKE CT,,Columbus,OH,43204
151,S WAYNE AVE,,Columbus,OH,43204
769,S HAGUE AVE,,Columbus,OH,43204
3245,SULLIVANT AVE,J,Columbus,OH,43204
1350,WILD OATS DR,,Columbus,OH,43204
2743,HAFTON RD,,Columbus,OH,43204
1405,LAKE SHORE DR,,Columbus,OH,43204
575,S EUREKA AVE,,Columbus,OH,43204
2956,ABBOTS COVE BLVD,,Columbus,OH,43204
3191,STEPHEN DR S,,Columbus,OH,43204
1406,LAKE SHORE DR,B,Columbus,OH,43204
832,DEMOREST RD,,Columbus,OH,43204
627,S ROYS AVE,,Columbus,OH,43204
2464,QUARRY LAKE DR,,Columbus,OH,43204
32,S HURON AVE,,Columbus,OH,43204
1424,BAY SHORE DR,CN 3D,Columbus,OH,43204
310,S TERRACE AVE,,Columbus,OH,43204
661,KINGSFORD RD,UNIT 1C,Columbus,OH,43204
26,N HURON AVE,,Columbus,OH,43204
704,S OAKLEY AVE,,Columbus,OH,43204
779,S EUREKA AVE,,Columbus,OH,43204
3996,DEER LAKE WAY,,Columbus,OH,43204
1770,QUARRY VIEW,,Columbus,OH,43204
307,S ALGONQUIN AVE,,Columbus,OH,43204
2499,STEELE AVE,,Columbus,OH,43204
168,S POWELL AVE,B,Columbus,OH,43204
223,S BURGESS AVE,,Columbus,OH,43204
1122,ABBOTS LAKE CT,,Columbus,OH,43204
730,N WILSON RD,,Columbus,OH,43204
1865,SAN REMO DR,,Columbus,OH,43204
55,N WILSON RD,,Columbus,OH,43204
2327,KEEP PL,,Columbus,OH,43204
202,N EUREKA AVE,,Columbus,OH,43204
1440,PEACH TREE CT,,Columbus,OH,43204
1535,RUNAWAY BAY DR,CN 1A,Columbus,OH,43204
1096,ST MATTHEW AVE,,Columbus,OH,43204
671,DERRER RD,,Columbus,OH,43204
1340,BRONWYN AVE,,Columbus,OH,43204
2967,WESTMOOR DR,,Columbus,OH,43204
284,S OAKLEY AVE,,Columbus,OH,43204
328,S SYLVAN AVE,,Columbus,OH,43204
3685,FOSSIL DR,,Columbus,OH,43204
1454,RUNAWAY BAY DR,CN 2A,Columbus,OH,43204
275,S OGDEN AVE,,Columbus,OH,43204
3237,MCKINLEY AVE,83,Columbus,OH,43204
1900,MARBLE CLIFF CROSSING CT,,Columbus,OH,43204
2714,SULLIVANT AVE,,Columbus,OH,43204
284,POWELL CIR,UNIT B,Columbus,OH,43204
2895,SULLIVANT AVE,UNIT 5,Columbus,OH,43204
1137,FARMHURST CT,,Columbus,OH,43204
58,N HURON AVE,,Columbus,OH,43204
614,S WARREN AVE,,Columbus,OH,43204
712,CHESTERSHIRE RD,,Columbus,OH,43204
85,S ALGONQUIN AVE,,Columbus,OH,43204
236,BINNS BLVD,,Columbus,OH,43204
3115,JERSEY DR,,Columbus,OH,43204
2755,EAKIN RD,I,Columbus,OH,43204
3054,WOODLOOP LN,,Columbus,OH,43204
792,CHESTERSHIRE RD,,Columbus,OH,43204
240 1/2,N OAKLEY AVE,,Columbus,OH,43204
3516,LINDENDALE DR,,Columbus,OH,43204
3015,CRESCENT DR,,Columbus,OH,43204
106,S TERRACE AVE,,Columbus,OH,43204
3713,WINDWARD WAY,APT 305,Columbus,OH,43204
635,LANCE CT,,Columbus,OH,43204
1382,RESTWOOD CT,,Columbus,OH,43204
45,N WESTMOOR AVE,,Columbus,OH,43204
2355,HARDESTY DR N,,Columbus,OH,43204
2937,PALMETTO ST,,Columbus,OH,43204
715,S BURGESS AVE,,Columbus,OH,43204
444,S BURGESS AVE,,Columbus,OH,43204
243,S WAYNE AVE,,Columbus,OH,43204
442,S OAKLEY AVE,,Columbus,OH,43204
91,S HAGUE AVE,,Columbus,OH,43204
112,S RICHARDSON AVE,,Columbus,OH,43204
136,S WESTGATE AVE,,Columbus,OH,43204
573,CRESCENT RD,,Columbus,OH,43204
126,DEMOREST AVE,,Columbus,OH,43204
819,BRIXHAM RD,,Columbus,OH,43204
41,POWHATAN AVE,,Columbus,OH,43204
462,S HARRIS AVE,,Columbus,OH,43204
2779,ABBOTS COVE BLVD,,Columbus,OH,43204
644,CHESTERSHIRE RD,,Columbus,OH,43204
130,N POWELL AVE,,Columbus,OH,43204
101,N WESTMOOR AVE,,Columbus,OH,43204
2405,SULLIVANT AVE,,Columbus,OH,43204
668,S HAGUE AVE,,Columbus,OH,43204
575,SALISBURY RD,,Columbus,OH,43204
2981,LA VISTA DR,,Columbus,OH,43204
259,S POWELL AVE,,Columbus,OH,43204
255,S HAGUE AVE,,Columbus,OH,43204
140,S BRINKER AVE,,Columbus,OH,43204
41,S HARRIS AVE,,Columbus,OH,43204
1130,FARMHURST CT,,Columbus,OH,43204
1399,LAKE SHORE DR,,Columbus,OH,43204
101,N OAKLEY AVE,,Columbus,OH,43204
219,S WESTGATE AVE,,Columbus,OH,43204
1989,MARBLE CLIFF CROSSING CT,,Columbus,OH,43204
180,N HAGUE AVE,,Columbus,OH,43204
818,KINGSFORD RD,,Columbus,OH,43204
3400,CAMP CHASE DR,B4,Columbus,OH,43204
1027,BROOKS END CT,,Columbus,OH,43204
223,N WAYNE AVE,,Columbus,OH,43204
576,DEMOREST RD,,Columbus,OH,43204
762,KINGSFORD RD,,Columbus,OH,43204
268,POWHATAN AVE,,Columbus,OH,43204
862,DEMOREST RD,,Columbus,OH,43204
2654,W BROAD ST,6,Columbus,OH,43204
96,S OGDEN AVE,,Columbus,OH,43204
131,ELDON AVE,,Columbus,OH,43204
2958,MCKINLEY AVE,,Columbus,OH,43204
121,S SYLVAN AVE,,Columbus,OH,43204
194,N HURON AVE,D,Columbus,OH,43204
723,S OGDEN AVE,,Columbus,OH,43204
892,SALISBURY RD,,Columbus,OH,43204
448,S BURGESS AVE,,Columbus,OH,43204
345,S HARRIS AVE,,Columbus,OH,43204
1319,LAKE SHORE DR,,Columbus,OH,43204
3306,STEPHEN DR S,,Columbus,OH,43204
1107,ABBOTS GREEN CIR,,Columbus,OH,43204
1414,SUNFLOWER DR,,Columbus,OH,43204
2911,GRESHAM RD N,,Columbus,OH,43204
34,S RICHARDSON AVE,,Columbus,OH,43204
1028,ANTHONY DR,,Columbus,OH,43204
3259,W BROAD ST,,Columbus,OH,43204
534,S RICHARDSON AVE,,Columbus,OH,43204
2812,BRIGGSTON AVE,,Columbus,OH,43204
179,N WARREN AVE,,Columbus,OH,43204
1325,LAKE SHORE DR,,Columbus,OH,43204
695,BINNS BLVD,,Columbus,OH,43204
1357,TRADE WINDS DR,APT 307,Columbus,OH,43204
1442,BAY SHORE DR,CN 2A,Columbus,OH,43204
543,S TERRACE AVE,,Columbus,OH,43204
79,N WILSON RD,,Columbus,OH,43204
2327,MARBLEVISTA BLVD,,Columbus,OH,43204
299,N SYLVAN AVE,,Columbus,OH,43204
3112,VALLEY VIEW DR,,Columbus,OH,43204
724,BINNS BLVD,,Columbus,OH,43204
369,S CHASE AVE,,Columbus,OH,43204
609,S EUREKA AVE,,Columbus,OH,43204
535,S OAKLEY AVE,,Columbus,OH,43204
1510,RUNAWAY BAY DR,CN 1D,Columbus,OH,43204
2345,W MOUND ST,REAR,Columbus,OH,43204
929,S HARRIS AVE,,Columbus,OH,43204
3484,WILSON WOODS DR,A,Columbus,OH,43204
565,S OAKLEY AVE,,Columbus,OH,43204
2513,QUARRY VALLEY RD,,Columbus,OH,43204
3255,COLONY HILL LN,,Columbus,OH,43204
3591,INTERCHANGE RD,,Columbus,OH,43204
2457,QUARRY LAKE DR,,Columbus,OH,43204
2443,QUARRY LAKE DR,,Columbus,OH,43204
71,S WAYNE AVE,,Columbus,OH,43204
11,S WAYNE AVE,,Columbus,OH,43204
2794,QUARRY POINT,,Columbus,OH,43204
2729,ABBOTS LOOP CT,,Columbus,OH,43204
1436,PEACH TREE CT,,Columbus,OH,43204
239,POWHATAN AVE,,Columbus,OH,43204
2743,ST JOSEPH AVE,,Columbus,OH,43204
273,S BRINKER AVE,,Columbus,OH,43204
730,S BURGESS AVE,,Columbus,OH,43204
1276,PINNACLE DR,,Columbus,OH,43204
66,S SOUTHAMPTON AVE,,Columbus,OH,43204
2555,QUARRY LAKE DR,,Columbus,OH,43204
2955,DIBBLEE AVE,,Columbus,OH,43204
1289,LAKE SHORE DR,UNIT A,Columbus,OH,43204
2718,MARBLEVISTA BLVD,,Columbus,OH,43204
1393,N HAGUE AVE,,Columbus,OH,43204
2999,WESTMOOR CT,,Columbus,OH,43204
1021,HODGES DR,,Columbus,OH,43204
420,S POWELL AVE,D,Columbus,OH,43204
326,S OGDEN AVE,,Columbus,OH,43204
608,DEXTER AVE,,Columbus,OH,43204
1562,QUARRY VIEW,,Columbus,OH,43204
10,N HARRIS AVE,,Columbus,OH,43204
101,DERRER ESTATES PL,,Columbus,OH,43204
1488,RUNAWAY BAY DR,,Columbus,OH,43204
1492,RUNAWAY BAY DR,CN 1A,Columbus,OH,43204
2757,BERNADETTE RD,,Columbus,OH,43204
3022,WICKLOW RD,,Columbus,OH,43204
1209,TREEHAVEN LN,,Columbus,OH,43204
363,S EUREKA AVE,,Columbus,OH,43204
28,LETCHWORTH AVE,,Columbus,OH,43204
1374,RUNAWAY BAY DR,CN 2B,Columbus,OH,43204
3247,MAPLEWAY LN,,Columbus,OH,43204
1373,CRISFIELD DR,,Columbus,OH,43204
630,JOSEPHINE AVE,,Columbus,OH,43204
2592,MARBLEVISTA BLVD,,Columbus,OH,43204
3340,BRICHAR WAY,,Columbus,OH,43204
180,RANELLE DR,,Columbus,OH,43204
98,S ROYS AVE,,Columbus,OH,43204
1471,CLIFF CT,A,Columbus,OH,43204
2491,VANDERBERG AVE,,Columbus,OH,43204
212,N OGDEN AVE,,Columbus,OH,43204
536,TRADE RD,,Columbus,OH,43204
1307,BRONWYN AVE,,Columbus,OH,43204
86,S ALGONQUIN AVE,,Columbus,OH,43204
3237,MCKINLEY AVE,75,Columbus,OH,43204
3428,RACE ST,,Columbus,OH,43204
653,S BRINKER AVE,,Columbus,OH,43204
620,CRESCENT RD,,Columbus,OH,43204
1170,PARMA AVE,,Columbus,OH,43204
2937,LA VISTA DR,,Columbus,OH,43204
807,S ROYS AVE,,Columbus,OH,43204
2767,EAKIN RD,,Columbus,OH,43204
1249,RIEGELWOOD LN,,Columbus,OH,43204
945,S HARRIS AVE,,Columbus,OH,43204
885,WILTSHIRE RD,,Columbus,OH,43204
1350,RUNAWAY BAY DR,CN 2D,Columbus,OH,43204
3647,WEST HORIZONS,APT 103,Columbus,OH,43204
405,S POWELL AVE,,Columbus,OH,43204
43,N POWELL AVE,,Columbus,OH,43204
2557,SULLIVANT AVE,,Columbus,OH,43204
618,BRIXHAM RD,,Columbus,OH,43204
854,REGINA CT,C,Columbus,OH,43204
598,ATHENS AVE,,Columbus,OH,43204
3386,STEPHEN DR S,,Columbus,OH,43204
2411,MARBLEVISTA BLVD,,Columbus,OH,43204
2540,STEELE AVE,,Columbus,OH,43204
59,N HAGUE AVE,,Columbus,OH,43204
992,RACINE AVE,,Columbus,OH,43204
185,S WHEATLAND AVE,,Columbus,OH,43204
3556,EDSON DR,,Columbus,OH,43204
1414,RUNAWAY BAY DR,CN 2A,Columbus,OH,43204
3595,INTERCHANGE RD,,Columbus,OH,43204
254,S SYLVAN AVE,,Columbus,OH,43204
3094,SULLIVANT AVE,,Columbus,OH,43204
2748,ST JOSEPH AVE,,Columbus,OH,43204
317,S BURGESS AVE,,Columbus,OH,43204
614,RACINE AVE,,Columbus,OH,43204
295,S WAYNE AVE,,Columbus,OH,43204
3387,PARKSIDE RD,,Columbus,OH,43204
880,WILTSHIRE RD,,Columbus,OH,43204
2736,HAFTON WOODS CT,,Columbus,OH,43204
648,S OGDEN AVE,,Columbus,OH,43204
1887,MARBLE CLIFF CROSSING CT,,Columbus,OH,43204
1399,CIDERMILL CT,,Columbus,OH,43204
127,S WESTMOOR AVE,,Columbus,OH,43204
3685,GIBBSTONE DR,,Columbus,OH,43204
392,S ROYS AVE,,Columbus,OH,43204
1057,RACINE AVE,,Columbus,OH,43204
1550,QUARRY VIEW,,Columbus,OH,43204
685,KINGSFORD RD,,Columbus,OH,43204
727,S OGDEN AVE,,Columbus,OH,43204
47,S WARREN AVE,,Columbus,OH,43204
982,ANTHONY DR,,Columbus,OH,43204
3226,RACE ST,,Columbus,OH,43204
1230,WARBLE DR,,Columbus,OH,43204
2197,QUARRY VALLEY RD,,Columbus,OH,43204
393,JOSEPHINE AVE,,Columbus,OH,43204
3230,W BROAD ST,,Columbus,OH,43204
298,S TERRACE AVE,,Columbus,OH,43204
2300,INDIANOLA AVE,,Columbus,OH,43204
448,S HARRIS AVE,,Columbus,OH,43204
56,S ROYS AVE,,Columbus,OH,43204
86,S SOUTHAMPTON AVE,,Columbus,OH,43204
296,N BRINKER AVE,,Columbus,OH,43204
348,N OGDEN AVE,,Columbus,OH,43204
950,RACINE AVE,,Columbus,OH,43204
3514,DERRER HOLLOW WAY,,Columbus,OH,43204
984,CHESTERSHIRE RD,,Columbus,OH,43204
353,S RICHARDSON AVE,,Columbus,OH,43204
1301,LAKE SHORE DR,UNIT A,Columbus,OH,43204
3261,MAPLEWAY LN,,Columbus,OH,43204
3892,POPLAR BEND DR,,Columbus,OH,43204
2946,LA VISTA DR,,Columbus,OH,43204
2966,VALLEY VIEW DR,,Columbus,OH,43204
1350,RUNAWAY BAY DR,CN 1B,Columbus,OH,43204
2558,SYMINGTON AVE,,Columbus,OH,43204
190,N HURON AVE,D,Columbus,OH,43204
452,N WESTMOOR AVE,,Columbus,OH,43204
716,S BURGESS AVE,,Columbus,OH,43204
625,S WHEATLAND AVE,,Columbus,OH,43204
2326,W BROAD ST,,Columbus,OH,43204
247,N WHEATLAND AVE,,Columbus,OH,43204
840,S OGDEN AVE,,Columbus,OH,43204
2627,EAKIN RD,,Columbus,OH,43204
3395,TIMBER RUN DR,,Columbus,OH,43204
2662,QUARRY POINT,,Columbus,OH,43204
419,S WARREN AVE,,Columbus,OH,43204
2666,VANDERBERG AVE,,Columbus,OH,43204
147,N WARREN AVE,,Columbus,OH,43204
2330,HARDESTY CT,,Columbus,OH,43204
2822,FISHER RD,,Columbus,OH,43204
2552,W BROAD ST,,Columbus,OH,43204
326,S CHASE AVE,,Columbus,OH,43204
3516,EDSON DR,,Columbus,OH,43204
939,CHESTERSHIRE RD,,Columbus,OH,43204
3136,VALLEY VIEW DR,,Columbus,OH,43204
742,S OGDEN AVE,,Columbus,OH,43204
361,S EUREKA AVE,,Columbus,OH,43204
175,BINNS BLVD,,Columbus,OH,43204
3610,EDSON DR,,Columbus,OH,43204
46,N BURGESS AVE,,Columbus,OH,43204
1145,GEORGE'S PL,,Columbus,OH,43204
104,S ALGONQUIN AVE,,Columbus,OH,43204
2814,WOODCROFT RD,,Columbus,OH,43204
1026,WILTSHIRE RD,,Columbus,OH,43204
3499,FREMONT RD,,Columbus,OH,43204
1681,QUARRY TRACE,,Columbus,OH,43204
3538,WILSON WOODS DR,I,Columbus,OH,43204
35,N WILSON RD,,Columbus,OH,43204
737,S OGDEN AVE,,Columbus,OH,43204
1564,RUNAWAY BAY DR,CN 3A,Columbus,OH,43204
1087,HARDESTY PL E,,Columbus,OH,43204
1083,HARDESTY PL E,,Columbus,OH,43204
1885,MAPLEWAY DR,,Columbus,OH,43204
786,S TERRACE AVE,,Columbus,OH,43204
195,LETCHWORTH AVE,,Columbus,OH,43204
100,S EUREKA AVE,,Columbus,OH,43204
2467,MARBLEVISTA BLVD,,Columbus,OH,43204
1173,GEORGE'S PL,,Columbus,OH,43204
2884,ROSEDALE AVE,,Columbus,OH,43204
292,S HAGUE AVE,,Columbus,OH,43204
931,S WARREN AVE,,Columbus,OH,43204
153,N OGDEN AVE,,Columbus,OH,43204
2525,VANDERBERG AVE,,Columbus,OH,43204
52,S POWELL AVE,,Columbus,OH,43204
599,DEXTER AVE,,Columbus,OH,43204
2710,RUTH CT,,Columbus,OH,43204
1312,RIVIERA CT,UNIT C,Columbus,OH,43204
339,BINNS BLVD,,Columbus,OH,43204
3173,EL NINO DR,,Columbus,OH,43204
460,S POWELL AVE,,Columbus,OH,43204
110,N EUREKA AVE,,Columbus,OH,43204
745,S BURGESS AVE,,Columbus,OH,43204
1214,LAKE SHORE DR,,Columbus,OH,43204
3207,BOWDOIN CIR,,Columbus,OH,43204
385,S BURGESS AVE,,Columbus,OH,43204
3042,VALLEY VIEW DR,,Columbus,OH,43204
2121,QUARRY VALLEY RD,,Columbus,OH,43204
274,LETCHWORTH AVE,,Columbus,OH,43204
1165,FARMHURST CT,,Columbus,OH,43204
9,S WAYNE AVE,,Columbus,OH,43204
624,S WHEATLAND AVE,,Columbus,OH,43204
2900,LA VISTA DR,A,Columbus,OH,43204
109,N WAYNE AVE,,Columbus,OH,43204
2425,MARBLEVISTA BLVD,,Columbus,OH,43204
176,S HAGUE AVE,,Columbus,OH,43204
378,S TERRACE AVE,,Columbus,OH,43204
274,S BURGESS AVE,,Columbus,OH,43204
465,N POWELL AVE,,Columbus,OH,43204
705,CHESTERSHIRE RD,,Columbus,OH,43204
143,N TERRACE AVE,,Columbus,OH,43204
2408,WESTWOOD DR,A,Columbus,OH,43204
427,S BURGESS AVE,,Columbus,OH,43204
633,ATHENS AVE,,Columbus,OH,43204
3950,POPLAR BEND DR,,Columbus,OH,43204
2824,NICHOLAS AVE,,Columbus,OH,43204
86,S POWELL AVE,,Columbus,OH,43204
76,S HAGUE AVE,,Columbus,OH,43204
2664,ROSEDALE AVE,,Columbus,OH,43204
1103,HARDESTY PL E,,Columbus,OH,43204
1067,HARDESTY PL E,,Columbus,OH,43204
894,S BRINKER AVE,,Columbus,OH,43204
1090,HARDESTY PL W,,Columbus,OH,43204
3546,WILSON WOODS DR,J,Columbus,OH,43204
375,S WHEATLAND AVE,,Columbus,OH,43204
123,S HAGUE AVE,,Columbus,OH,43204
254,N OAKLEY AVE,,Columbus,OH,43204
591,S SYLVAN AVE,,Columbus,OH,43204
3547,WILSON WOODS DR,,Columbus,OH,43204
728,CHESTERSHIRE RD,,Columbus,OH,43204
208,S POWELL AVE,,Columbus,OH,43204
1689,QUARRY TRACE,,Columbus,OH,43204
619,S HAGUE AVE,,Columbus,OH,43204
928,SALISBURY RD,,Columbus,OH,43204
216,S RICHARDSON AVE,,Columbus,OH,43204
3437,GREAT WESTERN BLVD,UNIT 100,Columbus,OH,43204
3567,WILSON WOODS DR,H,Columbus,OH,43204
1594,QUARRY VIEW,,Columbus,OH,43204
591,N HAGUE AVE,,Columbus,OH,43204
2652,FISHER RD,A,Columbus,OH,43204
1773,QUARRY VIEW,,Columbus,OH,43204
435,S RICHARDSON AVE,,Columbus,OH,43204
260,S WAYNE AVE,,Columbus,OH,43204
2752,BERNADETTE RD,,Columbus,OH,43204
474,S TERRACE AVE,,Columbus,OH,43204
548,S TERRACE AVE,,Columbus,OH,43204
231,S RICHARDSON AVE,,Columbus,OH,43204
880,KINGSFORD RD,,Columbus,OH,43204
2353,SULLIVANT AVE,,Columbus,OH,43204
1357,TRADE WINDS DR,APT 203,Columbus,OH,43204
779,HARRISON DR,,Columbus,OH,43204
188,LETCHWORTH AVE,,Columbus,OH,43204
87,S WESTGATE AVE,,Columbus,OH,43204
670,BINNS BLVD,,Columbus,OH,43204
3494,DERRER FIELD DR,,Columbus,OH,43204
95,N BURGESS AVE,,Columbus,OH,43204
195,S SOUTHAMPTON AVE,,Columbus,OH,43204
2958,SULLIVANT AVE,UNIT J,Columbus,OH,43204
239,S WESTGATE AVE,,Columbus,OH,43204
689,DEXTER AVE,,Columbus,OH,43204
407,S WHEATLAND AVE,,Columbus,OH,43204
608,S RICHARDSON AVE,,Columbus,OH,43204
2665,ABBOTS LOOP CT,,Columbus,OH,43204
239,S TERRACE AVE,,Columbus,OH,43204
841,S WAYNE AVE,,Columbus,OH,43204
3526,LINDENDALE DR,,Columbus,OH,43204
253,LETCHWORTH AVE,,Columbus,OH,43204
150,S WESTMOOR AVE,,Columbus,OH,43204
644,WILTSHIRE RD,,Columbus,OH,43204
24,S RICHARDSON AVE,,Columbus,OH,43204
919,RACINE AVE,,Columbus,OH,43204
712,KYLE CT,,Columbus,OH,43204
3004,VALLEY VIEW DR,,Columbus,OH,43204
469,INDUSTRY DR,,Columbus,OH,43204
3172,SULLIVANT AVE,,Columbus,OH,43204
260,S HARRIS AVE,,Columbus,OH,43204
119,BINNS BLVD,,Columbus,OH,43204
69,S HAGUE AVE,,Columbus,OH,43204
673,N WILSON RD,,Columbus,OH,43204
167,N HALDY AVE,B,Columbus,OH,43204
3250,COLONY VISTA LN,,Columbus,OH,43204
3123,MARY AVE,,Columbus,OH,43204
2407,MARBLEVISTA BLVD,,Columbus,OH,43204
2376,WESTWOOD DR,,Columbus,OH,43204
2796,QUARRY POINT,,Columbus,OH,43204
375,S OAKLEY AVE,,Columbus,OH,43204
604,S RICHARDSON AVE,,Columbus,OH,43204
625,JOYFUL ST,,Columbus,OH,43204
2613,EAKIN RD,,Columbus,OH,43204
804,SALISBURY RD,,Columbus,OH,43204
292,S SOUTHAMPTON AVE,,Columbus,OH,43204
280,S OGDEN AVE,,Columbus,OH,43204
280,S CHASE AVE,,Columbus,OH,43204
2782,MARBLEVISTA BLVD,,Columbus,OH,43204
553,S OGDEN AVE,,Columbus,OH,43204
709,S HAGUE AVE,,Columbus,OH,43204
740,HARRIS AVE,,Columbus,OH,43204
1769,QUARRY VIEW,,Columbus,OH,43204
179,S BURGESS AVE,,Columbus,OH,43204
2895,W BROAD ST,,Columbus,OH,43204
222,N OGDEN AVE,,Columbus,OH,43204
2370,WESTWOOD DR,,Columbus,OH,43204
309,N SYLVAN AVE,,Columbus,OH,43204
3433,GREAT WESTERN BLVD,UNIT 100,Columbus,OH,43204
1824,SAN REMO DR,,Columbus,OH,43204
764,RACINE AVE,,Columbus,OH,43204
693,S HARRIS AVE,,Columbus,OH,43204
3891,FARM BROOK LN,,Columbus,OH,43204
123,S RICHARDSON AVE,,Columbus,OH,43204
329,N WARREN AVE,,Columbus,OH,43204
647,WILTSHIRE RD,,Columbus,OH,43204
959,S HARRIS AVE,,Columbus,OH,43204
482,JOSEPHINE AVE,,Columbus,OH,43204
322,S HURON AVE,,Columbus,OH,43204
428,S RICHARDSON AVE,,Columbus,OH,43204
233,S WAYNE AVE,,Columbus,OH,43204
99,S WESTGATE AVE,,Columbus,OH,43204
1934,MARBLE CLIFF CROSSING CT,,Columbus,OH,43204
2768,MARBLEVISTA BLVD,,Columbus,OH,43204
975,SAFIN RD,,Columbus,OH,43204
2807,LA VISTA DR,,Columbus,OH,43204
562,CHESTERSHIRE RD,,Columbus,OH,43204
3425,WILSON WOODS DR,A,Columbus,OH,43204
397,N WILSON RD,,Columbus,OH,43204
734,S EUREKA AVE,,Columbus,OH,43204
135,BINNS BLVD,,Columbus,OH,43204
3512,EDSON DR,,Columbus,OH,43204
3960,CLAYFORD DR,,Columbus,OH,43204
2762,ST JOSEPH AVE,,Columbus,OH,43204
338,S WHEATLAND AVE,,Columbus,OH,43204
2802,ROSEDALE AVE,,Columbus,OH,43204
313,S HARRIS AVE,,Columbus,OH,43204
1352,BAJA LN,,Columbus,OH,43204
267,S ALGONQUIN AVE,,Columbus,OH,43204
663,S BURGESS AVE,,Columbus,OH,43204
1523,RASPBERRY RUN DR,,Columbus,OH,43204
1139,PARMA AVE,,Columbus,OH,43204
1684,QUARRY TRACE,,Columbus,OH,43204
491,S OGDEN AVE,,Columbus,OH,43204
2305,QUARRY VALLEY RD,,Columbus,OH,43204
562,S OGDEN AVE,,Columbus,OH,43204
3549,WILSON WOODS DR,,Columbus,OH,43204
3600,TRABUE RD,,Columbus,OH,43204
121,S BURGESS AVE,,Columbus,OH,43204
98,N HAGUE AVE,,Columbus,OH,43204
2565,EAKIN RD,,Columbus,OH,43204
276,POWELL CIR,UNIT B,Columbus,OH,43204
1442,BAY SHORE DR,,Columbus,OH,43204
84,N WESTGATE AVE,,Columbus,OH,43204
3477,DERRER HILL DR,,Columbus,OH,43204
605,S BURGESS AVE,,Columbus,OH,43204
29,S HARRIS AVE,,Columbus,OH,43204
316,S CHASE AVE,,Columbus,OH,43204
2530,W BROAD ST,,Columbus,OH,43204
3165,SULLIVANT AVE,UNIT I,Columbus,OH,43204
1307,LAKE SHORE DR,UNIT A,Columbus,OH,43204
1235,N HAGUE AVE,,Columbus,OH,43204
888,S HARRIS AVE,,Columbus,OH,43204
1342,RIVIERA CT,,Columbus,OH,43204
175,S HAGUE AVE,,Columbus,OH,43204
929,CHESTERSHIRE RD,,Columbus,OH,43204
2785,ABBOTS COVE BLVD,,Columbus,OH,43204
2950,LA VISTA DR,,Columbus,OH,43204
2838,FISHER RD,D,Columbus,OH,43204
3095,W BROAD ST,,Columbus,OH,43204
1564,RUNAWAY BAY DR,CN 2A,Columbus,OH,43204
3206,BRIGGS RD,,Columbus,OH,43204
3597,EDSON DR,,Columbus,OH,43204
637,S TERRACE AVE,,Columbus,OH,43204
2486,QUARRY LAKE DR,,Columbus,OH,43204
2898,LA VISTA DR,F,Columbus,OH,43204
238,N OGDEN AVE,,Columbus,OH,43204
1437,RUNAWAY BAY DR,CN 1B,Columbus,OH,43204
338,BINNS BLVD,,Columbus,OH,43204
72,POWHATAN AVE,,Columbus,OH,43204
950,S HARRIS AVE,,Columbus,OH,43204
1935,MAPLEWAY DR,,Columbus,OH,43204
1140,NATHAN DR,,Columbus,OH,43204
235,S WESTMOOR AVE,,Columbus,OH,43204
139,N HAGUE AVE,,Columbus,OH,43204
1523,RUNAWAY BAY DR,CN 1B,Columbus,OH,43204
675,KINGSFORD RD,UNIT C1,Columbus,OH,43204
3713,WINDWARD WAY,APT 304,Columbus,OH,43204
3475,DERRER HILL DR,,Columbus,OH,43204
1332,CHESFIELD DR E,,Columbus,OH,43204
3703,INTERCHANGE RD,,Columbus,OH,43204
1847,SAN REMO DR,,Columbus,OH,43204
3013,WESTMOOR CT,,Columbus,OH,43204
32,N WESTGATE AVE,,Columbus,OH,43204
2568,QUARRY LAKE DR,,Columbus,OH,43204
3400,BRICHAR WAY,,Columbus,OH,43204
1860,SAN REMO DR,,Columbus,OH,43204
2830,FISHER RD,A,Columbus,OH,43204
322,S ROYS AVE,,Columbus,OH,43204
1705,QUARRY TRACE,,Columbus,OH,43204
1455,RUNAWAY BAY DR,,Columbus,OH,43204
235,LETCHWORTH AVE,,Columbus,OH,43204
3119,EL NINO DR,,Columbus,OH,43204
622,S WAYNE AVE,,Columbus,OH,43204
970,S EUREKA AVE,,Columbus,OH,43204
684,S WARREN AVE,,Columbus,OH,43204
782,S WARREN AVE,,Columbus,OH,43204
2406,W BROAD ST,,Columbus,OH,43204
3111,W BROAD ST,,Columbus,OH,43204
1441,LAKE SHORE DR,,Columbus,OH,43204
2725,SCHURTZ AVE,,Columbus,OH,43204
3024,CORTONA RD,,Columbus,OH,43204
3189,WHITEHEAD RD,,Columbus,OH,43204
1400,BAY SHORE DR,CN 3C,Columbus,OH,43204
653,S WHEATLAND AVE,,Columbus,OH,43204
1111,BELLFLOWER AVE,,Columbus,OH,43204
95,N WAYNE AVE,,Columbus,OH,43204
3510,FREMONT ST,,Columbus,OH,43204
563,S HAGUE AVE,UNIT 09,Columbus,OH,43204
954,WILTSHIRE RD,,Columbus,OH,43204
3176,MIRIAM DR N,,Columbus,OH,43204
224,S HAGUE AVE,,Columbus,OH,43204
57,S RICHARDSON AVE,,Columbus,OH,43204
824,S HARRIS AVE,D,Columbus,OH,43204
2734,VIDA PL,,Columbus,OH,43204
265,N BRINKER AVE,,Columbus,OH,43204
3392,TRABUE RD,,Columbus,OH,43204
871,S ROYS AVE,,Columbus,OH,43204
741,N WILSON RD,,Columbus,OH,43204
110,S WESTGATE AVE,,Columbus,OH,43204
845,CHESTERSHIRE RD,,Columbus,OH,43204
224,S HURON AVE,,Columbus,OH,43204
3033,LA VISTA DR,,Columbus,OH,43204
293,N ALGONQUIN AVE,,Columbus,OH,43204
145,N EUREKA AVE,,Columbus,OH,43204
675,KINGSFORD RD,UNIT B3,Columbus,OH,43204
107,S TERRACE AVE,,Columbus,OH,43204
353,S HAGUE AVE,,Columbus,OH,43204
1450,CLIFF CT,B,Columbus,OH,43204
512,S OGDEN AVE,,Columbus,OH,43204
3235,SULLIVANT AVE,B,Columbus,OH,43204
2456,W BROAD ST,,Columbus,OH,43204
2838,FISHER RD,B,Columbus,OH,43204
659,POWHATAN AVE,,Columbus,OH,43204
385,S TERRACE AVE,,Columbus,OH,43204
1364,BAY SHORE DR,CN 2D,Columbus,OH,43204
664,DEXTER AVE,,Columbus,OH,43204
319,BINNS BLVD,,Columbus,OH,43204
234,DEMOREST AVE,,Columbus,OH,43204
3237,MCKINLEY AVE,95,Columbus,OH,43204
275,S HARRIS AVE,,Columbus,OH,43204
3346,BRICHAR WAY,,Columbus,OH,43204
3453,GREAT WESTERN BLVD,UNIT 100,Columbus,OH,43204
167,S RICHARDSON AVE,,Columbus,OH,43204
1461,RUNAWAY BAY DR,CN 1A,Columbus,OH,43204
2191,QUARRY VALLEY RD,,Columbus,OH,43204
79,S EUREKA AVE,,Columbus,OH,43204
723,S BURGESS AVE,,Columbus,OH,43204
2806,QUARRY POINT,,Columbus,OH,43204
338,S BRINKER AVE,,Columbus,OH,43204
2431,QUARRY VALLEY RD,,Columbus,OH,43204
3561,WILSON WOODS DR,E,Columbus,OH,43204
2687,VANDERBERG AVE,,Columbus,OH,43204
3546,WILSON WOODS DR,I,Columbus,OH,43204
354,S HARRIS AVE,,Columbus,OH,43204
1443,CLIFF CT,C,Columbus,OH,43204
1091,HARDESTY PL E,,Columbus,OH,43204
2539,MARBLEVISTA BLVD,,Columbus,OH,43204
1379,GOLDMILL WAY,,Columbus,OH,43204
390,S HARRIS AVE,,Columbus,OH,43204
155,GUERNSEY AVE,,Columbus,OH,43204
3407,CAMP CHASE DR,,Columbus,OH,43204
145,S BURGESS AVE,,Columbus,OH,43204
377,S BURGESS AVE,,Columbus,OH,43204
871,KINGSFORD RD,B,Columbus,OH,43204
212,S OGDEN AVE,,Columbus,OH,43204
788,DEMOREST RD,,Columbus,OH,43204
2690,SCIOTO STATION DR,,Columbus,OH,43204
957,S WARREN AVE,,Columbus,OH,43204
2437,OLIVE ST,,Columbus,OH,43204
886,MIRIAM DR W,,Columbus,OH,43204
3640,EAKIN RD,5B,Columbus,OH,43204
2738,GRACE ST,,Columbus,OH,43204
389,S RICHARDSON AVE,,Columbus,OH,43204
675,N WILSON RD,,Columbus,OH,43204
1871,LAKE SHORE DR,,Columbus,OH,43204
1505,HIGHBROOK DR,,Columbus,OH,43204
75,N HARRIS AVE,,Columbus,OH,43204
176,S OGDEN AVE,,Columbus,OH,43204
241,DERRER RD,,Columbus,OH,43204
284,S HAGUE AVE,,Columbus,OH,43204
68,N SYLVAN AVE,E,Columbus,OH,43204
2705,ABBOTS LOOP CT,,Columbus,OH,43204
662,JOSEPHINE AVE,,Columbus,OH,43204
887,SALISBURY RD,,Columbus,OH,43204
685,KINGSFORD RD,A5,Columbus,OH,43204
3572,LINDENDALE DR,,Columbus,OH,43204
98,N CHASE AVE,,Columbus,OH,43204
303,N WARREN AVE,,Columbus,OH,43204
1765,QUARRY VIEW,,Columbus,OH,43204
191,N HALDY AVE,,Columbus,OH,43204
1301,DEER LAKE CT,,Columbus,OH,43204
176,S ALGONQUIN AVE,,Columbus,OH,43204
242,RANELLE DR,,Columbus,OH,43204
1857,LAKE SHORE DR,,Columbus,OH,43204
2851,LA VISTA DR,,Columbus,OH,43204
232,N BURGESS AVE,,Columbus,OH,43204
2958,ABBOTS COVE BLVD,,Columbus,OH,43204
31,N WESTMOOR AVE,,Columbus,OH,43204
4002,BUSINESS PARK DR,,Columbus,OH,43204
80,POWHATAN AVE,,Columbus,OH,43204
291,S WHEATLAND AVE,,Columbus,OH,43204
240,N HAGUE AVE,,Columbus,OH,43204
569,ATHENS AVE,,Columbus,OH,43204
2383,QUARRY VALLEY RD,,Columbus,OH,43204
2854,LA VISTA DR,,Columbus,OH,43204
1212,LAKE SHORE DR,,Columbus,OH,43204
2365,KEEP PL,,Columbus,OH,43204
2950,WESTMOOR DR,,Columbus,OH,43204
2600,FISHER RD,,Columbus,OH,43204
3005,OLIVE ST,,Columbus,OH,43204
2535,QUARRY VALLEY RD,,Columbus,OH,43204
625,N HAGUE AVE,,Columbus,OH,43204
2906,ABBOTS COVE BLVD,,Columbus,OH,43204
144,N EUREKA AVE,,Columbus,OH,43204
942,S BRINKER AVE,,Columbus,OH,43204
350,S HARRIS AVE,,Columbus,OH,43204
2389,SULLIVANT AVE,,Columbus,OH,43204
3729,WINDWARD WAY,APT 202,Columbus,OH,43204
610,S WHEATLAND AVE,,Columbus,OH,43204
1340,THACKER CT,H,Columbus,OH,43204
420,S POWELL AVE,,Columbus,OH,43204
3231,BRIGGS RD,,Columbus,OH,43204
1697,QUARRY TRACE,,Columbus,OH,43204
700,KYLE CT,,Columbus,OH,43204
3333,W BROAD ST,12,Columbus,OH,43204
599,S WHEATLAND AVE,,Columbus,OH,43204
1558,RUNAWAY BAY DR,CN 3D,Columbus,OH,43204
829,MACLAM DR,,Columbus,OH,43204
3865,FARM BROOK LN,,Columbus,OH,43204
2755,EAKIN RD,F,Columbus,OH,43204
1353,WILD OATS DR,,Columbus,OH,43204
2681,MARBLEVISTA BLVD,,Columbus,OH,43204
2832,NICHOLAS AVE,,Columbus,OH,43204
115,N CHASE AVE,,Columbus,OH,43204
293,JOSEPHINE AVE,,Columbus,OH,43204
143,S OAKLEY AVE,,Columbus,OH,43204
719,WESTBROOK CT,,Columbus,OH,43204
2885,W BROAD ST,,Columbus,OH,43204
2867,ABBOTS COVE BLVD,,Columbus,OH,43204
25,N BURGESS AVE,,Columbus,OH,43204
733,N WILSON RD,,Columbus,OH,43204
440,S HURON AVE,,Columbus,OH,43204
1210,EL TORO DR,,Columbus,OH,43204
280,S WHEATLAND AVE,,Columbus,OH,43204
314,N BURGESS AVE,,Columbus,OH,43204
3140,VALLEY VIEW DR,,Columbus,OH,43204
892,WILTSHIRE RD,,Columbus,OH,43204
164,S HAGUE AVE,,Columbus,OH,43204
3525,WILSON WOODS DR,,Columbus,OH,43204
729,S BURGESS AVE,,Columbus,OH,43204
1395,LAKE SHORE DR,,Columbus,OH,43204
167,S OGDEN AVE,,Columbus,OH,43204
292,N HARRIS AVE,,Columbus,OH,43204
2333 1/2,W BROAD ST,,Columbus,OH,43204
3538,WILSON WOODS DR,K,Columbus,OH,43204
2862,W BROAD ST,,Columbus,OH,43204
2871,CHESFIELD DR,,Columbus,OH,43204
405,S RICHARDSON AVE,,Columbus,OH,43204
2857,W BROAD ST,,Columbus,OH,43204
204,S WESTMOOR AVE,,Columbus,OH,43204
47,S BURGESS AVE,,Columbus,OH,43204
439,S HURON AVE,,Columbus,OH,43204
24,S OAKLEY AVE,,Columbus,OH,43204
2801,EAKIN RD,,Columbus,OH,43204
3329,MARK CT,,Columbus,OH,43204
2345,GLENVIEW BLVD,,Columbus,OH,43204
89,N HALDY AVE,,Columbus,OH,43204
772,S OGDEN AVE,,Columbus,OH,43204
745,S ROYS AVE,,Columbus,OH,43204
1370,LAKE SHORE DR,B,Columbus,OH,43204
667,S HARRIS AVE,,Columbus,OH,43204
237,N OGDEN AVE,,Columbus,OH,43204
823,S RICHARDSON AVE,,Columbus,OH,43204
1820,QUARRY VIEW,,Columbus,OH,43204
3097,W BROAD ST,,Columbus,OH,43204
934,VANDERBERG PL,,Columbus,OH,43204
2821,LA VISTA DR,,Columbus,OH,43204
465,S WARREN AVE,,Columbus,OH,43204
1849,LAKE SHORE DR,,Columbus,OH,43204
486,S BURGESS AVE,,Columbus,OH,43204
1285,LAKE SHORE DR,UNIT A,Columbus,OH,43204
42,N BURGESS AVE,,Columbus,OH,43204
625,CHESTERSHIRE RD,,Columbus,OH,43204
114,DERRER HEIGHT LN,,Columbus,OH,43204
3647,FOSSIL DR,,Columbus,OH,43204
358,S HARRIS AVE,,Columbus,OH,43204
1064,HARDESTY PL W,,Columbus,OH,43204
1054,WILTSHIRE RD,,Columbus,OH,43204
381,TERRACE AVE,,Columbus,OH,43204
679,S WHEATLAND AVE,,Columbus,OH,43204
3050,STEELE AVE,,Columbus,OH,43204
1037,S HAGUE AVE,,Columbus,OH,43204
60,N TERRACE AVE,,Columbus,OH,43204
211,S EUREKA AVE,,Columbus,OH,43204
1399,CARTER CT,,Columbus,OH,43204
3458,DERRER CT N,,Columbus,OH,43204
382,S BURGESS AVE,,Columbus,OH,43204
659,S RICHARDSON AVE,,Columbus,OH,43204
38,N BRINKER AVE,,Columbus,OH,43204
206,N WARREN AVE,,Columbus,OH,43204
783,HARRISON DR,,Columbus,OH,43204
32,S TERRACE AVE,,Columbus,OH,43204
3485,WILKES CT,,Columbus,OH,43204
205,N HALDY AVE,,Columbus,OH,43204
3155,EAKIN RD,,Columbus,OH,43204
3520,WILSON WOODS DR,L,Columbus,OH,43204
328,DERRER RD,,Columbus,OH,43204
207,S WESTGATE AVE,,Columbus,OH,43204
1114,S HARRIS AVE,,Columbus,OH,43204
264,S WAYNE AVE,,Columbus,OH,43204
3387,TIMBER RUN DR,,Columbus,OH,43204
335,DEMOREST AVE,,Columbus,OH,43204
188,GUERNSEY AVE,,Columbus,OH,43204
261,S ALGONQUIN AVE,,Columbus,OH,43204
434,S CHASE AVE,A,Columbus,OH,43204
651,WILTSHIRE RD,,Columbus,OH,43204
1467,RUNAWAY BAY DR,CN 2B,Columbus,OH,43204
1811,QUARRY VIEW,,Columbus,OH,43204
1322,RUNAWAY BAY DR,CN 1A,Columbus,OH,43204
3359,TIMBER RUN DR,,Columbus,OH,43204
3205,JOAN RD,,Columbus,OH,43204
3800,CIDERMILL DR,,Columbus,OH,43204
275,N WARREN AVE,,Columbus,OH,43204
2575,W BROAD ST,,Columbus,OH,43204
2295,QUARRY VALLEY RD,,Columbus,OH,43204
43,S WARREN AVE,,Columbus,OH,43204
546,S TERRACE AVE,,Columbus,OH,43204
3415,EAKIN RD,,Columbus,OH,43204
3915,TALCOTT DR,,Columbus,OH,43204
1516,RUNAWAY BAY DR,CN 1C,Columbus,OH,43204
1288,LOWLAND CT,,Columbus,OH,43204
200,N WARREN AVE,,Columbus,OH,43204
1126,ST CECELIA DR,,Columbus,OH,43204
643,N HAGUE AVE,,Columbus,OH,43204
3251,STEPHEN DR S,,Columbus,OH,43204
1440,CLIFF CT,C,Columbus,OH,43204
3377,EMELINE DR,,Columbus,OH,43204
3361,STEPHEN DR S,,Columbus,OH,43204
1077,WILTSHIRE RD,,Columbus,OH,43204
1237,WARBLE DR,,Columbus,OH,43204
1870,LAKE SHORE DR,,Columbus,OH,43204
569,CRESCENT RD,,Columbus,OH,43204
3886,FARM BROOK LN,,Columbus,OH,43204
1454,CLIFF CT,C,Columbus,OH,43204
2844,VALLEY VIEW DR,,Columbus,OH,43204
1175,ROMONA PL,,Columbus,OH,43204
286,N WAYNE AVE,,Columbus,OH,43204
29,S EUREKA AVE,,Columbus,OH,43204
3641,GRIMES DR,,Columbus,OH,43204
730,S OGDEN AVE,,Columbus,OH,43204
3290,SULLIVANT AVE,,Columbus,OH,43204
2966,MCKINLEY AVE,,Columbus,OH,43204
756,S HARRIS AVE,,Columbus,OH,43204
2371,KEEP PL,,Columbus,OH,43204
2747,ST PATRICK RD,,Columbus,OH,43204
558,S TERRACE AVE,,Columbus,OH,43204
175,GUERNSEY AVE,,Columbus,OH,43204
226,S WESTGATE AVE,,Columbus,OH,43204
874,WILTSHIRE RD,,Columbus,OH,43204
366,S RICHARDSON AVE,,Columbus,OH,43204
1084,RACINE AVE,,Columbus,OH,43204
234,S POWELL AVE,UNIT C,Columbus,OH,43204
964,SALISBURY RD,,Columbus,OH,43204
1325,CASCADE CT,,Columbus,OH,43204
259,S EUREKA AVE,,Columbus,OH,43204
3224,COLONY HILL LN,,Columbus,OH,43204
3340,RUDON LN,,Columbus,OH,43204
2670,MARBLEVISTA BLVD,,Columbus,OH,43204
179,DEMOREST AVE,,Columbus,OH,43204
2530,SUTTON AVE,,Columbus,OH,43204
719,S BURGESS AVE,,Columbus,OH,43204
625,S EUREKA AVE,,Columbus,OH,43204
347,N BURGESS AVE,,Columbus,OH,43204
3230,VANDERBERG AVE,,Columbus,OH,43204
2853,ABBOTS COVE BLVD,,Columbus,OH,43204
3351,TIMBER RUN DR,,Columbus,OH,43204
100,N HARRIS AVE,,Columbus,OH,43204
2980,LA VISTA DR,,Columbus,OH,43204
1279,BRONWYN AVE,,Columbus,OH,43204
3341,W BROAD ST,,Columbus,OH,43204
2670,QUARRY POINT,,Columbus,OH,43204
258,N OAKLEY AVE,,Columbus,OH,43204
2398,HARDESTY DR S,,Columbus,OH,43204
3566,WILSON WOODS DR,A,Columbus,OH,43204
1395,LAKE SHORE DR,,Columbus,OH,43204
1230,GLEN COVE WAY,,Columbus,OH,43204
1510,RUNAWAY BAY DR,CN 2A,Columbus,OH,43204
3668,DRAGONFLY DR,,Columbus,OH,43204
90,N RICHARDSON AVE,,Columbus,OH,43204
820,N WILSON RD,,Columbus,OH,43204
66,S HAGUE AVE,,Columbus,OH,43204
2379,HARDESTY CT,,Columbus,OH,43204
598,S SYLVAN AVE,,Columbus,OH,43204
938,S HARRIS AVE,,Columbus,OH,43204
1580,QUARRY VIEW,,Columbus,OH,43204
74,S BURGESS AVE,,Columbus,OH,43204
2960,VALLEY VIEW DR,,Columbus,OH,43204
3310,COLONY VISTA LN,,Columbus,OH,43204
427,S OGDEN AVE,,Columbus,OH,43204
2824,QUARRY POINT,,Columbus,OH,43204
674,S OAKLEY AVE,,Columbus,OH,43204
3046,WOODLOOP LN,,Columbus,OH,43204
66,S OGDEN AVE,A,Columbus,OH,43204
97,N WARREN AVE,,Columbus,OH,43204
84,S HAGUE AVE,,Columbus,OH,43204
182,N OAKLEY AVE,,Columbus,OH,43204
2318,HARDESTY CT,,Columbus,OH,43204
198,N WESTMOOR AVE,UNIT A,Columbus,OH,43204
2333,HARDESTY CT,,Columbus,OH,43204
59,N BURGESS AVE,,Columbus,OH,43204
142,S WAYNE AVE,,Columbus,OH,43204
262,S POWELL AVE,,Columbus,OH,43204
407,S EUREKA AVE,,Columbus,OH,43204
2678,SULLIVANT AVE,,Columbus,OH,43204
19,N WAYNE AVE,,Columbus,OH,43204
910,S HAGUE AVE,,Columbus,OH,43204
2755,EAKIN RD,P,Columbus,OH,43204
3512,WILKES CT,,Columbus,OH,43204
2523,SYMINGTON AVE,,Columbus,OH,43204
1403,LAKE SHORE DR,,Columbus,OH,43204
2396,HARDESTY DR S,,Columbus,OH,43204
2405,W BROAD ST,,Columbus,OH,43204
2820,CHESFIELD DR,,Columbus,OH,43204
3593,INTERCHANGE RD,,Columbus,OH,43204
2006,LAKE SHORE DR,,Columbus,OH,43204
872,KINGSFORD RD,,Columbus,OH,43204
1282,TREVOR CT,,Columbus,OH,43204
2413,QUARRY VALLEY RD,,Columbus,OH,43204
1300,PINNACLE DR,,Columbus,OH,43204
331,S ROYS AVE,,Columbus,OH,43204
685,S TERRACE AVE,,Columbus,OH,43204
2869,CHESFIELD DR,,Columbus,OH,43204
807,S OGDEN AVE,,Columbus,OH,43204
2725,ABBOTS LOOP CT,,Columbus,OH,43204
96,S WARREN AVE,,Columbus,OH,43204
3410,WILSON WOODS DR,H,Columbus,OH,43204
38,N OGDEN AVE,,Columbus,OH,43204
1005,S HAGUE AVE,,Columbus,OH,43204
753,BINNS BLVD,,Columbus,OH,43204
3490,DERRER FIELD DR,,Columbus,OH,43204
3333,W BROAD ST,11,Columbus,OH,43204
342,S SOUTHAMPTON AVE,,Columbus,OH,43204
536,S EUREKA AVE,,Columbus,OH,43204
3231,MEDOMA DR,,Columbus,OH,43204
195,N OAKLEY AVE,,Columbus,OH,43204
615,JOSEPHINE AVE,,Columbus,OH,43204
3130,SULLIVANT AVE,,Columbus,OH,43204
2940,W BROAD ST,,Columbus,OH,43204
1350,RUNAWAY BAY DR,CN 2B,Columbus,OH,43204
53,S OAKLEY AVE,,Columbus,OH,43204
2928,LA VISTA DR,A,Columbus,OH,43204
3403,CAMP CHASE DR,,Columbus,OH,43204
1113,ABBOTS LAKE CT,,Columbus,OH,43204
434,S POWELL AVE,,Columbus,OH,43204
1958,MARBLE CLIFF CROSSING CT,,Columbus,OH,43204
6,N HARRIS AVE,,Columbus,OH,43204
3527,SANITA CT,,Columbus,OH,43204
60,N BRINKER AVE,,Columbus,OH,43204
472,S RICHARDSON AVE,,Columbus,OH,43204
3879,CIDERMILL DR,,Columbus,OH,43204
2832,LA VISTA DR,,Columbus,OH,43204
477,WESTMOOR PL,,Columbus,OH,43204
1529,RUNAWAY BAY DR,CN 1D,Columbus,OH,43204
1519,RUNAWAY BAY DR,,Columbus,OH,43204
2993,WESTMOOR CT,,Columbus,OH,43204
322,LETCHWORTH AVE,,Columbus,OH,43204
416,DERRER RD,,Columbus,OH,43204
386,S ROYS AVE,,Columbus,OH,43204
1010,HODGES DR,,Columbus,OH,43204
2539,WESTWOOD DR,,Columbus,OH,43204
354,N ALGONQUIN AVE,,Columbus,OH,43204
98,N HARRIS AVE,,Columbus,OH,43204
2350,SCIOTO HARPER DR,,Columbus,OH,43204
988,WILTSHIRE RD,,Columbus,OH,43204
68,N EUREKA AVE,,Columbus,OH,43204
1011,BROOKS END CT,,Columbus,OH,43204
820,SALISBURY RD,,Columbus,OH,43204
171,GUERNSEY AVE,,Columbus,OH,43204
2958,SULLIVANT AVE,,Columbus,OH,43204
455,S POWELL AVE,,Columbus,OH,43204
3170,W MOUND ST,,Columbus,OH,43204
1364,BAY SHORE DR,CN 1D,Columbus,OH,43204
138,N WILSON RD,,Columbus,OH,43204
2683,ST JOSEPH AVE,,Columbus,OH,43204
1319,N WILSON RD,,Columbus,OH,43204
272,N OAKLEY AVE,,Columbus,OH,43204
2967,LA VISTA DR,,Columbus,OH,43204
212,N HALDY AVE,,Columbus,OH,43204
1436,CROSS CREEK DR,K,Columbus,OH,43204
1065,PARMA AVE,,Columbus,OH,43204
201,POWHATAN AVE,,Columbus,OH,43204
1333,RIVIERA CT,,Columbus,OH,43204
536,S TERRACE AVE,,Columbus,OH,43204
3237,MCKINLEY AVE,24,Columbus,OH,43204
1113,ST JUDE AVE,,Columbus,OH,43204
369,S WHEATLAND AVE,,Columbus,OH,43204
13,N ROYS AVE,,Columbus,OH,43204
236,S WARREN AVE,,Columbus,OH,43204
273,N WHEATLAND AVE,,Columbus,OH,43204
710,S WARREN AVE,,Columbus,OH,43204
3498,LINDENDALE DR,,Columbus,OH,43204
192,S HARRIS AVE,,Columbus,OH,43204
26,N HARRIS AVE,,Columbus,OH,43204
2947,PARKSIDE RD,,Columbus,OH,43204
14,N WARREN AVE,,Columbus,OH,43204
3319,STEPHEN DR S,,Columbus,OH,43204
2749,EAKIN RD,,Columbus,OH,43204
181,S WESTMOOR AVE,,Columbus,OH,43204
3023,PALMETTO ST,,Columbus,OH,43204
494,S HAGUE AVE,,Columbus,OH,43204
627,N HAGUE AVE,,Columbus,OH,43204
27,S OAKLEY AVE,,Columbus,OH,43204
1079,HARDESTY PL E,,Columbus,OH,43204
25,N WAYNE AVE,,Columbus,OH,43204
467,S TERRACE AVE,,Columbus,OH,43204
160,N HALDY AVE,,Columbus,OH,43204
80,S HARRIS AVE,,Columbus,OH,43204
2671,WHITEHEAD AVE,,Columbus,OH,43204
3114,MARY AVE,,Columbus,OH,43204
612,RACINE AVE,,Columbus,OH,43204
272,S WHEATLAND AVE,,Columbus,OH,43204
46,POWHATAN AVE,,Columbus,OH,43204
36,N HURON AVE,,Columbus,OH,43204
3595,INTERCHANGE RD,,Columbus,OH,43204
942,VANDERBERG PL,,Columbus,OH,43204
2373,GLENVIEW BLVD,,Columbus,OH,43204
95,S OGDEN AVE,,Columbus,OH,43204
62,N HURON AVE,,Columbus,OH,43204
78,N SYLVAN AVE,C,Columbus,OH,43204
767,S BURGESS AVE,,Columbus,OH,43204
301,S SOUTHAMPTON AVE,,Columbus,OH,43204
1400,BAY SHORE DR,CN 1B,Columbus,OH,43204
246,S HAGUE AVE,,Columbus,OH,43204
1523,RUNAWAY BAY DR,CN 3C,Columbus,OH,43204
3461,DERRER CT S,,Columbus,OH,43204
3596,FARMHURST LN,,Columbus,OH,43204
1241,LAKE SHORE DR,,Columbus,OH,43204
388,S CHASE AVE,B,Columbus,OH,43204
42,N WESTGATE AVE,B,Columbus,OH,43204
244,N WILSON RD,,Columbus,OH,43204
1077,ST JUDE AVE,,Columbus,OH,43204
28,S WHEATLAND AVE,,Columbus,OH,43204
2930,OLIVE ST,,Columbus,OH,43204
3405,WICKLOW RD,,Columbus,OH,43204
299,N HARRIS AVE,,Columbus,OH,43204
2819,NICHOLAS AVE,,Columbus,OH,43204
661,KINGSFORD RD,UNIT 1B,Columbus,OH,43204
566,S OAKLEY AVE,,Columbus,OH,43204
1343,TELHAM CT,,Columbus,OH,43204
3400,CAMP CHASE DR,A1,Columbus,OH,43204
3301,STEPHEN DR S,,Columbus,OH,43204
737,RACINE AVE,,Columbus,OH,43204
3642,TRABUE RD,,Columbus,OH,43204
1322,RUNAWAY BAY DR,CN 2B,Columbus,OH,43204
177,N TERRACE AVE,,Columbus,OH,43204
693,S BURGESS AVE,,Columbus,OH,43204
839,S HARRIS AVE,,Columbus,OH,43204
1311,LAKE SHORE DR,,Columbus,OH,43204
3529,SANITA CT,,Columbus,OH,43204
1195,N WILSON RD,,Columbus,OH,43204
819,WILTSHIRE RD,,Columbus,OH,43204
136,N WARREN AVE,,Columbus,OH,43204
107,DERRER RD,,Columbus,OH,43204
1396,CROSS CREEK DR,E,Columbus,OH,43204
84,S OGDEN AVE,,Columbus,OH,43204
2369,MARBLEVISTA BLVD,,Columbus,OH,43204
3524,WICKLOW RD,,Columbus,OH,43204
89,POWHATAN AVE,,Columbus,OH,43204
721,S BRINKER AVE,,Columbus,OH,43204
447,S BURGESS AVE,,Columbus,OH,43204
3725,GIBBSTONE DR,,Columbus,OH,43204
3237,MCKINLEY AVE,98,Columbus,OH,43204
1199,LAKE SHORE DR,,Columbus,OH,43204
3272,MAPLEWAY LN,,Columbus,OH,43204
1326,TELHAM CT,,Columbus,OH,43204
2840,W BROAD ST,,Columbus,OH,43204
2825,BRIGGS RD,,Columbus,OH,43204
1523,RUNAWAY BAY DR,CN 2C,Columbus,OH,43204
2355,MARBLEVISTA BLVD,,Columbus,OH,43204
628,S WAYNE AVE,,Columbus,OH,43204
55,N EUREKA AVE,,Columbus,OH,43204
3181,EL NINO DR,,Columbus,OH,43204
276,POWELL CIR,UNIT D,Columbus,OH,43204
1130,ABBOTS GREEN CIR,,Columbus,OH,43204
1438,PEACH TREE CT,,Columbus,OH,43204
1397,S HAGUE AVE,,Columbus,OH,43204
1376,CRISFIELD DR,,Columbus,OH,43204
1700,QUARRY TRACE,,Columbus,OH,43204
519,S OAKLEY AVE,,Columbus,OH,43204
606,BRIXHAM RD,,Columbus,OH,43204
192,N HURON AVE,H,Columbus,OH,43204
70,N CHASE AVE,,Columbus,OH,43204
2437,SULLIVANT AVE,,Columbus,OH,43204
2672,SULLIVANT AVE,,Columbus,OH,43204
2728,GRACE ST,,Columbus,OH,43204
2500,HARDESTY DR S,,Columbus,OH,43204
738,S OGDEN AVE,,Columbus,OH,43204
340,N SOUTHAMPTON AVE,,Columbus,OH,43204
603,S WHEATLAND AVE,,Columbus,OH,43204
94,N HAGUE AVE,,Columbus,OH,43204
3105 1/2,W BROAD ST,,Columbus,OH,43204
192,S WHEATLAND AVE,,Columbus,OH,43204
2333,W BROAD ST,,Columbus,OH,43204
1641,QUARRY TRACE,,Columbus,OH,43204
695,S EUREKA AVE,,Columbus,OH,43204
2789,BRIGGS RD,,Columbus,OH,43204
1321,LAKE SHORE DR,UNIT B,Columbus,OH,43204
88,S WARREN AVE,,Columbus,OH,43204
150,S HAGUE AVE,,Columbus,OH,43204
3137,SULLIVANT AVE,,Columbus,OH,43204
2900,VALLEY VIEW DR,,Columbus,OH,43204
902,SALISBURY RD,,Columbus,OH,43204
1330,LAKE SHORE DR,UNIT C,Columbus,OH,43204
147,ELDON AVE,,Columbus,OH,43204
194,N HURON AVE,,Columbus,OH,43204
630,S HARRIS AVE,,Columbus,OH,43204
1143,PINNACLE DR,,Columbus,OH,43204
3149,SULLIVANT AVE,,Columbus,OH,43204
168,S OGDEN AVE,,Columbus,OH,43204
1030,CHESTERSHIRE RD,,Columbus,OH,43204
3016,WESTMOOR DR,,Columbus,OH,43204
3510,WILSON WOODS DR,G,Columbus,OH,43204
287,S WHEATLAND AVE,,Columbus,OH,43204
250,N WILSON RD,UNIT 79,Columbus,OH,43204
262,S BURGESS AVE,,Columbus,OH,43204
631,S OGDEN AVE,,Columbus,OH,43204
278,N WARREN AVE,,Columbus,OH,43204
271,N WARREN AVE,,Columbus,OH,43204
87,N WESTMOOR AVE,UNIT A,Columbus,OH,43204
3366,WICKLOW RD,,Columbus,OH,43204
351,BINNS BLVD,,Columbus,OH,43204
2438,HARDESTY DR S,,Columbus,OH,43204
2393,RAY ST,,Columbus,OH,43204
767,SALISBURY RD,,Columbus,OH,43204
969,RACINE AVE,,Columbus,OH,43204
2743,EAKIN RD,,Columbus,OH,43204
562,WILTSHIRE RD,VRAD,Columbus,OH,43204
2421,KEEP PL,,Columbus,OH,43204
47,N HALDY AVE,,Columbus,OH,43204
2945,LA VISTA DR,,Columbus,OH,43204
1396,CROSS CREEK DR,D,Columbus,OH,43204
85,N WAYNE AVE,,Columbus,OH,43204
442,S CHASE AVE,,Columbus,OH,43204
3728,GRIMES DR,,Columbus,OH,43204
668,WILTSHIRE RD,,Columbus,OH,43204
2895,SULLIVANT AVE,UNIT 7,Columbus,OH,43204
3040,MCKINLEY AVE,,Columbus,OH,43204
1281,LAKE SHORE DR,,Columbus,OH,43204
266,S BURGESS AVE,,Columbus,OH,43204
83,ELDON AVE,,Columbus,OH,43204
1068,ST MATTHEW AVE,,Columbus,OH,43204
597,KINGSFORD RD,,Columbus,OH,43204
2416,QUARRY LAKE DR,,Columbus,OH,43204
15,DERRER RD,,Columbus,OH,43204
835,MACLAM DR,,Columbus,OH,43204
2550,W BROAD ST,,Columbus,OH,43204
1284,GLEN COVE WAY,,Columbus,OH,43204
3678,GRIMES DR,,Columbus,OH,43204
132,N WILSON RD,,Columbus,OH,43204
2665,EAKIN RD,,Columbus,OH,43204
3428,WILSON WOODS DR,J,Columbus,OH,43204
397,S HARRIS AVE,,Columbus,OH,43204
214,POWHATAN AVE,,Columbus,OH,43204
2711,ST PATRICK RD,,Columbus,OH,43204
564,TRADE RD,,Columbus,OH,43204
1382,BAY SHORE DR,CN 2B,Columbus,OH,43204
252,RANELLE DR,,Columbus,OH,43204
936,MIRIAM DR E,,Columbus,OH,43204
105,N TERRACE AVE,,Columbus,OH,43204
65,LETCHWORTH AVE,,Columbus,OH,43204
183,S BURGESS AVE,,Columbus,OH,43204
864,S ROYS AVE,,Columbus,OH,43204
267,S TERRACE AVE,,Columbus,OH,43204
297,S CHASE AVE,A,Columbus,OH,43204
1073,ST AGNES AVE,,Columbus,OH,43204
3478,RACE ST,,Columbus,OH,43204
1503,RUNAWAY BAY DR,CN 2A,Columbus,OH,43204
3886,BASIA DR,,Columbus,OH,43204
182,N WILSON RD,,Columbus,OH,43204
754,S WAYNE AVE,,Columbus,OH,43204
52,S ALGONQUIN AVE,,Columbus,OH,43204
370,S CHASE AVE,B,Columbus,OH,43204
318,S WARREN AVE,,Columbus,OH,43204
2855,ABBOTS COVE BLVD,,Columbus,OH,43204
553,S BURGESS AVE,,Columbus,OH,43204
1357,TRADE WINDS DR,APT 202,Columbus,OH,43204
37,S WARREN AVE,,Columbus,OH,43204
1073,SPAATZ AVE,,Columbus,OH,43204
761,WILTSHIRE RD,,Columbus,OH,43204
3574,LINDENDALE DR,,Columbus,OH,43204
843,LINDENDALE CT,,Columbus,OH,43204
59,S WESTMOOR AVE,,Columbus,OH,43204
1287,LAKE SHORE DR,UNIT B,Columbus,OH,43204
3615,GRAYBECK DR,,Columbus,OH,43204
217,N WHEATLAND AVE,,Columbus,OH,43204
661,KINGSFORD RD,,Columbus,OH,43204
675,S ROYS AVE,,Columbus,OH,43204
670,DEXTER AVE,,Columbus,OH,43204
3572,FARMHURST LN,,Columbus,OH,43204
208,S HURON AVE,,Columbus,OH,43204
811,S OGDEN AVE,,Columbus,OH,43204
104,S ROYS AVE,,Columbus,OH,43204
3540,FISHER RD,,Columbus,OH,43204
694,DEXTER AVE,,Columbus,OH,43204
402,S OGDEN AVE,,Columbus,OH,43204
2594,QUARRY LAKE DR,,Columbus,OH,43204
2422,HARDESTY DR S,,Columbus,OH,43204
2370,SCIOTO HARPER DR,,Columbus,OH,43204
1441,LAKE SHORE DR,UNIT B,Columbus,OH,43204
152,S OGDEN AVE,,Columbus,OH,43204
83,N BURGESS AVE,,Columbus,OH,43204
219,GUERNSEY AVE,,Columbus,OH,43204
3950,BUSINESS PARK DR,,Columbus,OH,43204
1455,RUNAWAY BAY DR,CN 3A,Columbus,OH,43204
609,BINNS BLVD,,Columbus,OH,43204
1910,LAKE SHORE DR,,Columbus,OH,43204
3597,FARMHURST LN,,Columbus,OH,43204
3863,TALCOTT DR,,Columbus,OH,43204
1263,GLEN COVE WAY,,Columbus,OH,43204
1400,BAY SHORE DR,CN 1C,Columbus,OH,43204
1199,LAKE SHORE DR,,Columbus,OH,43204
501,S WHEATLAND AVE,,Columbus,OH,43204
734,S BURGESS AVE,,Columbus,OH,43204
273,S OAKLEY AVE,,Columbus,OH,43204
3356,TIMBER OAK DR,,Columbus,OH,43204
553,S WAYNE AVE,,Columbus,OH,43204
645,N HAGUE AVE,,Columbus,OH,43204
394,S CHASE AVE,,Columbus,OH,43204
1107,CHESTERSHIRE RD,,Columbus,OH,43204
330,S WARREN AVE,,Columbus,OH,43204
3872,FARM BROOK LN,,Columbus,OH,43204
1481,HIGHBROOK DR,,Columbus,OH,43204
195,S SYLVAN AVE,,Columbus,OH,43204
51,S OAKLEY AVE,,Columbus,OH,43204
2963,WOODLOOP LN,,Columbus,OH,43204
752,HARRIS AVE,,Columbus,OH,43204
2973,LA VISTA DR,,Columbus,OH,43204
1413,PEACH BLOSSOM CT,,Columbus,OH,43204
2502,W BROAD ST,,Columbus,OH,43204
2706,SCIOTO STATION DR,,Columbus,OH,43204
2582,FREMONT ST,,Columbus,OH,43204
87,N BURGESS AVE,,Columbus,OH,43204
136,N HALDY AVE,,Columbus,OH,43204
1293,GRESHAM RD,,Columbus,OH,43204
194,RANELLE DR,,Columbus,OH,43204
1829,SAN REMO DR,,Columbus,OH,43204
602,BRIXHAM RD,,Columbus,OH,43204
118,DERRER DEN LN,,Columbus,OH,43204
179,N WARREN AVE,,Columbus,OH,43204
795,CHESTERSHIRE RD,,Columbus,OH,43204
1184,EL TORO DR,,Columbus,OH,43204
1471,CLIFF CT,C,Columbus,OH,43204
1692,QUARRY TRACE,,Columbus,OH,43204
3379,RUDON LN,,Columbus,OH,43204
348,N BURGESS AVE,,Columbus,OH,43204
288,POWHATAN AVE,,Columbus,OH,43204
1440,CLIFF CT,A,Columbus,OH,43204
3285,SULLIVANT AVE,UNIT A,Columbus,OH,43204
3517,EDSON DR,,Columbus,OH,43204
286,S POWELL AVE,,Columbus,OH,43204
2958,WESTMOOR DR,,Columbus,OH,43204
3058,JERSEY DR,,Columbus,OH,43204
493,BINNS BLVD,,Columbus,OH,43204
110,S HAGUE AVE,,Columbus,OH,43204
3453,EAKIN RD,,Columbus,OH,43204
365,N BRINKER AVE,,Columbus,OH,43204
1461,RUNAWAY BAY DR,CN 3A,Columbus,OH,43204
1234,BELLFLOWER AVE,,Columbus,OH,43204
223,S WARREN AVE,,Columbus,OH,43204
3560,WILSON WOODS DR,J,Columbus,OH,43204
3432,RACE ST,,Columbus,OH,43204
1442,CLIFF CT,A,Columbus,OH,43204
110,LETCHWORTH AVE,,Columbus,OH,43204
3523,EDSON DR,,Columbus,OH,43204
70,S RICHARDSON AVE,,Columbus,OH,43204
223,N OAKLEY AVE,,Columbus,OH,43204
3165,SULLIVANT AVE,UNIT D,Columbus,OH,43204
956,S HAGUE AVE,,Columbus,OH,43204
2538,VANDERBERG AVE,,Columbus,OH,43204
87,N EUREKA AVE,,Columbus,OH,43204
2462,QUARRY LAKE DR,,Columbus,OH,43204
384,S WAYNE AVE,,Columbus,OH,43204
779,S WAYNE AVE,,Columbus,OH,43204
274,S POWELL AVE,,Columbus,OH,43204
738,HARRIS AVE,,Columbus,OH,43204
3501,SENATOR CT,,Columbus,OH,43204
571,CRESCENT RD,,Columbus,OH,43204
2643,SULLIVANT AVE,,Columbus,OH,43204
2163,QUARRY VALLEY RD,,Columbus,OH,43204
208,S EUREKA AVE,,Columbus,OH,43204
1016,BROOKS END CT,,Columbus,OH,43204
354,S POWELL AVE,,Columbus,OH,43204
189,S OAKLEY AVE,,Columbus,OH,43204
153,S WESTMOOR AVE,,Columbus,OH,43204
3001,WICKLOW RD,,Columbus,OH,43204
1340,THACKER CT,F,Columbus,OH,43204
2755,EAKIN RD,T,Columbus,OH,43204
2385,QUARRY VALLEY RD,,Columbus,OH,43204
701,S HAGUE AVE,,Columbus,OH,43204
2876,ABBOTS COVE BLVD,,Columbus,OH,43204
273,S ALGONQUIN AVE,,Columbus,OH,43204
507,S OAKLEY AVE,,Columbus,OH,43204
1517,RUNAWAY BAY DR,,Columbus,OH,43204
3873,TALCOTT DR,,Columbus,OH,43204
3183,MIRIAM DR N,,Columbus,OH,43204
374,S TERRACE AVE,,Columbus,OH,43204
345,S BURGESS AVE,,Columbus,OH,43204
3518,DERRER HOLLOW WAY,,Columbus,OH,43204
198,N HALDY AVE,,Columbus,OH,43204
4006,BUSINESS PARK DR,,Columbus,OH,43204
560,S WARREN AVE,,Columbus,OH,43204
120,N HALDY AVE,,Columbus,OH,43204
950,S HAGUE AVE,,Columbus,OH,43204
3743,INTERCHANGE RD,,Columbus,OH,43204
1708,QUARRY TRACE,,Columbus,OH,43204
3155,VALLEY VIEW DR,,Columbus,OH,43204
1116,ST MATTHEW AVE,,Columbus,OH,43204
1257,LAKE SHORE DR,,Columbus,OH,43204
320,N OGDEN AVE,,Columbus,OH,43204
3481,DERRER HILL DR,,Columbus,OH,43204
565,S EUREKA AVE,,Columbus,OH,43204
1340,RIVIERA CT,,Columbus,OH,43204
2788,OTTIS CT,,Columbus,OH,43204
670,S SYLVAN AVE,,Columbus,OH,43204
346,N BRINKER AVE,,Columbus,OH,43204
203,N TERRACE AVE,,Columbus,OH,43204
1582,RASPBERRY CT,,Columbus,OH,43204
1436,BAY SHORE DR,CN 1A,Columbus,OH,43204
3054,JERSEY DR,,Columbus,OH,43204
179,S POWELL AVE,,Columbus,OH,43204
210,S TERRACE AVE,,Columbus,OH,43204
55,N CHASE AVE,,Columbus,OH,43204
245,N BRINKER AVE,,Columbus,OH,43204
3392,CAMP CHASE DR,,Columbus,OH,43204
199,N HALDY AVE,,Columbus,OH,43204
1308,WOODCROFT RD E,,Columbus,OH,43204
581,SALISBURY RD,,Columbus,OH,43204
295,S OAKLEY AVE,,Columbus,OH,43204
2365,W BROAD ST,,Columbus,OH,43204
401,S WARREN AVE,,Columbus,OH,43204
207,S HARRIS AVE,,Columbus,OH,43204
275,S ROYS AVE,,Columbus,OH,43204
2787,NICHOLAS AVE,,Columbus,OH,43204
3220,WESTMILLS DR,,Columbus,OH,43204
738,S WAYNE AVE,,Columbus,OH,43204
143,S ALGONQUIN AVE,,Columbus,OH,43204
723,S ROYS AVE,,Columbus,OH,43204
1510,RUNAWAY BAY DR,CN 3A,Columbus,OH,43204
1333,LAKE SHORE DR,,Columbus,OH,43204
3258,MIRIAM DR S,,Columbus,OH,43204
3424,MICHAEL CT,,Columbus,OH,43204
2503,QUARRY VALLEY RD,,Columbus,OH,43204
87,S OAKLEY AVE,,Columbus,OH,43204
125,N WAYNE AVE,,Columbus,OH,43204
3304,NATHAN CT,,Columbus,OH,43204
2737,SULLIVANT AVE,,Columbus,OH,43204
234,S POWELL AVE,UNIT A,Columbus,OH,43204
3660,WEST HORIZONS,APT 304,Columbus,OH,43204
2577,MARBLEVISTA BLVD,,Columbus,OH,43204
148,S EUREKA AVE,,Columbus,OH,43204
56,N TERRACE AVE,,Columbus,OH,43204
1128,ST AGNES AVE,,Columbus,OH,43204
1141,GEORGE'S PL,,Columbus,OH,43204
844,S WAYNE AVE,,Columbus,OH,43204
3151,RIDGE AVE,A,Columbus,OH,43204
2824,FISHER RD,C,Columbus,OH,43204
3338,EMELINE DR,,Columbus,OH,43204
206,N OGDEN AVE,,Columbus,OH,43204
218,N OGDEN AVE,,Columbus,OH,43204
216,N BURGESS AVE,,Columbus,OH,43204
967,CHESTERSHIRE RD,,Columbus,OH,43204
518,S OAKLEY AVE,,Columbus,OH,43204
3410,WILSON WOODS DR,D,Columbus,OH,43204
645,S BURGESS AVE,,Columbus,OH,43204
292,S WARREN AVE,,Columbus,OH,43204
827,MIRIAM DR W,,Columbus,OH,43204
2876,PALMETTO ST,,Columbus,OH,43204
318,S BURGESS AVE,,Columbus,OH,43204
54,OREL AVE,,Columbus,OH,43204
3543,WILSON WOODS DR,,Columbus,OH,43204
2473,SULLIVANT AVE,,Columbus,OH,43204
2740,RIDGE AVE,,Columbus,OH,43204
214,S EUREKA AVE,,Columbus,OH,43204
2290,MCKINLEY AVE,,Columbus,OH,43204
180,N CHASE AVE,,Columbus,OH,43204
261,ELDON AVE,,Columbus,OH,43204
1406,LAKE SHORE DR,A,Columbus,OH,43204
305,S BRINKER AVE,,Columbus,OH,43204
35,N WESTMOOR AVE,,Columbus,OH,43204
542,S OAKLEY AVE,,Columbus,OH,43204
800,S OGDEN AVE,,Columbus,OH,43204
675,KINGSFORD RD,UNIT C4,Columbus,OH,43204
310,S POWELL AVE,,Columbus,OH,43204
738,S WHEATLAND AVE,,Columbus,OH,43204
2709,SULLIVANT AVE,,Columbus,OH,43204
284,N HAGUE AVE,,Columbus,OH,43204
275,N OAKLEY AVE,,Columbus,OH,43204
1528,RUNAWAY BAY DR,CN 1D,Columbus,OH,43204
884,SALISBURY RD,,Columbus,OH,43204
760,KINGSFORD RD,,Columbus,OH,43204
1292,RIEGELWOOD LN,,Columbus,OH,43204
2419,SCIOTO HARPER DR,,Columbus,OH,43204
3671,INTERCHANGE RD,,Columbus,OH,43204
3750,GIBBSTONE DR,,Columbus,OH,43204
3406,WILSON WOODS DR,D,Columbus,OH,43204
1309,LAKE SHORE DR,UNIT A,Columbus,OH,43204
172,S BRINKER AVE,,Columbus,OH,43204
93,N OAKLEY AVE,,Columbus,OH,43204
35,S WESTMOOR AVE,,Columbus,OH,43204
3839,FARM BROOK LN,,Columbus,OH,43204
301,N OGDEN AVE,,Columbus,OH,43204
1007,RACINE AVE,,Columbus,OH,43204
122,S HAGUE AVE,,Columbus,OH,43204
201,ELDON AVE,,Columbus,OH,43204
1246,ONSLOW DR,,Columbus,OH,43204
2768,VANDERBERG AVE,,Columbus,OH,43204
3313,MARY AVE,,Columbus,OH,43204
135,N HURON AVE,D,Columbus,OH,43204
192,S WARREN AVE,,Columbus,OH,43204
185,N CHASE AVE,,Columbus,OH,43204
317,S OAKLEY AVE,,Columbus,OH,43204
930,S ROYS AVE,UNIT D,Columbus,OH,43204
1010,BROOKS END CT,,Columbus,OH,43204
917,BINNS BLVD,,Columbus,OH,43204
1382,BAY SHORE DR,CN 2D,Columbus,OH,43204
3300,W BROAD ST,,Columbus,OH,43204
2480,SPAATZ AVE,,Columbus,OH,43204
649,S WAYNE AVE,,Columbus,OH,43204
3295,SULLIVANT AVE,UNIT F,Columbus,OH,43204
694,WILTSHIRE RD,,Columbus,OH,43204
2173,QUARRY VALLEY RD,,Columbus,OH,43204
3508,FREMONT ST,,Columbus,OH,43204
2929,ABBOTS COVE BLVD,,Columbus,OH,43204
176,N POWELL AVE,,Columbus,OH,43204
3233,COLONY HILL LN,,Columbus,OH,43204
128,N WILSON RD,,Columbus,OH,43204
2875,CHESFIELD DR,,Columbus,OH,43204
3359,RUDON LN,,Columbus,OH,43204
1306,BROOKFOREST DR,,Columbus,OH,43204
3263,COLONY HILL LN,,Columbus,OH,43204
668,S OGDEN AVE,,Columbus,OH,43204
1399,LAKE SHORE DR,,Columbus,OH,43204
1831,SAN REMO DR,,Columbus,OH,43204
3511,SANITA CT,,Columbus,OH,43204
187,S TERRACE AVE,,Columbus,OH,43204
24,S BURGESS AVE,,Columbus,OH,43204
3606,FARMHURST LN,,Columbus,OH,43204
3508,LINDENDALE DR,,Columbus,OH,43204
894,MIRIAM DR W,,Columbus,OH,43204
858,S HAGUE AVE,,Columbus,OH,43204
2660,QUARRY POINT,,Columbus,OH,43204
2937,ABBOTS COVE BLVD,,Columbus,OH,43204
90,S RICHARDSON AVE,,Columbus,OH,43204
922,SALISBURY RD,,Columbus,OH,43204
925,S HARRIS AVE,,Columbus,OH,43204
2930,WICKLOW RD,,Columbus,OH,43204
643,BRIXHAM RD,,Columbus,OH,43204
861,KINGSFORD RD,,Columbus,OH,43204
129,S SOUTHAMPTON AVE,,Columbus,OH,43204
485,S WARREN AVE,,Columbus,OH,43204
3520,WILSON WOODS DR,J,Columbus,OH,43204
1431,RUNAWAY BAY DR,CN 2D,Columbus,OH,43204
348,N ALGONQUIN AVE,,Columbus,OH,43204
2381,APPLE ST,,Columbus,OH,43204
3478,DERRER HOLLOW WAY,,Columbus,OH,43204
58,N SYLVAN AVE,E,Columbus,OH,43204
3087,MARY AVE,,Columbus,OH,43204
238,N ALGONQUIN AVE,,Columbus,OH,43204
120,N WESTMOOR AVE,,Columbus,OH,43204
1574,RASPBERRY CT,,Columbus,OH,43204
1392,MARCHFIELD WAY,,Columbus,OH,43204
808,KINGSFORD RD,,Columbus,OH,43204
513,S POWELL AVE,,Columbus,OH,43204
3295,SULLIVANT AVE,UNIT M,Columbus,OH,43204
3498,SANITA CT,,Columbus,OH,43204
3321,PARKSIDE RD,,Columbus,OH,43204
307,LETCHWORTH AVE,,Columbus,OH,43204
181,GUERNSEY AVE,,Columbus,OH,43204
868,BINNS BLVD,,Columbus,OH,43204
160,S OGDEN AVE,,Columbus,OH,43204
1384,BRONWYN AVE,,Columbus,OH,43204
1364,BAY SHORE DR,CN 1A,Columbus,OH,43204
141,S SOUTHAMPTON AVE,,Columbus,OH,43204
2436,HARDESTY DR S,,Columbus,OH,43204
187,S SYLVAN AVE,,Columbus,OH,43204
1363,BROOKFOREST DR,,Columbus,OH,43204
132,N EUREKA AVE,,Columbus,OH,43204
1231,WARBLE DR,,Columbus,OH,43204
2323,QUARRY VALLEY RD,,Columbus,OH,43204
196,POWHATAN AVE,,Columbus,OH,43204
127,N WARREN AVE,,Columbus,OH,43204
1262,TREEHAVEN LN,,Columbus,OH,43204
190,N CHASE AVE,,Columbus,OH,43204
1316,RUNAWAY BAY DR,CN 2C,Columbus,OH,43204
243,S HARRIS AVE,,Columbus,OH,43204
2678,MARBLEVISTA BLVD,,Columbus,OH,43204
1439,SUNFLOWER DR,,Columbus,OH,43204
1243,WARBLE DR,,Columbus,OH,43204
821,KINGSFORD RD,UNIT C,Columbus,OH,43204
1516,RUNAWAY BAY DR,CN 1D,Columbus,OH,43204
1558,RUNAWAY BAY DR,CN 3A,Columbus,OH,43204
1469,LAKE SHORE DR,A,Columbus,OH,43204
1265,TREEHAVEN LN,,Columbus,OH,43204
3500,EDSON DR,,Columbus,OH,43204
397,S OGDEN AVE,,Columbus,OH,43204
800,MACLAM DR,,Columbus,OH,43204
3171,EL GRECO DR,,Columbus,OH,43204
3500,LINDENDALE DR,,Columbus,OH,43204
38,N WARREN AVE,,Columbus,OH,43204
1440,CLIFF CT,,Columbus,OH,43204
104,S EUREKA AVE,,Columbus,OH,43204
151,S WHEATLAND AVE,,Columbus,OH,43204
915,ANTHONY DR,,Columbus,OH,43204
82,S BURGESS AVE,,Columbus,OH,43204
1335,TRADE WINDS DR,APT 207,Columbus,OH,43204
471,S RICHARDSON AVE,,Columbus,OH,43204
3225,W BROAD ST,,Columbus,OH,43204
767,RACINE AVE,,Columbus,OH,43204
1858,SAN REMO DR,,Columbus,OH,43204
666,S WHEATLAND AVE,,Columbus,OH,43204
766,DEMOREST RD,,Columbus,OH,43204
1818,QUARRY VIEW,,Columbus,OH,43204
639,CRESCENT RD,,Columbus,OH,43204
346,N ALGONQUIN AVE,,Columbus,OH,43204
1522,BROOKFOREST DR,,Columbus,OH,43204
789,BINNS BLVD,,Columbus,OH,43204
453,S POWELL AVE,,Columbus,OH,43204
1212,NATHAN DR,,Columbus,OH,43204
458,S BURGESS AVE,,Columbus,OH,43204
485,INDUSTRY DR,,Columbus,OH,43204
3438,RACE ST,,Columbus,OH,43204
970,SALISBURY RD,,Columbus,OH,43204
1338,VAUXHALL PL,,Columbus,OH,43204
3099,SULLIVANT AVE,,Columbus,OH,43204
1092,ST CECELIA DR,,Columbus,OH,43204
400,N WILSON RD,,Columbus,OH,43204
3033,WICKLOW RD,,Columbus,OH,43204
3529,EDSON DR,,Columbus,OH,43204
3008,WESTMOOR CT,,Columbus,OH,43204
3198,MARY AVE,,Columbus,OH,43204
3237,MCKINLEY AVE,23,Columbus,OH,43204
1310,TELHAM CT,,Columbus,OH,43204
3300,W BROAD ST,,Columbus,OH,43204
1120,ST AGNES AVE,,Columbus,OH,43204
170,N WILSON RD,,Columbus,OH,43204
2928,LA VISTA DR,G,Columbus,OH,43204
1097,S HAGUE AVE,,Columbus,OH,43204
394,S CHASE AVE,UNIT B,Columbus,OH,43204
796,BINNS BLVD,,Columbus,OH,43204
147,N WHEATLAND AVE,,Columbus,OH,43204
650,SALISBURY RD,,Columbus,OH,43204
513,DEMOREST AVE,,Columbus,OH,43204
676,RACINE AVE,,Columbus,OH,43204
513,N POWELL AVE,,Columbus,OH,43204
3237,MCKINLEY AVE,67,Columbus,OH,43204
3538,WILSON WOODS DR,B,Columbus,OH,43204
3828,GRIMES DR,,Columbus,OH,43204
936,BINNS BLVD,,Columbus,OH,43204
955,S HARRIS AVE,,Columbus,OH,43204
3483,WILSON WOODS DR,,Columbus,OH,43204
2812,LA VISTA DR,,Columbus,OH,43204
2713,ABBOT'S LOOP CT,,Columbus,OH,43204
727,N WILSON RD,,Columbus,OH,43204
1295,GLEN COVE WAY,,Columbus,OH,43204
2815,SULLIVANT AVE,,Columbus,OH,43204
1203,LAKE SHORE DR,UNIT A,Columbus,OH,43204
1306,BRONWYN AVE,,Columbus,OH,43204
292,N WARREN AVE,,Columbus,OH,43204
501,S WARREN AVE,,Columbus,OH,43204
787,S ROYS AVE,,Columbus,OH,43204
375,S OGDEN AVE,,Columbus,OH,43204
516,S OGDEN AVE,,Columbus,OH,43204
2604,QUARRY LAKE DR,,Columbus,OH,43204
2936,LA VISTA DR,UNIT H,Columbus,OH,43204
1995,MARBLE CLIFF CROSSING CT,,Columbus,OH,43204
3495,WESTWAY DR,,Columbus,OH,43204
3243,COLONY VISTA LN,,Columbus,OH,43204
751,S WARREN AVE,,Columbus,OH,43204
901,WILTSHIRE RD,,Columbus,OH,43204
125,S BURGESS AVE,,Columbus,OH,43204
470,JOSEPHINE AVE,,Columbus,OH,43204
856,MARK PL,,Columbus,OH,43204
36 1/2,S WHEATLAND AVE,,Columbus,OH,43204
2741 1/2,SULLIVANT AVE,,Columbus,OH,43204
3271,COLONY HILL LN,,Columbus,OH,43204
1316,RUNAWAY BAY DR,CN 1B,Columbus,OH,43204
294,LETCHWORTH AVE,,Columbus,OH,43204
758,WILTSHIRE RD,,Columbus,OH,43204
188,N WAYNE AVE,,Columbus,OH,43204
261,S SYLVAN AVE,,Columbus,OH,43204
3116,VANDERBERG AVE,,Columbus,OH,43204
3327,PARKSIDE RD,,Columbus,OH,43204
3451,DERRER RUN DR,,Columbus,OH,43204
3233,STEPHEN DR S,,Columbus,OH,43204
2500,HARRISON RD,,Columbus,OH,43204
2488,SULLIVANT AVE,,Columbus,OH,43204
591,S EUREKA AVE,,Columbus,OH,43204
1503,RUNAWAY BAY DR,CN 3C,Columbus,OH,43204
37,S SYLVAN AVE,,Columbus,OH,43204
2654,S EAKIN RD,,Columbus,OH,43204
63,N WARREN AVE,,Columbus,OH,43204
1326,LAKE SHORE DR,UNIT A,Columbus,OH,43204
869,MARK PL,,Columbus,OH,43204
2955,PALMETTO ST,,Columbus,OH,43204
133,S HAGUE AVE,,Columbus,OH,43204
321,S WAYNE AVE,,Columbus,OH,43204
68,N SYLVAN AVE,C,Columbus,OH,43204
186,S POWELL AVE,A,Columbus,OH,43204
1088,PARMA AVE,,Columbus,OH,43204
583,S HAGUE AVE,,Columbus,OH,43204
52,POWHATAN AVE,,Columbus,OH,43204
1213,LAKE SHORE DR,,Columbus,OH,43204
284,POWELL CIR,UNIT C,Columbus,OH,43204
1173,PARMA AVE,,Columbus,OH,43204
704,SALISBURY RD,,Columbus,OH,43204
2709,ABBOTS LOOP CT,,Columbus,OH,43204
368,S POWELL AVE,,Columbus,OH,43204
2965,PALMETTO ST,,Columbus,OH,43204
212,N HARRIS AVE,,Columbus,OH,43204
223,BINNS BLVD,,Columbus,OH,43204
631,DERRER RD,,Columbus,OH,43204
379,S BURGESS AVE,,Columbus,OH,43204
367,S WAYNE AVE,,Columbus,OH,43204
64,N ROYS AVE,,Columbus,OH,43204
2693,W BROAD ST,,Columbus,OH,43204
2482,SYMINGTON AVE,,Columbus,OH,43204
920,RACINE AVE,,Columbus,OH,43204
321,S WESTGATE AVE,,Columbus,OH,43204
2963,LA VISTA DR,,Columbus,OH,43204
707,S WAYNE AVE,,Columbus,OH,43204
314,N ALGONQUIN AVE,,Columbus,OH,43204
1478,RUNAWAY BAY DR,,Columbus,OH,43204
830,S TERRACE AVE,,Columbus,OH,43204
3492,WILSON WOODS DR,H,Columbus,OH,43204
781,GLADSTONE AVE,,Columbus,OH,43204
2838,LA VISTA DR,,Columbus,OH,43204
957,S HAGUE AVE,,Columbus,OH,43204
434,S TERRACE AVE,,Columbus,OH,43204
3601,INTERCHANGE RD,,Columbus,OH,43204
1106,ST JUDE AVE,,Columbus,OH,43204
680,S OAKLEY AVE,,Columbus,OH,43204
3165,EL CID CT,,Columbus,OH,43204
609,N HAGUE AVE,,Columbus,OH,43204
2481,QUARRY VALLEY RD,,Columbus,OH,43204
2798,WOODCROFT RD,,Columbus,OH,43204
3300,MARY AVE,,Columbus,OH,43204
3655,FOSSIL DR,,Columbus,OH,43204
2635,W BROAD ST,,Columbus,OH,43204
1929,MARBLE CLIFF CROSSING CT,,Columbus,OH,43204
3134,VALLEY VIEW DR,,Columbus,OH,43204
3510,DERRER HILL DR,,Columbus,OH,43204
130,S EUREKA AVE,,Columbus,OH,43204
1516,RUNAWAY BAY DR,CN 2C,Columbus,OH,43204
2377,KEEP PL,,Columbus,OH,43204
149,N OAKLEY AVE,,Columbus,OH,43204
347,DEMOREST AVE,,Columbus,OH,43204
3651,FOSSIL DR,,Columbus,OH,43204
641,JOYFUL ST,,Columbus,OH,43204
2069,BUILDERS PL,,Columbus,OH,43204
2331,HARDESTY DR N,,Columbus,OH,43204
2498,EAKIN RD,,Columbus,OH,43204
2846,BRIGGSTON AVE,,Columbus,OH,43204
517,N POWELL AVE,,Columbus,OH,43204
203,S WAYNE AVE,,Columbus,OH,43204
527,S OAKLEY AVE,,Columbus,OH,43204
1159,FARMHURST CT,,Columbus,OH,43204
842,REGINA CT,D,Columbus,OH,43204
181,N HARRIS AVE,,Columbus,OH,43204
1016,S HAGUE AVE,,Columbus,OH,43204
127,N HURON AVE,,Columbus,OH,43204
3880,POPLAR BEND DR,,Columbus,OH,43204
437,S EUREKA AVE,,Columbus,OH,43204
666,S EUREKA AVE,,Columbus,OH,43204
906,HODGES DR,,Columbus,OH,43204
1406,LAKE SHORE DR,,Columbus,OH,43204
1436,BAY SHORE DR,CN 2A,Columbus,OH,43204
59,S HAGUE AVE,,Columbus,OH,43204
548,S EUREKA AVE,,Columbus,OH,43204
41,S OAKLEY AVE,,Columbus,OH,43204
344,S CHASE AVE,,Columbus,OH,43204
225,S ALGONQUIN AVE,,Columbus,OH,43204
633,S TERRACE AVE,,Columbus,OH,43204
234,S POWELL AVE,UNIT D,Columbus,OH,43204
356,S CHASE AVE,,Columbus,OH,43204
571,S EUREKA AVE,,Columbus,OH,43204
595,S WARREN AVE,,Columbus,OH,43204
2335,KEEP PL,,Columbus,OH,43204
839,S OGDEN AVE,,Columbus,OH,43204
770,KINGSFORD RD,,Columbus,OH,43204
3515,TREVOR DR,,Columbus,OH,43204
674,S RICHARDSON AVE,,Columbus,OH,43204
1356,WESTSHIRE RD,,Columbus,OH,43204
86,POWHATAN AVE,,Columbus,OH,43204
3039,CRESCENT DR,,Columbus,OH,43204
419,S OAKLEY AVE,,Columbus,OH,43204
240,BINNS BLVD,,Columbus,OH,43204
2868,LA VISTA DR,,Columbus,OH,43204
2713,BERNADETTE RD,,Columbus,OH,43204
901,BRIXHAM RD,,Columbus,OH,43204
3727,GRIMES DR,,Columbus,OH,43204
1406,BAY SHORE DR,CN 2A,Columbus,OH,43204
2745,STEELE AVE,,Columbus,OH,43204
1271,GLEN COVE WAY,,Columbus,OH,43204
1879,LAKE SHORE DR,,Columbus,OH,43204
71,S ALGONQUIN AVE,,Columbus,OH,43204
174,N WILSON RD,,Columbus,OH,43204
257,S BURGESS AVE,,Columbus,OH,43204
144,N WARREN AVE,,Columbus,OH,43204
2528,SULLIVANT AVE,,Columbus,OH,43204
185,N HARRIS AVE,,Columbus,OH,43204
1316,RUNAWAY BAY DR,CN 2A,Columbus,OH,43204
708,BRIXHAM RD,,Columbus,OH,43204
87,N BRINKER AVE,,Columbus,OH,43204
3455,DERRER RUN DR,,Columbus,OH,43204
867,S WAYNE AVE,,Columbus,OH,43204
893,MARK PL,,Columbus,OH,43204
3729,WINDWARD WAY,APT 307,Columbus,OH,43204
635,S BRINKER AVE,,Columbus,OH,43204
2666,QUARRY POINT,,Columbus,OH,43204
2730,RIDGE AVE,,Columbus,OH,43204
1295,LAKE SHORE DR,,Columbus,OH,43204
433,S CHASE AVE,,Columbus,OH,43204
20,S OAKLEY AVE,,Columbus,OH,43204
1321,CATALINA CT,,Columbus,OH,43204
25,S WARREN AVE,C,Columbus,OH,43204
465,N WESTMOOR AVE,,Columbus,OH,43204
1376,BAY SHORE DR,CN 1D,Columbus,OH,43204
190,N HURON AVE,J,Columbus,OH,43204
781,S BURGESS AVE,,Columbus,OH,43204
2635,MARBLEVISTA BLVD,,Columbus,OH,43204
1439,BROOKFOREST DR,,Columbus,OH,43204
3970,BASIA DR,,Columbus,OH,43204
3530,SULLIVANT AVE,,Columbus,OH,43204
349,S ROYS AVE,,Columbus,OH,43204
2666,EAKIN RD,,Columbus,OH,43204
673,S RICHARDSON AVE,,Columbus,OH,43204
390,S OGDEN AVE,,Columbus,OH,43204
695,S WHEATLAND AVE,,Columbus,OH,43204
1331,RIVIERA CT,,Columbus,OH,43204
1359,WESTSHIRE RD,,Columbus,OH,43204
3140,WHITEHEAD RD,,Columbus,OH,43204
61,S POWELL AVE,,Columbus,OH,43204
18,N HURON AVE,APT A,Columbus,OH,43204
952,S BRINKER AVE,,Columbus,OH,43204
106,N HALDY AVE,,Columbus,OH,43204
877,BRIXHAM RD,,Columbus,OH,43204
1324,CHESFIELD DR E,,Columbus,OH,43204
3610,TRABUE RD,,Columbus,OH,43204
319,S TERRACE AVE,,Columbus,OH,43204
3460,DERRER CT N,,Columbus,OH,43204
2133,QUARRY VALLEY RD,,Columbus,OH,43204
396,S ROYS AVE,,Columbus,OH,43204
2801,ABBOT'S COVE BLVD,,Columbus,OH,43204
2671,PALMETTO ST,D,Columbus,OH,43204
793,BINNS BLVD,,Columbus,OH,43204
2727,ST PATRICK RD,,Columbus,OH,43204
3400,CAMP CHASE DR,A5,Columbus,OH,43204
730,S ROYS AVE,,Columbus,OH,43204
903,MIRIAM DR W,,Columbus,OH,43204
1239,LAKE SHORE DR,UNIT A,Columbus,OH,43204
376,S CHASE AVE,B,Columbus,OH,43204
3614,EAKIN RD,,Columbus,OH,43204
466,S WESTGATE AVE,,Columbus,OH,43204
898,CHESTERSHIRE RD,,Columbus,OH,43204
254,N WAYNE AVE,,Columbus,OH,43204
891,MIRIAM DR W,,Columbus,OH,43204
56,N ROYS AVE,,Columbus,OH,43204
1216,LAKE SHORE DR,,Columbus,OH,43204
2755,EAKIN RD,N,Columbus,OH,43204
616,S WHEATLAND AVE,,Columbus,OH,43204
857,S HARRIS AVE,,Columbus,OH,43204
2427,W BROAD ST,,Columbus,OH,43204
444,BINNS BLVD,,Columbus,OH,43204
3484,WILKES CT,,Columbus,OH,43204
2692,REGINA AVE,,Columbus,OH,43204
309,S BURGESS AVE,,Columbus,OH,43204
3275,W BROAD ST,,Columbus,OH,43204
2827,NICHOLAS AVE,,Columbus,OH,43204
937,S WARREN AVE,,Columbus,OH,43204
3127,EAKIN RD,,Columbus,OH,43204
1311,LAKE SHORE DR,,Columbus,OH,43204
417,S HURON AVE,,Columbus,OH,43204
1971,MARBLE CLIFF CROSSING CT,,Columbus,OH,43204
130,S HAGUE AVE,,Columbus,OH,43204
1376,BAY SHORE DR,CN 2C,Columbus,OH,43204
35,S TERRACE AVE,,Columbus,OH,43204
335,N WARREN AVE,,Columbus,OH,43204
3132,SULLIVANT AVE,,Columbus,OH,43204
705,HARRISON DR,,Columbus,OH,43204
80,S WAYNE AVE,,Columbus,OH,43204
1357,TRADE WINDS DR,APT 102,Columbus,OH,43204
795,S HAGUE AVE,,Columbus,OH,43204
1018,SALISBURY RD,,Columbus,OH,43204
167,S WARREN AVE,,Columbus,OH,43204
178,N OAKLEY AVE,,Columbus,OH,43204
26,N BURGESS AVE,,Columbus,OH,43204
123,DERRER MEADOW LN,,Columbus,OH,43204
1138,FARMHURST CT,,Columbus,OH,43204
202,N HARRIS AVE,,Columbus,OH,43204
456,S OAKLEY AVE,,Columbus,OH,43204
3182,EL NINO DR,,Columbus,OH,43204
3255,MAPLEWAY LN,,Columbus,OH,43204
349,S HARRIS AVE,,Columbus,OH,43204
1137,BELLFLOWER AVE,,Columbus,OH,43204
3872,CIDERMILL DR,,Columbus,OH,43204
1121,S HAGUE AVE,,Columbus,OH,43204
2989,WOODLOOP LN,,Columbus,OH,43204
231,N HAGUE AVE,,Columbus,OH,43204
3365,BRICHAR WAY,,Columbus,OH,43204
3650,TRABUE RD,,Columbus,OH,43204
266,S WAYNE AVE,,Columbus,OH,43204
98,S OAKLEY AVE,B,Columbus,OH,43204
345,S RICHARDSON AVE,,Columbus,OH,43204
880,S ROYS AVE,,Columbus,OH,43204
344,S ALGONQUIN AVE,,Columbus,OH,43204
685,KINGSFORD RD,A1,Columbus,OH,43204
321,S OGDEN AVE,,Columbus,OH,43204
3184,W BROAD ST,,Columbus,OH,43204
641,POWHATAN AVE,,Columbus,OH,43204
534,S OAKLEY AVE,,Columbus,OH,43204
1124,BELLFLOWER AVE,,Columbus,OH,43204
2636,VANDERBERG AVE,,Columbus,OH,43204
1842,QUARRY VIEW,,Columbus,OH,43204
152,ELDON AVE,,Columbus,OH,43204
963,RACINE AVE,,Columbus,OH,43204
827,S EUREKA AVE,,Columbus,OH,43204
1535,RUNAWAY BAY DR,CN 3A,Columbus,OH,43204
271,N BURGESS AVE,,Columbus,OH,43204
2736,QUARRY LAKE DR,,Columbus,OH,43204
465,S TERRACE AVE,,Columbus,OH,43204
3423,SOUTH BLVD,,Columbus,OH,43204
3264,VASALBORO WAY,,Columbus,OH,43204
3368,EMELINE DR,,Columbus,OH,43204
1276,GLEN COVE WAY,,Columbus,OH,43204
2474,SYMINGTON AVE,,Columbus,OH,43204
3287,MARY AVE,,Columbus,OH,43204
938,STEPHEN DR W,,Columbus,OH,43204
1001,VERA PL,,Columbus,OH,43204
2827,STEELE AVE,,Columbus,OH,43204
4036,BUSINESS PARK DR,,Columbus,OH,43204
3000,W BROAD ST,APT,Columbus,OH,43204
274,N SYLVAN AVE,,Columbus,OH,43204
259,N BRINKER AVE,,Columbus,OH,43204
192,N POWELL AVE,,Columbus,OH,43204
1309,TREEHAVEN LN,,Columbus,OH,43204
1358,S HAGUE AVE,,Columbus,OH,43204
694,S EUREKA AVE,,Columbus,OH,43204
2955,FREMONT ST,,Columbus,OH,43204
126,N CHASE AVE,,Columbus,OH,43204
1027,HODGES DR,,Columbus,OH,43204
2860,SULLIVANT AVE,,Columbus,OH,43204
95,S HARRIS AVE,,Columbus,OH,43204
86,OREL AVE,,Columbus,OH,43204
1437,CLIFF CT,C,Columbus,OH,43204
1122,ABBOTS BLUFF CT,,Columbus,OH,43204
2439,MARBLEVISTA BLVD,,Columbus,OH,43204
1089,ST CECELIA DR,,Columbus,OH,43204
1092,HARDESTY PL W,,Columbus,OH,43204
384,S BURGESS AVE,,Columbus,OH,43204
117,N BURGESS AVE,,Columbus,OH,43204
357,S RICHARDSON AVE,,Columbus,OH,43204
1103,BELLFLOWER AVE,,Columbus,OH,43204
3171,PARKSIDE RD,,Columbus,OH,43204
142,S TERRACE AVE,,Columbus,OH,43204
2425,QUARRY VALLEY RD,,Columbus,OH,43204
378,JOSEPHINE AVE,,Columbus,OH,43204
2758,QUARRY LAKE DR,,Columbus,OH,43204
78,OREL AVE,,Columbus,OH,43204
3659,INTERCHANGE RD,CATV,Columbus,OH,43204
3350,EMELINE DR,,Columbus,OH,43204
381,S CHASE AVE,B,Columbus,OH,43204
308,S OAKLEY AVE,,Columbus,OH,43204
1315,CATALINA CT,,Columbus,OH,43204
1215,ROMONA PL,,Columbus,OH,43204
861,S HARRIS AVE,,Columbus,OH,43204
2786,ST JOSEPH AVE,,Columbus,OH,43204
148,S POWELL AVE,B,Columbus,OH,43204
2858,LA VISTA DR,,Columbus,OH,43204
3729,WINDWARD WAY,APT 105,Columbus,OH,43204
56,N WARREN AVE,,Columbus,OH,43204
1139,ABBOTS LAKE CT,,Columbus,OH,43204
81,N HARRIS AVE,,Columbus,OH,43204
32,OREL AVE,4,Columbus,OH,43204
2694,W BROAD ST,F,Columbus,OH,43204
3827,TWIN CREEKS DR,,Columbus,OH,43204
30,S OGDEN AVE,,Columbus,OH,43204
3252,W BROAD ST,,Columbus,OH,43204
387,S POWELL AVE,,Columbus,OH,43204
3573,EDSON DR,,Columbus,OH,43204
3530,LINDENDALE DR,,Columbus,OH,43204
2693,BERNADETTE RD,,Columbus,OH,43204
1387,GOLDMILL WAY,,Columbus,OH,43204
2650,FISHER RD,,Columbus,OH,43204
588,ATHENS AVE,,Columbus,OH,43204
2057,DUBLIN RD,,Columbus,OH,43204
661,N HAGUE AVE,,Columbus,OH,43204
3641,INTERCHANGE RD,,Columbus,OH,43204
186,N CHASE AVE,,Columbus,OH,43204
572,S RICHARDSON AVE,,Columbus,OH,43204
130,N HALDY AVE,,Columbus,OH,43204
2308,HARDESTY CT,,Columbus,OH,43204
3048,W MOUND ST,,Columbus,OH,43204
148,S POWELL AVE,A,Columbus,OH,43204
3948,BUSINESS PARK DR,,Columbus,OH,43204
253,N HARRIS AVE,,Columbus,OH,43204
188,N WILSON RD,,Columbus,OH,43204
1319,CASCADE CT,,Columbus,OH,43204
572,S OAKLEY AVE,,Columbus,OH,43204
650,CHESTERSHIRE RD,,Columbus,OH,43204
1335,BELLFLOWER AVE,,Columbus,OH,43204
3248,BRIGGS RD,,Columbus,OH,43204
1471,BROOKFOREST DR,,Columbus,OH,43204
28,N WARREN AVE,,Columbus,OH,43204
2788,OTTIS CT,UNIT C,Columbus,OH,43204
325,S POWELL AVE,,Columbus,OH,43204
158,RANELLE DR,,Columbus,OH,43204
1211,LAKE SHORE DR,UNIT B,Columbus,OH,43204
996,S RICHARDSON AVE,,Columbus,OH,43204
894,KINGSFORD RD,,Columbus,OH,43204
2897,LONGFIELD RD,,Columbus,OH,43204
202,S SYLVAN AVE,,Columbus,OH,43204
730,KINGSFORD RD,,Columbus,OH,43204
521,WESTMOOR PL,,Columbus,OH,43204
298,N OGDEN AVE,,Columbus,OH,43204
3237,MCKINLEY AVE,39,Columbus,OH,43204
3779,INTERCHANGE RD,,Columbus,OH,43204
1850,QUARRY VIEW,,Columbus,OH,43204
1172,N HAGUE AVE,,Columbus,OH,43204
109,DERRER HEIGHT LN,,Columbus,OH,43204
1479,CLIFF CT,C,Columbus,OH,43204
105,DERRER DEN LN,,Columbus,OH,43204
304,N BURGESS AVE,,Columbus,OH,43204
632,BINNS BLVD,,Columbus,OH,43204
2596,SPAATZ AVE,,Columbus,OH,43204
3284,MEDOMA DR,,Columbus,OH,43204
146,S ROYS AVE,,Columbus,OH,43204
212,N POWELL AVE,,Columbus,OH,43204
2960,WICKLOW RD,,Columbus,OH,43204
382,S CHASE AVE,A,Columbus,OH,43204
2768,QUARRY LAKE DR,,Columbus,OH,43204
1142,ONSLOW DR,,Columbus,OH,43204
3208,WESTMILLS DR,,Columbus,OH,43204
131,N BURGESS AVE,,Columbus,OH,43204
1206,ONSLOW DR,,Columbus,OH,43204
2154,QUARRY VALLEY RD,,Columbus,OH,43204
47,N HAGUE AVE,,Columbus,OH,43204
228,S ALGONQUIN AVE,,Columbus,OH,43204
3237,MCKINLEY AVE,42,Columbus,OH,43204
3930,POPLAR BEND DR,,Columbus,OH,43204
1503,RUNAWAY BAY DR,CN 3B,Columbus,OH,43204
1041,HARDESTY PL E,,Columbus,OH,43204
1336,BELLFLOWER AVE,,Columbus,OH,43204
1203,LAKE SHORE DR,,Columbus,OH,43204
760,BINNS BLVD,,Columbus,OH,43204
2825,VANDERBERG AVE,,Columbus,OH,43204
447,S RICHARDSON AVE,,Columbus,OH,43204
3503,FREMONT RD,,Columbus,OH,43204
444,S RICHARDSON AVE,,Columbus,OH,43204
1909,LAKE SHORE DR,,Columbus,OH,43204
92,S ALGONQUIN AVE,,Columbus,OH,43204
1448,RUNAWAY BAY DR,CN 2D,Columbus,OH,43204
353,S ALGONQUIN AVE,,Columbus,OH,43204
1368,RUNAWAY BAY DR,CN 2D,Columbus,OH,43204
1311,CASCADE CT,,Columbus,OH,43204
809,WILTSHIRE RD,,Columbus,OH,43204
815,GLADSTONE AVE,,Columbus,OH,43204
3021,LA VISTA DR,,Columbus,OH,43204
275,N SYLVAN AVE,,Columbus,OH,43204
2876,LA VISTA DR,,Columbus,OH,43204
3300,W BROAD ST,REAR,Columbus,OH,43204
127,N WESTGATE AVE,,Columbus,OH,43204
58,N SYLVAN AVE,J,Columbus,OH,43204
1275,DEMOREST RD,,Columbus,OH,43204
3390,SULLIVANT AVE,,Columbus,OH,43204
49,N POWELL AVE,,Columbus,OH,43204
351,N BURGESS AVE,,Columbus,OH,43204
127,S OAKLEY AVE,,Columbus,OH,43204
47,POWHATAN AVE,,Columbus,OH,43204
2300,HARDESTY CT,,Columbus,OH,43204
2405,HARRISON RD,,Columbus,OH,43204
4077,WILD ASH DR,,Columbus,OH,43204
443,S WAYNE AVE,,Columbus,OH,43204
716,S WARREN AVE,,Columbus,OH,43204
3295,SULLIVANT AVE,UNIT H,Columbus,OH,43204
3646,TRABUE RD,,Columbus,OH,43204
1386,ROYSTON DR,,Columbus,OH,43204
1303,WILD OATS DR,,Columbus,OH,43204
185,S WAYNE AVE,,Columbus,OH,43204
3759,INTERCHANGE RD,,Columbus,OH,43204
2250,MCKINLEY AVE,,Columbus,OH,43204
344,N BURGESS AVE,,Columbus,OH,43204
3481,WILKES CT,,Columbus,OH,43204
509,S HARRIS AVE,,Columbus,OH,43204
1765,LAKE SHORE DR,,Columbus,OH,43204
1331,LAKE SHORE DR,,Columbus,OH,43204
3445,DERRER CT S,,Columbus,OH,43204
606,BINNS BLVD,,Columbus,OH,43204
867,S ROYS AVE,,Columbus,OH,43204
84,DERRER RD,,Columbus,OH,43204
657,BINNS BLVD,,Columbus,OH,43204
1879,SAN REMO DR,,Columbus,OH,43204
223,S HAGUE AVE,,Columbus,OH,43204
288,N OGDEN AVE,,Columbus,OH,43204
31,N HURON AVE,,Columbus,OH,43204
3296,MAPLEWAY LN,,Columbus,OH,43204
1382,BAY SHORE DR,CN 2C,Columbus,OH,43204
3043,OLIVE ST,,Columbus,OH,43204
1283,LAKE SHORE DR,UNIT A,Columbus,OH,43204
2886,VALLEY VIEW DR,,Columbus,OH,43204
403,S CHASE AVE,,Columbus,OH,43204
172,S RICHARDSON AVE,,Columbus,OH,43204
163,LETCHWORTH AVE,,Columbus,OH,43204
3643,GRIMES DR,,Columbus,OH,43204
1484,CLIFF CT,B,Columbus,OH,43204
2958,SULLIVANT AVE,UNIT N,Columbus,OH,43204
91,S OAKLEY AVE,,Columbus,OH,43204
635,S OGDEN AVE,,Columbus,OH,43204
70,S SYLVAN AVE,,Columbus,OH,43204
1315,BELLFLOWER AVE,,Columbus,OH,43204
3182,VANDERBERG AVE,,Columbus,OH,43204
275,S WARREN AVE,,Columbus,OH,43204
1113,HARDESTY PL E,,Columbus,OH,43204
321,S RICHARDSON AVE,,Columbus,OH,43204
186,RANELLE DR,,Columbus,OH,43204
2915,OLIVE ST,,Columbus,OH,43204
1261,LAKE SHORE DR,UNIT A,Columbus,OH,43204
298,S POWELL AVE,,Columbus,OH,43204
2583,HARRISON RD,,Columbus,OH,43204
25,N BRINKER AVE,,Columbus,OH,43204
3368,BRICHAR WAY,,Columbus,OH,43204
1655,ONGARO DR W,,Columbus,OH,43204
1405,LAKE SHORE DR,UNIT C,Columbus,OH,43204
2587,HARRISON RD,,Columbus,OH,43204
3650,DRAGONFLY DR,,Columbus,OH,43204
136,N WESTMOOR AVE,,Columbus,OH,43204
360,S BURGESS AVE,,Columbus,OH,43204
45,S HAGUE AVE,,Columbus,OH,43204
1444,CLIFF CT,C,Columbus,OH,43204
1418,BAY SHORE DR,CN 2D,Columbus,OH,43204
809,S BURGESS AVE,,Columbus,OH,43204
2225,QUARRY VALLEY RD,,Columbus,OH,43204
3922,CIDERMILL DR,,Columbus,OH,43204
69,N HAGUE AVE,,Columbus,OH,43204
3103,VANDERBERG AVE,,Columbus,OH,43204
1408,WESTSHIRE RD,,Columbus,OH,43204
3613,EDSON DR,,Columbus,OH,43204
286,S CHASE AVE,,Columbus,OH,43204
678,S WARREN AVE,,Columbus,OH,43204
309,S WARREN AVE,,Columbus,OH,43204
650,S HAGUE AVE,,Columbus,OH,43204
445,S WAYNE AVE,,Columbus,OH,43204
94,N WESTMOOR AVE,,Columbus,OH,43204
1366,LAKE SHORE DR,B,Columbus,OH,43204
119,N BRINKER AVE,,Columbus,OH,43204
1828,SAN REMO DR,,Columbus,OH,43204
2492,SULLIVANT AVE,,Columbus,OH,43204
792,S OGDEN AVE,,Columbus,OH,43204
2453,SULLIVANT AVE,,Columbus,OH,43204
149,S ALGONQUIN AVE,,Columbus,OH,43204
927,BRIXHAM RD,,Columbus,OH,43204
316,DERRER RD,,Columbus,OH,43204
551,S EUREKA AVE,,Columbus,OH,43204
96,S HAGUE AVE,,Columbus,OH,43204
318,N WARREN AVE,,Columbus,OH,43204
257,S EUREKA AVE,,Columbus,OH,43204
663,CHESTERSHIRE RD,,Columbus,OH,43204
323,S HARRIS AVE,,Columbus,OH,43204
2405,KEEP PL,,Columbus,OH,43204
2903,SULLIVANT AVE,UNIT 1,Columbus,OH,43204
2686,SCHURTZ AVE,,Columbus,OH,43204
3660,WEST HORIZONS,APT 201,Columbus,OH,43204
109,DERRER RD,,Columbus,OH,43204
96,S POWELL AVE,,Columbus,OH,43204
990,S RICHARDSON AVE,,Columbus,OH,43204
23,S TERRACE AVE,,Columbus,OH,43204
661,S EUREKA AVE,,Columbus,OH,43204
1296,LOWLAND CT,,Columbus,OH,43204
856,S HARRIS AVE,,Columbus,OH,43204
90,S BRINKER AVE,,Columbus,OH,43204
182,POWHATAN AVE,,Columbus,OH,43204
1434,SUNFLOWER DR,,Columbus,OH,43204
78,N SYLVAN AVE,D,Columbus,OH,43204
2798,QUARRY POINT,,Columbus,OH,43204
69,N HALDY AVE,,Columbus,OH,43204
276,N BURGESS AVE,,Columbus,OH,43204
748,DEMOREST RD,,Columbus,OH,43204
712,RACINE AVE,,Columbus,OH,43204
2764,MARBLEVISTA BLVD,,Columbus,OH,43204
3400,CAMP CHASE DR,A2,Columbus,OH,43204
1467,RUNAWAY BAY DR,CN 3A,Columbus,OH,43204
2734,SCIOTO STATION DR,,Columbus,OH,43204
124,S ROYS AVE,,Columbus,OH,43204
267,DEMOREST AVE,,Columbus,OH,43204
1431,BROOKFOREST DR,,Columbus,OH,43204
819,S RICHARDSON AVE,,Columbus,OH,43204
703,ATHENS AVE,,Columbus,OH,43204
638,S TERRACE AVE,,Columbus,OH,43204
1396,WINESAP DR,,Columbus,OH,43204
1893,MAPLEWAY DR,,Columbus,OH,43204
1250,DEMOREST RD,,Columbus,OH,43204
3898,CIDERMILL DR,,Columbus,OH,43204
967,S HARRIS AVE,,Columbus,OH,43204
983,CHESTERSHIRE RD,,Columbus,OH,43204
2727,HARRISON RD,,Columbus,OH,43204
3276,MEDOMA DR,,Columbus,OH,43204
171,S BRINKER AVE,,Columbus,OH,43204
102,N ROYS AVE,,Columbus,OH,43204
159,DEMOREST AVE,,Columbus,OH,43204
3536,RACE ST,,Columbus,OH,43204
1101,ST AGNES AVE,,Columbus,OH,43204
459,S BURGESS AVE,,Columbus,OH,43204
316,S CHASE AVE,A,Columbus,OH,43204
393,S BURGESS AVE,,Columbus,OH,43204
1393,SUNFLOWER DR,,Columbus,OH,43204
1327,VAUXHALL PL,,Columbus,OH,43204
647,LANCE CT,,Columbus,OH,43204
3713,WINDWARD WAY,APT 306,Columbus,OH,43204
2499,FREMONT ST,,Columbus,OH,43204
27,LETCHWORTH AVE,,Columbus,OH,43204
926,S HAGUE AVE,,Columbus,OH,43204
3066,JERSEY DR,,Columbus,OH,43204
836,S TERRACE AVE,,Columbus,OH,43204
3092,SULLIVANT AVE,,Columbus,OH,43204
2574,QUARRY LAKE DR,,Columbus,OH,43204
34 1/2,N BRINKER AVE,,Columbus,OH,43204
76,N HALDY AVE,,Columbus,OH,43204
2694,SCHURTZ AVE,,Columbus,OH,43204
77,S TERRACE AVE,,Columbus,OH,43204
1403,PEACH BLOSSOM CT,,Columbus,OH,43204
702,ATHENS AVE,,Columbus,OH,43204
279,S OAKLEY AVE,,Columbus,OH,43204
152,N WAYNE AVE,,Columbus,OH,43204
156,N SOUTHAMPTON AVE,,Columbus,OH,43204
3488,DERRER HOLLOW WAY,,Columbus,OH,43204
928,S RICHARDSON AVE,,Columbus,OH,43204
1371,TRADE WINDS DR,APT 105,Columbus,OH,43204
1454,RUNAWAY BAY DR,CN 2C,Columbus,OH,43204
2550,HARRISON RD,,Columbus,OH,43204
2792,VANDERBERG AVE,,Columbus,OH,43204
693,WILTSHIRE RD,,Columbus,OH,43204
2671,STEELE AVE,,Columbus,OH,43204
1479,BROOKFOREST DR,,Columbus,OH,43204
1105,S HAGUE AVE,,Columbus,OH,43204
122,N HARRIS AVE,,Columbus,OH,43204
3069,JERSEY DR,,Columbus,OH,43204
3911,CIDERMILL DR,,Columbus,OH,43204
561,S EUREKA AVE,,Columbus,OH,43204
282,N BURGESS AVE,,Columbus,OH,43204
429,S CHASE AVE,,Columbus,OH,43204
1454,RUNAWAY BAY DR,CN 1C,Columbus,OH,43204
904,S RICHARDSON AVE,,Columbus,OH,43204
3427,TIMBER OAK DR,,Columbus,OH,43204
108,N WAYNE AVE,,Columbus,OH,43204
2213,QUARRY VALLEY RD,,Columbus,OH,43204
3491,SENATOR CT,,Columbus,OH,43204
3767,INTERCHANGE RD,,Columbus,OH,43204
3234,STEPHEN DR S,,Columbus,OH,43204
211,N CHASE AVE,,Columbus,OH,43204
932,S BRINKER AVE,,Columbus,OH,43204
186,N HAGUE AVE,,Columbus,OH,43204
1147,PARMA AVE,,Columbus,OH,43204
2405,PALMETTO ST,,Columbus,OH,43204
207,S HURON AVE,,Columbus,OH,43204
78,N SYLVAN AVE,G,Columbus,OH,43204
268,POWELL CIR,UNIT D,Columbus,OH,43204
781,KINGSFORD RD,UNIT A,Columbus,OH,43204
2659,ABBOTS LOOP CT,,Columbus,OH,43204
3325,RUDON LN,,Columbus,OH,43204
502,S HURON AVE,,Columbus,OH,43204
937,S EUREKA AVE,,Columbus,OH,43204
2728,VIDA PL,,Columbus,OH,43204
685,KYLE CT,,Columbus,OH,43204
3139,VALLEY VIEW DR,,Columbus,OH,43204
204,N ROYS AVE,,Columbus,OH,43204
2537,MARBLEVISTA BLVD,,Columbus,OH,43204
779,S WARREN AVE,,Columbus,OH,43204
3018,VALLEY VIEW DR,,Columbus,OH,43204
38,N WESTMOOR AVE,,Columbus,OH,43204
2778,VANDERBERG AVE,,Columbus,OH,43204
3561,WILSON WOODS DR,K,Columbus,OH,43204
144,S SYLVAN AVE,,Columbus,OH,43204
162,N WARREN AVE,,Columbus,OH,43204
3861,TRESTLE CT,,Columbus,OH,43204
914,DEMOREST RD,,Columbus,OH,43204
384,N BRINKER AVE,,Columbus,OH,43204
176,LETCHWORTH AVE,,Columbus,OH,43204
1382,WESTSHIRE RD,,Columbus,OH,43204
1388,N WILSON RD,,Columbus,OH,43204
318,S EUREKA AVE,,Columbus,OH,43204
998,BROOKS END CT,,Columbus,OH,43204
3508,DERRER HOLLOW WAY,,Columbus,OH,43204
1326,RIVIERA CT,UNIT G,Columbus,OH,43204
287,S TERRACE AVE,,Columbus,OH,43204
2694,W BROAD ST,C,Columbus,OH,43204
113,N BRINKER AVE,,Columbus,OH,43204
56,S WARREN AVE,,Columbus,OH,43204
800,HARRISON DR,,Columbus,OH,43204
2656,BERNADETTE RD,,Columbus,OH,43204
1335,TRADE WINDS DR,APT 204,Columbus,OH,43204
88,S WESTGATE AVE,,Columbus,OH,43204
2617,QUARRY LAKE DR,,Columbus,OH,43204
2756,QUARRY LAKE DR,,Columbus,OH,43204
154,N OGDEN AVE,,Columbus,OH,43204
129,N HAGUE AVE,,Columbus,OH,43204
2643,MCKINLEY AVE,,Columbus,OH,43204
2446,SULLIVANT AVE,,Columbus,OH,43204
125,ELDON AVE,,Columbus,OH,43204
457,S EUREKA AVE,,Columbus,OH,43204
450,S WESTGATE AVE,,Columbus,OH,43204
3006,MCKINLEY AVE,,Columbus,OH,43204
3165,SULLIVANT AVE,UNIT E,Columbus,OH,43204
923,S ROYS AVE,,Columbus,OH,43204
1171,BRONWYN AVE,,Columbus,OH,43204
3084,STEELE AVE,,Columbus,OH,43204
53,N OGDEN AVE,,Columbus,OH,43204
2535,SPAATZ AVE,,Columbus,OH,43204
1313,RIEGELWOOD LN,,Columbus,OH,43204
2490,VANDERBERG AVE,,Columbus,OH,43204
3458,WILSON WOODS DR,B,Columbus,OH,43204
355,S TERRACE AVE,,Columbus,OH,43204
842,S HARRIS AVE,,Columbus,OH,43204
170,S WAYNE AVE,,Columbus,OH,43204
1357,THACKER CT,,Columbus,OH,43204
2690,RUTH CT,,Columbus,OH,43204
2840,FISHER RD,B,Columbus,OH,43204
1333,HELMSDALE DR,,Columbus,OH,43204
1316,RUNAWAY BAY DR,CN 1D,Columbus,OH,43204
3417,PALMETTO ST,,Columbus,OH,43204
199,DEMOREST AVE,,Columbus,OH,43204
3582,TRABUE RD,,Columbus,OH,43204
632,S TERRACE AVE,,Columbus,OH,43204
603,DEXTER AVE,,Columbus,OH,43204
1397,LAKE SHORE DR,UNIT C,Columbus,OH,43204
1887,MAPLEWAY DR,,Columbus,OH,43204
3933,CIDERMILL DR,,Columbus,OH,43204
47,N EUREKA AVE,,Columbus,OH,43204
2658,EAKIN RD,,Columbus,OH,43204
830,S EUREKA AVE,,Columbus,OH,43204
178,N ROYS AVE,,Columbus,OH,43204
653,CRESCENT RD,,Columbus,OH,43204
417,S WHEATLAND AVE,,Columbus,OH,43204
1116,CHESTERSHIRE RD,,Columbus,OH,43204
335,GUERNSEY AVE,,Columbus,OH,43204
173,S OAKLEY AVE,,Columbus,OH,43204
2688,SCIOTO STATION DR,,Columbus,OH,43204
2831,ABBOTS COVE BLVD,,Columbus,OH,43204
25,S SOUTHAMPTON AVE,,Columbus,OH,43204
1304,LOWLAND CT,,Columbus,OH,43204
2350,W BROAD ST,,Columbus,OH,43204
252,S HAGUE AVE,,Columbus,OH,43204
639,DERRER RD,B,Columbus,OH,43204
2767,ST PATRICK RD,,Columbus,OH,43204
3288,VASALBORO WAY,,Columbus,OH,43204
847,LINDENDALE CT,,Columbus,OH,43204
681,LANCE CT,,Columbus,OH,43204
205,ELDON AVE,,Columbus,OH,43204
592,S OAKLEY AVE,,Columbus,OH,43204
1947,MAPLEWAY DR,,Columbus,OH,43204
1399,LAKE SHORE DR,UNIT C,Columbus,OH,43204
272,N EUREKA AVE,,Columbus,OH,43204
1515,LAKE SHORE DR,,Columbus,OH,43204
1417,RUNAWAY BAY DR,,Columbus,OH,43204
3352,STEPHEN DR S,,Columbus,OH,43204
985,RACINE AVE,,Columbus,OH,43204
104,DERRER DEN LN,,Columbus,OH,43204
850,SALISBURY RD,,Columbus,OH,43204
2474,HARDESTY DR S,,Columbus,OH,43204
109,N BURGESS AVE,,Columbus,OH,43204
133,ELDON AVE,,Columbus,OH,43204
1396,CROSS CREEK DR,F,Columbus,OH,43204
2759,EAKIN RD,,Columbus,OH,43204
1020,ANTHONY DR,,Columbus,OH,43204
995,S BRINKER AVE,,Columbus,OH,43204
2567,MARBLEVISTA BLVD,,Columbus,OH,43204
2363,MARBLEVISTA BLVD,,Columbus,OH,43204
317,N OGDEN AVE,,Columbus,OH,43204
1406,BAY SHORE DR,CN 3C,Columbus,OH,43204
1081,RACINE AVE,,Columbus,OH,43204
563,S HAGUE AVE,UNIT 06,Columbus,OH,43204
1424,BAY SHORE DR,CN 3C,Columbus,OH,43204
896,S RICHARDSON AVE,,Columbus,OH,43204
1469,LAKE SHORE DR,,Columbus,OH,43204
2895,SULLIVANT AVE,UNIT 4,Columbus,OH,43204
247,S WHEATLAND AVE,,Columbus,OH,43204
2476,HARDESTY DR S,,Columbus,OH,43204
215,S BRINKER AVE,,Columbus,OH,43204
264,S TERRACE AVE,,Columbus,OH,43204
135,N TERRACE AVE,,Columbus,OH,43204
467,S RICHARDSON AVE,,Columbus,OH,43204
2880,LA VISTA DR,,Columbus,OH,43204
30,N POWELL AVE,,Columbus,OH,43204
240,S HARRIS AVE,,Columbus,OH,43204
3519,SANITA CT,,Columbus,OH,43204
3036,SULLIVANT AVE,,Columbus,OH,43204
281,S RICHARDSON AVE,,Columbus,OH,43204
159,S WHEATLAND AVE,,Columbus,OH,43204
1100,ST CECELIA DR,,Columbus,OH,43204
460,S WARREN AVE,,Columbus,OH,43204
2694,W BROAD ST,I,Columbus,OH,43204
2856,CHESFIELD DR,,Columbus,OH,43204
2587,SPAATZ AVE,,Columbus,OH,43204
1013,S HAGUE AVE,,Columbus,OH,43204
365,TERRACE AVE,,Columbus,OH,43204
715,WILTSHIRE RD,,Columbus,OH,43204
3268,EAKIN RD,,Columbus,OH,43204
1949,LAKE SHORE DR,,Columbus,OH,43204
2327,QUARRY VALLEY RD,,Columbus,OH,43204
2620,FISHER RD,,Columbus,OH,43204
180,N WILSON RD,,Columbus,OH,43204
3261,MIRIAM DR S,,Columbus,OH,43204
930,SALISBURY RD,,Columbus,OH,43204
628,WESTBROOK CT,,Columbus,OH,43204
93,N BURGESS AVE,,Columbus,OH,43204
1399,LAKE SHORE DR,UNIT B,Columbus,OH,43204
1351,TELHAM CT,,Columbus,OH,43204
97,OREL AVE,,Columbus,OH,43204
3898,FARM BROOK LN,,Columbus,OH,43204
659,DEXTER AVE,,Columbus,OH,43204
868,WILTSHIRE RD,,Columbus,OH,43204
291,S BRINKER AVE,,Columbus,OH,43204
1367,THACKER CT,,Columbus,OH,43204
2512,HARDESTY DR S,,Columbus,OH,43204
650,HARRISON DR,,Columbus,OH,43204
189,S OGDEN AVE,,Columbus,OH,43204
1319,TELHAM CT,,Columbus,OH,43204
132,N HAGUE AVE,,Columbus,OH,43204
2784,ROSEDALE AVE,,Columbus,OH,43204
1499,RUNAWAY BAY DR,,Columbus,OH,43204
688,DEXTER AVE,,Columbus,OH,43204
1241,TREEHAVEN LN,,Columbus,OH,43204
224,S WESTMOOR AVE,,Columbus,OH,43204
1392,N WILSON RD,,Columbus,OH,43204
273,S POWELL AVE,,Columbus,OH,43204
1534,RUNAWAY BAY DR,CN 2D,Columbus,OH,43204
915,S ROYS AVE,,Columbus,OH,43204
570,S OAKLEY AVE,,Columbus,OH,43204
172,S HAGUE AVE,,Columbus,OH,43204
2165,QUARRY VALLEY RD,,Columbus,OH,43204
1400,RESTWOOD CT,,Columbus,OH,43204
549,S EUREKA AVE,,Columbus,OH,43204
3437,SULLIVANT AVE,,Columbus,OH,43204
3520,SENATOR CT,,Columbus,OH,43204
3650,GRIMES DR,,Columbus,OH,43204
2816,LONGFIELD RD,,Columbus,OH,43204
1220,NATHAN DR,,Columbus,OH,43204
342,DEMOREST AVE,,Columbus,OH,43204
2349,HARDESTY CT,,Columbus,OH,43204
978,S ROYS AVE,,Columbus,OH,43204
343,S WARREN AVE,,Columbus,OH,43204
192,DERRER RD,,Columbus,OH,43204
3776,FARM BROOK LN,,Columbus,OH,43204
2371,HARDESTY DR N,,Columbus,OH,43204
3044,FREMONT ST,,Columbus,OH,43204
454,S WHEATLAND AVE,,Columbus,OH,43204
1203,TREEHAVEN LN,,Columbus,OH,43204
963,S HAGUE AVE,,Columbus,OH,43204
107,N HAGUE AVE,,Columbus,OH,43204
2349,KEEP PL,,Columbus,OH,43204
422,S EUREKA AVE,,Columbus,OH,43204
3280,MARY AVE,,Columbus,OH,43204
746,KINGSFORD RD,,Columbus,OH,43204
2812,VANDERBERG AVE,,Columbus,OH,43204
3951,FARM BROOK LN,,Columbus,OH,43204
202,N HALDY AVE,,Columbus,OH,43204
146,N BURGESS AVE,,Columbus,OH,43204
3496,WESTWAY DR,,Columbus,OH,43204
3515,EDSON DR,,Columbus,OH,43204
2392,PALMETTO ST,,Columbus,OH,43204
200,N WILSON RD,,Columbus,OH,43204
1329,LAKE SHORE DR,UNIT A,Columbus,OH,43204
274,N HAGUE AVE,,Columbus,OH,43204
190,BINNS BLVD,,Columbus,OH,43204
3679,INTERCHANGE RD,,Columbus,OH,43204
83,S POWELL AVE,,Columbus,OH,43204
665,S WARREN AVE,,Columbus,OH,43204
23,N TERRACE AVE,,Columbus,OH,43204
930,STEPHEN DR W,,Columbus,OH,43204
2729,HAFTON WOODS CT,,Columbus,OH,43204
1312,RIVIERA CT,UNIT A,Columbus,OH,43204
282,DEMOREST AVE,,Columbus,OH,43204
2987,WICKLOW RD,,Columbus,OH,43204
937,RACINE AVE,,Columbus,OH,43204
216,S HAGUE AVE,,Columbus,OH,43204
204,BINNS BLVD,,Columbus,OH,43204
2943,PARKSIDE RD,,Columbus,OH,43204
3586,FARMHURST LN,,Columbus,OH,43204
199,N OAKLEY AVE,,Columbus,OH,43204
851,KINGSFORD RD,,Columbus,OH,43204
342,S HAGUE AVE,,Columbus,OH,43204
746,S ROYS AVE,,Columbus,OH,43204
53,N WARREN AVE,,Columbus,OH,43204
968,CHESTERSHIRE RD,,Columbus,OH,43204
3121,SULLIVANT AVE,A,Columbus,OH,43204
3496,WICKLOW RD,,Columbus,OH,43204
951,ANTHONY DR,,Columbus,OH,43204
593,S HARRIS AVE,,Columbus,OH,43204
2494,W BROAD ST,,Columbus,OH,43204
117,N OGDEN AVE,,Columbus,OH,43204
142,S RICHARDSON AVE,,Columbus,OH,43204
3992,CLAYFORD DR,,Columbus,OH,43204
280,POWELL CIR,UNIT D,Columbus,OH,43204
133,S TERRACE AVE,,Columbus,OH,43204
2895,SULLIVANT AVE,,Columbus,OH,43204
3201,PARKSIDE RD,,Columbus,OH,43204
830,S HARRIS AVE,A,Columbus,OH,43204
196,BINNS BLVD,,Columbus,OH,43204
3225,COLONY VISTA LN,,Columbus,OH,43204
1776,LAKE SHORE DR,,Columbus,OH,43204
78,N SYLVAN AVE,A,Columbus,OH,43204
1482,CLIFF CT,A,Columbus,OH,43204
1203,LAKE SHORE DR,,Columbus,OH,43204
93,S WESTGATE AVE,,Columbus,OH,43204
658,WESTBROOK CT,,Columbus,OH,43204
776,SALISBURY RD,,Columbus,OH,43204
1290,LOWLAND CT,,Columbus,OH,43204
1420,RUNAWAY BAY DR,CN 1C,Columbus,OH,43204
3155,RACE ST,,Columbus,OH,43204
3081,JERSEY DR,,Columbus,OH,43204
2405,MARBLEVISTA BLVD,,Columbus,OH,43204
695,DERRER RD,,Columbus,OH,43204
139,S ROYS AVE,,Columbus,OH,43204
225,N WHEATLAND AVE,,Columbus,OH,43204
2505,SULLIVANT AVE,,Columbus,OH,43204
875,BINNS BLVD,,Columbus,OH,43204
1815,SAN REMO DR,,Columbus,OH,43204
432,S WAYNE AVE,,Columbus,OH,43204
1085,ST MATTHEW AVE,,Columbus,OH,43204
1564,RUNAWAY BAY DR,,Columbus,OH,43204
249,S HAGUE AVE,,Columbus,OH,43204
2652,QUARRY POINT,,Columbus,OH,43204
101,S SYLVAN AVE,,Columbus,OH,43204
298,S CHASE AVE,,Columbus,OH,43204
35,DEMOREST AVE,,Columbus,OH,43204
2399,MARBLEVISTA BLVD,,Columbus,OH,43204
170,S WESTMOOR AVE,,Columbus,OH,43204
520,S WAYNE AVE,,Columbus,OH,43204
92,N OGDEN AVE,,Columbus,OH,43204
2719,HAFTON RD,,Columbus,OH,43204
3407,SOUTH BLVD,,Columbus,OH,43204
1012,S HARRIS AVE,,Columbus,OH,43204
3216,TELHAM DR,,Columbus,OH,43204
369,S EUREKA AVE,,Columbus,OH,43204
43,BINNS BLVD,,Columbus,OH,43204
703,RACINE AVE,,Columbus,OH,43204
817,S EUREKA AVE,,Columbus,OH,43204
1183,ROMONA PL,,Columbus,OH,43204
2396,WESTWOOD DR,,Columbus,OH,43204
2317,W BROAD ST,,Columbus,OH,43204
733,S WAYNE AVE,,Columbus,OH,43204
1132,ST JUDE AVE,,Columbus,OH,43204
2900,LA VISTA DR,D,Columbus,OH,43204
787,S RICHARDSON AVE,,Columbus,OH,43204
2830,VANDERBERG AVE,,Columbus,OH,43204
1397,MARCHFIELD WAY,,Columbus,OH,43204
196,S ALGONQUIN AVE,,Columbus,OH,43204
2848,CHESFIELD DR,,Columbus,OH,43204
98,N BURGESS AVE,,Columbus,OH,43204
58,S BURGESS AVE,,Columbus,OH,43204
163,S HAGUE AVE,,Columbus,OH,43204
1406,BAY SHORE DR,CN 3A,Columbus,OH,43204
3567,WILSON WOODS DR,D,Columbus,OH,43204
3553,LINDENDALE DR,,Columbus,OH,43204
45,S HARRIS AVE,,Columbus,OH,43204
140,N SOUTHAMPTON AVE,,Columbus,OH,43204
2157,QUARRY VALLEY RD,,Columbus,OH,43204
102,S POWELL AVE,,Columbus,OH,43204
3429,TRABUE RD,,Columbus,OH,43204
3117,PARKSIDE RD,,Columbus,OH,43204
3184,W MOUND ST,,Columbus,OH,43204
1016,RACINE AVE,,Columbus,OH,43204
802,STEPHEN DR W,,Columbus,OH,43204
1374,RUNAWAY BAY DR,CN 1D,Columbus,OH,43204
2740,ABBOTS COVE BLVD,,Columbus,OH,43204
2796,OTTIS CT,UNIT C,Columbus,OH,43204
3193,RACE ST,,Columbus,OH,43204
645,S HARRIS AVE,,Columbus,OH,43204
228,S OGDEN AVE,,Columbus,OH,43204
607,LANCE CT,,Columbus,OH,43204
3165,SULLIVANT AVE,UNIT C,Columbus,OH,43204
3640,INTERCHANGE RD,,Columbus,OH,43204
2864,W BROAD ST,,Columbus,OH,43204
2671,PALMETTO ST,C,Columbus,OH,43204
1404,WINESAP DR,,Columbus,OH,43204
3647,WEST HORIZONS,APT 207,Columbus,OH,43204
271,N OAKLEY AVE,,Columbus,OH,43204
136,ELDON AVE,,Columbus,OH,43204
98,S SYLVAN AVE,,Columbus,OH,43204
2755,MCKINLEY AVE,,Columbus,OH,43204
221,N WARREN AVE,,Columbus,OH,43204
675,KINGSFORD RD,UNIT C5,Columbus,OH,43204
2407,W BROAD ST,,Columbus,OH,43204
3074,JERSEY DR,,Columbus,OH,43204
643,S BURGESS AVE,,Columbus,OH,43204
241,N WHEATLAND AVE,,Columbus,OH,43204
1000,S RICHARDSON AVE,,Columbus,OH,43204
943,ANTHONY DR,,Columbus,OH,43204
3345,PARKSLEY CT,,Columbus,OH,43204
418,S WARREN AVE,,Columbus,OH,43204
2776,MARBLEVISTA BLVD,,Columbus,OH,43204
706,S TERRACE AVE,,Columbus,OH,43204
128,S WHEATLAND AVE,,Columbus,OH,43204
1454,RUNAWAY BAY DR,CN 1D,Columbus,OH,43204
1582,QUARRY VIEW,,Columbus,OH,43204
2755,EAKIN RD,A,Columbus,OH,43204
3503,WILKES CT,,Columbus,OH,43204
854,BINNS BLVD,,Columbus,OH,43204
2835,NICHOLAS AVE,,Columbus,OH,43204
593,WILTSHIRE RD,,Columbus,OH,43204
419,DERRER RD,,Columbus,OH,43204
2878,ABBOTS COVE BLVD,,Columbus,OH,43204
3434,WILSON WOODS DR,C,Columbus,OH,43204
639,CRESCENT RD,,Columbus,OH,43204
453,S HARRIS AVE,,Columbus,OH,43204
445,S HAGUE AVE,,Columbus,OH,43204
3521,WILKES CT,,Columbus,OH,43204
185,N HAGUE AVE,,Columbus,OH,43204
2869,SULLIVANT AVE,D,Columbus,OH,43204
145,S ROYS AVE,,Columbus,OH,43204
212,N WARREN AVE,,Columbus,OH,43204
148,N POWELL AVE,,Columbus,OH,43204
254,S WESTGATE AVE,,Columbus,OH,43204
835,WILTSHIRE RD,,Columbus,OH,43204
2687,ROSEDALE AVE,,Columbus,OH,43204
273,S WESTGATE AVE,,Columbus,OH,43204
109,S WESTGATE AVE,,Columbus,OH,43204
921,MIRIAM DR W,,Columbus,OH,43204
888,WILTSHIRE RD,,Columbus,OH,43204
949,BINNS BLVD,,Columbus,OH,43204
2452,HARDESTY DR S,,Columbus,OH,43204
3511,WILKES CT,,Columbus,OH,43204
316,S CHASE AVE,C,Columbus,OH,43204
299,S OGDEN AVE,,Columbus,OH,43204
462,S TERRACE AVE,,Columbus,OH,43204
124,S ALGONQUIN AVE,,Columbus,OH,43204
1471,LAKE SHORE DR,C,Columbus,OH,43204
426,S HAGUE AVE,,Columbus,OH,43204
3303,MEDOMA DR,,Columbus,OH,43204
1043,CHESTERSHIRE RD,,Columbus,OH,43204
228,N OGDEN AVE,,Columbus,OH,43204
2743,BERNADETTE RD,,Columbus,OH,43204
243,N WAYNE AVE,,Columbus,OH,43204
575,CRESCENT RD,,Columbus,OH,43204
348,S POWELL AVE,,Columbus,OH,43204
190,S ALGONQUIN AVE,,Columbus,OH,43204
214,S HURON AVE,,Columbus,OH,43204
91,N TERRACE AVE,,Columbus,OH,43204
1164,ST AGNES AVE,,Columbus,OH,43204
1073,PARMA AVE,,Columbus,OH,43204
1362,LAKE SHORE DR,A,Columbus,OH,43204
83,N BRINKER AVE,,Columbus,OH,43204
2535,HARRISON RD,,Columbus,OH,43204
3273,MAPLEWAY LN,,Columbus,OH,43204
3654,DRAGONFLY DR,,Columbus,OH,43204
500,S WESTGATE AVE,C,Columbus,OH,43204
3579,EAKIN RD,,Columbus,OH,43204
3080,WICKLOW RD,,Columbus,OH,43204
343,S POWELL AVE,,Columbus,OH,43204
2720,SCIOTO STATION DR,,Columbus,OH,43204
592,SALISBURY RD,,Columbus,OH,43204
58,S OAKLEY AVE,,Columbus,OH,43204
3586,EDSON DR,,Columbus,OH,43204
1335,TRADE WINDS DR,APT 203,Columbus,OH,43204
3410,WILSON WOODS DR,J,Columbus,OH,43204
780,WILTSHIRE RD,,Columbus,OH,43204
54,N WARREN AVE,,Columbus,OH,43204
48,S RICHARDSON AVE,,Columbus,OH,43204
3175,RACE ST,,Columbus,OH,43204
2984,ABBOT'S COVE BLVD,,Columbus,OH,43204
891,KINGSFORD RD,A,Columbus,OH,43204
2720,MARBLEVISTA BLVD,,Columbus,OH,43204
501,DEMOREST AVE,,Columbus,OH,43204
946,SALISBURY RD,,Columbus,OH,43204
2822,WOODCROFT RD,,Columbus,OH,43204
766,SALISBURY RD,,Columbus,OH,43204
1671,QUARRY TRACE,,Columbus,OH,43204
952,HODGES DR,,Columbus,OH,43204
423,S HURON AVE,,Columbus,OH,43204
2927,PARKSIDE RD,,Columbus,OH,43204
214,S WESTGATE AVE,,Columbus,OH,43204
3405,SULLIVANT AVE,,Columbus,OH,43204
3315,OAKDALE AVE,,Columbus,OH,43204
1157,FARMHURST CT,,Columbus,OH,43204
1329,CATALINA CT,,Columbus,OH,43204
69,S RICHARDSON AVE,,Columbus,OH,43204
2006,MARBLE CLIFF CROSSING CT,,Columbus,OH,43204
1176,BELLFLOWER AVE,,Columbus,OH,43204
2903,DIBBLEE AVE,,Columbus,OH,43204
382,S HAGUE AVE,,Columbus,OH,43204
168,N WARREN AVE,,Columbus,OH,43204
2343,KEEP PL,,Columbus,OH,43204
64,N WARREN AVE,,Columbus,OH,43204
235,S SOUTHAMPTON AVE,,Columbus,OH,43204
2423,QUARRY VALLEY RD,,Columbus,OH,43204
2200,MCKINLEY AVE,,Columbus,OH,43204
102,N OGDEN AVE,,Columbus,OH,43204
683,CHESTERSHIRE RD,,Columbus,OH,43204
1017,BROOKS END CT,,Columbus,OH,43204
3235,SULLIVANT AVE,C,Columbus,OH,43204
748,FEBOR CT,,Columbus,OH,43204
860,S WAYNE AVE,,Columbus,OH,43204
3076,PARKSIDE RD,,Columbus,OH,43204
673,S BURGESS AVE,,Columbus,OH,43204
329,BINNS BLVD,,Columbus,OH,43204
3640,EAKIN RD,3B,Columbus,OH,43204
770,WILTSHIRE RD,,Columbus,OH,43204
3150,VAUXHALL DR,,Columbus,OH,43204
1295,LAKE SHORE DR,UNIT A,Columbus,OH,43204
661,KINGSFORD RD,UNIT 1E,Columbus,OH,43204
922,S RICHARDSON AVE,,Columbus,OH,43204
1675,QUARRY TRACE,,Columbus,OH,43204
685,KINGSFORD RD,B3,Columbus,OH,43204
76,N TERRACE AVE,,Columbus,OH,43204
303,S WHEATLAND AVE,,Columbus,OH,43204
3232,WICKLOW RD,,Columbus,OH,43204
44,S SYLVAN AVE,,Columbus,OH,43204
3237,MCKINLEY AVE,48,Columbus,OH,43204
1045,HARDESTY PL E,,Columbus,OH,43204
123,N WARREN AVE,,Columbus,OH,43204
944,RACINE AVE,,Columbus,OH,43204
1135,FARMHURST CT,,Columbus,OH,43204
139,N POWELL AVE,,Columbus,OH,43204
642,RACINE AVE,,Columbus,OH,43204
3384,TIMBER RUN DR,,Columbus,OH,43204
272,S HARRIS AVE,,Columbus,OH,43204
2881,ABBOTS COVE BLVD,,Columbus,OH,43204
1053,S HAGUE AVE,,Columbus,OH,43204
482 1/2,S HAGUE AVE,,Columbus,OH,43204
230,S WESTMOOR AVE,,Columbus,OH,43204
3965,POPLAR BEND DR,,Columbus,OH,43204
2464,MARBLEVISTA BLVD,,Columbus,OH,43204
23,N WHEATLAND AVE,,Columbus,OH,43204
2503,W BROAD ST,,Columbus,OH,43204
3581,INTERCHANGE RD,,Columbus,OH,43204
3424,TIMBER OAK DR,,Columbus,OH,43204
357,S OGDEN AVE,,Columbus,OH,43204
92,N POWELL AVE,,Columbus,OH,43204
2850,VALLEY VIEW DR,,Columbus,OH,43204
831,KINGSFORD RD,,Columbus,OH,43204
236,S HAGUE AVE,,Columbus,OH,43204
2816,ST JOSEPH AVE,,Columbus,OH,43204
135,S EUREKA AVE,,Columbus,OH,43204
3277,PARKSIDE RD,,Columbus,OH,43204
1400,PEACH BLOSSOM CT,,Columbus,OH,43204
2299,QUARRY VALLEY RD,,Columbus,OH,43204
4037,SANDY RIDGE DR,,Columbus,OH,43204
1339,BROOKFOREST DR,,Columbus,OH,43204
211,N HALDY AVE,,Columbus,OH,43204
180,S BURGESS AVE,,Columbus,OH,43204
187,N HARRIS AVE,,Columbus,OH,43204
1293,LAKE SHORE DR,UNIT B,Columbus,OH,43204
176,N CHASE AVE,,Columbus,OH,43204
2555,SPAATZ AVE,,Columbus,OH,43204
2833,LONGFIELD RD,,Columbus,OH,43204
1414,LAKE SHORE DR,A,Columbus,OH,43204
1477,CLIFF CT,B,Columbus,OH,43204
3428,WILSON WOODS DR,E,Columbus,OH,43204
2680,QUARRY POINT,,Columbus,OH,43204
1535,RUNAWAY BAY DR,CN 3B,Columbus,OH,43204
888,BINNS BLVD,,Columbus,OH,43204
58,N SYLVAN AVE,C,Columbus,OH,43204
35,S BURGESS AVE,B,Columbus,OH,43204
94,N WESTMOOR AVE,A,Columbus,OH,43204
3007,PARKSIDE RD,,Columbus,OH,43204
514,S OGDEN AVE,,Columbus,OH,43204
196,N BURGESS AVE,,Columbus,OH,43204
511,S WHEATLAND AVE,,Columbus,OH,43204
1114,ST JUDE AVE,,Columbus,OH,43204
2018,MARBLE CLIFF CROSSING CT,,Columbus,OH,43204
149,N HARRIS AVE,,Columbus,OH,43204
3493,GREAT WESTERN BLVD,UNIT 100,Columbus,OH,43204
163,S WARREN AVE,,Columbus,OH,43204
271,S ROYS AVE,,Columbus,OH,43204
3333,W BROAD ST,8,Columbus,OH,43204
383,S TERRACE AVE,,Columbus,OH,43204
2572,SYMINGTON AVE,,Columbus,OH,43204
2671,PALMETTO ST,,Columbus,OH,43204
3252,WICKLOW RD,,Columbus,OH,43204
2696,W BROAD ST,,Columbus,OH,43204
194,N OAKLEY AVE,,Columbus,OH,43204
255,N OGDEN AVE,,Columbus,OH,43204
285,S WAYNE AVE,,Columbus,OH,43204
611,S WAYNE AVE,,Columbus,OH,43204
407,DEMOREST AVE,,Columbus,OH,43204
2740,CAROL AVE,,Columbus,OH,43204
592,ATHENS AVE,,Columbus,OH,43204
1380,SUNFLOWER DR,,Columbus,OH,43204
3332,TIMBER OAK DR,,Columbus,OH,43204
679,DERRER RD,,Columbus,OH,43204
2649,MARBLEVISTA BLVD,,Columbus,OH,43204
668,CHESTERSHIRE RD,,Columbus,OH,43204
900,STEPHEN DR W,,Columbus,OH,43204
812,S HAGUE AVE,,Columbus,OH,43204
1360,CRISFIELD DR,,Columbus,OH,43204
51,N HAGUE AVE,,Columbus,OH,43204
116,DERRER DEN LN,,Columbus,OH,43204
1357,ROYSTON DR,,Columbus,OH,43204
388,S EUREKA AVE,,Columbus,OH,43204
731,S HAGUE AVE,,Columbus,OH,43204
1125,ABBOTS GREEN CIR,,Columbus,OH,43204
161,N HALDY AVE,,Columbus,OH,43204
1324,WESTSHIRE RD,,Columbus,OH,43204
614,WILTSHIRE RD,,Columbus,OH,43204
3446,DERRER FIELD DR,,Columbus,OH,43204
763,BINNS BLVD,,Columbus,OH,43204
3440,BRIGGS RD,A,Columbus,OH,43204
3915,BUSINESS PARK DR,,Columbus,OH,43204
287,S ROYS AVE,,Columbus,OH,43204
2694,W BROAD ST,A,Columbus,OH,43204
465,S CHASE AVE,,Columbus,OH,43204
1005,RACINE AVE,,Columbus,OH,43204
358,GUERNSEY AVE,,Columbus,OH,43204
381,S WARREN AVE,,Columbus,OH,43204
105,N WESTGATE AVE,,Columbus,OH,43204
85,S SOUTHAMPTON AVE,,Columbus,OH,43204
1312,RIVIERA CT,UNIT G,Columbus,OH,43204
222,N HARRIS AVE,,Columbus,OH,43204
661,LANCE CT,,Columbus,OH,43204
2871,ABBOTS COVE BLVD,,Columbus,OH,43204
3118,LA VISTA DR,,Columbus,OH,43204
830,S HARRIS AVE,D,Columbus,OH,43204
1349,S HAGUE AVE,,Columbus,OH,43204
47,N WESTMOOR AVE,,Columbus,OH,43204
3230,EAKIN RD,,Columbus,OH,43204
3148,MARY AVE,,Columbus,OH,43204
3591,INTERCHANGE RD,,Columbus,OH,43204
290,S TERRACE AVE,,Columbus,OH,43204
2824,LA VISTA DR,,Columbus,OH,43204
2940,MCKINLEY AVE,,Columbus,OH,43204
3592,FERRELL PL,,Columbus,OH,43204
2524,MARBLEVISTA BLVD,,Columbus,OH,43204
3738,GIBBSTONE DR,,Columbus,OH,43204
914,MIRIAM DR W,,Columbus,OH,43204
225,S WAYNE AVE,,Columbus,OH,43204
314,S OGDEN AVE,,Columbus,OH,43204
3125,VALLEY VIEW DR,,Columbus,OH,43204
3320,FISHER RD,,Columbus,OH,43204
2914,CRESCENT DR,,Columbus,OH,43204
3671,WEST HORIZONS,APT 106,Columbus,OH,43204
2958,SULLIVANT AVE,UNIT E,Columbus,OH,43204
3320,TIMBER OAK DR,,Columbus,OH,43204
84,N WESTGATE AVE,2,Columbus,OH,43204
2818,QUARRY POINT,,Columbus,OH,43204
3671,WEST HORIZONS,APT 301,Columbus,OH,43204
104,S WESTMOOR AVE,,Columbus,OH,43204
1348,CHESFIELD DR E,,Columbus,OH,43204
970,S RICHARDSON AVE,,Columbus,OH,43204
127,N WAYNE AVE,,Columbus,OH,43204
2667,ABBOTS LOOP CT,,Columbus,OH,43204
249,N WARREN AVE,,Columbus,OH,43204
718,POWHATAN AVE,,Columbus,OH,43204
3201,STEPHEN DR S,,Columbus,OH,43204
121,S HARRIS AVE,,Columbus,OH,43204
2561,SYMINGTON AVE,,Columbus,OH,43204
615,N HAGUE AVE,,Columbus,OH,43204
894,VANDERBERG PL,,Columbus,OH,43204
50,N EUREKA AVE,,Columbus,OH,43204
244,RANELLE DR,,Columbus,OH,43204
2754,SUTTON AVE,,Columbus,OH,43204
3239,MAPLEWAY LN,,Columbus,OH,43204
2994,WESTMOOR DR,,Columbus,OH,43204
149,S WESTGATE AVE,,Columbus,OH,43204
2695,QUARRY LAKE DR,,Columbus,OH,43204
2802,QUARRY POINT,,Columbus,OH,43204
247,S EUREKA AVE,,Columbus,OH,43204
1394,BROOKFOREST DR,,Columbus,OH,43204
3940,BUSINESS PARK DR,,Columbus,OH,43204
805,S TERRACE AVE,,Columbus,OH,43204
683,S EUREKA AVE,,Columbus,OH,43204
2345,W MOUND ST,REAR,Columbus,OH,43204
769,S EUREKA AVE,,Columbus,OH,43204
68,S HAGUE AVE,,Columbus,OH,43204
267,N HARRIS AVE,,Columbus,OH,43204
2726,QUARRY LAKE DR,,Columbus,OH,43204
709,S OGDEN AVE,,Columbus,OH,43204
910,STEPHEN DR W,,Columbus,OH,43204
1317,HELMSDALE DR,,Columbus,OH,43204
134,S BURGESS AVE,,Columbus,OH,43204
635,S BURGESS AVE,,Columbus,OH,43204
2801,MARBLEVISTA BLVD,,Columbus,OH,43204
2311,HARDESTY DR N,,Columbus,OH,43204
56,OREL AVE,,Columbus,OH,43204
239,BINNS BLVD,,Columbus,OH,43204
2063,BUILDERS PL,,Columbus,OH,43204
931,RACINE AVE,,Columbus,OH,43204
37,OREL AVE,,Columbus,OH,43204
1826,SAN REMO DR,,Columbus,OH,43204
130,S SYLVAN AVE,,Columbus,OH,43204
3394,EMELINE DR,,Columbus,OH,43204
80,S ALGONQUIN AVE,,Columbus,OH,43204
84,N WESTGATE AVE,4,Columbus,OH,43204
38,POWHATAN AVE,,Columbus,OH,43204
2753,HAFTON WOODS CT,,Columbus,OH,43204
61,S RICHARDSON AVE,UNIT A,Columbus,OH,43204
569,CHESTERSHIRE RD,,Columbus,OH,43204
1035,SALISBURY RD,,Columbus,OH,43204
1119,RACINE AVE,,Columbus,OH,43204
2391,PALMETTO ST,,Columbus,OH,43204
2723,MARBLEVISTA BLVD,,Columbus,OH,43204
172 1/2,S OGDEN AVE,,Columbus,OH,43204
648,BINNS BLVD,,Columbus,OH,43204
161,S BRINKER AVE,,Columbus,OH,43204
164,N SYLVAN AVE,,Columbus,OH,43204
3050,CRESCENT DR,,Columbus,OH,43204
845,REGINA CT,B,Columbus,OH,43204
70,N TERRACE AVE,,Columbus,OH,43204
731,KINGSFORD RD,UNIT C,Columbus,OH,43204
1391,CIDERMILL CT,,Columbus,OH,43204
3340,MIRIAM DR S,,Columbus,OH,43204
2975,LA VISTA DR,,Columbus,OH,43204
94,ELDON AVE,,Columbus,OH,43204
3307,EAKIN RD,,Columbus,OH,43204
81,N EUREKA AVE,,Columbus,OH,43204
2941,DAISY LN,,Columbus,OH,43204
648,S WHEATLAND AVE,,Columbus,OH,43204
743,S TERRACE AVE,,Columbus,OH,43204
57,S WAYNE AVE,,Columbus,OH,43204
1327,RIVIERA CT,,Columbus,OH,43204
40,S ALGONQUIN AVE,,Columbus,OH,43204
2974,FREMONT ST,,Columbus,OH,43204
557,S WHEATLAND AVE,,Columbus,OH,43204
97,S OAKLEY AVE,,Columbus,OH,43204
2806,WOODCROFT RD,,Columbus,OH,43204
81,S HARRIS AVE,,Columbus,OH,43204
3027,OLIVE ST,,Columbus,OH,43204
3660,WEST HORIZONS,APT 202,Columbus,OH,43204
1376,BAY SHORE DR,CN 1B,Columbus,OH,43204
3425,MICHAEL CT,,Columbus,OH,43204
3388,WICKLOW RD,,Columbus,OH,43204
2462,HARDESTY DR S,,Columbus,OH,43204
2379,HARDESTY DR N,,Columbus,OH,43204
1936,LAKE SHORE DR,,Columbus,OH,43204
3237,MCKINLEY AVE,41,Columbus,OH,43204
2710,VIDA PL,,Columbus,OH,43204
2846,W BROAD ST,,Columbus,OH,43204
70,N WARREN AVE,,Columbus,OH,43204
326,S HARRIS AVE,,Columbus,OH,43204
2725,W BROAD ST,,Columbus,OH,43204
1126,ONSLOW DR,,Columbus,OH,43204
1062,S HAGUE AVE,,Columbus,OH,43204
490,S HARRIS AVE,,Columbus,OH,43204
3283,EAKIN RD,,Columbus,OH,43204
222,N HURON AVE,,Columbus,OH,43204
838,WILTSHIRE RD,,Columbus,OH,43204
180,S POWELL AVE,,Columbus,OH,43204
2920,LA VISTA DR,F,Columbus,OH,43204
877,MARK PL,,Columbus,OH,43204
1241,LAKE SHORE DR,,Columbus,OH,43204
89,N OAKLEY AVE,,Columbus,OH,43204
858,SALISBURY RD,,Columbus,OH,43204
67,S OGDEN AVE,,Columbus,OH,43204
2656,QUARRY POINT,,Columbus,OH,43204
2671,EAKIN RD,,Columbus,OH,43204
265,ELDON AVE,,Columbus,OH,43204
924,DEMOREST RD,,Columbus,OH,43204
3137,VALLEY VIEW DR,,Columbus,OH,43204
310,N WILSON RD,UNIT 83B,Columbus,OH,43204
477,BINNS BLVD,,Columbus,OH,43204
2373,SULLIVANT AVE,,Columbus,OH,43204
3351,EAKIN RD,,Columbus,OH,43204
202,DEMOREST AVE,,Columbus,OH,43204
54,S RICHARDSON AVE,,Columbus,OH,43204
1324,LAKE SHORE DR,UNIT C,Columbus,OH,43204
1923,MARBLE CLIFF CROSSING CT,,Columbus,OH,43204
65,N BRINKER AVE,C,Columbus,OH,43204
755,S WAYNE AVE,,Columbus,OH,43204
272,POWELL CIR,UNIT B,Columbus,OH,43204
1228,WARBLE DR,,Columbus,OH,43204
38,S ROYS AVE,,Columbus,OH,43204
350,S ROYS AVE,,Columbus,OH,43204
2651,BERNADETTE RD,,Columbus,OH,43204
3323,SULLIVANT AVE,,Columbus,OH,43204
65,N HALDY AVE,,Columbus,OH,43204
370,S CHASE AVE,A,Columbus,OH,43204
859,BINNS BLVD,,Columbus,OH,43204
1325,CATALINA CT,,Columbus,OH,43204
3356,MARY AVE,,Columbus,OH,43204
1291,LAKE SHORE DR,,Columbus,OH,43204
299,POWHATAN AVE,,Columbus,OH,43204
214,N SOUTHAMPTON AVE,,Columbus,OH,43204
165,S ROYS AVE,,Columbus,OH,43204
1232,RIEGELWOOD LN,,Columbus,OH,43204
132,N OAKLEY AVE,,Columbus,OH,43204
745,S WAYNE AVE,,Columbus,OH,43204
265,N WHEATLAND AVE,,Columbus,OH,43204
23,ELDON AVE,,Columbus,OH,43204
452,S BURGESS AVE,,Columbus,OH,43204
837,S HAGUE AVE,,Columbus,OH,43204
680,RACINE AVE,,Columbus,OH,43204
2540,SUTTON AVE,,Columbus,OH,43204
3660,WEST HORIZONS,APT 301,Columbus,OH,43204
196,N HURON AVE,B,Columbus,OH,43204
1564,QUARRY VIEW,,Columbus,OH,43204
2450,WESTWOOD AVE,,Columbus,OH,43204
77,ELDON AVE,,Columbus,OH,43204
3113,PARKSIDE RD,,Columbus,OH,43204
254,S WHEATLAND AVE,,Columbus,OH,43204
614,S OAKLEY AVE,,Columbus,OH,43204
787,S BURGESS AVE,,Columbus,OH,43204
610,S TERRACE AVE,,Columbus,OH,43204
1460,HIGHBROOK DR,,Columbus,OH,43204
1353,RUNAWAY BAY DR,,Columbus,OH,43204
80,S BRINKER AVE,,Columbus,OH,43204
446,S HAGUE AVE,,Columbus,OH,43204
715,RACINE AVE,,Columbus,OH,43204
168,S EUREKA AVE,,Columbus,OH,43204
4060,BUSINESS PARK DR,,Columbus,OH,43204
670,JOSEPHINE AVE,,Columbus,OH,43204
2435,QUARRY LAKE DR,,Columbus,OH,43204
443,JOSEPHINE AVE,,Columbus,OH,43204
147,S TERRACE AVE,,Columbus,OH,43204
270,S OAKLEY AVE,,Columbus,OH,43204
1356,RUNAWAY BAY DR,CN 2D,Columbus,OH,43204
2741,SCHURTZ AVE,,Columbus,OH,43204
55,S HAGUE AVE,B,Columbus,OH,43204
1295,BELLFLOWER AVE,,Columbus,OH,43204
800,GLADSTONE AVE,,Columbus,OH,43204
3237,MCKINLEY AVE,1,Columbus,OH,43204
464,S HURON AVE,,Columbus,OH,43204
3006,CRESCENT DR,,Columbus,OH,43204
72,S OAKLEY AVE,,Columbus,OH,43204
1420,RUNAWAY BAY DR,CN 2B,Columbus,OH,43204
533,S WHEATLAND AVE,,Columbus,OH,43204
630,SALISBURY RD,,Columbus,OH,43204
436,DERRER RD,,Columbus,OH,43204
3345,TIMBER OAK DR,,Columbus,OH,43204
1436,CROSS CREEK DR,A,Columbus,OH,43204
264,POWELL CIR,UNIT D,Columbus,OH,43204
853,S HAGUE AVE,,Columbus,OH,43204
232,S WAYNE AVE,,Columbus,OH,43204
404,S CHASE AVE,UNIT B,Columbus,OH,43204
894,S HAGUE AVE,,Columbus,OH,43204
171,S EUREKA AVE,,Columbus,OH,43204
1329,CASCADE CT,,Columbus,OH,43204
21,N OAKLEY AVE,,Columbus,OH,43204
2777,MARBLEVISTA BLVD,,Columbus,OH,43204
3505,SULLIVANT AVE,,Columbus,OH,43204
1801,LAKE SHORE DR,,Columbus,OH,43204
2517,VANDERBERG AVE,,Columbus,OH,43204
418,S TERRACE AVE,,Columbus,OH,43204
1407,ROYSTON DR,,Columbus,OH,43204
3296,NATHAN CT,,Columbus,OH,43204
869,VANDERBERG PL,,Columbus,OH,43204
283,S WHEATLAND AVE,,Columbus,OH,43204
851,N WILSON RD,,Columbus,OH,43204
3731,INTERCHANGE RD,,Columbus,OH,43204
3324,MARY AVE,,Columbus,OH,43204
3259,STEPHEN DR S,,Columbus,OH,43204
614,S SYLVAN AVE,,Columbus,OH,43204
341,S WARREN AVE,,Columbus,OH,43204
517,S EUREKA AVE,,Columbus,OH,43204
780,BRIXHAM RD,,Columbus,OH,43204
3637,GRIMES DR,,Columbus,OH,43204
362,N ALGONQUIN AVE,,Columbus,OH,43204
2396,RAY ST,,Columbus,OH,43204
101,S EUREKA AVE,,Columbus,OH,43204
215,S HAGUE AVE,,Columbus,OH,43204
580,S WARREN AVE,,Columbus,OH,43204
760,CHESTERSHIRE RD,,Columbus,OH,43204
742,S HARRIS AVE,,Columbus,OH,43204
1849,SAN REMO DR,,Columbus,OH,43204
1382,BAY SHORE DR,CN 3D,Columbus,OH,43204
3485,FREMONT RD,,Columbus,OH,43204
908,CHESTERSHIRE RD,,Columbus,OH,43204
3410,WILSON WOODS DR,F,Columbus,OH,43204
3516,WESTWAY DR,,Columbus,OH,43204
3489,GREAT WESTERN BLVD,UNIT 100,Columbus,OH,43204
3316,COLONY HILL LN,,Columbus,OH,43204
3264,NATHAN CT,,Columbus,OH,43204
1424,BAY SHORE DR,CN 3B,Columbus,OH,43204
104,N OGDEN AVE,,Columbus,OH,43204
2793,OTTIS CT,,Columbus,OH,43204
1360,LAKE SHORE DR,A,Columbus,OH,43204
3551,EDSON DR,,Columbus,OH,43204
889,CHESTERSHIRE RD,,Columbus,OH,43204
3033,PALMETTO ST,,Columbus,OH,43204
632,S ROYS AVE,,Columbus,OH,43204
781,KINGSFORD RD,,Columbus,OH,43204
1213,LAKE SHORE DR,UNIT B,Columbus,OH,43204
44,N HALDY AVE,,Columbus,OH,43204
772,HARRIS AVE,,Columbus,OH,43204
89,N ROYS AVE,,Columbus,OH,43204
618,S EUREKA AVE,,Columbus,OH,43204
3283,MAPLEWAY LN,,Columbus,OH,43204
445,S WARREN AVE,,Columbus,OH,43204
225,S OGDEN AVE,,Columbus,OH,43204
588,S RICHARDSON AVE,,Columbus,OH,43204
129,LETCHWORTH AVE,,Columbus,OH,43204
219,S BRINKER AVE,,Columbus,OH,43204
128,N HALDY AVE,,Columbus,OH,43204
2717,EAKIN RD,,Columbus,OH,43204
287,S HARRIS AVE,,Columbus,OH,43204
254,RANELLE DR,,Columbus,OH,43204
195,N BURGESS AVE,,Columbus,OH,43204
2591,HARRISON RD,,Columbus,OH,43204
641 1/2,S BURGESS AVE,,Columbus,OH,43204
748,S WARREN AVE,,Columbus,OH,43204
1161,FARMHURST CT,,Columbus,OH,43204
260,N SYLVAN AVE,,Columbus,OH,43204
2440,HARDESTY DR S,,Columbus,OH,43204
2547,SULLIVANT AVE,,Columbus,OH,43204
858,BINNS BLVD,,Columbus,OH,43204
2720,FREMONT ST,,Columbus,OH,43204
136,S RICHARDSON AVE,,Columbus,OH,43204
87,S EUREKA AVE,,Columbus,OH,43204
1044,RACINE AVE,,Columbus,OH,43204
2162,QUARRY VALLEY RD,,Columbus,OH,43204
421,S WAYNE AVE,,Columbus,OH,43204
3956,BASIA DR,,Columbus,OH,43204
47,S WAYNE AVE,,Columbus,OH,43204
3159,VAUXHALL DR,,Columbus,OH,43204
656,DERRER RD,,Columbus,OH,43204
516,N WESTMOOR AVE,,Columbus,OH,43204
3516,SANITA CT,,Columbus,OH,43204
2778,SCIOTO STATION DR,,Columbus,OH,43204
346,S EUREKA AVE,,Columbus,OH,43204
16,N HARRIS AVE,,Columbus,OH,43204
1276,WINESAP DR,,Columbus,OH,43204
2604,SPAATZ AVE,,Columbus,OH,43204
334,N BURGESS AVE,,Columbus,OH,43204
1034,SALISBURY RD,,Columbus,OH,43204
581,ATHENS AVE,,Columbus,OH,43204
3237,MCKINLEY AVE,112,Columbus,OH,43204
146,N WAYNE AVE,,Columbus,OH,43204
3468,DERRER CT N,,Columbus,OH,43204
403,S WHEATLAND AVE,,Columbus,OH,43204
1436,CROSS CREEK DR,C,Columbus,OH,43204
2352,HARDESTY CT,,Columbus,OH,43204
184,S WHEATLAND AVE,,Columbus,OH,43204
1777,LAKE SHORE DR,,Columbus,OH,43204
930,S ROYS AVE,,Columbus,OH,43204
934,BINNS BLVD,,Columbus,OH,43204
987,BINNS BLVD,,Columbus,OH,43204
869,WILTSHIRE RD,,Columbus,OH,43204
2399,RAY ST,,Columbus,OH,43204
2960,ABBOTS COVE BLVD,,Columbus,OH,43204
3599,INTERCHANGE RD,,Columbus,OH,43204
845,S WAYNE AVE,,Columbus,OH,43204
613,CRESCENT RD,,Columbus,OH,43204
1307,HELMSDALE DR,,Columbus,OH,43204
2726,MCKINLEY AVE,,Columbus,OH,43204
3729,WINDWARD WAY,APT 106,Columbus,OH,43204
1149,ABBOTS LAKE CT,,Columbus,OH,43204
592,CHESTERSHIRE RD,,Columbus,OH,43204
2472,EAKIN RD,,Columbus,OH,43204
3235,SULLIVANT AVE,D,Columbus,OH,43204
152,S EUREKA AVE,,Columbus,OH,43204
1437,RUNAWAY BAY DR,CN 1A,Columbus,OH,43204
3853,TRESTLE CT,,Columbus,OH,43204
3015,PARKSIDE RD,,Columbus,OH,43204
2966,ABBOTS COVE BLVD,,Columbus,OH,43204
644,RACINE AVE,,Columbus,OH,43204
179,S EUREKA AVE,,Columbus,OH,43204
126,ELDON AVE,,Columbus,OH,43204
148,N WARREN AVE,,Columbus,OH,43204
1341,S HAGUE AVE,,Columbus,OH,43204
2521,QUARRY VALLEY RD,,Columbus,OH,43204
3424,WICKLOW RD,,Columbus,OH,43204
3700,GRIMES DR,,Columbus,OH,43204
674,S WARREN AVE,,Columbus,OH,43204
344,N OGDEN AVE,,Columbus,OH,43204
3061,VALLEY VIEW DR,2,Columbus,OH,43204
1529,RUNAWAY BAY DR,,Columbus,OH,43204
727,S HAGUE AVE,,Columbus,OH,43204
3136,RIDGE AVE,,Columbus,OH,43204
3510,WESTWAY DR,,Columbus,OH,43204
315,S WESTGATE AVE,,Columbus,OH,43204
2860,FISHER RD,,Columbus,OH,43204
322,DERRER RD,,Columbus,OH,43204
1423,SUNFLOWER DR,,Columbus,OH,43204
263,S ROYS AVE,,Columbus,OH,43204
38,S WHEATLAND AVE,,Columbus,OH,43204
307,N OGDEN AVE,,Columbus,OH,43204
48,N HURON AVE,,Columbus,OH,43204
3458,WILSON WOODS DR,G,Columbus,OH,43204
2778,QUARRY POINT,,Columbus,OH,43204
771,RACINE AVE,,Columbus,OH,43204
471,N POWELL AVE,,Columbus,OH,43204
2669,SULLIVANT AVE,,Columbus,OH,43204
103,DERRER DEN LN,,Columbus,OH,43204
3417,WILSON WOODS DR,C,Columbus,OH,43204
2688,MARBLEVISTA BLVD,,Columbus,OH,43204
2591,STEELE AVE,,Columbus,OH,43204
1321,LAKE SHORE DR,,Columbus,OH,43204
224,N HALDY AVE,,Columbus,OH,43204
423,S HAGUE AVE,,Columbus,OH,43204
1357,TRADE WINDS DR,APT 201,Columbus,OH,43204
2735,CAROL AVE,,Columbus,OH,43204
3378,NORTH BLVD,,Columbus,OH,43204
3242,COLONY VISTA LN,,Columbus,OH,43204
133,N WESTMOOR AVE,,Columbus,OH,43204
828,WILTSHIRE RD,,Columbus,OH,43204
1008,CHESTERSHIRE RD,,Columbus,OH,43204
2898,LA VISTA DR,E,Columbus,OH,43204
953,S HAGUE AVE,,Columbus,OH,43204
2570,QUARRY LAKE DR,,Columbus,OH,43204
1152,ST MATTHEW AVE,,Columbus,OH,43204
211,S BURGESS AVE,,Columbus,OH,43204
1328,CASCADE CT,,Columbus,OH,43204
3058,WOODLOOP LN,,Columbus,OH,43204
324,S HURON AVE,,Columbus,OH,43204
135,N OGDEN AVE,,Columbus,OH,43204
3106,WHITEHEAD RD,,Columbus,OH,43204
212,ELDON AVE,,Columbus,OH,43204
101,N POWELL AVE,,Columbus,OH,43204
2307,GLENVIEW BLVD,,Columbus,OH,43204
2638,QUARRY LAKE DR,,Columbus,OH,43204
3936,BUSINESS PARK DR,,Columbus,OH,43204
3235,SULLIVANT AVE,K,Columbus,OH,43204
276,POWELL CIR,UNIT A,Columbus,OH,43204
1442,BAY SHORE DR,CN 3A,Columbus,OH,43204
904,S HAGUE AVE,,Columbus,OH,43204
86,S RICHARDSON AVE,,Columbus,OH,43204
2632,ROSEDALE AVE,,Columbus,OH,43204
3403,TIMBER RUN DR,,Columbus,OH,43204
57,N SYLVAN AVE,,Columbus,OH,43204
590,S OGDEN AVE,,Columbus,OH,43204
3295,SULLIVANT AVE,UNIT E,Columbus,OH,43204
601,WESTBROOK CT,,Columbus,OH,43204
342,LETCHWORTH AVE,,Columbus,OH,43204
1152,PINNACLE DR,,Columbus,OH,43204
132,S OGDEN AVE,,Columbus,OH,43204
1440,CLIFF CT,B,Columbus,OH,43204
2387,SULLIVANT AVE,,Columbus,OH,43204
719,RACINE AVE,,Columbus,OH,43204
629,N HAGUE AVE,,Columbus,OH,43204
562,S WHEATLAND AVE,,Columbus,OH,43204
2660,EAKIN RD,,Columbus,OH,43204
3507,DERRER FIELD DR,,Columbus,OH,43204
153,N HURON AVE,,Columbus,OH,43204
254,POWHATAN AVE,,Columbus,OH,43204
849,S OGDEN AVE,,Columbus,OH,43204
1239,LAKE SHORE DR,,Columbus,OH,43204
1042,WILTSHIRE RD,,Columbus,OH,43204
3521,DERRER FIELD DR,,Columbus,OH,43204
2355,QUARRY VALLEY RD,,Columbus,OH,43204
671,BINNS BLVD,,Columbus,OH,43204
3347,SOUTH BLVD,,Columbus,OH,43204
84,ELDON AVE,,Columbus,OH,43204
651,WESTBROOK CT,,Columbus,OH,43204
333,POWHATAN AVE,,Columbus,OH,43204
1054,S HAGUE AVE,,Columbus,OH,43204
804,S TERRACE AVE,,Columbus,OH,43204
601,S BURGESS AVE,,Columbus,OH,43204
2975,WESTMOOR DR,,Columbus,OH,43204
3135,SULLIVANT AVE,,Columbus,OH,43204
3124,TELHAM DR,,Columbus,OH,43204
3824,CIDERMILL DR,,Columbus,OH,43204
864,S HARRIS AVE,,Columbus,OH,43204
3492,SANITA CT,,Columbus,OH,43204
627,BRIXHAM RD,,Columbus,OH,43204
930,BINNS BLVD,,Columbus,OH,43204
2960,LA VISTA DR,,Columbus,OH,43204
626,S OGDEN AVE,,Columbus,OH,43204
2564,SYMINGTON AVE,,Columbus,OH,43204
1093,ST JUDE AVE,,Columbus,OH,43204
116,N WESTGATE AVE,,Columbus,OH,43204
1397,LAKE SHORE DR,,Columbus,OH,43204
301,DEMOREST AVE,,Columbus,OH,43204
3050,FREMONT ST,,Columbus,OH,43204
825,S HAGUE AVE,,Columbus,OH,43204
190,RANELLE DR,,Columbus,OH,43204
2874,GRACE ST,,Columbus,OH,43204
145,N HAGUE AVE,,Columbus,OH,43204
3263,NATHAN CT,,Columbus,OH,43204
947,RACINE AVE,,Columbus,OH,43204
849,S ROYS AVE,,Columbus,OH,43204
455,S OGDEN AVE,,Columbus,OH,43204
66,N BURGESS AVE,,Columbus,OH,43204
285,JOSEPHINE AVE,R,Columbus,OH,43204
279,S WHEATLAND AVE,,Columbus,OH,43204
685,S HAGUE AVE,,Columbus,OH,43204
1162,ABBOTS GREEN CIR,,Columbus,OH,43204
99,N HURON AVE,,Columbus,OH,43204
697,WILTSHIRE RD,,Columbus,OH,43204
2527,KREBER AVE,,Columbus,OH,43204
358,S TERRACE AVE,,Columbus,OH,43204
3410,WILSON WOODS DR,E,Columbus,OH,43204
97,N WESTGATE AVE,,Columbus,OH,43204
203,S OGDEN AVE,,Columbus,OH,43204
3383,RIEGELWOOD CT,,Columbus,OH,43204
219,POWHATAN AVE,,Columbus,OH,43204
109,DEMOREST AVE,,Columbus,OH,43204
2850,WOODCROFT RD,,Columbus,OH,43204
3494,WILKES CT,,Columbus,OH,43204
2634,QUARRY LAKE DR,,Columbus,OH,43204
784,S HARRIS AVE,,Columbus,OH,43204
696,CHESTERSHIRE RD,,Columbus,OH,43204
921,S HAGUE AVE,,Columbus,OH,43204
689,S OGDEN AVE,,Columbus,OH,43204
58,N SYLVAN AVE,G,Columbus,OH,43204
1273,PINNACLE DR,,Columbus,OH,43204
3669,DRAGONFLY DR,,Columbus,OH,43204
169,S SYLVAN AVE,,Columbus,OH,43204
32,N HARRIS AVE,,Columbus,OH,43204
2575,W BROAD ST,,Columbus,OH,43204
1133,HARDESTY PL E,,Columbus,OH,43204
64,N OGDEN AVE,,Columbus,OH,43204
654,JOSEPHINE AVE,,Columbus,OH,43204
18,N HURON AVE,APT B,Columbus,OH,43204
2889,WICKLOW RD,,Columbus,OH,43204
235,GUERNSEY AVE,,Columbus,OH,43204
150,S HARRIS AVE,,Columbus,OH,43204
714,S EUREKA AVE,,Columbus,OH,43204
4243,TRABUE RD,,Columbus,OH,43204
1358,BAY SHORE DR,CN 2A,Columbus,OH,43204
272,N SOUTHAMPTON AVE,,Columbus,OH,43204
3190,TELHAM DR,,Columbus,OH,43204
598,S OAKLEY AVE,,Columbus,OH,43204
861,MARK PL,,Columbus,OH,43204
146,S WHEATLAND AVE,,Columbus,OH,43204
2736,HAFTON RD,,Columbus,OH,43204
230,BINNS BLVD,,Columbus,OH,43204
196,N OGDEN AVE,,Columbus,OH,43204
1177,GEORGE'S PL,,Columbus,OH,43204
238,S OGDEN AVE,,Columbus,OH,43204
42,N POWELL AVE,,Columbus,OH,43204
1248,RIEGELWOOD LN,,Columbus,OH,43204
1376,BAY SHORE DR,CN 2A,Columbus,OH,43204
221,N HALDY AVE,,Columbus,OH,43204
293,S HAGUE AVE,,Columbus,OH,43204
345,S HAGUE AVE,,Columbus,OH,43204
103,S ALGONQUIN AVE,,Columbus,OH,43204
2944,RUNDELL DR,,Columbus,OH,43204
107,N POWELL AVE,,Columbus,OH,43204
1173,ONSLOW DR,,Columbus,OH,43204
1848,QUARRY VIEW,,Columbus,OH,43204
175,S HARRIS AVE,,Columbus,OH,43204
1445,CLIFF CT,,Columbus,OH,43204
3257,PARKSIDE RD,,Columbus,OH,43204
50,N HURON AVE,,Columbus,OH,43204
259,S HAGUE AVE,,Columbus,OH,43204
141,N CHASE AVE,,Columbus,OH,43204
2326,HARDESTY CT,,Columbus,OH,43204
3484,WICKLOW RD,,Columbus,OH,43204
3019,PALMETTO ST,,Columbus,OH,43204
431,S OGDEN AVE,,Columbus,OH,43204
410,S WAYNE AVE,,Columbus,OH,43204
1430,CROSS CREEK DR,E,Columbus,OH,43204
1207,LAKE SHORE DR,,Columbus,OH,43204
3249,MAPLEWAY LN,,Columbus,OH,43204
476,S BURGESS AVE,,Columbus,OH,43204
649,S BURGESS AVE,,Columbus,OH,43204
111,S RICHARDSON AVE,,Columbus,OH,43204
2841,CHESFIELD DR,,Columbus,OH,43204
845,MARK PL,,Columbus,OH,43204
3466,FREMONT ST,,Columbus,OH,43204
895,S ROYS AVE,,Columbus,OH,43204
2393,SULLIVANT AVE,,Columbus,OH,43204
2802,VANDERBERG AVE,,Columbus,OH,43204
110,N CHASE AVE,,Columbus,OH,43204
137,S WHEATLAND AVE,,Columbus,OH,43204
2217,QUARRY VALLEY RD,,Columbus,OH,43204
109,DERRER ESTATES PL,,Columbus,OH,43204
766,S OGDEN AVE,,Columbus,OH,43204
63,POWHATAN AVE,,Columbus,OH,43204
1189,ONSLOW DR,,Columbus,OH,43204
2603,MARBLEVISTA BLVD,,Columbus,OH,43204
3100,W BROAD ST,,Columbus,OH,43204
2817,SULLIVANT AVE,,Columbus,OH,43204
441,GUERNSEY AVE,,Columbus,OH,43204
2583,REGINA AVE,,Columbus,OH,43204
396,S EUREKA AVE,,Columbus,OH,43204
1137,GEORGE'S PL,,Columbus,OH,43204
911,RACINE AVE,,Columbus,OH,43204
171,S ROYS AVE,,Columbus,OH,43204
197,S WESTGATE AVE,,Columbus,OH,43204
68,N OGDEN AVE,,Columbus,OH,43204
2542,RIDGE AVE,,Columbus,OH,43204
1005,BROOKS END CT,,Columbus,OH,43204
654,WESTBROOK CT,,Columbus,OH,43204
313,DEMOREST AVE,,Columbus,OH,43204
2351,KEEP PL,,Columbus,OH,43204
2755,EAKIN RD,B,Columbus,OH,43204
180,BINNS BLVD,,Columbus,OH,43204
2772,MARBLEVISTA BLVD,,Columbus,OH,43204
2557,KREBER AVE,,Columbus,OH,43204
1041,PARMA AVE,,Columbus,OH,43204
3916,BUSINESS PARK DR,,Columbus,OH,43204
3170,WICKLOW RD,,Columbus,OH,43204
1698,QUARRY TRACE,,Columbus,OH,43204
1246,DEMOREST RD,,Columbus,OH,43204
752,S TERRACE AVE,,Columbus,OH,43204
2177,QUARRY VALLEY RD,,Columbus,OH,43204
3400,CAMP CHASE DR,C4,Columbus,OH,43204
254,N WARREN AVE,,Columbus,OH,43204
160,S HARRIS AVE,,Columbus,OH,43204
1229,N HAGUE AVE,,Columbus,OH,43204
3381,STEPHEN DR S,,Columbus,OH,43204
1089,BELLFLOWER AVE,,Columbus,OH,43204
1335,TRADE WINDS DR,APT 103,Columbus,OH,43204
2917,CRESCENT DR,,Columbus,OH,43204
77,N HARRIS AVE,,Columbus,OH,43204
65,N POWELL AVE,,Columbus,OH,43204
235,BINNS BLVD,,Columbus,OH,43204
3218,COLONY VISTA LN,,Columbus,OH,43204
3670,TRABUE RD,,Columbus,OH,43204
646,S HAGUE AVE,,Columbus,OH,43204
3302,SULLIVANT AVE,,Columbus,OH,43204
848,KINGSFORD RD,,Columbus,OH,43204
910,ANTHONY DR,,Columbus,OH,43204
227,N EUREKA AVE,,Columbus,OH,43204
107,N EUREKA AVE,,Columbus,OH,43204
33,ELDON AVE,,Columbus,OH,43204
2420,HARDESTY DR S,,Columbus,OH,43204
1337,CASCADE CT,,Columbus,OH,43204
2750,QUARRY LAKE DR,,Columbus,OH,43204
3509,SENATOR CT,,Columbus,OH,43204
2435,QUARRY VALLEY RD,,Columbus,OH,43204
181,S ROYS AVE,,Columbus,OH,43204
124,S BRINKER AVE,,Columbus,OH,43204
134,N WESTGATE AVE,,Columbus,OH,43204
43,N HURON AVE,,Columbus,OH,43204
579,S OGDEN AVE,,Columbus,OH,43204
173,N CHASE AVE,,Columbus,OH,43204
109,S BURGESS AVE,,Columbus,OH,43204
1286,TREEHAVEN LN,,Columbus,OH,43204
420,S WHEATLAND AVE,,Columbus,OH,43204
3450,WILSON WOODS DR,A,Columbus,OH,43204
2714,HAFTON RD,,Columbus,OH,43204
4020,BUSINESS PARK DR,,Columbus,OH,43204
3237,MCKINLEY AVE,74,Columbus,OH,43204
1308,WINESAP DR,,Columbus,OH,43204
3819,CIDERMILL DR,,Columbus,OH,43204
267,N WAYNE AVE,,Columbus,OH,43204
116,S WAYNE AVE,,Columbus,OH,43204
1028,BELLFLOWER AVE,,Columbus,OH,43204
160,S TERRACE AVE,,Columbus,OH,43204
76,S POWELL AVE,,Columbus,OH,43204
122,S TERRACE AVE,,Columbus,OH,43204
60,N HURON AVE,,Columbus,OH,43204
58,S HARRIS AVE,,Columbus,OH,43204
745,S RICHARDSON AVE,,Columbus,OH,43204
752,S ROYS AVE,,Columbus,OH,43204
3578,TRABUE RD,,Columbus,OH,43204
158,N HALDY AVE,,Columbus,OH,43204
107,DERRER HEIGHT LN,,Columbus,OH,43204
2639,VANDERBERG AVE,,Columbus,OH,43204
3942,BUSINESS PARK DR,,Columbus,OH,43204
2945,BRIGGS RD,,Columbus,OH,43204
240,S WAYNE AVE,,Columbus,OH,43204
2300,W BROAD ST,,Columbus,OH,43204
1266,BRONWYN AVE,,Columbus,OH,43204
3365,EAKIN RD,,Columbus,OH,43204
338,S HAGUE AVE,,Columbus,OH,43204
2656,BRIGGS RD,,Columbus,OH,43204
545,S EUREKA AVE,,Columbus,OH,43204
3345,STEPHEN DR S,,Columbus,OH,43204
217,N WARREN AVE,,Columbus,OH,43204
2421,SULLIVANT AVE,,Columbus,OH,43204
1167,FARMHURST CT,,Columbus,OH,43204
2626,FISHER RD,,Columbus,OH,43204
3488,FREMONT ST,,Columbus,OH,43204
1455,RUNAWAY BAY DR,CN 1C,Columbus,OH,43204
1050,WILTSHIRE RD,,Columbus,OH,43204
231,N EUREKA AVE,,Columbus,OH,43204
483,S BURGESS AVE,,Columbus,OH,43204
3295,SULLIVANT AVE,UNIT C,Columbus,OH,43204
676,S SYLVAN AVE,,Columbus,OH,43204
1362,BROOKFOREST DR,,Columbus,OH,43204
553,S ROYS AVE,UNIT,Columbus,OH,43204
3918,BUSINESS PARK DR,,Columbus,OH,43204
40,S OAKLEY AVE,,Columbus,OH,43204
3459,STALLING CT,,Columbus,OH,43204
756,S HAGUE AVE,,Columbus,OH,43204
266,S ALGONQUIN AVE,,Columbus,OH,43204
698,S WAYNE AVE,,Columbus,OH,43204
1448,RUNAWAY BAY DR,CN 2C,Columbus,OH,43204
677,S WARREN AVE,,Columbus,OH,43204
168,S ROYS AVE,,Columbus,OH,43204
160,S WESTMOOR AVE,,Columbus,OH,43204
507,S WHEATLAND AVE,,Columbus,OH,43204
836,S ROYS AVE,,Columbus,OH,43204
3647,WEST HORIZONS,APT 303,Columbus,OH,43204
3466,DERRER CT N,,Columbus,OH,43204
992,CHESTERSHIRE RD,,Columbus,OH,43204
874,BINNS BLVD,,Columbus,OH,43204
2681,QUARRY LAKE DR,,Columbus,OH,43204
3507,SENATOR CT,,Columbus,OH,43204
3635,GRIMES DR,,Columbus,OH,43204
60,POWHATAN AVE,,Columbus,OH,43204
2729,QUARRY LAKE DR,,Columbus,OH,43204
3109,W BROAD ST,,Columbus,OH,43204
672,S EUREKA AVE,,Columbus,OH,43204
570,S WESTGATE AVE,,Columbus,OH,43204
2936,LA VISTA DR,UNIT B,Columbus,OH,43204
3512,SULLIVANT AVE,,Columbus,OH,43204
1350,RUNAWAY BAY DR,CN 2A,Columbus,OH,43204
1382,BAY SHORE DR,CN 1B,Columbus,OH,43204
167,N OAKLEY AVE,,Columbus,OH,43204
352,S EUREKA AVE,,Columbus,OH,43204
3321,MEDOMA DR,,Columbus,OH,43204
151,DERRER RD,,Columbus,OH,43204
260,S OGDEN AVE,,Columbus,OH,43204
2647,MARBLEVISTA BLVD,,Columbus,OH,43204
2827,ST JOSEPH AVE,,Columbus,OH,43204
3949,BUSINESS PARK DR,,Columbus,OH,43204
1397,CARTER CT,,Columbus,OH,43204
2736,STEELE AVE,,Columbus,OH,43204
1098,RACINE AVE,,Columbus,OH,43204
75,N WARREN AVE,,Columbus,OH,43204
361,BINNS BLVD,,Columbus,OH,43204
3455,SULLIVANT AVE,,Columbus,OH,43204
733,S HAGUE AVE,,Columbus,OH,43204
3826,FARM BROOK LN,,Columbus,OH,43204
2724,ST JOSEPH AVE,,Columbus,OH,43204
1299,LAKE SHORE DR,UNIT B,Columbus,OH,43204
3333,W BROAD ST,6,Columbus,OH,43204
138,S TERRACE AVE,,Columbus,OH,43204
1148,ABBOTS LAKE CT,,Columbus,OH,43204
292,S CHASE AVE,B,Columbus,OH,43204
3015,LA VISTA DR,,Columbus,OH,43204
2923,CRESCENT DR,,Columbus,OH,43204
227,S SOUTHAMPTON AVE,,Columbus,OH,43204
2611,SPAATZ AVE,,Columbus,OH,43204
406,S HARRIS AVE,,Columbus,OH,43204
1115,HARDESTY PL E,,Columbus,OH,43204
93,N BRINKER AVE,,Columbus,OH,43204
3424,RACE ST,,Columbus,OH,43204
680,S TERRACE AVE,,Columbus,OH,43204
3567,INTERCHANGE RD,,Columbus,OH,43204
3505,SANITA CT,,Columbus,OH,43204
3465,WICKLOW RD,,Columbus,OH,43204
784,HARRIS AVE,,Columbus,OH,43204
1401,LAKE SHORE DR,UNIT A,Columbus,OH,43204
451,S OGDEN AVE,,Columbus,OH,43204
3474,WESTWAY DR,,Columbus,OH,43204
404,S EUREKA AVE,,Columbus,OH,43204
2827,LA VISTA DR,,Columbus,OH,43204
3368,TIMBER RUN DR,,Columbus,OH,43204
1712,QUARRY TRACE,,Columbus,OH,43204
2699,ABBOTS LOOP CT,,Columbus,OH,43204
3201,W BROAD ST,,Columbus,OH,43204
849,LINDENDALE CT,,Columbus,OH,43204
1545,RASPBERRY RUN DR,,Columbus,OH,43204
1325,HELMSDALE DR,,Columbus,OH,43204
2544,SULLIVANT AVE,,Columbus,OH,43204
2323,HARDESTY CT,,Columbus,OH,43204
1012,WILTSHIRE RD,,Columbus,OH,43204
3492,WILSON WOODS DR,E,Columbus,OH,43204
275,DEMOREST AVE,,Columbus,OH,43204
63,N BURGESS AVE,,Columbus,OH,43204
3365,PARKSIDE RD,,Columbus,OH,43204
3489,DERRER RUN DR,,Columbus,OH,43204
361,S TERRACE AVE,,Columbus,OH,43204
2463,MARBLEVISTA BLVD,,Columbus,OH,43204
3501,FREMONT RD,,Columbus,OH,43204
231,S HARRIS AVE,,Columbus,OH,43204
145,GUERNSEY AVE,,Columbus,OH,43204
3160,W MOUND ST,,Columbus,OH,43204
1036,BROOKS END CT,,Columbus,OH,43204
2022,LAKE SHORE DR,,Columbus,OH,43204
2447,W BROAD ST,UNIT 6,Columbus,OH,43204
2875,VANDERBERG AVE,,Columbus,OH,43204
47,BINNS BLVD,,Columbus,OH,43204
2989,LA VISTA DR,,Columbus,OH,43204
259,S SYLVAN AVE,,Columbus,OH,43204
29,ELDON AVE,,Columbus,OH,43204
46,S WESTGATE AVE,,Columbus,OH,43204
1102,WILTSHIRE RD,,Columbus,OH,43204
2982,PARKSIDE RD,,Columbus,OH,43204
1200,TREEHAVEN LN,,Columbus,OH,43204
3241,MAPLEWAY LN,,Columbus,OH,43204
678,LANCE CT,,Columbus,OH,43204
285,S RICHARDSON AVE,,Columbus,OH,43204
2574,SULLIVANT AVE,B,Columbus,OH,43204
3823,FARM BROOK LN,,Columbus,OH,43204
1412,LAKE SHORE DR,A,Columbus,OH,43204
1357,TRADE WINDS DR,APT 300,Columbus,OH,43204
1510,RUNAWAY BAY DR,CN 1B,Columbus,OH,43204
3733,GIBBSTONE DR,,Columbus,OH,43204
3141,TELHAM DR,,Columbus,OH,43204
2281,QUARRY VALLEY RD,,Columbus,OH,43204
155,S BURGESS AVE,,Columbus,OH,43204
95,N HALDY AVE,,Columbus,OH,43204
2835,ABBOTS COVE BLVD,,Columbus,OH,43204
138,S WHEATLAND AVE,,Columbus,OH,43204
4008,BUSINESS PARK DR,,Columbus,OH,43204
555,S ROYS AVE,UNIT,Columbus,OH,43204
3237,MCKINLEY AVE,34,Columbus,OH,43204
1811,SAN REMO DR,,Columbus,OH,43204
2898,LA VISTA DR,H,Columbus,OH,43204
3561,WILSON WOODS DR,B,Columbus,OH,43204
2422,W BROAD ST,,Columbus,OH,43204
46,S EUREKA AVE,,Columbus,OH,43204
180,N SYLVAN AVE,UNIT E,Columbus,OH,43204
911,MIRIAM DR W,,Columbus,OH,43204
683,RACINE AVE,,Columbus,OH,43204
31,S WHEATLAND AVE,,Columbus,OH,43204
2384 1/2,W BROAD ST,B,Columbus,OH,43204
150,S SOUTHAMPTON AVE,,Columbus,OH,43204
121,S HAGUE AVE,,Columbus,OH,43204
2750,ROSEDALE AVE,,Columbus,OH,43204
3458,FREMONT ST,,Columbus,OH,43204
3703,GRIMES DR,,Columbus,OH,43204
1335,TRADE WINDS DR,APT 201,Columbus,OH,43204
2480,VANDERBERG AVE,,Columbus,OH,43204
658,S HARRIS AVE,,Columbus,OH,43204
346,GUERNSEY AVE,,Columbus,OH,43204
3310,COLONY HILL LN,,Columbus,OH,43204
3140,SULLIVANT AVE,,Columbus,OH,43204
2722,VANDERBERG AVE,,Columbus,OH,43204
208,S WESTGATE AVE,,Columbus,OH,43204
1406,BAY SHORE DR,CN 3B,Columbus,OH,43204
731,S OGDEN AVE,,Columbus,OH,43204
3671,WEST HORIZONS,APT 201,Columbus,OH,43204
316,S RICHARDSON AVE,,Columbus,OH,43204
1148,RACINE AVE,,Columbus,OH,43204
69,S WESTMOOR AVE,,Columbus,OH,43204
255,S CHASE AVE,,Columbus,OH,43204
274,POWHATAN AVE,,Columbus,OH,43204
85,LETCHWORTH AVE,,Columbus,OH,43204
3237,MCKINLEY AVE,22,Columbus,OH,43204
660,POWHATAN AVE,,Columbus,OH,43204
441,S EUREKA AVE,,Columbus,OH,43204
3532,LINDENDALE DR,,Columbus,OH,43204
314,N HAGUE AVE,,Columbus,OH,43204
1020,WILTSHIRE RD,,Columbus,OH,43204
172,N ROYS AVE,,Columbus,OH,43204
3256,MARY AVE,,Columbus,OH,43204
54,N HARRIS AVE,,Columbus,OH,43204
3409,SOUTH BLVD,,Columbus,OH,43204
2400,HARRISON AVE,,Columbus,OH,43204
342,S HAGUE AVE,C,Columbus,OH,43204
721,S SYLVAN AVE,,Columbus,OH,43204
37,S HURON AVE,,Columbus,OH,43204
599,S HAGUE AVE,,Columbus,OH,43204
175,S SOUTHAMPTON AVE,,Columbus,OH,43204
133,S RICHARDSON AVE,,Columbus,OH,43204
295,S EUREKA AVE,,Columbus,OH,43204
778,S TERRACE AVE,,Columbus,OH,43204
315,S EUREKA AVE,,Columbus,OH,43204
744,HARRIS AVE,,Columbus,OH,43204
195,ELDON AVE,,Columbus,OH,43204
685,KINGSFORD RD,C1,Columbus,OH,43204
2939,ABBOTS COVE BLVD,,Columbus,OH,43204
2738,QUARRY LAKE DR,,Columbus,OH,43204
2954,LA VISTA DR,,Columbus,OH,43204
3177,STEPHEN DR S,,Columbus,OH,43204
3713,WINDWARD WAY,APT 307,Columbus,OH,43204
160,N SYLVAN AVE,UNIT 5,Columbus,OH,43204
1223,TREEHAVEN LN,,Columbus,OH,43204
1368,RUNAWAY BAY DR,CN 2A,Columbus,OH,43204
3713,WINDWARD WAY,APT 201,Columbus,OH,43204
436,S RICHARDSON AVE,,Columbus,OH,43204
325,S HAGUE AVE,,Columbus,OH,43204
1330,THACKER CT,UNIT H,Columbus,OH,43204
3295,SULLIVANT AVE,,Columbus,OH,43204
2914,ABBOTS COVE BLVD,,Columbus,OH,43204
569,BINNS BLVD,,Columbus,OH,43204
43,N ROYS AVE,,Columbus,OH,43204
1252,GLEN COVE WAY,,Columbus,OH,43204
2983,LA VISTA DR,,Columbus,OH,43204
528,S TERRACE AVE,,Columbus,OH,43204
36,S OAKLEY AVE,,Columbus,OH,43204
80,N HARRIS AVE,,Columbus,OH,43204
53 1/2,S WHEATLAND AVE,,Columbus,OH,43204
142,S HAGUE AVE,,Columbus,OH,43204
3007,SULLIVANT AVE,,Columbus,OH,43204
39,S RICHARDSON AVE,,Columbus,OH,43204
103,N HAGUE AVE,,Columbus,OH,43204
2674,EAKIN RD,,Columbus,OH,43204
206,S BURGESS AVE,,Columbus,OH,43204
135,N OAKLEY AVE,,Columbus,OH,43204
3499,SANITA CT,,Columbus,OH,43204
1454,CLIFF CT,B,Columbus,OH,43204
2749,ST JOSEPH AVE,,Columbus,OH,43204
3442,DERRER CT N,,Columbus,OH,43204
104,S WARREN AVE,,Columbus,OH,43204
363,DEMOREST AVE,,Columbus,OH,43204
3374,RUDON LN,,Columbus,OH,43204
3475,FREMONT AVE,,Columbus,OH,43204
191,S TERRACE AVE,,Columbus,OH,43204
3274,MAPLEWAY CT,,Columbus,OH,43204
2478,HARDESTY DR S,,Columbus,OH,43204
705,S OAKLEY AVE,,Columbus,OH,43204
77,N HURON AVE,A,Columbus,OH,43204
3852,CIDERMILL DR,,Columbus,OH,43204
204,S HARRIS AVE,,Columbus,OH,43204
741,S OGDEN AVE,,Columbus,OH,43204
130,N WILSON RD,,Columbus,OH,43204
454,S HARRIS AVE,,Columbus,OH,43204
635,BINNS BLVD,,Columbus,OH,43204
1431,RUNAWAY BAY DR,CN 3B,Columbus,OH,43204
1010,ANTHONY DR,,Columbus,OH,43204
3579,EDSON DR,,Columbus,OH,43204
99,DERRER HEIGHT LN,,Columbus,OH,43204
3711,INTERCHANGE RD,,Columbus,OH,43204
307,DEMOREST AVE,,Columbus,OH,43204
366,S HURON AVE,,Columbus,OH,43204
222,RANELLE DR,,Columbus,OH,43204
3579,INTERCHANGE RD,,Columbus,OH,43204
690,KINGSFORD RD,C,Columbus,OH,43204
111,BINNS BLVD,,Columbus,OH,43204
3203,VAUXHALL DR,,Columbus,OH,43204
327,LETCHWORTH AVE,,Columbus,OH,43204
1850,MARBLE CLIFF CROSSING CT,,Columbus,OH,43204
857,REGINA CT,A,Columbus,OH,43204
2575,MCKINLEY AVE,,Columbus,OH,43204
2400,RAY ST,,Columbus,OH,43204
2530,MARBLEVISTA BLVD,,Columbus,OH,43204
396,DERRER RD,,Columbus,OH,43204
338,S OAKLEY AVE,,Columbus,OH,43204
1423,ROYSTON DR,,Columbus,OH,43204
3468,STALLING CT,,Columbus,OH,43204
2892,ABBOT'S COVE BLVD,,Columbus,OH,43204
2722,MCKINLEY AVE,,Columbus,OH,43204
2734,WOODCROFT RD,,Columbus,OH,43204
861,S WAYNE AVE,,Columbus,OH,43204
33,N ROYS AVE,,Columbus,OH,43204
2610,MCKINLEY AVE,,Columbus,OH,43204
589,S TERRACE AVE,,Columbus,OH,43204
2730,GRACE ST,,Columbus,OH,43204
329,S WAYNE AVE,,Columbus,OH,43204
51,LETCHWORTH AVE,,Columbus,OH,43204
1322,RUNAWAY BAY DR,CN 1B,Columbus,OH,43204
3729,WINDWARD WAY,APT 203,Columbus,OH,43204
3694,GIBBSTONE DR,,Columbus,OH,43204
2702,QUARRY LAKE DR,,Columbus,OH,43204
666,DEMOREST RD,,Columbus,OH,43204
75,N EUREKA AVE,,Columbus,OH,43204
2981,WOODLOOP LN,,Columbus,OH,43204
3223,MCKINLEY AVE,,Columbus,OH,43204
1325,RIVIERA CT,,Columbus,OH,43204
1448,RUNAWAY BAY DR,CN 2A,Columbus,OH,43204
2735,SUTTON AVE,,Columbus,OH,43204
3271,MARY AVE,,Columbus,OH,43204
3048,CRESCENT DR,,Columbus,OH,43204
2333,MARBLEVISTA BLVD,,Columbus,OH,43204
145,N WAYNE AVE,,Columbus,OH,43204
3600,INTERCHANGE RD,,Columbus,OH,43204
534,S TERRACE AVE,,Columbus,OH,43204
210,S WAYNE AVE,,Columbus,OH,43204
360,S ROYS AVE,,Columbus,OH,43204
214,S WESTMOOR AVE,,Columbus,OH,43204
176,N WAYNE AVE,,Columbus,OH,43204
74,N WARREN AVE,,Columbus,OH,43204
3196,JOAN RD,,Columbus,OH,43204
3240,NATHAN CT,,Columbus,OH,43204
110,N POWELL AVE,,Columbus,OH,43204
1414,PEACH BLOSSOM CT,,Columbus,OH,43204
1321,LAKE SHORE DR,UNIT A,Columbus,OH,43204
930,S ROYS AVE,UNIT C,Columbus,OH,43204
3376,WICKLOW RD,,Columbus,OH,43204
280,POWELL CIR,UNIT B,Columbus,OH,43204
1371,TRADE WINDS DR,APT 304,Columbus,OH,43204
682,WESTBROOK CT,,Columbus,OH,43204
2303,QUARRY VALLEY RD,,Columbus,OH,43204
809,BINNS BLVD,,Columbus,OH,43204
914,S ROYS AVE,,Columbus,OH,43204
169,S OAKLEY AVE,,Columbus,OH,43204
1068,RACINE AVE,,Columbus,OH,43204
110,DERRER MEADOW LN,,Columbus,OH,43204
3375,STEPHEN DR S,,Columbus,OH,43204
3277,W BROAD ST,,Columbus,OH,43204
3795,INTERCHANGE RD,,Columbus,OH,43204
3495,SANITA CT,,Columbus,OH,43204
2434,W BROAD ST,,Columbus,OH,43204
705,BINNS BLVD,,Columbus,OH,43204
25,S BURGESS AVE,B,Columbus,OH,43204
805,S BURGESS AVE,,Columbus,OH,43204
208,N POWELL AVE,,Columbus,OH,43204
1241,RIEGELWOOD LN,,Columbus,OH,43204
192,S EUREKA AVE,,Columbus,OH,43204
2177,MCKINLEY AVE,,Columbus,OH,43204
2986,LA VISTA DR,,Columbus,OH,43204
954,SALISBURY RD,,Columbus,OH,43204
386,S WARREN AVE,,Columbus,OH,43204
3406,WILSON WOODS DR,H,Columbus,OH,43204
1201,LAKE SHORE DR,UNIT C,Columbus,OH,43204
591,SALISBURY RD,,Columbus,OH,43204
2628,WHITEHEAD RD,,Columbus,OH,43204
3571,INTERCHANGE RD,,Columbus,OH,43204
3081,SULLIVANT AVE,,Columbus,OH,43204
3524,FREMONT ST,,Columbus,OH,43204
358,S WHEATLAND AVE,,Columbus,OH,43204
3056,JERSEY DR,,Columbus,OH,43204
243,N HARRIS AVE,,Columbus,OH,43204
3560,WILSON WOODS DR,A,Columbus,OH,43204
1334,TELHAM CT,,Columbus,OH,43204
641,S RICHARDSON AVE,,Columbus,OH,43204
333,S OGDEN AVE,,Columbus,OH,43204
3428,WILSON WOODS DR,G,Columbus,OH,43204
375,S EUREKA AVE,,Columbus,OH,43204
610,S OGDEN AVE,,Columbus,OH,43204
309,S CHASE AVE,,Columbus,OH,43204
187,S WESTGATE AVE,,Columbus,OH,43204
132,N HURON AVE,,Columbus,OH,43204
693,S TERRACE AVE,,Columbus,OH,43204
2794,VANDERBERG AVE,,Columbus,OH,43204
3734,GIBBSTONE DR,,Columbus,OH,43204
2835,SULLIVANT AVE,,Columbus,OH,43204
592,CRESCENT RD,,Columbus,OH,43204
273,S RICHARDSON AVE,,Columbus,OH,43204
1242,EL TORO DR,,Columbus,OH,43204
1442,BAY SHORE DR,CN 1C,Columbus,OH,43204
789,STEPHEN DR W,,Columbus,OH,43204
266,S WESTGATE AVE,,Columbus,OH,43204
2921,ABBOT'S COVE BLVD,,Columbus,OH,43204
3612,GRAYBECK DR,,Columbus,OH,43204
996,S HARRIS AVE,,Columbus,OH,43204
2865,ABBOTS COVE BLVD,,Columbus,OH,43204
2421,QUARRY VALLEY RD,,Columbus,OH,43204
3298,SULLIVANT AVE,,Columbus,OH,43204
280,BINNS BLVD,,Columbus,OH,43204
220,S TERRACE AVE,,Columbus,OH,43204
186,N POWELL AVE,,Columbus,OH,43204
775,N WILSON RD,,Columbus,OH,43204
1516,RUNAWAY BAY DR,CN 2D,Columbus,OH,43204
1211,LAKE SHORE DR,,Columbus,OH,43204
500,S WESTGATE AVE,,Columbus,OH,43204
2441,MARBLEVISTA BLVD,,Columbus,OH,43204
3520,LINDENDALE DR,,Columbus,OH,43204
156,DERRER RD,,Columbus,OH,43204
2663,VANDERBERG AVE,,Columbus,OH,43204
494,S WARREN AVE,,Columbus,OH,43204
1143,ST CECELIA DR,,Columbus,OH,43204
2760,HAFTON RD,,Columbus,OH,43204
740,S HARRIS AVE,,Columbus,OH,43204
96,S EUREKA AVE,,Columbus,OH,43204
376,S BURGESS AVE,,Columbus,OH,43204
3211,VALLEY VIEW DR,,Columbus,OH,43204
1255,GLEN COVE WAY,,Columbus,OH,43204
616,ATHENS AVE,,Columbus,OH,43204
1443,RUNAWAY BAY DR,CN 1B,Columbus,OH,43204
334,S WHEATLAND AVE,,Columbus,OH,43204
2386,PLUM ST,,Columbus,OH,43204
692,CHESTERSHIRE RD,,Columbus,OH,43204
2886,LA VISTA DR,,Columbus,OH,43204
630,DERRER RD,,Columbus,OH,43204
1135,ABBOTS LAKE CT,,Columbus,OH,43204
719,DERRER RD,,Columbus,OH,43204
704,S OGDEN AVE,,Columbus,OH,43204
388,S POWELL AVE,,Columbus,OH,43204
2548,SPAATZ AVE,,Columbus,OH,43204
338,N BRINKER AVE,,Columbus,OH,43204
2817,BRIGGSTON AVE,,Columbus,OH,43204
760,GLADSTONE AVE,,Columbus,OH,43204
3496,LINDENDALE DR,,Columbus,OH,43204
176,S HARRIS AVE,,Columbus,OH,43204
585,BINNS BLVD,,Columbus,OH,43204
402,S RICHARDSON AVE,,Columbus,OH,43204
3713,WINDWARD WAY,APT 301,Columbus,OH,43204
3300,VASALBORO WAY,,Columbus,OH,43204
623,S OGDEN AVE,,Columbus,OH,43204
860,LINDENDALE CT,,Columbus,OH,43204
3309,STEPHEN DR S,,Columbus,OH,43204
488,TRADE RD,,Columbus,OH,43204
1564,RUNAWAY BAY DR,CN 1D,Columbus,OH,43204
2575,W BROAD ST,,Columbus,OH,43204
271,N OGDEN AVE,,Columbus,OH,43204
3332,MIRIAM DR S,,Columbus,OH,43204
3345,PARKSIDE RD,,Columbus,OH,43204
122,S WARREN AVE,,Columbus,OH,43204
3948,BASIA DR,,Columbus,OH,43204
2660,REGINA AVE,,Columbus,OH,43204
3491,SANITA CT,,Columbus,OH,43204
3165,SULLIVANT AVE,UNIT J,Columbus,OH,43204
26,N BRINKER AVE,,Columbus,OH,43204
703,WILTSHIRE RD,,Columbus,OH,43204
117,N HAGUE AVE,,Columbus,OH,43204
3647,WEST HORIZONS,APT 205,Columbus,OH,43204
3279,TRABUE RD,,Columbus,OH,43204
1345,HELMSDALE DR,,Columbus,OH,43204
45,N OGDEN AVE,,Columbus,OH,43204
175,S RICHARDSON AVE,,Columbus,OH,43204
3022,SULLIVANT AVE,,Columbus,OH,43204
3340,EAKIN RD,,Columbus,OH,43204
1167,TREEHAVEN LN,,Columbus,OH,43204
3261,VASALBORO WAY,,Columbus,OH,43204
3487,FREMONT RD,,Columbus,OH,43204
3546,WILSON WOODS DR,F,Columbus,OH,43204
513,S WARREN AVE,,Columbus,OH,43204
2551 1/2,QUARRY VALLEY RD,CATV,Columbus,OH,43204
405,S OAKLEY AVE,,Columbus,OH,43204
381,S BURGESS AVE,,Columbus,OH,43204
2849,BRIGGSTON AVE,,Columbus,OH,43204
858,VANDERBERG PL,,Columbus,OH,43204
2589,REGINA AVE,,Columbus,OH,43204
57,HALDY AVE,,Columbus,OH,43204
881,KINGSFORD RD,D,Columbus,OH,43204
3256,BRIGGS RD,,Columbus,OH,43204
105,S OAKLEY AVE,,Columbus,OH,43204
2755,EAKIN RD,M,Columbus,OH,43204
145,DEMOREST AVE,,Columbus,OH,43204
360,S OAKLEY AVE,,Columbus,OH,43204
1789,QUARRY VIEW,,Columbus,OH,43204
2936,FREMONT ST,,Columbus,OH,43204
287,S SOUTHAMPTON AVE,,Columbus,OH,43204
254,S SOUTHAMPTON AVE,,Columbus,OH,43204
180 1/2,S HARRIS AVE,,Columbus,OH,43204
2485,MARBLEVISTA BLVD,,Columbus,OH,43204
168,N WILSON RD,,Columbus,OH,43204
201,S OAKLEY AVE,,Columbus,OH,43204
3333,W BROAD ST,,Columbus,OH,43204
2406,HARDESTY DR S,,Columbus,OH,43204
1076,ST AGNES AVE,,Columbus,OH,43204
2791,MARBLEVISTA BLVD,,Columbus,OH,43204
569,N WILSON RD,,Columbus,OH,43204
3135,EL NINO DR,,Columbus,OH,43204
379,S TERRACE AVE,,Columbus,OH,43204
1381,S HAGUE AVE,,Columbus,OH,43204
591,S ROYS AVE,,Columbus,OH,43204
3580,EAKIN RD,,Columbus,OH,43204
211,N HAGUE AVE,,Columbus,OH,43204
1398,ROYSTON DR,,Columbus,OH,43204
2902,ABBOTS COVE BLVD,,Columbus,OH,43204
1373,EMELINE CT,,Columbus,OH,43204
398,N BRINKER AVE,,Columbus,OH,43204
322,S POWELL AVE,,Columbus,OH,43204
243,N WARREN AVE,,Columbus,OH,43204
914,WILTSHIRE RD,,Columbus,OH,43204
252,S WAYNE AVE,,Columbus,OH,43204
2984,WESTMOOR CT,,Columbus,OH,43204
650,WESTBROOK CT,,Columbus,OH,43204
112,N WARREN AVE,,Columbus,OH,43204
3134,SULLIVANT AVE,,Columbus,OH,43204
3436,DERRER CT N,,Columbus,OH,43204
34,N SYLVAN AVE,,Columbus,OH,43204
286,S CHASE AVE,A,Columbus,OH,43204
322,S WHEATLAND AVE,,Columbus,OH,43204
2375,HARDESTY DR N,,Columbus,OH,43204
3237,MCKINLEY AVE,55,Columbus,OH,43204
1528,RUNAWAY BAY DR,CN 1C,Columbus,OH,43204
2758,SCIOTO STATION DR,,Columbus,OH,43204
851,KINGSFORD RD,UNIT C,Columbus,OH,43204
2170,MCKINLEY AVE,,Columbus,OH,43204
397,S CHASE AVE,B,Columbus,OH,43204
1197,NATHAN DR,,Columbus,OH,43204
224,S RICHARDSON AVE,,Columbus,OH,43204
1306,LOWLAND CT,,Columbus,OH,43204
212,S HAGUE AVE,,Columbus,OH,43204
2384 1/2,W BROAD ST,A,Columbus,OH,43204
3528,LINDENDALE DR,,Columbus,OH,43204
330,S BURGESS AVE,,Columbus,OH,43204
115,N WHEATLAND AVE,,Columbus,OH,43204
835,S OGDEN AVE,,Columbus,OH,43204
3332,BRICHAR WAY,,Columbus,OH,43204
812,BRIXHAM RD,,Columbus,OH,43204
195,N WARREN AVE,,Columbus,OH,43204
155,S HARRIS AVE,,Columbus,OH,43204
584,TERRACE AVE,,Columbus,OH,43204
3545,EAKIN RD,,Columbus,OH,43204
452,S RICHARDSON AVE,,Columbus,OH,43204
1088,ABBOTS BLUFF CT,,Columbus,OH,43204
643,S ROYS AVE,,Columbus,OH,43204
1420,RUNAWAY BAY DR,CN 3B,Columbus,OH,43204
81,S TERRACE AVE,,Columbus,OH,43204
3886,POPLAR BEND DR,,Columbus,OH,43204
1650,ONGARO DR W,,Columbus,OH,43204
487,S OGDEN AVE,,Columbus,OH,43204
3514,N WILSON RD,,Columbus,OH,43204
39,S HARRIS AVE,,Columbus,OH,43204
2483,SPAATZ AVE,,Columbus,OH,43204
1218,LAKE SHORE DR,UNIT A,Columbus,OH,43204
1109,WILTSHIRE RD,,Columbus,OH,43204
998,RACINE AVE,,Columbus,OH,43204
106,N OGDEN AVE,,Columbus,OH,43204
1461,RUNAWAY BAY DR,CN 3C,Columbus,OH,43204
880,CHESTERSHIRE RD,,Columbus,OH,43204
2803,LA VISTA DR,,Columbus,OH,43204
128,N OAKLEY AVE,,Columbus,OH,43204
637,JOSEPHINE AVE,,Columbus,OH,43204
684,KYLE CT,,Columbus,OH,43204
755,BRIXHAM RD,,Columbus,OH,43204
3158,EL NINO DR,,Columbus,OH,43204
3033,SULLIVANT AVE,,Columbus,OH,43204
2566,REGINA AVE,,Columbus,OH,43204
1418,BAY SHORE DR,CN 1B,Columbus,OH,43204
3400,CAMP CHASE DR,,Columbus,OH,43204
1356,RUNAWAY BAY DR,CN 1B,Columbus,OH,43204
435,S POWELL AVE,,Columbus,OH,43204
682,S OGDEN AVE,,Columbus,OH,43204
615,S HAGUE AVE,,Columbus,OH,43204
929,BINNS BLVD,,Columbus,OH,43204
708,CHESTERSHIRE RD,,Columbus,OH,43204
3660,WEST HORIZONS,APT 307,Columbus,OH,43204
219,S EUREKA AVE,,Columbus,OH,43204
691,S WHEATLAND AVE,,Columbus,OH,43204
285,S BURGESS AVE,,Columbus,OH,43204
241,S RICHARDSON AVE,,Columbus,OH,43204
3237,MCKINLEY AVE,97,Columbus,OH,43204
203,S WESTGATE AVE,,Columbus,OH,43204
3561,WILSON WOODS DR,J,Columbus,OH,43204
2409,HARRISON RD,,Columbus,OH,43204
1357,TRADE WINDS DR,APT 104,Columbus,OH,43204
1094,HARDESTY PL W,,Columbus,OH,43204
734,S HAGUE AVE,,Columbus,OH,43204
63,N WESTMOOR AVE,,Columbus,OH,43204
3216,EL PASO DR,,Columbus,OH,43204
101,S SOUTHAMPTON AVE,,Columbus,OH,43204
674,S ROYS AVE,,Columbus,OH,43204
3510,WILSON WOODS DR,H,Columbus,OH,43204
1361,THACKER CT,,Columbus,OH,43204
146,N OGDEN AVE,,Columbus,OH,43204
806,MACLAM DR,,Columbus,OH,43204
3009,LA VISTA DR,,Columbus,OH,43204
2734,BERNADETTE RD,,Columbus,OH,43204
2958,SULLIVANT AVE,UNIT O,Columbus,OH,43204
455,S WESTGATE AVE,,Columbus,OH,43204
2435,EAKIN RD,,Columbus,OH,43204
2175,QUARRY VALLEY RD,,Columbus,OH,43204
99,N WHEATLAND AVE,UNIT B,Columbus,OH,43204
617,WILTSHIRE RD,,Columbus,OH,43204
3122,LA VISTA DR,,Columbus,OH,43204
798,S BRINKER AVE,,Columbus,OH,43204
2441,QUARRY VALLEY RD,,Columbus,OH,43204
850,N WILSON RD,,Columbus,OH,43204
324,N OGDEN AVE,,Columbus,OH,43204
123,LETCHWORTH AVE,,Columbus,OH,43204
38,N BURGESS AVE,,Columbus,OH,43204
3484,DERRER HOLLOW WAY,,Columbus,OH,43204
1032,HARDESTY PL W,,Columbus,OH,43204
1158,N HAGUE AVE,,Columbus,OH,43204
363,S POWELL AVE,A,Columbus,OH,43204
577,ATHENS AVE,,Columbus,OH,43204
165,N HAGUE AVE,,Columbus,OH,43204
1883,MAPLEWAY DR,,Columbus,OH,43204
3327,EAKIN RD,,Columbus,OH,43204
467,DEMOREST AVE,,Columbus,OH,43204
2619,SPAATZ AVE,,Columbus,OH,43204
1848,SAN REMO DR,,Columbus,OH,43204
366,S OGDEN AVE,,Columbus,OH,43204
2594,SULLIVANT AVE,,Columbus,OH,43204
30,S HAGUE AVE,,Columbus,OH,43204
684,S SYLVAN AVE,,Columbus,OH,43204
1788,MCKINLEY AVE,,Columbus,OH,43204
348,S SYLVAN AVE,,Columbus,OH,43204
397,S CHASE AVE,A,Columbus,OH,43204
482,S HARRIS AVE,,Columbus,OH,43204
557,S WAYNE AVE,,Columbus,OH,43204
365,POWHATAN AVE,,Columbus,OH,43204
656,S HAGUE AVE,,Columbus,OH,43204
365,S BURGESS AVE,,Columbus,OH,43204
2949,LA VISTA DR,,Columbus,OH,43204
725,POWHATAN AVE,,Columbus,OH,43204
1377,SUNFLOWER DR,,Columbus,OH,43204
1082,HARDESTY PL W,,Columbus,OH,43204
1117,WILTSHIRE RD,,Columbus,OH,43204
1207,LAKE SHORE DR,,Columbus,OH,43204
1350,RUNAWAY BAY DR,CN 1D,Columbus,OH,43204
3054,CORTONA RD,,Columbus,OH,43204
2785,MARBLEVISTA BLVD,,Columbus,OH,43204
3318,MIRIAM DR S,,Columbus,OH,43204
770,CHESTERSHIRE RD,,Columbus,OH,43204
1332,WESTSHIRE RD,,Columbus,OH,43204
243,S HAGUE AVE,,Columbus,OH,43204
1013,EUREKA AVE,,Columbus,OH,43204
886,SALISBURY RD,,Columbus,OH,43204
1836,QUARRY VIEW,,Columbus,OH,43204
1340,CHESFIELD DR E,,Columbus,OH,43204
165,S BRINKER AVE,,Columbus,OH,43204
294,S RICHARDSON AVE,,Columbus,OH,43204
1264,PINNACLE DR,,Columbus,OH,43204
35,S OGDEN AVE,,Columbus,OH,43204
3021,CRESCENT DR,,Columbus,OH,43204
845,N WILSON RD,,Columbus,OH,43204
899,RACINE AVE,,Columbus,OH,43204
180,ELDON AVE,,Columbus,OH,43204
843,BINNS BLVD,,Columbus,OH,43204
2662,SCHURTZ AVE,,Columbus,OH,43204
3252,COLONY HILL LN,,Columbus,OH,43204
662,S SYLVAN AVE,,Columbus,OH,43204
3510,WILKES CT,,Columbus,OH,43204
175,S WESTGATE AVE,,Columbus,OH,43204
494,JOSEPHINE AVE,,Columbus,OH,43204
1218,LAKE SHORE DR,,Columbus,OH,43204
1237,LAKE SHORE DR,,Columbus,OH,43204
3250,MAPLEWAY LN,,Columbus,OH,43204
3360,RUDON LN,,Columbus,OH,43204
445,S EUREKA AVE,,Columbus,OH,43204
3633,GRAYBECK DR,,Columbus,OH,43204
48 1/2,S OGDEN AVE,,Columbus,OH,43204
2814,W BROAD ST,,Columbus,OH,43204
93,N TERRACE AVE,,Columbus,OH,43204
2331,QUARRY VALLEY RD,,Columbus,OH,43204
891,KINGSFORD RD,,Columbus,OH,43204
28,N OAKLEY AVE,,Columbus,OH,43204
2934,DAISY LN,,Columbus,OH,43204
330,S CHASE AVE,,Columbus,OH,43204
2338,SCIOTO HARPER DR,,Columbus,OH,43204
2938,ABBOTS COVE BLVD,,Columbus,OH,43204
789,S EUREKA AVE,,Columbus,OH,43204
962,S HARRIS AVE,,Columbus,OH,43204
2551,SYMINGTON AVE,,Columbus,OH,43204
2971,CORTONA RD,,Columbus,OH,43204
3745,BUSINESS PARK DR,,Columbus,OH,43204
2958,SULLIVANT AVE,UNIT I,Columbus,OH,43204
439,JOSEPHINE AVE,,Columbus,OH,43204
736,KINGSFORD RD,,Columbus,OH,43204
1300,TREEHAVEN LN,,Columbus,OH,43204
3331,SOUTH BLVD,,Columbus,OH,43204
236,S BRINKER AVE,,Columbus,OH,43204
3240,MAPLEWAY LN,,Columbus,OH,43204
1371,TRADE WINDS DR,APT 100,Columbus,OH,43204
169,S ALGONQUIN AVE,,Columbus,OH,43204
1350,RUNAWAY BAY DR,CN 3B,Columbus,OH,43204
354,S OGDEN AVE,,Columbus,OH,43204
3864,CIDERMILL DR,,Columbus,OH,43204
3533,EDSON DR,,Columbus,OH,43204
84,S POWELL AVE,,Columbus,OH,43204
3392,STEPHEN DR S,,Columbus,OH,43204
1125,HARDESTY PL E,,Columbus,OH,43204
1146,ABBOTS LAKE CT,,Columbus,OH,43204
3300,RUDON LN,,Columbus,OH,43204
250,N HARRIS AVE,,Columbus,OH,43204
3923,BUSINESS PARK DR,,Columbus,OH,43204
918,BINNS BLVD,,Columbus,OH,43204
261,S CHASE AVE,B,Columbus,OH,43204
227,S HAGUE AVE,,Columbus,OH,43204
760,S BURGESS AVE,,Columbus,OH,43204
428,S POWELL AVE,,Columbus,OH,43204
402,S POWELL AVE,,Columbus,OH,43204
758,S BURGESS AVE,,Columbus,OH,43204
1283,TREEHAVEN LN,,Columbus,OH,43204
2977,W BROAD ST,,Columbus,OH,43204
105,N WARREN AVE,,Columbus,OH,43204
847,S EUREKA AVE,,Columbus,OH,43204
3384,BRICHAR WAY,,Columbus,OH,43204
3137,EAKIN RD,,Columbus,OH,43204
3671,WEST HORIZONS,APT 103,Columbus,OH,43204
2746,QUARRY LAKE DR,,Columbus,OH,43204
1118,WILTSHIRE RD,,Columbus,OH,43204
240,S BRINKER AVE,,Columbus,OH,43204
2369,KEEP PL,,Columbus,OH,43204
88,OREL AVE,,Columbus,OH,43204
3567,INTERCHANGE RD,,Columbus,OH,43204
151,S BURGESS AVE,,Columbus,OH,43204
1700,LAKE SHORE DR,,Columbus,OH,43204
1400,BAY SHORE DR,CN 1D,Columbus,OH,43204
835,S ROYS AVE,,Columbus,OH,43204
266,N OAKLEY AVE,,Columbus,OH,43204
1176,PINNACLE DR,,Columbus,OH,43204
3491,EAKIN RD,,Columbus,OH,43204
2844,ABBOTS COVE BLVD,,Columbus,OH,43204
3565,LINDENDALE DR,,Columbus,OH,43204
3201,ALBERTA ST,,Columbus,OH,43204
2712,EAKIN RD,,Columbus,OH,43204
269,S BRINKER AVE,,Columbus,OH,43204
2947,DAISY LN,,Columbus,OH,43204
473,S HURON AVE,,Columbus,OH,43204
2996,DAISY LN,,Columbus,OH,43204
2370,HARDESTY DR S,,Columbus,OH,43204
3131,MARY AVE,,Columbus,OH,43204
3405,EMELINE DR,,Columbus,OH,43204
23,S HURON AVE,,Columbus,OH,43204
159,S WESTMOOR AVE,,Columbus,OH,43204
127,N OGDEN AVE,,Columbus,OH,43204
3647,WEST HORIZONS,APT 200,Columbus,OH,43204
1065,RACINE AVE,,Columbus,OH,43204
187,N WESTMOOR AVE,,Columbus,OH,43204
563,DEXTER AVE,VRAD,Columbus,OH,43204
1336,RIVIERA CT,,Columbus,OH,43204
2933,VALLEY VIEW DR,,Columbus,OH,43204
3475,SULLIVANT AVE,,Columbus,OH,43204
2808,BRIGGS RD,,Columbus,OH,43204
2270,SCIOTO HARPER DR,,Columbus,OH,43204
998,S BRINKER AVE,,Columbus,OH,43204
632,S RICHARDSON AVE,,Columbus,OH,43204
1651,QUARRY TRACE,,Columbus,OH,43204
3007,LA VISTA DR,,Columbus,OH,43204
602,WILTSHIRE RD,,Columbus,OH,43204
106,S WARREN AVE,,Columbus,OH,43204
191,N WILSON RD,,Columbus,OH,43204
258 1/2,S BURGESS AVE,,Columbus,OH,43204
1020,SALISBURY RD,,Columbus,OH,43204
2696,SULLIVANT AVE,,Columbus,OH,43204
173,DEMOREST AVE,,Columbus,OH,43204
690,DEMOREST RD,,Columbus,OH,43204
3186,MIRIAM DR N,,Columbus,OH,43204
217,N CHASE AVE,,Columbus,OH,43204
510,S WARREN AVE,,Columbus,OH,43204
651,S HARRIS AVE,,Columbus,OH,43204
78,N SYLVAN AVE,E,Columbus,OH,43204
3319,RACE ST,,Columbus,OH,43204
43,N CHASE AVE,,Columbus,OH,43204
3713,WINDWARD WAY,APT 100,Columbus,OH,43204
3285,PARKSIDE RD,,Columbus,OH,43204
799,STEPHEN DR W,,Columbus,OH,43204
72,S WHEATLAND AVE,,Columbus,OH,43204
62,N WESTGATE AVE,,Columbus,OH,43204
124,S HAGUE AVE,,Columbus,OH,43204
433,S HURON AVE,B,Columbus,OH,43204
370,S OAKLEY AVE,,Columbus,OH,43204
366,S TERRACE AVE,,Columbus,OH,43204
1492,RUNAWAY BAY DR,CN 2C,Columbus,OH,43204
456,BINNS BLVD,,Columbus,OH,43204
76,N SYLVAN AVE,,Columbus,OH,43204
1382,WILD OATS DR,,Columbus,OH,43204
808,MARK PL,,Columbus,OH,43204
40,S RICHARDSON AVE,,Columbus,OH,43204
3220,WICKLOW RD,,Columbus,OH,43204
1400,LAKE SHORE DR,B,Columbus,OH,43204
630,N HAGUE AVE,,Columbus,OH,43204
3905,BUSINESS PARK DR,,Columbus,OH,43204
1780,LAKE SHORE DR,,Columbus,OH,43204
3171,EL GRECO DR,,Columbus,OH,43204
2718,CAROL AVE,,Columbus,OH,43204
2738,MARBLEVISTA BLVD,,Columbus,OH,43204
2895,SULLIVANT AVE,UNIT 1,Columbus,OH,43204
2621,EAKIN RD,,Columbus,OH,43204
285,S WARREN AVE,,Columbus,OH,43204
1019,WILTSHIRE RD,,Columbus,OH,43204
3547,SULLIVANT AVE,,Columbus,OH,43204
4007,SANDY RIDGE DR,,Columbus,OH,43204
3062,JERSEY DR,,Columbus,OH,43204
1090,BELLFLOWER AVE,,Columbus,OH,43204
646,JOSEPHINE AVE,,Columbus,OH,43204
1374,WILD OATS DR,,Columbus,OH,43204
1926,LAKE SHORE DR,,Columbus,OH,43204
324,N WARREN AVE,,Columbus,OH,43204
179,S OGDEN AVE,,Columbus,OH,43204
1078,ST JUDE AVE,,Columbus,OH,43204
53,S TERRACE AVE,,Columbus,OH,43204
3571,INTERCHANGE RD,,Columbus,OH,43204
3282,MAPLEWAY LN,,Columbus,OH,43204
93,N WAYNE AVE,,Columbus,OH,43204
1329,LAKE SHORE DR,,Columbus,OH,43204
3253,MCKINLEY AVE,,Columbus,OH,43204
236,RANELLE DR,,Columbus,OH,43204
1475,CLIFF CT,A,Columbus,OH,43204
1127,HARDESTY PL E,,Columbus,OH,43204
1331,LAKE SHORE DR,UNIT A,Columbus,OH,43204
568,N WILSON RD,,Columbus,OH,43204
154,N HAGUE AVE,,Columbus,OH,43204
3113,MARY AVE,,Columbus,OH,43204
3503,WESTWAY DR,,Columbus,OH,43204
3621,GRAYBECK DR,,Columbus,OH,43204
1736,QUARRY VIEW,,Columbus,OH,43204
57,ELDON AVE,,Columbus,OH,43204
2758,VANDERBERG AVE,,Columbus,OH,43204
2923,FREMONT ST,,Columbus,OH,43204
1006,HARDESTY PL W,,Columbus,OH,43204
1305,WINESAP DR,,Columbus,OH,43204
916,S ROYS AVE,,Columbus,OH,43204
1250,EL TORO DR,,Columbus,OH,43204
2499,FISHER RD,,Columbus,OH,43204
601,S WAYNE AVE,,Columbus,OH,43204
153,S WAYNE AVE,,Columbus,OH,43204
2788,OTTIS CT,UNIT E,Columbus,OH,43204
2503,VANDERBERG AVE,,Columbus,OH,43204
273,S CHASE AVE,,Columbus,OH,43204
4048,SANDY RIDGE DR,,Columbus,OH,43204
317,S WHEATLAND AVE,,Columbus,OH,43204
350,S WARREN AVE,,Columbus,OH,43204
879,BINNS BLVD,,Columbus,OH,43204
184,N HAGUE AVE,,Columbus,OH,43204
563,S TERRACE AVE,,Columbus,OH,43204
1128,ABBOTS BLUFF CT,,Columbus,OH,43204
1350,RUNAWAY BAY DR,CN 3C,Columbus,OH,43204
398,S EUREKA AVE,,Columbus,OH,43204
259,S OGDEN AVE,,Columbus,OH,43204
275,N OGDEN AVE,,Columbus,OH,43204
1375,HAFTON WOODS DR,,Columbus,OH,43204
2716,SULLIVANT AVE,,Columbus,OH,43204
2757,WOODCROFT RD,,Columbus,OH,43204
167,ELDON AVE,,Columbus,OH,43204
523,HARRIS AVE,,Columbus,OH,43204
868,BRIXHAM RD,,Columbus,OH,43204
733,S ROYS AVE,,Columbus,OH,43204
2663,PALMETTO ST,,Columbus,OH,43204
255,S POWELL AVE,UNIT A,Columbus,OH,43204
711,S TERRACE AVE,,Columbus,OH,43204
542,S EUREKA AVE,,Columbus,OH,43204
40,N OGDEN AVE,,Columbus,OH,43204
166,BINNS BLVD,,Columbus,OH,43204
462,S HURON AVE,,Columbus,OH,43204
1420,CRISFIELD DR,,Columbus,OH,43204
1360,BAJA LN,,Columbus,OH,43204
853,VANDERBERG PL,,Columbus,OH,43204
3497,SENATOR CT,,Columbus,OH,43204
683,S HARRIS AVE,,Columbus,OH,43204
168,N BURGESS AVE,,Columbus,OH,43204
1317,CATALINA CT,,Columbus,OH,43204
3507,TREVOR DR,,Columbus,OH,43204
48,N HARRIS AVE,,Columbus,OH,43204
3417,WILSON WOODS DR,J,Columbus,OH,43204
254,S TERRACE AVE,,Columbus,OH,43204
865,BINNS BLVD,,Columbus,OH,43204
3086,VALLEY VIEW DR,,Columbus,OH,43204
340,S ROYS AVE,,Columbus,OH,43204
675,S WAYNE AVE,,Columbus,OH,43204
202,N SOUTHAMPTON AVE,,Columbus,OH,43204
478,JOSEPHINE AVE,,Columbus,OH,43204
158,N BURGESS AVE,,Columbus,OH,43204
1215,TREEHAVEN LN,,Columbus,OH,43204
1785,LAKE SHORE DR,,Columbus,OH,43204
840,MARK PL,,Columbus,OH,43204
55,N HURON AVE,,Columbus,OH,43204
186,S OAKLEY AVE,,Columbus,OH,43204
773,S WARREN AVE,,Columbus,OH,43204
1813,SAN REMO DR,,Columbus,OH,43204
3245,SULLIVANT AVE,K,Columbus,OH,43204
1291,LOWLAND CT,,Columbus,OH,43204
420,S WAYNE AVE,,Columbus,OH,43204
771,KINGSFORD RD,,Columbus,OH,43204
3719,INTERCHANGE RD,,Columbus,OH,43204
417,S HAGUE AVE,,Columbus,OH,43204
98,LETCHWORTH AVE,,Columbus,OH,43204
830,CHESTERSHIRE RD,,Columbus,OH,43204
2870,BRIGGSTON AVE,,Columbus,OH,43204
2733,SCHURTZ AVE,,Columbus,OH,43204
323,BINNS BLVD,,Columbus,OH,43204
3443,DERRER RUN DR,,Columbus,OH,43204
385,S HAGUE AVE,,Columbus,OH,43204
220,DERRER RD,,Columbus,OH,43204
844,BINNS BLVD,,Columbus,OH,43204
1510,RUNAWAY BAY DR,CN 3B,Columbus,OH,43204
70,N HALDY AVE,,Columbus,OH,43204
1748,QUARRY VIEW,,Columbus,OH,43204
363,S WAYNE AVE,,Columbus,OH,43204
2584,SPAATZ AVE,,Columbus,OH,43204
415,S HURON AVE,,Columbus,OH,43204
87 1/2,N EUREKA AVE,,Columbus,OH,43204
3061,VALLEY VIEW DR,,Columbus,OH,43204
572,BINNS BLVD,,Columbus,OH,43204
835,BRIXHAM RD,,Columbus,OH,43204
210,S WAYNE AVE,UNIT D,Columbus,OH,43204
3412,NORTH BLVD,,Columbus,OH,43204
2740,SCIOTO STATION DR,,Columbus,OH,43204
413,INDUSTRY DR,,Columbus,OH,43204
610,SALISBURY RD,,Columbus,OH,43204
1407,LAKE SHORE DR,,Columbus,OH,43204
3026,WOODLOOP LN,,Columbus,OH,43204
1288,SOUTHWARK LN,,Columbus,OH,43204
217,N OAKLEY AVE,,Columbus,OH,43204
3411,EAKIN RD,,Columbus,OH,43204
465,BINNS BLVD,,Columbus,OH,43204
229,S WESTGATE AVE,,Columbus,OH,43204
731,KINGSFORD RD,,Columbus,OH,43204
1304,BELLFLOWER AVE,,Columbus,OH,43204
3400,TWIN CREEKS DR,,Columbus,OH,43204
3324,OAKDALE AVE,,Columbus,OH,43204
3845,FARM BROOK LN,,Columbus,OH,43204
1144,ST AGNES AVE,,Columbus,OH,43204
1324,LAKE SHORE DR,,Columbus,OH,43204
1430,CROSS CREEK DR,F,Columbus,OH,43204
142,S OGDEN AVE,,Columbus,OH,43204
3096,VALLEY VIEW DR,,Columbus,OH,43204
100,N WESTMOOR AVE,,Columbus,OH,43204
350,S HAGUE AVE,,Columbus,OH,43204
2663,ABBOTS LOOP CT,,Columbus,OH,43204
1138,ROMONA PL,,Columbus,OH,43204
454,S HURON AVE,,Columbus,OH,43204
782,S WAYNE AVE,,Columbus,OH,43204
3840,CIDERMILL DR,,Columbus,OH,43204
925,ANTHONY DR,,Columbus,OH,43204
27,N WESTMOOR AVE,,Columbus,OH,43204
1349,BELLFLOWER AVE,,Columbus,OH,43204
353,S WESTGATE AVE,,Columbus,OH,43204
40,S EUREKA AVE,,Columbus,OH,43204
2530,EAKIN RD,,Columbus,OH,43204
3061,VALLEY VIEW DR,9,Columbus,OH,43204
82,N OGDEN AVE,,Columbus,OH,43204
274,N WAYNE AVE,,Columbus,OH,43204
3298,COLONY HILL LN,,Columbus,OH,43204
313,S WAYNE AVE,,Columbus,OH,43204
163,S TERRACE AVE,,Columbus,OH,43204
294,N SOUTHAMPTON AVE,,Columbus,OH,43204
1261,LAKE SHORE DR,,Columbus,OH,43204
3511,EDSON DR,,Columbus,OH,43204
2500,SULLIVANT AVE,,Columbus,OH,43204
766,MACLAM DR,,Columbus,OH,43204
140,S POWELL AVE,,Columbus,OH,43204
316,S CHASE AVE,,Columbus,OH,43204
345,N SYLVAN AVE,,Columbus,OH,43204
299,S HARRIS AVE,,Columbus,OH,43204
1315,BROOKFOREST DR,,Columbus,OH,43204
540,S RICHARDSON AVE,,Columbus,OH,43204
3600,FERRELL PL,,Columbus,OH,43204
2455,QUARRY LAKE DR,,Columbus,OH,43204
219,N POWELL AVE,,Columbus,OH,43204
1797,QUARRY VIEW,,Columbus,OH,43204
2900,LA VISTA DR,G,Columbus,OH,43204
446,S HARRIS AVE,,Columbus,OH,43204
300,BINNS BLVD,,Columbus,OH,43204
1085,RACINE AVE,,Columbus,OH,43204
2576,KREBER AVE,,Columbus,OH,43204
3441,STALLING CT,,Columbus,OH,43204
83,S EUREKA AVE,,Columbus,OH,43204
899,S ROYS AVE,,Columbus,OH,43204
337,N BRINKER AVE,,Columbus,OH,43204
3066,W BROAD ST,,Columbus,OH,43204
1368,RUNAWAY BAY DR,CN 2C,Columbus,OH,43204
3548,LINDENDALE DR,,Columbus,OH,43204
258,S BURGESS AVE,,Columbus,OH,43204
634,N HAGUE AVE,,Columbus,OH,43204
3474,STALLING CT,,Columbus,OH,43204
72,S ALGONQUIN AVE,,Columbus,OH,43204
81,S BURGESS AVE,,Columbus,OH,43204
702,S HAGUE AVE,,Columbus,OH,43204
808,CHESTERSHIRE RD,,Columbus,OH,43204
2510,REGINA AVE,,Columbus,OH,43204
163,ELDON AVE,,Columbus,OH,43204
681,S OGDEN AVE,,Columbus,OH,43204
34,S ROYS AVE,,Columbus,OH,43204
1322,RUNAWAY BAY DR,CN 1D,Columbus,OH,43204
1461,RUNAWAY BAY DR,CN 1B,Columbus,OH,43204
427,DEMOREST AVE,,Columbus,OH,43204
2316,HARDESTY CT,,Columbus,OH,43204
669,JOSEPHINE AVE,,Columbus,OH,43204
900,RACINE AVE,,Columbus,OH,43204
162,S ROYS AVE,,Columbus,OH,43204
3530,EDSON DR,,Columbus,OH,43204
684,S EUREKA AVE,,Columbus,OH,43204
49,S RICHARDSON AVE,,Columbus,OH,43204
1297,WINESAP DR,,Columbus,OH,43204
840,S EUREKA AVE,,Columbus,OH,43204
611,S ROYS AVE,,Columbus,OH,43204
2695,ROSEDALE AVE,,Columbus,OH,43204
233,DERRER RD,,Columbus,OH,43204
455,N WESTMOOR AVE,,Columbus,OH,43204
1357,TRADE WINDS DR,APT 301,Columbus,OH,43204
677,S WHEATLAND AVE,,Columbus,OH,43204
745,RACINE AVE,,Columbus,OH,43204
933,RACINE AVE,,Columbus,OH,43204
1348,VAUXHALL PL,,Columbus,OH,43204
72,DERRER RD,,Columbus,OH,43204
402,S BURGESS AVE,,Columbus,OH,43204
1186,TREEHAVEN LN,,Columbus,OH,43204
227,N HARRIS AVE,,Columbus,OH,43204
2712,QUARRY LAKE DR,,Columbus,OH,43204
2755,EAKIN RD,Q,Columbus,OH,43204
1279,BELLFLOWER AVE,,Columbus,OH,43204
842,STEPHEN DR W,,Columbus,OH,43204
1316,RUNAWAY BAY DR,CN 3C,Columbus,OH,43204
641,N HAGUE AVE,,Columbus,OH,43204
2472,HARDESTY DR S,,Columbus,OH,43204
3671,WEST HORIZONS,APT 107,Columbus,OH,43204
1029,HARDESTY PL E,,Columbus,OH,43204
628,RACINE AVE,,Columbus,OH,43204
3237,MCKINLEY AVE,29,Columbus,OH,43204
401,DEMOREST AVE,,Columbus,OH,43204
284,S WARREN AVE,,Columbus,OH,43204
2871,DIBBLEE AVE,,Columbus,OH,43204
3200,VANDERBERG AVE,,Columbus,OH,43204
459,JOSEPHINE AVE,,Columbus,OH,43204
441,S TERRACE AVE,,Columbus,OH,43204
2659,EAKIN RD,,Columbus,OH,43204
1372,EMELINE CT,,Columbus,OH,43204
2742,WOODCROFT RD,,Columbus,OH,43204
141,S OGDEN AVE,,Columbus,OH,43204
1265,LAKE SHORE DR,UNIT A,Columbus,OH,43204
3567,WILSON WOODS DR,F,Columbus,OH,43204
84,S EUREKA AVE,,Columbus,OH,43204
1437,RUNAWAY BAY DR,CN 3A,Columbus,OH,43204
2866,W BROAD ST,,Columbus,OH,43204
65,S SYLVAN AVE,,Columbus,OH,43204
743,CHESTERSHIRE RD,,Columbus,OH,43204
2719,EAKIN RD,,Columbus,OH,43204
112,S EUREKA AVE,,Columbus,OH,43204
727,S HAGUE AVE,,Columbus,OH,43204
869,S RICHARDSON AVE,,Columbus,OH,43204
1405,LAKE SHORE DR,UNIT B,Columbus,OH,43204
269,ELDON AVE,,Columbus,OH,43204
3043,LA VISTA DR,,Columbus,OH,43204
86,N EUREKA AVE,,Columbus,OH,43204
1244,TREVOR CT,,Columbus,OH,43204
1062,WILTSHIRE RD,,Columbus,OH,43204
1240,DEMOREST RD,,Columbus,OH,43204
1400,CRISFIELD DR,,Columbus,OH,43204
1371,TRADE WINDS DR,APT 301,Columbus,OH,43204
3705,GIBBSTONE DR,,Columbus,OH,43204
22,S HARRIS AVE,,Columbus,OH,43204
96,N HURON AVE,,Columbus,OH,43204
988,SALISBURY RD,,Columbus,OH,43204
675,KINGSFORD RD,UNIT B4,Columbus,OH,43204
3626,TRABUE RD,,Columbus,OH,43204
1376,BRONWYN AVE,,Columbus,OH,43204
618,S HARRIS AVE,,Columbus,OH,43204
1293,LAKE SHORE DR,,Columbus,OH,43204
3037,PARKSIDE RD,,Columbus,OH,43204
421,S TERRACE AVE,,Columbus,OH,43204
1206,TREEHAVEN LN,,Columbus,OH,43204
1403,LAKE SHORE DR,,Columbus,OH,43204
2697,SULLIVANT AVE,,Columbus,OH,43204
3486,SENATOR CT,,Columbus,OH,43204
344,N SOUTHAMPTON AVE,,Columbus,OH,43204
357,S HAGUE AVE,,Columbus,OH,43204
220,N EUREKA AVE,,Columbus,OH,43204
2718,WOODCROFT RD,,Columbus,OH,43204
658,DERRER RD,,Columbus,OH,43204
92,DEMOREST AVE,,Columbus,OH,43204
43,S WESTMOOR AVE,,Columbus,OH,43204
3977,CLAYFORD DR,,Columbus,OH,43204
1412,LAKE SHORE DR,C,Columbus,OH,43204
1049,S EUREKA AVE,,Columbus,OH,43204
42,N WESTGATE AVE,D,Columbus,OH,43204
2741,VANDERBERG AVE,,Columbus,OH,43204
2814,CHESFIELD DR,,Columbus,OH,43204
743,RACINE AVE,,Columbus,OH,43204
2881,SULLIVANT AVE,,Columbus,OH,43204
160,BINNS BLVD,,Columbus,OH,43204
453,S EUREKA AVE,,Columbus,OH,43204
810,S ROYS AVE,,Columbus,OH,43204
784,S BURGESS AVE,,Columbus,OH,43204
3913,BUSINESS PARK DR,,Columbus,OH,43204
1194,ST CECELIA DR,,Columbus,OH,43204
314,N WILSON RD,UNIT 83A,Columbus,OH,43204
2438,STEELE AVE,,Columbus,OH,43204
1101,BRONWYN AVE,,Columbus,OH,43204
1009,RACINE AVE,,Columbus,OH,43204
182,S WESTMOOR AVE,,Columbus,OH,43204
438,S HAGUE AVE,,Columbus,OH,43204
1219,WARBLE DR,,Columbus,OH,43204
137,S WARREN AVE,,Columbus,OH,43204
3526,FREMONT ST,,Columbus,OH,43204
1246,WARBLE DR,,Columbus,OH,43204
768,S HAGUE AVE,,Columbus,OH,43204
3121,W BROAD ST,,Columbus,OH,43204
2682,EAKIN RD,,Columbus,OH,43204
1267,TREVOR CT,,Columbus,OH,43204
88,N ROYS AVE,,Columbus,OH,43204
330,S OGDEN AVE,,Columbus,OH,43204
1789,LAKE SHORE DR,,Columbus,OH,43204
3489,WICKLOW RD,,Columbus,OH,43204
907,WILTSHIRE RD,,Columbus,OH,43204
2871,FISHER RD,,Columbus,OH,43204
57,S TERRACE AVE,,Columbus,OH,43204
3204,EL GRECO DR,,Columbus,OH,43204
1049,WILTSHIRE RD,,Columbus,OH,43204
3144,VALLEY VIEW DR,,Columbus,OH,43204
793,S WAYNE AVE,,Columbus,OH,43204
1335,TRADE WINDS DR,APT 307,Columbus,OH,43204
768,GLADSTONE AVE,,Columbus,OH,43204
211,S WAYNE AVE,,Columbus,OH,43204
47,N HARRIS AVE,,Columbus,OH,43204
2380,W BROAD ST,,Columbus,OH,43204
576,S HAGUE AVE,,Columbus,OH,43204
3133,TELHAM DR,,Columbus,OH,43204
158,S HAGUE AVE,,Columbus,OH,43204
2920,VALLEY VIEW DR,,Columbus,OH,43204
255,FREMONT CT,,Columbus,OH,43204
288,S HAGUE AVE,,Columbus,OH,43204
1323,LAKE SHORE DR,B,Columbus,OH,43204
56,N BRINKER AVE,,Columbus,OH,43204
1312,RIVIERA CT,UNIT B,Columbus,OH,43204
3318,SULLIVANT AVE,,Columbus,OH,43204
38,S BURGESS AVE,,Columbus,OH,43204
477,S TERRACE AVE,,Columbus,OH,43204
832,MARK PL,,Columbus,OH,43204
95,S TERRACE AVE,,Columbus,OH,43204
70,S WARREN AVE,,Columbus,OH,43204
644,S OGDEN AVE,,Columbus,OH,43204
464,S TERRACE AVE,,Columbus,OH,43204
2881,FISHER RD,,Columbus,OH,43204
3205,COLONY VISTA LN,,Columbus,OH,43204
661,KINGSFORD RD,UNIT 1F,Columbus,OH,43204
3871,CIDERMILL DR,,Columbus,OH,43204
412,N BRINKER AVE,,Columbus,OH,43204
43,N WILSON RD,,Columbus,OH,43204
529,S EUREKA AVE,,Columbus,OH,43204
797,S TERRACE AVE,,Columbus,OH,43204
1769,LAKE SHORE DR,,Columbus,OH,43204
3237,MCKINLEY AVE,104,Columbus,OH,43204
2449,W BROAD ST,,Columbus,OH,43204
165,N HARRIS AVE,,Columbus,OH,43204
1211,PINNACLE DR,,Columbus,OH,43204
699,S SYLVAN AVE,,Columbus,OH,43204
804,S ROYS AVE,,Columbus,OH,43204
1335,HAFTON WOODS DR,,Columbus,OH,43204
904,SALISBURY RD,,Columbus,OH,43204
935,S BRINKER AVE,,Columbus,OH,43204
1840,SAN REMO DR,,Columbus,OH,43204
309,S HARRIS AVE,,Columbus,OH,43204
3410,WILSON WOODS DR,G,Columbus,OH,43204
121,DERRER MEADOW LN,,Columbus,OH,43204
139,DEMOREST AVE,,Columbus,OH,43204
31,S SYLVAN AVE,,Columbus,OH,43204
184,S OGDEN AVE,,Columbus,OH,43204
2991,CRESCENT DR,,Columbus,OH,43204
721,WILTSHIRE RD,,Columbus,OH,43204
3918,POPLAR BEND DR,,Columbus,OH,43204
3147,EL GRECO DR,,Columbus,OH,43204
3237,MCKINLEY AVE,10,Columbus,OH,43204
516,TRADE RD,,Columbus,OH,43204
1090,ABBOTS BLUFF CT,,Columbus,OH,43204
1360,LAKE SHORE DR,B,Columbus,OH,43204
239,FREMONT CT,,Columbus,OH,43204
426,S WHEATLAND AVE,,Columbus,OH,43204
1120,ABBOTS BLUFF CT,,Columbus,OH,43204
370,S CHASE AVE,,Columbus,OH,43204
134,S POWELL AVE,,Columbus,OH,43204
2963,CORTONA RD,,Columbus,OH,43204
61,S TERRACE AVE,,Columbus,OH,43204
243,N EUREKA AVE,,Columbus,OH,43204
212,S ROYS AVE,,Columbus,OH,43204
229,S WAYNE AVE,,Columbus,OH,43204
1160,EL CID CT,,Columbus,OH,43204
434,S CHASE AVE,,Columbus,OH,43204
649,JOSEPHINE AVE,,Columbus,OH,43204
74,N HARRIS AVE,,Columbus,OH,43204
1164,NATHAN DR,,Columbus,OH,43204
882,WILTSHIRE RD,,Columbus,OH,43204
3449,DERRER RUN DR,,Columbus,OH,43204
86,N HARRIS AVE,,Columbus,OH,43204
500,S WESTGATE AVE,A,Columbus,OH,43204
3336,RIEGELWOOD CT,,Columbus,OH,43204
233,DEMOREST AVE,,Columbus,OH,43204
300,S OAKLEY AVE,,Columbus,OH,43204
2057,BUILDERS PL,,Columbus,OH,43204
2654,EAKIN RD,,Columbus,OH,43204
1420,RUNAWAY BAY DR,CN 1A,Columbus,OH,43204
1013,BROOKS END CT,,Columbus,OH,43204
191,N ROYS AVE,,Columbus,OH,43204
809,S TERRACE AVE,,Columbus,OH,43204
3943,FARM BROOK LN,,Columbus,OH,43204
33,N POWELL AVE,,Columbus,OH,43204
4028,BUSINESS PARK DR,,Columbus,OH,43204
2590,SPAATZ AVE,,Columbus,OH,43204
31,S OGDEN AVE,,Columbus,OH,43204
2618,QUARRY LAKE DR,,Columbus,OH,43204
3071,LA VISTA DR,,Columbus,OH,43204
1455,RUNAWAY BAY DR,CN 1B,Columbus,OH,43204
1308,PINNACLE DR,,Columbus,OH,43204
1511,RUNAWAY BAY DR,CN 1A,Columbus,OH,43204
2473,MARBLEVISTA BLVD,,Columbus,OH,43204
2773,MARBLEVISTA BLVD,,Columbus,OH,43204
3244,MAPLEWAY LN,,Columbus,OH,43204
635,S SYLVAN AVE,,Columbus,OH,43204
2872,LA VISTA DR,,Columbus,OH,43204
1151,ST AGNES AVE,,Columbus,OH,43204
702,S TERRACE AVE,,Columbus,OH,43204
3344,STEPHEN DR S,,Columbus,OH,43204
3621,EDSON DR,,Columbus,OH,43204
702,KAREN CT,,Columbus,OH,43204
2030,LAKE SHORE DR,,Columbus,OH,43204
326,S ALGONQUIN AVE,,Columbus,OH,43204
3484,WILSON WOODS DR,L,Columbus,OH,43204
31,N BRINKER AVE,,Columbus,OH,43204
2970,SULLIVANT AVE,,Columbus,OH,43204
1188,PINNACLE DR,,Columbus,OH,43204
2651,MARBLEVISTA BLVD,,Columbus,OH,43204
4012,SANDY RIDGE DR,,Columbus,OH,43204
1410,BROOKFOREST DR,,Columbus,OH,43204
1897,MAPLEWAY DR,,Columbus,OH,43204
455,S OAKLEY AVE,,Columbus,OH,43204
397,S TERRACE AVE,,Columbus,OH,43204
243,S OAKLEY AVE,,Columbus,OH,43204
257,N OAKLEY AVE,,Columbus,OH,43204
298,S RICHARDSON AVE,,Columbus,OH,43204
637,S HAGUE AVE,,Columbus,OH,43204
146,DERRER RD,,Columbus,OH,43204
2532,W BROAD ST,,Columbus,OH,43204
478,S RICHARDSON AVE,,Columbus,OH,43204
1350,RUNAWAY BAY DR,CN 3A,Columbus,OH,43204
1148,S HARRIS AVE,,Columbus,OH,43204
208,S SYLVAN AVE,,Columbus,OH,43204
160,S HURON AVE,,Columbus,OH,43204
2628,MARBLEVISTA BLVD,,Columbus,OH,43204
434,S CHASE AVE,B,Columbus,OH,43204
300,S ALGONQUIN AVE,,Columbus,OH,43204
334,S HARRIS AVE,,Columbus,OH,43204
1357,TRADE WINDS DR,APT 206,Columbus,OH,43204
1387,TALCOTT CT,,Columbus,OH,43204
457,S OAKLEY AVE,,Columbus,OH,43204
291,S OAKLEY AVE,,Columbus,OH,43204
61,S EUREKA AVE,,Columbus,OH,43204
787,BRIXHAM RD,,Columbus,OH,43204
3153,VALLEY VIEW DR,,Columbus,OH,43204
794,S ROYS AVE,,Columbus,OH,43204
3529,EAKIN RD,,Columbus,OH,43204
458,S WARREN AVE,,Columbus,OH,43204
1400,BELLFLOWER AVE,,Columbus,OH,43204
119,N EUREKA AVE,,Columbus,OH,43204
56,N HALDY AVE,,Columbus,OH,43204
1405,LAKE SHORE DR,,Columbus,OH,43204
61,S HARRIS AVE,,Columbus,OH,43204
266,S HARRIS AVE,,Columbus,OH,43204
1323,LAKE SHORE DR,A,Columbus,OH,43204
322,S EUREKA AVE,,Columbus,OH,43204
33,N EUREKA AVE,,Columbus,OH,43204
1016,HARDESTY PL W,,Columbus,OH,43204
473,S TERRACE AVE,,Columbus,OH,43204
2373,KEEP PL,,Columbus,OH,43204
3288,MAPLEWAY LN,,Columbus,OH,43204
868,SALISBURY RD,,Columbus,OH,43204
75,N HALDY AVE,,Columbus,OH,43204
456,S EUREKA AVE,,Columbus,OH,43204
281,N OGDEN AVE,,Columbus,OH,43204
3394,NORTH BLVD,,Columbus,OH,43204
155,N HARRIS AVE,,Columbus,OH,43204
194,N HURON AVE,B,Columbus,OH,43204
627,S HAGUE AVE,,Columbus,OH,43204
3108,VALLEY VIEW DR,,Columbus,OH,43204
144,S BRINKER AVE,,Columbus,OH,43204
2371,MARBLEVISTA BLVD,,Columbus,OH,43204
3237,MCKINLEY AVE,92,Columbus,OH,43204
2641,MARBLEVISTA BLVD,,Columbus,OH,43204
2794,SCIOTO STATION DR,,Columbus,OH,43204
2832,LONGFIELD RD,,Columbus,OH,43204
112,S WARREN AVE,,Columbus,OH,43204
105,N WHEATLAND AVE,,Columbus,OH,43204
3470,STALLING CT,,Columbus,OH,43204
37,N HALDY AVE,,Columbus,OH,43204
582,CRESCENT RD,,Columbus,OH,43204
2708,SCIOTO STATION DR,,Columbus,OH,43204
321,S WHEATLAND AVE,,Columbus,OH,43204
2836,FREMONT ST,,Columbus,OH,43204
3111,ELLIS PL,,Columbus,OH,43204
811,S HAGUE AVE,,Columbus,OH,43204
143,S WESTMOOR AVE,,Columbus,OH,43204
62,S HARRIS AVE,,Columbus,OH,43204
471,S TERRACE AVE,,Columbus,OH,43204
720,S TERRACE AVE,,Columbus,OH,43204
325,ELDON AVE,,Columbus,OH,43204
272,S TERRACE AVE,,Columbus,OH,43204
343,S HAGUE AVE,,Columbus,OH,43204
3000,CORTONA RD,,Columbus,OH,43204
2874,LA VISTA DR,,Columbus,OH,43204
759,S TERRACE AVE,,Columbus,OH,43204
487,S BURGESS AVE,,Columbus,OH,43204
277,S BURGESS AVE,,Columbus,OH,43204
3434,BRIGGS RD,,Columbus,OH,43204
224,ELDON AVE,,Columbus,OH,43204
2964,WICKLOW RD,,Columbus,OH,43204
242,N BURGESS AVE,,Columbus,OH,43204
155,S BRINKER AVE,,Columbus,OH,43204
60,S POWELL AVE,,Columbus,OH,43204
607,S WARREN AVE,,Columbus,OH,43204
3729,GIBBSTONE DR,,Columbus,OH,43204
794,S RICHARDSON AVE,,Columbus,OH,43204
961,S ROYS AVE,,Columbus,OH,43204
232,N TERRACE AVE,,Columbus,OH,43204
438,S RICHARDSON AVE,,Columbus,OH,43204
3648,DRAGONFLY DR,,Columbus,OH,43204
1127,RACINE AVE,,Columbus,OH,43204
911,KINGSFORD RD,D,Columbus,OH,43204
789,S WARREN AVE,,Columbus,OH,43204
3729,WINDWARD WAY,APT 206,Columbus,OH,43204
484,DERRER RD,,Columbus,OH,43204
951,RACINE AVE,,Columbus,OH,43204
3073,W BROAD ST,,Columbus,OH,43204
3518,SENATOR CT,,Columbus,OH,43204
180,N SYLVAN AVE,UNIT J,Columbus,OH,43204
723,S TERRACE AVE,,Columbus,OH,43204
3729,WINDWARD WAY,APT 201,Columbus,OH,43204
1312,RIVIERA CT,UNIT E,Columbus,OH,43204
3414,SULLIVANT AVE,,Columbus,OH,43204
159,S WARREN AVE,,Columbus,OH,43204
744,S WAYNE AVE,,Columbus,OH,43204
694,S WARREN AVE,,Columbus,OH,43204
3336,PARKSLEY CT,,Columbus,OH,43204
486,WESTMOOR PL,,Columbus,OH,43204
2518,SYMINGTON AVE,,Columbus,OH,43204
1461,RUNAWAY BAY DR,CN 1D,Columbus,OH,43204
199,N WHEATLAND AVE,,Columbus,OH,43204
110,N WILSON RD,,Columbus,OH,43204
1319,LAKE SHORE DR,UNIT B,Columbus,OH,43204
73,S HAGUE AVE,,Columbus,OH,43204
193,S WARREN AVE,,Columbus,OH,43204
3006,WICKLOW RD,,Columbus,OH,43204
40,N WESTMOOR AVE,,Columbus,OH,43204
717,S EUREKA AVE,,Columbus,OH,43204
318,S WHEATLAND AVE,,Columbus,OH,43204
1088,S HARRIS AVE,,Columbus,OH,43204
2824,FISHER RD,B,Columbus,OH,43204
2732,VANDERBERG AVE,,Columbus,OH,43204
2596,SULLIVANT AVE,,Columbus,OH,43204
351,S WARREN AVE,,Columbus,OH,43204
2819,SULLIVANT AVE,,Columbus,OH,43204
1075,HARDESTY PL E,,Columbus,OH,43204
189,N BURGESS AVE,,Columbus,OH,43204
743,N WILSON RD,,Columbus,OH,43204
2751,REGINA AVE,,Columbus,OH,43204
293,N BURGESS AVE,,Columbus,OH,43204
3456,FREMONT ST,,Columbus,OH,43204
2391,APPLE ST,,Columbus,OH,43204
145,S WARREN AVE,,Columbus,OH,43204
2013,LAKE SHORE DR,,Columbus,OH,43204
4243,TRABUE RD,,Columbus,OH,43204
2997,LA VISTA DR,,Columbus,OH,43204
3540,SULLIVANT AVE,,Columbus,OH,43204
1331,WESTSHIRE RD,,Columbus,OH,43204
2562,KREBER AVE,,Columbus,OH,43204
940,S HARRIS AVE,,Columbus,OH,43204
157,N SYLVAN AVE,,Columbus,OH,43204
1400,LAKE SHORE DR,,Columbus,OH,43204
1414,RUNAWAY BAY DR,CN 1A,Columbus,OH,43204
440,S WARREN AVE,,Columbus,OH,43204
3046,STEELE AVE,,Columbus,OH,43204
1135,BRONWYN AVE,,Columbus,OH,43204
2568,MARBLEVISTA BLVD,,Columbus,OH,43204
2994,FREMONT ST,,Columbus,OH,43204
2850,LA VISTA DR,,Columbus,OH,43204
154,DEMOREST AVE,,Columbus,OH,43204
2534,SYMINGTON AVE,,Columbus,OH,43204
145,N CHASE AVE,,Columbus,OH,43204
3131,W BROAD ST,,Columbus,OH,43204
211,N WARREN AVE,,Columbus,OH,43204
555,S EUREKA AVE,,Columbus,OH,43204
1259,LAKE SHORE DR,,Columbus,OH,43204
1865,LAKE SHORE DR,,Columbus,OH,43204
1406,SUNFLOWER DR,,Columbus,OH,43204
1143,ABBOTS LAKE CT,,Columbus,OH,43204
611,N HAGUE AVE,,Columbus,OH,43204
978,S EUREKA AVE,,Columbus,OH,43204
2613,MARBLEVISTA BLVD,,Columbus,OH,43204
3857,FARM BROOK LN,,Columbus,OH,43204
3357,ONSLOW CT,,Columbus,OH,43204
55,S WAYNE AVE,,Columbus,OH,43204
3533,SANITA CT,,Columbus,OH,43204
149,BINNS BLVD,,Columbus,OH,43204
402,S HARRIS AVE,,Columbus,OH,43204
857,LINDENDALE CT,,Columbus,OH,43204
1402,LAKE SHORE DR,,Columbus,OH,43204
341,S SYLVAN AVE,,Columbus,OH,43204
66,POWHATAN AVE,,Columbus,OH,43204
1218,TREEHAVEN LN,,Columbus,OH,43204
46,S HAGUE AVE,,Columbus,OH,43204
304,S OAKLEY AVE,,Columbus,OH,43204
1686,QUARRY TRACE,,Columbus,OH,43204
178,S ROYS AVE,,Columbus,OH,43204
1319,LAKE SHORE DR,,Columbus,OH,43204
42,S HURON AVE,,Columbus,OH,43204
679,S ROYS AVE,,Columbus,OH,43204
3027,CORTONA RD,,Columbus,OH,43204
1328,LAKE SHORE DR,,Columbus,OH,43204
27,N HURON AVE,,Columbus,OH,43204
1371,TRADE WINDS DR,APT 303,Columbus,OH,43204
483,S RICHARDSON AVE,,Columbus,OH,43204
2215,QUARRY VALLEY RD,,Columbus,OH,43204
349,S OAKLEY AVE,,Columbus,OH,43204
1282,WOODCROFT RD E,,Columbus,OH,43204
3259,VALLEY VIEW DR,,Columbus,OH,43204
307,S SOUTHAMPTON AVE,,Columbus,OH,43204
3161,SULLIVANT AVE,,Columbus,OH,43204
675,S HAGUE AVE,,Columbus,OH,43204
1873,LAKE SHORE DR,,Columbus,OH,43204
2866,DIBBLEE AVE,,Columbus,OH,43204
2804,FISHER RD,,Columbus,OH,43204
298,S CHASE AVE,B,Columbus,OH,43204
1034,RACINE AVE,,Columbus,OH,43204
3501,WILSON WOODS DR,,Columbus,OH,43204
2378,HARDESTY DR S,,Columbus,OH,43204
619,LANCE CT,,Columbus,OH,43204
3505,SENATOR CT,,Columbus,OH,43204
392,S HAGUE AVE,,Columbus,OH,43204
666,S HAGUE AVE,,Columbus,OH,43204
1334,WILD OATS DR,,Columbus,OH,43204
763,S OGDEN AVE,,Columbus,OH,43204
2334,HARDESTY CT,,Columbus,OH,43204
2618,MARBLEVISTA BLVD,,Columbus,OH,43204
2487,QUARRY VALLEY RD,,Columbus,OH,43204
2674,BERNADETTE RD,,Columbus,OH,43204
95,S HAGUE AVE,REAR,Columbus,OH,43204
100,S WESTGATE AVE,,Columbus,OH,43204
3279,MARY AVE,,Columbus,OH,43204
951,WILTSHIRE RD,,Columbus,OH,43204
230,S WESTGATE AVE,,Columbus,OH,43204
2736,SCIOTO STATION DR,,Columbus,OH,43204
629,S WARREN AVE,,Columbus,OH,43204
952,DEMOREST RD,,Columbus,OH,43204
1809,QUARRY VIEW,,Columbus,OH,43204
706,S RICHARDSON AVE,,Columbus,OH,43204
2747,MARBLEVISTA BLVD,,Columbus,OH,43204
326,N BRINKER AVE,,Columbus,OH,43204
452,S OGDEN AVE,,Columbus,OH,43204
164,S EUREKA AVE,,Columbus,OH,43204
240,N HARRIS AVE,,Columbus,OH,43204
3071,JERSEY DR,,Columbus,OH,43204
1371,TRADE WINDS DR,APT 206,Columbus,OH,43204
3165,SULLIVANT AVE,,Columbus,OH,43204
637,S WHEATLAND AVE,,Columbus,OH,43204
598,S RICHARDSON AVE,,Columbus,OH,43204
155,POWHATAN AVE,,Columbus,OH,43204
156,S SYLVAN AVE,,Columbus,OH,43204
2432,SULLIVANT AVE,,Columbus,OH,43204
75,N HAGUE AVE,,Columbus,OH,43204
153,N TERRACE AVE,,Columbus,OH,43204
110,POWHATAN AVE,,Columbus,OH,43204
44,N SYLVAN AVE,,Columbus,OH,43204
696,KYLE CT,,Columbus,OH,43204
3693,GIBBSTONE DR,,Columbus,OH,43204
3901,BUSINESS PARK DR,,Columbus,OH,43204
3512,DERRER HILL DR,,Columbus,OH,43204
685,KINGSFORD RD,A3,Columbus,OH,43204
1365,S HAGUE AVE,,Columbus,OH,43204
2675,W BROAD ST,,Columbus,OH,43204
2892,LONGFIELD RD,,Columbus,OH,43204
2718,ST PATRICK RD,,Columbus,OH,43204
3546,LINDENDALE DR,,Columbus,OH,43204
3961,DEER LAKE WAY,,Columbus,OH,43204
810,SALISBURY RD,,Columbus,OH,43204
3494,LINDENDALE DR,,Columbus,OH,43204
3040,WOODLOOP LN,,Columbus,OH,43204
251,S ROYS AVE,,Columbus,OH,43204
2387,HARDESTY CT,,Columbus,OH,43204
2853,SULLIVANT AVE,,Columbus,OH,43204
162,LETCHWORTH AVE,,Columbus,OH,43204
102,S HAGUE AVE,,Columbus,OH,43204
3327,ONSLOW CT,,Columbus,OH,43204
1070,HARDESTY PL W,,Columbus,OH,43204
2933,ABBOTS COVE BLVD,,Columbus,OH,43204
2589,MARBLEVISTA BLVD,,Columbus,OH,43204
3114,ELLIS PL,,Columbus,OH,43204
251,S WHEATLAND AVE,,Columbus,OH,43204
123,N EUREKA AVE,,Columbus,OH,43204
1439,CLIFF CT,B,Columbus,OH,43204
1207,LAKE SHORE DR,UNIT A,Columbus,OH,43204
3190,BRIGGS RD,,Columbus,OH,43204
3585,INTERCHANGE RD,,Columbus,OH,43204
66,S OGDEN AVE,B,Columbus,OH,43204
255,S WESTMOOR AVE,,Columbus,OH,43204
3478,STALLING CT,,Columbus,OH,43204
515,S HARRIS AVE,,Columbus,OH,43204
1130,S HARRIS AVE,,Columbus,OH,43204
2995,CORTONA RD,,Columbus,OH,43204
3274,COLONY HILL LN,,Columbus,OH,43204
1659,QUARRY TRACE,,Columbus,OH,43204
1119,ST MATTHEW AVE,,Columbus,OH,43204
3122,SULLIVANT AVE,,Columbus,OH,43204
854,REGINA CT,A,Columbus,OH,43204
1340,CASCADE CT,,Columbus,OH,43204
283,S TERRACE AVE,,Columbus,OH,43204
476,S OGDEN AVE,,Columbus,OH,43204
1445,PEACH TREE CT,,Columbus,OH,43204
3235,EAKIN RD,,Columbus,OH,43204
3138,MARY AVE,,Columbus,OH,43204
3517,SANITA CT,,Columbus,OH,43204
585,SALISBURY RD,,Columbus,OH,43204
248,S EUREKA AVE,,Columbus,OH,43204
3186,BOWDOIN CIR,,Columbus,OH,43204
3268,WHITEHEAD RD,,Columbus,OH,43204
688,S HAGUE AVE,,Columbus,OH,43204
260,POWHATAN AVE,,Columbus,OH,43204
317,POWHATAN AVE,,Columbus,OH,43204
3357,EAKIN RD,,Columbus,OH,43204
1558,RUNAWAY BAY DR,CN 3B,Columbus,OH,43204
1322,RUNAWAY BAY DR,CN 2A,Columbus,OH,43204
759,S EUREKA AVE,,Columbus,OH,43204
45,N WILSON RD,,Columbus,OH,43204
2886,ABBOTS COVE BLVD,,Columbus,OH,43204
180,N POWELL AVE,,Columbus,OH,43204
760,S HARRIS AVE,,Columbus,OH,43204
1452,CLIFF CT,C,Columbus,OH,43204
207,S WARREN AVE,,Columbus,OH,43204
1854,SAN REMO DR,,Columbus,OH,43204
3667,FOSSIL DR,,Columbus,OH,43204
844,BRIXHAM RD,,Columbus,OH,43204
1303,LAKE SHORE DR,UNIT B,Columbus,OH,43204
70,S POWELL AVE,,Columbus,OH,43204
317,N BURGESS AVE,,Columbus,OH,43204
2690,MARBLEVISTA BLVD,,Columbus,OH,43204
338,S OGDEN AVE,,Columbus,OH,43204
3723,GRIMES DR,,Columbus,OH,43204
142,LETCHWORTH AVE,,Columbus,OH,43204
3051,JERSEY DR,,Columbus,OH,43204
111,N ROYS AVE,,Columbus,OH,43204
463,S HAGUE AVE,,Columbus,OH,43204
2710,QUARRY LAKE DR,,Columbus,OH,43204
2371 1/2,SULLIVANT AVE,,Columbus,OH,43204
155,S TERRACE AVE,,Columbus,OH,43204
272,S POWELL AVE,,Columbus,OH,43204
3232,TELHAM DR,,Columbus,OH,43204
1439,BAY SHORE DR,,Columbus,OH,43204
1443,RUNAWAY BAY DR,CN 3B,Columbus,OH,43204
2461,QUARRY LAKE DR,,Columbus,OH,43204
608,WILTSHIRE RD,,Columbus,OH,43204
1116,PARMA AVE,,Columbus,OH,43204
836,S EUREKA AVE,,Columbus,OH,43204
1374,RUNAWAY BAY DR,CN 1C,Columbus,OH,43204
2530,VANDERBERG AVE,,Columbus,OH,43204
1443,RUNAWAY BAY DR,,Columbus,OH,43204
636,WESTBROOK CT,,Columbus,OH,43204
163,N OAKLEY AVE,,Columbus,OH,43204
658,JOYFUL ST,,Columbus,OH,43204
45,N HAGUE AVE,,Columbus,OH,43204
1467,LAKE SHORE DR,B,Columbus,OH,43204
161,N WHEATLAND AVE,,Columbus,OH,43204
199,N HAGUE AVE,,Columbus,OH,43204
1335,TRADE WINDS DR,APT 101,Columbus,OH,43204
1034,WILTSHIRE RD,,Columbus,OH,43204
2410,QUARRY LAKE DR,,Columbus,OH,43204
3277,STEPHEN DR S,,Columbus,OH,43204
626,S WESTGATE AVE,,Columbus,OH,43204
975,CHESTERSHIRE RD,,Columbus,OH,43204
206,ELDON AVE,,Columbus,OH,43204
3570,TWIN CREEKS DR,,Columbus,OH,43204
1149,ONSLOW DR,,Columbus,OH,43204
2957,CORTONA RD,,Columbus,OH,43204
1335,TRADE WINDS DR,APT 202,Columbus,OH,43204
2706,VIDA PL,,Columbus,OH,43204
127,DERRER MEADOW LN,,Columbus,OH,43204
2755,EAKIN RD,S,Columbus,OH,43204
692,S WAYNE AVE,,Columbus,OH,43204
347,S SOUTHAMPTON AVE,,Columbus,OH,43204
847,S ROYS AVE,,Columbus,OH,43204
3116,VALLEY VIEW DR,,Columbus,OH,43204
193,S HAGUE AVE,,Columbus,OH,43204
124,S SOUTHAMPTON AVE,,Columbus,OH,43204
781,KINGSFORD RD,UNIT C,Columbus,OH,43204
613,SALISBURY RD,,Columbus,OH,43204
69,DEMOREST AVE,,Columbus,OH,43204
104,N WESTMOOR AVE,,Columbus,OH,43204
3350,BRIGGS RD,,Columbus,OH,43204
3538,WILSON WOODS DR,E,Columbus,OH,43204
3142,VALLEY VIEW DR,,Columbus,OH,43204
2387,QUARRY VALLEY RD,,Columbus,OH,43204
720,S EUREKA AVE,,Columbus,OH,43204
3486,WILKES CT,,Columbus,OH,43204
832,S ROYS AVE,,Columbus,OH,43204
320,S OAKLEY AVE,,Columbus,OH,43204
1166,ABBOTS GREEN CIR,,Columbus,OH,43204
3527,WILSON WOODS DR,,Columbus,OH,43204
125 1/2,S WARREN AVE,,Columbus,OH,43204
2741,SULLIVANT AVE,,Columbus,OH,43204
641,CHESTERSHIRE RD,,Columbus,OH,43204
3294,W BROAD ST,,Columbus,OH,43204
237,S WAYNE AVE,,Columbus,OH,43204
3441,DERRER RUN DR,,Columbus,OH,43204
3235,SULLIVANT AVE,E,Columbus,OH,43204
2707,VANDERBERG AVE,,Columbus,OH,43204
236,N WAYNE AVE,,Columbus,OH,43204
72,N WAYNE AVE,,Columbus,OH,43204
3090,FREMONT ST,,Columbus,OH,43204
3365,SOUTH BLVD,,Columbus,OH,43204
107,S WESTMOOR AVE,,Columbus,OH,43204
3557,LINDENDALE DR,,Columbus,OH,43204
49,N BRINKER AVE,,Columbus,OH,43204
1424,BAY SHORE DR,CN 1A,Columbus,OH,43204
3180,RIDGE AVE,,Columbus,OH,43204
2418,W BROAD ST,,Columbus,OH,43204
1347,BRONWYN AVE,,Columbus,OH,43204
2572,SULLIVANT AVE,,Columbus,OH,43204
1316,WESTSHIRE RD,,Columbus,OH,43204
2480,EAKIN RD,,Columbus,OH,43204
122,LETCHWORTH AVE,,Columbus,OH,43204
1492,RUNAWAY BAY DR,CN 3D,Columbus,OH,43204
739,S TERRACE AVE,,Columbus,OH,43204
1503,RUNAWAY BAY DR,,Columbus,OH,43204
764,BRIXHAM RD,,Columbus,OH,43204
237,FREMONT CT,,Columbus,OH,43204
688,S RICHARDSON AVE,,Columbus,OH,43204
967,S ROYS AVE,,Columbus,OH,43204
234,S ROYS AVE,,Columbus,OH,43204
2357,QUARRY VALLEY RD,,Columbus,OH,43204
659,S HAGUE AVE,,Columbus,OH,43204
578,S ROYS AVE,VRAD,Columbus,OH,43204
1555,LAKE SHORE DR,,Columbus,OH,43204
3292,WICKLOW RD,,Columbus,OH,43204
405,JOSEPHINE AVE,,Columbus,OH,43204
2878,BRIGGSTON AVE,,Columbus,OH,43204
3045,SULLIVANT AVE,,Columbus,OH,43204
155,S SOUTHAMPTON AVE,,Columbus,OH,43204
833,STEPHEN DR W,,Columbus,OH,43204
2221,QUARRY VALLEY RD,,Columbus,OH,43204
30,S WHEATLAND AVE,,Columbus,OH,43204
1146,PINNACLE DR,,Columbus,OH,43204
2789,OTTIS CT,,Columbus,OH,43204
920,STEPHEN DR W,,Columbus,OH,43204
901,S HAGUE AVE,,Columbus,OH,43204
2796,SCIOTO STATION DR,,Columbus,OH,43204
2800,QUARRY POINT,,Columbus,OH,43204
476,S TERRACE AVE,,Columbus,OH,43204
4031,DEER LAKE WAY,,Columbus,OH,43204
2744,ABBOTS COVE BLVD,,Columbus,OH,43204
3121,SULLIVANT AVE,C,Columbus,OH,43204
2566,MARBLEVISTA BLVD,,Columbus,OH,43204
85,S SYLVAN AVE,,Columbus,OH,43204
472,TRADE RD,,Columbus,OH,43204
72,N OGDEN AVE,,Columbus,OH,43204
1002,HARDESTY PL W,,Columbus,OH,43204
227,POWHATAN AVE,,Columbus,OH,43204
134,S HAGUE AVE,,Columbus,OH,43204
661,KINGSFORD RD,UNIT 2F,Columbus,OH,43204
652,S HARRIS AVE,,Columbus,OH,43204
51,N BURGESS AVE,,Columbus,OH,43204
38,N OAKLEY AVE,,Columbus,OH,43204
3281,MAPLEWAY LN,,Columbus,OH,43204
1385,BRONWYN AVE,,Columbus,OH,43204
147,DERRER RD,,Columbus,OH,43204
3334,W BROAD ST,,Columbus,OH,43204
2703,ABBOTS LOOP CT,,Columbus,OH,43204
150,S WHEATLAND AVE,,Columbus,OH,43204
3258,VASALBORO WAY,,Columbus,OH,43204
762,S OGDEN AVE,,Columbus,OH,43204
1899,MAPLEWAY DR,,Columbus,OH,43204
133,GUERNSEY AVE,,Columbus,OH,43204
110,N WESTMOOR AVE,,Columbus,OH,43204
1123,PARMA AVE,,Columbus,OH,43204
3249,COLONY HILL LN,,Columbus,OH,43204
126,S EUREKA AVE,,Columbus,OH,43204
25,S BURGESS AVE,D,Columbus,OH,43204
1264,GLEN COVE WAY,,Columbus,OH,43204
120,ELDON AVE,,Columbus,OH,43204
346,BINNS BLVD,,Columbus,OH,43204
1112,ABBOTS LAKE CT,,Columbus,OH,43204
477,INDUSTRY DR,,Columbus,OH,43204
889,WILTSHIRE RD,,Columbus,OH,43204
2553,SULLIVANT AVE,,Columbus,OH,43204
3357,TIMBER OAK DR,,Columbus,OH,43204
2935,ABBOTS COVE BLVD,,Columbus,OH,43204
92,N BURGESS AVE,,Columbus,OH,43204
2911,SULLIVANT AVE,,Columbus,OH,43204
352,GUERNSEY AVE,,Columbus,OH,43204
125,S TERRACE AVE,,Columbus,OH,43204
36,S HAGUE AVE,,Columbus,OH,43204
3887,CIDERMILL DR,,Columbus,OH,43204
99,N WHEATLAND AVE,UNIT A,Columbus,OH,43204
626,MACLAM DR,,Columbus,OH,43204
1400,CROSS CREEK DR,H,Columbus,OH,43204
181,S ALGONQUIN AVE,,Columbus,OH,43204
230,S POWELL AVE,,Columbus,OH,43204
831,CHESTERSHIRE RD,,Columbus,OH,43204
3582,TRABUE RD,,Columbus,OH,43204
2862,DIBBLEE AVE,,Columbus,OH,43204
1414,CRISFIELD DR,,Columbus,OH,43204
224,S WHEATLAND AVE,,Columbus,OH,43204
334,S TERRACE AVE,,Columbus,OH,43204
923,CHESTERSHIRE RD,,Columbus,OH,43204
264,POWELL CIR,UNIT C,Columbus,OH,43204
1093,BRONWYN AVE,,Columbus,OH,43204
2723,SULLIVANT AVE,,Columbus,OH,43204
713,S ROYS AVE,,Columbus,OH,43204
789,S WAYNE AVE,,Columbus,OH,43204
2516,EAKIN RD,,Columbus,OH,43204
2694,W BROAD ST,L,Columbus,OH,43204
598,S HARRIS AVE,,Columbus,OH,43204
3425,WILSON WOODS DR,F,Columbus,OH,43204
4057,BROOKRUN DR,,Columbus,OH,43204
1408,HAFTON WOODS DR,,Columbus,OH,43204
1400,BAY SHORE DR,CN 2D,Columbus,OH,43204
3985,DEER LAKE WAY,,Columbus,OH,43204
58,N CHASE AVE,,Columbus,OH,43204
3514,WILKES CT,,Columbus,OH,43204
1155,BELLFLOWER AVE,,Columbus,OH,43204
271,S WHEATLAND AVE,,Columbus,OH,43204
1400,BAY SHORE DR,CN 3A,Columbus,OH,43204
394,S RICHARDSON AVE,,Columbus,OH,43204
3580,LINDENDALE DR,,Columbus,OH,43204
1026,HARDESTY PL W,,Columbus,OH,43204
295,S HARRIS AVE,,Columbus,OH,43204
3260,WICKLOW RD,,Columbus,OH,43204
3527,TREVOR DR,,Columbus,OH,43204
700,S OGDEN AVE,,Columbus,OH,43204
454,S TERRACE AVE,,Columbus,OH,43204
332,N BURGESS AVE,,Columbus,OH,43204
105,BINNS BLVD,,Columbus,OH,43204
1756,LAKE SHORE DR,,Columbus,OH,43204
473,S HARRIS AVE,,Columbus,OH,43204
3239,MARY AVE,,Columbus,OH,43204
2732,KEVIN CT,,Columbus,OH,43204
3400,EAKIN RD,,Columbus,OH,43204
105,S WESTGATE AVE,,Columbus,OH,43204
1446,CLIFF CT,B,Columbus,OH,43204
1371,TRADE WINDS DR,APT 306,Columbus,OH,43204
2482,QUARRY LAKE DR,,Columbus,OH,43204
790,S WAYNE AVE,,Columbus,OH,43204
1511,RUNAWAY BAY DR,CN 1B,Columbus,OH,43204
281,N WARREN AVE,,Columbus,OH,43204
640,S OAKLEY AVE,,Columbus,OH,43204
569,SALISBURY RD,,Columbus,OH,43204
341,S WHEATLAND AVE,,Columbus,OH,43204
590,S EUREKA AVE,,Columbus,OH,43204
289,S WAYNE AVE,,Columbus,OH,43204
799,S HAGUE AVE,,Columbus,OH,43204
227,S HARRIS AVE,,Columbus,OH,43204
1024,BINNS BLVD,,Columbus,OH,43204
178,RANELLE DR,,Columbus,OH,43204
530,S TERRACE AVE,,Columbus,OH,43204
3647,WEST HORIZONS,APT 305,Columbus,OH,43204
167,S TERRACE AVE,,Columbus,OH,43204
2383,KEEP PL,,Columbus,OH,43204
4030,BUSINESS PARK DR,,Columbus,OH,43204
2559,QUARRY LAKE DR,,Columbus,OH,43204
2978,LA VISTA DR,,Columbus,OH,43204
2691,MARBLEVISTA BLVD,,Columbus,OH,43204
1442,PEACH BLOSSOM CT,,Columbus,OH,43204
693,JOSEPHINE AVE,,Columbus,OH,43204
181,S HURON AVE,,Columbus,OH,43204
269,N WHEATLAND AVE,,Columbus,OH,43204
196,N HURON AVE,,Columbus,OH,43204
291,S CHASE AVE,B,Columbus,OH,43204
397,S HAGUE AVE,,Columbus,OH,43204
2544,MARBLEVISTA BLVD,,Columbus,OH,43204
1471,GERRARD AVE,,Columbus,OH,43204
225,S WHEATLAND AVE,,Columbus,OH,43204
58,N OGDEN AVE,,Columbus,OH,43204
2205,QUARRY VALLEY RD,,Columbus,OH,43204
3021,PARKSIDE RD,,Columbus,OH,43204
3165,SULLIVANT AVE,UNIT H,Columbus,OH,43204
204,S HAGUE AVE,,Columbus,OH,43204
1430,CROSS CREEK DR,D,Columbus,OH,43204
4018,BUSINESS PARK DR,,Columbus,OH,43204
1138,ST JUDE AVE,,Columbus,OH,43204
36,S HURON AVE,,Columbus,OH,43204
677,S WAYNE AVE,,Columbus,OH,43204
644,DEXTER AVE,,Columbus,OH,43204
2542,SYMINGTON AVE,,Columbus,OH,43204
287,S EUREKA AVE,,Columbus,OH,43204
2861,LONGFIELD RD,,Columbus,OH,43204
1371,TRADE WINDS DR,APT 203,Columbus,OH,43204
386,S POWELL AVE,,Columbus,OH,43204
269,N ALGONQUIN AVE,,Columbus,OH,43204
3495,DERRER RUN DR,,Columbus,OH,43204
3445,SOUTH BLVD,,Columbus,OH,43204
440,S RICHARDSON AVE,,Columbus,OH,43204
927,RACINE AVE,,Columbus,OH,43204
274,S EUREKA AVE,,Columbus,OH,43204
3520,WILSON WOODS DR,I,Columbus,OH,43204
629,SALISBURY RD,,Columbus,OH,43204
668,LANCE CT,,Columbus,OH,43204
85,S TERRACE AVE,,Columbus,OH,43204
206,N HARRIS AVE,,Columbus,OH,43204
1158,RACINE AVE,,Columbus,OH,43204
3167,STEPHEN DR S,,Columbus,OH,43204
109,S BRINKER AVE,,Columbus,OH,43204
200,N HURON AVE,A,Columbus,OH,43204
681,S WAYNE AVE,,Columbus,OH,43204
2678,VANDERBERG AVE,,Columbus,OH,43204
43,N BURGESS AVE,,Columbus,OH,43204
4069,BROOKRUN DR,,Columbus,OH,43204
228,N SYLVAN AVE,,Columbus,OH,43204
240,S BURGESS AVE,,Columbus,OH,43204
737,CHESTERSHIRE RD,,Columbus,OH,43204
706,RACINE AVE,,Columbus,OH,43204
2473,W BROAD ST,,Columbus,OH,43204
240,S WESTGATE AVE,,Columbus,OH,43204
51,S BRINKER AVE,,Columbus,OH,43204
403,S WHEATLAND AVE,,Columbus,OH,43204
35,N BURGESS AVE,,Columbus,OH,43204
791,S WARREN AVE,,Columbus,OH,43204
1154,ABBOTS GREEN CIR,,Columbus,OH,43204
51,S WAYNE AVE,,Columbus,OH,43204
132,N WILSON RD,,Columbus,OH,43204
338,S CHASE AVE,D,Columbus,OH,43204
3278 1/2,W BROAD ST,,Columbus,OH,43204
2775,REGINA AVE,,Columbus,OH,43204
3565,INTERCHANGE RD,,Columbus,OH,43204
429,S HARRIS AVE,,Columbus,OH,43204
3699,GRIMES DR,,Columbus,OH,43204
459,S RICHARDSON AVE,,Columbus,OH,43204
341,N BURGESS AVE,,Columbus,OH,43204
27,N TERRACE AVE,,Columbus,OH,43204
58,N SYLVAN AVE,B,Columbus,OH,43204
251,S WARREN AVE,,Columbus,OH,43204
3639,DRAGONFLY DR,,Columbus,OH,43204
3483,WILKES CT,,Columbus,OH,43204
193,S OGDEN AVE,,Columbus,OH,43204
3339,ONSLOW CT,,Columbus,OH,43204
336,N SYLVAN AVE,,Columbus,OH,43204
1299,LAKE SHORE DR,UNIT A,Columbus,OH,43204
886,S ROYS AVE,,Columbus,OH,43204
2447,W BROAD ST,UNIT 4,Columbus,OH,43204
505,S HURON AVE,,Columbus,OH,43204
441,S POWELL AVE,,Columbus,OH,43204
3321,WICKLOW RD,EST1,Columbus,OH,43204
3083,JERSEY DR,,Columbus,OH,43204
2713,EAKIN RD,,Columbus,OH,43204
2809,BRIGGS RD,,Columbus,OH,43204
694,BINNS BLVD,,Columbus,OH,43204
3517,SENATOR CT,,Columbus,OH,43204
1388,WINESAP DR,,Columbus,OH,43204
1321,PINNACLE DR,,Columbus,OH,43204
692,S TERRACE AVE,,Columbus,OH,43204
513,BINNS BLVD,,Columbus,OH,43204
2707,REGINA AVE,,Columbus,OH,43204
2381,SULLIVANT AVE,,Columbus,OH,43204
3150,RACE ST,,Columbus,OH,43204
1185,EL TORO DR,,Columbus,OH,43204
713,S TERRACE AVE,,Columbus,OH,43204
1228,NATHAN DR,,Columbus,OH,43204
707,S SYLVAN AVE,,Columbus,OH,43204
1023,ANTHONY DR,,Columbus,OH,43204
3543,EDSON DR,,Columbus,OH,43204
1155,FARMHURST CT,,Columbus,OH,43204
316,S ROYS AVE,,Columbus,OH,43204
552,S WHEATLAND AVE,,Columbus,OH,43204
600,S BRINKER AVE,,Columbus,OH,43204
1314,BROOKFOREST DR,,Columbus,OH,43204
1280,DEMOREST RD,,Columbus,OH,43204
563,S HAGUE AVE,UNIT 07,Columbus,OH,43204
3014,OLIVE ST,,Columbus,OH,43204
99,S WAYNE AVE,,Columbus,OH,43204
1361,BAY SHORE DR,,Columbus,OH,43204
341,S BURGESS AVE,,Columbus,OH,43204
3496,WICKLOW RD,,Columbus,OH,43204
277,S WESTGATE AVE,,Columbus,OH,43204
2659,SULLIVANT AVE,,Columbus,OH,43204
3855,POPLAR BEND DR,,Columbus,OH,43204
2936,LA VISTA DR,UNIT D,Columbus,OH,43204
85,S WHEATLAND AVE,,Columbus,OH,43204
674,JOYFUL ST,,Columbus,OH,43204
689,S HAGUE AVE,,Columbus,OH,43204
263,S TERRACE AVE,,Columbus,OH,43204
2485,HARRISON RD,,Columbus,OH,43204
984,S HAGUE AVE,,Columbus,OH,43204
1568,RUNAWAY BAY DR,,Columbus,OH,43204
404,N BRINKER AVE,,Columbus,OH,43204
1207,LAKE SHORE DR,UNIT B,Columbus,OH,43204
1127,ABBOTS GREEN CIR,,Columbus,OH,43204
3609,EDSON DR,,Columbus,OH,43204
3909,BUSINESS PARK DR,,Columbus,OH,43204
2529,SULLIVANT AVE,,Columbus,OH,43204
167,N RICHARDSON AVE,,Columbus,OH,43204
531,S TERRACE AVE,,Columbus,OH,43204
1328,LAKE SHORE DR,,Columbus,OH,43204
1410,S HAGUE AVE,,Columbus,OH,43204
2430,HARDESTY DR S,,Columbus,OH,43204
256,S POWELL AVE,,Columbus,OH,43204
1263,LAKE SHORE DR,UNIT A,Columbus,OH,43204
2865,W BROAD ST,,Columbus,OH,43204
912,KINGSFORD RD,,Columbus,OH,43204
356,S POWELL AVE,,Columbus,OH,43204
1106,RACINE AVE,,Columbus,OH,43204
356,S HARRIS AVE,,Columbus,OH,43204
2440,SULLIVANT AVE,,Columbus,OH,43204
1406,WILD OATS DR,,Columbus,OH,43204
322,S WARREN AVE,,Columbus,OH,43204
1295,LOWLAND CT,,Columbus,OH,43204
149,N BURGESS AVE,,Columbus,OH,43204
1038,CHESTERSHIRE RD,,Columbus,OH,43204
1398,WILD OATS DR,,Columbus,OH,43204
1340,THACKER CT,D,Columbus,OH,43204
171,S TERRACE AVE,,Columbus,OH,43204
122,N TERRACE AVE,,Columbus,OH,43204
393,S POWELL AVE,,Columbus,OH,43204
1301,LOWLAND CT,,Columbus,OH,43204
2754,SCIOTO STATION DR,,Columbus,OH,43204
3607,INTERCHANGE RD,,Columbus,OH,43204
280,POWELL CIR,UNIT C,Columbus,OH,43204
723,S RICHARDSON AVE,,Columbus,OH,43204
2828,FREMONT ST,,Columbus,OH,43204
3225,WHITEHEAD RD,,Columbus,OH,43204
2995,WESTMOOR DR,,Columbus,OH,43204
777,MACLAM DR,,Columbus,OH,43204
1000,HARDESTY PL W,,Columbus,OH,43204
706,DERRER RD,,Columbus,OH,43204
225,GUERNSEY AVE,,Columbus,OH,43204
2788,OTTIS CT,UNIT D,Columbus,OH,43204
1015,HODGES DR,,Columbus,OH,43204
450,S ROYS AVE,,Columbus,OH,43204
2746,ST PATRICK RD,,Columbus,OH,43204
1052,HARDESTY PL W,,Columbus,OH,43204
282,N OGDEN AVE,,Columbus,OH,43204
3672,DRAGONFLY DR,,Columbus,OH,43204
3333,W BROAD ST,,Columbus,OH,43204
154 1/2,S OGDEN AVE,,Columbus,OH,43204
203,S BRINKER AVE,,Columbus,OH,43204
560,CHESTERSHIRE RD,,Columbus,OH,43204
239,S OGDEN AVE,,Columbus,OH,43204
3561,WILSON WOODS DR,D,Columbus,OH,43204
2386,POMOLA ST,,Columbus,OH,43204
814,S ROYS AVE,,Columbus,OH,43204
840,S HAGUE AVE,,Columbus,OH,43204
363,S POWELL AVE,B,Columbus,OH,43204
632,S OGDEN AVE,,Columbus,OH,43204
248,N OGDEN AVE,,Columbus,OH,43204
2813,ST JOSEPH AVE,,Columbus,OH,43204
2174,QUARRY VALLEY RD,,Columbus,OH,43204
1260,DEMOREST RD,,Columbus,OH,43204
751,KINGSFORD RD,UNIT B,Columbus,OH,43204
2447,W BROAD ST,UNIT 5,Columbus,OH,43204
328,S SOUTHAMPTON AVE,,Columbus,OH,43204
3084,VALLEY VIEW DR,,Columbus,OH,43204
2930,ABBOTS COVE BLVD,,Columbus,OH,43204
291,S RICHARDSON AVE,,Columbus,OH,43204
99,DERRER ESTATES PL,,Columbus,OH,43204
1838,MARBLE CLIFF CROSSING CT,,Columbus,OH,43204
482,S RICHARDSON AVE,,Columbus,OH,43204
597,S HARRIS AVE,,Columbus,OH,43204
2884,LONGFIELD RD,,Columbus,OH,43204
757,GLADSTONE AVE,,Columbus,OH,43204
224,S WARREN AVE,,Columbus,OH,43204
1534,RUNAWAY BAY DR,,Columbus,OH,43204
3300,W BROAD ST,,Columbus,OH,43204
2776,SCIOTO STATION DR,,Columbus,OH,43204
2724,MARBLEVISTA BLVD,,Columbus,OH,43204
99,S BRINKER AVE,,Columbus,OH,43204
276,S WARREN AVE,,Columbus,OH,43204
3257,WHITEHEAD RD,,Columbus,OH,43204
376,S ROYS AVE,,Columbus,OH,43204
257,S WHEATLAND AVE,,Columbus,OH,43204
333,S HARRIS AVE,,Columbus,OH,43204
3792,FARM BROOK LN,,Columbus,OH,43204
3237,MCKINLEY AVE,32,Columbus,OH,43204
1349,WESTSHIRE RD,,Columbus,OH,43204
3301,BRICHAR WAY,,Columbus,OH,43204
224,BINNS BLVD,,Columbus,OH,43204
2977,PALMETTO ST,,Columbus,OH,43204
341,S EUREKA AVE,,Columbus,OH,43204
44,S OAKLEY AVE,,Columbus,OH,43204
135,S ALGONQUIN AVE,,Columbus,OH,43204
614,S EUREKA AVE,,Columbus,OH,43204
378,S WAYNE AVE,,Columbus,OH,43204
1053,WILTSHIRE RD,,Columbus,OH,43204
83,N OGDEN AVE,,Columbus,OH,43204
694,S BURGESS AVE,,Columbus,OH,43204
483,DERRER RD,,Columbus,OH,43204
1076,RACINE AVE,,Columbus,OH,43204
680,POWHATAN AVE,,Columbus,OH,43204
191,N TERRACE AVE,,Columbus,OH,43204
2676,SULLIVANT AVE,,Columbus,OH,43204
3654,TRABUE RD,,Columbus,OH,43204
3932,FARM BROOK LN,,Columbus,OH,43204
102,N HURON AVE,,Columbus,OH,43204
2747,CAROL AVE,,Columbus,OH,43204
468,S HURON AVE,,Columbus,OH,43204
787,RACINE AVE,,Columbus,OH,43204
3525,SANITA CT,,Columbus,OH,43204
856,S EUREKA AVE,,Columbus,OH,43204
729,FEBOR CT,,Columbus,OH,43204
3783,INTERCHANGE RD,,Columbus,OH,43204
361,S OAKLEY AVE,,Columbus,OH,43204
85,N WHEATLAND AVE,,Columbus,OH,43204
238,S RICHARDSON AVE,,Columbus,OH,43204
351,S TERRACE AVE,,Columbus,OH,43204
2553,VANDERBERG AVE,,Columbus,OH,43204
3225,MEDOMA DR,,Columbus,OH,43204
670,LANCE CT,,Columbus,OH,43204
3333,W BROAD ST,9,Columbus,OH,43204
277,N OGDEN AVE,,Columbus,OH,43204
1430,CROSS CREEK DR,I,Columbus,OH,43204
193,DEMOREST AVE,,Columbus,OH,43204
229,S WESTMOOR AVE,,Columbus,OH,43204
569,WILTSHIRE RD,,Columbus,OH,43204
741,KINGSFORD RD,UNIT A,Columbus,OH,43204
134,S HARRIS AVE,,Columbus,OH,43204
769,S WARREN AVE,,Columbus,OH,43204
3433,TIMBER OAK DR,,Columbus,OH,43204
1560,QUARRY VIEW,,Columbus,OH,43204
304,N OGDEN AVE,,Columbus,OH,43204
195,N CHASE AVE,,Columbus,OH,43204
261,N WARREN AVE,,Columbus,OH,43204
2949,CORTONA RD,,Columbus,OH,43204
715,S TERRACE AVE,,Columbus,OH,43204
744,S WHEATLAND AVE,,Columbus,OH,43204
3391,EMELINE DR,,Columbus,OH,43204
2466,MARBLEVISTA BLVD,,Columbus,OH,43204
1007,SALISBURY RD,,Columbus,OH,43204
3527,WILKES CT,,Columbus,OH,43204
711,S EUREKA AVE,,Columbus,OH,43204
1436,BAY SHORE DR,CN 3B,Columbus,OH,43204
18,N HURON AVE,APT C,Columbus,OH,43204
282,S ROYS AVE,,Columbus,OH,43204
1060,HARDESTY PL W,,Columbus,OH,43204
49,N ROYS AVE,,Columbus,OH,43204
525,S WAYNE AVE,,Columbus,OH,43204
284,N BRINKER AVE,,Columbus,OH,43204
244,ELDON AVE,,Columbus,OH,43204
407,N BRINKER AVE,,Columbus,OH,43204
433,S HURON AVE,A,Columbus,OH,43204
1386,BROOKFOREST DR,,Columbus,OH,43204
706,DEXTER AVE,,Columbus,OH,43204
3729,WINDWARD WAY,APT 303,Columbus,OH,43204
3050,WOODLOOP LN,,Columbus,OH,43204
3677,DRAGONFLY DR,,Columbus,OH,43204
456,DERRER RD,,Columbus,OH,43204
3239,NATHAN CT,,Columbus,OH,43204
585,S WHEATLAND AVE,,Columbus,OH,43204
1441,CLIFF CT,A,Columbus,OH,43204
215,LETCHWORTH AVE,,Columbus,OH,43204
3560,WILSON WOODS DR,D,Columbus,OH,43204
1443,RUNAWAY BAY DR,CN 3D,Columbus,OH,43204
1217,GRESHAM RD,,Columbus,OH,43204
105,N HURON AVE,,Columbus,OH,43204
296,S EUREKA AVE,,Columbus,OH,43204
649,POWHATAN AVE,,Columbus,OH,43204
1150,FARMHURST CT,,Columbus,OH,43204
454,S CHASE AVE,,Columbus,OH,43204
2670,EAKIN RD,,Columbus,OH,43204
166,DERRER RD,,Columbus,OH,43204
2757,EAKIN RD,,Columbus,OH,43204
2799,OTTIS CT,,Columbus,OH,43204
1437,RUNAWAY BAY DR,CN 3C,Columbus,OH,43204
2614,REGINA AVE,,Columbus,OH,43204
1129,FARMHURST CT,,Columbus,OH,43204
176,S TERRACE AVE,,Columbus,OH,43204
510,N WESTMOOR AVE,,Columbus,OH,43204
141,ELDON AVE,,Columbus,OH,43204
143,POWHATAN AVE,,Columbus,OH,43204
694,WESTBROOK CT,,Columbus,OH,43204
3940,BASIA DR,,Columbus,OH,43204
323,S EUREKA AVE,,Columbus,OH,43204
2532,SULLIVANT AVE,,Columbus,OH,43204
2763,WICKLOW RD,,Columbus,OH,43204
224,N OAKLEY AVE,,Columbus,OH,43204
675,KINGSFORD RD,UNIT A2,Columbus,OH,43204
3517,WILSON WOODS DR,,Columbus,OH,43204
3137,W BROAD ST,,Columbus,OH,43204
25,N WESTGATE AVE,,Columbus,OH,43204
3295,NATHAN CT,,Columbus,OH,43204
2329,MARBLEVISTA BLVD,,Columbus,OH,43204
159,GUERNSEY AVE,,Columbus,OH,43204
150,N OAKLEY AVE,,Columbus,OH,43204
198,N OAKLEY AVE,,Columbus,OH,43204
3434,WILSON WOODS DR,H,Columbus,OH,43204
188,N ROYS AVE,,Columbus,OH,43204
341,S RICHARDSON AVE,,Columbus,OH,43204
803,BINNS BLVD,,Columbus,OH,43204
84,N OAKLEY AVE,,Columbus,OH,43204
1426,GELBRAY AVE,,Columbus,OH,43204
3326,SULLIVANT AVE,,Columbus,OH,43204
1030,SALISBURY RD,,Columbus,OH,43204
2740,REGINA AVE,,Columbus,OH,43204
291,S ROYS AVE,,Columbus,OH,43204
826,STEPHEN DR W,,Columbus,OH,43204
105,S BRINKER AVE,,Columbus,OH,43204
2731,BERNADETTE RD,,Columbus,OH,43204
392,S EUREKA AVE,,Columbus,OH,43204
3049,OLIVE ST,,Columbus,OH,43204
287,N ALGONQUIN AVE,,Columbus,OH,43204
2161,QUARRY VALLEY RD,,Columbus,OH,43204
3640,EAKIN RD,6A,Columbus,OH,43204
73,N OAKLEY AVE,,Columbus,OH,43204
621,DEXTER AVE,,Columbus,OH,43204
2701,RUTH CT,,Columbus,OH,43204
1091,ST AGNES AVE,,Columbus,OH,43204
450,S TERRACE AVE,,Columbus,OH,43204
453,S BURGESS AVE,,Columbus,OH,43204
3356,EMELINE DR,,Columbus,OH,43204
1324,PINNACLE DR,,Columbus,OH,43204
3297,PARKSIDE RD,,Columbus,OH,43204
3333,W BROAD ST,20,Columbus,OH,43204
673,N WILSON RD,,Columbus,OH,43204
1150,ROMONA PL,,Columbus,OH,43204
622,S OGDEN AVE,,Columbus,OH,43204
281,N BURGESS AVE,,Columbus,OH,43204
1871,SAN REMO DR,,Columbus,OH,43204
201,S WARREN AVE,,Columbus,OH,43204
101,S WAYNE AVE,,Columbus,OH,43204
2860,LA VISTA DR,,Columbus,OH,43204
626,S ROYS AVE,,Columbus,OH,43204
81,N WILSON RD,,Columbus,OH,43204
3427,DERRER CT S,,Columbus,OH,43204
68,N SYLVAN AVE,M,Columbus,OH,43204
1371,TRADE WINDS DR,APT 202,Columbus,OH,43204
57,N HALDY AVE,,Columbus,OH,43204
157,S EUREKA AVE,,Columbus,OH,43204
2389,HARDESTY DR N,,Columbus,OH,43204
532,S WHEATLAND AVE,,Columbus,OH,43204
196,N HURON AVE,A,Columbus,OH,43204
3056,STEELE AVE,,Columbus,OH,43204
3237,MCKINLEY AVE,94,Columbus,OH,43204
478,S HARRIS AVE,,Columbus,OH,43204
65,N BRINKER AVE,D,Columbus,OH,43204
824,S HARRIS AVE,A,Columbus,OH,43204
513,INDUSTRY DR,,Columbus,OH,43204
3450,WILSON WOODS DR,C,Columbus,OH,43204
733,S BURGESS AVE,,Columbus,OH,43204
2451,MARBLEVISTA BLVD,,Columbus,OH,43204
1358,BAY SHORE DR,CN 2B,Columbus,OH,43204
457,S WAYNE AVE,,Columbus,OH,43204
300,N HAGUE AVE,,Columbus,OH,43204
914,RACINE AVE,,Columbus,OH,43204
2739,MARBLEVISTA BLVD,,Columbus,OH,43204
855,LINDENDALE CT,,Columbus,OH,43204
210,N HAGUE AVE,,Columbus,OH,43204
1869,LAKE SHORE DR,,Columbus,OH,43204
3713,WINDWARD WAY,APT 200,Columbus,OH,43204
142,S WARREN AVE,,Columbus,OH,43204
3663,FOSSIL DR,,Columbus,OH,43204
120,N EUREKA AVE,,Columbus,OH,43204
2841,BRIGGSTON AVE,,Columbus,OH,43204
960,S HAGUE AVE,,Columbus,OH,43204
139,S BRINKER AVE,,Columbus,OH,43204
2194,QUARRY VALLEY RD,,Columbus,OH,43204
2405,QUARRY VALLEY RD,,Columbus,OH,43204
3410,WILSON WOODS DR,B,Columbus,OH,43204
1080,BRONWYN AVE,,Columbus,OH,43204
1408,PEACH BLOSSOM CT,,Columbus,OH,43204
133,S WARREN AVE,,Columbus,OH,43204
25,S WARREN AVE,D,Columbus,OH,43204
801,S WARREN AVE,,Columbus,OH,43204
190,N BURGESS AVE,,Columbus,OH,43204
346,S TERRACE AVE,,Columbus,OH,43204
55,S HAGUE AVE,,Columbus,OH,43204
2586,QUARRY LAKE DR,,Columbus,OH,43204
2687,BRIAN CT,,Columbus,OH,43204
915,MIRIAM DR E,,Columbus,OH,43204
24,N OAKLEY AVE,,Columbus,OH,43204
1335,TRADE WINDS DR,APT 105,Columbus,OH,43204
49,S EUREKA AVE,,Columbus,OH,43204
1316,RUNAWAY BAY DR,,Columbus,OH,43204
674,WILTSHIRE RD,,Columbus,OH,43204
57,N TERRACE AVE,,Columbus,OH,43204
180,S POWELL AVE,A,Columbus,OH,43204
142,N HALDY AVE,,Columbus,OH,43204
2683,ABBOTS LOOP CT,,Columbus,OH,43204
2403,QUARRY VALLEY RD,,Columbus,OH,43204
1333,VAUXHALL PL,,Columbus,OH,43204
64,OREL AVE,,Columbus,OH,43204
2895,SULLIVANT AVE,UNIT 3,Columbus,OH,43204
845,REGINA CT,,Columbus,OH,43204
377,S TERRACE AVE,,Columbus,OH,43204
149,S HAGUE AVE,,Columbus,OH,43204
2347,QUARRY VALLEY RD,,Columbus,OH,43204
185,N WHEATLAND AVE,,Columbus,OH,43204
338,S WARREN AVE,,Columbus,OH,43204
43,N BRINKER AVE,,Columbus,OH,43204
1033,S EUREKA AVE,,Columbus,OH,43204
232,N WARREN AVE,,Columbus,OH,43204
1331,RIEGELWOOD LN,,Columbus,OH,43204
3601,FARMHURST LN,,Columbus,OH,43204
2549,MARBLEVISTA BLVD,,Columbus,OH,43204
1374,RUNAWAY BAY DR,CN 1B,Columbus,OH,43204
3924,BASIA DR,,Columbus,OH,43204
247,N HARRIS AVE,,Columbus,OH,43204
1173,BELLFLOWER AVE,,Columbus,OH,43204
137,S BURGESS AVE,,Columbus,OH,43204
246,RANELLE DR,,Columbus,OH,43204
2408,HARDESTY DR S,,Columbus,OH,43204
188,S WESTGATE AVE,,Columbus,OH,43204
135,N HARRIS AVE,,Columbus,OH,43204
2470,QUARRY LAKE DR,,Columbus,OH,43204
2547,QUARRY LAKE DR,,Columbus,OH,43204
2395,GLENVIEW BLVD,,Columbus,OH,43204
3237,MCKINLEY AVE,30,Columbus,OH,43204
2432,HARDESTY DR S,,Columbus,OH,43204
3251,EAKIN RD,,Columbus,OH,43204
155,S WARREN AVE,,Columbus,OH,43204
1663,QUARRY TRACE,,Columbus,OH,43204
43,N OGDEN AVE,,Columbus,OH,43204
106,N WESTGATE AVE,,Columbus,OH,43204
1925,LAKE SHORE DR,,Columbus,OH,43204
719,ATHENS AVE,,Columbus,OH,43204
76,N POWELL AVE,,Columbus,OH,43204
2501,KREBER AVE,,Columbus,OH,43204
1292,WINESAP DR,,Columbus,OH,43204
421,INDUSTRY DR,,Columbus,OH,43204
1001,S HARRIS AVE,,Columbus,OH,43204
1344,HELMSDALE DR,,Columbus,OH,43204
2726,ST PATRICK RD,,Columbus,OH,43204
1167,EL CID CT,,Columbus,OH,43204
55,N HALDY AVE,,Columbus,OH,43204
1335,TRADE WINDS DR,APT 300,Columbus,OH,43204
3567,WILSON WOODS DR,E,Columbus,OH,43204
1027,S BRINKER AVE,,Columbus,OH,43204
37,N OAKLEY AVE,,Columbus,OH,43204
3320,WREN ST,,Columbus,OH,43204
1400,BAY SHORE DR,CN 2B,Columbus,OH,43204
662,DEMOREST RD,,Columbus,OH,43204
2491,MARBLEVISTA BLVD,,Columbus,OH,43204
3172,VANDERBERG AVE,,Columbus,OH,43204
3546,SULLIVANT AVE,,Columbus,OH,43204
135,N BURGESS AVE,,Columbus,OH,43204
3335,STEPHEN DR S,,Columbus,OH,43204
1492,RUNAWAY BAY DR,CN 2B,Columbus,OH,43204
140,N WESTGATE AVE,,Columbus,OH,43204
3671,WEST HORIZONS,APT 200,Columbus,OH,43204
746,RACINE AVE,,Columbus,OH,43204
3007,PARKSIDE RD,UNIT B,Columbus,OH,43204
2665,PALMETTO ST,,Columbus,OH,43204
1982,MARBLE CLIFF CROSSING CT,,Columbus,OH,43204
459,DERRER RD,,Columbus,OH,43204
2930,CRESCENT DR,,Columbus,OH,43204
1435,PEACH TREE CT,,Columbus,OH,43204
3011,LA VISTA DR,,Columbus,OH,43204
3237,MCKINLEY AVE,43,Columbus,OH,43204
3747,GRIMES DR,,Columbus,OH,43204
2705,BERNADETTE RD,,Columbus,OH,43204
101,N OGDEN AVE,,Columbus,OH,43204
1036,S HARRIS AVE,,Columbus,OH,43204
3520,WILSON WOODS DR,G,Columbus,OH,43204
3680,DRAGONFLY DR,,Columbus,OH,43204
3263,W BROAD ST,,Columbus,OH,43204
110,S HARRIS AVE,,Columbus,OH,43204
715,S WAYNE AVE,,Columbus,OH,43204
1392,CRISFIELD DR,,Columbus,OH,43204
909,STEPHEN DR W,,Columbus,OH,43204
3926,BUSINESS PARK DR,,Columbus,OH,43204
2720,VIDA PL,,Columbus,OH,43204
690,JOYFUL ST,,Columbus,OH,43204
1404,PEACH BLOSSOM CT,,Columbus,OH,43204
811,S HARRIS AVE,,Columbus,OH,43204
130,N OGDEN AVE,,Columbus,OH,43204
235,N EUREKA AVE,,Columbus,OH,43204
1134,ST CECELIA DR,,Columbus,OH,43204
3640,EAKIN RD,3A,Columbus,OH,43204
848,BINNS BLVD,,Columbus,OH,43204
286,S RICHARDSON AVE,,Columbus,OH,43204
2672,VANDERBERG AVE,,Columbus,OH,43204
152,GUERNSEY AVE,,Columbus,OH,43204
916,MIRIAM DR E,,Columbus,OH,43204
168,N ROYS AVE,,Columbus,OH,43204
256,S HARRIS AVE,,Columbus,OH,43204
304,N WARREN AVE,,Columbus,OH,43204
167,S WAYNE AVE,,Columbus,OH,43204
777,S HARRIS AVE,,Columbus,OH,43204
469,S HARRIS AVE,,Columbus,OH,43204
154,N HURON AVE,,Columbus,OH,43204
2917,PARKSIDE RD,,Columbus,OH,43204
659,S BURGESS AVE,,Columbus,OH,43204
72,S EUREKA AVE,,Columbus,OH,43204
3204,WHITEHEAD RD,,Columbus,OH,43204
3432,MICHAEL CT,,Columbus,OH,43204
313,S SYLVAN AVE,,Columbus,OH,43204
3061,VALLEY VIEW DR,5,Columbus,OH,43204
1498,RUNAWAY BAY DR,CN 1D,Columbus,OH,43204
1353,HELMSDALE DR,,Columbus,OH,43204
2694,W BROAD ST,D,Columbus,OH,43204
2910,ABBOTS COVE BLVD,,Columbus,OH,43204
130,S ALGONQUIN AVE,,Columbus,OH,43204
2328,HARDESTY CT,,Columbus,OH,43204
909,S ROYS AVE,,Columbus,OH,43204
647,N HAGUE AVE,,Columbus,OH,43204
3179,SULLIVANT AVE,,Columbus,OH,43204
3021,WICKLOW RD,,Columbus,OH,43204
228,POWHATAN AVE,,Columbus,OH,43204
1151,ABBOTS GREEN CIR,,Columbus,OH,43204
912,S HARRIS AVE,,Columbus,OH,43204
237,S RICHARDSON AVE,,Columbus,OH,43204
714,DEXTER AVE,,Columbus,OH,43204
47,N WHEATLAND AVE,,Columbus,OH,43204
1442,BAY SHORE DR,CN 1B,Columbus,OH,43204
885,S HAGUE AVE,,Columbus,OH,43204
1261,DEER LAKE CT,,Columbus,OH,43204
313,S WARREN AVE,,Columbus,OH,43204
1401,WILD OATS DR,,Columbus,OH,43204
206,N BURGESS AVE,,Columbus,OH,43204
59,S SYLVAN AVE,,Columbus,OH,43204
182,N WESTMOOR AVE,,Columbus,OH,43204
2920,WICKLOW RD,,Columbus,OH,43204
2986,MCKINLEY AVE,,Columbus,OH,43204
3276,VASALBORO WAY,,Columbus,OH,43204
3713,WINDWARD WAY,APT 101,Columbus,OH,43204
778,S OGDEN AVE,,Columbus,OH,43204
509,WESTMOOR PL,,Columbus,OH,43204
216,S HARRIS AVE,,Columbus,OH,43204
99,S WARREN AVE,,Columbus,OH,43204
1358,BAY SHORE DR,CN 1B,Columbus,OH,43204
896,KINGSFORD RD,,Columbus,OH,43204
786,S WAYNE AVE,,Columbus,OH,43204
792,S EUREKA AVE,,Columbus,OH,43204
307,POWHATAN AVE,,Columbus,OH,43204
471,BINNS BLVD,,Columbus,OH,43204
3240,MARY AVE,,Columbus,OH,43204
776,KINGSFORD RD,,Columbus,OH,43204
2351,QUARRY VALLEY RD,,Columbus,OH,43204
60,N SYLVAN AVE,,Columbus,OH,43204
2820,W BROAD ST,,Columbus,OH,43204
276,N OAKLEY AVE,,Columbus,OH,43204
415,S HARRIS AVE,,Columbus,OH,43204
156,S GUERNSEY AVE,,Columbus,OH,43204
1371,TRADE WINDS DR,APT 104,Columbus,OH,43204
32,S OGDEN AVE,,Columbus,OH,43204
2510,EAKIN RD,,Columbus,OH,43204
350,S CHASE AVE,,Columbus,OH,43204
227,S WARREN AVE,,Columbus,OH,43204
3071,JERSEY DR,,Columbus,OH,43204
1033,HARDESTY PL E,,Columbus,OH,43204
2143,QUARRY VALLEY RD,,Columbus,OH,43204
3139,EL GRECO DR,,Columbus,OH,43204
3709,GIBBSTONE DR,,Columbus,OH,43204
585,S TERRACE AVE,,Columbus,OH,43204
946,S HAGUE AVE,,Columbus,OH,43204
501,S OAKLEY AVE,,Columbus,OH,43204
395,S POWELL AVE,,Columbus,OH,43204
3660,WEST HORIZONS,APT 206,Columbus,OH,43204
3418,TIMBER OAK DR,,Columbus,OH,43204
19 1/2,S WHEATLAND AVE,,Columbus,OH,43204
53,N WESTGATE AVE,,Columbus,OH,43204
3647,WEST HORIZONS,APT 101,Columbus,OH,43204
176,S HURON AVE,,Columbus,OH,43204
1667,QUARRY TRACE,,Columbus,OH,43204
3763,FARM BROOK LN,,Columbus,OH,43204
506,S HAGUE AVE,,Columbus,OH,43204
154,N BURGESS AVE,,Columbus,OH,43204
3440,FREMONT ST,,Columbus,OH,43204
518,S EUREKA AVE,,Columbus,OH,43204
2834,LA VISTA DR,,Columbus,OH,43204
211,S OAKLEY AVE,,Columbus,OH,43204
176,S BRINKER AVE,,Columbus,OH,43204
399,S OGDEN AVE,,Columbus,OH,43204
587,S BURGESS AVE,,Columbus,OH,43204
153,S HAGUE AVE,,Columbus,OH,43204
3640,EAKIN RD,2A,Columbus,OH,43204
1498,RUNAWAY BAY DR,CN 3D,Columbus,OH,43204
3316,STEPHEN DR S,,Columbus,OH,43204
299,S WAYNE AVE,,Columbus,OH,43204
3537,EAKIN RD,,Columbus,OH,43204
1103,ST JUDE AVE,,Columbus,OH,43204
89,S BURGESS AVE,,Columbus,OH,43204
3240,MEDOMA DR,,Columbus,OH,43204
1379,RESTWOOD CT,,Columbus,OH,43204
51,ELDON AVE,,Columbus,OH,43204
3758,GIBBSTONE DR,,Columbus,OH,43204
950,N WILSON RD,,Columbus,OH,43204
57,N HURON AVE,,Columbus,OH,43204
2658,W BROAD ST,,Columbus,OH,43204
2850,SULLIVANT AVE,,Columbus,OH,43204
791,KINGSFORD RD,UNIT B,Columbus,OH,43204
2545,SULLIVANT AVE,,Columbus,OH,43204
1111,RACINE AVE,,Columbus,OH,43204
1107,ST CECELIA DR,,Columbus,OH,43204
3365,MARY AVE,,Columbus,OH,43204
84,OREL AVE,,Columbus,OH,43204
814,MACLAM DR,,Columbus,OH,43204
260,S EUREKA AVE,,Columbus,OH,43204
914,S BRINKER AVE,,Columbus,OH,43204
2727,HAFTON RD,,Columbus,OH,43204
3235,SULLIVANT AVE,F,Columbus,OH,43204
1348,TRADE WINDS DR,,Columbus,OH,43204
794,KINGSFORD RD,,Columbus,OH,43204
2966,CRESCENT DR,,Columbus,OH,43204
943,VANDERBERG PL,,Columbus,OH,43204
2783,ST PATRICK RD,,Columbus,OH,43204
631,S BURGESS AVE,,Columbus,OH,43204
711,CHESTERSHIRE RD,,Columbus,OH,43204
2745,MARBLEVISTA BLVD,,Columbus,OH,43204
718,S WAYNE AVE,,Columbus,OH,43204
361 1/2,S HARRIS AVE,,Columbus,OH,43204
627,S BURGESS AVE,,Columbus,OH,43204
30,N OGDEN AVE,,Columbus,OH,43204
180,N SYLVAN AVE,I,Columbus,OH,43204
104,N BRINKER AVE,,Columbus,OH,43204
488,N WESTMOOR AVE,,Columbus,OH,43204
34,N HURON AVE,,Columbus,OH,43204
2579,KREBER AVE,,Columbus,OH,43204
2966,LA VISTA DR,,Columbus,OH,43204
756,S WHEATLAND AVE,,Columbus,OH,43204
164,POWHATAN AVE,,Columbus,OH,43204
3175,EAKIN RD,,Columbus,OH,43204
446,S OAKLEY AVE,,Columbus,OH,43204
3303,SULLIVANT AVE,,Columbus,OH,43204
510,JOSEPHINE AVE,,Columbus,OH,43204
300,N WILSON RD,UNIT 83D,Columbus,OH,43204
3653,FOSSIL DR,,Columbus,OH,43204
209,N POWELL AVE,,Columbus,OH,43204
796,S RICHARDSON AVE,,Columbus,OH,43204
1325,S HAGUE AVE,,Columbus,OH,43204
3641,EAKIN RD,UNIT B,Columbus,OH,43204
3087,EAKIN RD,,Columbus,OH,43204
591,S BRINKER AVE,,Columbus,OH,43204
3567,WILSON WOODS DR,L,Columbus,OH,43204
3030,SULLIVANT AVE,,Columbus,OH,43204
3425,WILSON WOODS DR,B,Columbus,OH,43204
327,S WAYNE AVE,,Columbus,OH,43204
322,S HARRIS AVE,,Columbus,OH,43204
3010,WESTMOOR DR,,Columbus,OH,43204
433,S WARREN AVE,,Columbus,OH,43204
45,S WHEATLAND AVE,,Columbus,OH,43204
2361,QUARRY VALLEY RD,,Columbus,OH,43204
2275,W BROAD ST,,Columbus,OH,43204
831,S HAGUE AVE,,Columbus,OH,43204
1444,PEACH TREE CT,,Columbus,OH,43204
111,N WHEATLAND AVE,,Columbus,OH,43204
62,N SYLVAN AVE,,Columbus,OH,43204
3554,EDSON DR,,Columbus,OH,43204
1307,LOWLAND CT,,Columbus,OH,43204
45,S RICHARDSON AVE,,Columbus,OH,43204
198,S WESTMOOR AVE,,Columbus,OH,43204
1049,BELLFLOWER AVE,,Columbus,OH,43204
2501,MARBLEVISTA BLVD,,Columbus,OH,43204
211,S HAGUE AVE,,Columbus,OH,43204
277,S RICHARDSON AVE,,Columbus,OH,43204
3165,WHITEHEAD RD,,Columbus,OH,43204
1516,RUNAWAY BAY DR,CN 1B,Columbus,OH,43204
130,N EUREKA AVE,,Columbus,OH,43204
2742,ABBOTS COVE BLVD,,Columbus,OH,43204
176,S WESTMOOR AVE,,Columbus,OH,43204
26,BINNS BLVD,,Columbus,OH,43204
3290,MAPLEWAY LN,,Columbus,OH,43204
155 1/2,S HARRIS AVE,,Columbus,OH,43204
434,S HURON AVE,,Columbus,OH,43204
1256,DEER LAKE CT,,Columbus,OH,43204
1338,BROOKFOREST DR,,Columbus,OH,43204
218,ELDON AVE,,Columbus,OH,43204
85,S POWELL AVE,,Columbus,OH,43204
2739,REGINA AVE,,Columbus,OH,43204
102,DERRER RD,,Columbus,OH,43204
1025,HARDESTY PL E,,Columbus,OH,43204
130,N WARREN AVE,,Columbus,OH,43204
94,N WESTGATE AVE,,Columbus,OH,43204
1001,HODGES DR,,Columbus,OH,43204
3167,TELHAM DR,,Columbus,OH,43204
3486,DERRER FIELD DR,,Columbus,OH,43204
1050,PARMA AVE,,Columbus,OH,43204
1096,HARDESTY PL W,,Columbus,OH,43204
3522,LINDENDALE DR,,Columbus,OH,43204
306,N SYLVAN AVE,,Columbus,OH,43204
55,S WARREN AVE,,Columbus,OH,43204
324,N SYLVAN AVE,,Columbus,OH,43204
628,S OAKLEY AVE,,Columbus,OH,43204
2897,LA VISTA DR,,Columbus,OH,43204
1033,BELLFLOWER AVE,,Columbus,OH,43204
732,S WHEATLAND AVE,,Columbus,OH,43204
650,ATHENS AVE,,Columbus,OH,43204
3410,WILSON WOODS DR,I,Columbus,OH,43204
3545,SULLIVANT AVE,,Columbus,OH,43204
1503,RUNAWAY BAY DR,CN 1B,Columbus,OH,43204
190,N HURON AVE,A,Columbus,OH,43204
1414,RUNAWAY BAY DR,CN 1D,Columbus,OH,43204
74,S OGDEN AVE,,Columbus,OH,43204
2663,BERNADETTE RD,,Columbus,OH,43204
3508,EDSON DR,,Columbus,OH,43204
3538,WILSON WOODS DR,G,Columbus,OH,43204
500,WESTMOOR PL,,Columbus,OH,43204
200,N HURON AVE,,Columbus,OH,43204
2969,LA VISTA DR,,Columbus,OH,43204
991,BINNS BLVD,,Columbus,OH,43204
437,S TERRACE AVE,,Columbus,OH,43204
348,S SOUTHAMPTON AVE,,Columbus,OH,43204
3445,TRABUE RD,,Columbus,OH,43204
706,S WARREN AVE,,Columbus,OH,43204
1326,HELMSDALE DR,,Columbus,OH,43204
191,N OAKLEY AVE,,Columbus,OH,43204
120,S BURGESS AVE,,Columbus,OH,43204
334,S ROYS AVE,,Columbus,OH,43204
2420,SCIOTO HARPER DR,,Columbus,OH,43204
1316,RUNAWAY BAY DR,CN 1A,Columbus,OH,43204
2968,FREMONT ST,,Columbus,OH,43204
2812,W BROAD ST,,Columbus,OH,43204
3053,JERSEY DR,,Columbus,OH,43204
2312,HARDESTY CT,,Columbus,OH,43204
1152,ST AGNES AVE,,Columbus,OH,43204
760,MACLAM DR,,Columbus,OH,43204
3029,WESTMOOR CT,,Columbus,OH,43204
129,S OGDEN AVE,,Columbus,OH,43204
2445,MARBLEVISTA BLVD,,Columbus,OH,43204
200,N HURON AVE,F,Columbus,OH,43204
407,DERRER RD,,Columbus,OH,43204
722,RACINE AVE,,Columbus,OH,43204
1729,LAKE SHORE DR,,Columbus,OH,43204
899,STEPHEN DR W,,Columbus,OH,43204
232,S BURGESS AVE,,Columbus,OH,43204
144,N SOUTHAMPTON AVE,,Columbus,OH,43204
3387,STEPHEN DR S,,Columbus,OH,43204
3098,S WESTGATE AVE,,Columbus,OH,43204
1431,RUNAWAY BAY DR,CN 3D,Columbus,OH,43204
3018,OLIVE ST,,Columbus,OH,43204
710,S ROYS AVE,,Columbus,OH,43204
380,S HARRIS AVE,,Columbus,OH,43204
741,S RICHARDSON AVE,,Columbus,OH,43204
3333,W BROAD ST,14,Columbus,OH,43204
3671,WEST HORIZONS,APT 205,Columbus,OH,43204
208,N TERRACE AVE,,Columbus,OH,43204
3018,SULLIVANT AVE,,Columbus,OH,43204
728,S HAGUE AVE,,Columbus,OH,43204
434,S CHASE AVE,,Columbus,OH,43204
763,S WARREN AVE,,Columbus,OH,43204
354,S BRINKER AVE,,Columbus,OH,43204
1020,HARDESTY PL W,,Columbus,OH,43204
1448,CLIFF CT,C,Columbus,OH,43204
985,S ROYS AVE,,Columbus,OH,43204
1086,ST AGNES AVE,,Columbus,OH,43204
3660,WEST HORIZONS,APT 103,Columbus,OH,43204
362,S HARRIS AVE,,Columbus,OH,43204
75,N WILSON RD,,Columbus,OH,43204
1503,RUNAWAY BAY DR,CN 3A,Columbus,OH,43204
196,N POWELL AVE,,Columbus,OH,43204
3561,WILSON WOODS DR,L,Columbus,OH,43204
995,S ROYS AVE,,Columbus,OH,43204
3501,WILKES CT,,Columbus,OH,43204
178,N EUREKA AVE,,Columbus,OH,43204
488,S HURON AVE,,Columbus,OH,43204
3039,PALMETTO ST,,Columbus,OH,43204
2678,RUTH CT,,Columbus,OH,43204
4049,SANDY RIDGE DR,,Columbus,OH,43204
264,S BRINKER AVE,,Columbus,OH,43204
1325,LAKE SHORE DR,UNIT B,Columbus,OH,43204
634,RACINE AVE,,Columbus,OH,43204
222,S ALGONQUIN AVE,,Columbus,OH,43204
3529,WILSON WOODS DR,,Columbus,OH,43204
1123,HARDESTY PL E,,Columbus,OH,43204
712,S HAGUE AVE,,Columbus,OH,43204
2699,BERNADETTE RD,,Columbus,OH,43204
651,LANCE CT,,Columbus,OH,43204
670,S BURGESS AVE,,Columbus,OH,43204
2826,ST JOSEPH AVE,,Columbus,OH,43204
3669,FOSSIL DR,,Columbus,OH,43204
578,S WAYNE AVE,,Columbus,OH,43204
757,S WARREN AVE,,Columbus,OH,43204
180,S WARREN AVE,,Columbus,OH,43204
96,DERRER RD,,Columbus,OH,43204
1078,S EUREKA AVE,,Columbus,OH,43204
40,S HAGUE AVE,,Columbus,OH,43204
1683,QUARRY TRACE,,Columbus,OH,43204
2707,ST JOSEPH AVE,,Columbus,OH,43204
97,DERRER ESTATES PL,,Columbus,OH,43204
1805,SAN REMO DR,,Columbus,OH,43204
370,S TERRACE AVE,,Columbus,OH,43204
3492,WILSON WOODS DR,C,Columbus,OH,43204
2578,SULLIVANT AVE,,Columbus,OH,43204
2735,MARBLEVISTA BLVD,,Columbus,OH,43204
1516,RUNAWAY BAY DR,CN 3D,Columbus,OH,43204
3150,SULLIVANT AVE,,Columbus,OH,43204
1905,MAPLEWAY DR,,Columbus,OH,43204
406,S POWELL AVE,,Columbus,OH,43204
538,S TERRACE AVE,,Columbus,OH,43204
659,S WAYNE AVE,,Columbus,OH,43204
679,S RICHARDSON AVE,,Columbus,OH,43204
47,N ROYS AVE,,Columbus,OH,43204
2485,QUARRY VALLEY RD,,Columbus,OH,43204
2734,ROSEDALE AVE,,Columbus,OH,43204
3376,TIMBER RUN DR,,Columbus,OH,43204
94,N WESTMOOR AVE,B,Columbus,OH,43204
729,S HAGUE AVE,,Columbus,OH,43204
2867,WICKLOW RD,B,Columbus,OH,43204
155,S RICHARDSON AVE,,Columbus,OH,43204
460,S BURGESS AVE,,Columbus,OH,43204
320,S BRINKER AVE,,Columbus,OH,43204
1209,RIEGELWOOD LN,,Columbus,OH,43204
2940,W BROAD ST,,Columbus,OH,43204
334,S WAYNE AVE,,Columbus,OH,43204
1237,LAKE SHORE DR,UNIT A,Columbus,OH,43204
976,HODGES DR,,Columbus,OH,43204
3510,LINDENDALE DR,,Columbus,OH,43204
1238,ONSLOW DR,,Columbus,OH,43204
100,N WAYNE AVE,,Columbus,OH,43204
654,S SYLVAN AVE,,Columbus,OH,43204
2451,W MOUND ST,,Columbus,OH,43204
350,S WHEATLAND AVE,,Columbus,OH,43204
255,S POWELL AVE,UNIT C,Columbus,OH,43204
2739,SUTTON AVE,,Columbus,OH,43204
618,S OAKLEY AVE,,Columbus,OH,43204
2464,WESTWOOD AVE,,Columbus,OH,43204
1441,CLIFF CT,C,Columbus,OH,43204
174,S WARREN AVE,,Columbus,OH,43204
796,DEMOREST RD,,Columbus,OH,43204
3667,DRAGONFLY DR,,Columbus,OH,43204
3597,INTERCHANGE RD,,Columbus,OH,43204
45,N WAYNE AVE,,Columbus,OH,43204
121,S TERRACE AVE,,Columbus,OH,43204
729,S ROYS AVE,,Columbus,OH,43204
1221,WARBLE DR,,Columbus,OH,43204
2744,KEVIN CT,,Columbus,OH,43204
2862,FISHER RD,,Columbus,OH,43204
3014,SULLIVANT AVE,,Columbus,OH,43204
328,S BRINKER AVE,,Columbus,OH,43204
156,S HAGUE AVE,,Columbus,OH,43204
3577,INTERCHANGE RD,,Columbus,OH,43204
1528,RUNAWAY BAY DR,,Columbus,OH,43204
353,S OAKLEY AVE,,Columbus,OH,43204
3166,W BROAD ST,,Columbus,OH,43204
143,N HARRIS AVE,,Columbus,OH,43204
314,S TERRACE AVE,,Columbus,OH,43204
393,DERRER RD,,Columbus,OH,43204
526,S WAYNE AVE,,Columbus,OH,43204
3222,VANDERBERG AVE,,Columbus,OH,43204
2842,WOODCROFT RD,,Columbus,OH,43204
830,LINDENDALE CT,,Columbus,OH,43204
2530,REGINA AVE,,Columbus,OH,43204
2948,WOODLOOP LN,,Columbus,OH,43204
923,S RICHARDSON AVE,,Columbus,OH,43204
334,LETCHWORTH AVE,,Columbus,OH,43204
2555,REGINA AVE,,Columbus,OH,43204
172,S OAKLEY AVE,,Columbus,OH,43204
963,S BRINKER AVE,,Columbus,OH,43204
2457,SYMINGTON AVE,,Columbus,OH,43204
724,S SYLVAN AVE,,Columbus,OH,43204
125,S WARREN AVE,,Columbus,OH,43204
626,BRIXHAM RD,,Columbus,OH,43204
124,N ROYS AVE,,Columbus,OH,43204
42,N HARRIS AVE,,Columbus,OH,43204
228,S RICHARDSON AVE,,Columbus,OH,43204
2627,MARBLEVISTA BLVD,,Columbus,OH,43204
167,N HALDY AVE,,Columbus,OH,43204
115,DEMOREST AVE,,Columbus,OH,43204
220,N OAKLEY AVE,,Columbus,OH,43204
829,LINDENDALE CT,,Columbus,OH,43204
259,N HARRIS AVE,,Columbus,OH,43204
284,N WARREN AVE,,Columbus,OH,43204
1534,RUNAWAY BAY DR,CN 1A,Columbus,OH,43204
684,WILTSHIRE RD,,Columbus,OH,43204
2668,MARBLEVISTA BLVD,,Columbus,OH,43204
2857,ABBOTS COVE BLVD,,Columbus,OH,43204
690,S HAGUE AVE,,Columbus,OH,43204
1163,FARMHURST CT,,Columbus,OH,43204
2786,SCIOTO STATION DR,,Columbus,OH,43204
1382,BAY SHORE DR,CN 1A,Columbus,OH,43204
3246,STEPHEN DR S,,Columbus,OH,43204
110,S BRINKER AVE,,Columbus,OH,43204
1257,LAKE SHORE DR,UNIT A,Columbus,OH,43204
388,S BURGESS AVE,,Columbus,OH,43204
2642,FISHER RD,,Columbus,OH,43204
842,REGINA CT,C,Columbus,OH,43204
172,N WILSON RD,,Columbus,OH,43204
2176,QUARRY VALLEY RD,,Columbus,OH,43204
2693,REGINA AVE,,Columbus,OH,43204
267,POWHATAN AVE,,Columbus,OH,43204
991,SALISBURY RD,,Columbus,OH,43204
140,N WARREN AVE,,Columbus,OH,43204
801,CHESTERSHIRE RD,,Columbus,OH,43204
616,N HAGUE AVE,,Columbus,OH,43204
2376,HARDESTY DR S,,Columbus,OH,43204
342,GUERNSEY AVE,,Columbus,OH,43204
3012,FREMONT ST,,Columbus,OH,43204
103,S TERRACE AVE,,Columbus,OH,43204
3195,VAUXHALL DR,,Columbus,OH,43204
437,S HARRIS AVE,,Columbus,OH,43204
3237,MCKINLEY AVE,20,Columbus,OH,43204
2721,MARBLEVISTA BLVD,,Columbus,OH,43204
2551,SULLIVANT AVE,,Columbus,OH,43204
2700,ST JOSEPH AVE,,Columbus,OH,43204
32,N ROYS AVE,,Columbus,OH,43204
3881,POPLAR BEND DR,,Columbus,OH,43204
65,N ROYS AVE,,Columbus,OH,43204
268,S CHASE AVE,A,Columbus,OH,43204
697,MACLAM DR,,Columbus,OH,43204
3605,GRAYBECK DR,,Columbus,OH,43204
87,N WESTMOOR AVE,,Columbus,OH,43204
1507,RUNAWAY BAY DR,,Columbus,OH,43204
138,S HARRIS AVE,,Columbus,OH,43204
76,N CHASE AVE,,Columbus,OH,43204
45,N WESTGATE AVE,,Columbus,OH,43204
1230,TREEHAVEN LN,,Columbus,OH,43204
717,S OGDEN AVE,,Columbus,OH,43204
2830,FISHER RD,D,Columbus,OH,43204
3506,FREMONT ST,,Columbus,OH,43204
3705,BUSINESS PARK DR,,Columbus,OH,43204
2576,MARBLEVISTA BLVD,,Columbus,OH,43204
690,KINGSFORD RD,B,Columbus,OH,43204
780,DEMOREST RD,,Columbus,OH,43204
228,N HARRIS AVE,,Columbus,OH,43204
1919,MAPLEWAY DR,,Columbus,OH,43204
149,N HURON AVE,,Columbus,OH,43204
1439,LAKE SHORE DR,,Columbus,OH,43204
2698,BERNADETTE RD,,Columbus,OH,43204
3385,EMELINE DR,,Columbus,OH,43204
1853,SAN REMO DR,,Columbus,OH,43204
3088,SULLIVANT AVE,,Columbus,OH,43204
576,CHESTERSHIRE RD,,Columbus,OH,43204
216,N HAGUE AVE,,Columbus,OH,43204
713,S OGDEN AVE,,Columbus,OH,43204
852,BRIXHAM RD,,Columbus,OH,43204
537,S WAYNE AVE,,Columbus,OH,43204
3232,WHITEHEAD RD,,Columbus,OH,43204
3671,WEST HORIZONS,APT 203,Columbus,OH,43204
154,N WARREN AVE,,Columbus,OH,43204
2162,MCKINLEY AVE,,Columbus,OH,43204
3721,GIBBSTONE DR,,Columbus,OH,43204
2860,VALLEY VIEW DR,,Columbus,OH,43204
2007,MARBLE CLIFF CROSSING CT,,Columbus,OH,43204
765,S ROYS AVE,,Columbus,OH,43204
142,S POWELL AVE,,Columbus,OH,43204
2609,MCKINLEY AVE,,Columbus,OH,43204
3617,EDSON DR,,Columbus,OH,43204
3583,EDSON DR,,Columbus,OH,43204
3492,WILSON WOODS DR,K,Columbus,OH,43204
330,S CHASE AVE,,Columbus,OH,43204
104,S POWELL AVE,,Columbus,OH,43204
700,DEMOREST RD,,Columbus,OH,43204
1363,RESTWOOD CT,,Columbus,OH,43204
714,DERRER RD,,Columbus,OH,43204
664,S TERRACE AVE,,Columbus,OH,43204
1164,PINNACLE DR,,Columbus,OH,43204
1151,FARMHURST CT,,Columbus,OH,43204
1075,BRONWYN AVE,,Columbus,OH,43204
2638,MARBLEVISTA BLVD,,Columbus,OH,43204
574,S TERRACE AVE,,Columbus,OH,43204
3739,GRIMES DR,,Columbus,OH,43204
491,S WARREN AVE,,Columbus,OH,43204
3273,MEDOMA DR,,Columbus,OH,43204
2580,FREMONT ST,A,Columbus,OH,43204
1335,TRADE WINDS DR,APT 200,Columbus,OH,43204
1793,QUARRY VIEW,,Columbus,OH,43204
1439,LAKE SHORE DR,,Columbus,OH,43204
191,S HAGUE AVE,,Columbus,OH,43204
352,N ALGONQUIN AVE,,Columbus,OH,43204
2873,ABBOTS COVE BLVD,,Columbus,OH,43204
3103,W BROAD ST,,Columbus,OH,43204
339,S TERRACE AVE,,Columbus,OH,43204
209,N HAGUE AVE,,Columbus,OH,43204
280 1/2,S WHEATLAND AVE,,Columbus,OH,43204
983,RACINE AVE,,Columbus,OH,43204
3546,WILSON WOODS DR,A,Columbus,OH,43204
238,GUERNSEY AVE,,Columbus,OH,43204
2853,LONGFIELD RD,,Columbus,OH,43204
100,DERRER MEADOW LN,,Columbus,OH,43204
1100,ABBOTS BLUFF CT,,Columbus,OH,43204
62,N WESTMOOR AVE,,Columbus,OH,43204
860,BRIXHAM RD,,Columbus,OH,43204
2325,HARDESTY DR N,,Columbus,OH,43204
188,N HARRIS AVE,,Columbus,OH,43204
2650,W BROAD ST,,Columbus,OH,43204
840,S ROYS AVE,,Columbus,OH,43204
1103,RACINE AVE,,Columbus,OH,43204
1217,WARBLE DR,,Columbus,OH,43204
145,N EUREKA AVE,,Columbus,OH,43204
1316,RUNAWAY BAY DR,CN 3A,Columbus,OH,43204
609,S WHEATLAND AVE,,Columbus,OH,43204
175,S BRINKER AVE,,Columbus,OH,43204
154,N CHASE AVE,,Columbus,OH,43204
204,N SOUTHAMPTON AVE,,Columbus,OH,43204
3599,INTERCHANGE RD,,Columbus,OH,43204
603,BINNS BLVD,,Columbus,OH,43204
1414,RUNAWAY BAY DR,CN 2B,Columbus,OH,43204
3158,WHITEHEAD RD,,Columbus,OH,43204
148,N WESTMOOR AVE,,Columbus,OH,43204
3763,INTERCHANGE RD,,Columbus,OH,43204
779,BINNS BLVD,,Columbus,OH,43204
3400,CAMP CHASE DR,B5,Columbus,OH,43204
617,S OGDEN AVE,,Columbus,OH,43204
2364,W MOUND ST,,Columbus,OH,43204
310,S HAGUE AVE,,Columbus,OH,43204
852,S ROYS AVE,,Columbus,OH,43204
122,S WHEATLAND AVE,,Columbus,OH,43204
2963,FREMONT ST,,Columbus,OH,43204
287,N BURGESS AVE,,Columbus,OH,43204
53,S ALGONQUIN AVE,,Columbus,OH,43204
316,S SOUTHAMPTON AVE,,Columbus,OH,43204
687,CHESTERSHIRE RD,,Columbus,OH,43204
205,N HAGUE AVE,,Columbus,OH,43204
2846,ABBOTS COVE BLVD,,Columbus,OH,43204
2886,ROSEDALE AVE,,Columbus,OH,43204
321,S SOUTHAMPTON AVE,,Columbus,OH,43204
1028,S HARRIS AVE,,Columbus,OH,43204
1301,LAKE SHORE DR,,Columbus,OH,43204
727,HARRISON DR,,Columbus,OH,43204
229,N WAYNE AVE,,Columbus,OH,43204
222,S SYLVAN AVE,,Columbus,OH,43204
306,S HURON AVE,,Columbus,OH,43204
240,S WESTMOOR AVE,,Columbus,OH,43204
372,S EUREKA AVE,,Columbus,OH,43204
3359,SULLIVANT AVE,,Columbus,OH,43204
103,LETCHWORTH AVE,,Columbus,OH,43204
716,S SYLVAN AVE,,Columbus,OH,43204
3499,WILSON WOODS DR,,Columbus,OH,43204
239,N BRINKER AVE,,Columbus,OH,43204
1257,WARBLE DR,,Columbus,OH,43204
3916,BASIA DR,,Columbus,OH,43204
1726,QUARRY TRACE,,Columbus,OH,43204
369,N SYLVAN AVE,,Columbus,OH,43204
514,BINNS BLVD,,Columbus,OH,43204
1087,PARMA AVE,,Columbus,OH,43204
2481,MARBLEVISTA BLVD,,Columbus,OH,43204
2415,QUARRY VALLEY RD,,Columbus,OH,43204
2444,HARDESTY DR S,,Columbus,OH,43204
45,N HURON AVE,,Columbus,OH,43204
2630,W BROAD ST,,Columbus,OH,43204
317,S WARREN AVE,,Columbus,OH,43204
1073,RACINE AVE,,Columbus,OH,43204
152,N WILSON RD,,Columbus,OH,43204
2599,GRACE ST,,Columbus,OH,43204
997,S HAGUE AVE,,Columbus,OH,43204
1414,LAKE SHORE DR,B,Columbus,OH,43204
3520,WILSON WOODS DR,B,Columbus,OH,43204
2722,MARBLEVISTA BLVD,,Columbus,OH,43204
678,S HARRIS AVE,,Columbus,OH,43204
1141,ONSLOW DR,,Columbus,OH,43204
138,POWHATAN AVE,,Columbus,OH,43204
2925,W BROAD ST,,Columbus,OH,43204
2717,MARBLEVISTA BLVD,,Columbus,OH,43204
924,VANDERBERG PL,,Columbus,OH,43204
2172,MCKINLEY AVE,,Columbus,OH,43204
851,REGINA CT,C,Columbus,OH,43204
584,S WAYNE AVE,,Columbus,OH,43204
1830,QUARRY VIEW,,Columbus,OH,43204
45,S TERRACE AVE,,Columbus,OH,43204
3573,INTERCHANGE RD,,Columbus,OH,43204
2653,SULLIVANT AVE,,Columbus,OH,43204
216,N WARREN AVE,,Columbus,OH,43204
215,N BURGESS AVE,,Columbus,OH,43204
24,S EUREKA AVE,,Columbus,OH,43204
1204,NATHAN DR,,Columbus,OH,43204
1085,WILTSHIRE RD,,Columbus,OH,43204
1558,RUNAWAY BAY DR,CN 1B,Columbus,OH,43204
2424,HARDESTY DR S,,Columbus,OH,43204
692,BRIXHAM RD,,Columbus,OH,43204
1134,ST JUDE AVE,,Columbus,OH,43204
3477,EAKIN RD,,Columbus,OH,43204
121,N ROYS AVE,,Columbus,OH,43204
709,S ROYS AVE,,Columbus,OH,43204
325,S BURGESS AVE,,Columbus,OH,43204
269,S EUREKA AVE,,Columbus,OH,43204
905,MIRIAM DR E,,Columbus,OH,43204
1257,LAKE SHORE DR,,Columbus,OH,43204
661,S BRINKER AVE,,Columbus,OH,43204
3938,DEER LAKE WAY,,Columbus,OH,43204
2704,QUARRY LAKE DR,,Columbus,OH,43204
571,S HARRIS AVE,,Columbus,OH,43204
655,DEMOREST RD,,Columbus,OH,43204
3245,SULLIVANT AVE,A,Columbus,OH,43204
603,S EUREKA AVE,,Columbus,OH,43204
58,S RICHARDSON AVE,,Columbus,OH,43204
3450,WILSON WOODS DR,E,Columbus,OH,43204
1442,BAY SHORE DR,CN 2B,Columbus,OH,43204
2780,MARBLEVISTA BLVD,,Columbus,OH,43204
928,WILTSHIRE RD,,Columbus,OH,43204
1439,LAKE SHORE DR,UNIT C,Columbus,OH,43204
778,RACINE AVE,,Columbus,OH,43204
3600,EDSON DR,,Columbus,OH,43204
1366,WILD OATS DR,,Columbus,OH,43204
604,S OGDEN AVE,,Columbus,OH,43204
147,N WAYNE AVE,,Columbus,OH,43204
1244,DEMOREST RD,,Columbus,OH,43204
77,N BRINKER AVE,,Columbus,OH,43204
1369,ROYSTON DR,,Columbus,OH,43204
129,S HARRIS AVE,,Columbus,OH,43204
640,KINGSFORD RD,,Columbus,OH,43204
2896,CRESCENT DR,,Columbus,OH,43204
665,S HARRIS AVE,,Columbus,OH,43204
3919,BUSINESS PARK DR,,Columbus,OH,43204
3073,JERSEY DR,,Columbus,OH,43204
54,N POWELL AVE,,Columbus,OH,43204
3264,MEDOMA DR,,Columbus,OH,43204
1194,PINNACLE DR,,Columbus,OH,43204
428,S OGDEN AVE,,Columbus,OH,43204
2574,REGINA AVE,,Columbus,OH,43204
314,S BURGESS AVE,,Columbus,OH,43204
460,JOSEPHINE AVE,,Columbus,OH,43204
2557,EAKIN RD,,Columbus,OH,43204
2385,SULLIVANT AVE,,Columbus,OH,43204
720,S ROYS AVE,,Columbus,OH,43204
159,BINNS BLVD,,Columbus,OH,43204
408,DERRER RD,,Columbus,OH,43204
3145,PARKSIDE RD,,Columbus,OH,43204
150,N BURGESS AVE,,Columbus,OH,43204
31,S ALGONQUIN AVE,,Columbus,OH,43204
3077,JERSEY DR,,Columbus,OH,43204
2671,SULLIVANT AVE,,Columbus,OH,43204
60,S RICHARDSON AVE,,Columbus,OH,43204
1417,WILD OATS DR,,Columbus,OH,43204
693,ATHENS AVE,,Columbus,OH,43204
633,DERRER RD,,Columbus,OH,43204
280,S CHASE AVE,A,Columbus,OH,43204
1340,THACKER CT,B,Columbus,OH,43204
37,N SYLVAN AVE,,Columbus,OH,43204
38,N HURON AVE,,Columbus,OH,43204
805,S WARREN AVE,,Columbus,OH,43204
135,DERRER MEADOW LN,,Columbus,OH,43204
3237,MCKINLEY AVE,4,Columbus,OH,43204
660,S EUREKA AVE,,Columbus,OH,43204
3569,INTERCHANGE RD,,Columbus,OH,43204
624,S RICHARDSON AVE,,Columbus,OH,43204
2814,FISHER RD,,Columbus,OH,43204
3458,WILSON WOODS DR,C,Columbus,OH,43204
47,N WESTGATE AVE,,Columbus,OH,43204
1150,ONSLOW DR,,Columbus,OH,43204
153,N BURGESS AVE,,Columbus,OH,43204
1793,LAKE SHORE DR,,Columbus,OH,43204
129,N WAYNE AVE,,Columbus,OH,43204
2920,LA VISTA DR,D,Columbus,OH,43204
3917,POPLAR BEND DR,,Columbus,OH,43204
2936,ABBOTS COVE BLVD,,Columbus,OH,43204
411,JOSEPHINE AVE,,Columbus,OH,43204
143 1/2,N WESTMOOR AVE,,Columbus,OH,43204
1371,BROOKFOREST DR,,Columbus,OH,43204
98,N HALDY AVE,,Columbus,OH,43204
2851,NICHOLAS AVE,,Columbus,OH,43204
2579,QUARRY LAKE DR,,Columbus,OH,43204
2338 1/2,W BROAD ST,A,Columbus,OH,43204
3566,WILSON WOODS DR,L,Columbus,OH,43204
1800,LAKE SHORE DR,,Columbus,OH,43204
3184,SULLIVANT AVE,,Columbus,OH,43204
54,S OAKLEY AVE,,Columbus,OH,43204
34,N OGDEN AVE,,Columbus,OH,43204
1028,SALISBURY RD,,Columbus,OH,43204
1296,BELLFLOWER AVE,,Columbus,OH,43204
372,S POWELL AVE,,Columbus,OH,43204
2323,HARDESTY DR N,,Columbus,OH,43204
1041,BELLFLOWER AVE,,Columbus,OH,43204
1104,ST AGNES AVE,,Columbus,OH,43204
202,DERRER RD,,Columbus,OH,43204
675,KINGSFORD RD,UNIT B1,Columbus,OH,43204
47,N HURON AVE,,Columbus,OH,43204
362,S OGDEN AVE,,Columbus,OH,43204
1285,GRESHAM RD,,Columbus,OH,43204
2610,SPAATZ AVE,,Columbus,OH,43204
775,CHESTERSHIRE RD,,Columbus,OH,43204
3406,WILSON WOODS DR,L,Columbus,OH,43204
2577,QUARRY LAKE DR,,Columbus,OH,43204
3237,COLONY VISTA LN,,Columbus,OH,43204
1249,TREVOR CT,,Columbus,OH,43204
79,N OAKLEY AVE,,Columbus,OH,43204
799,MACLAM DR,,Columbus,OH,43204
690,LANCE CT,,Columbus,OH,43204
697,POWHATAN AVE,,Columbus,OH,43204
714,KAREN CT,,Columbus,OH,43204
2671,PALMETTO ST,UNIT A,Columbus,OH,43204
2859,WOODCROFT RD,,Columbus,OH,43204
176,N HARRIS AVE,,Columbus,OH,43204
3030,W BROAD ST,,Columbus,OH,43204
236,LETCHWORTH AVE,,Columbus,OH,43204
944,MIRIAM DR E,,Columbus,OH,43204
871,STEPHEN DR W,,Columbus,OH,43204
1867,SAN REMO DR,,Columbus,OH,43204
3561,WILSON WOODS DR,F,Columbus,OH,43204
2345,KEEP PL,,Columbus,OH,43204
64,S OAKLEY AVE,,Columbus,OH,43204
576,CRESCENT RD,,Columbus,OH,43204
891,KINGSFORD RD,C,Columbus,OH,43204
3005,WESTMOOR DR,,Columbus,OH,43204
3470,RACE ST,,Columbus,OH,43204
198,N WESTMOOR AVE,UNIT B,Columbus,OH,43204
818,STEPHEN DR W,,Columbus,OH,43204
2499,W BROAD ST,,Columbus,OH,43204
2000,MARBLE CLIFF CROSSING CT,,Columbus,OH,43204
110,N HURON AVE,,Columbus,OH,43204
2674,SCIOTO STATION DR,,Columbus,OH,43204
2954,CRESCENT DR,,Columbus,OH,43204
1356,RUNAWAY BAY DR,CN 3D,Columbus,OH,43204
2384,APPLE ST,,Columbus,OH,43204
327,S CHASE AVE,,Columbus,OH,43204
1478,CLIFF CT,C,Columbus,OH,43204
3237,MCKINLEY AVE,107,Columbus,OH,43204
319,S HARRIS AVE,,Columbus,OH,43204
1318,TELHAM CT,,Columbus,OH,43204
1467,LAKE SHORE DR,A,Columbus,OH,43204
642,S WHEATLAND AVE,,Columbus,OH,43204
86,S OGDEN AVE,,Columbus,OH,43204
148,N HALDY AVE,,Columbus,OH,43204
123,POWHATAN AVE,,Columbus,OH,43204
606,S WAYNE AVE,,Columbus,OH,43204
2778,ST PATRICK RD,,Columbus,OH,43204
1061,WILTSHIRE RD,,Columbus,OH,43204
2472,QUARRY LAKE DR,,Columbus,OH,43204
689,S WHEATLAND AVE,,Columbus,OH,43204
2251,QUARRY VALLEY RD,,Columbus,OH,43204
3118,WICKLOW RD,,Columbus,OH,43204
3164,MIRIAM DR N,,Columbus,OH,43204
1081,HARDESTY PL E,,Columbus,OH,43204
148,DEMOREST AVE,,Columbus,OH,43204
3062,WOODLOOP LN,,Columbus,OH,43204
229,S ROYS AVE,,Columbus,OH,43204
3847,POPLAR BEND DR,,Columbus,OH,43204
2374,HARDESTY DR S,,Columbus,OH,43204
2365,SULLIVANT AVE,,Columbus,OH,43204
3930,DEER LAKE WAY,,Columbus,OH,43204
736,BINNS BLVD,,Columbus,OH,43204
2810,LA VISTA DR,,Columbus,OH,43204
895,WILTSHIRE RD,,Columbus,OH,43204
1133,FARMHURST CT,,Columbus,OH,43204
761,RACINE AVE,,Columbus,OH,43204
314,S HAGUE AVE,,Columbus,OH,43204
1009,S HARRIS AVE,,Columbus,OH,43204
456,S WESTGATE AVE,,Columbus,OH,43204
1249,WARBLE DR,,Columbus,OH,43204
481,N POWELL AVE,,Columbus,OH,43204
3237,MCKINLEY AVE,68,Columbus,OH,43204
97,POWHATAN AVE,,Columbus,OH,43204
4018,SANDY RIDGE DR,,Columbus,OH,43204
881,KINGSFORD RD,,Columbus,OH,43204
37,N ROYS AVE,,Columbus,OH,43204
1842,LAKE SHORE DR,,Columbus,OH,43204
3640,EAKIN RD,2C,Columbus,OH,43204
68,S HARRIS AVE,,Columbus,OH,43204
3814,FARM BROOK LN,,Columbus,OH,43204
116,N OAKLEY AVE,,Columbus,OH,43204
113,N HARRIS AVE,,Columbus,OH,43204
1299,WOODCROFT RD E,,Columbus,OH,43204
373,S EUREKA AVE,,Columbus,OH,43204
508,WESTMOOR PL,,Columbus,OH,43204
636,BRIXHAM RD,,Columbus,OH,43204
1207,ROMONA PL,,Columbus,OH,43204
756,S BURGESS AVE,,Columbus,OH,43204
375,S RICHARDSON AVE,,Columbus,OH,43204
221,N EUREKA AVE,,Columbus,OH,43204
51,N HURON AVE,,Columbus,OH,43204
56,S BURGESS AVE,,Columbus,OH,43204
777,WILTSHIRE RD,,Columbus,OH,43204
178,N WARREN AVE,,Columbus,OH,43204
3235,SULLIVANT AVE,L,Columbus,OH,43204
796,S OGDEN AVE,,Columbus,OH,43204
169,S HURON AVE,,Columbus,OH,43204
371,S WAYNE AVE,,Columbus,OH,43204
656,DEXTER AVE,,Columbus,OH,43204
843,MIRIAM DR W,,Columbus,OH,43204
174,S OAKLEY AVE,,Columbus,OH,43204
182,S HAGUE AVE,,Columbus,OH,43204
3034,WOODLOOP LN,,Columbus,OH,43204
1096,ABBOTS BLUFF CT,,Columbus,OH,43204
38,OREL AVE,,Columbus,OH,43204
3511,SULLIVANT AVE,,Columbus,OH,43204
37,N WARREN AVE,,Columbus,OH,43204
346,S RICHARDSON AVE,,Columbus,OH,43204
1041,S BRINKER AVE,,Columbus,OH,43204
1236,TREEHAVEN LN,,Columbus,OH,43204
405,S HARRIS AVE,,Columbus,OH,43204
673,JOYFUL ST,,Columbus,OH,43204
490,S WARREN AVE,,Columbus,OH,43204
3496,WILKES CT,,Columbus,OH,43204
26,S HURON AVE,,Columbus,OH,43204
1332,S HAGUE AVE,,Columbus,OH,43204
212,S WHEATLAND AVE,,Columbus,OH,43204
1253,TREEHAVEN LN,,Columbus,OH,43204
278,S TERRACE AVE,,Columbus,OH,43204
858,STEPHEN DR W,,Columbus,OH,43204
3333,W BROAD ST,15,Columbus,OH,43204
1448,RUNAWAY BAY DR,CN 2B,Columbus,OH,43204
387,S CHASE AVE,A,Columbus,OH,43204
698,DEXTER AVE,,Columbus,OH,43204
145,N ROYS AVE,,Columbus,OH,43204
78,N CHASE AVE,,Columbus,OH,43204
501,INDUSTRY DR,,Columbus,OH,43204
3296,RUDON LN,,Columbus,OH,43204
375,S POWELL AVE,,Columbus,OH,43204
910,S RICHARDSON AVE,,Columbus,OH,43204
993,BROOKS END CT,,Columbus,OH,43204
3440,TIMBER OAK DR,,Columbus,OH,43204
523,S HARRIS AVE,,Columbus,OH,43204
312,N WARREN AVE,,Columbus,OH,43204
427,S HURON AVE,,Columbus,OH,43204
22,N OGDEN AVE,,Columbus,OH,43204
234,N WARREN AVE,,Columbus,OH,43204
2613,WHITEHEAD RD,,Columbus,OH,43204
202,S SOUTHAMPTON AVE,,Columbus,OH,43204
138,N CHASE AVE,,Columbus,OH,43204
223,S HARRIS AVE,,Columbus,OH,43204
17,S ALGONQUIN AVE,,Columbus,OH,43204
3084,MARY AVE,,Columbus,OH,43204
914,BINNS BLVD,,Columbus,OH,43204
3195,EAKIN RD,,Columbus,OH,43204
3523,SENATOR CT,,Columbus,OH,43204
3287,MAPLEWAY LN,,Columbus,OH,43204
552,S WAYNE AVE,,Columbus,OH,43204
223,S WHEATLAND AVE,,Columbus,OH,43204
764,WILTSHIRE RD,,Columbus,OH,43204
314,S WARREN AVE,,Columbus,OH,43204
650,S BURGESS AVE,,Columbus,OH,43204
2576,QUARRY LAKE DR,,Columbus,OH,43204
2803,VANDERBERG AVE,,Columbus,OH,43204
726,WILTSHIRE RD,,Columbus,OH,43204
166,N OGDEN AVE,,Columbus,OH,43204
2360,W BROAD ST,,Columbus,OH,43204
2307,QUARRY VALLEY RD,,Columbus,OH,43204
656,S BURGESS AVE,,Columbus,OH,43204
102,S TERRACE AVE,,Columbus,OH,43204
2955,DAISY LN,,Columbus,OH,43204
2855,LA VISTA DR,,Columbus,OH,43204
2730,MARBLEVISTA BLVD,,Columbus,OH,43204
65,N TERRACE AVE,,Columbus,OH,43204
363,S POWELL AVE,C,Columbus,OH,43204
704,DERRER RD,,Columbus,OH,43204
1357,TRADE WINDS DR,APT 101,Columbus,OH,43204
931,MIRIAM DR E,,Columbus,OH,43204
1524,HIGHBROOK DR,,Columbus,OH,43204
2992,CORTONA RD,,Columbus,OH,43204
3121,SULLIVANT AVE,B,Columbus,OH,43204
600,S WHEATLAND AVE,UNIT B,Columbus,OH,43204
815,SALISBURY RD,,Columbus,OH,43204
625,SALISBURY RD,,Columbus,OH,43204
2624,ROSEDALE AVE,,Columbus,OH,43204
2335,HARDESTY CT,,Columbus,OH,43204
90,N CHASE AVE,,Columbus,OH,43204
332,BINNS BLVD,,Columbus,OH,43204
54,N OGDEN AVE,,Columbus,OH,43204
1418,BAY SHORE DR,CN 1C,Columbus,OH,43204
2602,QUARRY LAKE DR,,Columbus,OH,43204
772,BRIXHAM RD,,Columbus,OH,43204
3083,PARKSIDE RD,,Columbus,OH,43204
75,DEMOREST AVE,,Columbus,OH,43204
738,POWHATAN AVE,,Columbus,OH,43204
822,LINDENDALE CT,,Columbus,OH,43204
2400,POMOLA ST,,Columbus,OH,43204
182,S WESTGATE AVE,,Columbus,OH,43204
112,N TERRACE AVE,,Columbus,OH,43204
2429,W 5TH AVE,,Columbus,OH,43204
322,S RICHARDSON AVE,,Columbus,OH,43204
875,WILTSHIRE RD,,Columbus,OH,43204
1261,LAKE SHORE DR,UNIT B,Columbus,OH,43204
3311,W BROAD ST,,Columbus,OH,43204
474,S HURON AVE,,Columbus,OH,43204
278,S WAYNE AVE,,Columbus,OH,43204
705,POWHATAN AVE,,Columbus,OH,43204
163,POWHATAN AVE,,Columbus,OH,43204
705,DEXTER AVE,,Columbus,OH,43204
2998,MCKINLEY AVE,,Columbus,OH,43204
941,STEPHEN DR W,,Columbus,OH,43204
3476,STALLING CT,,Columbus,OH,43204
2964,LA VISTA DR,,Columbus,OH,43204
226,S BRINKER AVE,,Columbus,OH,43204
648,S HARRIS AVE,,Columbus,OH,43204
1099,CHESTERSHIRE RD,,Columbus,OH,43204
2732,MARBLEVISTA BLVD,,Columbus,OH,43204
1387,RESTWOOD CT,,Columbus,OH,43204
190,N HURON AVE,C,Columbus,OH,43204
243,FREMONT CT,,Columbus,OH,43204
55,N BURGESS AVE,,Columbus,OH,43204
3726,GIBBSTONE DR,,Columbus,OH,43204
298,N WARREN AVE,,Columbus,OH,43204
2974,WESTMOOR DR,,Columbus,OH,43204
417,INDUSTRY DR,,Columbus,OH,43204
391,S HAGUE AVE,,Columbus,OH,43204
3512,FREMONT ST,,Columbus,OH,43204
943,SALISBURY RD,,Columbus,OH,43204
325,S ROYS AVE,,Columbus,OH,43204
47,N WARREN AVE,,Columbus,OH,43204
649,DEMOREST RD,,Columbus,OH,43204
615,S BURGESS AVE,,Columbus,OH,43204
2736,ABBOT'S COVE BLVD,,Columbus,OH,43204
437,S CHASE AVE,,Columbus,OH,43204
334,S WARREN AVE,,Columbus,OH,43204
661,BINNS BLVD,,Columbus,OH,43204
2059,BUILDERS PL,,Columbus,OH,43204
44,S BURGESS AVE,,Columbus,OH,43204
445,INDUSTRY DR,,Columbus,OH,43204
2518,SPAATZ AVE,,Columbus,OH,43204
1498,RUNAWAY BAY DR,CN 2B,Columbus,OH,43204
461,DEMOREST AVE,,Columbus,OH,43204
731,S EUREKA AVE,,Columbus,OH,43204
3237,MCKINLEY AVE,45,Columbus,OH,43204
441,N WESTMOOR AVE,,Columbus,OH,43204
81,S OGDEN AVE,,Columbus,OH,43204
342,S OGDEN AVE,,Columbus,OH,43204
806,BINNS BLVD,,Columbus,OH,43204
219,DERRER RD,,Columbus,OH,43204
3729,WINDWARD WAY,APT 100,Columbus,OH,43204
2817,VANDERBERG AVE,,Columbus,OH,43204
1309,CATALINA CT,,Columbus,OH,43204
1471,LAKE SHORE DR,A,Columbus,OH,43204
2810,W BROAD ST,,Columbus,OH,43204
2681,BERNADETTE RD,,Columbus,OH,43204
41,N WESTGATE AVE,,Columbus,OH,43204
3660,WEST HORIZONS,APT 306,Columbus,OH,43204
346,S WARREN AVE,,Columbus,OH,43204
3672,GRIMES DR,,Columbus,OH,43204
3555,EL PASO DR,,Columbus,OH,43204
308,N SOUTHAMPTON AVE,,Columbus,OH,43204
1326,LAKE SHORE DR,,Columbus,OH,43204
750,S WAYNE AVE,,Columbus,OH,43204
2734,VANDERBERG AVE,,Columbus,OH,43204
772,S WARREN AVE,,Columbus,OH,43204
1189,N WILSON RD,,Columbus,OH,43204
875,ANTHONY DR,,Columbus,OH,43204
147,N HALDY AVE,,Columbus,OH,43204
3485,GREAT WESTERN BLVD,UNIT 100,Columbus,OH,43204
1439,LAKE SHORE DR,UNIT A,Columbus,OH,43204
3245,SULLIVANT AVE,E,Columbus,OH,43204
876,BRIXHAM RD,,Columbus,OH,43204
2677,EAKIN RD,,Columbus,OH,43204
364,BINNS BLVD,,Columbus,OH,43204
942,DEMOREST RD,,Columbus,OH,43204
9 1/2,N POWELL AVE,,Columbus,OH,43204
135,N POWELL AVE,,Columbus,OH,43204
443,DERRER RD,,Columbus,OH,43204
1262,ONSLOW DR,,Columbus,OH,43204
23,S WAYNE AVE,,Columbus,OH,43204
3938,BUSINESS PARK DR,,Columbus,OH,43204
3362,EMELINE DR,,Columbus,OH,43204
762,S HAGUE AVE,,Columbus,OH,43204
275,ELDON AVE,,Columbus,OH,43204
2745,REGINA AVE,,Columbus,OH,43204
785,S HAGUE AVE,,Columbus,OH,43204
3647,WEST HORIZONS,APT 105,Columbus,OH,43204
1289,LAKE SHORE DR,,Columbus,OH,43204
3513,WILSON WOODS DR,,Columbus,OH,43204
3180,EL GRECO DR,,Columbus,OH,43204
2598,QUARRY LAKE DR,,Columbus,OH,43204
68,N WESTMOOR AVE,,Columbus,OH,43204
1385,CARTER CT,,Columbus,OH,43204
100,N TERRACE AVE,,Columbus,OH,43204
962,MIRIAM DR E,,Columbus,OH,43204
1410,ROYSTON DR,,Columbus,OH,43204
84,S BRINKER AVE,,Columbus,OH,43204
3746,GIBBSTONE DR,,Columbus,OH,43204
755,S TERRACE AVE,,Columbus,OH,43204
843,BRIXHAM RD,,Columbus,OH,43204
434,S WESTGATE AVE,,Columbus,OH,43204
321,S BRINKER AVE,,Columbus,OH,43204
1430,PEACH BLOSSOM CT,,Columbus,OH,43204
1857,SAN REMO DR,,Columbus,OH,43204
239,S WARREN AVE,,Columbus,OH,43204
34,N HARRIS AVE,,Columbus,OH,43204
108,S WAYNE AVE,,Columbus,OH,43204
616,S OGDEN AVE,,Columbus,OH,43204
67,S HARRIS AVE,,Columbus,OH,43204
1564,RUNAWAY BAY DR,CN 2C,Columbus,OH,43204
508,S OAKLEY AVE,,Columbus,OH,43204
73,S EUREKA AVE,,Columbus,OH,43204
316,S CHASE AVE,,Columbus,OH,43204
61,S HAGUE AVE,,Columbus,OH,43204
1148,FARMHURST CT,,Columbus,OH,43204
2854,BRIGGSTON AVE,,Columbus,OH,43204
1256,PINNACLE DR,,Columbus,OH,43204
2513,REGINA AVE,,Columbus,OH,43204
1277,GRESHAM RD,,Columbus,OH,43204
3449,DERRER CT S,,Columbus,OH,43204
846,DEMOREST RD,,Columbus,OH,43204
3586,TRABUE RD,,Columbus,OH,43204
289,S BURGESS AVE,,Columbus,OH,43204
3050,S WESTMOOR AVE,,Columbus,OH,43204
2928,LA VISTA DR,E,Columbus,OH,43204
860,CHESTERSHIRE RD,,Columbus,OH,43204
2710,ST PATRICK RD,,Columbus,OH,43204
683,DEXTER AVE,,Columbus,OH,43204
1801,QUARRY VIEW,,Columbus,OH,43204
191,S BURGESS AVE,,Columbus,OH,43204
1516,RUNAWAY BAY DR,,Columbus,OH,43204
59,N WARREN AVE,,Columbus,OH,43204
3620,EDSON DR,,Columbus,OH,43204
1340,THACKER CT,A,Columbus,OH,43204
3072,W BROAD ST,,Columbus,OH,43204
1372,SUNFLOWER DR,,Columbus,OH,43204
784,RACINE AVE,,Columbus,OH,43204
234,S EUREKA AVE,,Columbus,OH,43204
721,S HAGUE AVE,,Columbus,OH,43204
115,DERRER RD,,Columbus,OH,43204
47,OREL AVE,,Columbus,OH,43204
1503,RUNAWAY BAY DR,CN 2C,Columbus,OH,43204
75,N CHASE AVE,,Columbus,OH,43204
102,N HARRIS AVE,,Columbus,OH,43204
160,S WAYNE AVE,,Columbus,OH,43204
1130,BRONWYN AVE,,Columbus,OH,43204
233,S EUREKA AVE,,Columbus,OH,43204
64,ELDON AVE,,Columbus,OH,43204
934,S RICHARDSON AVE,,Columbus,OH,43204
3562,TRABUE RD,,Columbus,OH,43204
1085,BRONWYN AVE,,Columbus,OH,43204
211,N WAYNE AVE,,Columbus,OH,43204
235,N WAYNE AVE,,Columbus,OH,43204
3167,VAUXHALL DR,,Columbus,OH,43204
1511,RUNAWAY BAY DR,CN 1D,Columbus,OH,43204
1750,QUARRY VIEW,,Columbus,OH,43204
2875,WOODCROFT RD,,Columbus,OH,43204
65,S SOUTHAMPTON AVE,,Columbus,OH,43204
953,S ROYS AVE,,Columbus,OH,43204
2542,KREBER AVE,,Columbus,OH,43204
2830,W BROAD ST,,Columbus,OH,43204
979,WILTSHIRE RD,,Columbus,OH,43204
1145,ABBOTS LAKE CT,,Columbus,OH,43204
673,S OAKLEY AVE,,Columbus,OH,43204
383,TERRACE AVE,,Columbus,OH,43204
832,KINGSFORD RD,,Columbus,OH,43204
3217,VALLEY VIEW DR,,Columbus,OH,43204
3248,SULLIVANT AVE,,Columbus,OH,43204
609,SALISBURY RD,,Columbus,OH,43204
3201,MCKINLEY AVE,,Columbus,OH,43204
671,S TERRACE AVE,,Columbus,OH,43204
2854,DIBBLEE AVE,,Columbus,OH,43204
375,BINNS BLVD,,Columbus,OH,43204
2805,RIDGE AVE,,Columbus,OH,43204
34,S EUREKA AVE,,Columbus,OH,43204
442,S HAGUE AVE,,Columbus,OH,43204
924,BRIXHAM RD,,Columbus,OH,43204
438,N WESTMOOR AVE,,Columbus,OH,43204
3264,BRIGGS RD,,Columbus,OH,43204
1443,RUNAWAY BAY DR,CN 2B,Columbus,OH,43204
190,N HURON AVE,,Columbus,OH,43204
3515,WESTWAY DR,,Columbus,OH,43204
3442,DERRER FIELD DR,,Columbus,OH,43204
846,MIRIAM DR W,,Columbus,OH,43204
3140,STEPHEN DR S,,Columbus,OH,43204
2473,QUARRY VALLEY RD,,Columbus,OH,43204
121,S SOUTHAMPTON AVE,,Columbus,OH,43204
237,S OGDEN AVE,,Columbus,OH,43204
740,RACINE AVE,,Columbus,OH,43204
733,S HAGUE AVE,,Columbus,OH,43204
3245,SULLIVANT AVE,D,Columbus,OH,43204
2521,MARBLEVISTA BLVD,,Columbus,OH,43204
3227,EAKIN RD,,Columbus,OH,43204
1498,RUNAWAY BAY DR,CN 2A,Columbus,OH,43204
821,KINGSFORD RD,UNIT A,Columbus,OH,43204
3505,FREMONT RD,,Columbus,OH,43204
3504,FREMONT ST,,Columbus,OH,43204
251,FREMONT CT,,Columbus,OH,43204
253,FREMONT CT,,Columbus,OH,43204
3464,DERRER CT N,,Columbus,OH,43204
3487,DERRER RUN DR,,Columbus,OH,43204
877,S ROYS AVE,,Columbus,OH,43204
378,S HURON AVE,,Columbus,OH,43204
285,N BRINKER AVE,,Columbus,OH,43204
3492,RACE ST,,Columbus,OH,43204
499,DERRER RD,,Columbus,OH,43204
102,DERRER HEIGHT LN,,Columbus,OH,43204
91,DERRER ESTATES PL,,Columbus,OH,43204
2065,BUILDERS PL,,Columbus,OH,43204
3120,LA VISTA DR,,Columbus,OH,43204
3185,BOWDOIN CIR,,Columbus,OH,43204
1250,PINNACLE DR,,Columbus,OH,43204
3313,EAKIN RD,,Columbus,OH,43204
26,POWHATAN AVE,,Columbus,OH,43204
168,N SYLVAN AVE,UNIT A,Columbus,OH,43204
288,N SYLVAN AVE,,Columbus,OH,43204
317,N ALGONQUIN AVE,,Columbus,OH,43204
397,S WHEATLAND AVE,,Columbus,OH,43204
660,S OGDEN AVE,,Columbus,OH,43204
1324,LAKE SHORE DR,,Columbus,OH,43204
3235,SULLIVANT AVE,G,Columbus,OH,43204
2502,HARDESTY DR S,,Columbus,OH,43204
3400,CAMP CHASE DR,A3,Columbus,OH,43204
647,S TERRACE AVE,,Columbus,OH,43204
310,DERRER RD,,Columbus,OH,43204
3400,CAMP CHASE DR,A6,Columbus,OH,43204
1196,NATHAN DR,,Columbus,OH,43204
1856,SAN REMO DR,,Columbus,OH,43204
3226,COLONY VISTA LN,,Columbus,OH,43204
3687,GRIMES DR,,Columbus,OH,43204
1327,LAKE SHORE DR,UNIT A,Columbus,OH,43204
1276,TREVOR CT,,Columbus,OH,43204
3777,BUSINESS PARK DR,,Columbus,OH,43204
644,BINNS BLVD,,Columbus,OH,43204
382,S WHEATLAND AVE,,Columbus,OH,43204
1917,LAKE SHORE DR,,Columbus,OH,43204
1259,LAKE SHORE DR,,Columbus,OH,43204
2582,SULLIVANT AVE,,Columbus,OH,43204
661,S HARRIS AVE,,Columbus,OH,43204
987,ANTHONY DR,,Columbus,OH,43204
2888,LA VISTA DR,,Columbus,OH,43204
3579,FARMHURST LN,,Columbus,OH,43204
1964,MARBLE CLIFF CROSSING CT,,Columbus,OH,43204
598,S HAGUE AVE,,Columbus,OH,43204
218,S HAGUE AVE,,Columbus,OH,43204
55,DEMOREST AVE,,Columbus,OH,43204
1437,RUNAWAY BAY DR,CN 1D,Columbus,OH,43204
3492,WILSON WOODS DR,A,Columbus,OH,43204
1152,ABBOTS GREEN CIR,,Columbus,OH,43204
1218,ST CECELIA DR,,Columbus,OH,43204
375,S HAGUE AVE,,Columbus,OH,43204
511,S OGDEN AVE,,Columbus,OH,43204
1467,LAKE SHORE DR,,Columbus,OH,43204
3237,MCKINLEY AVE,71,Columbus,OH,43204
2800,SULLIVANT AVE,,Columbus,OH,43204
654,BINNS BLVD,,Columbus,OH,43204
2578,QUARRY LAKE DR,,Columbus,OH,43204
585,CHESTERSHIRE RD,,Columbus,OH,43204
1131,PARMA AVE,,Columbus,OH,43204
854,LINDENDALE CT,,Columbus,OH,43204
573,S BURGESS AVE,,Columbus,OH,43204
1261,LAKE SHORE DR,,Columbus,OH,43204
143,N HALDY AVE,,Columbus,OH,43204
1166,ST CECELIA DR,,Columbus,OH,43204
149,POWHATAN AVE,,Columbus,OH,43204
329,S WARREN AVE,,Columbus,OH,43204
1425,WILD OATS DR,,Columbus,OH,43204
2515,W BROAD ST,,Columbus,OH,43204
508,BINNS BLVD,,Columbus,OH,43204
3451,STALLING CT,,Columbus,OH,43204
2525,WOOD AVE,,Columbus,OH,43204
223,S ROYS AVE,,Columbus,OH,43204
617,S WHEATLAND AVE,,Columbus,OH,43204
1300,GLEN COVE WAY,,Columbus,OH,43204
3458,WILSON WOODS DR,I,Columbus,OH,43204
647,S WARREN AVE,,Columbus,OH,43204
2364,HARDESTY CT,,Columbus,OH,43204
1503,BROOKFOREST DR,,Columbus,OH,43204
2948,ABBOT'S COVE BLVD,,Columbus,OH,43204
995,ANTHONY DR,,Columbus,OH,43204
254,N HARRIS AVE,,Columbus,OH,43204
1362,BAJA LN,,Columbus,OH,43204
1242,TREEHAVEN LN,,Columbus,OH,43204
1808,SAN REMO DR,,Columbus,OH,43204
2541,STEELE AVE,,Columbus,OH,43204
2724,FREMONT ST,,Columbus,OH,43204
1084,HARDESTY PL W,,Columbus,OH,43204
3647,WEST HORIZONS,APT 202,Columbus,OH,43204
319,ELDON AVE,,Columbus,OH,43204
44,S WHEATLAND AVE,,Columbus,OH,43204
194,ELDON AVE,,Columbus,OH,43204
3779,FARM BROOK LN,L,Columbus,OH,43204
440,S WAYNE AVE,,Columbus,OH,43204
677,JOSEPHINE AVE,,Columbus,OH,43204
776,GLADSTONE AVE,,Columbus,OH,43204
3792,GRIMES DR,,Columbus,OH,43204
1236,GLEN COVE WAY,,Columbus,OH,43204
4013,DEER LAKE WAY,,Columbus,OH,43204
4034,BUSINESS PARK DR,,Columbus,OH,43204
1600,RASPBERRY RUN DR,,Columbus,OH,43204
3555,LINDENDALE DR,,Columbus,OH,43204
157,N POWELL AVE,,Columbus,OH,43204
423 1/2,S HAGUE AVE,,Columbus,OH,43204
4037,DEER LAKE WAY,,Columbus,OH,43204
916,ANTHONY DR,,Columbus,OH,43204
1454,RUNAWAY BAY DR,CN 1A,Columbus,OH,43204
887,S ROYS AVE,,Columbus,OH,43204
210,N OAKLEY AVE,,Columbus,OH,43204
187,S SOUTHAMPTON AVE,,Columbus,OH,43204
3390,SULLIVANT AVE,,Columbus,OH,43204
621,S WARREN AVE,,Columbus,OH,43204
1371,TRADE WINDS DR,APT 106,Columbus,OH,43204
3729,WINDWARD WAY,APT 101,Columbus,OH,43204
2565,QUARRY LAKE DR,,Columbus,OH,43204
126,S HAGUE AVE,,Columbus,OH,43204
2277,W BROAD ST,,Columbus,OH,43204
1319,CATALINA CT,,Columbus,OH,43204
2931,LA VISTA DR,,Columbus,OH,43204
1218,LAKE SHORE DR,UNIT B,Columbus,OH,43204
17,S EUREKA AVE,,Columbus,OH,43204
670,WESTBROOK CT,,Columbus,OH,43204
2943,LA VISTA DR,,Columbus,OH,43204
1409,WILD OATS DR,,Columbus,OH,43204
2166,QUARRY VALLEY RD,,Columbus,OH,43204
2597,MCKINLEY AVE,,Columbus,OH,43204
2336,HARDESTY CT,,Columbus,OH,43204
285,JOSEPHINE AVE,,Columbus,OH,43204
44,S ROYS AVE,,Columbus,OH,43204
3938,CIDERMILL DR,,Columbus,OH,43204
373,S HARRIS AVE,,Columbus,OH,43204
727,CHESTERSHIRE RD,,Columbus,OH,43204
3490,SENATOR CT,,Columbus,OH,43204
3566,WILSON WOODS DR,G,Columbus,OH,43204
2905,ABBOTS COVE BLVD,,Columbus,OH,43204
668,S ROYS AVE,,Columbus,OH,43204
2903,SULLIVANT AVE,UNIT 3,Columbus,OH,43204
3192,VANDERBERG AVE,,Columbus,OH,43204
2783,ABBOTS COVE BLVD,,Columbus,OH,43204
3500,SENATOR CT,,Columbus,OH,43204
3567,WILSON WOODS DR,I,Columbus,OH,43204
95,N HURON AVE,,Columbus,OH,43204
920,HODGES DR,,Columbus,OH,43204
156,S EUREKA AVE,,Columbus,OH,43204
3479,WESTWAY DR,,Columbus,OH,43204
455,S WARREN AVE,,Columbus,OH,43204
675,S TERRACE AVE,,Columbus,OH,43204
1402,PEACH BLOSSOM CT,,Columbus,OH,43204
3603,GRAYBECK DR,,Columbus,OH,43204
677,POWHATAN AVE,,Columbus,OH,43204
308,POWHATAN AVE,,Columbus,OH,43204
3246,VANDERBERG AVE,,Columbus,OH,43204
2984,LA VISTA DR,,Columbus,OH,43204
619,S EUREKA AVE,,Columbus,OH,43204
528,S EUREKA AVE,,Columbus,OH,43204
2397,PLUM ST,,Columbus,OH,43204
243,N OAKLEY AVE,,Columbus,OH,43204
2383,HARRISON RD,,Columbus,OH,43204
451,S OAKLEY AVE,,Columbus,OH,43204
437,S OAKLEY AVE,,Columbus,OH,43204
31,S OAKLEY AVE,,Columbus,OH,43204
2356,W BROAD ST,,Columbus,OH,43204
447,S HARRIS AVE,,Columbus,OH,43204
329,S HARRIS AVE,,Columbus,OH,43204
272,S HAGUE AVE,,Columbus,OH,43204
230,S HAGUE AVE,,Columbus,OH,43204
2797,WOODCROFT RD,,Columbus,OH,43204
1036,BELLFLOWER AVE,,Columbus,OH,43204
1035,PARMA AVE,,Columbus,OH,43204
2776,VANDERBERG AVE,,Columbus,OH,43204
720,S HARRIS AVE,,Columbus,OH,43204
149,S WARREN AVE,,Columbus,OH,43204
69,N WARREN AVE,,Columbus,OH,43204
3218,MARY AVE,,Columbus,OH,43204
3203,SULLIVANT AVE,,Columbus,OH,43204
332,S BRINKER AVE,,Columbus,OH,43204
306,S BRINKER AVE,,Columbus,OH,43204
187,S BRINKER AVE,,Columbus,OH,43204
1172,S HAGUE AVE,,Columbus,OH,43204
2329,HARDESTY CT,,Columbus,OH,43204
674,S WHEATLAND AVE,,Columbus,OH,43204
184,N WARREN AVE,,Columbus,OH,43204
1368,RUNAWAY BAY DR,,Columbus,OH,43204
1535,RUNAWAY BAY DR,CN 2A,Columbus,OH,43204
1136,ST AGNES AVE,,Columbus,OH,43204
405,S WARREN AVE,,Columbus,OH,43204
365,S OGDEN AVE,,Columbus,OH,43204
279,S OGDEN AVE,,Columbus,OH,43204
1388,RESTWOOD CT,,Columbus,OH,43204
84,S WESTGATE AVE,,Columbus,OH,43204
111,N WESTMOOR AVE,,Columbus,OH,43204
2779,MARBLEVISTA BLVD,,Columbus,OH,43204
1350,TELHAM CT,,Columbus,OH,43204
880,ANTHONY DR,,Columbus,OH,43204
3001,VALLEY VIEW DR,,Columbus,OH,43204
1055,HARDESTY PL E,,Columbus,OH,43204
21,S BURGESS AVE,,Columbus,OH,43204
222,N BURGESS AVE,,Columbus,OH,43204
244,N BURGESS AVE,,Columbus,OH,43204
1725,LAKE SHORE DR,,Columbus,OH,43204
569,S BURGESS AVE,,Columbus,OH,43204
571,S BURGESS AVE,,Columbus,OH,43204
539,S BURGESS AVE,,Columbus,OH,43204
273,S BURGESS AVE,,Columbus,OH,43204
176,S BURGESS AVE,,Columbus,OH,43204
86,N BURGESS AVE,,Columbus,OH,43204
2823,ABBOTS COVE BLVD,,Columbus,OH,43204
2803,ABBOTS COVE BLVD,,Columbus,OH,43204
2682,MARBLEVISTA BLVD,,Columbus,OH,43204
631,CRESCENT RD,,Columbus,OH,43204
203,S HURON AVE,,Columbus,OH,43204
939,S RICHARDSON AVE,,Columbus,OH,43204
2648,VANDERBERG AVE,,Columbus,OH,43204
710,S BURGESS AVE,,Columbus,OH,43204
457,S TERRACE AVE,,Columbus,OH,43204
378,S RICHARDSON AVE,,Columbus,OH,43204
1295,LAKE SHORE DR,,Columbus,OH,43204
1408,LAKE SHORE DR,B,Columbus,OH,43204
619,SALISBURY RD,,Columbus,OH,43204
446,S HURON AVE,,Columbus,OH,43204
101,N HALDY AVE,,Columbus,OH,43204
1094,ABBOTS BLUFF CT,,Columbus,OH,43204
822,BINNS BLVD,,Columbus,OH,43204
2697,ABBOTS LOOP CT,,Columbus,OH,43204
724,S WAYNE AVE,,Columbus,OH,43204
648,S WAYNE AVE,,Columbus,OH,43204
543,S OAKLEY AVE,,Columbus,OH,43204
109,S WHEATLAND AVE,,Columbus,OH,43204
21,S WHEATLAND AVE,,Columbus,OH,43204
33,N WHEATLAND AVE,,Columbus,OH,43204
602,S OAKLEY AVE,,Columbus,OH,43204
2573,KREBER AVE,,Columbus,OH,43204
362,S TERRACE AVE,,Columbus,OH,43204
216,S TERRACE AVE,,Columbus,OH,43204
215,S EUREKA AVE,,Columbus,OH,43204
99,N EUREKA AVE,,Columbus,OH,43204
276,N EUREKA AVE,,Columbus,OH,43204
1364,WINESAP DR,,Columbus,OH,43204
1539,RASPBERRY RUN DR,,Columbus,OH,43204
1371,TRADE WINDS DR,APT 300,Columbus,OH,43204
2685,ABBOTS LOOP CT,,Columbus,OH,43204
1757,QUARRY VIEW,,Columbus,OH,43204
1742,QUARRY VIEW,,Columbus,OH,43204
2447,MARBLEVISTA BLVD,,Columbus,OH,43204
3146,VALLEY VIEW DR,,Columbus,OH,43204
2957,WOODLOOP LN,,Columbus,OH,43204
3316,BRIGGS RD,,Columbus,OH,43204
289,POWHATAN AVE,,Columbus,OH,43204
270,N ALGONQUIN AVE,,Columbus,OH,43204
3237,MCKINLEY AVE,99,Columbus,OH,43204
1256,RIEGELWOOD LN,,Columbus,OH,43204
34,N EUREKA AVE,,Columbus,OH,43204
82,N EUREKA AVE,,Columbus,OH,43204
140,N EUREKA AVE,,Columbus,OH,43204
2494,EAKIN RD,,Columbus,OH,43204
3647,WEST HORIZONS,APT 100,Columbus,OH,43204
3735,GRIMES DR,,Columbus,OH,43204
656,S ROYS AVE,,Columbus,OH,43204
296,S ROYS AVE,,Columbus,OH,43204
182,S ROYS AVE,,Columbus,OH,43204
179,N POWELL AVE,,Columbus,OH,43204
164,S ALGONQUIN AVE,,Columbus,OH,43204
2986,ABBOTS COVE BLVD,,Columbus,OH,43204
3300,TRABUE RD,,Columbus,OH,43204
3330,ONSLOW CT,,Columbus,OH,43204
162,S BRINKER AVE,,Columbus,OH,43204
21,N WAYNE AVE,,Columbus,OH,43204
59,N WAYNE AVE,,Columbus,OH,43204
35,N WAYNE AVE,,Columbus,OH,43204
265,N OAKLEY AVE,,Columbus,OH,43204
106,S OAKLEY AVE,,Columbus,OH,43204
1046,S HAGUE AVE,,Columbus,OH,43204
904,WILTSHIRE RD,,Columbus,OH,43204
621,CHESTERSHIRE RD,,Columbus,OH,43204
375,S CHASE AVE,A,Columbus,OH,43204
2592,QUARRY LAKE DR,,Columbus,OH,43204
3222,STEPHEN DR S,,Columbus,OH,43204
88 1/2,S WESTGATE AVE,,Columbus,OH,43204
3099,W BROAD ST,,Columbus,OH,43204
3089 1/2,W BROAD ST,,Columbus,OH,43204
2884,LA VISTA DR,,Columbus,OH,43204
1044,HARDESTY PL W,,Columbus,OH,43204
299,S WHEATLAND AVE,,Columbus,OH,43204
2283,W BROAD ST,,Columbus,OH,43204
763,S HAGUE AVE,,Columbus,OH,43204
2847,SULLIVANT AVE,,Columbus,OH,43204
669,WESTBROOK CT,,Columbus,OH,43204
2978,MCKINLEY AVE,,Columbus,OH,43204
3144,VANDERBERG AVE,,Columbus,OH,43204
3141,MARY AVE,,Columbus,OH,43204
2990,WESTMOOR CT,,Columbus,OH,43204
877,SALISBURY RD,,Columbus,OH,43204
3055,PARKSIDE RD,,Columbus,OH,43204
455,S HURON AVE,,Columbus,OH,43204
3028,FREMONT ST,,Columbus,OH,43204
2300,W MOUND ST,,Columbus,OH,43204
3564,FERRELL PL,,Columbus,OH,43204
1145,BELLFLOWER AVE,,Columbus,OH,43204
598,WILTSHIRE RD,,Columbus,OH,43204
2732,GRACE ST,,Columbus,OH,43204
1461,RUNAWAY BAY DR,CN 2D,Columbus,OH,43204
2873,BRIGGSTON AVE,,Columbus,OH,43204
1108,BELLFLOWER AVE,,Columbus,OH,43204
680,S HAGUE AVE,,Columbus,OH,43204
674,S HAGUE AVE,,Columbus,OH,43204
382,S HAGUE AVE,C,Columbus,OH,43204
297,N WARREN AVE,,Columbus,OH,43204
3030,OLIVE ST,,Columbus,OH,43204
2790,SCIOTO STATION DR,,Columbus,OH,43204
2766,SCIOTO STATION DR,,Columbus,OH,43204
885,BINNS BLVD,,Columbus,OH,43204
2770,SCIOTO STATION DR,,Columbus,OH,43204
2563,MARBLEVISTA BLVD,,Columbus,OH,43204
2579,MARBLEVISTA BLVD,,Columbus,OH,43204
3425,WILSON WOODS DR,G,Columbus,OH,43204
328,N WARREN AVE,,Columbus,OH,43204
1425,RUNAWAY BAY DR,,Columbus,OH,43204
1503,RUNAWAY BAY DR,CN 1A,Columbus,OH,43204
1511,RUNAWAY BAY DR,CN 2C,Columbus,OH,43204
106,S HARRIS AVE,,Columbus,OH,43204
244,N WARREN AVE,,Columbus,OH,43204
345,N OGDEN AVE,,Columbus,OH,43204
964,S ROYS AVE,,Columbus,OH,43204
878,BINNS BLVD,,Columbus,OH,43204
799,BINNS BLVD,,Columbus,OH,43204
341,GUERNSEY AVE,,Columbus,OH,43204
1108,CHESTERSHIRE RD,,Columbus,OH,43204
933,CHESTERSHIRE RD,,Columbus,OH,43204
718,BINNS BLVD,,Columbus,OH,43204
1400,CROSS CREEK DR,K,Columbus,OH,43204
675,KINGSFORD RD,UNIT A3,Columbus,OH,43204
1294,BRONWYN AVE,,Columbus,OH,43204
2774,BRIGGS RD,,Columbus,OH,43204
610,RACINE AVE,,Columbus,OH,43204
2715,SULLIVANT AVE,,Columbus,OH,43204
390,S WARREN AVE,,Columbus,OH,43204
1358,BAY SHORE DR,CN 2D,Columbus,OH,43204
2355,KEEP PL,,Columbus,OH,43204
2961,SULLIVANT AVE,,Columbus,OH,43204
135,N CHASE AVE,,Columbus,OH,43204
1775,QUARRY VIEW,,Columbus,OH,43204
941,WILTSHIRE RD,,Columbus,OH,43204
647,S ROYS AVE,,Columbus,OH,43204
3515,SENATOR CT,,Columbus,OH,43204
3330,EL PASO DR,,Columbus,OH,43204
3330,CHIPPEWA ST,,Columbus,OH,43204
442,JOSEPHINE AVE,,Columbus,OH,43204
3495,WICKLOW RD,,Columbus,OH,43204
743,S OGDEN AVE,,Columbus,OH,43204
492,S OGDEN AVE,,Columbus,OH,43204
397 1/2,S OGDEN AVE,,Columbus,OH,43204
171,S BURGESS AVE,,Columbus,OH,43204
28,N OGDEN AVE,,Columbus,OH,43204
272,N BURGESS AVE,,Columbus,OH,43204
1199,LAKE SHORE DR,UNIT B,Columbus,OH,43204
1469,LAKE SHORE DR,,Columbus,OH,43204
2660,FISHER RD,,Columbus,OH,43204
3487,SENATOR CT,,Columbus,OH,43204
100,DERRER DEN LN,,Columbus,OH,43204
1895,MAPLEWAY DR,,Columbus,OH,43204
1933,MAPLEWAY DR,,Columbus,OH,43204
3510,RACE ST,,Columbus,OH,43204
107,DERRER ESTATES PL,,Columbus,OH,43204
3417,SOUTH BLVD,,Columbus,OH,43204
3370,TIMBER OAK DR,,Columbus,OH,43204
3246,MAPLEWAY LN,,Columbus,OH,43204
2589,FREMONT AVE,,Columbus,OH,43204
1211,LAKE SHORE DR,UNIT C,Columbus,OH,43204
2592,SYMINGTON AVE,,Columbus,OH,43204
476,S RICHARDSON AVE,,Columbus,OH,43204
460,S RICHARDSON AVE,,Columbus,OH,43204
2981,RUNDELL DR,,Columbus,OH,43204
852,WILTSHIRE RD,,Columbus,OH,43204
803,WILTSHIRE RD,,Columbus,OH,43204
301,N HAGUE AVE,,Columbus,OH,43204
717,KYLE CT,,Columbus,OH,43204
1165,GEORGE'S PL,,Columbus,OH,43204
1132,NATHAN DR,,Columbus,OH,43204
3256,MEDOMA DR,,Columbus,OH,43204
640,DEMOREST RD,,Columbus,OH,43204
281,LETCHWORTH AVE,,Columbus,OH,43204
3273,COLONY VISTA LN,,Columbus,OH,43204
1328,LAKE SHORE DR,UNIT A,Columbus,OH,43204
2579,SPAATZ AVE,,Columbus,OH,43204
696,S RICHARDSON AVE,,Columbus,OH,43204
326,S TERRACE AVE,,Columbus,OH,43204
183,S EUREKA AVE,,Columbus,OH,43204
172,S TERRACE AVE,,Columbus,OH,43204
80,ELDON AVE,,Columbus,OH,43204
72,ELDON AVE,,Columbus,OH,43204
822,WILTSHIRE RD,,Columbus,OH,43204
812,WILTSHIRE RD,,Columbus,OH,43204
667,WILTSHIRE RD,,Columbus,OH,43204
437,S POWELL AVE,,Columbus,OH,43204
162,S POWELL AVE,A,Columbus,OH,43204
124,S POWELL AVE,C,Columbus,OH,43204
206,N HAGUE AVE,,Columbus,OH,43204
2475,QUARRY VALLEY RD,,Columbus,OH,43204
3201,COLONY VISTA LN,,Columbus,OH,43204
3008,CORTONA RD,,Columbus,OH,43204
3339,PARKSIDE RD,,Columbus,OH,43204
196,S SOUTHAMPTON AVE,,Columbus,OH,43204
339,N SYLVAN AVE,,Columbus,OH,43204
461,S EUREKA AVE,,Columbus,OH,43204
263,S EUREKA AVE,,Columbus,OH,43204
138,S EUREKA AVE,,Columbus,OH,43204
215,N WAYNE AVE,,Columbus,OH,43204
2383,GLENVIEW BLVD,,Columbus,OH,43204
906,S HARRIS AVE,,Columbus,OH,43204
167,S HAGUE AVE,,Columbus,OH,43204
37,S HAGUE AVE,,Columbus,OH,43204
611,LANCE CT,,Columbus,OH,43204
1455,RUNAWAY BAY DR,CN 3D,Columbus,OH,43204
1166,BELLFLOWER AVE,,Columbus,OH,43204
117,N CHASE AVE,,Columbus,OH,43204
64,N HURON AVE,,Columbus,OH,43204
2810,FISHER RD,,Columbus,OH,43204
2555,SULLIVANT AVE,,Columbus,OH,43204
63,N WAYNE AVE,,Columbus,OH,43204
244,N HARRIS AVE,,Columbus,OH,43204
3368,BRIGGS RD,,Columbus,OH,43204
2942,WOODLOOP LN,,Columbus,OH,43204
910,WILTSHIRE RD,,Columbus,OH,43204
241,S BRINKER AVE,,Columbus,OH,43204
989,HODGES DR,,Columbus,OH,43204
2389,APPLE ST,,Columbus,OH,43204
3291,MEDOMA DR,,Columbus,OH,43204
217,S WHEATLAND AVE,,Columbus,OH,43204
2361,MARBLEVISTA BLVD,,Columbus,OH,43204
465,S HARRIS AVE,,Columbus,OH,43204
2628,W BROAD ST,,Columbus,OH,43204
230,S BRINKER AVE,,Columbus,OH,43204
2233,QUARRY VALLEY RD,,Columbus,OH,43204
2170,QUARRY VALLEY RD,,Columbus,OH,43204
522,S WAYNE AVE,,Columbus,OH,43204
2825,LONGFIELD RD,,Columbus,OH,43204
338,S BURGESS AVE,,Columbus,OH,43204
165,DEMOREST AVE,,Columbus,OH,43204
2654,W BROAD ST,4,Columbus,OH,43204
2752,WOODCROFT RD,,Columbus,OH,43204
1141,ST AGNES AVE,,Columbus,OH,43204
3108,ELLIS PL,,Columbus,OH,43204
1395,CARTER CT,,Columbus,OH,43204
2852,LA VISTA DR,,Columbus,OH,43204
1873,SAN REMO DR,,Columbus,OH,43204
606,S SYLVAN AVE,,Columbus,OH,43204
3484,WILSON WOODS DR,K,Columbus,OH,43204
3483,WICKLOW RD,,Columbus,OH,43204
130,N ROYS AVE,,Columbus,OH,43204
1716,QUARRY TRACE,,Columbus,OH,43204
3692,GRIMES DR,,Columbus,OH,43204
3518,LINDENDALE DR,,Columbus,OH,43204
1503,RUNAWAY BAY DR,CN 2D,Columbus,OH,43204
3306,SULLIVANT AVE,,Columbus,OH,43204
162,S SOUTHAMPTON AVE,,Columbus,OH,43204
871,KINGSFORD RD,A,Columbus,OH,43204
3729,WINDWARD WAY,APT 207,Columbus,OH,43204
675,KINGSFORD RD,UNIT B6,Columbus,OH,43204
696,DERRER RD,,Columbus,OH,43204
500,S WARREN AVE,,Columbus,OH,43204
454,S WARREN AVE,,Columbus,OH,43204
331,S CHASE AVE,,Columbus,OH,43204
4043,SANDY RIDGE DR,,Columbus,OH,43204
1418,BAY SHORE DR,CN 2A,Columbus,OH,43204
1341,WESTSHIRE RD,,Columbus,OH,43204
2335,QUARRY VALLEY RD,,Columbus,OH,43204
2800,BRIGGS RD,,Columbus,OH,43204
7,S ROYS AVE,,Columbus,OH,43204
2381,LOUDEN AVE,,Columbus,OH,43204
785,S WARREN AVE,,Columbus,OH,43204
435,GUERNSEY AVE,,Columbus,OH,43204
50,N BRINKER AVE,,Columbus,OH,43204
813,WILTSHIRE RD,,Columbus,OH,43204
802,BINNS BLVD,,Columbus,OH,43204
250,N EUREKA AVE,,Columbus,OH,43204
663,S HAGUE AVE,,Columbus,OH,43204
607,CHESTERSHIRE RD,,Columbus,OH,43204
77,LETCHWORTH AVE,,Columbus,OH,43204
1125,GEORGE'S PL,,Columbus,OH,43204
212,S HARRIS AVE,,Columbus,OH,43204
1049,S HARRIS AVE,,Columbus,OH,43204
223,S WAYNE AVE,,Columbus,OH,43204
476,S HURON AVE,,Columbus,OH,43204
3923,BASIA DR,,Columbus,OH,43204
320,S WAYNE AVE,,Columbus,OH,43204
3144,SULLIVANT AVE,,Columbus,OH,43204
2792,SCIOTO STATION DR,,Columbus,OH,43204
520,S HARRIS AVE,,Columbus,OH,43204
213,S WESTGATE AVE,,Columbus,OH,43204
3515,WILKES CT,,Columbus,OH,43204
296,S WARREN AVE,,Columbus,OH,43204
53,N BRINKER AVE,,Columbus,OH,43204
948,SALISBURY RD,,Columbus,OH,43204
105,N OAKLEY AVE,,Columbus,OH,43204
755,S RICHARDSON AVE,,Columbus,OH,43204
2424,W 5TH AVE,,Columbus,OH,43204
1516,RASPBERRY RUN DR,,Columbus,OH,43204
402,S WHEATLAND AVE,,Columbus,OH,43204
2885,LONGFIELD RD,,Columbus,OH,43204
585,S BURGESS AVE,,Columbus,OH,43204
375,S CHASE AVE,B,Columbus,OH,43204
124,S OAKLEY AVE,,Columbus,OH,43204
3408,TIMBER RUN DR,,Columbus,OH,43204
2979,LA VISTA DR,,Columbus,OH,43204
360,N SYLVAN AVE,,Columbus,OH,43204
433,S WAYNE AVE,,Columbus,OH,43204
3406,EMELINE DR,,Columbus,OH,43204
1396,CROSS CREEK DR,H,Columbus,OH,43204
1164,ABBOTS GREEN CIR,,Columbus,OH,43204
2300,SCIOTO HARPER DR,,Columbus,OH,43204
971,WILTSHIRE RD,,Columbus,OH,43204
3333,W BROAD ST,1,Columbus,OH,43204
211,S WHEATLAND AVE,,Columbus,OH,43204
3049,WOODLOOP LN,,Columbus,OH,43204
88,N TERRACE AVE,,Columbus,OH,43204
140,N HALDY AVE,,Columbus,OH,43204
180,DERRER RD,,Columbus,OH,43204
41,N TERRACE AVE,,Columbus,OH,43204
2520,MARBLEVISTA BLVD,,Columbus,OH,43204
2716,QUARRY LAKE DR,,Columbus,OH,43204
160,DEMOREST AVE,,Columbus,OH,43204
3346,SULLIVANT AVE,,Columbus,OH,43204
2518,W BROAD ST,B,Columbus,OH,43204
423,S BURGESS AVE,,Columbus,OH,43204
1414,RUNAWAY BAY DR,CN 2D,Columbus,OH,43204
2457,QUARRY VALLEY RD,,Columbus,OH,43204
2755,EAKIN RD,,Columbus,OH,43204
570,DEXTER AVE,,Columbus,OH,43204
1033,RACINE AVE,,Columbus,OH,43204
2719,REGINA AVE,,Columbus,OH,43204
1319,LAKE SHORE DR,UNIT A,Columbus,OH,43204
2451,QUARRY VALLEY RD,,Columbus,OH,43204
654,S WAYNE AVE,,Columbus,OH,43204
1189,ST CECELIA DR,,Columbus,OH,43204
1149,TREEHAVEN LN,,Columbus,OH,43204
2736,SUTTON AVE,,Columbus,OH,43204
1166,ROMONA PL,,Columbus,OH,43204
3168,MARY AVE,,Columbus,OH,43204
63,N HURON AVE,,Columbus,OH,43204
3469,WESTWAY DR,,Columbus,OH,43204
366,S WHEATLAND AVE,,Columbus,OH,43204
3480,STALLING CT,,Columbus,OH,43204
3985,CLAYFORD DR,,Columbus,OH,43204
1357,TRADE WINDS DR,APT 103,Columbus,OH,43204
151,S BRINKER AVE,,Columbus,OH,43204
321,S OAKLEY AVE,,Columbus,OH,43204
143,N ROYS AVE,,Columbus,OH,43204
751,S BURGESS AVE,,Columbus,OH,43204
3457,DERRER CT S,,Columbus,OH,43204
669,DEMOREST RD,,Columbus,OH,43204
2051,BUILDERS PL,,Columbus,OH,43204
1307,LAKE SHORE DR,,Columbus,OH,43204
3677,FOSSIL DR,,Columbus,OH,43204
495,WESTMOOR PL,,Columbus,OH,43204
2160,QUARRY VALLEY RD,,Columbus,OH,43204
1489,HIGHBROOK DR,,Columbus,OH,43204
3237,MCKINLEY AVE,108,Columbus,OH,43204
78,N BURGESS AVE,,Columbus,OH,43204
1356,RUNAWAY BAY DR,CN 2A,Columbus,OH,43204
785,CHESTERSHIRE RD,,Columbus,OH,43204
2755,EAKIN RD,C,Columbus,OH,43204
3516,FREMONT ST,,Columbus,OH,43204
2921,OLIVE ST,,Columbus,OH,43204
235,S ALGONQUIN AVE,,Columbus,OH,43204
1077,ST MATTHEW AVE,,Columbus,OH,43204
1390,WESTSHIRE RD,,Columbus,OH,43204
1418,BAY SHORE DR,CN 1D,Columbus,OH,43204
2456,HARDESTY DR S,,Columbus,OH,43204
3055,SULLIVANT AVE,,Columbus,OH,43204
2357,KEEP PL,,Columbus,OH,43204
1378,S HAGUE AVE,,Columbus,OH,43204
528,TRADE RD,,Columbus,OH,43204
181,DERRER RD,,Columbus,OH,43204
2492,QUARRY LAKE DR,,Columbus,OH,43204
3469,DERRER CT S,,Columbus,OH,43204
550,S OGDEN AVE,,Columbus,OH,43204
65,N BRINKER AVE,B,Columbus,OH,43204
2856,LA VISTA DR,,Columbus,OH,43204
135,N WARREN AVE,,Columbus,OH,43204
2829,SULLIVANT AVE,,Columbus,OH,43204
754,S HAGUE AVE,,Columbus,OH,43204
2768,ROSEDALE AVE,,Columbus,OH,43204
3355,RIEGELWOOD CT,,Columbus,OH,43204
60,N HARRIS AVE,,Columbus,OH,43204
1251,LAKE SHORE DR,UNIT A,Columbus,OH,43204
891,KINGSFORD RD,B,Columbus,OH,43204
1406,BAY SHORE DR,CN 1D,Columbus,OH,43204
3365,RUDON LN,,Columbus,OH,43204
254,N OGDEN AVE,,Columbus,OH,43204
268,N WAYNE AVE,,Columbus,OH,43204
261,POWHATAN AVE,,Columbus,OH,43204
731,KINGSFORD RD,UNIT B,Columbus,OH,43204
1389,CARTER CT,,Columbus,OH,43204
2820,STEELE AVE,,Columbus,OH,43204
3045,LA VISTA DR,,Columbus,OH,43204
2890,LA VISTA DR,,Columbus,OH,43204
705,S TERRACE AVE,,Columbus,OH,43204
1331,CASCADE CT,,Columbus,OH,43204
3771,FARM BROOK LN,,Columbus,OH,43204
1370,BAJA LN,,Columbus,OH,43204
166,S HURON AVE,,Columbus,OH,43204
1427,PEACH TREE CT,,Columbus,OH,43204
3492,WILSON WOODS DR,I,Columbus,OH,43204
182,S ALGONQUIN AVE,,Columbus,OH,43204
250,RANELLE DR,,Columbus,OH,43204
3304,COLONY VISTA LN,,Columbus,OH,43204
463,S BURGESS AVE,,Columbus,OH,43204
1268,GRESHAM RD,,Columbus,OH,43204
58,S ALGONQUIN AVE,,Columbus,OH,43204
268,S SOUTHAMPTON AVE,,Columbus,OH,43204
1038,HARDESTY PL W,,Columbus,OH,43204
496,TRADE RD,,Columbus,OH,43204
628,DEXTER AVE,,Columbus,OH,43204
405,INDUSTRY DR,,Columbus,OH,43204
677,S BRINKER AVE,,Columbus,OH,43204
687,S WARREN AVE,,Columbus,OH,43204
64,N SYLVAN AVE,,Columbus,OH,43204
669,S BURGESS AVE,,Columbus,OH,43204
151,N CHASE AVE,,Columbus,OH,43204
713,S RICHARDSON AVE,,Columbus,OH,43204
2545,QUARRY LAKE DR,,Columbus,OH,43204
385,S WARREN AVE,,Columbus,OH,43204
434,S WARREN AVE,,Columbus,OH,43204
1566,QUARRY VIEW,,Columbus,OH,43204
983,S EUREKA AVE,,Columbus,OH,43204
1807,QUARRY VIEW,,Columbus,OH,43204
2840,NICHOLAS AVE,,Columbus,OH,43204
679,DEXTER AVE,,Columbus,OH,43204
1369,BELLFLOWER AVE,,Columbus,OH,43204
636,N HAGUE AVE,,Columbus,OH,43204
1264,DEER LAKE CT,,Columbus,OH,43204
264,S HAGUE AVE,,Columbus,OH,43204
63,N OAKLEY AVE,,Columbus,OH,43204
675,KINGSFORD RD,UNIT C2,Columbus,OH,43204
3326,BRIGGS RD,,Columbus,OH,43204
483,S HURON AVE,,Columbus,OH,43204
824,S RICHARDSON AVE,,Columbus,OH,43204
335,S ROYS AVE,,Columbus,OH,43204
3334,BRIGGS RD,,Columbus,OH,43204
3410,WILSON WOODS DR,K,Columbus,OH,43204
498,S WARREN AVE,,Columbus,OH,43204
288,LETCHWORTH AVE,,Columbus,OH,43204
1168,EL CID CT,,Columbus,OH,43204
262,S HARRIS AVE,,Columbus,OH,43204
1213,NATHAN DR,,Columbus,OH,43204
791,S RICHARDSON AVE,,Columbus,OH,43204
115,N BRINKER AVE,,Columbus,OH,43204
82,N WILSON RD,,Columbus,OH,43204
100,S OAKLEY AVE,,Columbus,OH,43204
3116,TELHAM DR,,Columbus,OH,43204
25,S WARREN AVE,B,Columbus,OH,43204
268,POWELL CIR,UNIT B,Columbus,OH,43204
2864,CHESFIELD DR,,Columbus,OH,43204
3590,EDSON DR,,Columbus,OH,43204
3025,PARKSIDE RD,,Columbus,OH,43204
241,LETCHWORTH AVE,,Columbus,OH,43204
1455,RUNAWAY BAY DR,CN 1D,Columbus,OH,43204
2907,ABBOTS COVE BLVD,,Columbus,OH,43204
2142,QUARRY VALLEY RD,,Columbus,OH,43204
1846,LAKE SHORE DR,,Columbus,OH,43204
694,JOSEPHINE AVE,,Columbus,OH,43204
734,CHESTERSHIRE RD,,Columbus,OH,43204
700,WILTSHIRE RD,,Columbus,OH,43204
889,S BRINKER AVE,,Columbus,OH,43204
900,N HAGUE AVE,,Columbus,OH,43204
2572,QUARRY LAKE DR,,Columbus,OH,43204
800,KINGSFORD RD,,Columbus,OH,43204
246,S BURGESS AVE,,Columbus,OH,43204
2710,BERNADETTE RD,,Columbus,OH,43204
2392,APPLE ST,,Columbus,OH,43204
204,S OAKLEY AVE,,Columbus,OH,43204
422,S OAKLEY AVE,,Columbus,OH,43204
2612,QUARRY LAKE DR,,Columbus,OH,43204
1052,CHESTERSHIRE RD,,Columbus,OH,43204
1030,HARDESTY PL W,,Columbus,OH,43204
1473,RUNAWAY BAY DR,,Columbus,OH,43204
3464,STALLING CT,,Columbus,OH,43204
2402,WESTWOOD DR,B,Columbus,OH,43204
1157,PARMA AVE,,Columbus,OH,43204
574,S WAYNE AVE,,Columbus,OH,43204
1263,LAKE SHORE DR,,Columbus,OH,43204
25,S WARREN AVE,,Columbus,OH,43204
3003,CRESCENT DR,,Columbus,OH,43204
3652,DRAGONFLY DR,,Columbus,OH,43204
2337,MARBLEVISTA BLVD,,Columbus,OH,43204
385,S WHEATLAND AVE,,Columbus,OH,43204
945,S ROYS AVE,,Columbus,OH,43204
111,N HAGUE AVE,,Columbus,OH,43204
1406,LAKE SHORE DR,C,Columbus,OH,43204
2543,MARBLEVISTA BLVD,,Columbus,OH,43204
2331,HARDESTY CT,,Columbus,OH,43204
683,S SYLVAN AVE,,Columbus,OH,43204
1315,CASCADE CT,,Columbus,OH,43204
7,S WAYNE AVE,,Columbus,OH,43204
929,WILTSHIRE RD,,Columbus,OH,43204
640,DEXTER AVE,,Columbus,OH,43204
1673,QUARRY TRACE,,Columbus,OH,43204
32,BINNS BLVD,,Columbus,OH,43204
3450,WILSON WOODS DR,D,Columbus,OH,43204
2409,W BROAD ST,,Columbus,OH,43204
2497,STEELE AVE,,Columbus,OH,43204
41,N OAKLEY AVE,,Columbus,OH,43204
834,CHESTERSHIRE RD,,Columbus,OH,43204
1249,PINNACLE DR,,Columbus,OH,43204
2480,QUARRY LAKE DR,,Columbus,OH,43204
140,S WARREN AVE,,Columbus,OH,43204
1941,MAPLEWAY DR,,Columbus,OH,43204
3661,FOSSIL DR,,Columbus,OH,43204
794,S WARREN AVE,,Columbus,OH,43204
3260,MAPLEWAY LN,,Columbus,OH,43204
260,S POWELL AVE,,Columbus,OH,43204
3483,EAKIN RD,,Columbus,OH,43204
739,S BURGESS AVE,,Columbus,OH,43204
904,S BRINKER AVE,,Columbus,OH,43204
481,DEMOREST AVE,,Columbus,OH,43204
180,N SYLVAN AVE,UNIT C,Columbus,OH,43204
118,N BURGESS AVE,,Columbus,OH,43204
2423,W BROAD ST,,Columbus,OH,43204
2840,ABBOTS COVE BLVD,,Columbus,OH,43204
2725,EAKIN RD,,Columbus,OH,43204
635,RACINE AVE,,Columbus,OH,43204
1364,BAY SHORE DR,,Columbus,OH,43204
3188,MARY AVE,,Columbus,OH,43204
212 1/2,N SYLVAN AVE,,Columbus,OH,43204
2808,W BROAD ST,,Columbus,OH,43204
3326,RUDON LN,,Columbus,OH,43204
1822,QUARRY VIEW,,Columbus,OH,43204
192,S RICHARDSON AVE,,Columbus,OH,43204
701,WESTBROOK CT,,Columbus,OH,43204
1990,LAKE SHORE DR,,Columbus,OH,43204
3464,SULLIVANT AVE,,Columbus,OH,43204
2279,QUARRY VALLEY RD,,Columbus,OH,43204
2849,W BROAD ST,,Columbus,OH,43204
727,S EUREKA AVE,,Columbus,OH,43204
453,S WHEATLAND AVE,,Columbus,OH,43204
261,S CHASE AVE,A,Columbus,OH,43204
3237,MCKINLEY AVE,6,Columbus,OH,43204
3077,PARKSIDE RD,,Columbus,OH,43204
64,N CHASE AVE,,Columbus,OH,43204
762,S RICHARDSON AVE,,Columbus,OH,43204
3294,VASALBORO WAY,,Columbus,OH,43204
76,N WAYNE AVE,,Columbus,OH,43204
212,N TERRACE AVE,,Columbus,OH,43204
3288,EAKIN RD,,Columbus,OH,43204
382,S OGDEN AVE,,Columbus,OH,43204
3293,MAPLEWAY LN,,Columbus,OH,43204
3140,W MOUND ST,,Columbus,OH,43204
651,CHESTERSHIRE RD,,Columbus,OH,43204
86,N WILSON RD,,Columbus,OH,43204
2727,VANDERBERG AVE,,Columbus,OH,43204
135,S SOUTHAMPTON AVE,,Columbus,OH,43204
3120,ELLIS PL,,Columbus,OH,43204
247,S ROYS AVE,,Columbus,OH,43204
920,N WILSON RD,,Columbus,OH,43204
1442,PEACH TREE CT,,Columbus,OH,43204
464,S POWELL AVE,,Columbus,OH,43204
2770,W BROAD ST,,Columbus,OH,43204
2550,W 5TH AVE,,Columbus,OH,43204
3406,WILSON WOODS DR,A,Columbus,OH,43204
871,KINGSFORD RD,C,Columbus,OH,43204
862,S HARRIS AVE,,Columbus,OH,43204
640,S HAGUE AVE,,Columbus,OH,43204
629,S HARRIS AVE,,Columbus,OH,43204
137,S HARRIS AVE,,Columbus,OH,43204
2490,QUARRY LAKE DR,,Columbus,OH,43204
2488,QUARRY LAKE DR,,Columbus,OH,43204
2337,QUARRY VALLEY RD,,Columbus,OH,43204
821,KINGSFORD RD,UNIT B,Columbus,OH,43204
685,KINGSFORD RD,A2,Columbus,OH,43204
685,KINGSFORD RD,B4,Columbus,OH,43204
609,BRIXHAM RD,,Columbus,OH,43204
2816,BRIGGS RD,,Columbus,OH,43204
225,S WARREN AVE,,Columbus,OH,43204
231,S WARREN AVE,,Columbus,OH,43204
2711,MCKINLEY AVE,,Columbus,OH,43204
1564,RUNAWAY BAY DR,CN 1C,Columbus,OH,43204
666,RACINE AVE,,Columbus,OH,43204
393,S WARREN AVE,,Columbus,OH,43204
320,JOSEPHINE AVE,,Columbus,OH,43204
3506,WILKES CT,,Columbus,OH,43204
3580,FARMHURST LN,,Columbus,OH,43204
3448,DERRER FIELD DR,,Columbus,OH,43204
288,S WARREN AVE,,Columbus,OH,43204
25,S OGDEN AVE,,Columbus,OH,43204
2654,W BROAD ST,,Columbus,OH,43204
1364,BAY SHORE DR,CN 1B,Columbus,OH,43204
1382,BAY SHORE DR,CN 3A,Columbus,OH,43204
1406,BAY SHORE DR,CN 3D,Columbus,OH,43204
2156,QUARRY VALLEY RD,,Columbus,OH,43204
2717,HAFTON WOODS CT,,Columbus,OH,43204
605,S OGDEN AVE,,Columbus,OH,43204
506,S OGDEN AVE,,Columbus,OH,43204
386,S OGDEN AVE,,Columbus,OH,43204
292,S OGDEN AVE,,Columbus,OH,43204
3575,FARMHURST LN,,Columbus,OH,43204
3433,SOUTH BLVD,,Columbus,OH,43204
3386,TIMBER OAK DR,,Columbus,OH,43204
162,N BURGESS AVE,,Columbus,OH,43204
1391,HAFTON WOODS DR,,Columbus,OH,43204
2657,BERNADETTE RD,,Columbus,OH,43204
2675,VANDERBERG AVE,,Columbus,OH,43204
559,S BURGESS AVE,,Columbus,OH,43204
228,S BURGESS AVE,,Columbus,OH,43204
28,N BURGESS AVE,,Columbus,OH,43204
1209,LAKE SHORE DR,UNIT A,Columbus,OH,43204
207,DEMOREST AVE,,Columbus,OH,43204
658,DEMOREST RD,,Columbus,OH,43204
635,DEMOREST RD,,Columbus,OH,43204
3372,CAMP CHASE DR,,Columbus,OH,43204
3339,SOUTH BLVD,,Columbus,OH,43204
3295,RUDON LN,,Columbus,OH,43204
811,STEPHEN DR W,,Columbus,OH,43204
39,S SOUTHAMPTON AVE,,Columbus,OH,43204
1209,LAKE SHORE DR,UNIT C,Columbus,OH,43204
398,S BURGESS AVE,,Columbus,OH,43204
152,S RICHARDSON AVE,,Columbus,OH,43204
106,S RICHARDSON AVE,,Columbus,OH,43204
1404,LAKE SHORE DR,,Columbus,OH,43204
407,S TERRACE AVE,,Columbus,OH,43204
29,S TERRACE AVE,,Columbus,OH,43204
1289,TREEHAVEN LN,,Columbus,OH,43204
25,S SYLVAN AVE,,Columbus,OH,43204
360,N SOUTHAMPTON AVE,,Columbus,OH,43204
3116,LA VISTA DR,,Columbus,OH,43204
1297,PINNACLE DR,,Columbus,OH,43204
715,S SYLVAN AVE,,Columbus,OH,43204
135,POWHATAN AVE,,Columbus,OH,43204
78,N SYLVAN AVE,M,Columbus,OH,43204
68,N SYLVAN AVE,B,Columbus,OH,43204
180,N SYLVAN AVE,,Columbus,OH,43204
41,ELDON AVE,,Columbus,OH,43204
1287,LAKE SHORE DR,,Columbus,OH,43204
1291,LAKE SHORE DR,,Columbus,OH,43204
1370,LAKE SHORE DR,A,Columbus,OH,43204
537,S TERRACE AVE,,Columbus,OH,43204
392,TERRACE AVE,,Columbus,OH,43204
82,S TERRACE AVE,,Columbus,OH,43204
75,S EUREKA AVE,,Columbus,OH,43204
93,N EUREKA AVE,,Columbus,OH,43204
165,N EUREKA AVE,,Columbus,OH,43204
231,N ALGONQUIN AVE,,Columbus,OH,43204
287 1/2,N ALGONQUIN AVE,,Columbus,OH,43204
2954,WOODLOOP LN,,Columbus,OH,43204
3245,SULLIVANT AVE,L,Columbus,OH,43204
300,POWHATAN AVE,,Columbus,OH,43204
3237,MCKINLEY AVE,69,Columbus,OH,43204
3225,SULLIVANT AVE,,Columbus,OH,43204
2537,SYMINGTON AVE,,Columbus,OH,43204
758,S TERRACE AVE,,Columbus,OH,43204
454,S EUREKA AVE,,Columbus,OH,43204
408,S EUREKA AVE,,Columbus,OH,43204
103,S WAYNE AVE,,Columbus,OH,43204
126,N EUREKA AVE,,Columbus,OH,43204
184,N EUREKA AVE,,Columbus,OH,43204
2357,GLENVIEW BLVD,,Columbus,OH,43204
2400,HARRISON RD,,Columbus,OH,43204
3214,WICKLOW RD,,Columbus,OH,43204
210,S BRINKER AVE,,Columbus,OH,43204
3128,ELLIS PL,,Columbus,OH,43204
828,S EUREKA AVE,,Columbus,OH,43204
705,S EUREKA AVE,,Columbus,OH,43204
2441,SULLIVANT AVE,,Columbus,OH,43204
358,S WAYNE AVE,,Columbus,OH,43204
279,S WAYNE AVE,,Columbus,OH,43204
928,S EUREKA AVE,,Columbus,OH,43204
3171,VANDERBERG AVE,,Columbus,OH,43204
3168,WHITEHEAD RD,,Columbus,OH,43204
3102,FREMONT ST,,Columbus,OH,43204
165,S WESTGATE AVE,,Columbus,OH,43204
100,N WESTGATE AVE,,Columbus,OH,43204
2492,HARDESTY DR S,,Columbus,OH,43204
1062,HARDESTY PL W,,Columbus,OH,43204
578,S OAKLEY AVE,,Columbus,OH,43204
2305,W BROAD ST,,Columbus,OH,43204
36,S WHEATLAND AVE,,Columbus,OH,43204
2985,WESTMOOR CT,,Columbus,OH,43204
175,S HURON AVE,,Columbus,OH,43204
3003,W BROAD ST,,Columbus,OH,43204
2373,HARDESTY DR N,,Columbus,OH,43204
2347,HARDESTY DR N,,Columbus,OH,43204
4025,DEER LAKE WAY,,Columbus,OH,43204
1353,THACKER CT,,Columbus,OH,43204
2714,SCIOTO STATION DR,,Columbus,OH,43204
3042,EAKIN RD,,Columbus,OH,43204
626,CRESCENT RD,,Columbus,OH,43204
458,S HURON AVE,,Columbus,OH,43204
3032,WICKLOW RD,,Columbus,OH,43204
2984,CRESCENT DR,,Columbus,OH,43204
117,N HALDY AVE,,Columbus,OH,43204
2738,SCIOTO STATION DR,,Columbus,OH,43204
2970,WICKLOW RD,,Columbus,OH,43204
165,GUERNSEY AVE,,Columbus,OH,43204
1840,QUARRY VIEW,,Columbus,OH,43204
3050,BRIGGS RD,,Columbus,OH,43204
1101,WILTSHIRE RD,,Columbus,OH,43204
883,CHESTERSHIRE RD,,Columbus,OH,43204
336,GUERNSEY AVE,,Columbus,OH,43204
3647,WEST HORIZONS,APT 204,Columbus,OH,43204
3730,GIBBSTONE DR,,Columbus,OH,43204
182,GUERNSEY AVE,,Columbus,OH,43204
1777,QUARRY VIEW,,Columbus,OH,43204
1771,QUARRY VIEW,,Columbus,OH,43204
370,S ROYS AVE,,Columbus,OH,43204
3546,WILSON WOODS DR,D,Columbus,OH,43204
2877,SULLIVANT AVE,,Columbus,OH,43204
388,S CHASE AVE,,Columbus,OH,43204
2818,W BROAD ST,,Columbus,OH,43204
225,N HAGUE AVE,,Columbus,OH,43204
267,N HAGUE AVE,,Columbus,OH,43204
1439,PEACH TREE CT,,Columbus,OH,43204
1426,PEACH BLOSSOM CT,,Columbus,OH,43204
3484,WILSON WOODS DR,D,Columbus,OH,43204
3477,WILSON WOODS DR,,Columbus,OH,43204
1303,BELLFLOWER AVE,,Columbus,OH,43204
895,S HAGUE AVE,,Columbus,OH,43204
2467,QUARRY VALLEY RD,,Columbus,OH,43204
841,KINGSFORD RD,UNIT C,Columbus,OH,43204
661,KINGSFORD RD,UNIT 2D,Columbus,OH,43204
2391,QUARRY VALLEY RD,,Columbus,OH,43204
1066,BELLFLOWER AVE,,Columbus,OH,43204
952,RACINE AVE,,Columbus,OH,43204
824,S HARRIS AVE,B,Columbus,OH,43204
111,S HARRIS AVE,,Columbus,OH,43204
2823,WOODCROFT RD,,Columbus,OH,43204
1070,PARMA AVE,,Columbus,OH,43204
370,S HARRIS AVE,,Columbus,OH,43204
670,KINGSFORD RD,,Columbus,OH,43204
3535,EDSON DR,,Columbus,OH,43204
3581,EDSON DR,,Columbus,OH,43204
3522,EDSON DR,,Columbus,OH,43204
1436,BAY SHORE DR,CN 3A,Columbus,OH,43204
1436,BAY SHORE DR,,Columbus,OH,43204
1498,RUNAWAY BAY DR,CN 1A,Columbus,OH,43204
2437,QUARRY LAKE DR,,Columbus,OH,43204
2755,EAKIN RD,G,Columbus,OH,43204
358,S WARREN AVE,,Columbus,OH,43204
300,S WARREN AVE,,Columbus,OH,43204
272,N OGDEN AVE,,Columbus,OH,43204
804,BRIXHAM RD,,Columbus,OH,43204
3510,DERRER HOLLOW WAY,,Columbus,OH,43204
735,MACLAM DR,,Columbus,OH,43204
3417,TIMBER OAK DR,,Columbus,OH,43204
1356,RUNAWAY BAY DR,CN 1A,Columbus,OH,43204
2603,W BROAD ST,,Columbus,OH,43204
2712,HAFTON WOODS CT,,Columbus,OH,43204
2678,ROSEDALE AVE,,Columbus,OH,43204
2675,ST PATRICK RD,,Columbus,OH,43204
724,S OGDEN AVE,,Columbus,OH,43204
369,S BURGESS AVE,,Columbus,OH,43204
2533,SUTTON AVE,,Columbus,OH,43204
3277,MAPLEWAY LN,,Columbus,OH,43204
1907,MAPLEWAY DR,,Columbus,OH,43204
3481,SULLIVANT AVE,,Columbus,OH,43204
367,DERRER RD,,Columbus,OH,43204
3592,TRABUE RD,,Columbus,OH,43204
351,ELDON AVE,,Columbus,OH,43204
1212,LAKE SHORE DR,UNIT C,Columbus,OH,43204
931,S RICHARDSON AVE,,Columbus,OH,43204
349,S RICHARDSON AVE,,Columbus,OH,43204
278,S RICHARDSON AVE,,Columbus,OH,43204
77,S RICHARDSON AVE,,Columbus,OH,43204
1475,CLIFF CT,C,Columbus,OH,43204
402,DERRER RD,,Columbus,OH,43204
293,DEMOREST AVE,,Columbus,OH,43204
695,DEMOREST RD,,Columbus,OH,43204
3414,SULLIVANT AVE,,Columbus,OH,43204
481,INDUSTRY DR,,Columbus,OH,43204
3234,COLONY VISTA LN,,Columbus,OH,43204
3386,EAKIN RD,,Columbus,OH,43204
3336,WICKLOW RD,,Columbus,OH,43204
335,LETCHWORTH AVE,,Columbus,OH,43204
939,HODGES DR,,Columbus,OH,43204
381,S TERRACE AVE,,Columbus,OH,43204
343,TERRACE AVE,,Columbus,OH,43204
209,S TERRACE AVE,,Columbus,OH,43204
1285,LAKE SHORE DR,UNIT B,Columbus,OH,43204
1414,LAKE SHORE DR,,Columbus,OH,43204
1412,LAKE SHORE DR,,Columbus,OH,43204
151,S EUREKA AVE,,Columbus,OH,43204
205,N EUREKA AVE,,Columbus,OH,43204
181,S SOUTHAMPTON AVE,,Columbus,OH,43204
816,GLADSTONE AVE,,Columbus,OH,43204
1292,LOWLAND CT,,Columbus,OH,43204
3370,STEPHEN DR S,,Columbus,OH,43204
273,S SYLVAN AVE,,Columbus,OH,43204
78,N SYLVAN AVE,F,Columbus,OH,43204
3237,MCKINLEY AVE,78,Columbus,OH,43204
842,S TERRACE AVE,,Columbus,OH,43204
2424,SULLIVANT AVE,,Columbus,OH,43204
283,S WAYNE AVE,,Columbus,OH,43204
2468,SPAATZ AVE,,Columbus,OH,43204
583,S WAYNE AVE,,Columbus,OH,43204
3237,MCKINLEY AVE,18,Columbus,OH,43204
3296,MARK CT,,Columbus,OH,43204
864,MARK PL,,Columbus,OH,43204
3180,GRACE ST,,Columbus,OH,43204
91,OREL AVE,,Columbus,OH,43204
3237,MCKINLEY AVE,64,Columbus,OH,43204
2454,HARDESTY DR S,,Columbus,OH,43204
1058,HARDESTY PL W,,Columbus,OH,43204
597,S OAKLEY AVE,,Columbus,OH,43204
364,S OAKLEY AVE,,Columbus,OH,43204
2344,HARDESTY CT,,Columbus,OH,43204
1026,BROOKS END CT,,Columbus,OH,43204
3212,RACE ST,,Columbus,OH,43204
3210,EAKIN RD,,Columbus,OH,43204
2383,HARDESTY DR N,,Columbus,OH,43204
591,S WHEATLAND AVE,,Columbus,OH,43204
2301,HARDESTY DR N,,Columbus,OH,43204
628,S WHEATLAND AVE,,Columbus,OH,43204
1474,BROOKFOREST DR,,Columbus,OH,43204
63,N WESTGATE AVE,,Columbus,OH,43204
2940,LA VISTA DR,,Columbus,OH,43204
969,ANTHONY DR,,Columbus,OH,43204
172,S WESTGATE AVE,,Columbus,OH,43204
70,N WESTGATE AVE,,Columbus,OH,43204
494,WESTMOOR PL,,Columbus,OH,43204
2787,MARBLEVISTA BLVD,,Columbus,OH,43204
3114,SULLIVANT AVE,,Columbus,OH,43204
165,S WESTMOOR AVE,,Columbus,OH,43204
1124,ABBOTS LAKE CT,,Columbus,OH,43204
3959,FARM BROOK LN,,Columbus,OH,43204
3059,PARKSIDE RD,,Columbus,OH,43204
191,S HURON AVE,,Columbus,OH,43204
197,S HURON AVE,,Columbus,OH,43204
69,N HURON AVE,,Columbus,OH,43204
138,N HURON AVE,,Columbus,OH,43204
1344,CASCADE CT,,Columbus,OH,43204
3880,FARM BROOK LN,,Columbus,OH,43204
2710,SCIOTO STATION DR,,Columbus,OH,43204
2525,MARBLEVISTA BLVD,,Columbus,OH,43204
864,BINNS BLVD,,Columbus,OH,43204
501,BINNS BLVD,,Columbus,OH,43204
2988,PARKSIDE RD,,Columbus,OH,43204
1904,MARBLE CLIFF CROSSING CT,,Columbus,OH,43204
1572,QUARRY VIEW,,Columbus,OH,43204
1041,WILTSHIRE RD,,Columbus,OH,43204
733,CHESTERSHIRE RD,,Columbus,OH,43204
2945,SULLIVANT AVE,,Columbus,OH,43204
2685,QUARRY LAKE DR,,Columbus,OH,43204
2718,QUARRY LAKE DR,,Columbus,OH,43204
324,S CHASE AVE,,Columbus,OH,43204
256,S CHASE AVE,A,Columbus,OH,43204
2720,RUTH CT,,Columbus,OH,43204
2582,QUARRY LAKE DR,,Columbus,OH,43204
3576,FERRELL PL,,Columbus,OH,43204
3484,WILSON WOODS DR,C,Columbus,OH,43204
2937,BRIGGS RD,,Columbus,OH,43204
857,S HAGUE AVE,,Columbus,OH,43204
53,S POWELL AVE,,Columbus,OH,43204
3425,WILSON WOODS DR,L,Columbus,OH,43204
149,N HAGUE AVE,,Columbus,OH,43204
2816,FISHER RD,,Columbus,OH,43204
29,S HAGUE AVE,,Columbus,OH,43204
44,S HAGUE AVE,,Columbus,OH,43204
106,N HAGUE AVE,,Columbus,OH,43204
627,LANCE CT,,Columbus,OH,43204
3717,GIBBSTONE DR,,Columbus,OH,43204
3566,WILSON WOODS DR,C,Columbus,OH,43204
2698,QUARRY LAKE DR,,Columbus,OH,43204
2867,WICKLOW RD,,Columbus,OH,43204
315,S CHASE AVE,,Columbus,OH,43204
250,S POWELL AVE,UNIT D,Columbus,OH,43204
162,S POWELL AVE,B,Columbus,OH,43204
214,N HAGUE AVE,,Columbus,OH,43204
1327,BELLFLOWER AVE,,Columbus,OH,43204
1044,S HARRIS AVE,,Columbus,OH,43204
976,S HARRIS AVE,,Columbus,OH,43204
797,S HARRIS AVE,,Columbus,OH,43204
442,S POWELL AVE,,Columbus,OH,43204
405,S HAGUE AVE,,Columbus,OH,43204
1431,RUNAWAY BAY DR,CN 3A,Columbus,OH,43204
2363,QUARRY VALLEY RD,,Columbus,OH,43204
1430,CROSS CREEK DR,K,Columbus,OH,43204
881,KINGSFORD RD,C,Columbus,OH,43204
761,KINGSFORD RD,UNIT A,Columbus,OH,43204
3640,EAKIN RD,2B,Columbus,OH,43204
996,RACINE AVE,,Columbus,OH,43204
219,S HARRIS AVE,,Columbus,OH,43204
2353,QUARRY VALLEY RD,,Columbus,OH,43204
3558,LINDENDALE DR,,Columbus,OH,43204
3534,EDSON DR,,Columbus,OH,43204
1147,ST AGNES AVE,,Columbus,OH,43204
2730,VIDA PL,,Columbus,OH,43204
168,S HARRIS AVE,,Columbus,OH,43204
2677,W BROAD ST,,Columbus,OH,43204
39,N WARREN AVE,,Columbus,OH,43204
2699,HARRISON RD,,Columbus,OH,43204
1498,RUNAWAY BAY DR,CN 1C,Columbus,OH,43204
2463,QUARRY LAKE DR,,Columbus,OH,43204
2407,KEEP PL,,Columbus,OH,43204
22,S WARREN AVE,,Columbus,OH,43204
1534,RUNAWAY BAY DR,CN 2B,Columbus,OH,43204
3525,EDSON DR,,Columbus,OH,43204
3527,EDSON DR,,Columbus,OH,43204
820,BRIXHAM RD,,Columbus,OH,43204
748,BRIXHAM RD,,Columbus,OH,43204
240,RANELLE DR,,Columbus,OH,43204
3524,SANITA CT,,Columbus,OH,43204
3508,DERRER HILL DR,,Columbus,OH,43204
3598,FARMHURST LN,,Columbus,OH,43204
809,S OGDEN AVE,,Columbus,OH,43204
2687,EAKIN RD,,Columbus,OH,43204
133,S BURGESS AVE,,Columbus,OH,43204
66,S OGDEN AVE,,Columbus,OH,43204
57,S BURGESS AVE,A,Columbus,OH,43204
2615,W BROAD ST,,Columbus,OH,43204
76,N OGDEN AVE,,Columbus,OH,43204
60,N OGDEN AVE,,Columbus,OH,43204
221,N BURGESS AVE,,Columbus,OH,43204
3495,WILKES CT,,Columbus,OH,43204
3472,STALLING CT,,Columbus,OH,43204
3482,WILKES CT,,Columbus,OH,43204
3494,SENATOR CT,,Columbus,OH,43204
113,DERRER DEN LN,,Columbus,OH,43204
117,DERRER HEIGHT LN,,Columbus,OH,43204
468,N WILSON RD,,Columbus,OH,43204
1106,ST MATTHEW AVE,,Columbus,OH,43204
1171,ST CECELIA DR,,Columbus,OH,43204
212,S RICHARDSON AVE,,Columbus,OH,43204
126,S RICHARDSON AVE,,Columbus,OH,43204
132,S RICHARDSON AVE,,Columbus,OH,43204
3566,FARMHURST LN,,Columbus,OH,43204
3455,WESTWAY DR,,Columbus,OH,43204
3439,STALLING CT,,Columbus,OH,43204
456,S RICHARDSON AVE,,Columbus,OH,43204
231,S TERRACE AVE,,Columbus,OH,43204
157,ELDON AVE,,Columbus,OH,43204
1285,LAKE SHORE DR,,Columbus,OH,43204
1408,LAKE SHORE DR,A,Columbus,OH,43204
837,S TERRACE AVE,,Columbus,OH,43204
829,S TERRACE AVE,,Columbus,OH,43204
748,S RICHARDSON AVE,,Columbus,OH,43204
402,S TERRACE AVE,,Columbus,OH,43204
236,N EUREKA AVE,,Columbus,OH,43204
649,DERRER RD,,Columbus,OH,43204
3422,WICKLOW RD,,Columbus,OH,43204
95,DEMOREST AVE,,Columbus,OH,43204
730,FEBOR CT,,Columbus,OH,43204
3360,BRICHAR WAY,,Columbus,OH,43204
3267,MEDOMA DR,,Columbus,OH,43204
932,DEMOREST RD,,Columbus,OH,43204
3258,COLONY VISTA LN,,Columbus,OH,43204
1800,SAN REMO DR,,Columbus,OH,43204
837,S EUREKA AVE,,Columbus,OH,43204
670,S TERRACE AVE,,Columbus,OH,43204
696,S TERRACE AVE,,Columbus,OH,43204
15,S WAYNE AVE,,Columbus,OH,43204
133,N WAYNE AVE,,Columbus,OH,43204
673,DEXTER AVE,,Columbus,OH,43204
585,DEXTER AVE,,Columbus,OH,43204
258,LETCHWORTH AVE,,Columbus,OH,43204
196,LETCHWORTH AVE,,Columbus,OH,43204
156,LETCHWORTH AVE,,Columbus,OH,43204
3108,EL GRECO DR,,Columbus,OH,43204
810,STEPHEN DR W,,Columbus,OH,43204
149,S SYLVAN AVE,,Columbus,OH,43204
236,N SOUTHAMPTON AVE,,Columbus,OH,43204
3173,WESTMILLS DR,,Columbus,OH,43204
31,N WAYNE AVE,,Columbus,OH,43204
145,N OAKLEY AVE,,Columbus,OH,43204
450,S WAYNE AVE,,Columbus,OH,43204
2410,SULLIVANT AVE,,Columbus,OH,43204
307,S WHEATLAND AVE,,Columbus,OH,43204
334,POWHATAN AVE,,Columbus,OH,43204
3205,W BROAD ST,,Columbus,OH,43204
1231,N HAGUE AVE,,Columbus,OH,43204
3237,MCKINLEY AVE,52,Columbus,OH,43204
584,S WHEATLAND AVE,,Columbus,OH,43204
724,S WHEATLAND AVE,,Columbus,OH,43204
3247,MARY AVE,,Columbus,OH,43204
110,S ALGONQUIN AVE,,Columbus,OH,43204
241,N BRINKER AVE,,Columbus,OH,43204
3237,MCKINLEY AVE,106,Columbus,OH,43204
3237,MCKINLEY AVE,60,Columbus,OH,43204
783,S BRINKER AVE,,Columbus,OH,43204
96,S BRINKER AVE,,Columbus,OH,43204
103,N WESTGATE AVE,,Columbus,OH,43204
3061,VALLEY VIEW DR,6,Columbus,OH,43204
26,N WESTGATE AVE,,Columbus,OH,43204
2898,LA VISTA DR,B,Columbus,OH,43204
2765,MARBLEVISTA BLVD,,Columbus,OH,43204
633,S WESTGATE AVE,,Columbus,OH,43204
3084,FREMONT ST,,Columbus,OH,43204
101,S WESTMOOR AVE,,Columbus,OH,43204
451,N WESTMOOR AVE,,Columbus,OH,43204
3923,FARM BROOK LN,,Columbus,OH,43204
3920,BUSINESS PARK DR,,Columbus,OH,43204
3831,FARM BROOK LN,,Columbus,OH,43204
3816,CIDERMILL DR,,Columbus,OH,43204
980,SALISBURY RD,,Columbus,OH,43204
2643,MARBLEVISTA BLVD,,Columbus,OH,43204
988,BINNS BLVD,,Columbus,OH,43204
815,BINNS BLVD,,Columbus,OH,43204
2986,W BROAD ST,,Columbus,OH,43204
3715,INTERCHANGE RD,,Columbus,OH,43204
3647,WEST HORIZONS,APT 201,Columbus,OH,43204
855,S ROYS AVE,,Columbus,OH,43204
767,BINNS BLVD,,Columbus,OH,43204
696,SALISBURY RD,,Columbus,OH,43204
2990,SULLIVANT AVE,,Columbus,OH,43204
319,GUERNSEY AVE,,Columbus,OH,43204
2955,W BROAD ST,,Columbus,OH,43204
88,N HALDY AVE,,Columbus,OH,43204
149,N ROYS AVE,,Columbus,OH,43204
172,GUERNSEY AVE,,Columbus,OH,43204
150,N ROYS AVE,,Columbus,OH,43204
1576,QUARRY VIEW,,Columbus,OH,43204
3891,BASIA DR,,Columbus,OH,43204
283,S WESTGATE AVE,,Columbus,OH,43204
1313,CATALINA CT,,Columbus,OH,43204
3158,MARY AVE,,Columbus,OH,43204
203,S WESTMOOR AVE,,Columbus,OH,43204
26,N WESTMOOR AVE,,Columbus,OH,43204
2998,WESTMOOR CT,,Columbus,OH,43204
1155,ABBOTS GREEN CIR,,Columbus,OH,43204
2859,LA VISTA DR,,Columbus,OH,43204
1357,TRADE WINDS DR,APT 106,Columbus,OH,43204
153,S HURON AVE,,Columbus,OH,43204
156,N HURON AVE,,Columbus,OH,43204
2629,MARBLEVISTA BLVD,,Columbus,OH,43204
121,N HALDY AVE,,Columbus,OH,43204
2565,MARBLEVISTA BLVD,,Columbus,OH,43204
3070,BRIGGS RD,,Columbus,OH,43204
1014,S ROYS AVE,,Columbus,OH,43204
3660,WEST HORIZONS,APT 104,Columbus,OH,43204
1419,GELBRAY AVE,,Columbus,OH,43204
3751,GRIMES DR,,Columbus,OH,43204
3009,SULLIVANT AVE,,Columbus,OH,43204
2981,WICKLOW RD,,Columbus,OH,43204
495,N POWELL AVE,,Columbus,OH,43204
761,S ROYS AVE,,Columbus,OH,43204
586,BINNS BLVD,,Columbus,OH,43204
2929,FREMONT ST,,Columbus,OH,43204
2911,CRESCENT DR,,Columbus,OH,43204
2760,QUARRY LAKE DR,,Columbus,OH,43204
1255,WARBLE DR,,Columbus,OH,43204
3546,WILSON WOODS DR,C,Columbus,OH,43204
844,CHESTERSHIRE RD,,Columbus,OH,43204
757,CHESTERSHIRE RD,,Columbus,OH,43204
2878,POSTLE AVE,,Columbus,OH,43204
1714,QUARRY TRACE,,Columbus,OH,43204
404,S CHASE AVE,UNIT A,Columbus,OH,43204
349,S CHASE AVE,,Columbus,OH,43204
298,S CHASE AVE,A,Columbus,OH,43204
2797,RIDGE AVE,,Columbus,OH,43204
3546,WILSON WOODS DR,L,Columbus,OH,43204
3538,WILSON WOODS DR,J,Columbus,OH,43204
3510,WILSON WOODS DR,I,Columbus,OH,43204
2676,QUARRY POINT,,Columbus,OH,43204
2562,QUARRY LAKE DR,,Columbus,OH,43204
1287,BELLFLOWER AVE,,Columbus,OH,43204
1145,RACINE AVE,,Columbus,OH,43204
790,WILTSHIRE RD,,Columbus,OH,43204
805,S HAGUE AVE,,Columbus,OH,43204
598,CHESTERSHIRE RD,,Columbus,OH,43204
2734,RIDGE AVE,,Columbus,OH,43204
2974,MCKINLEY AVE,,Columbus,OH,43204
926,S HARRIS AVE,,Columbus,OH,43204
708,S HAGUE AVE,,Columbus,OH,43204
193,N HARRIS AVE,,Columbus,OH,43204
2717,CAROL AVE,,Columbus,OH,43204
323,N HARRIS AVE,,Columbus,OH,43204
1437,RUNAWAY BAY DR,CN 2D,Columbus,OH,43204
784,HARRIS AVE,,Columbus,OH,43204
1429,PEACH TREE CT,,Columbus,OH,43204
438,S HAGUE ST,,Columbus,OH,43204
41,N HARRIS AVE,,Columbus,OH,43204
158,N HARRIS AVE,,Columbus,OH,43204
208,N HARRIS AVE,,Columbus,OH,43204
2277,QUARRY VALLEY RD,,Columbus,OH,43204
2825,CHESFIELD DR,,Columbus,OH,43204
2810,ROSEDALE AVE,,Columbus,OH,43204
2755,EAKIN RD,J,Columbus,OH,43204
781,RACINE AVE,,Columbus,OH,43204
154,S HARRIS AVE,,Columbus,OH,43204
1400,CROSS CREEK DR,D,Columbus,OH,43204
851,KINGSFORD RD,UNIT B,Columbus,OH,43204
851,KINGSFORD RD,UNIT D,Columbus,OH,43204
339,N OGDEN AVE,,Columbus,OH,43204
1442,BAY SHORE DR,CN 1D,Columbus,OH,43204
1523,RUNAWAY BAY DR,CN 2A,Columbus,OH,43204
1529,RUNAWAY BAY DR,CN 1A,Columbus,OH,43204
1547,RUNAWAY BAY DR,,Columbus,OH,43204
2211,QUARRY VALLEY RD,,Columbus,OH,43204
2399,KEEP PL,,Columbus,OH,43204
2742,VANDERBERG AVE,,Columbus,OH,43204
637,S WARREN AVE,,Columbus,OH,43204
603,S WARREN AVE,,Columbus,OH,43204
173,N WILSON RD,,Columbus,OH,43204
472,S WARREN AVE,,Columbus,OH,43204
260,S WARREN AVE,,Columbus,OH,43204
71,N OGDEN AVE,,Columbus,OH,43204
2757,HAFTON RD,,Columbus,OH,43204
1096,BRONWYN AVE,,Columbus,OH,43204
2586,W BROAD ST,,Columbus,OH,43204
828,BRIXHAM RD,,Columbus,OH,43204
477,JOSEPHINE AVE,,Columbus,OH,43204
3501,SANITA CT,,Columbus,OH,43204
853,MACLAM DR,,Columbus,OH,43204
3470,DERRER CT N,,Columbus,OH,43204
765,MACLAM DR,,Columbus,OH,43204
1903,MAPLEWAY DR,,Columbus,OH,43204
282,N RICHARDSON AVE,,Columbus,OH,43204
2333,KEEP PL,,Columbus,OH,43204
475,S BURGESS AVE,,Columbus,OH,43204
299,S BURGESS AVE,,Columbus,OH,43204
337,ELDON AVE,,Columbus,OH,43204
97,N TERRACE AVE,,Columbus,OH,43204
87,N TERRACE AVE,,Columbus,OH,43204
259,ELDON AVE,,Columbus,OH,43204
1439,CLIFF CT,,Columbus,OH,43204
3464,FREMONT ST,,Columbus,OH,43204
123,DERRER RD,,Columbus,OH,43204
103,DERRER ESTATES PL,,Columbus,OH,43204
1169,GEORGE'S PL,,Columbus,OH,43204
711,DERRER RD,A,Columbus,OH,43204
78,DERRER RD,,Columbus,OH,43204
3338,TIMBER OAK DR,,Columbus,OH,43204
1180,NATHAN DR,,Columbus,OH,43204
802,S RICHARDSON AVE,,Columbus,OH,43204
699,S RICHARDSON AVE,,Columbus,OH,43204
342,S RICHARDSON AVE,,Columbus,OH,43204
111,S TERRACE AVE,,Columbus,OH,43204
75,S TERRACE AVE,,Columbus,OH,43204
1293,LAKE SHORE DR,,Columbus,OH,43204
3163,EL GRECO DR,,Columbus,OH,43204
3203,BOWDOIN CIR,,Columbus,OH,43204
1277,TREEHAVEN LN,,Columbus,OH,43204
1298,LOWLAND CT,,Columbus,OH,43204
3237,MCKINLEY AVE,27,Columbus,OH,43204
674,S TERRACE AVE,,Columbus,OH,43204
62,S EUREKA AVE,,Columbus,OH,43204
830,MIRIAM DR W,,Columbus,OH,43204
68,N SYLVAN AVE,J,Columbus,OH,43204
58,N SYLVAN AVE,F,Columbus,OH,43204
133,N SYLVAN AVE,,Columbus,OH,43204
261,N ALGONQUIN AVE,,Columbus,OH,43204
1347,BAJA LN,,Columbus,OH,43204
644,S EUREKA AVE,,Columbus,OH,43204
276,S WAYNE AVE,,Columbus,OH,43204
239,N OAKLEY AVE,,Columbus,OH,43204
282,N OAKLEY AVE,,Columbus,OH,43204
331,S OAKLEY AVE,,Columbus,OH,43204
291,S OAKLEY AVE,,Columbus,OH,43204
93,S OAKLEY AVE,,Columbus,OH,43204
177,N WHEATLAND AVE,,Columbus,OH,43204
1007,BROOKS END CT,,Columbus,OH,43204
354,S OAKLEY AVE,,Columbus,OH,43204
824,MARK PL,,Columbus,OH,43204
3141,RIDGE AVE,,Columbus,OH,43204
1286,N HAGUE AVE,,Columbus,OH,43204
150,S ALGONQUIN AVE,,Columbus,OH,43204
358,S OAKLEY AVE,,Columbus,OH,43204
328,S OAKLEY AVE,,Columbus,OH,43204
233,S WHEATLAND AVE,,Columbus,OH,43204
179,S WHEATLAND AVE,,Columbus,OH,43204
52,S WHEATLAND AVE,,Columbus,OH,43204
2448,HARDESTY DR S,,Columbus,OH,43204
698,S OAKLEY AVE,,Columbus,OH,43204
1337,WILD OATS DR,,Columbus,OH,43204
1385,WILD OATS DR,,Columbus,OH,43204
3158,W BROAD ST,,Columbus,OH,43204
3082,VALLEY VIEW DR,,Columbus,OH,43204
2985,LA VISTA DR,,Columbus,OH,43204
199,S BRINKER AVE,,Columbus,OH,43204
3061,VALLEY VIEW DR,7,Columbus,OH,43204
2928,LA VISTA DR,D,Columbus,OH,43204
3150,W MOUND ST,,Columbus,OH,43204
3142,SULLIVANT AVE,,Columbus,OH,43204
3979,DEER LAKE WAY,,Columbus,OH,43204
4001,SANDY RIDGE DR,,Columbus,OH,43204
3924,POPLAR BEND DR,,Columbus,OH,43204
1805,QUARRY VIEW,,Columbus,OH,43204
2517,MARBLEVISTA BLVD,,Columbus,OH,43204
930,S ROYS AVE,UNIT A,Columbus,OH,43204
371,N BRINKER AVE,,Columbus,OH,43204
800,S TERRACE AVE,,Columbus,OH,43204
687,S TERRACE AVE,,Columbus,OH,43204
135,S WAYNE AVE,,Columbus,OH,43204
69,S WAYNE AVE,,Columbus,OH,43204
1371,TRADE WINDS DR,APT 102,Columbus,OH,43204
3861,POPLAR BEND DR,,Columbus,OH,43204
3799,FARM BROOK LN,,Columbus,OH,43204
2972,DAISY LN,,Columbus,OH,43204
1073,S HAGUE AVE,,Columbus,OH,43204
977,S HAGUE AVE,,Columbus,OH,43204
591,CHESTERSHIRE RD,,Columbus,OH,43204
369,S CHASE AVE,A,Columbus,OH,43204
263,S BRINKER AVE,,Columbus,OH,43204
100,S BRINKER AVE,,Columbus,OH,43204
78,N BRINKER AVE,,Columbus,OH,43204
2961,LA VISTA DR,,Columbus,OH,43204
2498,KREBER AVE,,Columbus,OH,43204
574,S EUREKA AVE,,Columbus,OH,43204
350,S WAYNE AVE,,Columbus,OH,43204
2389,PLUM ST,,Columbus,OH,43204
175,N OAKLEY AVE,,Columbus,OH,43204
815,S WAYNE AVE,,Columbus,OH,43204
95,S OAKLEY AVE,,Columbus,OH,43204
11,N OAKLEY AVE,,Columbus,OH,43204
129,N WHEATLAND AVE,,Columbus,OH,43204
2560,QUARRY LAKE DR,,Columbus,OH,43204
389,S POWELL AVE,,Columbus,OH,43204
265,S POWELL AVE,,Columbus,OH,43204
2800,W BROAD ST,,Columbus,OH,43204
2501,QUARRY VALLEY RD,,Columbus,OH,43204
2453,QUARRY VALLEY RD,,Columbus,OH,43204
128,S WESTGATE AVE,,Columbus,OH,43204
2799,MARBLEVISTA BLVD,,Columbus,OH,43204
164,N WESTMOOR AVE,,Columbus,OH,43204
2859,ABBOT'S COVE BLVD,,Columbus,OH,43204
2695,MARBLEVISTA BLVD,,Columbus,OH,43204
1032,BROOKS END CT,,Columbus,OH,43204
645,S OAKLEY AVE,,Columbus,OH,43204
270,S OAKLEY AVE,,Columbus,OH,43204
3579,INTERCHANGE RD,,Columbus,OH,43204
896,S HARRIS AVE,,Columbus,OH,43204
139,N HARRIS AVE,,Columbus,OH,43204
1431,RUNAWAY BAY DR,CN 2B,Columbus,OH,43204
1467,RUNAWAY BAY DR,CN 2C,Columbus,OH,43204
2433,QUARRY VALLEY RD,,Columbus,OH,43204
3151,STEPHEN DR S,,Columbus,OH,43204
3150,STEPHEN DR S,,Columbus,OH,43204
619,CRESCENT RD,,Columbus,OH,43204
465,S HURON AVE,,Columbus,OH,43204
135,N HURON AVE,,Columbus,OH,43204
144,N HURON AVE,,Columbus,OH,43204
2369,HARDESTY DR N,,Columbus,OH,43204
204,S WHEATLAND AVE,,Columbus,OH,43204
2287,W BROAD ST,,Columbus,OH,43204
2349,HARDESTY DR N,,Columbus,OH,43204
3584,FERRELL PL,,Columbus,OH,43204
1406,PEACH BLOSSOM CT,,Columbus,OH,43204
1443,PEACH TREE CT,,Columbus,OH,43204
376,GUERNSEY AVE,,Columbus,OH,43204
2435,MARBLEVISTA BLVD,,Columbus,OH,43204
1411,SUNFLOWER DR,,Columbus,OH,43204
288,S ROYS AVE,,Columbus,OH,43204
2873,W BROAD ST,,Columbus,OH,43204
2654,MARBLEVISTA BLVD,,Columbus,OH,43204
386,S HURON AVE,,Columbus,OH,43204
154,S HURON AVE,,Columbus,OH,43204
107,N HALDY AVE,,Columbus,OH,43204
2950,VALLEY VIEW DR,REAR,Columbus,OH,43204
2695,ABBOTS LOOP CT,,Columbus,OH,43204
3428,WILSON WOODS DR,B,Columbus,OH,43204
1400,CROSS CREEK DR,E,Columbus,OH,43204
1917,MARBLE CLIFF CROSSING CT,,Columbus,OH,43204
2958,SULLIVANT AVE,UNIT B,Columbus,OH,43204
429,GUERNSEY AVE,,Columbus,OH,43204
320,GUERNSEY AVE,,Columbus,OH,43204
2920,CRESCENT DR,,Columbus,OH,43204
1780,QUARRY VIEW,,Columbus,OH,43204
2742,QUARRY LAKE DR,,Columbus,OH,43204
904,CHESTERSHIRE RD,,Columbus,OH,43204
365,S ROYS AVE,,Columbus,OH,43204
3514,LINDENDALE DR,,Columbus,OH,43204
836,LINDENDALE CT,,Columbus,OH,43204
3500,WILKES CT,,Columbus,OH,43204
3518,DERRER HILL DR,,Columbus,OH,43204
3492,DERRER FIELD DR,,Columbus,OH,43204
4022,BUSINESS PARK DR,,Columbus,OH,43204
3893,POPLAR BEND DR,,Columbus,OH,43204
3925,BUSINESS PARK DR,,Columbus,OH,43204
1335,TRADE WINDS DR,APT 107,Columbus,OH,43204
69,N CHASE AVE,,Columbus,OH,43204
2387,MARBLEVISTA BLVD,,Columbus,OH,43204
2357,MARBLEVISTA BLVD,,Columbus,OH,43204
3474,DERRER HOLLOW WAY,,Columbus,OH,43204
112,DERRER MEADOW LN,,Columbus,OH,43204
115,DERRER HEIGHT LN,,Columbus,OH,43204
3475,WESTWAY DR,,Columbus,OH,43204
3297,MEDOMA DR,,Columbus,OH,43204
1357,TRADE WINDS DR,APT 205,Columbus,OH,43204
3660,WEST HORIZONS,APT 101,Columbus,OH,43204
662,CHESTERSHIRE RD,,Columbus,OH,43204
581,CHESTERSHIRE RD,,Columbus,OH,43204
338,S CHASE AVE,,Columbus,OH,43204
222,N POWELL AVE,,Columbus,OH,43204
2664,QUARRY POINT,,Columbus,OH,43204
1025,S HARRIS AVE,,Columbus,OH,43204
740,WILTSHIRE RD,,Columbus,OH,43204
349,S POWELL AVE,,Columbus,OH,43204
260,N WILSON RD,UNIT 79,Columbus,OH,43204
3306,RUDON LN,,Columbus,OH,43204
1423,CRISFIELD DR,,Columbus,OH,43204
301,LETCHWORTH AVE,,Columbus,OH,43204
130,DEMOREST AVE,,Columbus,OH,43204
1807,SAN REMO DR,,Columbus,OH,43204
1802,SAN REMO DR,,Columbus,OH,43204
3603,INTERCHANGE RD,,Columbus,OH,43204
3657,DRAGONFLY DR,,Columbus,OH,43204
113,N HAGUE AVE,,Columbus,OH,43204
244,N HAGUE AVE,,Columbus,OH,43204
2741,RIDGE AVE,,Columbus,OH,43204
2824,FISHER RD,E,Columbus,OH,43204
2897,BRIGGS RD,,Columbus,OH,43204
396,S POWELL AVE,,Columbus,OH,43204
3333,W BROAD ST,19,Columbus,OH,43204
3322,W BROAD ST,,Columbus,OH,43204
3126,EL NINO DR,,Columbus,OH,43204
3131,EL GRECO DR,,Columbus,OH,43204
3199,BOWDOIN CIR,,Columbus,OH,43204
3016,CORTONA RD,,Columbus,OH,43204
1134,PINNACLE DR,,Columbus,OH,43204
207,S SYLVAN AVE,,Columbus,OH,43204
2973,WOODLOOP LN,,Columbus,OH,43204
1231,PINNACLE DR,,Columbus,OH,43204
58,N SYLVAN AVE,M,Columbus,OH,43204
1409,PEACH BLOSSOM CT,,Columbus,OH,43204
1410,PEACH BLOSSOM CT,,Columbus,OH,43204
371,S HAGUE AVE,,Columbus,OH,43204
110,N HAGUE AVE,,Columbus,OH,43204
1461,RUNAWAY BAY DR,CN 1C,Columbus,OH,43204
1443,RUNAWAY BAY DR,CN 1D,Columbus,OH,43204
731,S HARRIS AVE,,Columbus,OH,43204
610,S HAGUE AVE,,Columbus,OH,43204
209,S HARRIS AVE,,Columbus,OH,43204
77,S HARRIS AVE,,Columbus,OH,43204
160,N SYLVAN AVE,UNIT 7,Columbus,OH,43204
160,N SYLVAN AVE,UNIT 10,Columbus,OH,43204
3067,JERSEY DR,,Columbus,OH,43204
2941,CORTONA RD,,Columbus,OH,43204
3238,VANDERBERG AVE,,Columbus,OH,43204
33,N BRINKER AVE,,Columbus,OH,43204
148,N HARRIS AVE,,Columbus,OH,43204
1805,LAKE SHORE DR,,Columbus,OH,43204
2824,LONGFIELD RD,,Columbus,OH,43204
1057,PARMA AVE,,Columbus,OH,43204
663,RACINE AVE,,Columbus,OH,43204
276,S HARRIS AVE,,Columbus,OH,43204
220,S HARRIS AVE,,Columbus,OH,43204
224,S HARRIS AVE,,Columbus,OH,43204
1436,BAY SHORE DR,CN 2D,Columbus,OH,43204
1510,RUNAWAY BAY DR,CN 1C,Columbus,OH,43204
2993,LA VISTA DR,,Columbus,OH,43204
1305,ONSLOW DR,,Columbus,OH,43204
69,N WESTGATE AVE,,Columbus,OH,43204
821,KINGSFORD RD,,Columbus,OH,43204
1510,RUNAWAY BAY DR,CN 2C,Columbus,OH,43204
1535,RUNAWAY BAY DR,CN 1D,Columbus,OH,43204
1564,RUNAWAY BAY DR,CN 3D,Columbus,OH,43204
2742,ST JOSEPH AVE,,Columbus,OH,43204
2740,W MOUND ST,,Columbus,OH,43204
2725,SULLIVANT AVE,,Columbus,OH,43204
103,S OGDEN AVE,,Columbus,OH,43204
321,N BURGESS AVE,,Columbus,OH,43204
1280,ONSLOW DR,,Columbus,OH,43204
46,S WESTGATE AVE,,Columbus,OH,43204
835,LINDENDALE CT,,Columbus,OH,43204
811,MACLAM DR,,Columbus,OH,43204
3493,WILKES CT,,Columbus,OH,43204
2705,EAKIN RD,,Columbus,OH,43204
127,N BURGESS AVE,,Columbus,OH,43204
1290,WOODCROFT RD E,,Columbus,OH,43204
2582,W BROAD ST,,Columbus,OH,43204
62,N BURGESS AVE,,Columbus,OH,43204
199,N TERRACE AVE,,Columbus,OH,43204
53,S WESTMOOR AVE,,Columbus,OH,43204
37,N WESTMOOR AVE,,Columbus,OH,43204
3467,DERRER CT S,,Columbus,OH,43204
3488,DERRER FIELD DR,,Columbus,OH,43204
112,DERRER DEN LN,,Columbus,OH,43204
231,DERRER RD,,Columbus,OH,43204
3395,RUDON LN,,Columbus,OH,43204
3594,TRABUE RD,,Columbus,OH,43204
956,S RICHARDSON AVE,,Columbus,OH,43204
179,S RICHARDSON AVE,,Columbus,OH,43204
207,S RICHARDSON AVE,,Columbus,OH,43204
163,S RICHARDSON AVE,,Columbus,OH,43204
229,N TERRACE AVE,,Columbus,OH,43204
2605,SPAATZ AVE,,Columbus,OH,43204
2588,REGINA AVE,,Columbus,OH,43204
449,S TERRACE AVE,,Columbus,OH,43204
168,ELDON AVE,,Columbus,OH,43204
1329,LAKE SHORE DR,UNIT B,Columbus,OH,43204
1324,LAKE SHORE DR,,Columbus,OH,43204
1334,HELMSDALE DR,,Columbus,OH,43204
1298,HELMSDALE DR,,Columbus,OH,43204
478,S WESTGATE AVE,,Columbus,OH,43204
229,S HURON AVE,,Columbus,OH,43204
208,S WESTMOOR AVE,,Columbus,OH,43204
3009,CRESCENT DR,,Columbus,OH,43204
192,N HURON AVE,F,Columbus,OH,43204
2756,SCIOTO STATION DR,,Columbus,OH,43204
3456,RACE ST,,Columbus,OH,43204
308,DERRER RD,,Columbus,OH,43204
322,DEMOREST AVE,,Columbus,OH,43204
261,LETCHWORTH AVE,,Columbus,OH,43204
112,DEMOREST AVE,,Columbus,OH,43204
480,TRADE RD,,Columbus,OH,43204
3033,CORTONA RD,,Columbus,OH,43204
948,STEPHEN DR W,,Columbus,OH,43204
647,ATHENS AVE,,Columbus,OH,43204
92,S SOUTHAMPTON AVE,,Columbus,OH,43204
3260,W BROAD ST,,Columbus,OH,43204
1289,LOWLAND CT,,Columbus,OH,43204
2578,SPAATZ AVE,,Columbus,OH,43204
2571,EAKIN RD,,Columbus,OH,43204
752,S RICHARDSON AVE,,Columbus,OH,43204
623,S TERRACE AVE,,Columbus,OH,43204
528,TERRACE AVE,,Columbus,OH,43204
468,S TERRACE AVE,,Columbus,OH,43204
90,ELDON AVE,,Columbus,OH,43204
4036,SANDY RIDGE DR,,Columbus,OH,43204
4026,DEER LAKE WAY,,Columbus,OH,43204
219,BINNS BLVD,,Columbus,OH,43204
49,N HALDY AVE,,Columbus,OH,43204
2783,OTTIS CT,,Columbus,OH,43204
1037,CHESTERSHIRE RD,,Columbus,OH,43204
220,BINNS BLVD,,Columbus,OH,43204
2959,CRESCENT DR,,Columbus,OH,43204
48,N HALDY AVE,,Columbus,OH,43204
1159,PINNACLE DR,,Columbus,OH,43204
800,MIRIAM DR W,,Columbus,OH,43204
3284,WICKLOW RD,,Columbus,OH,43204
3237,MCKINLEY AVE,72,Columbus,OH,43204
1394,ROYSTON DR,,Columbus,OH,43204
3170,TELHAM DR,,Columbus,OH,43204
3127,VANDERBERG AVE,,Columbus,OH,43204
3106,VANDERBERG AVE,,Columbus,OH,43204
3097,EAKIN RD,,Columbus,OH,43204
1363,THACKER CT,,Columbus,OH,43204
2622,MARBLEVISTA BLVD,,Columbus,OH,43204
1027,HARDESTY PL E,,Columbus,OH,43204
3910,BUSINESS PARK DR,,Columbus,OH,43204
3739,INTERCHANGE RD,,Columbus,OH,43204
3008,SULLIVANT AVE,,Columbus,OH,43204
218,N HALDY AVE,,Columbus,OH,43204
2796,OTTIS CT,UNIT D,Columbus,OH,43204
2587,MARBLEVISTA BLVD,,Columbus,OH,43204
1959,MARBLE CLIFF CROSSING CT,,Columbus,OH,43204
214,BINNS BLVD,,Columbus,OH,43204
3819,TWIN CREEKS DR,,Columbus,OH,43204
1233,WARBLE DR,,Columbus,OH,43204
2958,SULLIVANT AVE,UNIT G,Columbus,OH,43204
2950,SULLIVANT AVE,,Columbus,OH,43204
2942,FREMONT ST,,Columbus,OH,43204
1863,MARBLE CLIFF CROSSING CT,,Columbus,OH,43204
597,S ROYS AVE,,Columbus,OH,43204
371,S ROYS AVE,,Columbus,OH,43204
103,N CHASE AVE,,Columbus,OH,43204
2738,KEVIN CT,,Columbus,OH,43204
2724,QUARRY LAKE DR,,Columbus,OH,43204
2395,MARBLEVISTA BLVD,,Columbus,OH,43204
657,CHESTERSHIRE RD,,Columbus,OH,43204
398,S CHASE AVE,UNIT B,Columbus,OH,43204
328,S CHASE AVE,,Columbus,OH,43204
3587,INTERCHANGE RD,,Columbus,OH,43204
3620,GRAYBECK DR,,Columbus,OH,43204
1437,PEACH TREE CT,,Columbus,OH,43204
1425,PEACH TREE CT,,Columbus,OH,43204
3450,WILSON WOODS DR,J,Columbus,OH,43204
331,S POWELL AVE,,Columbus,OH,43204
335,S POWELL AVE,,Columbus,OH,43204
2735,RIDGE AVE,,Columbus,OH,43204
2820,FISHER RD,,Columbus,OH,43204
1060,S HARRIS AVE,,Columbus,OH,43204
750,HARRIS AVE,,Columbus,OH,43204
382,S HAGUE AVE,A,Columbus,OH,43204
191,S HARRIS AVE,,Columbus,OH,43204
25,N HARRIS AVE,,Columbus,OH,43204
273,N WARREN AVE,,Columbus,OH,43204
2771,VANDERBERG AVE,,Columbus,OH,43204
755,RACINE AVE,,Columbus,OH,43204
152,S HARRIS AVE,,Columbus,OH,43204
129,S WARREN AVE,,Columbus,OH,43204
1368,RUNAWAY BAY DR,CN 1D,Columbus,OH,43204
468,S WARREN AVE,,Columbus,OH,43204
169,N WILSON RD,,Columbus,OH,43204
1436,CROSS CREEK DR,H,Columbus,OH,43204
869,S HARRIS AVE,,Columbus,OH,43204
321,S HAGUE AVE,,Columbus,OH,43204
2805,FREMONT ST,,Columbus,OH,43204
1461,RUNAWAY BAY DR,CN 3B,Columbus,OH,43204
2375,QUARRY VALLEY RD,,Columbus,OH,43204
163,S OGDEN AVE,,Columbus,OH,43204
37,N OGDEN AVE,,Columbus,OH,43204
63,N OGDEN AVE,,Columbus,OH,43204
110,N OGDEN AVE,,Columbus,OH,43204
260,N OGDEN AVE,,Columbus,OH,43204
337,N BURGESS AVE,,Columbus,OH,43204
1350,RUNAWAY BAY DR,CN 1A,Columbus,OH,43204
1425 1/2,BAY SHORE DR,CATV,Columbus,OH,43204
460,S OGDEN AVE,,Columbus,OH,43204
52,S OGDEN AVE,,Columbus,OH,43204
51,S BURGESS AVE,,Columbus,OH,43204
831,KINGSFORD RD,UNIT D,Columbus,OH,43204
3512,LINDENDALE DR,,Columbus,OH,43204
885,BRIXHAM RD,,Columbus,OH,43204
845,REGINA CT,D,Columbus,OH,43204
618,S HAGUE AVE,,Columbus,OH,43204
342,S HAGUE AVE,A,Columbus,OH,43204
280,S HAGUE AVE,,Columbus,OH,43204
183,S HARRIS AVE,,Columbus,OH,43204
1795,LAKE SHORE DR,,Columbus,OH,43204
1816,LAKE SHORE DR,,Columbus,OH,43204
1407,HAFTON WOODS DR,,Columbus,OH,43204
26 1/2,N BURGESS AVE,,Columbus,OH,43204
1085,ST JUDE AVE,,Columbus,OH,43204
3520,EDSON DR,,Columbus,OH,43204
836,BRIXHAM RD,,Columbus,OH,43204
3516,WILKES CT,,Columbus,OH,43204
60,N WILSON RD,,Columbus,OH,43204
1142,FARMHURST CT,,Columbus,OH,43204
279,S WARREN AVE,,Columbus,OH,43204
2693,W BROAD ST,,Columbus,OH,43204
1535,RUNAWAY BAY DR,,Columbus,OH,43204
1792,LAKE SHORE DR,,Columbus,OH,43204
701,S WARREN AVE,,Columbus,OH,43204
2714,VIDA PL,,Columbus,OH,43204
363,S OGDEN AVE,,Columbus,OH,43204
317,S OGDEN AVE,,Columbus,OH,43204
353,S OGDEN AVE,,Columbus,OH,43204
244,S WARREN AVE,,Columbus,OH,43204
143,N OGDEN AVE,,Columbus,OH,43204
2125,QUARRY VALLEY RD,,Columbus,OH,43204
755,S BURGESS AVE,,Columbus,OH,43204
678,S BURGESS AVE,,Columbus,OH,43204
381,S RICHARDSON AVE,,Columbus,OH,43204
196,N TERRACE AVE,,Columbus,OH,43204
228,N TERRACE AVE,,Columbus,OH,43204
1401,LAKE SHORE DR,,Columbus,OH,43204
1401,LAKE SHORE DR,UNIT B,Columbus,OH,43204
2627,ROSEDALE AVE,,Columbus,OH,43204
1084,ST CECELIA DR,,Columbus,OH,43204
807,S RICHARDSON AVE,,Columbus,OH,43204
406,S RICHARDSON AVE,,Columbus,OH,43204
291,S TERRACE AVE,,Columbus,OH,43204
137,S TERRACE AVE,,Columbus,OH,43204
3468,FREMONT ST,,Columbus,OH,43204
3506,SANITA CT,,Columbus,OH,43204
105,DERRER HEIGHT LN,,Columbus,OH,43204
3448,FREMONT ST,,Columbus,OH,43204
665,MACLAM DR,,Columbus,OH,43204
3312,MEDOMA DR,,Columbus,OH,43204
3584,TRABUE RD,,Columbus,OH,43204
2196,QUARRY VALLEY RD,,Columbus,OH,43204
592,S WARREN AVE,,Columbus,OH,43204
583,S OGDEN AVE,,Columbus,OH,43204
613,S OGDEN AVE,,Columbus,OH,43204
266,S OGDEN AVE,,Columbus,OH,43204
442,S TERRACE AVE,,Columbus,OH,43204
2473,W BROAD ST,,Columbus,OH,43204
2522,REGINA AVE,,Columbus,OH,43204
418,S EUREKA AVE,,Columbus,OH,43204
380,S EUREKA AVE,,Columbus,OH,43204
804,S EUREKA AVE,,Columbus,OH,43204
272,S WAYNE AVE,,Columbus,OH,43204
705,DERRER RD,,Columbus,OH,43204
639,DERRER RD,A,Columbus,OH,43204
483,DERRER RD,,Columbus,OH,43204
1837,SAN REMO DR,,Columbus,OH,43204
689,DEMOREST RD,,Columbus,OH,43204
302,DEMOREST AVE,,Columbus,OH,43204
38,DEMOREST AVE,,Columbus,OH,43204
3187,EL GRECO DR,,Columbus,OH,43204
2711,HAFTON RD,,Columbus,OH,43204
558,S OGDEN AVE,,Columbus,OH,43204
58,N BURGESS AVE,,Columbus,OH,43204
2533,WESTWOOD DR,,Columbus,OH,43204
1471,LAKE SHORE DR,,Columbus,OH,43204
2634,EAKIN RD,,Columbus,OH,43204
220,S RICHARDSON AVE,,Columbus,OH,43204
168,S RICHARDSON AVE,,Columbus,OH,43204
1484,CLIFF CT,A,Columbus,OH,43204
803,S WAYNE AVE,,Columbus,OH,43204
724,S EUREKA AVE,,Columbus,OH,43204
181,S OAKLEY AVE,,Columbus,OH,43204
1311,TREVOR CT,,Columbus,OH,43204
253,S SOUTHAMPTON AVE,,Columbus,OH,43204
241,S SOUTHAMPTON AVE,,Columbus,OH,43204
1135,PINNACLE DR,,Columbus,OH,43204
3378,STEPHEN DR S,,Columbus,OH,43204
221,S SYLVAN AVE,,Columbus,OH,43204
257,N SYLVAN AVE,,Columbus,OH,43204
3315,WREN ST,,Columbus,OH,43204
659,S SYLVAN AVE,,Columbus,OH,43204
803,S RICHARDSON AVE,,Columbus,OH,43204
347,S TERRACE AVE,,Columbus,OH,43204
223,S TERRACE AVE,,Columbus,OH,43204
215,ELDON AVE,,Columbus,OH,43204
94,N OAKLEY AVE,,Columbus,OH,43204
138,N OAKLEY AVE,,Columbus,OH,43204
277,N WHEATLAND AVE,,Columbus,OH,43204
1074,HARDESTY PL W,,Columbus,OH,43204
658,S WAYNE AVE,,Columbus,OH,43204
329,S WHEATLAND AVE,,Columbus,OH,43204
280,S OAKLEY AVE,,Columbus,OH,43204
342,S SYLVAN AVE,,Columbus,OH,43204
75,POWHATAN AVE,,Columbus,OH,43204
1359,BAJA LN,,Columbus,OH,43204
730,S SYLVAN AVE,,Columbus,OH,43204
319,POWHATAN AVE,,Columbus,OH,43204
340,POWHATAN AVE,,Columbus,OH,43204
3237,MCKINLEY AVE,102,Columbus,OH,43204
2571,SPAATZ AVE,,Columbus,OH,43204
2570,SPAATZ AVE,,Columbus,OH,43204
2567,SYMINGTON AVE,,Columbus,OH,43204
775,S TERRACE AVE,,Columbus,OH,43204
402,S TERRACE AVE,,Columbus,OH,43204
240,N EUREKA AVE,,Columbus,OH,43204
658,S TERRACE AVE,,Columbus,OH,43204
434,S EUREKA AVE,,Columbus,OH,43204
2420,W BROAD ST,,Columbus,OH,43204
277,N WAYNE AVE,,Columbus,OH,43204
2446,HARDESTY DR S,,Columbus,OH,43204
2365,HARDESTY CT,,Columbus,OH,43204
686,S WHEATLAND AVE,,Columbus,OH,43204
660,S WHEATLAND AVE,,Columbus,OH,43204
3351,ONSLOW CT,,Columbus,OH,43204
698,POWHATAN AVE,,Columbus,OH,43204
33,S BRINKER AVE,,Columbus,OH,43204
3129,RIDGE AVE,,Columbus,OH,43204
2512,SPAATZ AVE,,Columbus,OH,43204
892,S EUREKA AVE,,Columbus,OH,43204
2384 1/2,W BROAD ST,D,Columbus,OH,43204
130,N WAYNE AVE,,Columbus,OH,43204
962,S EUREKA AVE,,Columbus,OH,43204
2383,SULLIVANT AVE,,Columbus,OH,43204
2346,W BROAD ST,,Columbus,OH,43204
101,N WHEATLAND AVE,,Columbus,OH,43204
1371,RESTWOOD CT,,Columbus,OH,43204
3342,ONSLOW CT,,Columbus,OH,43204
642,S BRINKER AVE,,Columbus,OH,43204
3170,SULLIVANT AVE,,Columbus,OH,43204
2508,HARDESTY DR S,,Columbus,OH,43204
1045,BROOKS END CT,,Columbus,OH,43204
2359,SULLIVANT AVE,,Columbus,OH,43204
1508,HIGHBROOK DR,,Columbus,OH,43204
870,ANTHONY DR,,Columbus,OH,43204
86,S WESTMOOR AVE,,Columbus,OH,43204
3043,W BROAD ST,,Columbus,OH,43204
2811,ABBOTS COVE BLVD,,Columbus,OH,43204
2862,ABBOTS COVE BLVD,,Columbus,OH,43204
2703,MARBLEVISTA BLVD,,Columbus,OH,43204
2341,HARDESTY DR N,,Columbus,OH,43204
688,S WHEATLAND AVE,,Columbus,OH,43204
1241,WARBLE DR,,Columbus,OH,43204
381,GUERNSEY AVE,,Columbus,OH,43204
230,GUERNSEY AVE,,Columbus,OH,43204
1447,SUNFLOWER DR,,Columbus,OH,43204
945,WILTSHIRE RD,,Columbus,OH,43204
688,S ROYS AVE,,Columbus,OH,43204
3671,DRAGONFLY DR,,Columbus,OH,43204
3590,TWIN CREEKS DR,,Columbus,OH,43204
3624,GRAYBECK DR,,Columbus,OH,43204
3538,WILSON WOODS DR,L,Columbus,OH,43204
3510,WILSON WOODS DR,C,Columbus,OH,43204
196,N CHASE AVE,,Columbus,OH,43204
1680,QUARRY TRACE,,Columbus,OH,43204
2720,QUARRY LAKE DR,,Columbus,OH,43204
2694,QUARRY LAKE DR,,Columbus,OH,43204
2644,QUARRY LAKE DR,,Columbus,OH,43204
3492,WILSON WOODS DR,J,Columbus,OH,43204
793,WILTSHIRE RD,,Columbus,OH,43204
2867,WICKLOW RD,A,Columbus,OH,43204
164,N POWELL AVE,,Columbus,OH,43204
2958,DAISY LN,,Columbus,OH,43204
1260,GRESHAM RD,,Columbus,OH,43204
2929,BRIGGS RD,,Columbus,OH,43204
875,S HAGUE AVE,,Columbus,OH,43204
863,S HAGUE AVE,,Columbus,OH,43204
2853,SULLIVANT AVE,,Columbus,OH,43204
32,S POWELL AVE,,Columbus,OH,43204
24,N POWELL AVE,,Columbus,OH,43204
137,N HAGUE AVE,,Columbus,OH,43204
685,LANCE CT,,Columbus,OH,43204
2806,FISHER RD,,Columbus,OH,43204
3406,WILSON WOODS DR,J,Columbus,OH,43204
1430,CROSS CREEK DR,H,Columbus,OH,43204
1401,BELLFLOWER AVE,,Columbus,OH,43204
724,S HAGUE AVE,,Columbus,OH,43204
235,S HAGUE AVE,,Columbus,OH,43204
137,S HAGUE AVE,,Columbus,OH,43204
278,N HARRIS AVE,,Columbus,OH,43204
1443,RUNAWAY BAY DR,CN 1A,Columbus,OH,43204
1437,RUNAWAY BAY DR,CN 2A,Columbus,OH,43204
685,KINGSFORD RD,C4,Columbus,OH,43204
792,KINGSFORD RD,,Columbus,OH,43204
739,BRIXHAM RD,,Columbus,OH,43204
681,BRIXHAM RD,,Columbus,OH,43204
3502,LINDENDALE DR,,Columbus,OH,43204
369,JOSEPHINE AVE,,Columbus,OH,43204
279,S HARRIS AVE,,Columbus,OH,43204
146,S HAGUE AVE,,Columbus,OH,43204
293,N WARREN AVE,,Columbus,OH,43204
1511,RUNAWAY BAY DR,CN 3B,Columbus,OH,43204
1511,RUNAWAY BAY DR,CN 2B,Columbus,OH,43204
2827,BRIGGS RD,,Columbus,OH,43204
2729,SULLIVANT AVE,,Columbus,OH,43204
108,N WARREN AVE,,Columbus,OH,43204
3500,W BROAD ST,,Columbus,OH,43204
3295,MAPLEWAY LN,,Columbus,OH,43204
1146,FARMHURST CT,,Columbus,OH,43204
294,JOSEPHINE AVE,,Columbus,OH,43204
108,DERRER DEN LN,,Columbus,OH,43204
3447,DERRER RUN DR,,Columbus,OH,43204
1535,RUNAWAY BAY DR,CN 2D,Columbus,OH,43204
2187,QUARRY VALLEY RD,,Columbus,OH,43204
659,S WARREN AVE,,Columbus,OH,43204
1316,RUNAWAY BAY DR,CN 3B,Columbus,OH,43204
1406,BAY SHORE DR,CN 1A,Columbus,OH,43204
772,MACLAM DR,,Columbus,OH,43204
3455,DERRER CT S,,Columbus,OH,43204
106,DERRER HEIGHT LN,,Columbus,OH,43204
3373,TIMBER RUN DR,,Columbus,OH,43204
3622,TRABUE RD,,Columbus,OH,43204
636,S WARREN AVE,,Columbus,OH,43204
255,S OGDEN AVE,,Columbus,OH,43204
112,S OGDEN AVE,,Columbus,OH,43204
2585,W BROAD ST,,Columbus,OH,43204
1760,LAKE SHORE DR,,Columbus,OH,43204
1291,WOODCROFT RD E,,Columbus,OH,43204
2630,WICKLOW RD,,Columbus,OH,43204
1212,LAKE SHORE DR,,Columbus,OH,43204
468,DERRER RD,,Columbus,OH,43204
3326,TIMBER OAK DR,,Columbus,OH,43204
854,DEMOREST RD,,Columbus,OH,43204
3413,EAKIN RD,,Columbus,OH,43204
174,DEMOREST AVE,,Columbus,OH,43204
453,INDUSTRY DR,,Columbus,OH,43204
366,S BURGESS AVE,,Columbus,OH,43204
1473,CLIFF CT,A,Columbus,OH,43204
12,S TERRACE AVE,,Columbus,OH,43204
1263,LAKE SHORE DR,UNIT B,Columbus,OH,43204
1307,LAKE SHORE DR,,Columbus,OH,43204
509,INDUSTRY DR,,Columbus,OH,43204
1285,TREVOR CT,,Columbus,OH,43204
1191,TREEHAVEN LN,,Columbus,OH,43204
282,LETCHWORTH AVE,,Columbus,OH,43204
3011,CORTONA RD,,Columbus,OH,43204
594,DEXTER AVE,,Columbus,OH,43204
3304,WICKLOW RD,,Columbus,OH,43204
230,N SOUTHAMPTON AVE,,Columbus,OH,43204
3075,JERSEY DR,,Columbus,OH,43204
744,S RICHARDSON AVE,,Columbus,OH,43204
44,S TERRACE AVE,,Columbus,OH,43204
106,ELDON AVE,,Columbus,OH,43204
174,S EUREKA AVE,,Columbus,OH,43204
1212,TREEHAVEN LN,,Columbus,OH,43204
3337,MIRIAM DR S,,Columbus,OH,43204
3295,SULLIVANT AVE,UNIT D,Columbus,OH,43204
168,N SYLVAN AVE,UNIT D,Columbus,OH,43204
2936,WOODLOOP LN,,Columbus,OH,43204
3251,WHITEHEAD RD,,Columbus,OH,43204
34,N SYLVAN AVE,,Columbus,OH,43204
89,N WAYNE AVE,,Columbus,OH,43204
822,S EUREKA AVE,,Columbus,OH,43204
645,S EUREKA AVE,,Columbus,OH,43204
650,S EUREKA AVE,,Columbus,OH,43204
532,S EUREKA AVE,,Columbus,OH,43204
368,S WAYNE AVE,,Columbus,OH,43204
270,S WAYNE AVE,,Columbus,OH,43204
205,S WAYNE AVE,,Columbus,OH,43204
2400,APPLE ST,,Columbus,OH,43204
139,N OAKLEY AVE,,Columbus,OH,43204
1414,WILD OATS DR,,Columbus,OH,43204
1346,BROOKFOREST DR,,Columbus,OH,43204
870,VANDERBERG PL,,Columbus,OH,43204
1166,ONSLOW DR,,Columbus,OH,43204
880,S WAYNE AVE,,Columbus,OH,43204
416,S WAYNE AVE,,Columbus,OH,43204
2335,CAPITAL ST,,Columbus,OH,43204
2317,GLENVIEW BLVD,,Columbus,OH,43204
214,S BRINKER AVE,,Columbus,OH,43204
3094,STEELE AVE,,Columbus,OH,43204
3169,MARY AVE,,Columbus,OH,43204
3089,W BROAD ST,,Columbus,OH,43204
2882,ABBOTS COVE BLVD,,Columbus,OH,43204
2900,LA VISTA DR,,Columbus,OH,43204
426,S OAKLEY AVE,,Columbus,OH,43204
2400,HARDESTY DR S,,Columbus,OH,43204
366,S WHEATLAND AVE,,Columbus,OH,43204
3944,POPLAR BEND DR,,Columbus,OH,43204
961,SALISBURY RD,,Columbus,OH,43204
58,N WESTMOOR AVE,,Columbus,OH,43204
198,N WESTMOOR AVE,UNIT,Columbus,OH,43204
972,SALISBURY RD,,Columbus,OH,43204
443,S HURON AVE,,Columbus,OH,43204
223,S HURON AVE,,Columbus,OH,43204
618,S WHEATLAND AVE,,Columbus,OH,43204
477,S HIGHLAND AVE,,Columbus,OH,43204
1371,TALCOTT CT,,Columbus,OH,43204
1371,TRADE WINDS DR,APT 302,Columbus,OH,43204
3729,WINDWARD WAY,APT 104,Columbus,OH,43204
239,S HURON AVE,,Columbus,OH,43204
895,BINNS BLVD,,Columbus,OH,43204
320,S HURON AVE,,Columbus,OH,43204
2788,OTTIS CT,UNIT F,Columbus,OH,43204
3713,WINDWARD WAY,APT 302,Columbus,OH,43204
3660,WEST HORIZONS,APT 102,Columbus,OH,43204
181,N ROYS AVE,,Columbus,OH,43204
2868,DIBBLEE AVE,,Columbus,OH,43204
2469,MARBLEVISTA BLVD,,Columbus,OH,43204
3678,DRAGONFLY DR,,Columbus,OH,43204
3566,WILSON WOODS DR,E,Columbus,OH,43204
3567,WILSON WOODS DR,C,Columbus,OH,43204
3625,GRAYBECK DR,,Columbus,OH,43204
3520,WILSON WOODS DR,H,Columbus,OH,43204
2624,QUARRY LAKE DR,,Columbus,OH,43204
944,WILTSHIRE RD,,Columbus,OH,43204
434,S CHASE AVE,C,Columbus,OH,43204
279,N HAGUE AVE,,Columbus,OH,43204
1240,GRESHAM RD,,Columbus,OH,43204
586,CHESTERSHIRE RD,,Columbus,OH,43204
339,S POWELL AVE,,Columbus,OH,43204
214,S POWELL AVE,,Columbus,OH,43204
38,N POWELL AVE,,Columbus,OH,43204
777,HARRISON DR,,Columbus,OH,43204
2517,QUARRY VALLEY RD,,Columbus,OH,43204
3417,WILSON WOODS DR,G,Columbus,OH,43204
965,S HARRIS AVE,,Columbus,OH,43204
303,N HARRIS AVE,,Columbus,OH,43204
907,RACINE AVE,,Columbus,OH,43204
775,S HARRIS AVE,,Columbus,OH,43204
756,HARRIS AVE,,Columbus,OH,43204
105,S HARRIS AVE,,Columbus,OH,43204
3410,WILSON WOODS DR,A,Columbus,OH,43204
871,KINGSFORD RD,,Columbus,OH,43204
771,KINGSFORD RD,UNIT A,Columbus,OH,43204
685,KINGSFORD RD,C6,Columbus,OH,43204
3563,LINDENDALE DR,,Columbus,OH,43204
3573,LINDENDALE DR,,Columbus,OH,43204
2816,NICHOLAS AVE,,Columbus,OH,43204
842,REGINA CT,,Columbus,OH,43204
2727,SULLIVANT AVE,,Columbus,OH,43204
2694,W BROAD ST,K,Columbus,OH,43204
249,N OGDEN AVE,,Columbus,OH,43204
308,N WARREN AVE,,Columbus,OH,43204
1529,RUNAWAY BAY DR,CN 2B,Columbus,OH,43204
3524,EDSON DR,,Columbus,OH,43204
2690,SULLIVANT AVE,,Columbus,OH,43204
2654,W BROAD ST,5,Columbus,OH,43204
299,N BURGESS AVE,,Columbus,OH,43204
1376,BAY SHORE DR,,Columbus,OH,43204
1516,RUNAWAY BAY DR,CN 3B,Columbus,OH,43204
2730,ST JOSEPH AVE,,Columbus,OH,43204
602,S WARREN AVE,,Columbus,OH,43204
292,N BURGESS AVE,,Columbus,OH,43204
784,S OGDEN AVE,,Columbus,OH,43204
2495,HARRISON RD,,Columbus,OH,43204
1405,LAKE SHORE DR,UNIT A,Columbus,OH,43204
1469,LAKE SHORE DR,B,Columbus,OH,43204
1465,LAKE SHORE DR,A,Columbus,OH,43204
3497,WILKES CT,,Columbus,OH,43204
3495,SENATOR CT,,Columbus,OH,43204
3492,SENATOR CT,,Columbus,OH,43204
106,DERRER DEN LN,,Columbus,OH,43204
32,N WILSON RD,,Columbus,OH,43204
3437,SOUTH BLVD,,Columbus,OH,43204
822,MACLAM DR,,Columbus,OH,43204
3266,MAPLEWAY LN,,Columbus,OH,43204
274,S RICHARDSON AVE,,Columbus,OH,43204
38,S RICHARDSON AVE,,Columbus,OH,43204
43,N TERRACE AVE,,Columbus,OH,43204
1400,LAKE SHORE DR,C,Columbus,OH,43204
1445,CLIFF CT,B,Columbus,OH,43204
1480,CLIFF CT,A,Columbus,OH,43204
1125,ST CECELIA DR,,Columbus,OH,43204
2576,EAKIN RD,,Columbus,OH,43204
69,S TERRACE AVE,,Columbus,OH,43204
1287,LAKE SHORE DR,,Columbus,OH,43204
121,DERRER RD,,Columbus,OH,43204
95,DERRER ESTATES PL,,Columbus,OH,43204
3409,BRICHAR WAY,,Columbus,OH,43204
2045,BUILDERS PL,,Columbus,OH,43204
142,N WILSON RD,,Columbus,OH,43204
802,DEMOREST RD,,Columbus,OH,43204
415,DEMOREST AVE,,Columbus,OH,43204
1305,LAKE SHORE DR,UNIT B,Columbus,OH,43204
1289,LAKE SHORE DR,,Columbus,OH,43204
1372,LAKE SHORE DR,B,Columbus,OH,43204
1364,LAKE SHORE DR,B,Columbus,OH,43204
1404,LAKE SHORE DR,B,Columbus,OH,43204
1414,LAKE SHORE DR,C,Columbus,OH,43204
2580,REGINA AVE,,Columbus,OH,43204
730,S RICHARDSON AVE,,Columbus,OH,43204
833,S EUREKA AVE,,Columbus,OH,43204
349,S EUREKA AVE,,Columbus,OH,43204
58,S EUREKA AVE,,Columbus,OH,43204
228,DEMOREST AVE,,Columbus,OH,43204
493,INDUSTRY DR,,Columbus,OH,43204
1151,ROMONA PL,,Columbus,OH,43204
1305,TREVOR CT,,Columbus,OH,43204
747,EAKIN RD,,Columbus,OH,43204
699,DEXTER AVE,,Columbus,OH,43204
597,DEXTER AVE,,Columbus,OH,43204
313,LETCHWORTH AVE,,Columbus,OH,43204
3037,WOODLOOP LN,,Columbus,OH,43204
109,S SYLVAN AVE,,Columbus,OH,43204
3300,W BROAD ST,,Columbus,OH,43204
220,N WAYNE AVE,,Columbus,OH,43204
90 1/2,N WAYNE AVE,,Columbus,OH,43204
2467,EAKIN RD,,Columbus,OH,43204
2447,EAKIN RD,,Columbus,OH,43204
729,S WAYNE AVE,,Columbus,OH,43204
528,S WAYNE AVE,,Columbus,OH,43204
228,S OAKLEY AVE,,Columbus,OH,43204
103,S OAKLEY AVE,,Columbus,OH,43204
52,S OAKLEY AVE,,Columbus,OH,43204
1237,PINNACLE DR,,Columbus,OH,43204
275,N ALGONQUIN AVE,,Columbus,OH,43204
3403,TRABUE RD,,Columbus,OH,43204
3342,BRIGGS RD,,Columbus,OH,43204
3291,EAKIN RD,,Columbus,OH,43204
708,S SYLVAN AVE,,Columbus,OH,43204
631,POWHATAN AVE,,Columbus,OH,43204
242,POWHATAN AVE,,Columbus,OH,43204
3237,MCKINLEY AVE,62,Columbus,OH,43204
728,S WAYNE AVE,,Columbus,OH,43204
2369,SULLIVANT AVE,,Columbus,OH,43204
1224,RIEGELWOOD LN,,Columbus,OH,43204
345,N BRINKER AVE,,Columbus,OH,43204
3237,MCKINLEY AVE,61,Columbus,OH,43204
3237,MCKINLEY AVE,54,Columbus,OH,43204
418,S OAKLEY AVE,,Columbus,OH,43204
2300,SULLIVANT AVE,,Columbus,OH,43204
636,S WHEATLAND AVE,,Columbus,OH,43204
825,S BRINKER AVE,,Columbus,OH,43204
51,N WESTGATE AVE,,Columbus,OH,43204
1170,S HAGUE AVE,,Columbus,OH,43204
2941,LA VISTA DR,,Columbus,OH,43204
28,S WESTGATE AVE,,Columbus,OH,43204
1051,HARDESTY PL E,,Columbus,OH,43204
3198,BRIGGS RD,,Columbus,OH,43204
1105,ABBOTS GREEN CIR,,Columbus,OH,43204
3196,VAUXHALL DR,,Columbus,OH,43204
3178,TELHAM DR,,Columbus,OH,43204
1287,SOUTHWARK LN,,Columbus,OH,43204
625,CRESCENT RD,,Columbus,OH,43204
429,S HURON AVE,,Columbus,OH,43204
3027,CRESCENT DR,,Columbus,OH,43204
117,N HURON AVE,,Columbus,OH,43204
112,N HURON AVE,,Columbus,OH,43204
196,N HURON AVE,,Columbus,OH,43204
3081,VANDERBERG AVE,,Columbus,OH,43204
603,SALISBURY RD,,Columbus,OH,43204
2997,PALMETTO ST,,Columbus,OH,43204
3029,ROSEDALE AVE,,Columbus,OH,43204
721,BINNS BLVD,,Columbus,OH,43204
165,N ROYS AVE,,Columbus,OH,43204
607,N HAGUE AVE,,Columbus,OH,43204
1916,MARBLE CLIFF CROSSING CT,,Columbus,OH,43204
1015,CHESTERSHIRE RD,,Columbus,OH,43204
781,S ROYS AVE,,Columbus,OH,43204
2970,PARKSIDE RD,,Columbus,OH,43204
155,S ROYS AVE,,Columbus,OH,43204
1800,QUARRY VIEW,,Columbus,OH,43204
886,CHESTERSHIRE RD,,Columbus,OH,43204
815,CHESTERSHIRE RD,,Columbus,OH,43204
2728,QUARRY LAKE DR,,Columbus,OH,43204
3771,INTERCHANGE RD,,Columbus,OH,43204
1261,GRESHAM RD,,Columbus,OH,43204
673,CHESTERSHIRE RD,,Columbus,OH,43204
285,S CHASE AVE,,Columbus,OH,43204
2838,FISHER RD,C,Columbus,OH,43204
2657,QUARRY POINT,,Columbus,OH,43204
1420,GELBRAY AVE,,Columbus,OH,43204
1267,BELLFLOWER AVE,,Columbus,OH,43204
1033,S HARRIS AVE,,Columbus,OH,43204
773,S HAGUE AVE,,Columbus,OH,43204
2813,FREMONT ST,,Columbus,OH,43204
250,S POWELL AVE,,Columbus,OH,43204
713,WESTBROOK CT,,Columbus,OH,43204
1020,S HARRIS AVE,,Columbus,OH,43204
1004,S HARRIS AVE,,Columbus,OH,43204
3647,DRAGONFLY DR,,Columbus,OH,43204
3566,WILSON WOODS DR,B,Columbus,OH,43204
3520,WILSON WOODS DR,F,Columbus,OH,43204
753,S HAGUE AVE,,Columbus,OH,43204
277,S HAGUE AVE,,Columbus,OH,43204
2726,GRACE ST,,Columbus,OH,43204
2695,BRIAN CT,,Columbus,OH,43204
666,LANCE CT,,Columbus,OH,43204
1455,RUNAWAY BAY DR,CN 3C,Columbus,OH,43204
1467,RUNAWAY BAY DR,CN 2D,Columbus,OH,43204
2437,QUARRY VALLEY RD,,Columbus,OH,43204
865,N WILSON RD,,Columbus,OH,43204
3479,WILSON WOODS DR,,Columbus,OH,43204
912,RACINE AVE,,Columbus,OH,43204
890,S HARRIS AVE,,Columbus,OH,43204
607,S HARRIS AVE,,Columbus,OH,43204
133,S HARRIS AVE,,Columbus,OH,43204
2694,W BROAD ST,G,Columbus,OH,43204
2815,WOODCROFT RD,,Columbus,OH,43204
664,S HARRIS AVE,,Columbus,OH,43204
2195,QUARRY VALLEY RD,,Columbus,OH,43204
799,N WILSON RD,,Columbus,OH,43204
2747,EAKIN RD,,Columbus,OH,43204
636,RACINE AVE,,Columbus,OH,43204
100,S WARREN AVE,,Columbus,OH,43204
1418,BAY SHORE DR,CN 1A,Columbus,OH,43204
705,S OGDEN AVE,,Columbus,OH,43204
393,S OGDEN AVE,,Columbus,OH,43204
224,S OGDEN AVE,,Columbus,OH,43204
207,S BURGESS AVE,,Columbus,OH,43204
771,KINGSFORD RD,UNIT C,Columbus,OH,43204
3526,EDSON DR,,Columbus,OH,43204
179,N BURGESS AVE,,Columbus,OH,43204
2668,REGINA AVE,,Columbus,OH,43204
654,S OGDEN AVE,,Columbus,OH,43204
2539,RIDGE AVE,,Columbus,OH,43204
2521,RIDGE AVE,,Columbus,OH,43204
1209,LAKE SHORE DR,,Columbus,OH,43204
78,S RICHARDSON AVE,,Columbus,OH,43204
1484,CLIFF CT,C,Columbus,OH,43204
1500,LAKE SHORE DR,,Columbus,OH,43204
841,MACLAM DR,,Columbus,OH,43204
3487,WILKES CT,,Columbus,OH,43204
3425,DERRER CT S,,Columbus,OH,43204
1117,ST CECELIA DR,,Columbus,OH,43204
1108,ST CECELIA DR,,Columbus,OH,43204
1022,HODGES DR,,Columbus,OH,43204
221,ELDON AVE,,Columbus,OH,43204
2432,WESTWOOD DR,,Columbus,OH,43204
1325,LAKE SHORE DR,UNIT A,Columbus,OH,43204
3558,TRABUE RD,,Columbus,OH,43204
3377,W BROAD ST,,Columbus,OH,43204
750,DEMOREST RD,,Columbus,OH,43204
3382,WICKLOW RD,,Columbus,OH,43204
194,DEMOREST AVE,,Columbus,OH,43204
1368,CRISFIELD DR,,Columbus,OH,43204
2560,REGINA AVE,,Columbus,OH,43204
2530,SULLIVANT AVE,,Columbus,OH,43204
78,S TERRACE AVE,,Columbus,OH,43204
224,N EUREKA AVE,,Columbus,OH,43204
847,STEPHEN DR W,,Columbus,OH,43204
80,LETCHWORTH AVE,,Columbus,OH,43204
57,S SOUTHAMPTON AVE,,Columbus,OH,43204
3010,WOODLOOP LN,,Columbus,OH,43204
226,N SOUTHAMPTON AVE,,Columbus,OH,43204
1285,LOWLAND CT,,Columbus,OH,43204
3237,MCKINLEY AVE,25,Columbus,OH,43204
331,N ALGONQUIN AVE,,Columbus,OH,43204
3057,JERSEY DR,,Columbus,OH,43204
2479,SULLIVANT AVE,,Columbus,OH,43204
2457,SULLIVANT AVE,,Columbus,OH,43204
430,S EUREKA AVE,,Columbus,OH,43204
100,N EUREKA AVE,,Columbus,OH,43204
2513,SPAATZ AVE,,Columbus,OH,43204
2519,SPAATZ AVE,,Columbus,OH,43204
346,S WAYNE AVE,,Columbus,OH,43204
304,S WAYNE AVE,,Columbus,OH,43204
3278,EAKIN RD,,Columbus,OH,43204
3155,VALLEY VIEW DR,B,Columbus,OH,43204
201,S ALGONQUIN AVE,,Columbus,OH,43204
43,S WAYNE AVE,,Columbus,OH,43204
198,N WAYNE AVE,,Columbus,OH,43204
954,S EUREKA AVE,,Columbus,OH,43204
426,S WAYNE AVE,,Columbus,OH,43204
22,N OAKLEY AVE,,Columbus,OH,43204
203 R,BRINKER AVE,,Columbus,OH,43204
65,N BRINKER AVE,A,Columbus,OH,43204
2987,LA VISTA DR,,Columbus,OH,43204
68,S BRINKER AVE,,Columbus,OH,43204
2928,LA VISTA DR,F,Columbus,OH,43204
42,N OAKLEY AVE,,Columbus,OH,43204
1034,HARDESTY PL W,,Columbus,OH,43204
676,S WAYNE AVE,,Columbus,OH,43204
262,S OAKLEY AVE,,Columbus,OH,43204
43,N WHEATLAND AVE,,Columbus,OH,43204
121,S WESTMOOR AVE,,Columbus,OH,43204
1321,RIVIERA CT,,Columbus,OH,43204
2734,MARBLEVISTA BLVD,,Columbus,OH,43204
595,S WHEATLAND AVE,,Columbus,OH,43204
472,S WESTGATE AVE,,Columbus,OH,43204
142,S WESTMOOR AVE,,Columbus,OH,43204
94,N HURON AVE,,Columbus,OH,43204
528,N WESTMOOR AVE,,Columbus,OH,43204
1330,CASCADE CT,,Columbus,OH,43204
2639,MARBLEVISTA BLVD,,Columbus,OH,43204
1347,BROOKFOREST DR,,Columbus,OH,43204
726,SALISBURY RD,,Columbus,OH,43204
330,S HURON AVE,,Columbus,OH,43204
255,BINNS BLVD,,Columbus,OH,43204
133,N HALDY AVE,,Columbus,OH,43204
2553,MARBLEVISTA BLVD,,Columbus,OH,43204
438,BINNS BLVD,,Columbus,OH,43204
203,GUERNSEY AVE,,Columbus,OH,43204
173,N ROYS AVE,,Columbus,OH,43204
2516,MARBLEVISTA BLVD,,Columbus,OH,43204
4033,BROOKRUN DR,,Columbus,OH,43204
1092,CHESTERSHIRE RD,,Columbus,OH,43204
896,S ROYS AVE,,Columbus,OH,43204
732,BINNS BLVD,,Columbus,OH,43204
1747,QUARRY VIEW,,Columbus,OH,43204
1554,QUARRY VIEW,,Columbus,OH,43204
1568,QUARRY VIEW,,Columbus,OH,43204
1313,WINESAP DR,,Columbus,OH,43204
4004,BUSINESS PARK DR,,Columbus,OH,43204
1685,QUARRY TRACE,,Columbus,OH,43204
1833,MARBLE CLIFF CROSSING CT,,Columbus,OH,43204
1587,RASPBERRY RUN DR,,Columbus,OH,43204
3892,FARM BROOK LN,,Columbus,OH,43204
3103,MARY AVE,,Columbus,OH,43204
3106,W MOUND ST,,Columbus,OH,43204
3065,PARKSIDE RD,,Columbus,OH,43204
42,N HURON AVE,,Columbus,OH,43204
200,N HURON AVE,C,Columbus,OH,43204
672,S WHEATLAND AVE,,Columbus,OH,43204
1098,ABBOTS BLUFF CT,,Columbus,OH,43204
1330,THACKER CT,UNIT F,Columbus,OH,43204
197,N ROYS AVE,,Columbus,OH,43204
663,N HAGUE AVE,,Columbus,OH,43204
1384,N WILSON RD,,Columbus,OH,43204
2503,MARBLEVISTA BLVD,,Columbus,OH,43204
1976,LAKE SHORE DR,,Columbus,OH,43204
1024,CHESTERSHIRE RD,,Columbus,OH,43204
749,S ROYS AVE,,Columbus,OH,43204
451,GUERNSEY AVE,,Columbus,OH,43204
24,N ROYS AVE,,Columbus,OH,43204
2437,MARBLEVISTA BLVD,,Columbus,OH,43204
3575,INTERCHANGE RD,,Columbus,OH,43204
3659,FOSSIL DR,,Columbus,OH,43204
3560,WILSON WOODS DR,E,Columbus,OH,43204
892,CHESTERSHIRE RD,,Columbus,OH,43204
659,S ROYS AVE,,Columbus,OH,43204
614,S ROYS AVE,,Columbus,OH,43204
572,S ROYS AVE,,Columbus,OH,43204
404,S ROYS AVE,,Columbus,OH,43204
2684,QUARRY LAKE DR,,Columbus,OH,43204
3537,WILSON WOODS DR,,Columbus,OH,43204
2391,MARBLEVISTA BLVD,,Columbus,OH,43204
1894,LAKE SHORE DR,,Columbus,OH,43204
718,CHESTERSHIRE RD,,Columbus,OH,43204
1431,PEACH TREE CT,,Columbus,OH,43204
1400,CROSS CREEK DR,B,Columbus,OH,43204
631,CHESTERSHIRE RD,,Columbus,OH,43204
310,S CHASE AVE,,Columbus,OH,43204
332,S CHASE AVE,,Columbus,OH,43204
279,S CHASE AVE,B,Columbus,OH,43204
2575,QUARRY LAKE DR,,Columbus,OH,43204
685,KINGSFORD RD,B6,Columbus,OH,43204
1396,CROSS CREEK DR,B,Columbus,OH,43204
909,BRIXHAM RD,,Columbus,OH,43204
720,KINGSFORD RD,,Columbus,OH,43204
782,N WILSON RD,,Columbus,OH,43204
786,WILTSHIRE RD,,Columbus,OH,43204
748,WILTSHIRE RD,,Columbus,OH,43204
425,S POWELL AVE,,Columbus,OH,43204
349,S POWELL AVE,,Columbus,OH,43204
174,S POWELL AVE,,Columbus,OH,43204
124,S POWELL AVE,A,Columbus,OH,43204
48,N POWELL AVE,,Columbus,OH,43204
234,N HAGUE AVE,,Columbus,OH,43204
2537,QUARRY VALLEY RD,,Columbus,OH,43204
1858,LAKE SHORE DR,,Columbus,OH,43204
788,BRIXHAM RD,,Columbus,OH,43204
3544,SULLIVANT AVE,,Columbus,OH,43204
3531,SANITA CT,,Columbus,OH,43204
706,S HAGUE AVE,,Columbus,OH,43204
664,WILTSHIRE RD,,Columbus,OH,43204
669,S HAGUE AVE,,Columbus,OH,43204
593,S HAGUE AVE,,Columbus,OH,43204
571,S HAGUE AVE,,Columbus,OH,43204
125,S HAGUE AVE,,Columbus,OH,43204
2729,SUTTON AVE,,Columbus,OH,43204
632,WESTBROOK CT,,Columbus,OH,43204
1443,RUNAWAY BAY DR,CN 1C,Columbus,OH,43204
1467,RUNAWAY BAY DR,CN 1D,Columbus,OH,43204
2397,QUARRY VALLEY RD,,Columbus,OH,43204
3602,FARMHURST LN,,Columbus,OH,43204
3592,FARMHURST LN,,Columbus,OH,43204
400,JOSEPHINE AVE,,Columbus,OH,43204
3421,TIMBER OAK DR,,Columbus,OH,43204
3271,MAPLEWAY LN,,Columbus,OH,43204
3262,MAPLEWAY LN,,Columbus,OH,43204
1098,BELLFLOWER AVE,,Columbus,OH,43204
385,S HARRIS AVE,,Columbus,OH,43204
330,S HAGUE AVE,,Columbus,OH,43204
239,S HARRIS AVE,,Columbus,OH,43204
71,S HARRIS AVE,,Columbus,OH,43204
73,N HARRIS AVE,,Columbus,OH,43204
1420,RUNAWAY BAY DR,CN 3D,Columbus,OH,43204
1414,RUNAWAY BAY DR,CN 3D,Columbus,OH,43204
1421,RUNAWAY BAY DR,,Columbus,OH,43204
1050,BELLFLOWER AVE,,Columbus,OH,43204
2785,VANDERBERG AVE,,Columbus,OH,43204
854,REGINA CT,D,Columbus,OH,43204
2781,EAKIN RD,,Columbus,OH,43204
496,S HARRIS AVE,,Columbus,OH,43204
1436,BAY SHORE DR,CN 1C,Columbus,OH,43204
2447,QUARRY LAKE DR,,Columbus,OH,43204
3462,RACE ST,,Columbus,OH,43204
3354,BRICHAR WAY,,Columbus,OH,43204
3316,TIMBER OAK DR,,Columbus,OH,43204
3570,TRABUE RD,,Columbus,OH,43204
723,DEMOREST RD,,Columbus,OH,43204
328,DEMOREST AVE,,Columbus,OH,43204
3361,W BROAD ST,,Columbus,OH,43204
3353,SOUTH BLVD,,Columbus,OH,43204
1238,TREVOR CT,,Columbus,OH,43204
3429,MICHAEL CT,,Columbus,OH,43204
921,STEPHEN DR W,,Columbus,OH,43204
134,S WARREN AVE,,Columbus,OH,43204
34,S WARREN AVE,,Columbus,OH,43204
736,S WARREN AVE,,Columbus,OH,43204
496,S OGDEN AVE,,Columbus,OH,43204
264,S OGDEN AVE,,Columbus,OH,43204
35,S BURGESS AVE,D,Columbus,OH,43204
3019,CORTONA RD,,Columbus,OH,43204
3380,MARY AVE,,Columbus,OH,43204
293,S SOUTHAMPTON AVE,,Columbus,OH,43204
3202,VALLEY VIEW DR,,Columbus,OH,43204
1226,EL TORO DR,,Columbus,OH,43204
3237,MCKINLEY AVE,84,Columbus,OH,43204
2685,SCHURTZ AVE,,Columbus,OH,43204
732,S OGDEN AVE,,Columbus,OH,43204
162,S BURGESS AVE,,Columbus,OH,43204
104,S BURGESS AVE,,Columbus,OH,43204
2511,RIDGE AVE,,Columbus,OH,43204
1203,LAKE SHORE DR,,Columbus,OH,43204
769,S BURGESS AVE,,Columbus,OH,43204
431,S RICHARDSON AVE,,Columbus,OH,43204
85,N TERRACE AVE,,Columbus,OH,43204
2501,RIDGE AVE,,Columbus,OH,43204
1473,CLIFF CT,C,Columbus,OH,43204
878,MIRIAM DR W,,Columbus,OH,43204
314,S SYLVAN AVE,,Columbus,OH,43204
82,S SYLVAN AVE,,Columbus,OH,43204
3253,W BROAD ST,,Columbus,OH,43204
78,N SYLVAN AVE,H,Columbus,OH,43204
180,N SYLVAN AVE,UNIT A,Columbus,OH,43204
1345,BAJA LN,,Columbus,OH,43204
202,POWHATAN AVE,,Columbus,OH,43204
988,HODGES DR,,Columbus,OH,43204
897,HODGES DR,,Columbus,OH,43204
784,S RICHARDSON AVE,,Columbus,OH,43204
566,S RICHARDSON AVE,,Columbus,OH,43204
582,S RICHARDSON AVE,,Columbus,OH,43204
1311,LAKE SHORE DR,UNIT B,Columbus,OH,43204
1309,LAKE SHORE DR,,Columbus,OH,43204
1291,LAKE SHORE DR,UNIT A,Columbus,OH,43204
408,S TERRACE AVE,,Columbus,OH,43204
48,ELDON AVE,,Columbus,OH,43204
3151,RIDGE AVE,B,Columbus,OH,43204
1358,BAJA LN,,Columbus,OH,43204
688,POWHATAN AVE,,Columbus,OH,43204
3248,RACE ST,,Columbus,OH,43204
3110,VALLEY VIEW DR,,Columbus,OH,43204
3237,MCKINLEY AVE,56,Columbus,OH,43204
2515,EAKIN RD,,Columbus,OH,43204
727,S TERRACE AVE,,Columbus,OH,43204
655,S TERRACE AVE,,Columbus,OH,43204
642,S TERRACE AVE,,Columbus,OH,43204
425,S EUREKA AVE,,Columbus,OH,43204
2430,PALMETTO ST,,Columbus,OH,43204
48,S EUREKA AVE,,Columbus,OH,43204
753,S EUREKA AVE,,Columbus,OH,43204
671,S EUREKA AVE,,Columbus,OH,43204
523,S WAYNE AVE,,Columbus,OH,43204
30,S BRINKER AVE,,Columbus,OH,43204
2398,APPLE ST,,Columbus,OH,43204
2386,W BROAD ST,,Columbus,OH,43204
2459,EAKIN RD,,Columbus,OH,43204
107,S OAKLEY AVE,,Columbus,OH,43204
47,N OAKLEY AVE,,Columbus,OH,43204
40,N OAKLEY AVE,,Columbus,OH,43204
1304,ONSLOW DR,,Columbus,OH,43204
333,S WESTGATE AVE,,Columbus,OH,43204
42,N WESTGATE AVE,A,Columbus,OH,43204
3149,MARY AVE,,Columbus,OH,43204
57,N WESTMOOR AVE,,Columbus,OH,43204
1326,RIVIERA CT,UNIT H,Columbus,OH,43204
2498,HARDESTY DR S,,Columbus,OH,43204
2412,HARDESTY DR S,,Columbus,OH,43204
3640,EAKIN RD,1B,Columbus,OH,43204
623,KINGSFORD RD,,Columbus,OH,43204
3571,LINDENDALE DR,,Columbus,OH,43204
3564,LINDENDALE DR,,Columbus,OH,43204
668,S HARRIS AVE,,Columbus,OH,43204
172,S HARRIS AVE,,Columbus,OH,43204
85,S WARREN AVE,,Columbus,OH,43204
417,S WARREN AVE,,Columbus,OH,43204
209,S OGDEN AVE,,Columbus,OH,43204
2671,PALMETTO ST,UNIT B,Columbus,OH,43204
673,BRIXHAM RD,,Columbus,OH,43204
3504,EDSON DR,,Columbus,OH,43204
238,RANELLE DR,,Columbus,OH,43204
3509,SANITA CT,,Columbus,OH,43204
3509,WILKES CT,,Columbus,OH,43204
3508,WILKES CT,,Columbus,OH,43204
3483,DERRER RUN DR,,Columbus,OH,43204
2131,QUARRY VALLEY RD,,Columbus,OH,43204
2186,QUARRY VALLEY RD,,Columbus,OH,43204
2353,KEEP PL,,Columbus,OH,43204
690,S WARREN AVE,,Columbus,OH,43204
697,S OGDEN AVE,,Columbus,OH,43204
486,S OGDEN AVE,,Columbus,OH,43204
138,S OGDEN AVE,,Columbus,OH,43204
62,S OGDEN AVE,,Columbus,OH,43204
48,N OGDEN AVE,,Columbus,OH,43204
3500,SANITA CT,,Columbus,OH,43204
3491,WILKES CT,,Columbus,OH,43204
235,FREMONT CT,,Columbus,OH,43204
108,DERRER MEADOW LN,,Columbus,OH,43204
3387,RUDON LN,,Columbus,OH,43204
746,S OGDEN AVE,,Columbus,OH,43204
236,S BURGESS AVE,,Columbus,OH,43204
1207,LAKE SHORE DR,,Columbus,OH,43204
808,S BURGESS AVE,,Columbus,OH,43204
730,S BURGESS AVE,,Columbus,OH,43204
2574,SULLIVANT AVE,C,Columbus,OH,43204
266,S RICHARDSON AVE,,Columbus,OH,43204
1399,LAKE SHORE DR,,Columbus,OH,43204
3468,RACE ST,,Columbus,OH,43204
715,DEMOREST RD,,Columbus,OH,43204
23,DEMOREST AVE,VRAD,Columbus,OH,43204
3337,SOUTH BLVD,,Columbus,OH,43204
1806,SAN REMO DR,,Columbus,OH,43204
3373,PARKSIDE RD,,Columbus,OH,43204
221,S SOUTHAMPTON AVE,,Columbus,OH,43204
71,S SOUTHAMPTON AVE,,Columbus,OH,43204
3220,VALLEY VIEW DR,,Columbus,OH,43204
3217,COLONY VISTA LN,,Columbus,OH,43204
1301,TREEHAVEN LN,,Columbus,OH,43204
1268,TREEHAVEN LN,,Columbus,OH,43204
860,S RICHARDSON AVE,,Columbus,OH,43204
737,S RICHARDSON AVE,,Columbus,OH,43204
401,S TERRACE AVE,,Columbus,OH,43204
164,ELDON AVE,,Columbus,OH,43204
1326,LAKE SHORE DR,,Columbus,OH,43204
749,TERRACE AVE,,Columbus,OH,43204
2463,W BROAD ST,,Columbus,OH,43204
31,N EUREKA AVE,,Columbus,OH,43204
616,S TERRACE AVE,,Columbus,OH,43204
882,STEPHEN DR W,,Columbus,OH,43204
46,S SOUTHAMPTON AVE,,Columbus,OH,43204
3173,BOWDOIN CIR,,Columbus,OH,43204
2986,WOODLOOP LN,,Columbus,OH,43204
3437,TRABUE RD,,Columbus,OH,43204
1279,PINNACLE DR,,Columbus,OH,43204
3326,EAKIN RD,,Columbus,OH,43204
240,S SYLVAN AVE,,Columbus,OH,43204
160,N SYLVAN AVE,UNIT 1,Columbus,OH,43204
88,S EUREKA AVE,,Columbus,OH,43204
2415,W BROAD ST,,Columbus,OH,43204
133,N WHEATLAND AVE,,Columbus,OH,43204
888,MARK PL,,Columbus,OH,43204
3256,WHITEHEAD RD,,Columbus,OH,43204
313,POWHATAN AVE,,Columbus,OH,43204
69,OREL AVE,,Columbus,OH,43204
2510,HARDESTY DR S,,Columbus,OH,43204
65,S WHEATLAND AVE,,Columbus,OH,43204
692,S OAKLEY AVE,,Columbus,OH,43204
222,S WHEATLAND AVE,,Columbus,OH,43204
3243,EAKIN RD,,Columbus,OH,43204
327,S ALGONQUIN AVE,,Columbus,OH,43204
314,S ALGONQUIN AVE,,Columbus,OH,43204
3237,MCKINLEY AVE,110,Columbus,OH,43204
1369,WILD OATS DR,,Columbus,OH,43204
3219,EAKIN RD,,Columbus,OH,43204
71,S WESTGATE AVE,,Columbus,OH,43204
52,N WESTGATE AVE,,Columbus,OH,43204
117,N WESTMOOR AVE,,Columbus,OH,43204
3078,STEELE AVE,,Columbus,OH,43204
3034,WESTMOOR CT,,Columbus,OH,43204
1147,ABBOTS LAKE CT,,Columbus,OH,43204
3211,VAUXHALL DR,,Columbus,OH,43204
142,N WESTMOOR AVE,,Columbus,OH,43204
1375,ROYSTON DR,,Columbus,OH,43204
1383,ROYSTON DR,,Columbus,OH,43204
3976,CLAYFORD DR,,Columbus,OH,43204
1150,ABBOTS LAKE CT,,Columbus,OH,43204
2862,LA VISTA DR,,Columbus,OH,43204
2798,SCIOTO STATION DR,,Columbus,OH,43204
2685,MARBLEVISTA BLVD,,Columbus,OH,43204
1136,ABBOTS GREEN CIR,,Columbus,OH,43204
1128,ABBOTS GREEN CIR,,Columbus,OH,43204
1395,GOLDMILL WAY,,Columbus,OH,43204
1563,RASPBERRY RUN DR,,Columbus,OH,43204
1258,GLEN COVE WAY,,Columbus,OH,43204
1557,RASPBERRY RUN DR,,Columbus,OH,43204
1371,TRADE WINDS DR,APT 205,Columbus,OH,43204
1357,TRADE WINDS DR,APT 204,Columbus,OH,43204
1994,MARBLE CLIFF CROSSING CT,,Columbus,OH,43204
31,BINNS BLVD,,Columbus,OH,43204
2728,SCIOTO STATION DR,,Columbus,OH,43204
3852,FARM BROOK LN,,Columbus,OH,43204
3713,WINDWARD WAY,APT 202,Columbus,OH,43204
3759,GRIMES DR,,Columbus,OH,43204
1414,GELBRAY AVE,,Columbus,OH,43204
901,S ROYS AVE,,Columbus,OH,43204
358,BINNS BLVD,,Columbus,OH,43204
623,N HAGUE AVE,,Columbus,OH,43204
2681,ABBOTS LOOP CT,,Columbus,OH,43204
2529,MARBLEVISTA BLVD,,Columbus,OH,43204
1997,LAKE SHORE DR,,Columbus,OH,43204
854,S ROYS AVE,,Columbus,OH,43204
257,S ROYS AVE,,Columbus,OH,43204
3701,GIBBSTONE DR,,Columbus,OH,43204
26,N ROYS AVE,,Columbus,OH,43204
1570,QUARRY VIEW,,Columbus,OH,43204
1728,QUARRY VIEW,,Columbus,OH,43204
1401,SUNFLOWER DR,,Columbus,OH,43204
1070,WILTSHIRE RD,,Columbus,OH,43204
2870,W BROAD ST,,Columbus,OH,43204
2413,MARBLEVISTA BLVD,,Columbus,OH,43204
3611,INTERCHANGE RD,,Columbus,OH,43204
3649,FOSSIL DR,,Columbus,OH,43204
3643,DRAGONFLY DR,,Columbus,OH,43204
3609,INTERCHANGE RD,,Columbus,OH,43204
881,WILTSHIRE RD,,Columbus,OH,43204
787,WILTSHIRE RD,,Columbus,OH,43204
2857,WICKLOW RD,,Columbus,OH,43204
262,S CHASE AVE,A,Columbus,OH,43204
126,N POWELL AVE,,Columbus,OH,43204
3022,MCKINLEY AVE,,Columbus,OH,43204
3450,WILSON WOODS DR,F,Columbus,OH,43204
3425,WILSON WOODS DR,H,Columbus,OH,43204
42,S POWELL AVE,,Columbus,OH,43204
2744,RIDGE AVE,,Columbus,OH,43204
653,S HAGUE AVE,,Columbus,OH,43204
649,S HAGUE AVE,,Columbus,OH,43204
112,S HAGUE AVE,,Columbus,OH,43204
1437,RUNAWAY BAY DR,CN 2B,Columbus,OH,43204
3406,WILSON WOODS DR,F,Columbus,OH,43204
1461,RUNAWAY BAY DR,CN 3D,Columbus,OH,43204
2427,QUARRY VALLEY RD,,Columbus,OH,43204
2870,WOODCROFT RD,,Columbus,OH,43204
1134,BELLFLOWER AVE,,Columbus,OH,43204
752,S HARRIS AVE,,Columbus,OH,43204
237,N WARREN AVE,,Columbus,OH,43204
191,S WESTMOOR AVE,,Columbus,OH,43204
197,S WESTMOOR AVE,,Columbus,OH,43204
3059,W BROAD ST,,Columbus,OH,43204
1129,ABBOTS GREEN CIR,,Columbus,OH,43204
188,S WESTMOOR AVE,,Columbus,OH,43204
54,S HURON AVE,,Columbus,OH,43204
1158,ABBOTS GREEN CIR,,Columbus,OH,43204
2716,SCIOTO STATION DR,,Columbus,OH,43204
2591,MARBLEVISTA BLVD,,Columbus,OH,43204
372,S HURON AVE,,Columbus,OH,43204
975,S ROYS AVE,,Columbus,OH,43204
735,BINNS BLVD,,Columbus,OH,43204
2781,OTTIS CT,,Columbus,OH,43204
2677,ABBOTS LOOP CT,,Columbus,OH,43204
1551,RASPBERRY RUN DR,,Columbus,OH,43204
905,CHESTERSHIRE RD,,Columbus,OH,43204
742,BINNS BLVD,,Columbus,OH,43204
1754,QUARRY VIEW,,Columbus,OH,43204
2731,QUARRY LAKE DR,,Columbus,OH,43204
3833,CIDERMILL DR,,Columbus,OH,43204
621,S ROYS AVE,,Columbus,OH,43204
581,S ROYS AVE,,Columbus,OH,43204
440,S ROYS AVE,,Columbus,OH,43204
264,POWELL CIR,UNIT A,Columbus,OH,43204
996,WILTSHIRE RD,,Columbus,OH,43204
182,N POWELL AVE,,Columbus,OH,43204
2573,QUARRY LAKE DR,,Columbus,OH,43204
3690,GIBBSTONE DR,,Columbus,OH,43204
1137,RACINE AVE,,Columbus,OH,43204
315,S POWELL AVE,,Columbus,OH,43204
309,S POWELL AVE,,Columbus,OH,43204
924,S HARRIS AVE,,Columbus,OH,43204
750,S HAGUE AVE,,Columbus,OH,43204
3538,WILSON WOODS DR,A,Columbus,OH,43204
1393,CARTER CT,,Columbus,OH,43204
350,S POWELL AVE,,Columbus,OH,43204
1461,RUNAWAY BAY DR,CN 2C,Columbus,OH,43204
2393,QUARRY VALLEY RD,,Columbus,OH,43204
2810,VANDERBERG AVE,,Columbus,OH,43204
851,REGINA CT,A,Columbus,OH,43204
750,S HARRIS AVE,,Columbus,OH,43204
510,S HAGUE AVE,,Columbus,OH,43204
461,S HARRIS AVE,,Columbus,OH,43204
1511,RUNAWAY BAY DR,CN 3D,Columbus,OH,43204
1430,CROSS CREEK DR,C,Columbus,OH,43204
675,KINGSFORD RD,UNIT A4,Columbus,OH,43204
661,KINGSFORD RD,UNIT 2C,Columbus,OH,43204
851,BRIXHAM RD,,Columbus,OH,43204
73,S WARREN AVE,,Columbus,OH,43204
116,N WARREN AVE,,Columbus,OH,43204
1523,RUNAWAY BAY DR,CN 3A,Columbus,OH,43204
1492,RUNAWAY BAY DR,CN 3A,Columbus,OH,43204
2267,QUARRY VALLEY RD,,Columbus,OH,43204
771,BRIXHAM RD,,Columbus,OH,43204
3513,SANITA CT,,Columbus,OH,43204
3516,SENATOR CT,,Columbus,OH,43204
1060,ST AGNES AVE,,Columbus,OH,43204
2740,VANDERBERG AVE,,Columbus,OH,43204
2728,VANDERBERG AVE,,Columbus,OH,43204
592,RACINE AVE,,Columbus,OH,43204
2711,SULLIVANT AVE,,Columbus,OH,43204
437,S WARREN AVE,,Columbus,OH,43204
323,S OGDEN AVE,,Columbus,OH,43204
1382,BAY SHORE DR,,Columbus,OH,43204
475,S OGDEN AVE,,Columbus,OH,43204
296,S OGDEN AVE,,Columbus,OH,43204
206,S OGDEN AVE,,Columbus,OH,43204
184,N BURGESS AVE,,Columbus,OH,43204
2325,KEEP PL,,Columbus,OH,43204
3482,SENATOR CT,,Columbus,OH,43204
3487,DERRER HILL DR,,Columbus,OH,43204
186,N WILSON RD,,Columbus,OH,43204
705,MACLAM DR,,Columbus,OH,43204
3328,PARKSLEY CT,,Columbus,OH,43204
1901,MAPLEWAY DR,,Columbus,OH,43204
2675,BERNADETTE RD,,Columbus,OH,43204
168,S BURGESS AVE,,Columbus,OH,43204
107,N TERRACE AVE,,Columbus,OH,43204
2523,RIDGE AVE,,Columbus,OH,43204
309,ELDON AVE,,Columbus,OH,43204
1199,LAKE SHORE DR,UNIT C,Columbus,OH,43204
1336,HAFTON WOODS DR,,Columbus,OH,43204
625,S BURGESS AVE,,Columbus,OH,43204
44,N TERRACE AVE,,Columbus,OH,43204
3452,DERRER CT N,,Columbus,OH,43204
745,FEBOR CT,,Columbus,OH,43204
632,DERRER RD,,Columbus,OH,43204
3367,SOUTH BLVD,,Columbus,OH,43204
556,TRADE RD,,Columbus,OH,43204
3268,COLONY HILL LN,,Columbus,OH,43204
1242,DEMOREST RD,,Columbus,OH,43204
274,DEMOREST AVE,,Columbus,OH,43204
815,S RICHARDSON AVE,,Columbus,OH,43204
727,S RICHARDSON AVE,,Columbus,OH,43204
2546,SULLIVANT AVE,,Columbus,OH,43204
2542,SULLIVANT AVE,,Columbus,OH,43204
1330,LAKE SHORE DR,UNIT B,Columbus,OH,43204
1404,LAKE SHORE DR,C,Columbus,OH,43204
620,S RICHARDSON AVE,,Columbus,OH,43204
557,S TERRACE AVE,,Columbus,OH,43204
2425,HARRISON RD,,Columbus,OH,43204
221,LETCHWORTH AVE,,Columbus,OH,43204
3341,SOUTH BLVD,,Columbus,OH,43204
150,LETCHWORTH AVE,,Columbus,OH,43204
47,S SOUTHAMPTON AVE,,Columbus,OH,43204
1151,PINNACLE DR,,Columbus,OH,43204
3374,EAKIN RD,,Columbus,OH,43204
3334,RACE ST,,Columbus,OH,43204
175,S SYLVAN AVE,,Columbus,OH,43204
3168,BOWDOIN CIR,,Columbus,OH,43204
3152,WESTMILLS DR,,Columbus,OH,43204
2962,WOODLOOP LN,,Columbus,OH,43204
2519,REGINA AVE,,Columbus,OH,43204
2507,W MOUND ST,,Columbus,OH,43204
562,S TERRACE AVE,,Columbus,OH,43204
438,S EUREKA AVE,,Columbus,OH,43204
288,S EUREKA AVE,,Columbus,OH,43204
2405 1/2,W BROAD ST,,Columbus,OH,43204
3064,JERSEY DR,,Columbus,OH,43204
3237,MCKINLEY AVE,13,Columbus,OH,43204
3274,WHITEHEAD RD,,Columbus,OH,43204
275,POWHATAN AVE,,Columbus,OH,43204
82,OREL AVE,,Columbus,OH,43204
1346,BAJA LN,,Columbus,OH,43204
2919,CORTONA RD,,Columbus,OH,43204
586,S EUREKA AVE,,Columbus,OH,43204
749,S WAYNE AVE,,Columbus,OH,43204
55,N OAKLEY AVE,,Columbus,OH,43204
3267,STEPHEN DR S,,Columbus,OH,43204
744,POWHATAN AVE,,Columbus,OH,43204
215,S ALGONQUIN AVE,,Columbus,OH,43204
195,S ALGONQUIN AVE,,Columbus,OH,43204
277,N BRINKER AVE,,Columbus,OH,43204
3260,STEPHEN DR S,,Columbus,OH,43204
540,S OAKLEY AVE,,Columbus,OH,43204
2392,HARDESTY DR S,,Columbus,OH,43204
1008,HARDESTY PL W,,Columbus,OH,43204
639,S WHEATLAND AVE,,Columbus,OH,43204
308,S WHEATLAND AVE,,Columbus,OH,43204
235,S BRINKER AVE,,Columbus,OH,43204
3127,ELLIS PL,,Columbus,OH,43204
109,N WESTGATE AVE,,Columbus,OH,43204
220,N ALGONQUIN AVE,,Columbus,OH,43204
2935,LA VISTA DR,,Columbus,OH,43204
1005,ANTHONY DR,,Columbus,OH,43204
3102,ELLIS PL,,Columbus,OH,43204
143,N WESTMOOR AVE,,Columbus,OH,43204
2869,ABBOTS COVE BLVD,,Columbus,OH,43204
2313,HARDESTY DR N,,Columbus,OH,43204
685,S WHEATLAND AVE,,Columbus,OH,43204
986,MIRIAM DR E,,Columbus,OH,43204
2936,LA VISTA DR,UNIT A,Columbus,OH,43204
83,N OAKLEY AVE,,Columbus,OH,43204
595,S WAYNE AVE,,Columbus,OH,43204
414,S WAYNE AVE,,Columbus,OH,43204
307,S OAKLEY AVE,,Columbus,OH,43204
66,N OAKLEY AVE,,Columbus,OH,43204
190,N OAKLEY AVE,,Columbus,OH,43204
2797,MARBLEVISTA BLVD,,Columbus,OH,43204
1222,ONSLOW DR,,Columbus,OH,43204
3165,EAKIN RD,,Columbus,OH,43204
155,N WESTMOOR AVE,,Columbus,OH,43204
2911,ABBOTS COVE BLVD,,Columbus,OH,43204
2484,HARDESTY DR S,,Columbus,OH,43204
1066,HARDESTY PL W,,Columbus,OH,43204
529,S OAKLEY AVE,,Columbus,OH,43204
3195,TELHAM DR,,Columbus,OH,43204
954,ANTHONY DR,,Columbus,OH,43204
2961,WESTMOOR DR,,Columbus,OH,43204
2830,LA VISTA DR,,Columbus,OH,43204
2310,HARDESTY CT,,Columbus,OH,43204
4053,WILD ASH DR,,Columbus,OH,43204
1326,WILD OATS DR,,Columbus,OH,43204
4243,TRABUE RD,,Columbus,OH,43204
108,N HURON AVE,,Columbus,OH,43204
2822,LA VISTA DR,,Columbus,OH,43204
1364,WESTSHIRE RD,,Columbus,OH,43204
367,BINNS BLVD,,Columbus,OH,43204
1340,THACKER CT,G,Columbus,OH,43204
2680,SCIOTO STATION DR,,Columbus,OH,43204
2578,MARBLEVISTA BLVD,,Columbus,OH,43204
884,BINNS BLVD,,Columbus,OH,43204
783,BINNS BLVD,,Columbus,OH,43204
770,BINNS BLVD,,Columbus,OH,43204
645,BINNS BLVD,,Columbus,OH,43204
3001,SULLIVANT AVE,,Columbus,OH,43204
2687,ABBOTS LOOP CT,,Columbus,OH,43204
2475,MARBLEVISTA BLVD,,Columbus,OH,43204
1973,LAKE SHORE DR,,Columbus,OH,43204
917,CHESTERSHIRE RD,,Columbus,OH,43204
2958,SULLIVANT AVE,UNIT K,Columbus,OH,43204
146,GUERNSEY AVE,,Columbus,OH,43204
105,S ROYS AVE,,Columbus,OH,43204
620,S ROYS AVE,,Columbus,OH,43204
3660,WEST HORIZONS,APT 305,Columbus,OH,43204
3765,GIBBSTONE DR,,Columbus,OH,43204
3753,GIBBSTONE DR,,Columbus,OH,43204
1442,SUNFLOWER DR,,Columbus,OH,43204
1040,S HAGUE AVE,,Columbus,OH,43204
2549,QUARRY LAKE DR,,Columbus,OH,43204
3520,WILSON WOODS DR,D,Columbus,OH,43204
1276,GRESHAM RD,,Columbus,OH,43204
1239,BELLFLOWER AVE,,Columbus,OH,43204
31,S POWELL AVE,,Columbus,OH,43204
971,RACINE AVE,,Columbus,OH,43204
908,S HARRIS AVE,,Columbus,OH,43204
824,S HAGUE AVE,,Columbus,OH,43204
3417,WILSON WOODS DR,I,Columbus,OH,43204
330,S POWELL AVE,,Columbus,OH,43204
344,S POWELL AVE,,Columbus,OH,43204
1060,RACINE AVE,,Columbus,OH,43204
850,S HARRIS AVE,,Columbus,OH,43204
70,N HARRIS AVE,,Columbus,OH,43204
218,N HARRIS AVE,,Columbus,OH,43204
739,N WILSON RD,,Columbus,OH,43204
1436,CROSS CREEK DR,L,Columbus,OH,43204
861,KINGSFORD RD,UNIT A,Columbus,OH,43204
675,KINGSFORD RD,UNIT A6,Columbus,OH,43204
661,KINGSFORD RD,UNIT 3F,Columbus,OH,43204
2811,NICHOLAS AVE,,Columbus,OH,43204
2755,EAKIN RD,K,Columbus,OH,43204
793,RACINE AVE,,Columbus,OH,43204
709,RACINE AVE,,Columbus,OH,43204
641,RACINE AVE,,Columbus,OH,43204
424,S HARRIS AVE,,Columbus,OH,43204
183,S WARREN AVE,,Columbus,OH,43204
274,N WARREN AVE,,Columbus,OH,43204
1492,RUNAWAY BAY DR,CN 2A,Columbus,OH,43204
1558,RUNAWAY BAY DR,CN 2A,Columbus,OH,43204
2291,QUARRY VALLEY RD,,Columbus,OH,43204
859,BRIXHAM RD,,Columbus,OH,43204
3616,EDSON DR,,Franklin Twp,OH,43204
1295,BRONWYN AVE,,Columbus,OH,43204
2753,ST PATRICK RD,,Columbus,OH,43204
366,S WARREN AVE,,Columbus,OH,43204
175,S OGDEN AVE,,Columbus,OH,43204
149,S OGDEN AVE,,Columbus,OH,43204
2654,W BROAD ST,7,Columbus,OH,43204
2654,W BROAD ST,9,Columbus,OH,43204
2642,W BROAD ST,,Columbus,OH,43204
294,N OGDEN AVE,,Columbus,OH,43204
1424,BAY SHORE DR,CN 2B,Columbus,OH,43204
686,JOSEPHINE AVE,,Columbus,OH,43204
3456,DERRER CT N,,Columbus,OH,43204
1033,BRONWYN AVE,,Columbus,OH,43204
287,S OGDEN AVE,,Columbus,OH,43204
175,S BURGESS AVE,,Columbus,OH,43204
233,N BURGESS AVE,,Columbus,OH,43204
333,S BURGESS AVE,,Columbus,OH,43204
172,S BURGESS AVE,,Columbus,OH,43204
239,DERRER RD,,Columbus,OH,43204
704,MACLAM DR,,Columbus,OH,43204
1389,CRISFIELD DR,,Columbus,OH,43204
240,DEMOREST AVE,,Columbus,OH,43204
214,DEMOREST AVE,,Columbus,OH,43204
66,DEMOREST AVE,,Columbus,OH,43204
357,ELDON AVE,,Columbus,OH,43204
1469,LAKE SHORE DR,,Columbus,OH,43204
617,S BURGESS AVE,,Columbus,OH,43204
475,S RICHARDSON AVE,,Columbus,OH,43204
378,S BURGESS AVE,,Columbus,OH,43204
337,S RICHARDSON AVE,,Columbus,OH,43204
35,S RICHARDSON AVE,,Columbus,OH,43204
1397,LAKE SHORE DR,UNIT A,Columbus,OH,43204
1447,CLIFF CT,C,Columbus,OH,43204
3253,COLONY VISTA LN,,Columbus,OH,43204
3200,WESTMILLS DR,,Columbus,OH,43204
1259,TREEHAVEN LN,,Columbus,OH,43204
835,MIRIAM DR W,,Columbus,OH,43204
3231,VALLEY VIEW DR,,Columbus,OH,43204
2595,SYMINGTON AVE,,Columbus,OH,43204
931,HODGES DR,,Columbus,OH,43204
682,S BURGESS AVE,,Columbus,OH,43204
686,S BURGESS AVE,,Columbus,OH,43204
329,S TERRACE AVE,,Columbus,OH,43204
1295,LAKE SHORE DR,UNIT B,Columbus,OH,43204
1327,LAKE SHORE DR,,Columbus,OH,43204
1330,LAKE SHORE DR,UNIT A,Columbus,OH,43204
3355,MIRIAM DR S,,Columbus,OH,43204
287,S SYLVAN AVE,,Columbus,OH,43204
3148,VALLEY VIEW DR,,Columbus,OH,43204
877,VANDERBERG PL,,Columbus,OH,43204
236,POWHATAN AVE,,Columbus,OH,43204
63,OREL AVE,,Columbus,OH,43204
3145,RIDGE AVE,B,Columbus,OH,43204
3025,LA VISTA DR,,Columbus,OH,43204
462,S EUREKA AVE,,Columbus,OH,43204
149,S WAYNE AVE,,Columbus,OH,43204
30,S EUREKA AVE,,Columbus,OH,43204
253,N WAYNE AVE,,Columbus,OH,43204
250,N WAYNE AVE,,Columbus,OH,43204
2365,SCIOTO HARPER DR,,Columbus,OH,43204
3521,SENATOR CT,,Columbus,OH,43204
125,DERRER MEADOW LN,,Columbus,OH,43204
1141,FARMHURST CT,,Columbus,OH,43204
665,JOYFUL ST,,Columbus,OH,43204
3456,STALLING CT,,Columbus,OH,43204
1032,BRONWYN AVE,,Columbus,OH,43204
2667,ST PATRICK RD,,Columbus,OH,43204
152,S BURGESS AVE,,Columbus,OH,43204
2525,STEELE AVE,,Columbus,OH,43204
2539,RIDGE AVE,,Columbus,OH,43204
1201,LAKE SHORE DR,,Columbus,OH,43204
1205,LAKE SHORE DR,,Columbus,OH,43204
1465,LAKE SHORE DR,,Columbus,OH,43204
2678,SCHURTZ AVE,,Columbus,OH,43204
967,S RICHARDSON AVE,,Columbus,OH,43204
448,DERRER RD,,Columbus,OH,43204
80,DERRER RD,,Columbus,OH,43204
548,TRADE RD,,Columbus,OH,43204
1188,NATHAN DR,,Columbus,OH,43204
288,DEMOREST AVE,,Columbus,OH,43204
1294,TREVOR CT,,Columbus,OH,43204
887,STEPHEN DR W,,Columbus,OH,43204
147,S SOUTHAMPTON AVE,,Columbus,OH,43204
597,ATHENS AVE,,Columbus,OH,43204
423,S RICHARDSON AVE,,Columbus,OH,43204
39 1/2,N TERRACE AVE,,Columbus,OH,43204
2603,SYMINGTON AVE,,Columbus,OH,43204
2606,EAKIN RD,,Columbus,OH,43204
1330,LAKE SHORE DR,,Columbus,OH,43204
1446,CLIFF CT,A,Columbus,OH,43204
280,S SOUTHAMPTON AVE,,Columbus,OH,43204
181,S SYLVAN AVE,,Columbus,OH,43204
142,S SOUTHAMPTON AVE,,Columbus,OH,43204
1291,PINNACLE DR,,Columbus,OH,43204
1294,PINNACLE DR,,Columbus,OH,43204
924,MIRIAM DR W,,Columbus,OH,43204
136,S SYLVAN AVE,,Columbus,OH,43204
3411,EMELINE DR,,Columbus,OH,43204
2580,SYMINGTON AVE,,Columbus,OH,43204
168,S TERRACE AVE,,Columbus,OH,43204
143,S EUREKA AVE,,Columbus,OH,43204
131,S EUREKA AVE,,Columbus,OH,43204
135,N EUREKA AVE,,Columbus,OH,43204
2543,KREBER AVE,,Columbus,OH,43204
2485,SULLIVANT AVE,,Columbus,OH,43204
465,S EUREKA AVE,,Columbus,OH,43204
399,S EUREKA AVE,,Columbus,OH,43204
337,S EUREKA AVE,,Columbus,OH,43204
105,N WAYNE AVE,,Columbus,OH,43204
3237,MCKINLEY AVE,101,Columbus,OH,43204
3348,ONSLOW CT,,Columbus,OH,43204
3255,MARY AVE,,Columbus,OH,43204
670,POWHATAN AVE,,Columbus,OH,43204
290,N BRINKER AVE,,Columbus,OH,43204
3106,VALLEY VIEW DR,,Columbus,OH,43204
1166,N HAGUE AVE,,Columbus,OH,43204
42,S WAYNE AVE,,Columbus,OH,43204
58,N WAYNE AVE,,Columbus,OH,43204
247,N OAKLEY AVE,,Columbus,OH,43204
2291,SCIOTO HARPER DR,,Columbus,OH,43204
1325,ONSLOW DR,,Columbus,OH,43204
1297,ONSLOW DR,,Columbus,OH,43204
704,S EUREKA AVE,,Columbus,OH,43204
386,S WAYNE AVE,,Columbus,OH,43204
208,S OAKLEY AVE,,Columbus,OH,43204
2486,HARDESTY DR S,,Columbus,OH,43204
1311,WILD OATS DR,,Columbus,OH,43204
1254,ONSLOW DR,,Columbus,OH,43204
3149,PARKSIDE RD,,Columbus,OH,43204
65,N WESTMOOR AVE,,Columbus,OH,43204
3183,STEPHEN DR S,,Columbus,OH,43204
1025,SALISBURY RD,,Columbus,OH,43204
3169,MIRIAM DR N,,Columbus,OH,43204
888,ANTHONY DR,,Columbus,OH,43204
2727,MARBLEVISTA BLVD,,Columbus,OH,43204
2672,MARBLEVISTA BLVD,,Columbus,OH,43204
106,N HURON AVE,,Columbus,OH,43204
1327,CASCADE CT,,Columbus,OH,43204
1334,CASCADE CT,,Columbus,OH,43204
1014,BROOKS END CT,,Columbus,OH,43204
2350,W MOUND ST,,Columbus,OH,43204
240,S WHEATLAND AVE,,Columbus,OH,43204
706,S WHEATLAND AVE,,Columbus,OH,43204
4051,BROOKRUN DR,,Columbus,OH,43204
1330,VAUXHALL PL,,Columbus,OH,43204
207,BINNS BLVD,,Columbus,OH,43204
911,S ROYS AVE,,Columbus,OH,43204
905,S ROYS AVE,,Columbus,OH,43204
101,N ROYS AVE,,Columbus,OH,43204
2657,ABBOTS LOOP CT,,Columbus,OH,43204
739,S ROYS AVE,,Columbus,OH,43204
2443,MARBLEVISTA BLVD,,Columbus,OH,43204
3921,DEER LAKE WAY,,Columbus,OH,43204
1371,TRADE WINDS DR,APT 201,Columbus,OH,43204
1372,TALCOTT CT,,Columbus,OH,43204
3010,BRIGGS RD,,Columbus,OH,43204
987,WILTSHIRE RD,,Columbus,OH,43204
1682,QUARRY TRACE,,Columbus,OH,43204
3930,BUSINESS PARK DR,,Columbus,OH,43204
989,S HAGUE AVE,,Columbus,OH,43204
69,N POWELL AVE,,Columbus,OH,43204
136,N POWELL AVE,,Columbus,OH,43204
3660,WEST HORIZONS,APT 100,Columbus,OH,43204
3671,WEST HORIZONS,APT 305,Columbus,OH,43204
3745,GIBBSTONE DR,,Columbus,OH,43204
930,S HAGUE AVE,,Columbus,OH,43204
716,WILTSHIRE RD,,Columbus,OH,43204
2869,SULLIVANT AVE,C,Columbus,OH,43204
317,S POWELL AVE,,Columbus,OH,43204
110,S POWELL AVE,,Columbus,OH,43204
2455,QUARRY VALLEY RD,,Columbus,OH,43204
1324,N WILSON RD,,Columbus,OH,43204
3546,WILSON WOODS DR,G,Columbus,OH,43204
3629,GRAYBECK DR,,Columbus,OH,43204
3561,WILSON WOODS DR,G,Columbus,OH,43204
3519,WILSON WOODS DR,,Columbus,OH,43204
3509,WILSON WOODS DR,,Columbus,OH,43204
1093,RACINE AVE,,Columbus,OH,43204
897,S HARRIS AVE,,Columbus,OH,43204
714,S HAGUE AVE,,Columbus,OH,43204
638,WILTSHIRE RD,,Columbus,OH,43204
570,WILTSHIRE RD,,Columbus,OH,43204
563,S HAGUE AVE,UNIT 03,Columbus,OH,43204
150,N HAGUE AVE,,Columbus,OH,43204
322,N HARRIS AVE,,Columbus,OH,43204
1455,RUNAWAY BAY DR,CN 2B,Columbus,OH,43204
2447,QUARRY VALLEY RD,,Columbus,OH,43204
3492,WILSON WOODS DR,F,Columbus,OH,43204
917,RACINE AVE,,Columbus,OH,43204
602,S HAGUE AVE,,Columbus,OH,43204
109,N HARRIS AVE,,Columbus,OH,43204
95,N HARRIS AVE,,Columbus,OH,43204
655,HARRISON DR,,Columbus,OH,43204
1448,RUNAWAY BAY DR,,Columbus,OH,43204
2494,QUARRY LAKE DR,,Columbus,OH,43204
1423,PEACH TREE CT,,Columbus,OH,43204
735,N WILSON RD,,Columbus,OH,43204
1132,PARMA AVE,,Columbus,OH,43204
2783,VANDERBERG AVE,,Columbus,OH,43204
688,S HARRIS AVE,,Columbus,OH,43204
384,S HARRIS AVE,,Columbus,OH,43204
180,S HARRIS AVE,,Columbus,OH,43204
1436,BAY SHORE DR,CN 1D,Columbus,OH,43204
1529,RUNAWAY BAY DR,CN 1C,Columbus,OH,43204
821,KINGSFORD RD,UNIT D,Columbus,OH,43204
1083,ST AGNES AVE,,Columbus,OH,43204
2753,ROSEDALE AVE,,Columbus,OH,43204
2755,EAKIN RD,H,Columbus,OH,43204
2656,W BROAD ST,,Columbus,OH,43204
124,N OGDEN AVE,,Columbus,OH,43204
244,N OGDEN AVE,,Columbus,OH,43204
1356,RUNAWAY BAY DR,CN 2B,Columbus,OH,43204
910,KINGSFORD RD,,Columbus,OH,43204
630,KINGSFORD RD,,Columbus,OH,43204
152,RANELLE DR,,Columbus,OH,43204
201,N WILSON RD,,Columbus,OH,43204
593,S OGDEN AVE,,Columbus,OH,43204
2684,SULLIVANT AVE,,Columbus,OH,43204
447,S OGDEN AVE,,Columbus,OH,43204
350,S OGDEN AVE,,Columbus,OH,43204
246,S OGDEN AVE,,Columbus,OH,43204
2596,W BROAD ST,,Columbus,OH,43204
52,N OGDEN AVE,,Columbus,OH,43204
1383,HAFTON WOODS DR,,Columbus,OH,43204
3599,FARMHURST LN,,Columbus,OH,43204
1144,FARMHURST CT,,Columbus,OH,43204
916,S RICHARDSON AVE,,Columbus,OH,43204
794,S BURGESS AVE,,Columbus,OH,43204
619,S BURGESS AVE,,Columbus,OH,43204
290,S RICHARDSON AVE,,Columbus,OH,43204
219,S RICHARDSON AVE,,Columbus,OH,43204
187,S RICHARDSON AVE,,Columbus,OH,43204
945,HODGES DR,,Columbus,OH,43204
3473,DERRER CT S,,Columbus,OH,43204
697,JOYFUL ST,,Columbus,OH,43204
235,DERRER RD,,Columbus,OH,43204
3448,DERRER CT N,,Columbus,OH,43204
2562,SULLIVANT AVE,,Columbus,OH,43204
179,S TERRACE AVE,,Columbus,OH,43204
67,TERRACE AVE,,Columbus,OH,43204
1299,LAKE SHORE DR,,Columbus,OH,43204
1307,LAKE SHORE DR,UNIT B,Columbus,OH,43204
1333,LAKE SHORE DR,UNIT B,Columbus,OH,43204
2569,REGINA AVE,,Columbus,OH,43204
2513,SULLIVANT AVE,,Columbus,OH,43204
398,S TERRACE AVE,,Columbus,OH,43204
186,DERRER RD,,Columbus,OH,43204
870,DEMOREST RD,,Columbus,OH,43204
168,DEMOREST AVE,,Columbus,OH,43204
282,S TERRACE AVE,,Columbus,OH,43204
241,S EUREKA AVE,,Columbus,OH,43204
90,S TERRACE AVE,,Columbus,OH,43204
91,S EUREKA AVE,,Columbus,OH,43204
2470,W BROAD ST,,Columbus,OH,43204
2539,REGINA AVE,,Columbus,OH,43204
2523,EAKIN RD,,Columbus,OH,43204
2538,EAKIN RD,,Columbus,OH,43204
201,LETCHWORTH AVE,,Columbus,OH,43204
100,DEMOREST AVE,,Columbus,OH,43204
425,INDUSTRY DR,,Columbus,OH,43204
1138,ROMONA PL,,Columbus,OH,43204
3197,WESTMILLS DR,,Columbus,OH,43204
1327,PINNACLE DR,,Columbus,OH,43204
227,S SYLVAN AVE,,Columbus,OH,43204
232,N SOUTHAMPTON AVE,,Columbus,OH,43204
1350,PINNACLE DR,,Columbus,OH,43204
2450,SULLIVANT AVE,,Columbus,OH,43204
387,S WAYNE AVE,,Columbus,OH,43204
292,S WAYNE AVE,,Columbus,OH,43204
248,S WAYNE AVE,,Columbus,OH,43204
848,S WAYNE AVE,,Columbus,OH,43204
247,S OAKLEY AVE,,Columbus,OH,43204
156,N OAKLEY AVE,,Columbus,OH,43204
2446,SYMINGTON AVE,,Columbus,OH,43204
1035,BROOKS END CT,,Columbus,OH,43204
664,S WAYNE AVE,,Columbus,OH,43204
57,N SYLVAN AVE,,Columbus,OH,43204
1161,VERA PL,,Columbus,OH,43204
1351,BAJA LN,,Columbus,OH,43204
3237,MCKINLEY AVE,76,Columbus,OH,43204
1238,PINNACLE DR,,Columbus,OH,43204
3267,EAKIN RD,,Columbus,OH,43204
195,POWHATAN AVE,,Columbus,OH,43204
552,S OAKLEY AVE,,Columbus,OH,43204
2442,HARDESTY DR S,,Columbus,OH,43204
2385,HARDESTY CT,,Columbus,OH,43204
634,S OAKLEY AVE,,Columbus,OH,43204
87,S BRINKER AVE,,Columbus,OH,43204
3223,MARY AVE,,Columbus,OH,43204
669,S BRINKER AVE,,Columbus,OH,43204
2955,LA VISTA DR,,Columbus,OH,43204
1089,HARDESTY PL E,,Columbus,OH,43204
1320,ONSLOW DR,,Columbus,OH,43204
295,S WESTGATE AVE,,Columbus,OH,43204
2893,ABBOTS COVE BLVD,,Columbus,OH,43204
2900,LA VISTA DR,F,Columbus,OH,43204
1334,RIVIERA CT,,Columbus,OH,43204
2669,MARBLEVISTA BLVD,,Columbus,OH,43204
1378,BROOKFOREST DR,,Columbus,OH,43204
1002,SALISBURY RD,,Columbus,OH,43204
1309,CASCADE CT,,Columbus,OH,43204
784,SALISBURY RD,,Columbus,OH,43204
2896,DIBBLEE AVE,,Columbus,OH,43204
670,SALISBURY RD,,Columbus,OH,43204
161,N ROYS AVE,,Columbus,OH,43204
2707,ABBOTS LOOP CT,,Columbus,OH,43204
445,GUERNSEY AVE,,Columbus,OH,43204
2920,OLIVE ST,,Columbus,OH,43204
1324,WINESAP DR,,Columbus,OH,43204
3935,FARM BROOK LN,,Columbus,OH,43204
3931,BASIA DR,,Columbus,OH,43204
125,N CHASE AVE,,Columbus,OH,43204
1792,QUARRY VIEW,,Columbus,OH,43204
1357,TRADE WINDS DR,APT 306,Columbus,OH,43204
1524,RASPBERRY RUN DR,,Columbus,OH,43204
3808,CIDERMILL DR,,Columbus,OH,43204
3713,WINDWARD WAY,APT 206,Columbus,OH,43204
636,S ROYS AVE,,Columbus,OH,43204
1669,QUARRY TRACE,,Columbus,OH,43204
1045,S HAGUE AVE,,Columbus,OH,43204
381,S CHASE AVE,,Columbus,OH,43204
363,S CHASE AVE,,Columbus,OH,43204
376,S CHASE AVE,A,Columbus,OH,43204
2700,RUTH CT,,Columbus,OH,43204
1722,QUARRY TRACE,,Columbus,OH,43204
2920,GRESHAM RD N,,Columbus,OH,43204
1158,S HARRIS AVE,,Columbus,OH,43204
3617,GRAYBECK DR,,Columbus,OH,43204
847,S HAGUE AVE,,Columbus,OH,43204
124,S POWELL AVE,B,Columbus,OH,43204
136,S POWELL AVE,,Columbus,OH,43204
2840,FISHER RD,C,Columbus,OH,43204
2802,FISHER RD,,Columbus,OH,43204
821,S HARRIS AVE,,Columbus,OH,43204
340,S POWELL AVE,,Columbus,OH,43204
578,S HAGUE AVE,,Columbus,OH,43204
85,S HARRIS AVE,,Columbus,OH,43204
277,N WARREN AVE,,Columbus,OH,43204
2804,LONGFIELD RD,,Columbus,OH,43204
731,N WILSON RD,,Columbus,OH,43204
781,KINGSFORD RD,UNIT B,Columbus,OH,43204
731,KINGSFORD RD,UNIT A,Columbus,OH,43204
474,S HARRIS AVE,,Columbus,OH,43204
1529,RUNAWAY BAY DR,CN 2D,Columbus,OH,43204
1529,RUNAWAY BAY DR,CN 3D,Columbus,OH,43204
724,RACINE AVE,,Columbus,OH,43204
479,S WARREN AVE,,Columbus,OH,43204
1418,BAY SHORE DR,CN 3B,Columbus,OH,43204
1418,BAY SHORE DR,CN 2C,Columbus,OH,43204
2171,QUARRY VALLEY RD,,Columbus,OH,43204
3640,EAKIN RD,1A,Columbus,OH,43204
675,KINGSFORD RD,UNIT C6,Columbus,OH,43204
747,BRIXHAM RD,,Columbus,OH,43204
3541,EDSON DR,,Columbus,OH,43204
649,S OGDEN AVE,,Columbus,OH,43204
239,S BURGESS AVE,,Columbus,OH,43204
2525,FISHER RD,,Columbus,OH,43204
1400,BAY SHORE DR,CN 2C,Columbus,OH,43204
2709,SCHURTZ AVE,,Columbus,OH,43204
417,S BURGESS AVE,,Columbus,OH,43204
375,S BURGESS AVE,,Columbus,OH,43204
224,S BURGESS AVE,,Columbus,OH,43204
70,S BURGESS AVE,,Columbus,OH,43204
121,N TERRACE AVE,,Columbus,OH,43204
337,ELDON AVE,,Columbus,OH,43204
1409,LAKE SHORE DR,UNIT C,Columbus,OH,43204
3729,WINDWARD WAY,APT 304,Columbus,OH,43204
3660,WEST HORIZONS,APT 302,Columbus,OH,43204
3660,WEST HORIZONS,APT 205,Columbus,OH,43204
908,S ROYS AVE,,Columbus,OH,43204
2958,SULLIVANT AVE,UNIT C,Columbus,OH,43204
2822,QUARRY POINT,,Columbus,OH,43204
1799,QUARRY VIEW,,Columbus,OH,43204
1385,SUNFLOWER DR,,Columbus,OH,43204
3671,WEST HORIZONS,APT 307,Columbus,OH,43204
3675,INTERCHANGE RD,,Columbus,OH,43204
935,WILTSHIRE RD,,Columbus,OH,43204
571,S ROYS AVE,,Columbus,OH,43204
2931,PARKSIDE RD,,Columbus,OH,43204
311,S ROYS AVE,,Columbus,OH,43204
3659,DRAGONFLY DR,,Columbus,OH,43204
3613,GRAYBECK DR,,Columbus,OH,43204
3607,GRAYBECK DR,,Columbus,OH,43204
676,CHESTERSHIRE RD,,Columbus,OH,43204
403,S CHASE AVE,B,Columbus,OH,43204
316,S CHASE AVE,,Columbus,OH,43204
285,S CHASE AVE,B,Columbus,OH,43204
233,N HAGUE AVE,,Columbus,OH,43204
245,N HAGUE AVE,,Columbus,OH,43204
2936,GRESHAM RD N,,Columbus,OH,43204
1080,S HARRIS AVE,,Columbus,OH,43204
832,WILTSHIRE RD,,Columbus,OH,43204
429,S POWELL AVE,,Columbus,OH,43204
2732,CAROL AVE,,Columbus,OH,43204
1405,PEACH BLOSSOM CT,,Columbus,OH,43204
3458,WILSON WOODS DR,F,Columbus,OH,43204
663,WESTBROOK CT,,Columbus,OH,43204
903,S HARRIS AVE,,Columbus,OH,43204
1443,RUNAWAY BAY DR,CN 2C,Columbus,OH,43204
1838,LAKE SHORE DR,,Columbus,OH,43204
3417,WILSON WOODS DR,E,Columbus,OH,43204
3425,WILSON WOODS DR,D,Columbus,OH,43204
3406,WILSON WOODS DR,C,Columbus,OH,43204
2856,NICHOLAS AVE,,Columbus,OH,43204
2876,CHESFIELD DR,,Columbus,OH,43204
830,S HARRIS AVE,C,Columbus,OH,43204
402,S HAGUE AVE,,Columbus,OH,43204
382,S HAGUE AVE,D,Columbus,OH,43204
2460,QUARRY LAKE DR,,Columbus,OH,43204
866,KINGSFORD RD,,Columbus,OH,43204
738,KINGSFORD RD,,Columbus,OH,43204
3560,EDSON DR,,Columbus,OH,43204
736,N WILSON RD,,Columbus,OH,43204
2761,EAKIN RD,,Columbus,OH,43204
708,S HARRIS AVE,,Columbus,OH,43204
698,S HARRIS AVE,,Columbus,OH,43204
693,RACINE AVE,,Columbus,OH,43204
1510,RUNAWAY BAY DR,CN 3C,Columbus,OH,43204
1529,RUNAWAY BAY DR,CN 1B,Columbus,OH,43204
1564,RUNAWAY BAY DR,CN 2D,Columbus,OH,43204
3530,SANITA CT,,Columbus,OH,43204
3512,SANITA CT,,Columbus,OH,43204
3481,DERRER RUN DR,,Columbus,OH,43204
334,JOSEPHINE AVE,,Columbus,OH,43204
3504,SANITA CT,,Columbus,OH,43204
596,RACINE AVE,,Columbus,OH,43204
2699,SULLIVANT AVE,,Columbus,OH,43204
1528,RUNAWAY BAY DR,CN 2C,Columbus,OH,43204
2733,WOODCROFT RD,,Columbus,OH,43204
2699,VANDERBERG AVE,,Columbus,OH,43204
443,S OGDEN AVE,,Columbus,OH,43204
218,S OGDEN AVE,,Columbus,OH,43204
324,N BURGESS AVE,,Columbus,OH,43204
686,S OGDEN AVE,,Columbus,OH,43204
310,S BURGESS AVE,,Columbus,OH,43204
113,DERRER HEIGHT LN,,Columbus,OH,43204
682,JOYFUL ST,,Columbus,OH,43204
131,DERRER RD,,Columbus,OH,43204
1214,LAKE SHORE DR,UNIT A,Columbus,OH,43204
1403,LAKE SHORE DR,UNIT B,Columbus,OH,43204
370,S BURGESS AVE,,Columbus,OH,43204
392,S BURGESS AVE,,Columbus,OH,43204
2580,FREMONT ST,B,Columbus,OH,43204
71,N TERRACE AVE,,Columbus,OH,43204
72,N TERRACE AVE,,Columbus,OH,43204
1216,LAKE SHORE DR,,Columbus,OH,43204
1448,CLIFF CT,A,Columbus,OH,43204
321,DEMOREST AVE,,Columbus,OH,43204
3400,CAMP CHASE DR,C3,Columbus,OH,43204
3351,SOUTH BLVD,,Columbus,OH,43204
3307,RUDON LN,,Columbus,OH,43204
3359,PARKSIDE RD,,Columbus,OH,43204
302,LETCHWORTH AVE,,Columbus,OH,43204
169,S SOUTHAMPTON AVE,,Columbus,OH,43204
2580,VANDERBERG AVE,,Columbus,OH,43204
562,S RICHARDSON AVE,,Columbus,OH,43204
330,S RICHARDSON AVE,,Columbus,OH,43204
2509,W BROAD ST,,Columbus,OH,43204
2448,STEELE AVE,,Columbus,OH,43204
1410,LAKE SHORE DR,B,Columbus,OH,43204
547,S TERRACE AVE,,Columbus,OH,43204
3354,EAKIN RD,,Columbus,OH,43204
3280,W BROAD ST,,Columbus,OH,43204
213,N SYLVAN AVE,,Columbus,OH,43204
240,N SOUTHAMPTON AVE,,Columbus,OH,43204
1293,LOWLAND CT,,Columbus,OH,43204
1294,LOWLAND CT,,Columbus,OH,43204
2989,CORTONA RD,,Columbus,OH,43204
3318,EAKIN RD,,Columbus,OH,43204
189,POWHATAN AVE,,Columbus,OH,43204
361,N ALGONQUIN AVE,,Columbus,OH,43204
3205,VALLEY VIEW DR,,Columbus,OH,43204
3237,MCKINLEY AVE,44,Columbus,OH,43204
390,TERRACE AVE,,Columbus,OH,43204
260,S TERRACE AVE,,Columbus,OH,43204
184,S TERRACE AVE,,Columbus,OH,43204
2527,SPAATZ AVE,,Columbus,OH,43204
564,S TERRACE AVE,,Columbus,OH,43204
383,S EUREKA AVE,,Columbus,OH,43204
255,S EUREKA AVE,,Columbus,OH,43204
160,S EUREKA AVE,,Columbus,OH,43204
134,S EUREKA AVE,,Columbus,OH,43204
32,OREL AVE,3,Columbus,OH,43204
3039,LA VISTA DR,,Columbus,OH,43204
1216,RIEGELWOOD LN,,Columbus,OH,43204
93,S BRINKER AVE,,Columbus,OH,43204
34,S ALGONQUIN AVE,,Columbus,OH,43204
2505,REGINA AVE,,Columbus,OH,43204
349,S WAYNE AVE,,Columbus,OH,43204
2391,LOUDEN AVE,,Columbus,OH,43204
94,N WAYNE AVE,,Columbus,OH,43204
2327,W BROAD ST,,Columbus,OH,43204
31,N OAKLEY AVE,,Columbus,OH,43204
211,N WHEATLAND AVE,,Columbus,OH,43204
35,N BRINKER AVE,,Columbus,OH,43204
3349,RIEGELWOOD CT,,Columbus,OH,43204
3166,SULLIVANT AVE,,Columbus,OH,43204
3117,W BROAD ST,,Columbus,OH,43204
96,N BRINKER AVE,,Columbus,OH,43204
2934,ABBOTS COVE BLVD,,Columbus,OH,43204
2496,HARDESTY DR S,,Columbus,OH,43204
1056,HARDESTY PL W,,Columbus,OH,43204
1021,BROOKS END CT,,Columbus,OH,43204
645,S OAKLEY AVE,,Columbus,OH,43204
587,S OAKLEY AVE,,Columbus,OH,43204
2355,SULLIVANT AVE,,Columbus,OH,43204
686,S OAKLEY AVE,,Columbus,OH,43204
2788,MARBLEVISTA BLVD,,Columbus,OH,43204
228,S WHEATLAND AVE,,Columbus,OH,43204
2307,HARDESTY DR N,,Columbus,OH,43204
2351,HARDESTY DR N,,Columbus,OH,43204
91,S WESTMOOR AVE,,Columbus,OH,43204
3042,CRESCENT DR,,Columbus,OH,43204
2980,WESTMOOR DR,,Columbus,OH,43204
2716,MARBLEVISTA BLVD,,Columbus,OH,43204
1281,WINESAP DR,,Columbus,OH,43204
1314,HELMSDALE DR,,Columbus,OH,43204
430,S WESTGATE AVE,,Columbus,OH,43204
3016,W BROAD ST,,Columbus,OH,43204
2752,ABBOTS COVE BLVD,,Columbus,OH,43204
3136,TRABUE RD,,Columbus,OH,43204
185,BINNS BLVD,,Columbus,OH,43204
155,BINNS BLVD,,Columbus,OH,43204
143,BINNS BLVD,,Columbus,OH,43204
176,N HALDY AVE,,Columbus,OH,43204
2796,OTTIS CT,,Columbus,OH,43204
1330,THACKER CT,UNIT A,Columbus,OH,43204
4012,BUSINESS PARK DR,,Columbus,OH,43204
1380,WINESAP DR,,Columbus,OH,43204
1568,RASPBERRY CT,,Columbus,OH,43204
3863,CIDERMILL DR,,Columbus,OH,43204
3922,BUSINESS PARK DR,,Columbus,OH,43204
1059,CHESTERSHIRE RD,,Columbus,OH,43204
211,GUERNSEY AVE,,Columbus,OH,43204
124,N HALDY AVE,,Columbus,OH,43204
2540,MARBLEVISTA BLVD,,Columbus,OH,43204
1125,WILTSHIRE RD,,Columbus,OH,43204
4070,WILD ASH DR,,Columbus,OH,43204
3075,W BROAD ST,,Columbus,OH,43204
3074,STEELE AVE,,Columbus,OH,43204
2898,LA VISTA DR,D,Columbus,OH,43204
2774,MARBLEVISTA BLVD,,Columbus,OH,43204
207,S WESTMOOR AVE,,Columbus,OH,43204
1049,HARDESTY PL E,,Columbus,OH,43204
1476,HIGHBROOK DR,,Columbus,OH,43204
2821,ABBOTS COVE BLVD,,Columbus,OH,43204
2666,MARBLEVISTA BLVD,,Columbus,OH,43204
121,N HURON AVE,,Columbus,OH,43204
482,N WESTMOOR AVE,,Columbus,OH,43204
2809,LA VISTA DR,,Columbus,OH,43204
1983,MARBLE CLIFF CROSSING CT,,Columbus,OH,43204
998,BINNS BLVD,,Columbus,OH,43204
3027,SULLIVANT AVE,,Columbus,OH,43204
470,S HURON AVE,,Columbus,OH,43204
169,BINNS BLVD,,Columbus,OH,43204
1340,THACKER CT,E,Columbus,OH,43204
2585,MARBLEVISTA BLVD,,Columbus,OH,43204
2564,MARBLEVISTA BLVD,,Columbus,OH,43204
1965,MARBLE CLIFF CROSSING CT,,Columbus,OH,43204
832,BINNS BLVD,,Columbus,OH,43204
66,BINNS BLVD,,Columbus,OH,43204
2471,MARBLEVISTA BLVD,,Columbus,OH,43204
1899,MARBLE CLIFF CROSSING CT,,Columbus,OH,43204
364,GUERNSEY AVE,,Columbus,OH,43204
1988,MCKINLEY AVE,,Columbus,OH,43204
3908,BASIA DR,,Columbus,OH,43204
179,N CHASE AVE,,Columbus,OH,43204
1826,QUARRY VIEW,,Columbus,OH,43204
814,CHESTERSHIRE RD,,Columbus,OH,43204
726,S ROYS AVE,,Columbus,OH,43204
32,S ROYS AVE,,Columbus,OH,43204
3713,WINDWARD WAY,APT 203,Columbus,OH,43204
2866,GRACE ST,,Columbus,OH,43204
2903,SULLIVANT AVE,UNIT 6,Columbus,OH,43204
434,S CHASE AVE,D,Columbus,OH,43204
239,N HAGUE AVE,,Columbus,OH,43204
3014,MCKINLEY AVE,,Columbus,OH,43204
2367,MARBLEVISTA BLVD,,Columbus,OH,43204
1096,S HARRIS AVE,,Columbus,OH,43204
365,S POWELL AVE,,Columbus,OH,43204
148,S POWELL AVE,C,Columbus,OH,43204
3662,DRAGONFLY DR,,Columbus,OH,43204
3563,INTERCHANGE RD,,Columbus,OH,43204
1372,BELLFLOWER AVE,,Columbus,OH,43204
1003,RACINE AVE,,Columbus,OH,43204
427,S HAGUE AVE,,Columbus,OH,43204
105,S HAGUE AVE,,Columbus,OH,43204
112,N HAGUE AVE,,Columbus,OH,43204
285,N HARRIS AVE,,Columbus,OH,43204
282,N HARRIS AVE,,Columbus,OH,43204
1467,RUNAWAY BAY DR,CN 2A,Columbus,OH,43204
2857,BRIGGSTON AVE,,Columbus,OH,43204
2839,WOODCROFT RD,,Columbus,OH,43204
735,S HARRIS AVE,,Columbus,OH,43204
732,HARRIS AVE,,Columbus,OH,43204
22,N HARRIS AVE,,Columbus,OH,43204
93,N HARRIS AVE,,Columbus,OH,43204
142,N HARRIS AVE,,Columbus,OH,43204
2325,QUARRY VALLEY RD,,Columbus,OH,43204
23,N WARREN AVE,,Columbus,OH,43204
109,N WARREN AVE,,Columbus,OH,43204
1374,RUNAWAY BAY DR,,Columbus,OH,43204
1492,RUNAWAY BAY DR,CN 1D,Columbus,OH,43204
1523,RUNAWAY BAY DR,CN 1A,Columbus,OH,43204
1510,RUNAWAY BAY DR,,Columbus,OH,43204
1436,CROSS CREEK DR,E,Columbus,OH,43204
1436,CROSS CREEK DR,D,Columbus,OH,43204
791,KINGSFORD RD,UNIT D,Columbus,OH,43204
741,KINGSFORD RD,,Columbus,OH,43204
2750,VANDERBERG AVE,,Columbus,OH,43204
406,S WARREN AVE,,Columbus,OH,43204
2655,W BROAD ST,,Columbus,OH,43204
307,N BURGESS AVE,,Columbus,OH,43204
1350,RUNAWAY BAY DR,,Columbus,OH,43204
1358,BAY SHORE DR,CN 1D,Columbus,OH,43204
1364,BAY SHORE DR,CN 2C,Columbus,OH,43204
2420,QUARRY LAKE DR,,Columbus,OH,43204
802,KINGSFORD RD,,Columbus,OH,43204
779,BRIXHAM RD,,Columbus,OH,43204
3553,EDSON DR,,Columbus,OH,43204
3490,LINDENDALE DR,,Columbus,OH,43204
1058,BRONWYN AVE,,Columbus,OH,43204
650,S WARREN AVE,,Columbus,OH,43204
610,S WARREN AVE,,Columbus,OH,43204
415,S OGDEN AVE,,Columbus,OH,43204
283,S OGDEN AVE,,Columbus,OH,43204
159,S BURGESS AVE,,Columbus,OH,43204
29,S BURGESS AVE,,Columbus,OH,43204
2635,MCKINLEY AVE,,Columbus,OH,43204
1721,LAKE SHORE DR,,Columbus,OH,43204
709,JOSEPHINE AVE,,Columbus,OH,43204
3537,SANITA CT,,Columbus,OH,43204
3522,SANITA CT,,Columbus,OH,43204
1153,FARMHURST CT,,Columbus,OH,43204
3462,FREMONT ST,,Columbus,OH,43204
3438,DERRER CT N,,Columbus,OH,43204
2693,SCHURTZ AVE,,Columbus,OH,43204
296,S BURGESS AVE,,Columbus,OH,43204
1205,LAKE SHORE DR,,Columbus,OH,43204
192,N TERRACE AVE,,Columbus,OH,43204
1218,LAKE SHORE DR,,Columbus,OH,43204
1397,LAKE SHORE DR,UNIT B,Columbus,OH,43204
3431,SOUTH BLVD,,Columbus,OH,43204
681,MACLAM DR,,Columbus,OH,43204
3394,TIMBER OAK DR,,Columbus,OH,43204
2041,BUILDERS PL,,Columbus,OH,43204
2100,BUILDERS PL,,Columbus,OH,43204
655,DERRER RD,,Columbus,OH,43204
108,DERRER RD,,Columbus,OH,43204
3400,CAMP CHASE DR,C6,Columbus,OH,43204
90,N WILSON RD,,Columbus,OH,43204
1400,LAKE SHORE DR,A,Columbus,OH,43204
1443,CLIFF CT,A,Columbus,OH,43204
917,HODGES DR,,Columbus,OH,43204
479,S TERRACE AVE,,Columbus,OH,43204
334,S RICHARDSON AVE,,Columbus,OH,43204
45,ELDON AVE,,Columbus,OH,43204
230,ELDON AVE,,Columbus,OH,43204
1285,LAKE SHORE DR,,Columbus,OH,43204
1330,LAKE SHORE DR,,Columbus,OH,43204
680,DEMOREST RD,,Columbus,OH,43204
52,DEMOREST AVE,,Columbus,OH,43204
512,TRADE RD,,Columbus,OH,43204
749,GLADSTONE AVE,,Columbus,OH,43204
254,LETCHWORTH AVE,,Columbus,OH,43204
216,LETCHWORTH AVE,,Columbus,OH,43204
51,S SOUTHAMPTON AVE,,Columbus,OH,43204
801,MIRIAM DR W,,Columbus,OH,43204
333,S SOUTHAMPTON AVE,,Columbus,OH,43204
2593,SPAATZ AVE,,Columbus,OH,43204
121,S EUREKA AVE,,Columbus,OH,43204
36,S TERRACE AVE,,Columbus,OH,43204
27,S WAYNE AVE,,Columbus,OH,43204
104,N EUREKA AVE,,Columbus,OH,43204
628,S EUREKA AVE,,Columbus,OH,43204
3278,SULLIVANT AVE,,Columbus,OH,43204
234,N SYLVAN AVE,,Columbus,OH,43204
3065,JERSEY DR,,Columbus,OH,43204
590,S SYLVAN AVE,,Columbus,OH,43204
32,OREL AVE,6,Columbus,OH,43204
809,S WAYNE AVE,,Columbus,OH,43204
548,S WAYNE AVE,,Columbus,OH,43204
503,S OAKLEY AVE,,Columbus,OH,43204
377,S OAKLEY AVE,,Columbus,OH,43204
244,S OAKLEY AVE,,Columbus,OH,43204
178,S OAKLEY AVE,,Columbus,OH,43204
78,S OAKLEY AVE,,Columbus,OH,43204
221,N WHEATLAND AVE,,Columbus,OH,43204
3361,RIEGELWOOD CT,,Columbus,OH,43204
1125,ONSLOW DR,,Columbus,OH,43204
274,S ALGONQUIN AVE,,Columbus,OH,43204
67,S BRINKER AVE,,Columbus,OH,43204
3161,W BROAD ST,,Columbus,OH,43204
271,N BRINKER AVE,,Columbus,OH,43204
385,N BRINKER AVE,,Columbus,OH,43204
3094,VALLEY VIEW DR,,Columbus,OH,43204
2956,LA VISTA DR,,Columbus,OH,43204
2506,HARDESTY DR S,,Columbus,OH,43204
802,S WAYNE AVE,,Columbus,OH,43204
524,S OAKLEY AVE,,Columbus,OH,43204
129,S WHEATLAND AVE,,Columbus,OH,43204
2341,HARDESTY CT,,Columbus,OH,43204
996,HARDESTY PL W,,Columbus,OH,43204
650,S OAKLEY AVE,,Columbus,OH,43204
3176,WHITEHEAD RD,,Columbus,OH,43204
895,MIRIAM DR E,,Columbus,OH,43204
1119,HARDESTY PL E,,Columbus,OH,43204
671,S WHEATLAND AVE,,Columbus,OH,43204
3333,ONSLOW CT,,Columbus,OH,43204
2951,LA VISTA DR,,Columbus,OH,43204
2468,EAKIN RD,,Columbus,OH,43204
2458,HARDESTY DR S,,Columbus,OH,43204
69,S WHEATLAND AVE,,Columbus,OH,43204
1283,ONSLOW DR,,Columbus,OH,43204
1275,ONSLOW DR,,Columbus,OH,43204
132,S WESTGATE AVE,,Columbus,OH,43204
104,S WESTGATE AVE,,Columbus,OH,43204
147,N WESTMOOR AVE,,Columbus,OH,43204
964,ANTHONY DR,,Columbus,OH,43204
260,S WESTGATE AVE,,Columbus,OH,43204
3044,CRESCENT DR,,Columbus,OH,43204
51,N WESTMOOR AVE,,Columbus,OH,43204
342,S WHEATLAND AVE,,Columbus,OH,43204
1322,BROOKFOREST DR,,Columbus,OH,43204
2979,WESTMOOR CT,,Columbus,OH,43204
2805,ABBOTS COVE BLVD,,Columbus,OH,43204
2715,MARBLEVISTA BLVD,,Columbus,OH,43204
133,S HURON AVE,,Columbus,OH,43204
2835,LA VISTA DR,,Columbus,OH,43204
1391,ROYSTON DR,,Columbus,OH,43204
3992,SANDY RIDGE DR,,Columbus,OH,43204
3939,BASIA DR,,Columbus,OH,43204
1016,BINNS BLVD,,Columbus,OH,43204
3019,FREMONT ST,,Columbus,OH,43204
2999,FREMONT ST,,Columbus,OH,43204
204,S HURON AVE,,Columbus,OH,43204
1940,MARBLE CLIFF CROSSING CT,,Columbus,OH,43204
3952,FARM BROOK LN,,Columbus,OH,43204
3895,TALCOTT DR,,Columbus,OH,43204
3888,CIDERMILL DR,,Columbus,OH,43204
3887,POPLAR BEND DR,,Columbus,OH,43204
1335,TRADE WINDS DR,APT 302,Columbus,OH,43204
3889,BUSINESS PARK DR,UNIT B,Columbus,OH,43204
3832,CIDERMILL DR,,Columbus,OH,43204
813,S ROYS AVE,,Columbus,OH,43204
3754,GIBBSTONE DR,,Columbus,OH,43204
1816,QUARRY VIEW,,Columbus,OH,43204
669,S ROYS AVE,,Columbus,OH,43204
663,S ROYS AVE,,Columbus,OH,43204
1649,QUARRY TRACE,,Columbus,OH,43204
3560,WILSON WOODS DR,F,Columbus,OH,43204
3545,WILSON WOODS DR,,Columbus,OH,43204
1710,QUARRY TRACE,,Columbus,OH,43204
3616,GRAYBECK DR,,Columbus,OH,43204
1388,SUNFLOWER DR,,Columbus,OH,43204
924,WILTSHIRE RD,,Columbus,OH,43204
387,S CHASE AVE,,Columbus,OH,43204
274,S CHASE AVE,B,Columbus,OH,43204
268,S CHASE AVE,,Columbus,OH,43204
131,N POWELL AVE,,Columbus,OH,43204
1008,S HAGUE AVE,,Columbus,OH,43204
261,S POWELL AVE,,Columbus,OH,43204
81,S POWELL AVE,,Columbus,OH,43204
58,S POWELL AVE,,Columbus,OH,43204
686,LANCE CT,,Columbus,OH,43204
831,S HARRIS AVE,,Columbus,OH,43204
620,WILTSHIRE RD,,Columbus,OH,43204
576,WILTSHIRE RD,,Columbus,OH,43204
124,N HAGUE AVE,,Columbus,OH,43204
827,BRIXHAM RD,,Columbus,OH,43204
803,BRIXHAM RD,,Columbus,OH,43204
892,S HARRIS AVE,,Columbus,OH,43204
848,S HARRIS AVE,,Columbus,OH,43204
717,S HARRIS AVE,,Columbus,OH,43204
707,S HARRIS AVE,,Columbus,OH,43204
603,S HARRIS AVE,,Columbus,OH,43204
353,S HARRIS AVE,,Columbus,OH,43204
167,S HARRIS AVE,,Columbus,OH,43204
1804,LAKE SHORE DR,,Columbus,OH,43204
833,LINDENDALE CT,,Columbus,OH,43204
842,LINDENDALE CT,,Columbus,OH,43204
676,BRIXHAM RD,,Columbus,OH,43204
2807,WOODCROFT RD,,Columbus,OH,43204
1080,PARMA AVE,,Columbus,OH,43204
964,S WARREN AVE,,Columbus,OH,43204
121,S WARREN AVE,,Columbus,OH,43204
90,N WARREN AVE,,Columbus,OH,43204
272,N WARREN AVE,,Columbus,OH,43204
1374,RUNAWAY BAY DR,CN 1A,Columbus,OH,43204
2223,QUARRY VALLEY RD,,Columbus,OH,43204
2401,KEEP PL,,Columbus,OH,43204
3502,SANITA CT,,Columbus,OH,43204
194,N WILSON RD,,Columbus,OH,43204
3400,TIMBER OAK DR,,Columbus,OH,43204
1921,MAPLEWAY DR,,Columbus,OH,43204
3256,MAPLEWAY LN,,Columbus,OH,43204
98,DERRER HEIGHT LN,,Columbus,OH,43204
718,RACINE AVE,,Columbus,OH,43204
240,S WARREN AVE,,Columbus,OH,43204
1358,BAY SHORE DR,,Columbus,OH,43204
1382,BAY SHORE DR,CN 1C,Columbus,OH,43204
2418,QUARRY LAKE DR,,Columbus,OH,43204
2713,REGINA AVE,,Columbus,OH,43204
2720,VANDERBERG AVE,,Columbus,OH,43204
112,DERRER HEIGHT LN,,Columbus,OH,43204
3366,RUDON LN,,Columbus,OH,43204
1167,ROMONA PL,,Columbus,OH,43204
1833,SAN REMO DR,,Columbus,OH,43204
3482,CLIME RD,,Columbus,OH,43204
420,S OGDEN AVE,,Columbus,OH,43204
128,S OGDEN AVE,,Columbus,OH,43204
1121,ST JUDE AVE,,Columbus,OH,43204
2669,BERNADETTE RD,,Columbus,OH,43204
2651,VANDERBERG AVE,,Columbus,OH,43204
2660,VANDERBERG AVE,,Columbus,OH,43204
708,S OGDEN AVE,,Columbus,OH,43204
664,S OGDEN AVE,,Columbus,OH,43204
355,S BURGESS AVE,,Columbus,OH,43204
3345,SOUTH BLVD,,Columbus,OH,43204
931,STEPHEN DR W,,Columbus,OH,43204
855,STEPHEN DR W,,Columbus,OH,43204
109,S SOUTHAMPTON AVE,,Columbus,OH,43204
52,LETCHWORTH AVE,,Columbus,OH,43204
3003,WOODLOOP LN,,Columbus,OH,43204
136,N BURGESS AVE,,Columbus,OH,43204
309,ELDON AVE,,Columbus,OH,43204
995,HODGES DR,,Columbus,OH,43204
2650,BERNADETTE RD,,Columbus,OH,43204
671,S BURGESS AVE,,Columbus,OH,43204
464,S BURGESS AVE,,Columbus,OH,43204
361,S RICHARDSON AVE,,Columbus,OH,43204
1271,TREEHAVEN LN,,Columbus,OH,43204
51,S SYLVAN AVE,,Columbus,OH,43204
2970,WOODLOOP LN,,Columbus,OH,43204
3332,MARY AVE,,Columbus,OH,43204
179,N SYLVAN AVE,,Columbus,OH,43204
266,N SYLVAN AVE,,Columbus,OH,43204
2610,ROSEDALE AVE,,Columbus,OH,43204
215,S TERRACE AVE,,Columbus,OH,43204
247,ELDON AVE,,Columbus,OH,43204
1237,LAKE SHORE DR,UNIT B,Columbus,OH,43204
2563,SPAATZ AVE,,Columbus,OH,43204
770,S RICHARDSON AVE,,Columbus,OH,43204
3215,W BROAD ST,,Columbus,OH,43204
1342,BAJA LN,,Columbus,OH,43204
278,N BRINKER AVE,,Columbus,OH,43204
3330,MCKINLEY AVE,,Columbus,OH,43204
2459,SULLIVANT AVE,,Columbus,OH,43204
249,S EUREKA AVE,,Columbus,OH,43204
159,S WAYNE AVE,,Columbus,OH,43204
2425,W BROAD ST,,Columbus,OH,43204
1073,S EUREKA AVE,,Columbus,OH,43204
2473,EAKIN RD,,Columbus,OH,43204
2396,W BROAD ST,,Columbus,OH,43204
30,N WAYNE AVE,,Columbus,OH,43204
90,N WAYNE AVE,,Columbus,OH,43204
80,N WAYNE AVE,,Columbus,OH,43204
119,N OAKLEY AVE,,Columbus,OH,43204
1280,DEER LAKE CT,,Columbus,OH,43204
1372,WINESAP DR,,Columbus,OH,43204
1371,TRADE WINDS DR,APT 204,Columbus,OH,43204
1732,QUARRY VIEW,,Columbus,OH,43204
2735,QUARRY LAKE DR,,Columbus,OH,43204
2926,WICKLOW RD,,Columbus,OH,43204
3885,BUSINESS PARK DR,,Columbus,OH,43204
1357,TRADE WINDS DR,APT 100,Columbus,OH,43204
264,POWELL CIR,UNIT B,Columbus,OH,43204
3741,GIBBSTONE DR,,Columbus,OH,43204
274,S CHASE AVE,,Columbus,OH,43204
641,WILTSHIRE RD,,Columbus,OH,43204
123,N HAGUE AVE,,Columbus,OH,43204
2830,FISHER RD,C,Columbus,OH,43204
3511,WILSON WOODS DR,,Columbus,OH,43204
3510,WILSON WOODS DR,J,Columbus,OH,43204
563,S HAGUE AVE,UNIT 08,Columbus,OH,43204
401,S HAGUE AVE,,Columbus,OH,43204
207,S HAGUE AVE,,Columbus,OH,43204
308,N HARRIS AVE,,Columbus,OH,43204
959,RACINE AVE,,Columbus,OH,43204
582,S HAGUE AVE,,Columbus,OH,43204
497,S HARRIS AVE,,Columbus,OH,43204
3458,WILSON WOODS DR,D,Columbus,OH,43204
319,N WARREN AVE,,Columbus,OH,43204
1414,RUNAWAY BAY DR,CN 3C,Columbus,OH,43204
1511,RUNAWAY BAY DR,CN 1C,Columbus,OH,43204
699,RACINE AVE,,Columbus,OH,43204
655,N WILSON RD,,Columbus,OH,43204
3549,LINDENDALE DR,,Columbus,OH,43204
662,KINGSFORD RD,,Columbus,OH,43204
37,N WILSON RD,,Columbus,OH,43204
3539,EDSON DR,,Columbus,OH,43204
243,S WARREN AVE,,Columbus,OH,43204
2391,KEEP PL,,Columbus,OH,43204
2774,BRIGGS RD,,Columbus,OH,43204
620,RACINE AVE,,Columbus,OH,43204
2719 1/2,SULLIVANT AVE,,Columbus,OH,43204
378,S WARREN AVE,,Columbus,OH,43204
2654,W BROAD ST,2,Columbus,OH,43204
1528,RUNAWAY BAY DR,CN 2A,Columbus,OH,43204
2180,QUARRY VALLEY RD,,Columbus,OH,43204
2367,KEEP PL,,Columbus,OH,43204
2341,KEEP PL,,Columbus,OH,43204
3512,DERRER HOLLOW WAY,,Columbus,OH,43204
3493,DERRER RUN DR,,Columbus,OH,43204
2729,ROSEDALE AVE,,Columbus,OH,43204
758,S OGDEN AVE,,Columbus,OH,43204
597,S BURGESS AVE,,Columbus,OH,43204
249,FREMONT CT,,Columbus,OH,43204
3463,DERRER CT S,,Columbus,OH,43204
3491,DERRER RUN DR,,Columbus,OH,43204
102,DERRER MEADOW LN,,Columbus,OH,43204
1134,FARMHURST CT,,Columbus,OH,43204
3300,MEDOMA DR,,Columbus,OH,43204
122,S RICHARDSON AVE,,Columbus,OH,43204
73,S RICHARDSON AVE,,Columbus,OH,43204
146,N TERRACE AVE,,Columbus,OH,43204
61,ELDON AVE,,Columbus,OH,43204
227,DEMOREST AVE,,Columbus,OH,43204
43,DEMOREST AVE,,Columbus,OH,43204
544,TRADE RD,,Columbus,OH,43204
3279,VASALBORO WAY,,Columbus,OH,43204
449,INDUSTRY DR,,Columbus,OH,43204
437,INDUSTRY DR,,Columbus,OH,43204
98,S SOUTHAMPTON AVE,,Columbus,OH,43204
1283,LAKE SHORE DR,,Columbus,OH,43204
1291,LAKE SHORE DR,UNIT B,Columbus,OH,43204
599,S TERRACE AVE,,Columbus,OH,43204
526,S TERRACE AVE,,Columbus,OH,43204
540,S TERRACE AVE,,Columbus,OH,43204
21,N EUREKA AVE,,Columbus,OH,43204
73,N EUREKA AVE,,Columbus,OH,43204
2419,HARRISON RD,,Columbus,OH,43204
359 1/2,N SYLVAN AVE,,Columbus,OH,43204
822,MIRIAM DR W,,Columbus,OH,43204
3308,MARY AVE,,Columbus,OH,43204
58,N SYLVAN AVE,K,Columbus,OH,43204
145,N SYLVAN AVE,,Columbus,OH,43204
1178,VERA PL,,Columbus,OH,43204
342,S EUREKA AVE,,Columbus,OH,43204
362,S EUREKA AVE,,Columbus,OH,43204
187,N WAYNE AVE,,Columbus,OH,43204
971,S EUREKA AVE,,Columbus,OH,43204
301,S WAYNE AVE,,Columbus,OH,43204
171,S WAYNE AVE,,Columbus,OH,43204
96,S WAYNE AVE,,Columbus,OH,43204
98,N WAYNE AVE,,Columbus,OH,43204
2295,SCIOTO HARPER DR,,Columbus,OH,43204
1325,RIEGELWOOD LN,,Columbus,OH,43204
3301,MIRIAM DR S,,Columbus,OH,43204
845,VANDERBERG PL,,Columbus,OH,43204
700,S SYLVAN AVE,,Columbus,OH,43204
39,S ALGONQUIN AVE,,Columbus,OH,43204
3237,MCKINLEY AVE,49,Columbus,OH,43204
3359,TRABUE RD,,Columbus,OH,43204
320,S ALGONQUIN AVE,,Columbus,OH,43204
26,S ALGONQUIN AVE,,Columbus,OH,43204
86,S WHEATLAND AVE,,Columbus,OH,43204
87,N WHEATLAND AVE,,Columbus,OH,43204
1158,ONSLOW DR,,Columbus,OH,43204
89,N WESTGATE AVE,,Columbus,OH,43204
1002,BROOKS END CT,,Columbus,OH,43204
2387,HARDESTY DR N,,Columbus,OH,43204
406,S WHEATLAND AVE,,Columbus,OH,43204
200,S WHEATLAND AVE,,Columbus,OH,43204
1198,ONSLOW DR,,Columbus,OH,43204
979,ANTHONY DR,,Columbus,OH,43204
3128,WICKLOW RD,,Columbus,OH,43204
123,S WESTGATE AVE,,Columbus,OH,43204
665,S WHEATLAND AVE,,Columbus,OH,43204
1355,VAUXHALL PL,,Columbus,OH,43204
1097,BINNS BLVD,,Columbus,OH,43204
77,N HURON AVE,C,Columbus,OH,43204
77,N HURON AVE,,Columbus,OH,43204
1332,CASCADE CT,,Columbus,OH,43204
2634,MARBLEVISTA BLVD,,Columbus,OH,43204
1354,BROOKFOREST DR,,Columbus,OH,43204
634,CRESCENT RD,,Columbus,OH,43204
586,CRESCENT RD,,Columbus,OH,43204
170,S HURON AVE,,Columbus,OH,43204
2726,SCIOTO STATION DR,,Columbus,OH,43204
1051,CHESTERSHIRE RD,,Columbus,OH,43204
1010,S ROYS AVE,,Columbus,OH,43204
187,GUERNSEY AVE,,Columbus,OH,43204
136,BINNS BLVD,,Columbus,OH,43204
52,BINNS BLVD,,Columbus,OH,43204
1069,WILTSHIRE RD,,Columbus,OH,43204
640,N HAGUE AVE,,Columbus,OH,43204
1000,N HAGUE AVE,,Columbus,OH,43204
1584,QUARRY VIEW,,Columbus,OH,43204
1370,ROYSTON DR,,Columbus,OH,43204
709,DEMOREST RD,,Columbus,OH,43204
429,INDUSTRY DR,,Columbus,OH,43204
1237,TREVOR CT,,Columbus,OH,43204
3316,W BROAD ST,,Columbus,OH,43204
3176,WESTMILLS DR,,Columbus,OH,43204
834,STEPHEN DR W,,Columbus,OH,43204
262,S SOUTHAMPTON AVE,,Columbus,OH,43204
350,N SOUTHAMPTON AVE,,Columbus,OH,43204
3165,WESTMILLS DR,,Columbus,OH,43204
3237,MCKINLEY AVE,26,Columbus,OH,43204
2562,SPAATZ AVE,,Columbus,OH,43204
552,S TERRACE AVE,,Columbus,OH,43204
44,N EUREKA AVE,,Columbus,OH,43204
798,S EUREKA AVE,,Columbus,OH,43204
778,S EUREKA AVE,,Columbus,OH,43204
354,S WAYNE AVE,,Columbus,OH,43204
39,N WAYNE AVE,,Columbus,OH,43204
854,MIRIAM DR W,,Columbus,OH,43204
144,N SYLVAN AVE,,Columbus,OH,43204
280,N SYLVAN AVE,,Columbus,OH,43204
3237,MCKINLEY AVE,36,Columbus,OH,43204
25,S ALGONQUIN AVE,,Columbus,OH,43204
3037,LA VISTA DR,,Columbus,OH,43204
3237,MCKINLEY AVE,8,Columbus,OH,43204
97,N OAKLEY AVE,,Columbus,OH,43204
688,S EUREKA AVE,,Columbus,OH,43204
564,S WAYNE AVE,,Columbus,OH,43204
415,S OAKLEY AVE,,Columbus,OH,43204
2294,SCIOTO HARPER DR,,Columbus,OH,43204
3227,PARKSIDE RD,,Columbus,OH,43204
156,S ALGONQUIN AVE,,Columbus,OH,43204
46,S ALGONQUIN AVE,,Columbus,OH,43204
2371,SULLIVANT AVE,,Columbus,OH,43204
333,S WHEATLAND AVE,,Columbus,OH,43204
2399,EAKIN RD,,Columbus,OH,43204
631,S WHEATLAND AVE,,Columbus,OH,43204
4056,BROOKRUN DR,,Columbus,OH,43204
1166,S HAGUE AVE,,Columbus,OH,43204
181,S WESTGATE AVE,,Columbus,OH,43204
2875,ABBOTS COVE BLVD,,Columbus,OH,43204
3235 1/2,MCKINLEY AVE,,Columbus,OH,43204
2803,MARBLEVISTA BLVD,,Columbus,OH,43204
185,S WESTMOOR AVE,,Columbus,OH,43204
94,S WESTMOOR AVE,,Columbus,OH,43204
950,N HAGUE AVE,,Columbus,OH,43204
2817,ABBOTS COVE BLVD,,Columbus,OH,43204
1319,RIVIERA CT,,Columbus,OH,43204
2687,MARBLEVISTA BLVD,,Columbus,OH,43204
962,SALISBURY RD,,Columbus,OH,43204
591,CRESCENT RD,,Columbus,OH,43204
4018,DEER LAKE WAY,,Columbus,OH,43204
1351,ROYSTON DR,,Columbus,OH,43204
215,S HURON AVE,,Columbus,OH,43204
796,SALISBURY RD,,Columbus,OH,43204
3160,MCKINLEY AVE,,Columbus,OH,43204
3729,WINDWARD WAY,APT 107,Columbus,OH,43204
570,SALISBURY RD,,Columbus,OH,43204
2992,SULLIVANT AVE,,Columbus,OH,43204
176,BINNS BLVD,,Columbus,OH,43204
2946,OLIVE ST,,Columbus,OH,43204
114,N HALDY AVE,,Columbus,OH,43204
2865,DIBBLEE AVE,,Columbus,OH,43204
2479,MARBLEVISTA BLVD,,Columbus,OH,43204
1000,CHESTERSHIRE RD,,Columbus,OH,43204
873,CHESTERSHIRE RD,,Columbus,OH,43204
685,S ROYS AVE,,Columbus,OH,43204
2958,SULLIVANT AVE,UNIT F,Columbus,OH,43204
2958,SULLIVANT AVE,UNIT H,Columbus,OH,43204
1774,QUARRY VIEW,,Columbus,OH,43204
2429,MARBLEVISTA BLVD,,Columbus,OH,43204
3768,FARM BROOK LN,,Columbus,OH,43204
3715,GRIMES DR,,Columbus,OH,43204
1126,WILTSHIRE RD,,Columbus,OH,43204
1089,S HAGUE AVE,,Columbus,OH,43204
717,CHESTERSHIRE RD,,Columbus,OH,43204
846,WILTSHIRE RD,,Columbus,OH,43204
670,CHESTERSHIRE RD,,Columbus,OH,43204
2695,RUTH CT,,Columbus,OH,43204
791,S HAGUE AVE,,Columbus,OH,43204
901,N WILSON RD,,Columbus,OH,43204
1420,PEACH BLOSSOM CT,,Columbus,OH,43204
400,S POWELL AVE,,Columbus,OH,43204
367,S HAGUE AVE,,Columbus,OH,43204
1431,RUNAWAY BAY DR,CN 1B,Columbus,OH,43204
2417,QUARRY VALLEY RD,,Columbus,OH,43204
3417,WILSON WOODS DR,L,Columbus,OH,43204
490,S HAGUE AVE,,Columbus,OH,43204
342,S HAGUE AVE,B,Columbus,OH,43204
53,S HARRIS AVE,,Columbus,OH,43204
790,RACINE AVE,,Columbus,OH,43204
2738,VIDA PL,,Columbus,OH,43204
265,S WARREN AVE,,Columbus,OH,43204
1516,RUNAWAY BAY DR,CN 3A,Columbus,OH,43204
891,KINGSFORD RD,D,Columbus,OH,43204
881,KINGSFORD RD,B,Columbus,OH,43204
675,KINGSFORD RD,UNIT C3,Columbus,OH,43204
1523,RUNAWAY BAY DR,CN 1C,Columbus,OH,43204
2203,QUARRY VALLEY RD,,Columbus,OH,43204
2735,ST PATRICK RD,,Columbus,OH,43204
354,S WARREN AVE,,Columbus,OH,43204
229,S OGDEN AVE,,Columbus,OH,43204
186,N OGDEN AVE,,Columbus,OH,43204
158,N OGDEN AVE,,Columbus,OH,43204
303,N BURGESS AVE,,Columbus,OH,43204
784,KINGSFORD RD,,Columbus,OH,43204
657,BRIXHAM RD,,Columbus,OH,43204
3612,EDSON DR,,Columbus,OH,43204
764,S WARREN AVE,,Columbus,OH,43204
2645,WICKLOW RD,,Columbus,OH,43204
99,S BURGESS AVE,,Columbus,OH,43204
66,N OGDEN AVE,,Columbus,OH,43204
88,S OGDEN AVE,,Columbus,OH,43204
57,S BURGESS AVE,D,Columbus,OH,43204
73,S BURGESS AVE,,Columbus,OH,43204
89,N BURGESS AVE,,Columbus,OH,43204
133,DERRER MEADOW LN,,Columbus,OH,43204
3562,FARMHURST LN,,Columbus,OH,43204
2638,EAKIN RD,,Columbus,OH,43204
312,S RICHARDSON AVE,,Columbus,OH,43204
104,S RICHARDSON AVE,,Columbus,OH,43204
99,N TERRACE AVE,,Columbus,OH,43204
1395,LAKE SHORE DR,,Columbus,OH,43204
1441,LAKE SHORE DR,UNIT C,Columbus,OH,43204
3560,FARMHURST LN,,Columbus,OH,43204
666,JOYFUL ST,,Columbus,OH,43204
3452,RACE ST,,Columbus,OH,43204
826,DEMOREST RD,,Columbus,OH,43204
578,S RICHARDSON AVE,,Columbus,OH,43204
1265,LAKE SHORE DR,,Columbus,OH,43204
1255,LAKE SHORE DR,,Columbus,OH,43204
1297,LAKE SHORE DR,A,Columbus,OH,43204
2586,SYMINGTON AVE,,Columbus,OH,43204
615,S TERRACE AVE,,Columbus,OH,43204
204,S TERRACE AVE,,Columbus,OH,43204
1140,FARMHURST CT,,Columbus,OH,43204
622,JOSEPHINE AVE,,Columbus,OH,43204
3483,SENATOR CT,,Columbus,OH,43204
3564,FARMHURST LN,,Columbus,OH,43204
237,DERRER RD,,Columbus,OH,43204
3454,DERRER FIELD DR,,Columbus,OH,43204
3481,GREAT WESTERN BLVD,UNIT 100,Columbus,OH,43204
3477,GREAT WESTERN BLVD,UNIT 100,Columbus,OH,43204
1137,ST MATTHEW AVE,,Columbus,OH,43204
2599 1/2,GRACE ST,,Columbus,OH,43204
147,N BURGESS AVE,,Columbus,OH,43204
1136,ST JUDE AVE,,Columbus,OH,43204
991,S RICHARDSON AVE,,Columbus,OH,43204
2669,VANDERBERG AVE,,Columbus,OH,43204
74,DERRER RD,,Columbus,OH,43204
3385,SOUTH BLVD,,Columbus,OH,43204
1859,SAN REMO DR,,Columbus,OH,43204
896,DEMOREST RD,,Columbus,OH,43204
141,LETCHWORTH AVE,,Columbus,OH,43204
3344,W BROAD ST,,Columbus,OH,43204
409,INDUSTRY DR,,Columbus,OH,43204
476,TRADE RD,,Columbus,OH,43204
216,S BURGESS AVE,,Columbus,OH,43204
138,S BURGESS AVE,,Columbus,OH,43204
1205,LAKE SHORE DR,,Columbus,OH,43204
1205,LAKE SHORE DR,UNIT B,Columbus,OH,43204
1207,LAKE SHORE DR,UNIT C,Columbus,OH,43204
1409,LAKE SHORE DR,,Columbus,OH,43204
1402,LAKE SHORE DR,B,Columbus,OH,43204
1473,CLIFF CT,B,Columbus,OH,43204
1142,ST CECELIA DR,,Columbus,OH,43204
508,TRADE RD,,Columbus,OH,43204
136,LETCHWORTH AVE,,Columbus,OH,43204
128,LETCHWORTH AVE,,Columbus,OH,43204
3118,EL NINO DR,,Columbus,OH,43204
3124,EL GRECO DR,,Columbus,OH,43204
617,ATHENS AVE,,Columbus,OH,43204
3339,SULLIVANT AVE,,Columbus,OH,43204
870,S RICHARDSON AVE,,Columbus,OH,43204
2558,SULLIVANT AVE,,Columbus,OH,43204
227,S TERRACE AVE,,Columbus,OH,43204
1309,LAKE SHORE DR,UNIT B,Columbus,OH,43204
1414,LAKE SHORE DR,,Columbus,OH,43204
2577,REGINA AVE,,Columbus,OH,43204
420,S TERRACE AVE,,Columbus,OH,43204
28,S TERRACE AVE,,Columbus,OH,43204
160,N SYLVAN AVE,UNIT 6,Columbus,OH,43204
287,S ALGONQUIN AVE,,Columbus,OH,43204
357,N ALGONQUIN AVE,,Columbus,OH,43204
3221,VALLEY VIEW DR,,Columbus,OH,43204
3237,MCKINLEY AVE,37,Columbus,OH,43204
3237,MCKINLEY AVE,19,Columbus,OH,43204
2533,REGINA AVE,,Columbus,OH,43204
581,S EUREKA AVE,,Columbus,OH,43204
226,S EUREKA AVE,,Columbus,OH,43204
92,S EUREKA AVE,,Columbus,OH,43204
2414,W BROAD ST,,Columbus,OH,43204
2497,VANDERBERG AVE,,Columbus,OH,43204
3313,MARK CT,,Columbus,OH,43204
901,VANDERBERG PL,,Columbus,OH,43204
3272,MARY AVE,,Columbus,OH,43204
3300,EAKIN RD,,Columbus,OH,43204
3297,MCKINLEY AVE,,Columbus,OH,43204
3369,RIEGELWOOD CT,,Columbus,OH,43204
170,S ALGONQUIN AVE,,Columbus,OH,43204
2445,SULLIVANT AVE,,Columbus,OH,43204
463,S WAYNE AVE,,Columbus,OH,43204
403,S WAYNE AVE,,Columbus,OH,43204
61,N WAYNE AVE,,Columbus,OH,43204
53,N WAYNE AVE,,Columbus,OH,43204
698,S EUREKA AVE,,Columbus,OH,43204
687,S WAYNE AVE,,Columbus,OH,43204
2402,SULLIVANT AVE,,Columbus,OH,43204
26,S OAKLEY AVE,,Columbus,OH,43204
67,S BRINKER AVE,,Columbus,OH,43204
251,N BRINKER AVE,,Columbus,OH,43204
332,N BRINKER AVE,,Columbus,OH,43204
3090,VALLEY VIEW DR,,Columbus,OH,43204
2995,LA VISTA DR,,Columbus,OH,43204
3352,RIEGELWOOD CT,,Columbus,OH,43204
270,S BRINKER AVE,,Columbus,OH,43204
128,S BRINKER AVE,,Columbus,OH,43204
27,N OAKLEY AVE,,Columbus,OH,43204
117,N WHEATLAND AVE,,Columbus,OH,43204
154,N OAKLEY AVE,,Columbus,OH,43204
2449,SYMINGTON AVE,,Columbus,OH,43204
1024,BROOKS END CT,,Columbus,OH,43204
2421,EAKIN RD,,Columbus,OH,43204
2357,SULLIVANT AVE,,Columbus,OH,43204
1379,BROOKFOREST DR,,Columbus,OH,43204
3110,STEELE AVE,,Columbus,OH,43204
2941,ABBOTS COVE BLVD,,Columbus,OH,43204
2908,ABBOTS COVE BLVD,,Columbus,OH,43204
3201,VANDERBERG AVE,,Columbus,OH,43204
98,N WESTMOOR AVE,,Columbus,OH,43204
2842,ABBOTS COVE BLVD,,Columbus,OH,43204
1140,ABBOTS GREEN CIR,,Columbus,OH,43204
2626,MARBLEVISTA BLVD,,Columbus,OH,43204
2013,MARBLE CLIFF CROSSING CT,,Columbus,OH,43204
3984,SANDY RIDGE DR,,Columbus,OH,43204
956,BINNS BLVD,,Columbus,OH,43204
750,SALISBURY RD,,Columbus,OH,43204
111,N HALDY AVE,,Columbus,OH,43204
1947,MARBLE CLIFF CROSSING CT,,Columbus,OH,43204
208,BINNS BLVD,,Columbus,OH,43204
1335,TRADE WINDS DR,APT 100,Columbus,OH,43204
1308,GLEN COVE WAY,,Columbus,OH,43204
1388,TALCOTT CT,,Columbus,OH,43204
1357,TRADE WINDS DR,APT 305,Columbus,OH,43204
191,GUERNSEY AVE,,Columbus,OH,43204
2497,MARBLEVISTA BLVD,,Columbus,OH,43204
2465,MARBLEVISTA BLVD,,Columbus,OH,43204
326,GUERNSEY AVE,,Columbus,OH,43204
17,N ROYS AVE,,Columbus,OH,43204
108,N ROYS AVE,,Columbus,OH,43204
638,N HAGUE AVE,,Columbus,OH,43204
1758,QUARRY VIEW,,Columbus,OH,43204
2427,MARBLEVISTA BLVD,,Columbus,OH,43204
3713,WINDWARD WAY,APT 300,Columbus,OH,43204
3811,FARM BROOK LN,,Columbus,OH,43204
684,S ROYS AVE,,Columbus,OH,43204
2921,PARKSIDE RD,,Columbus,OH,43204
49,N CHASE AVE,,Columbus,OH,43204
231,N POWELL AVE,,Columbus,OH,43204
2642,QUARRY LAKE DR,,Columbus,OH,43204
2630,QUARRY LAKE DR,,Columbus,OH,43204
1251,WARBLE DR,,Columbus,OH,43204
3689,GIBBSTONE DR,,Columbus,OH,43204
3605,INTERCHANGE RD,,Columbus,OH,43204
6311,INTERCHANGE RD,,Columbus,OH,43204
3658,DRAGONFLY DR,,Columbus,OH,43204
2957,RUNDELL DR,,Columbus,OH,43204
938,WILTSHIRE RD,,Columbus,OH,43204
393,S CHASE AVE,A,Columbus,OH,43204
256,S CHASE AVE,B,Columbus,OH,43204
113,N POWELL AVE,,Columbus,OH,43204
1724,QUARRY TRACE,,Columbus,OH,43204
914,S HAGUE AVE,,Columbus,OH,43204
1328,BELLFLOWER AVE,,Columbus,OH,43204
737,S HAGUE AVE,,Columbus,OH,43204
201,N HARRIS AVE,,Columbus,OH,43204
900,N WILSON RD,,Columbus,OH,43204
2681,BRIAN CT,,Columbus,OH,43204
824,S HARRIS AVE,,Columbus,OH,43204
741,S HARRIS AVE,,Columbus,OH,43204
138,N HARRIS AVE,,Columbus,OH,43204
770,HARRISON DR,,Columbus,OH,43204
639,KINGSFORD RD,,Columbus,OH,43204
3567,LINDENDALE DR,,Columbus,OH,43204
184,RANELLE DR,,Columbus,OH,43204
1414,RUNAWAY BAY DR,CN 3A,Columbus,OH,43204
349,S WARREN AVE,,Columbus,OH,43204
217,N OGDEN AVE,,Columbus,OH,43204
1523,RUNAWAY BAY DR,CN 2B,Columbus,OH,43204
2397,KEEP PL,,Columbus,OH,43204
3570,EDSON DR,,Columbus,OH,43204
840,LINDENDALE CT,,Columbus,OH,43204
756,BRIXHAM RD,,Columbus,OH,43204
1392,BRONWYN AVE,,Columbus,OH,43204
733,S WARREN AVE,,Columbus,OH,43204
707,S WARREN AVE,,Columbus,OH,43204
398,S WARREN AVE,,Columbus,OH,43204
202,N OGDEN AVE,,Columbus,OH,43204
1376,BAY SHORE DR,CN 2B,Columbus,OH,43204
1418,BAY SHORE DR,CN 3A,Columbus,OH,43204
2414,QUARRY LAKE DR,,Columbus,OH,43204
2151,QUARRY VALLEY RD,,Columbus,OH,43204
751,KINGSFORD RD,UNIT A,Columbus,OH,43204
904,KINGSFORD RD,,Columbus,OH,43204
828,LINDENDALE CT,,Columbus,OH,43204
964,S HARRIS AVE,,Columbus,OH,43204
798,S HAGUE AVE,,Columbus,OH,43204
827,S HARRIS AVE,,Columbus,OH,43204
299,S HAGUE AVE,,Columbus,OH,43204
2730,SUTTON AVE,,Columbus,OH,43204
1467,RUNAWAY BAY DR,CN 3B,Columbus,OH,43204
1829,LAKE SHORE DR,,Columbus,OH,43204
2818,VANDERBERG AVE,,Columbus,OH,43204
642,S HAGUE AVE,,Columbus,OH,43204
3510,WILSON WOODS DR,F,Columbus,OH,43204
3609,GRAYBECK DR,,Columbus,OH,43204
3484,WILSON WOODS DR,F,Columbus,OH,43204
908,BRIXHAM RD,,Columbus,OH,43204
3526,SENATOR CT,,Columbus,OH,43204
322,S HAGUE AVE,,Columbus,OH,43204
259,S HARRIS AVE,,Columbus,OH,43204
1448,RUNAWAY BAY DR,CN 1C,Columbus,OH,43204
1503,RUNAWAY BAY DR,CN 1D,Columbus,OH,43204
520,S HARRIS AVE,B,Columbus,OH,43204
359,S WARREN AVE,,Columbus,OH,43204
660,BRIXHAM RD,,Columbus,OH,43204
385,JOSEPHINE AVE,,Columbus,OH,43204
248,RANELLE DR,,Columbus,OH,43204
3522,DERRER HOLLOW WAY,,Columbus,OH,43204
3517,DERRER FIELD DR,,Columbus,OH,43204
520,JOSEPHINE AVE,,Columbus,OH,43204
3485,SANITA CT,,Columbus,OH,43204
104,DERRER MEADOW LN,,Columbus,OH,43204
450,JOSEPHINE AVE,,Columbus,OH,43204
3477,DERRER RUN DR,,Columbus,OH,43204
568,N WILSON RD,,Columbus,OH,43204
712,MACLAM DR,,Columbus,OH,43204
340,S HARRIS AVE,,Columbus,OH,43204
294,N WARREN AVE,,Columbus,OH,43204
2746,BERNADETTE RD,,Columbus,OH,43204
618,RACINE AVE,,Columbus,OH,43204
505,S WARREN AVE,,Columbus,OH,43204
469,S WARREN AVE,,Columbus,OH,43204
342,S WARREN AVE,,Columbus,OH,43204
313,S OGDEN AVE,,Columbus,OH,43204
675,KINGSFORD RD,UNIT A5,Columbus,OH,43204
680,KINGSFORD RD,,Columbus,OH,43204
689,BRIXHAM RD,,Columbus,OH,43204
3528,EDSON DR,,Columbus,OH,43204
2049,BUILDERS PL,,Columbus,OH,43204
711,DERRER RD,B,Columbus,OH,43204
3400,CAMP CHASE DR,C1,Columbus,OH,43204
3255,MEDOMA DR,,Columbus,OH,43204
1174,ROMONA PL,,Columbus,OH,43204
3166,EL NINO DR,,Columbus,OH,43204
3164,EL GRECO DR,,Columbus,OH,43204
3246,COLONY HILL LN,,Columbus,OH,43204
2724,HAFTON WOODS CT,,Columbus,OH,43204
730,S WARREN AVE,,Columbus,OH,43204
439,S OGDEN AVE,,Columbus,OH,43204
86,N OGDEN AVE,,Columbus,OH,43204
28 1/2,S BURGESS AVE,,Columbus,OH,43204
3448,BRIGGS RD,A,Columbus,OH,43204
765,STEPHEN DR W,,Columbus,OH,43204
91,S SOUTHAMPTON AVE,,Columbus,OH,43204
808,GLADSTONE AVE,,Columbus,OH,43204
3231,COLONY VISTA LN,,Columbus,OH,43204
3018,WOODLOOP LN,,Columbus,OH,43204
612,DEXTER AVE,,Columbus,OH,43204
3320,SULLIVANT AVE,,Columbus,OH,43204
136,S SOUTHAMPTON AVE,,Columbus,OH,43204
129,S SYLVAN AVE,,Columbus,OH,43204
3237,MCKINLEY AVE,86,Columbus,OH,43204
3237,MCKINLEY AVE,35,Columbus,OH,43204
70,N BURGESS AVE,,Columbus,OH,43204
125,N TERRACE AVE,,Columbus,OH,43204
2542,STEELE AVE,,Columbus,OH,43204
2642,BERNADETTE RD,,Columbus,OH,43204
891,S RICHARDSON AVE,,Columbus,OH,43204
257,S RICHARDSON AVE,,Columbus,OH,43204
1441,CLIFF CT,B,Columbus,OH,43204
862,MIRIAM DR W,,Columbus,OH,43204
837,MARK PL,,Columbus,OH,43204
3308,RACE ST,,Columbus,OH,43204
129,POWHATAN AVE,,Columbus,OH,43204
180,N SYLVAN AVE,UNIT D,Columbus,OH,43204
1193,RIEGELWOOD LN,,Columbus,OH,43204
3311,MIRIAM DR S,,Columbus,OH,43204
32,OREL AVE,2,Columbus,OH,43204
3145,RIDGE AVE,A,Columbus,OH,43204
771,S RICHARDSON AVE,,Columbus,OH,43204
1444,CLIFF CT,B,Columbus,OH,43204
2556,KREBER AVE,,Columbus,OH,43204
740,S RICHARDSON AVE,,Columbus,OH,43204
726,S RICHARDSON AVE,,Columbus,OH,43204
542,S TERRACE AVE,,Columbus,OH,43204
2430,STEELE AVE,,Columbus,OH,43204
3236,RACE ST,,Columbus,OH,43204
240,N BRINKER AVE,,Columbus,OH,43204
364,N BRINKER AVE,,Columbus,OH,43204
2968,LA VISTA DR,,Columbus,OH,43204
3235,MCKINLEY AVE,,Columbus,OH,43204
3267,MCKINLEY AVE,,Columbus,OH,43204
3237,MCKINLEY AVE,109,Columbus,OH,43204
2534,KREBER AVE,,Columbus,OH,43204
846,S EUREKA AVE,,Columbus,OH,43204
4243,TRABUE RD,,Columbus,OH,43204
258,S BRINKER AVE,,Columbus,OH,43204
3061,VALLEY VIEW DR,3,Columbus,OH,43204
2920,ABBOT'S COVE BLVD,,Columbus,OH,43204
2931,ABBOTS COVE BLVD,,Columbus,OH,43204
1054,S EUREKA AVE,,Columbus,OH,43204
768,S EUREKA AVE,,Columbus,OH,43204
711,S WAYNE AVE,,Columbus,OH,43204
540,S WAYNE AVE,,Columbus,OH,43204
57,S OAKLEY AVE,,Columbus,OH,43204
155,N WHEATLAND AVE,,Columbus,OH,43204
36,N WESTGATE AVE,,Columbus,OH,43204
84,N WESTGATE AVE,1,Columbus,OH,43204
3030,WESTMOOR CT,,Columbus,OH,43204
2339,HARDESTY CT,,Columbus,OH,43204
2375,HARDESTY CT,,Columbus,OH,43204
1400,CIDERMILL CT,,Columbus,OH,43204
3116,SULLIVANT AVE,,Columbus,OH,43204
2673,MARBLEVISTA BLVD,,Columbus,OH,43204
1117,HARDESTY PL E,,Columbus,OH,43204
2345,HARDESTY DR N,,Columbus,OH,43204
3660,WEST HORIZONS,APT 300,Columbus,OH,43204
3660,WEST HORIZONS,APT 200,Columbus,OH,43204
3647,WEST HORIZONS,APT 102,Columbus,OH,43204
3647,WEST HORIZONS,APT 106,Columbus,OH,43204
603,CRESCENT RD,,Columbus,OH,43204
3033,CRESCENT DR,,Columbus,OH,43204
41,S HURON AVE,,Columbus,OH,43204
2748,SCIOTO STATION DR,,Columbus,OH,43204
1323,WESTSHIRE RD,,Columbus,OH,43204
187,N HALDY AVE,,Columbus,OH,43204
196,N HALDY AVE,,Columbus,OH,43204
1067,CHESTERSHIRE RD,,Columbus,OH,43204
988,S ROYS AVE,,Columbus,OH,43204
4069,WILD ASH DR,,Columbus,OH,43204
3585,INTERCHANGE RD,,Columbus,OH,43204
3649,GRIMES DR,,Columbus,OH,43204
3475,WILSON WOODS DR,,Columbus,OH,43204
3458,WILSON WOODS DR,J,Columbus,OH,43204
920,CHESTERSHIRE RD,,Columbus,OH,43204
37,N CHASE AVE,,Columbus,OH,43204
331,N HAGUE AVE,,Columbus,OH,43204
1316,WINESAP DR,,Columbus,OH,43204
4032,BUSINESS PARK DR,,Columbus,OH,43204
1581,RASPBERRY RUN DR,,Columbus,OH,43204
316,S CHASE AVE,B,Columbus,OH,43204
262,S CHASE AVE,,Columbus,OH,43204
2834,FISHER RD,,Columbus,OH,43204
2588,QUARRY LAKE DR,,Columbus,OH,43204
3885,FARM BROOK LN,,Columbus,OH,43204
3406,WILSON WOODS DR,B,Columbus,OH,43204
3428,WILSON WOODS DR,H,Columbus,OH,43204
2945,RUNDELL DR,,Columbus,OH,43204
2888,ROSEDALE AVE,,Columbus,OH,43204
216,S POWELL AVE,,Columbus,OH,43204
44,N POWELL AVE,,Columbus,OH,43204
53,N HAGUE AVE,,Columbus,OH,43204
256,N HAGUE AVE,,Columbus,OH,43204
3846,FARM BROOK LN,,Columbus,OH,43204
3660,WEST HORIZONS,APT 107,Columbus,OH,43204
108,DERRER HEIGHT LN,,Columbus,OH,43204
104,DERRER HEIGHT LN,,Columbus,OH,43204
2061,BUILDERS PL,,Columbus,OH,43204
655,DERRER RD,B,Columbus,OH,43204
49,DEMOREST AVE,,Columbus,OH,43204
1156,NATHAN DR,,Columbus,OH,43204
3316,COLONY VISTA LN,,Columbus,OH,43204
140,DEMOREST AVE,,Columbus,OH,43204
1150,ROMONA PL,,Columbus,OH,43204
572,S OGDEN AVE,,Columbus,OH,43204
300,S BURGESS AVE,,Columbus,OH,43204
42,S BURGESS AVE,,Columbus,OH,43204
220,N RICHARDSON AVE,,Columbus,OH,43204
1203,LAKE SHORE DR,UNIT C,Columbus,OH,43204
1407,LAKE SHORE DR,,Columbus,OH,43204
2630,VANDERBERG AVE,,Columbus,OH,43204
641,S BURGESS AVE,,Columbus,OH,43204
23,S RICHARDSON AVE,,Columbus,OH,43204
755,WILTSHIRE RD,,Columbus,OH,43204
745,WILTSHIRE RD,,Columbus,OH,43204
739,WILTSHIRE RD,,Columbus,OH,43204
693,CHESTERSHIRE RD,,Columbus,OH,43204
382,S CHASE AVE,B,Columbus,OH,43204
2826,W BROAD ST,,Columbus,OH,43204
75,N POWELL AVE,,Columbus,OH,43204
3541,TRABUE RD,,Columbus,OH,43204
3289,W BROAD ST,,Columbus,OH,43204
333,N SYLVAN AVE,,Columbus,OH,43204
3206,VALLEY VIEW DR,,Columbus,OH,43204
1177,VERA PL,,Columbus,OH,43204
3087,JERSEY DR,,Columbus,OH,43204
1300,LOWLAND CT,,Columbus,OH,43204
3237,MCKINLEY AVE,79,Columbus,OH,43204
2548,SYMINGTON AVE,,Columbus,OH,43204
403,S EUREKA AVE,,Columbus,OH,43204
264,S EUREKA AVE,,Columbus,OH,43204
123,N WAYNE AVE,,Columbus,OH,43204
2361,GLENVIEW BLVD,,Columbus,OH,43204
1100,S HAGUE AVE,,Columbus,OH,43204
940,S HAGUE AVE,,Columbus,OH,43204
905,S HAGUE AVE,,Columbus,OH,43204
263,S POWELL AVE,,Columbus,OH,43204
970,S HARRIS AVE,,Columbus,OH,43204
563,S HAGUE AVE,,Columbus,OH,43204
3292,RACE ST,,Columbus,OH,43204
228,S SYLVAN AVE,,Columbus,OH,43204
109,POWHATAN AVE,,Columbus,OH,43204
3263,RACE ST,,Columbus,OH,43204
124,POWHATAN AVE,,Columbus,OH,43204
75,OREL AVE,,Columbus,OH,43204
569,S WAYNE AVE,,Columbus,OH,43204
337,S WAYNE AVE,,Columbus,OH,43204
2378,APPLE ST,,Columbus,OH,43204
38,N WAYNE AVE,,Columbus,OH,43204
134,N WAYNE AVE,,Columbus,OH,43204
2471,SYMINGTON AVE,,Columbus,OH,43204
934,S EUREKA AVE,,Columbus,OH,43204
579,S WAYNE AVE,,Columbus,OH,43204
69,S OAKLEY AVE,,Columbus,OH,43204
2747,STEELE AVE,,Columbus,OH,43204
643,LANCE CT,,Columbus,OH,43204
1825,LAKE SHORE DR,,Columbus,OH,43204
2867,BRIGGS RD,,Columbus,OH,43204
1065,BELLFLOWER AVE,,Columbus,OH,43204
318,S HAGUE AVE,,Columbus,OH,43204
235,S HARRIS AVE,,Columbus,OH,43204
2977,LA VISTA DR,,Columbus,OH,43204
1205,ONSLOW DR,,Columbus,OH,43204
922,S BRINKER AVE,,Columbus,OH,43204
150,S BRINKER AVE,,Columbus,OH,43204
66,N BRINKER AVE,,Columbus,OH,43204
54,N BRINKER AVE,,Columbus,OH,43204
520,S OAKLEY AVE,,Columbus,OH,43204
438,S OAKLEY AVE,,Columbus,OH,43204
334,S OAKLEY AVE,,Columbus,OH,43204
35,N WARREN AVE,,Columbus,OH,43204
201,N OGDEN AVE,,Columbus,OH,43204
1516,RUNAWAY BAY DR,CN 2A,Columbus,OH,43204
92,N BRINKER AVE,,Columbus,OH,43204
1328,ONSLOW DR,,Columbus,OH,43204
1327,TELHAM CT,,Columbus,OH,43204
3155,WHITEHEAD RD,,Columbus,OH,43204
223,S WESTGATE AVE,,Columbus,OH,43204
1439,CLIFF CT,C,Columbus,OH,43204
536,S RICHARDSON AVE,,Columbus,OH,43204
246,ELDON AVE,,Columbus,OH,43204
2548,KREBER AVE,,Columbus,OH,43204
2545,VANDERBERG AVE,,Columbus,OH,43204
318,S TERRACE AVE,,Columbus,OH,43204
798,S WARREN AVE,,Columbus,OH,43204
464,S WARREN AVE,,Columbus,OH,43204
28,S WARREN AVE,,Columbus,OH,43204
34,N WARREN AVE,,Columbus,OH,43204
123,N OGDEN AVE,,Columbus,OH,43204
1411,BAY SHORE DR,,Columbus,OH,43204
2339,KEEP PL,,Columbus,OH,43204
3114,W MOUND ST,,Columbus,OH,43204
3121,SULLIVANT AVE,D,Columbus,OH,43204
149,S WESTMOOR AVE,,Columbus,OH,43204
132,N WESTMOOR AVE,,Columbus,OH,43204
1157,ABBOTS GREEN CIR,,Columbus,OH,43204
36,N WILSON RD,,Columbus,OH,43204
727,MACLAM DR,,Columbus,OH,43204
3662,TRABUE RD,,Columbus,OH,43204
118,DERRER HEIGHT LN,,Columbus,OH,43204
3449,GREAT WESTERN BLVD,UNIT 100,Columbus,OH,43204
3445,GREAT WESTERN BLVD,UNIT 100,Columbus,OH,43204
167,S BURGESS AVE,,Columbus,OH,43204
104,S OGDEN AVE,,Columbus,OH,43204
108,S OGDEN AVE,,Columbus,OH,43204
65,S BURGESS AVE,,Columbus,OH,43204
577,S BURGESS AVE,,Columbus,OH,43204
184,S BURGESS AVE,,Columbus,OH,43204
142,S BURGESS AVE,,Columbus,OH,43204
4055,SANDY RIDGE DR,,Columbus,OH,43204
894,SALISBURY RD,,Columbus,OH,43204
3086,SULLIVANT AVE,,Columbus,OH,43204
3025,W BROAD ST,,Columbus,OH,43204
190,N HURON AVE,K,Columbus,OH,43204
210,N HURON AVE,,Columbus,OH,43204
2780,SCIOTO STATION DR,,Columbus,OH,43204
3435,SULLIVANT AVE,,Columbus,OH,43204
376,DERRER RD,,Columbus,OH,43204
290,DERRER RD,,Columbus,OH,43204
124,N WILSON RD,,Columbus,OH,43204
3452,BRIGGS RD,,Columbus,OH,43204
838,DEMOREST RD,,Columbus,OH,43204
296,DEMOREST AVE,,Columbus,OH,43204
169,LETCHWORTH AVE,,Columbus,OH,43204
43,LETCHWORTH AVE,,Columbus,OH,43204
62,S BURGESS AVE,,Columbus,OH,43204
1650,LAKE SHORE DR,,Columbus,OH,43204
215,S RICHARDSON AVE,,Columbus,OH,43204
1395,LAKE SHORE DR,UNIT B,Columbus,OH,43204
1408,LAKE SHORE DR,,Columbus,OH,43204
1452,CLIFF CT,B,Columbus,OH,43204
1099,ST CECELIA DR,,Columbus,OH,43204
749,S RICHARDSON AVE,,Columbus,OH,43204
4034,DEER LAKE WAY,,Columbus,OH,43204
3991,DEER LAKE WAY,,Columbus,OH,43204
4040,BUSINESS PARK DR,,Columbus,OH,43204
4024,BUSINESS PARK DR,,Columbus,OH,43204
1272,DEER LAKE CT,,Columbus,OH,43204
911,BINNS BLVD,,Columbus,OH,43204
3016,SULLIVANT AVE,,Columbus,OH,43204
245,N HALDY AVE,,Columbus,OH,43204
2991,SULLIVANT AVE,,Columbus,OH,43204
127,N ROYS AVE,,Columbus,OH,43204
3357,SOUTH BLVD,,Columbus,OH,43204
170,LETCHWORTH AVE,,Columbus,OH,43204
1292,TREEHAVEN LN,,Columbus,OH,43204
300,S SOUTHAMPTON AVE,,Columbus,OH,43204
38,S SOUTHAMPTON AVE,,Columbus,OH,43204
45,S SYLVAN AVE,,Columbus,OH,43204
238,N SOUTHAMPTON AVE,,Columbus,OH,43204
1303,LOWLAND CT,,Columbus,OH,43204
3167,BOWDOIN CIR,,Columbus,OH,43204
1219,PINNACLE DR,,Columbus,OH,43204
3334,EAKIN RD,,Columbus,OH,43204
3308,EAKIN RD,,Columbus,OH,43204
398,S RICHARDSON AVE,,Columbus,OH,43204
238,ELDON AVE,,Columbus,OH,43204
2423,SCIOTO HARPER DR,,Columbus,OH,43204
611,S TERRACE AVE,,Columbus,OH,43204
24,S TERRACE AVE,,Columbus,OH,43204
2445,W BROAD ST,,Columbus,OH,43204
15,S EUREKA AVE,,Columbus,OH,43204
2546,REGINA AVE,,Columbus,OH,43204
661,S TERRACE AVE,,Columbus,OH,43204
2435,OLIVE ST,,Columbus,OH,43204
3729,WINDWARD WAY,APT 306,Columbus,OH,43204
3834,FARM BROOK LN,,Columbus,OH,43204
3799,GRIMES DR,,Columbus,OH,43204
797,S ROYS AVE,,Columbus,OH,43204
782,S ROYS AVE,,Columbus,OH,43204
2961,WICKLOW RD,,Columbus,OH,43204
2932,FREMONT ST,,Columbus,OH,43204
178,GUERNSEY AVE,,Columbus,OH,43204
2929,CRESCENT DR,,Columbus,OH,43204
168,N SYLVAN AVE,,Columbus,OH,43204
355,N ALGONQUIN AVE,,Columbus,OH,43204
1349,BAJA LN,,Columbus,OH,43204
3237,MCKINLEY AVE,89,Columbus,OH,43204
3237,MCKINLEY AVE,91,Columbus,OH,43204
3400,EMELINE DR,,Columbus,OH,43204
3245,SULLIVANT AVE,G,Columbus,OH,43204
3245,SULLIVANT AVE,H,Columbus,OH,43204
65,N WAYNE AVE,,Columbus,OH,43204
721,S EUREKA AVE,,Columbus,OH,43204
515,S WAYNE AVE,,Columbus,OH,43204
205,N OAKLEY AVE,,Columbus,OH,43204
232,N OAKLEY AVE,,Columbus,OH,43204
948,S EUREKA AVE,,Columbus,OH,43204
573,S WAYNE AVE,,Columbus,OH,43204
32,S OAKLEY AVE,,Columbus,OH,43204
3713,GIBBSTONE DR,,Columbus,OH,43204
3686,GIBBSTONE DR,,Columbus,OH,43204
2816,QUARRY POINT,,Columbus,OH,43204
1384,S HAGUE AVE,,Columbus,OH,43204
156,S ROYS AVE,,Columbus,OH,43204
2860,W BROAD ST,,Columbus,OH,43204
32,OREL AVE,,Columbus,OH,43204
3155,VALLEY VIEW DR,A,Columbus,OH,43204
3023,LA VISTA DR,,Columbus,OH,43204
1340,BAJA LN,,Columbus,OH,43204
3237,MCKINLEY AVE,50,Columbus,OH,43204
3243,VANDERBERG AVE,,Columbus,OH,43204
3259,EAKIN RD,,Columbus,OH,43204
283,N WHEATLAND AVE,,Columbus,OH,43204
1054,HARDESTY PL W,,Columbus,OH,43204
352,S OAKLEY AVE,,Columbus,OH,43204
3538,WILSON WOODS DR,C,Columbus,OH,43204
2989,RUNDELL DR,,Columbus,OH,43204
980,WILTSHIRE RD,,Columbus,OH,43204
2557,QUARRY LAKE DR,,Columbus,OH,43204
87 1/2,N WESTGATE AVE,,Columbus,OH,43204
2936,LA VISTA DR,UNIT G,Columbus,OH,43204
3178,W MOUND ST,,Columbus,OH,43204
1141,ABBOTS LAKE CT,,Columbus,OH,43204
2751,MARBLEVISTA BLVD,,Columbus,OH,43204
697,S OAKLEY AVE,,Columbus,OH,43204
521,S WHEATLAND AVE,,Columbus,OH,43204
3505,WILSON WOODS DR,,Columbus,OH,43204
1138,S HARRIS AVE,,Columbus,OH,43204
816,WILTSHIRE RD,,Columbus,OH,43204
731,WILTSHIRE RD,,Columbus,OH,43204
657,WILTSHIRE RD,,Columbus,OH,43204
3132,WHITEHEAD RD,,Columbus,OH,43204
3119,SULLIVANT AVE,,Columbus,OH,43204
154,N WESTMOOR AVE,,Columbus,OH,43204
2679,MARBLEVISTA BLVD,,Columbus,OH,43204
462,S WESTGATE AVE,,Columbus,OH,43204
3057,PALMETTO ST,,Columbus,OH,43204
2620,MARBLEVISTA BLVD,,Columbus,OH,43204
1129,HARDESTY PL E,,Columbus,OH,43204
1131,HARDESTY PL E,,Columbus,OH,43204
1111,HARDESTY PL E,,Columbus,OH,43204
2365,HARDESTY DR N,,Columbus,OH,43204
2343,HARDESTY DR N,,Columbus,OH,43204
636,CHESTERSHIRE RD,,Columbus,OH,43204
417,S POWELL AVE,,Columbus,OH,43204
148,S POWELL AVE,D,Columbus,OH,43204
74,N POWELL AVE,,Columbus,OH,43204
2807,FREMONT ST,,Columbus,OH,43204
87,S HAGUE AVE,,Columbus,OH,43204
860,SALISBURY RD,,Columbus,OH,43204
3031,PARKSIDE RD,,Columbus,OH,43204
439,BINNS BLVD,,Columbus,OH,43204
3010,WICKLOW RD,,Columbus,OH,43204
350,S HURON AVE,,Columbus,OH,43204
2952,VALLEY VIEW DR,,Columbus,OH,43204
2788,OTTIS CT,UNIT A,Columbus,OH,43204
911,KINGSFORD RD,,Columbus,OH,43204
831,KINGSFORD RD,UNIT B,Columbus,OH,43204
2865,CHESFIELD DR,,Columbus,OH,43204
1121,BELLFLOWER AVE,,Columbus,OH,43204
945,RACINE AVE,,Columbus,OH,43204
761,S HARRIS AVE,,Columbus,OH,43204
660,S HAGUE AVE,,Columbus,OH,43204
644,S HAGUE AVE,,Columbus,OH,43204
232,S HAGUE AVE,,Columbus,OH,43204
131,S HARRIS AVE,,Columbus,OH,43204
145,S HARRIS AVE,,Columbus,OH,43204
194,N HARRIS AVE,,Columbus,OH,43204
904,BINNS BLVD,,Columbus,OH,43204
636,SALISBURY RD,,Columbus,OH,43204
347,GUERNSEY AVE,,Columbus,OH,43204
353,GUERNSEY AVE,,Columbus,OH,43204
44,BINNS BLVD,,Columbus,OH,43204
220,RANELLE DR,,Columbus,OH,43204
684,BRIXHAM RD,,Columbus,OH,43204
3507,SANITA CT,,Columbus,OH,43204
3480,DERRER FIELD DR,,Columbus,OH,43204
1042,BELLFLOWER AVE,,Columbus,OH,43204
796,RACINE AVE,,Columbus,OH,43204
249,S WARREN AVE,,Columbus,OH,43204
57,N WARREN AVE,,Columbus,OH,43204
1523,RUNAWAY BAY DR,CN 2D,Columbus,OH,43204
2752,ST PATRICK RD,,Columbus,OH,43204
2721,VANDERBERG AVE,,Columbus,OH,43204
150,S WARREN AVE,,Columbus,OH,43204
92,S WARREN AVE,,Columbus,OH,43204
42,S WARREN AVE,,Columbus,OH,43204
2654,W BROAD ST,1,Columbus,OH,43204
825,S ROYS AVE,,Columbus,OH,43204
162,N ROYS AVE,,Columbus,OH,43204
2453,MARBLEVISTA BLVD,,Columbus,OH,43204
3439,TIMBER OAK DR,,Columbus,OH,43204
106,DERRER MEADOW LN,,Columbus,OH,43204
3483,SULLIVANT AVE,,Columbus,OH,43204
1376,BAY SHORE DR,CN 2D,Columbus,OH,43204
1376,BAY SHORE DR,CN 1C,Columbus,OH,43204
1558,RUNAWAY BAY DR,CN 2C,Columbus,OH,43204
2137,QUARRY VALLEY RD,,Columbus,OH,43204
2721,ST PATRICK RD,,Columbus,OH,43204
310,S OGDEN AVE,,Columbus,OH,43204
366,S ROYS AVE,,Columbus,OH,43204
292,S ROYS AVE,,Columbus,OH,43204
2964,DAISY LN,,Columbus,OH,43204
1292,GRESHAM RD,,Columbus,OH,43204
856,WILTSHIRE RD,,Columbus,OH,43204
3410,WILSON WOODS DR,L,Columbus,OH,43204
2865,BRIGGSTON AVE,,Columbus,OH,43204
2823,VANDERBERG AVE,,Columbus,OH,43204
341,S HARRIS AVE,,Columbus,OH,43204
91,S HARRIS AVE,,Columbus,OH,43204
14,N HARRIS AVE,,Columbus,OH,43204
12,N HARRIS AVE,,Columbus,OH,43204
44,N HARRIS AVE,,Columbus,OH,43204
1511,RUNAWAY BAY DR,CN 3C,Columbus,OH,43204
2484,QUARRY LAKE DR,,Columbus,OH,43204
3406,WILSON WOODS DR,I,Columbus,OH,43204
1436,CROSS CREEK DR,J,Columbus,OH,43204
3640,EAKIN RD,4B,Columbus,OH,43204
675,KINGSFORD RD,UNIT B5,Columbus,OH,43204
661,KINGSFORD RD,UNIT 3E,Columbus,OH,43204
919,S WARREN AVE,,Columbus,OH,43204
659,RACINE AVE,,Columbus,OH,43204
80,N WARREN AVE,,Columbus,OH,43204
205,N OGDEN AVE,,Columbus,OH,43204
816,KINGSFORD RD,,Columbus,OH,43204
3518,FREMONT ST,,Columbus,OH,43204
2719,SULLIVANT AVE,,Columbus,OH,43204
451,S WARREN AVE,,Columbus,OH,43204
108,S WARREN AVE,,Columbus,OH,43204
125,S OGDEN AVE,,Columbus,OH,43204
87,S OGDEN AVE,,Columbus,OH,43204
252,N OGDEN AVE,,Columbus,OH,43204
2679,MCKINLEY AVE,,Columbus,OH,43204
1131,FARMHURST CT,,Columbus,OH,43204
1145,FARMHURST CT,,Columbus,OH,43204
500,JOSEPHINE AVE,,Columbus,OH,43204
3268,MAPLEWAY LN,,Columbus,OH,43204
324,S OGDEN AVE,,Columbus,OH,43204
241,S OGDEN AVE,,Columbus,OH,43204
100,S OGDEN AVE,,Columbus,OH,43204
23,S BURGESS AVE,,Columbus,OH,43204
2647,EAKIN RD,,Columbus,OH,43204
696,S OGDEN AVE,,Columbus,OH,43204
493,S BURGESS AVE,,Columbus,OH,43204
2536,SUTTON AVE,,Columbus,OH,43204
1407,LAKE SHORE DR,,Columbus,OH,43204
3454,STALLING CT,,Columbus,OH,43204
217,DERRER RD,,Columbus,OH,43204
133,DERRER RD,,Columbus,OH,43204
3454,DERRER CT N,,Columbus,OH,43204
3288,NATHAN CT,,Columbus,OH,43204
2645,VANDERBERG AVE,,Columbus,OH,43204
406,S BURGESS AVE,,Columbus,OH,43204
419,S RICHARDSON AVE,,Columbus,OH,43204
1218,LAKE SHORE DR,,Columbus,OH,43204
818,S RICHARDSON AVE,,Columbus,OH,43204
799,S RICHARDSON AVE,,Columbus,OH,43204
660,S BURGESS AVE,,Columbus,OH,43204
417,S TERRACE AVE,,Columbus,OH,43204
2480,W BROAD ST,,Columbus,OH,43204
101,ELDON AVE,,Columbus,OH,43204
340,DERRER RD,,Columbus,OH,43204
103,DEMOREST AVE,,Columbus,OH,43204
1191,ROMONA PL,,Columbus,OH,43204
2020,BUILDERS PL,,Columbus,OH,43204
3363,SOUTH BLVD,,Columbus,OH,43204
461,INDUSTRY DR,,Columbus,OH,43204
505,INDUSTRY DR,,Columbus,OH,43204
3337,RUDON LN,,Columbus,OH,43204
3165,EL NINO DR,,Columbus,OH,43204
2552,REGINA AVE,,Columbus,OH,43204
716,S RICHARDSON AVE,,Columbus,OH,43204
152,S TERRACE AVE,,Columbus,OH,43204
109,S EUREKA AVE,,Columbus,OH,43204
40,ELDON AVE,,Columbus,OH,43204
2432,STEELE AVE,,Columbus,OH,43204
193,N EUREKA AVE,,Columbus,OH,43204
2524,EAKIN RD,,Columbus,OH,43204
268,LETCHWORTH AVE,,Columbus,OH,43204
792,GLADSTONE AVE,,Columbus,OH,43204
1194,TREEHAVEN LN,,Columbus,OH,43204
720,DEXTER AVE,,Columbus,OH,43204
3345,SULLIVANT AVE,,Columbus,OH,43204
315,S SOUTHAMPTON AVE,,Columbus,OH,43204
222,S SOUTHAMPTON AVE,,Columbus,OH,43204
239,S SYLVAN AVE,,Columbus,OH,43204
60,S SOUTHAMPTON AVE,,Columbus,OH,43204
469,S EUREKA AVE,,Columbus,OH,43204
2460,SULLIVANT AVE,A,Columbus,OH,43204
2421,W BROAD ST,,Columbus,OH,43204
264,N WAYNE AVE,,Columbus,OH,43204
2433,SULLIVANT AVE,,Columbus,OH,43204
2434,SULLIVANT AVE,,Columbus,OH,43204
166,N WAYNE AVE,,Columbus,OH,43204
262,N OAKLEY AVE,,Columbus,OH,43204
3285,SULLIVANT AVE,UNIT D,Columbus,OH,43204
124,S SYLVAN AVE,,Columbus,OH,43204
3237,W BROAD ST,,Columbus,OH,43204
58,N SYLVAN AVE,,Columbus,OH,43204
1186,VERA PL,,Columbus,OH,43204
111,S ALGONQUIN AVE,,Columbus,OH,43204
97,S ALGONQUIN AVE,,Columbus,OH,43204
59,S ALGONQUIN AVE,,Columbus,OH,43204
855,S WAYNE AVE,,Columbus,OH,43204
135,S OAKLEY AVE,,Columbus,OH,43204
21,S OAKLEY AVE,,Columbus,OH,43204
146,N OAKLEY AVE,,Columbus,OH,43204
2307,SCIOTO HARPER DR,,Columbus,OH,43204
1078,HARDESTY PL W,,Columbus,OH,43204
1511,BROOKFOREST DR,,Columbus,OH,43204
1366,EMELINE CT,,Columbus,OH,43204
1360,EMELINE CT,,Columbus,OH,43204
3212,VANDERBERG AVE,,Columbus,OH,43204
127,S BRINKER AVE,,Columbus,OH,43204
2928,LA VISTA DR,C,Columbus,OH,43204
668,S OAKLEY AVE,,Columbus,OH,43204
580,S WHEATLAND AVE,,Columbus,OH,43204
263,S WESTGATE AVE,,Columbus,OH,43204
3085,GRACE ST,,Columbus,OH,43204
73,N WESTMOOR AVE,,Columbus,OH,43204
122,N WESTGATE AVE,,Columbus,OH,43204
121,N WESTMOOR AVE,,Columbus,OH,43204
3166,STEPHEN DR S,,Columbus,OH,43204
2988,WESTMOOR DR,,Columbus,OH,43204
1329,RIVIERA CT,,Columbus,OH,43204
1013,BINNS BLVD,,Columbus,OH,43204
1000,SALISBURY RD,,Columbus,OH,43204
192,N HURON AVE,,Columbus,OH,43204
1365,THACKER CT,,Columbus,OH,43204
2623,MARBLEVISTA BLVD,,Columbus,OH,43204
2619,MARBLEVISTA BLVD,,Columbus,OH,43204
448,S HURON AVE,,Columbus,OH,43204
55,HALDY AVE,,Columbus,OH,43204
2571,MARBLEVISTA BLVD,,Columbus,OH,43204
2029,LAKE SHORE DR,,Columbus,OH,43204
818,BINNS BLVD,,Columbus,OH,43204
156,BINNS BLVD,,Columbus,OH,43204
96,N HALDY AVE,,Columbus,OH,43204
605,N HAGUE AVE,,Columbus,OH,43204
3903,BUSINESS PARK DR,,Columbus,OH,43204
3820,GRIMES DR,,Columbus,OH,43204
700,BINNS BLVD,,Columbus,OH,43204
502,BINNS BLVD,,Columbus,OH,43204
2925,OLIVE ST,,Columbus,OH,43204
585,N HAGUE AVE,,Columbus,OH,43204
936,CHESTERSHIRE RD,,Columbus,OH,43204
914,CHESTERSHIRE RD,,Columbus,OH,43204
3671,WEST HORIZONS,APT 101,Columbus,OH,43204
1413,GELBRAY AVE,,Columbus,OH,43204
872,CHESTERSHIRE RD,,Columbus,OH,43204
714,S ROYS AVE,,Columbus,OH,43204
678,S ROYS AVE,,Columbus,OH,43204
53,N CHASE AVE,,Columbus,OH,43204
2640,QUARRY LAKE DR,,Columbus,OH,43204
1253,WARBLE DR,,Columbus,OH,43204
3614,TWIN CREEKS DR,,Columbus,OH,43204
829,WILTSHIRE RD,,Columbus,OH,43204
2903,SULLIVANT AVE,,Columbus,OH,43204
291,S CHASE AVE,A,Columbus,OH,43204
38,N CHASE AVE,,Columbus,OH,43204
152,N POWELL AVE,,Columbus,OH,43204
253,N HAGUE AVE,,Columbus,OH,43204
2620,QUARRY LAKE DR,,Columbus,OH,43204
637,WILTSHIRE RD,,Columbus,OH,43204
146,S POWELL AVE,,Columbus,OH,43204
92,S POWELL AVE,,Columbus,OH,43204
3567,WILSON WOODS DR,B,Columbus,OH,43204
3520,WILSON WOODS DR,E,Columbus,OH,43204
36,N POWELL AVE,,Columbus,OH,43204
2740,SUTTON AVE,,Columbus,OH,43204
2932,MCKINLEY AVE,,Columbus,OH,43204
2511,QUARRY VALLEY RD,,Columbus,OH,43204
952,S HARRIS AVE,,Columbus,OH,43204
41,S HAGUE AVE,,Columbus,OH,43204
273,N HARRIS AVE,,Columbus,OH,43204
249,N HARRIS AVE,,Columbus,OH,43204
2700,HARRISON RD,,Columbus,OH,43204
2395,QUARRY VALLEY RD,,Columbus,OH,43204
682,LANCE CT,,Columbus,OH,43204
1361,BELLFLOWER AVE,,Columbus,OH,43204
1212,BELLFLOWER AVE,,Columbus,OH,43204
891,S HARRIS AVE,,Columbus,OH,43204
847,S HARRIS AVE,,Columbus,OH,43204
183,S HAGUE AVE,,Columbus,OH,43204
145,S HAGUE AVE,,Columbus,OH,43204
78,S HAGUE AVE,,Columbus,OH,43204
314,N HARRIS AVE,,Columbus,OH,43204
3471,WILSON WOODS DR,,Columbus,OH,43204
3417,WILSON WOODS DR,F,Columbus,OH,43204
932,RACINE AVE,,Columbus,OH,43204
123,S HARRIS AVE,,Columbus,OH,43204
272,N HARRIS AVE,,Columbus,OH,43204
1400,CROSS CREEK DR,A,Columbus,OH,43204
1400,CROSS CREEK DR,F,Columbus,OH,43204
1400,CROSS CREEK DR,J,Columbus,OH,43204
2763,EAKIN RD,,Columbus,OH,43204
123,N WARREN AVE,,Columbus,OH,43204
291,N OGDEN AVE,,Columbus,OH,43204
1535,RUNAWAY BAY DR,CN 3C,Columbus,OH,43204
1796,LAKE SHORE DR,,Columbus,OH,43204
911,KINGSFORD RD,B,Columbus,OH,43204
911,KINGSFORD RD,A,Columbus,OH,43204
3640,EAKIN RD,6C,Columbus,OH,43204
3544,EDSON DR,,Columbus,OH,43204
2776,ROSEDALE AVE,,Columbus,OH,43204
2749,VANDERBERG AVE,,Columbus,OH,43204
2726,VANDERBERG AVE,,Columbus,OH,43204
599,S WARREN AVE,,Columbus,OH,43204
280,S WARREN AVE,,Columbus,OH,43204
41,S OGDEN AVE,,Columbus,OH,43204
46,N WARREN AVE,,Columbus,OH,43204
128,N OGDEN AVE,,Columbus,OH,43204
1534,RUNAWAY BAY DR,CN 2A,Columbus,OH,43204
2739,WOODCROFT RD,,Columbus,OH,43204
3524,WESTWAY DR,,Columbus,OH,43204
3499,WILKES CT,,Columbus,OH,43204
3502,SENATOR CT,,Columbus,OH,43204
3481,W BROAD ST,,Columbus,OH,43204
2717,SCHURTZ AVE,,Columbus,OH,43204
661,S OGDEN AVE,,Columbus,OH,43204
211,N BURGESS AVE,,Columbus,OH,43204
2331,KEEP PL,,Columbus,OH,43204
147,S RICHARDSON AVE,,Columbus,OH,43204
1395,LAKE SHORE DR,UNIT C,Columbus,OH,43204
1927,MAPLEWAY DR,,Columbus,OH,43204
3574,FARMHURST LN,,Columbus,OH,43204
3507,EAKIN RD,,Columbus,OH,43204
3476,RACE ST,,Columbus,OH,43204
425,DERRER RD,,Columbus,OH,43204
3480,WESTWAY DR,,Columbus,OH,43204
2615,REGINA AVE,,Columbus,OH,43204
2541,SULLIVANT AVE,,Columbus,OH,43204
27,S TERRACE AVE,,Columbus,OH,43204
1235,LAKE SHORE DR,,Columbus,OH,43204
1263,LAKE SHORE DR,,Columbus,OH,43204
514,DERRER RD,,Columbus,OH,43204
1148,NATHAN DR,,Columbus,OH,43204
492,TRADE RD,,Columbus,OH,43204
1158,ROMONA PL,,Columbus,OH,43204
833,S TERRACE AVE,,Columbus,OH,43204
2533,SULLIVANT AVE,,Columbus,OH,43204
185,S EUREKA AVE,,Columbus,OH,43204
126,S TERRACE AVE,,Columbus,OH,43204
2402,WESTWOOD DR,A,Columbus,OH,43204
523,S EUREKA AVE,,Columbus,OH,43204
533,S EUREKA AVE,,Columbus,OH,43204
2491,SULLIVANT AVE,,Columbus,OH,43204
336,S EUREKA AVE,,Columbus,OH,43204
254,S EUREKA AVE,,Columbus,OH,43204
155,S WAYNE AVE,,Columbus,OH,43204
1255,TREVOR CT,,Columbus,OH,43204
31,S SOUTHAMPTON AVE,,Columbus,OH,43204
684,DEXTER AVE,,Columbus,OH,43204
3237,MCKINLEY AVE,33,Columbus,OH,43204
239,N WAYNE AVE,,Columbus,OH,43204
292,N WAYNE AVE,,Columbus,OH,43204
2374,WESTWOOD DR,,Columbus,OH,43204
795,S EUREKA AVE,,Columbus,OH,43204
651,S EUREKA AVE,,Columbus,OH,43204
521,S WAYNE AVE,,Columbus,OH,43204
531,S WAYNE AVE,,Columbus,OH,43204
244,S WAYNE AVE,,Columbus,OH,43204
172,S WAYNE AVE,,Columbus,OH,43204
2370,W BROAD ST,,Columbus,OH,43204
115,N OAKLEY AVE,,Columbus,OH,43204
1225,PINNACLE DR,,Columbus,OH,43204
829,MARK PL,,Columbus,OH,43204
58,N SYLVAN AVE,A,Columbus,OH,43204
85,OREL AVE,,Columbus,OH,43204
3360,RIEGELWOOD CT,,Columbus,OH,43204
1192,RIEGELWOOD LN,,Columbus,OH,43204
2416,W MOUND ST,,Columbus,OH,43204
496,S WHEATLAND AVE,,Columbus,OH,43204
248,S WHEATLAND AVE,,Columbus,OH,43204
3231,MARY AVE,,Columbus,OH,43204
254,S ALGONQUIN AVE,,Columbus,OH,43204
202,S ALGONQUIN AVE,,Columbus,OH,43204
1319,ONSLOW DR,,Columbus,OH,43204
861,S BRINKER AVE,,Columbus,OH,43204
705,S BRINKER AVE,,Columbus,OH,43204
134,S BRINKER AVE,,Columbus,OH,43204
3133,ELLIS PL,,Columbus,OH,43204
2970,ABBOT'S COVE BLVD,,Columbus,OH,43204
2904,ABBOTS COVE BLVD,,Columbus,OH,43204
2342,HARDESTY CT,,Columbus,OH,43204
3139,PARKSIDE RD,,Columbus,OH,43204
347,S WESTGATE AVE,,Columbus,OH,43204
52,S WESTGATE AVE,,Columbus,OH,43204
2864,ABBOTS COVE BLVD,,Columbus,OH,43204
2719,MARBLEVISTA BLVD,,Columbus,OH,43204
718,S WHEATLAND AVE,,Columbus,OH,43204
3159,STEPHEN DR S,,Columbus,OH,43204
1036,SALISBURY RD,,Columbus,OH,43204
3155,VANDERBERG AVE,,Columbus,OH,43204
3148,MARY AVE,,Columbus,OH,43204
52,N WESTMOOR AVE,,Columbus,OH,43204
186,N WESTMOOR AVE,,Columbus,OH,43204
1338,RIVIERA CT,,Columbus,OH,43204
2671,MARBLEVISTA BLVD,,Columbus,OH,43204
3988,DEER LAKE WAY,,Columbus,OH,43204
3915,BASIA DR,,Columbus,OH,43204
1341,VAUXHALL PL,,Columbus,OH,43204
2718,SCIOTO STATION DR,,Columbus,OH,43204
866,SALISBURY RD,,Columbus,OH,43204
3079,VANDERBERG AVE,,Columbus,OH,43204
336,S HURON AVE,,Columbus,OH,43204
3920,FARM BROOK LN,,Columbus,OH,43204
1389,MARCHFIELD WAY,,Columbus,OH,43204
3944,BUSINESS PARK DR,,Columbus,OH,43204
3729,WINDWARD WAY,APT 204,Columbus,OH,43204
177,N HALDY AVE,,Columbus,OH,43204
898,BINNS BLVD,,Columbus,OH,43204
641,BINNS BLVD,,Columbus,OH,43204
629,BINNS BLVD,,Columbus,OH,43204
2971,WICKLOW RD,,Columbus,OH,43204
657,N HAGUE AVE,,Columbus,OH,43204
653,N HAGUE AVE,,Columbus,OH,43204
820,S ROYS AVE,,Columbus,OH,43204
3671,WEST HORIZONS,APT 104,Columbus,OH,43204
3763,GRIMES DR,,Columbus,OH,43204
2449,MARBLEVISTA BLVD,,Columbus,OH,43204
1933,LAKE SHORE DR,,Columbus,OH,43204
3647,WEST HORIZONS,APT 306,Columbus,OH,43204
1226,WARBLE DR,,Columbus,OH,43204
866,CHESTERSHIRE RD,,Columbus,OH,43204
488,S ROYS AVE,,Columbus,OH,43204
97,N CHASE AVE,,Columbus,OH,43204
170,N CHASE AVE,,Columbus,OH,43204
1209,GRESHAM RD,,Columbus,OH,43204
876,WILTSHIRE RD,,Columbus,OH,43204
297,S CHASE AVE,B,Columbus,OH,43204
3575,INTERCHANGE RD,,Columbus,OH,43204
1704,QUARRY TRACE,,Columbus,OH,43204
210,S POWELL AVE,,Columbus,OH,43204
32,N POWELL AVE,,Columbus,OH,43204
677,LANCE CT,,Columbus,OH,43204
890,STEPHEN DR W,,Columbus,OH,43204
867,MIRIAM DR W,,Columbus,OH,43204
322,S SOUTHAMPTON AVE,,Columbus,OH,43204
275,S SOUTHAMPTON AVE,,Columbus,OH,43204
3003,CORTONA RD,,Columbus,OH,43204
3335,EAKIN RD,,Columbus,OH,43204
3047,LA VISTA DR,,Columbus,OH,43204
3157,BOWDOIN CIR,,Columbus,OH,43204
861,VANDERBERG PL,,Columbus,OH,43204
816,S TERRACE AVE,,Columbus,OH,43204
716,S TERRACE AVE,,Columbus,OH,43204
384,S EUREKA AVE,,Columbus,OH,43204
2429,W BROAD ST,,Columbus,OH,43204
2524,SPAATZ AVE,,Columbus,OH,43204
2479,EAKIN RD,,Columbus,OH,43204
346,POWHATAN AVE,,Columbus,OH,43204
3211,W BROAD ST,,Columbus,OH,43204
1264,RIEGELWOOD LN,,Columbus,OH,43204
3354,ONSLOW CT,,Columbus,OH,43204
3232,MARY AVE,,Columbus,OH,43204
3235,WHITEHEAD RD,,Columbus,OH,43204
2414,SULLIVANT AVE,,Columbus,OH,43204
239,S OAKLEY AVE,,Columbus,OH,43204
139,S OAKLEY AVE,,Columbus,OH,43204
45,S OAKLEY AVE,,Columbus,OH,43204
136,N OAKLEY AVE,,Columbus,OH,43204
1044,BROOKS END CT,,Columbus,OH,43204
1034,BROOKS END CT,,Columbus,OH,43204
166,S BRINKER AVE,,Columbus,OH,43204
3115,W BROAD ST,,Columbus,OH,43204
644,S WAYNE AVE,,Columbus,OH,43204
575,S OAKLEY AVE,,Columbus,OH,43204
560,S OAKLEY AVE,,Columbus,OH,43204
2337,HARDESTY CT,,Columbus,OH,43204
2385,HARDESTY DR N,,Columbus,OH,43204
655,S WHEATLAND AVE,,Columbus,OH,43204
3200,STEPHEN DR S,,Columbus,OH,43204
3170,RACE ST,,Columbus,OH,43204
3131,PARKSIDE RD,,Columbus,OH,43204
311,S WESTGATE AVE,,Columbus,OH,43204
483,WESTMOOR PL,,Columbus,OH,43204
2878,LA VISTA DR,,Columbus,OH,43204
2351,HARDESTY CT,,Columbus,OH,43204
1517,BROOKFOREST DR,,Columbus,OH,43204
3161,MARY AVE,,Columbus,OH,43204
3131,SULLIVANT AVE,,Columbus,OH,43204
33,S WESTMOOR AVE,,Columbus,OH,43204
11,N WESTMOOR AVE,,Columbus,OH,43204
1312,RIVIERA CT,UNIT H,Columbus,OH,43204
2848,LA VISTA DR,,Columbus,OH,43204
1335,CASCADE CT,,Columbus,OH,43204
865,SALISBURY RD,,Columbus,OH,43204
4042,SANDY RIDGE DR,,Columbus,OH,43204
581,CRESCENT RD,,Columbus,OH,43204
67,N HURON AVE,,Columbus,OH,43204
116,N HURON AVE,,Columbus,OH,43204
2760,SCIOTO STATION DR,,Columbus,OH,43204
2019,MARBLE CLIFF CROSSING CT,,Columbus,OH,43204
905,BINNS BLVD,,Columbus,OH,43204
3011,WICKLOW RD,,Columbus,OH,43204
318,S HURON AVE,,Columbus,OH,43204
2791,OTTIS CT,,Columbus,OH,43204
1330,THACKER CT,UNIT E,Columbus,OH,43204
1403,GOLDMILL WAY,,Columbus,OH,43204
2982,WICKLOW RD,,Columbus,OH,43204
197,GUERNSEY AVE,,Columbus,OH,43204
2470,MARBLEVISTA BLVD,,Columbus,OH,43204
719,S ROYS AVE,,Columbus,OH,43204
2971,SULLIVANT AVE,,Columbus,OH,43204
114,N ROYS AVE,,Columbus,OH,43204
3729,WINDWARD WAY,APT 102,Columbus,OH,43204
3840,FARM BROOK LN,,Columbus,OH,43204
1033,WILTSHIRE RD,,Columbus,OH,43204
841,CHESTERSHIRE RD,,Columbus,OH,43204
918,WILTSHIRE RD,,Columbus,OH,43204
2606,QUARRY LAKE DR,,Columbus,OH,43204
3665,DRAGONFLY DR,,Columbus,OH,43204
3661,DRAGONFLY DR,,Columbus,OH,43204
3515,WILSON WOODS DR,,Columbus,OH,43204
3510,WILSON WOODS DR,D,Columbus,OH,43204
2922,DAISY LN,,Columbus,OH,43204
1104,S HARRIS AVE,,Columbus,OH,43204
363,S POWELL AVE,,Columbus,OH,43204
161,N HAGUE AVE,,Columbus,OH,43204
2495,QUARRY VALLEY RD,,Columbus,OH,43204
650,WILTSHIRE RD,,Columbus,OH,43204
456,S POWELL AVE,,Columbus,OH,43204
339,S HAGUE AVE,,Columbus,OH,43204
639,LANCE CT,,Columbus,OH,43204
1467,RUNAWAY BAY DR,CN 1B,Columbus,OH,43204
2832,VANDERBERG AVE,,Columbus,OH,43204
203,S HARRIS AVE,,Columbus,OH,43204
1454,RUNAWAY BAY DR,CN 2D,Columbus,OH,43204
1448,RUNAWAY BAY DR,CN 1A,Columbus,OH,43204
1511,RUNAWAY BAY DR,CN 2A,Columbus,OH,43204
1809,LAKE SHORE DR,,Columbus,OH,43204
1115,PARMA AVE,,Columbus,OH,43204
768,RACINE AVE,,Columbus,OH,43204
673,RACINE AVE,,Columbus,OH,43204
470,S HARRIS AVE,,Columbus,OH,43204
90,S HARRIS AVE,,Columbus,OH,43204
88,S HARRIS AVE,,Columbus,OH,43204
34,S HARRIS AVE,,Columbus,OH,43204
3641,EAKIN RD,,Columbus,OH,43204
2694,W BROAD ST,B,Columbus,OH,43204
1374,RUNAWAY BAY DR,CN 2C,Columbus,OH,43204
1564,RUNAWAY BAY DR,CN 1A,Columbus,OH,43204
2439,QUARRY LAKE DR,,Columbus,OH,43204
2253,QUARRY VALLEY RD,,Columbus,OH,43204
826,KINGSFORD RD,,Columbus,OH,43204
811,BRIXHAM RD,,Columbus,OH,43204
3571,EDSON DR,,Columbus,OH,43204
851,LINDENDALE CT,,Columbus,OH,43204
3510,SENATOR CT,,Columbus,OH,43204
778,S WARREN AVE,,Columbus,OH,43204
276,N OGDEN AVE,,Columbus,OH,43204
1528,RUNAWAY BAY DR,CN 2B,Columbus,OH,43204
2123,QUARRY VALLEY RD,,Columbus,OH,43204
2721 R,SCHURTZ AVE,,Columbus,OH,43204
2706,ST JOSEPH AVE,,Columbus,OH,43204
518,S OGDEN AVE,,Columbus,OH,43204
497,S OGDEN AVE,,Columbus,OH,43204
435,S OGDEN AVE,,Columbus,OH,43204
3444,FREMONT ST,,Columbus,OH,43204
3362,TIMBER OAK DR,,Columbus,OH,43204
1943,MAPLEWAY DR,,Columbus,OH,43204
3598,TRABUE RD,,Columbus,OH,43204
3242,MAPLEWAY LN,,Columbus,OH,43204
1093,ST MATTHEW AVE,,Columbus,OH,43204
2657,VANDERBERG AVE,,Columbus,OH,43204
549,S BURGESS AVE,,Columbus,OH,43204
1403,LAKE SHORE DR,UNIT C,Columbus,OH,43204
942,S RICHARDSON AVE,,Columbus,OH,43204
774,S BURGESS AVE,,Columbus,OH,43204
160,S RICHARDSON AVE,,Columbus,OH,43204
695,DERRER RD,A,Columbus,OH,43204
680,DERRER RD,,Columbus,OH,43204
327,DEMOREST AVE,,Columbus,OH,43204
0,W BROAD ST,,Columbus,OH,43204
3265,COLONY VISTA LN,,Columbus,OH,43204
1834,SAN REMO DR,,Columbus,OH,43204
3333,W BROAD ST,16,Columbus,OH,43204
3168,WESTMILLS DR,,Columbus,OH,43204
40,N TERRACE AVE,,Columbus,OH,43204
1402,LAKE SHORE DR,A,Columbus,OH,43204
1478,CLIFF CT,B,Columbus,OH,43204
464,S RICHARDSON AVE,,Columbus,OH,43204
65,S TERRACE AVE,,Columbus,OH,43204
1281,LAKE SHORE DR,B,Columbus,OH,43204
627,S TERRACE AVE,,Columbus,OH,43204
268,S TERRACE AVE,,Columbus,OH,43204
3671,WEST HORIZONS,APT 100,Columbus,OH,43204
3647,WEST HORIZONS,APT 203,Columbus,OH,43204
2804,QUARRY POINT,,Columbus,OH,43204
2688,QUARRY LAKE DR,,Columbus,OH,43204
2669,QUARRY VALLEY RD,,Columbus,OH,43204
3560,WILSON WOODS DR,I,Columbus,OH,43204
3546,WILSON WOODS DR,K,Columbus,OH,43204
3566,WILSON WOODS DR,D,Columbus,OH,43204
1241,GRESHAM RD,,Columbus,OH,43204
927,S HAGUE AVE,,Columbus,OH,43204
205,N POWELL AVE,,Columbus,OH,43204
306,N HAGUE AVE,,Columbus,OH,43204
1866,LAKE SHORE DR,,Columbus,OH,43204
752,WILTSHIRE RD,,Columbus,OH,43204
661,WILTSHIRE RD,,Columbus,OH,43204
100,S POWELL AVE,,Columbus,OH,43204
2515,QUARRY VALLEY RD,,Columbus,OH,43204
277,N HARRIS AVE,,Columbus,OH,43204
1431,RUNAWAY BAY DR,,Columbus,OH,43204
2411,QUARRY VALLEY RD,,Columbus,OH,43204
791,KINGSFORD RD,,Columbus,OH,43204
3547,LINDENDALE DR,,Columbus,OH,43204
1158,BELLFLOWER AVE,,Columbus,OH,43204
1150,BELLFLOWER AVE,,Columbus,OH,43204
1095,BELLFLOWER AVE,,Columbus,OH,43204
830,S HARRIS AVE,,Columbus,OH,43204
336,S HAGUE AVE,,Columbus,OH,43204
160,S HAGUE AVE,,Columbus,OH,43204
1420,RUNAWAY BAY DR,CN 3C,Columbus,OH,43204
2468,QUARRY LAKE DR,,Columbus,OH,43204
258,RANELLE DR,,Columbus,OH,43204
2751,EAKIN RD,,Columbus,OH,43204
639,RACINE AVE,,Columbus,OH,43204
330,S HARRIS AVE,,Columbus,OH,43204
61,S WARREN AVE,,Columbus,OH,43204
606,RACINE AVE,,Columbus,OH,43204
337,S OGDEN AVE,,Columbus,OH,43204
2654,W BROAD ST,8,Columbus,OH,43204
314,N OGDEN AVE,,Columbus,OH,43204
1364,BAY SHORE DR,CN 2B,Columbus,OH,43204
3485,DERRER HILL DR,,Columbus,OH,43204
111,DERRER DEN LN,,Columbus,OH,43204
3271,NATHAN CT,,Columbus,OH,43204
3462,STALLING CT,,Columbus,OH,43204
3379,TIMBER RUN DR,,Columbus,OH,43204
3315,MEDOMA DR,,Columbus,OH,43204
1945,MAPLEWAY DR,,Columbus,OH,43204
685,S OGDEN AVE,,Columbus,OH,43204
444,S OGDEN AVE,,Columbus,OH,43204
172,S OGDEN AVE,,Columbus,OH,43204
141,S BURGESS AVE,,Columbus,OH,43204
37,S BURGESS AVE,,Columbus,OH,43204
212,N BURGESS AVE,,Columbus,OH,43204
1400,BAY SHORE DR,CN 3D,Columbus,OH,43204
634,S OGDEN AVE,,Columbus,OH,43204
1205,LAKE SHORE DR,UNIT C,Columbus,OH,43204
1409,LAKE SHORE DR,,Columbus,OH,43204
1153,GEORGE'S PL,,Columbus,OH,43204
1133,GEORGE'S PL,,Columbus,OH,43204
261,DEMOREST AVE,,Columbus,OH,43204
3400,CAMP CHASE DR,B3,Columbus,OH,43204
1238,DEMOREST RD,,Columbus,OH,43204
1133,ST CECELIA DR,,Columbus,OH,43204
2648,ROSEDALE AVE,,Columbus,OH,43204
2518,W BROAD ST,A,Columbus,OH,43204
1211,LAKE SHORE DR,UNIT A,Columbus,OH,43204
386,S RICHARDSON AVE,,Columbus,OH,43204
373,S TERRACE AVE,,Columbus,OH,43204
255,ELDON AVE,,Columbus,OH,43204
1283,LAKE SHORE DR,,Columbus,OH,43204
441,DEMOREST AVE,,Columbus,OH,43204
1299,TREVOR CT,,Columbus,OH,43204
773,STEPHEN DR W,,Columbus,OH,43204
784,GLADSTONE AVE,,Columbus,OH,43204
3121,JERSEY DR,,Columbus,OH,43204
164,S TERRACE AVE,,Columbus,OH,43204
134,S TERRACE AVE,,Columbus,OH,43204
161,N EUREKA AVE,,Columbus,OH,43204
3322,WICKLOW RD,,Columbus,OH,43204
3319,MARY AVE,,Columbus,OH,43204
311,N ALGONQUIN AVE,,Columbus,OH,43204
188,S EUREKA AVE,,Columbus,OH,43204
147,S WAYNE AVE,,Columbus,OH,43204
20,N EUREKA AVE,,Columbus,OH,43204
79,N WAYNE AVE,,Columbus,OH,43204
240,N WAYNE AVE,,Columbus,OH,43204
1308,RIEGELWOOD LN,,Columbus,OH,43204
1257,RIEGELWOOD LN,,Columbus,OH,43204
848,MARK PL,,Columbus,OH,43204
887,VANDERBERG PL,,Columbus,OH,43204
65,S ALGONQUIN AVE,,Columbus,OH,43204
3237,MCKINLEY AVE,47,Columbus,OH,43204
715,POWHATAN AVE,,Columbus,OH,43204
144,S ALGONQUIN AVE,,Columbus,OH,43204
65,N BRINKER AVE,,Columbus,OH,43204
2485,EAKIN RD,,Columbus,OH,43204
600,S WAYNE AVE,,Columbus,OH,43204
252,S OAKLEY AVE,,Columbus,OH,43204
206,N OAKLEY AVE,,Columbus,OH,43204
75,S WHEATLAND AVE,,Columbus,OH,43204
85 1/2,S WHEATLAND AVE,,Columbus,OH,43204
81,N WHEATLAND AVE,,Columbus,OH,43204
220,S BRINKER AVE,,Columbus,OH,43204
538,S WHEATLAND AVE,,Columbus,OH,43204
1345,WILD OATS DR,,Columbus,OH,43204
1303,TELHAM CT,,Columbus,OH,43204
3230,BRIGGS RD,,Columbus,OH,43204
121,S WESTGATE AVE,,Columbus,OH,43204
83,S WESTGATE AVE,,Columbus,OH,43204
3077,W BROAD ST,,Columbus,OH,43204
105,N WESTMOOR AVE,,Columbus,OH,43204
2887,ABBOTS COVE BLVD,,Columbus,OH,43204
2775,MARBLEVISTA BLVD,,Columbus,OH,43204
1040,SALISBURY RD,,Columbus,OH,43204
91,S WESTMOOR AVE,,Columbus,OH,43204
2980,VALLEY VIEW DR,,Columbus,OH,43204
1126,ABBOTS LAKE CT,,Columbus,OH,43204
4006,SANDY RIDGE DR,,Columbus,OH,43204
49,S HURON AVE,,Columbus,OH,43204
502,N WESTMOOR AVE,,Columbus,OH,43204
1009,S ROYS AVE,,Columbus,OH,43204
436,S HURON AVE,,Columbus,OH,43204
301,BINNS BLVD,,Columbus,OH,43204
231,N HALDY AVE,,Columbus,OH,43204
2796,OTTIS CT,UNIT A,Columbus,OH,43204
3900,BASIA DR,,Columbus,OH,43204
3926,FARM BROOK LN,,Columbus,OH,43204
3914,CIDERMILL DR,,Columbus,OH,43204
1335,TRADE WINDS DR,APT 303,Columbus,OH,43204
677,BINNS BLVD,,Columbus,OH,43204
172,BINNS BLVD,,Columbus,OH,43204
1834,QUARRY VIEW,,Columbus,OH,43204
3030,BRIGGS RD,,Columbus,OH,43204
1779,QUARRY VIEW,,Columbus,OH,43204
1357,TRADE WINDS DR,APT 107,Columbus,OH,43204
3934,BUSINESS PARK DR,,Columbus,OH,43204
3805,FARM BROOK LN,,Columbus,OH,43204
581,S WHEATLAND AVE,,Columbus,OH,43204
2306,HARDESTY CT,,Columbus,OH,43204
1289,WINESAP DR,,Columbus,OH,43204
3900,POPLAR BEND DR,,Columbus,OH,43204
1247,GLEN COVE WAY,,Columbus,OH,43204
3917,FARM BROOK LN,,Columbus,OH,43204
3909,FARM BROOK LN,,Columbus,OH,43204
3895,CIDERMILL DR,,Columbus,OH,43204
64,N HALDY AVE,,Columbus,OH,43204
637,N HAGUE AVE,,Columbus,OH,43204
2518,MARBLEVISTA BLVD,,Columbus,OH,43204
628,BINNS BLVD,,Columbus,OH,43204
592,BINNS BLVD,,Columbus,OH,43204
2958,SULLIVANT AVE,UNIT A,Columbus,OH,43204
3106,MARY AVE,,Columbus,OH,43204
196,N HURON AVE,D,Columbus,OH,43204
2974,VALLEY VIEW DR,,Columbus,OH,43204
2937,FREMONT ST,,Columbus,OH,43204
2948,FREMONT ST,,Columbus,OH,43204
2904,W BROAD ST,,Columbus,OH,43204
53,N ROYS AVE,,Columbus,OH,43204
1760,QUARRY VIEW,,Columbus,OH,43204
94,N CHASE AVE,,Columbus,OH,43204
1065,S HAGUE AVE,,Columbus,OH,43204
1076,S HARRIS AVE,,Columbus,OH,43204
401,S POWELL AVE,,Columbus,OH,43204
62,S POWELL AVE,,Columbus,OH,43204
2743,SUTTON AVE,,Columbus,OH,43204
857,BINNS BLVD,,Columbus,OH,43204
186,S HURON AVE,,Columbus,OH,43204
53,BINNS BLVD,,Columbus,OH,43204
1114,ABBOTS BLUFF CT,,Columbus,OH,43204
1092,ABBOTS BLUFF CT,,Columbus,OH,43204
2601,MARBLEVISTA BLVD,,Columbus,OH,43204
2531,MARBLEVISTA BLVD,,Columbus,OH,43204
2580,MARBLEVISTA BLVD,,Columbus,OH,43204
580,SALISBURY RD,,Columbus,OH,43204
370,BINNS BLVD,,Columbus,OH,43204
69,N ROYS AVE,,Columbus,OH,43204
927,S HARRIS AVE,,Columbus,OH,43204
64,S HAGUE AVE,,Columbus,OH,43204
298,N HARRIS AVE,,Columbus,OH,43204
2879,NICHOLAS AVE,,Columbus,OH,43204
608,S HAGUE AVE,,Columbus,OH,43204
388,S HAGUE AVE,,Columbus,OH,43204
208,S HARRIS AVE,,Columbus,OH,43204
186,S HARRIS AVE,,Columbus,OH,43204
141,S WARREN AVE,,Columbus,OH,43204
2679,W BROAD ST,,Columbus,OH,43204
2759,MCKINLEY AVE,,Columbus,OH,43204
1374,RUNAWAY BAY DR,CN 2D,Columbus,OH,43204
1558,RUNAWAY BAY DR,CN 1D,Columbus,OH,43204
2746,REGINA AVE,,Columbus,OH,43204
717,S WARREN AVE,,Columbus,OH,43204
604,RACINE AVE,,Columbus,OH,43204
585,S WARREN AVE,,Columbus,OH,43204
1319,RUNAWAY BAY DR,,Columbus,OH,43204
1389,S HAGUE AVE,,Columbus,OH,43204
1357,S HAGUE AVE,,Columbus,OH,43204
901,CHESTERSHIRE RD,,Columbus,OH,43204
660,BINNS BLVD,,Columbus,OH,43204
2905,OLIVE ST,,Columbus,OH,43204
1786,QUARRY VIEW,,Columbus,OH,43204
1869,MARBLE CLIFF CROSSING CT,,Columbus,OH,43204
292 1/2,S HAGUE AVE,,Columbus,OH,43204
283,S HARRIS AVE,,Columbus,OH,43204
2828,CHESFIELD DR,,Columbus,OH,43204
2770,VANDERBERG AVE,,Columbus,OH,43204
774,RACINE AVE,,Columbus,OH,43204
694,S HARRIS AVE,,Columbus,OH,43204
3787,INTERCHANGE RD,,Columbus,OH,43204
3932,BUSINESS PARK DR,,Columbus,OH,43204
345,S ROYS AVE,,Columbus,OH,43204
266,S ROYS AVE,,Columbus,OH,43204
225,N POWELL AVE,,Columbus,OH,43204
2782,QUARRY POINT,,Columbus,OH,43204
2722,QUARRY LAKE DR,,Columbus,OH,43204
2389,MARBLEVISTA BLVD,,Columbus,OH,43204
3749,TWIN CREEKS DR,,Columbus,OH,43204
1223,WARBLE DR,,Columbus,OH,43204
1248,WARBLE DR,,Columbus,OH,43204
873,WILTSHIRE RD,,Columbus,OH,43204
393,S CHASE AVE,,Columbus,OH,43204
338,S CHASE AVE,,Columbus,OH,43204
141,N POWELL AVE,,Columbus,OH,43204
198,N POWELL AVE,,Columbus,OH,43204
3539,WILSON WOODS DR,,Columbus,OH,43204
1407,PEACH BLOSSOM CT,,Columbus,OH,43204
864,S HAGUE AVE,,Columbus,OH,43204
722,WILTSHIRE RD,,Columbus,OH,43204
399,S POWELL AVE,,Columbus,OH,43204
363,S POWELL AVE,D,Columbus,OH,43204
132,S POWELL AVE,,Columbus,OH,43204
106,S POWELL AVE,,Columbus,OH,43204
35,S POWELL AVE,,Columbus,OH,43204
25,S POWELL AVE,,Columbus,OH,43204
2731,CAROL AVE,,Columbus,OH,43204
785,HARRISON DR,,Columbus,OH,43204
1841,LAKE SHORE DR,,Columbus,OH,43204
3570,LINDENDALE DR,,Columbus,OH,43204
685,KINGSFORD RD,A6,Columbus,OH,43204
729,N WILSON RD,,Columbus,OH,43204
563,S HAGUE AVE,UNIT 05,Columbus,OH,43204
438,S POWELL AVE,,Columbus,OH,43204
421,S HAGUE AVE,,Columbus,OH,43204
347,S HAGUE AVE,,Columbus,OH,43204
263,S HAGUE AVE,,Columbus,OH,43204
58,S HAGUE AVE,,Columbus,OH,43204
56,S HAGUE AVE,,Columbus,OH,43204
76,N HARRIS AVE,,Columbus,OH,43204
101,N HARRIS AVE,,Columbus,OH,43204
3640,EAKIN RD,4A,Columbus,OH,43204
3593,EDSON DR,,Columbus,OH,43204
3594,EDSON DR,,Columbus,OH,43204
661,KINGSFORD RD,UNIT 3B,Columbus,OH,43204
700,HARRISON DR,,Columbus,OH,43204
280,S HARRIS AVE,,Columbus,OH,43204
294,S HARRIS AVE,,Columbus,OH,43204
31,S WARREN AVE,,Columbus,OH,43204
53,S WARREN AVE,,Columbus,OH,43204
3504,WILKES CT,,Columbus,OH,43204
129,DERRER MEADOW LN,,Columbus,OH,43204
3508,SENATOR CT,,Columbus,OH,43204
3406,TIMBER OAK DR,,Columbus,OH,43204
3251,MAPLEWAY LN,,Columbus,OH,43204
648,KINGSFORD RD,,Columbus,OH,43204
848,LINDENDALE CT,,Columbus,OH,43204
243,N OGDEN AVE,,Columbus,OH,43204
1515,RUNAWAY BAY DR,,Columbus,OH,43204
1510,RUNAWAY BAY DR,CN 2B,Columbus,OH,43204
1112,ST AGNES AVE,,Columbus,OH,43204
2771,ROSEDALE AVE,,Columbus,OH,43204
804,S WARREN AVE,,Columbus,OH,43204
690,RACINE AVE,,Columbus,OH,43204
289,S OGDEN AVE,,Columbus,OH,43204
27,N OGDEN AVE,,Columbus,OH,43204
1316,RUNAWAY BAY DR,CN 1C,Columbus,OH,43204
1558,RUNAWAY BAY DR,CN 2B,Columbus,OH,43204
1558,RUNAWAY BAY DR,CN 1C,Columbus,OH,43204
3490,RACE ST,,Columbus,OH,43204
441,DERRER RD,,Columbus,OH,43204
3337,TIMBER RUN DR,,Columbus,OH,43204
3352,TIMBER RUN DR,,Columbus,OH,43204
1825,SAN REMO DR,,Columbus,OH,43204
702,JOSEPHINE AVE,,Columbus,OH,43204
3506,WICKLOW RD,,Columbus,OH,43204
3497,SANITA CT,,Columbus,OH,43204
3235,MAPLEWAY LN,,Columbus,OH,43204
1528,RUNAWAY BAY DR,CN 1B,Columbus,OH,43204
2700,W MOUND ST,,Columbus,OH,43204
215,S BURGESS AVE,,Columbus,OH,43204
126,S OGDEN AVE,,Columbus,OH,43204
70,N OGDEN AVE,,Columbus,OH,43204
1601,LAKE SHORE DR,,Columbus,OH,43204
712,DEMOREST RD,,Columbus,OH,43204
268,DEMOREST AVE,,Columbus,OH,43204
3349,SOUTH BLVD,,Columbus,OH,43204
500,TRADE RD,,Columbus,OH,43204
3324,BRICHAR WAY,,Columbus,OH,43204
1288,TREVOR CT,,Columbus,OH,43204
1225,EL TORO DR,,Columbus,OH,43204
3590,TRABUE RD,,Columbus,OH,43204
3425,WICKLOW RD,,Columbus,OH,43204
114,DERRER RD,,Columbus,OH,43204
3371,RUDON LN,,Columbus,OH,43204
3343,TIMBER RUN DR,,Columbus,OH,43204
3549,TRABUE RD,,Columbus,OH,43204
1262,DEMOREST RD,,Columbus,OH,43204
1200,DEMOREST RD,,Columbus,OH,43204
701,DEMOREST RD,,Columbus,OH,43204
3156,LA VISTA DR,UNIT SLTR,Columbus,OH,43204
586,S OGDEN AVE,,Columbus,OH,43204
132,N BURGESS AVE,,Columbus,OH,43204
2519,W BROAD ST,,Columbus,OH,43204
1401,LAKE SHORE DR,,Columbus,OH,43204
370,S RICHARDSON AVE,,Columbus,OH,43204
370,S RICHARDSON AVE,,Columbus,OH,43204
323,S TERRACE AVE,,Columbus,OH,43204
308,S SOUTHAMPTON AVE,,Columbus,OH,43204
32,S SOUTHAMPTON AVE,,Columbus,OH,43204
262,S SYLVAN AVE,,Columbus,OH,43204
55,POWHATAN AVE,,Columbus,OH,43204
159,N SYLVAN AVE,,Columbus,OH,43204
250,N SYLVAN AVE,,Columbus,OH,43204
3209,VALLEY VIEW DR,,Columbus,OH,43204
3237,MCKINLEY AVE,73,Columbus,OH,43204
3426,BRIGGS RD,,Columbus,OH,43204
308,LETCHWORTH AVE,,Columbus,OH,43204
341,S SOUTHAMPTON AVE,,Columbus,OH,43204
1287,LOWLAND CT,,Columbus,OH,43204
3295,SULLIVANT AVE,UNIT N,Columbus,OH,43204
93,ELDON AVE,,Columbus,OH,43204
1289,LAKE SHORE DR,UNIT B,Columbus,OH,43204
1331,LAKE SHORE DR,,Columbus,OH,43204
110,S TERRACE AVE,,Columbus,OH,43204
2424,STEELE AVE,,Columbus,OH,43204
208,POWHATAN AVE,,Columbus,OH,43204
79,S ALGONQUIN AVE,,Columbus,OH,43204
32,OREL AVE,1,Columbus,OH,43204
1350,BAJA LN,,Columbus,OH,43204
886,VANDERBERG PL,,Columbus,OH,43204
878,VANDERBERG PL,,Columbus,OH,43204
3251,VANDERBERG AVE,,Columbus,OH,43204
293,S SYLVAN AVE,,Columbus,OH,43204
3237,MCKINLEY AVE,77,Columbus,OH,43204
3041,LA VISTA DR,,Columbus,OH,43204
650,POWHATAN AVE,,Columbus,OH,43204
3235,SULLIVANT AVE,M,Columbus,OH,43204
3200,SULLIVANT AVE,,Columbus,OH,43204
241,S ALGONQUIN AVE,,Columbus,OH,43204
2536,REGINA AVE,,Columbus,OH,43204
165,N WAYNE AVE,,Columbus,OH,43204
2516,REGINA AVE,,Columbus,OH,43204
2477,SPAATZ AVE,,Columbus,OH,43204
1361,WILD OATS DR,,Columbus,OH,43204
599,S BRINKER AVE,,Columbus,OH,43204
3215,PARKSIDE RD,,Columbus,OH,43204
37,N BRINKER AVE,,Columbus,OH,43204
258,N BRINKER AVE,,Columbus,OH,43204
3252,STEPHEN DR S,,Columbus,OH,43204
2940,ABBOTS COVE BLVD,,Columbus,OH,43204
3130,RIDGE AVE,,Columbus,OH,43204
304,N BRINKER AVE,,Columbus,OH,43204
3336,ONSLOW CT,,Columbus,OH,43204
3161,PARKSIDE RD,,Columbus,OH,43204
279,S BRINKER AVE,,Columbus,OH,43204
74,S BRINKER AVE,,Columbus,OH,43204
108,N BRINKER AVE,,Columbus,OH,43204
283,S OAKLEY AVE,,Columbus,OH,43204
2331,W BROAD ST,,Columbus,OH,43204
231,N WHEATLAND AVE,,Columbus,OH,43204
2210,MCKINLEY AVE,,Columbus,OH,43204
542,S WHEATLAND AVE,,Columbus,OH,43204
1286,ONSLOW DR,,Columbus,OH,43204
3032,VALLEY VIEW DR,,Columbus,OH,43204
926,ANTHONY DR,,Columbus,OH,43204
80,N WESTMOOR AVE,,Columbus,OH,43204
1376,RESTWOOD CT,,Columbus,OH,43204
1214,ONSLOW DR,,Columbus,OH,43204
185,N WESTMOOR AVE,,Columbus,OH,43204
630,S WHEATLAND AVE,,Columbus,OH,43204
1110,ABBOTS LAKE CT,,Columbus,OH,43204
3034,OLIVE ST,,Columbus,OH,43204
146,N HURON AVE,,Columbus,OH,43204
190,N HURON AVE,L,Columbus,OH,43204
456,N WESTMOOR AVE,,Columbus,OH,43204
1142,ABBOTS GREEN CIR,,Columbus,OH,43204
2653,MARBLEVISTA BLVD,,Columbus,OH,43204
944,BINNS BLVD,,Columbus,OH,43204
757,SALISBURY RD,,Columbus,OH,43204
342,S HURON AVE,,Columbus,OH,43204
370,JOSEPHINE AVE,,Columbus,OH,43204
378 1/2,JOSEPHINE AVE,,Columbus,OH,43204
3486,FREMONT ST,,Columbus,OH,43204
2853,CHESFIELD DR,,Columbus,OH,43204
1081,BELLFLOWER AVE,,Columbus,OH,43204
587,S HARRIS AVE,,Columbus,OH,43204
2777,SULLIVANT AVE,,Columbus,OH,43204
489,S HARRIS AVE,,Columbus,OH,43204
0,S HARRIS AVE,,Columbus,OH,43204
2343,QUARRY VALLEY RD,,Columbus,OH,43204
247,FREMONT CT,,Columbus,OH,43204
3473,DERRER HILL DR,,Columbus,OH,43204
178,N WILSON RD,,Columbus,OH,43204
3416,TIMBER RUN DR,,Columbus,OH,43204
1917,MAPLEWAY DR,,Columbus,OH,43204
2843,NICHOLAS AVE,,Columbus,OH,43204
1349,CHESFIELD DR E,,Columbus,OH,43204
369,S WARREN AVE,,Columbus,OH,43204
195,N OGDEN AVE,,Columbus,OH,43204
228,N WARREN AVE,,Columbus,OH,43204
1350,RUNAWAY BAY DR,CN 1C,Columbus,OH,43204
1382,BAY SHORE DR,CN 1D,Columbus,OH,43204
1424,BAY SHORE DR,CN 3A,Columbus,OH,43204
2361,KEEP PL,,Columbus,OH,43204
3577,FARMHURST LN,,Columbus,OH,43204
657,JOYFUL ST,,Columbus,OH,43204
634,JOYFUL ST,,Columbus,OH,43204
3442,FREMONT ST,,Columbus,OH,43204
119,DERRER RD,,Columbus,OH,43204
89,DERRER ESTATES PL,,Columbus,OH,43204
3630,TRABUE RD,,Columbus,OH,43204
3469,EAKIN RD,,Columbus,OH,43204
674,DERRER RD,,Columbus,OH,43204
2728,SCHURTZ AVE,,Columbus,OH,43204
2732,ST PATRICK RD,,Columbus,OH,43204
25,S BURGESS AVE,C,Columbus,OH,43204
2680,BERNADETTE RD,,Columbus,OH,43204
112,N BURGESS AVE,,Columbus,OH,43204
2525,WESTWOOD DR,,Columbus,OH,43204
1469,LAKE SHORE DR,C,Columbus,OH,43204
1465,LAKE SHORE DR,,Columbus,OH,43204
2670,SCHURTZ AVE,,Columbus,OH,43204
254,DEMOREST AVE,,Columbus,OH,43204
489,INDUSTRY DR,,Columbus,OH,43204
3148,EL GRECO DR,,Columbus,OH,43204
1361,CRISFIELD DR,,Columbus,OH,43204
3379,PARKSIDE RD,,Columbus,OH,43204
824,GLADSTONE AVE,,Columbus,OH,43204
3384,BRIGGS RD,,Columbus,OH,43204
701,ATHENS AVE,,Columbus,OH,43204
651,ATHENS AVE,,Columbus,OH,43204
235,S SYLVAN AVE,,Columbus,OH,43204
269,S RICHARDSON AVE,,Columbus,OH,43204
39,N TERRACE AVE,,Columbus,OH,43204
2464,WESTWOOD DR,,Columbus,OH,43204
1401,LAKE SHORE DR,UNIT C,Columbus,OH,43204
664,S BURGESS AVE,,Columbus,OH,43204
2535,SULLIVANT AVE,,Columbus,OH,43204
140,ELDON AVE,,Columbus,OH,43204
1251,LAKE SHORE DR,UNIT B,Columbus,OH,43204
110,S SOUTHAMPTON AVE,,Columbus,OH,43204
285,N SYLVAN AVE,,Columbus,OH,43204
1299,LOWLAND CT,,Columbus,OH,43204
260,S SYLVAN AVE,,Columbus,OH,43204
68,N SYLVAN AVE,K,Columbus,OH,43204
312,N ALGONQUIN AVE,,Columbus,OH,43204
322,S TERRACE AVE,,Columbus,OH,43204
45,S EUREKA AVE,,Columbus,OH,43204
2524,VANDERBERG AVE,,Columbus,OH,43204
238,S EUREKA AVE,,Columbus,OH,43204
533,S WAYNE AVE,,Columbus,OH,43204
284,S WAYNE AVE,,Columbus,OH,43204
1185,RIEGELWOOD LN,,Columbus,OH,43204
1313,ONSLOW DR,,Columbus,OH,43204
878,S BRINKER AVE,,Columbus,OH,43204
516,S WAYNE AVE,,Columbus,OH,43204
99,N WHEATLAND AVE,UNIT D,Columbus,OH,43204
528,S OAKLEY AVE,,Columbus,OH,43204
325,S WHEATLAND AVE,,Columbus,OH,43204
1534,RUNAWAY BAY DR,CN 1C,Columbus,OH,43204
789,S OGDEN AVE,,Columbus,OH,43204
767,S OGDEN AVE,,Columbus,OH,43204
585,S OGDEN AVE,,Columbus,OH,43204
288,S OGDEN AVE,,Columbus,OH,43204
1342,WILD OATS DR,,Columbus,OH,43204
610,S BRINKER AVE,,Columbus,OH,43204
193,S BRINKER AVE,,Columbus,OH,43204
59,N WESTGATE AVE,,Columbus,OH,43204
101,N WESTGATE AVE,,Columbus,OH,43204
3061,VALLEY VIEW DR,11,Columbus,OH,43204
2896,ABBOT'S COVE BLVD,,Columbus,OH,43204
2426,HARDESTY DR S,,Columbus,OH,43204
629,S WHEATLAND AVE,,Columbus,OH,43204
559,S WHEATLAND AVE,,Columbus,OH,43204
354,S WHEATLAND AVE,,Columbus,OH,43204
692,S WHEATLAND AVE,,Columbus,OH,43204
2700,HAFTON WOODS CT,,Columbus,OH,43204
692,S OGDEN AVE,,Columbus,OH,43204
630,S OGDEN AVE,,Columbus,OH,43204
636,S OGDEN AVE,,Columbus,OH,43204
2469,SULLIVANT AVE,,Columbus,OH,43204
1015,ANTHONY DR,,Columbus,OH,43204
1228,ST CECELIA DR,,Columbus,OH,43204
736,S BURGESS AVE,,Columbus,OH,43204
176,S RICHARDSON AVE,,Columbus,OH,43204
130,S RICHARDSON AVE,,Columbus,OH,43204
2475,SCIOTO HARPER DR,,Columbus,OH,43204
1216,LAKE SHORE DR,,Columbus,OH,43204
1445,CLIFF CT,A,Columbus,OH,43204
2323,W 5TH AVE,,Columbus,OH,43204
1397,ROYSTON DR,,Columbus,OH,43204
3132,VANDERBERG AVE,,Columbus,OH,43204
1326,RIVIERA CT,UNIT E,Columbus,OH,43204
763,S RICHARDSON AVE,,Columbus,OH,43204
369,S TERRACE AVE,,Columbus,OH,43204
241,ELDON AVE,,Columbus,OH,43204
2493,MCKINLEY AVE,,Columbus,OH,43204
1645,N WILSON RD,,Columbus,OH,43204
3177,VAUXHALL DR,,Columbus,OH,43204
878,SALISBURY RD,,Columbus,OH,43204
159,S HURON AVE,,Columbus,OH,43204
18,N HURON AVE,APT D,Columbus,OH,43204
32,N HURON AVE,,Columbus,OH,43204
192,N HURON AVE,C,Columbus,OH,43204
2823,LA VISTA DR,,Columbus,OH,43204
2615,MARBLEVISTA BLVD,,Columbus,OH,43204
63,BINNS BLVD,,Columbus,OH,43204
2715,ABBOTS LOOP CT,,Columbus,OH,43204
2678,SCIOTO STATION DR,,Columbus,OH,43204
749,S TERRACE AVE,,Columbus,OH,43204
386,S TERRACE AVE,,Columbus,OH,43204
2408,WESTWOOD DR,C,Columbus,OH,43204
2540,SPAATZ AVE,,Columbus,OH,43204
622,S TERRACE AVE,,Columbus,OH,43204
61,S WAYNE AVE,,Columbus,OH,43204
29,S WAYNE AVE,,Columbus,OH,43204
90,N EUREKA AVE,,Columbus,OH,43204
122,N EUREKA AVE,,Columbus,OH,43204
192,N EUREKA AVE,,Columbus,OH,43204
188,N EUREKA AVE,,Columbus,OH,43204
144,BINNS BLVD,,Columbus,OH,43204
1910,MARBLE CLIFF CROSSING CT,,Columbus,OH,43204
1892,MARBLE CLIFF CROSSING CT,,Columbus,OH,43204
2443,SULLIVANT AVE,,Columbus,OH,43204
353,S WAYNE AVE,,Columbus,OH,43204
560,S WAYNE AVE,,Columbus,OH,43204
558,S WAYNE AVE,,Columbus,OH,43204
327,S OAKLEY AVE,,Columbus,OH,43204
3761,GIBBSTONE DR,,Columbus,OH,43204
3702,GIBBSTONE DR,,Columbus,OH,43204
2958,SULLIVANT AVE,UNIT M,Columbus,OH,43204
151,S ROYS AVE,,Columbus,OH,43204
451,N POWELL AVE,,Columbus,OH,43204
1791,QUARRY VIEW,,Columbus,OH,43204
2764,QUARRY LAKE DR,,Columbus,OH,43204
1023,BROOKS END CT,,Columbus,OH,43204
2415,EAKIN RD,,Columbus,OH,43204
641,S OAKLEY AVE,,Columbus,OH,43204
301,S WHEATLAND AVE,,Columbus,OH,43204
81,S WHEATLAND AVE,,Columbus,OH,43204
2450,HARDESTY DR S,,Columbus,OH,43204
2285,W BROAD ST,,Columbus,OH,43204
1431,SUNFLOWER DR,,Columbus,OH,43204
1004,WILTSHIRE RD,,Columbus,OH,43204
575,S ROYS AVE,,Columbus,OH,43204
2930,SULLIVANT AVE,,Columbus,OH,43204
151,N POWELL AVE,,Columbus,OH,43204
1688,QUARRY TRACE,,Columbus,OH,43204
2401,MARBLEVISTA BLVD,,Columbus,OH,43204
1059,HARDESTY PL E,,Columbus,OH,43204
3492,WILSON WOODS DR,B,Columbus,OH,43204
1450,SUNFLOWER DR,,Columbus,OH,43204
898,WILTSHIRE RD,,Columbus,OH,43204
870,WILTSHIRE RD,,Columbus,OH,43204
1718,QUARRY TRACE,,Columbus,OH,43204
2325,MARBLEVISTA BLVD,,Columbus,OH,43204
3568,LINDENDALE DR,,Columbus,OH,43204
751,KINGSFORD RD,UNIT D,Columbus,OH,43204
3641,EAKIN RD,UNIT D,Columbus,OH,43204
915,S HAGUE AVE,,Columbus,OH,43204
800,WILTSHIRE RD,,Columbus,OH,43204
124,S POWELL AVE,,Columbus,OH,43204
2523,QUARRY VALLEY RD,,Columbus,OH,43204
192,RANELLE DR,,Columbus,OH,43204
3606,EDSON DR,,Columbus,OH,43204
918,S HARRIS AVE,,Columbus,OH,43204
582,WILTSHIRE RD,,Columbus,OH,43204
381,S HAGUE AVE,,Columbus,OH,43204
55,S HAGUE AVE,D,Columbus,OH,43204
86,S HAGUE AVE,,Columbus,OH,43204
1455,RUNAWAY BAY DR,CN 2D,Columbus,OH,43204
1393,WINESAP DR,,Columbus,OH,43204
3165,RACE ST,,Columbus,OH,43204
2885,ABBOTS COVE BLVD,,Columbus,OH,43204
1359,HELMSDALE DR,,Columbus,OH,43204
3120,SULLIVANT AVE,,Columbus,OH,43204
3100,SULLIVANT AVE,,Columbus,OH,43204
34,N WESTMOOR AVE,,Columbus,OH,43204
1326,RIVIERA CT,,Columbus,OH,43204
2853,LA VISTA DR,,Columbus,OH,43204
1333,CASCADE CT,,Columbus,OH,43204
990,BROOKS END CT,,Columbus,OH,43204
1010,SALISBURY RD,,Columbus,OH,43204
164,S WESTMOOR AVE,,Columbus,OH,43204
58,S HURON AVE,,Columbus,OH,43204
600,S WHEATLAND AVE,,Columbus,OH,43204
1245,WARBLE DR,,Columbus,OH,43204
3883,BASIA DR,,Columbus,OH,43204
3911,BUSINESS PARK DR,,Columbus,OH,43204
1357,TRADE WINDS DR,APT 200,Columbus,OH,43204
3014,W BROAD ST,,Columbus,OH,43204
476,N WESTMOOR AVE,,Columbus,OH,43204
925,BINNS BLVD,,Columbus,OH,43204
368,S HURON AVE,,Columbus,OH,43204
2719,ABBOTS LOOP CT,,Columbus,OH,43204
2570,MARBLEVISTA BLVD,,Columbus,OH,43204
621,N HAGUE AVE,,Columbus,OH,43204
3577,INTERCHANGE RD,,Columbus,OH,43204
3675,FOSSIL DR,,Columbus,OH,43204
1746,QUARRY VIEW,,Columbus,OH,43204
4026,BUSINESS PARK DR,,Columbus,OH,43204
1371,TRADE WINDS DR,APT 307,Columbus,OH,43204
3855,BUSINESS PARK DR,,Columbus,OH,43204
876,CHESTERSHIRE RD,,Columbus,OH,43204
2872,W BROAD ST,,Columbus,OH,43204
798,CHESTERSHIRE RD,,Columbus,OH,43204
597,CHESTERSHIRE RD,,Columbus,OH,43204
2861,WICKLOW RD,B,Columbus,OH,43204
3560,WILSON WOODS DR,B,Columbus,OH,43204
3601,INTERCHANGE RD,,Columbus,OH,43204
3551,WILSON WOODS DR,,Columbus,OH,43204
292,S CHASE AVE,A,Columbus,OH,43204
2824,W BROAD ST,,Columbus,OH,43204
2984,MCKINLEY AVE,ATM,Columbus,OH,43204
3497,WILSON WOODS DR,,Columbus,OH,43204
2940,DAISY LN,,Columbus,OH,43204
1065,S HARRIS AVE,,Columbus,OH,43204
63,N HAGUE AVE,,Columbus,OH,43204
1201,BELLFLOWER AVE,,Columbus,OH,43204
919,S HARRIS AVE,,Columbus,OH,43204
835,S HARRIS AVE,,Columbus,OH,43204
643,S HAGUE AVE,,Columbus,OH,43204
365,S HAGUE AVE,,Columbus,OH,43204
3450,WILSON WOODS DR,G,Columbus,OH,43204
3425,WILSON WOODS DR,K,Columbus,OH,43204
82,S HAGUE AVE,,Columbus,OH,43204
2725,STEELE AVE,,Columbus,OH,43204
287,N HARRIS AVE,,Columbus,OH,43204
1455,RUNAWAY BAY DR,CN 1A,Columbus,OH,43204
1467,RUNAWAY BAY DR,,Columbus,OH,43204
747,S HARRIS AVE,,Columbus,OH,43204
744,S HARRIS AVE,,Columbus,OH,43204
745,N WILSON RD,,Columbus,OH,43204
911,KINGSFORD RD,C,Columbus,OH,43204
861,KINGSFORD RD,UNIT C,Columbus,OH,43204
771,KINGSFORD RD,UNIT B,Columbus,OH,43204
633,S HARRIS AVE,,Columbus,OH,43204
581,S HARRIS AVE,,Columbus,OH,43204
502,S HAGUE AVE,,Columbus,OH,43204
396,S HAGUE AVE,,Columbus,OH,43204
352,S HAGUE AVE,,Columbus,OH,43204
357,S HARRIS AVE,,Columbus,OH,43204
346,S HAGUE AVE,,Columbus,OH,43204
168,S HAGUE AVE,,Columbus,OH,43204
67,N HARRIS AVE,,Columbus,OH,43204
191,N WARREN AVE,,Columbus,OH,43204
906,KINGSFORD RD,,Columbus,OH,43204
763,BRIXHAM RD,,Columbus,OH,43204
3615,EAKIN RD,,Columbus,OH,43204
3557,EDSON DR,,Columbus,OH,43204
852,LINDENDALE CT,,Columbus,OH,43204
824,LINDENDALE CT,,Columbus,OH,43204
435,JOSEPHINE AVE,,Columbus,OH,43204
3504,SENATOR CT,,Columbus,OH,43204
253,N OGDEN AVE,,Columbus,OH,43204
2453,QUARRY LAKE DR,,Columbus,OH,43204
3513,DERRER FIELD DR,,Columbus,OH,43204
3582,FARMHURST LN,,Columbus,OH,43204
623,JOSEPHINE AVE,,Columbus,OH,43204
3476,DERRER FIELD DR,,Columbus,OH,43204
2760,ST PATRICK RD,,Columbus,OH,43204
2732,REGINA AVE,,Columbus,OH,43204
2733,EAKIN RD,,Columbus,OH,43204
425,S WARREN AVE,,Columbus,OH,43204
402,S WARREN AVE,,Columbus,OH,43204
82,S WARREN AVE,,Columbus,OH,43204
75,S OGDEN AVE,,Columbus,OH,43204
1418,BAY SHORE DR,CN 3D,Columbus,OH,43204
2722,REGINA AVE,,Columbus,OH,43204
105,N BURGESS AVE,,Columbus,OH,43204
245,N BURGESS AVE,,Columbus,OH,43204
3461,GREAT WESTERN BLVD,UNIT 100,Columbus,OH,43204
3393,TIMBER OAK DR,,Columbus,OH,43204
2053,BUILDERS PL,,Columbus,OH,43204
2687,ST PATRICK RD,,Columbus,OH,43204
2662,BERNADETTE RD,,Columbus,OH,43204
397,S BURGESS AVE,,Columbus,OH,43204
361,S BURGESS AVE,,Columbus,OH,43204
1344,HAFTON WOODS DR,,Columbus,OH,43204
1090,ST JUDE AVE,,Columbus,OH,43204
778,S BURGESS AVE,,Columbus,OH,43204
105,S RICHARDSON AVE,,Columbus,OH,43204
1290,DEMOREST RD,,Columbus,OH,43204
3464,RACE ST,,Columbus,OH,43204
200,DERRER RD,,Columbus,OH,43204
221,DEMOREST AVE,,Columbus,OH,43204
886,DEMOREST RD,,Columbus,OH,43204
3240,COLONY HILL LN,,Columbus,OH,43204
1830,SAN REMO DR,,Columbus,OH,43204
2585,EAKIN RD,,Columbus,OH,43204
2579,EAKIN RD,,Columbus,OH,43204
432,S RICHARDSON AVE,,Columbus,OH,43204
141,S TERRACE AVE,,Columbus,OH,43204
189,ELDON AVE,,Columbus,OH,43204
1301,LAKE SHORE DR,UNIT B,Columbus,OH,43204
1412,LAKE SHORE DR,B,Columbus,OH,43204
1442,CLIFF CT,C,Columbus,OH,43204
207,S SOUTHAMPTON AVE,,Columbus,OH,43204
3162,BOWDOIN CIR,,Columbus,OH,43204
3340,MARY AVE,,Columbus,OH,43204
3238,W BROAD ST,,Columbus,OH,43204
78,N SYLVAN AVE,L,Columbus,OH,43204
205,N SYLVAN AVE,,Columbus,OH,43204
2455,W BROAD ST,,Columbus,OH,43204
32,ELDON AVE,,Columbus,OH,43204
2549,REGINA AVE,,Columbus,OH,43204
691,S TERRACE AVE,,Columbus,OH,43204
449,S EUREKA AVE,,Columbus,OH,43204
1418,BROOKFOREST DR,,Columbus,OH,43204
1495,BROOKFOREST DR,,Columbus,OH,43204
251,N ALGONQUIN AVE,,Columbus,OH,43204
1200,VERA PL,,Columbus,OH,43204
3063,JERSEY DR,,Columbus,OH,43204
2924,WOODLOOP LN,,Columbus,OH,43204
3262,WHITEHEAD RD,,Columbus,OH,43204
98,POWHATAN AVE,,Columbus,OH,43204
3223,RACE ST,,Columbus,OH,43204
3242,SULLIVANT AVE,,Columbus,OH,43204
319,S ALGONQUIN AVE,,Columbus,OH,43204
221,S ALGONQUIN AVE,,Columbus,OH,43204
318,N BRINKER AVE,,Columbus,OH,43204
26,N EUREKA AVE,,Columbus,OH,43204
2406,W BROAD ST,,Columbus,OH,43204
155,N WAYNE AVE,,Columbus,OH,43204
2386,LOUDEN AVE,,Columbus,OH,43204
2388,APPLE ST,,Columbus,OH,43204
1523,BROOKFOREST DR,,Columbus,OH,43204
286,S BRINKER AVE,,Columbus,OH,43204
1054,EUREKA AVE,,Columbus,OH,43204
2460,SYMINGTON AVE,,Columbus,OH,43204
2453,EAKIN RD,,Columbus,OH,43204
2406,SULLIVANT AVE,,Columbus,OH,43204
2400,SULLIVANT AVE,,Columbus,OH,43204
436,S WAYNE AVE,,Columbus,OH,43204
234,S OAKLEY AVE,,Columbus,OH,43204
126,S OAKLEY AVE,,Columbus,OH,43204
251,N WHEATLAND AVE,,Columbus,OH,43204
93,S BURGESS AVE,UNIT,Columbus,OH,43204
58,S OGDEN AVE,,Columbus,OH,43204
2679,ST JOSEPH AVE,,Columbus,OH,43204
2424,HARRISON RD,,Columbus,OH,43204
1199,LAKE SHORE DR,,Columbus,OH,43204
3520,FREMONT ST,,Columbus,OH,43204
1149,FARMHURST CT,,Columbus,OH,43204
418,JOSEPHINE AVE,,Columbus,OH,43204
1151,ST CECELIA DR,,Columbus,OH,43204
629,S BURGESS AVE,,Columbus,OH,43204
472,S BURGESS AVE,,Columbus,OH,43204
492,S BURGESS AVE,,Columbus,OH,43204
131,S RICHARDSON AVE,,Columbus,OH,43204
32,S RICHARDSON AVE,,Columbus,OH,43204
2505,STEELE AVE,,Columbus,OH,43204
1439,LAKE SHORE DR,UNIT B,Columbus,OH,43204
1445,CLIFF CT,C,Columbus,OH,43204
3486,WESTWAY DR,,Columbus,OH,43204
3459,DERRER CT S,,Columbus,OH,43204
3451,WICKLOW RD,,Columbus,OH,43204
3451,DERRER CT S,,Columbus,OH,43204
358,S RICHARDSON AVE,,Columbus,OH,43204
151,ELDON AVE,,Columbus,OH,43204
1326,LAKE SHORE DR,UNIT C,Columbus,OH,43204
619,S TERRACE AVE,,Columbus,OH,43204
237,S EUREKA AVE,,Columbus,OH,43204
2447,W BROAD ST,UNIT 1,Columbus,OH,43204
149,N EUREKA AVE,,Columbus,OH,43204
2321,MCKINLEY AVE,CATV,Columbus,OH,43204
639,DERRER RD,,Columbus,OH,43204
213,DEMOREST AVE,,Columbus,OH,43204
131,DEMOREST AVE,,Columbus,OH,43204
89,DEMOREST AVE,,Columbus,OH,43204
744,DEMOREST RD,,Columbus,OH,43204
575,DEXTER AVE,,Columbus,OH,43204
215,S SOUTHAMPTON AVE,,Columbus,OH,43204
3333,W BROAD ST,4,Columbus,OH,43204
2413,W BROAD ST,,Columbus,OH,43204
665,S EUREKA AVE,,Columbus,OH,43204
2447,SULLIVANT AVE,,Columbus,OH,43204
2454,SYMINGTON AVE,,Columbus,OH,43204
2317,STEELE AVE,,Columbus,OH,43204
3343,EAKIN RD,,Columbus,OH,43204
620,ATHENS AVE,,Columbus,OH,43204
3295,SULLIVANT AVE,UNIT K,Columbus,OH,43204
76,S SYLVAN AVE,,Columbus,OH,43204
78,N SYLVAN AVE,B,Columbus,OH,43204
1170,VERA PL,,Columbus,OH,43204
3052,JERSEY DR,,Columbus,OH,43204
3135,WESTMILLS DR,,Columbus,OH,43204
2419,EAKIN RD,,Columbus,OH,43204
2413,EAKIN RD,,Columbus,OH,43204
2373 1/2,SULLIVANT AVE,,Columbus,OH,43204
1014,HARDESTY PL W,,Columbus,OH,43204
370,S WHEATLAND AVE,,Columbus,OH,43204
3399,EMELINE DR,,Columbus,OH,43204
349,POWHATAN AVE,,Columbus,OH,43204
1339,BAJA LN,,Columbus,OH,43204
1344,BAJA LN,,Columbus,OH,43204
2925,CORTONA RD,,Columbus,OH,43204
2372,HARDESTY DR S,,Columbus,OH,43204
2317,HARDESTY DR N,,Columbus,OH,43204
3235,SULLIVANT AVE,H,Columbus,OH,43204
3100,VALLEY VIEW DR,,Columbus,OH,43204
713,S BRINKER AVE,,Columbus,OH,43204
113,N WESTGATE AVE,,Columbus,OH,43204
3053,VALLEY VIEW DR,,Columbus,OH,43204
2304,HARDESTY CT,,Columbus,OH,43204
1035,HARDESTY PL E,,Columbus,OH,43204
1274,ONSLOW DR,,Columbus,OH,43204
3191,VANDERBERG AVE,,Columbus,OH,43204
2737,MARBLEVISTA BLVD,,Columbus,OH,43204
912,SALISBURY RD,,Columbus,OH,43204
3149,TELHAM DR,,Columbus,OH,43204
926,BINNS BLVD,,Columbus,OH,43204
3028,SULLIVANT AVE,,Columbus,OH,43204
345,BINNS BLVD,,Columbus,OH,43204
3006,FREMONT ST,,Columbus,OH,43204
3000,FREMONT ST,,Columbus,OH,43204
786,BINNS BLVD,,Columbus,OH,43204
1616,ONGARO DR W,,Columbus,OH,43204
2988,SULLIVANT AVE,,Columbus,OH,43204
639,N HAGUE AVE,,Columbus,OH,43204
2675,ABBOTS LOOP CT,,Columbus,OH,43204
2779,OTTIS CT,,Columbus,OH,43204
1911,MARBLE CLIFF CROSSING CT,,Columbus,OH,43204
1293,DEER LAKE CT,,Columbus,OH,43204
3850,TRESTLE CT,,Columbus,OH,43204
1084,CHESTERSHIRE RD,,Columbus,OH,43204
156,GUERNSEY AVE,,Columbus,OH,43204
58,N ROYS AVE,,Columbus,OH,43204
2820,QUARRY POINT,,Columbus,OH,43204
1880,MARBLE CLIFF CROSSING CT,,Columbus,OH,43204
1966,LAKE SHORE DR,,Columbus,OH,43204
1335,TRADE WINDS DR,APT 206,Columbus,OH,43204
3729,WINDWARD WAY,APT 301,Columbus,OH,43204
328,S ROYS AVE,,Columbus,OH,43204
136,S ROYS AVE,,Columbus,OH,43204
1696,QUARRY TRACE,,Columbus,OH,43204
2719,QUARRY LAKE DR,,Columbus,OH,43204
1398,SUNFLOWER DR,,Columbus,OH,43204
667,CHESTERSHIRE RD,,Columbus,OH,43204
2887,WICKLOW RD,,Columbus,OH,43204
881,S HAGUE AVE,,Columbus,OH,43204
295,S POWELL AVE,,Columbus,OH,43204
186,S POWELL AVE,B,Columbus,OH,43204
95,N HAGUE AVE,,Columbus,OH,43204
2845,FISHER RD,,Columbus,OH,43204
1381,BELLFLOWER AVE,,Columbus,OH,43204
3563,INTERCHANGE RD,,Columbus,OH,43204
3641,DRAGONFLY DR,,Columbus,OH,43204
3566,WILSON WOODS DR,F,Columbus,OH,43204
944,S HARRIS AVE,,Columbus,OH,43204
749,S HAGUE AVE,,Columbus,OH,43204
141,S HAGUE AVE,,Columbus,OH,43204
104,S HAGUE AVE,,Columbus,OH,43204
183,N HARRIS AVE,,Columbus,OH,43204
1431,RUNAWAY BAY DR,CN 2C,Columbus,OH,43204
830,S HARRIS AVE,B,Columbus,OH,43204
664,S HAGUE AVE,,Columbus,OH,43204
600,S HAGUE AVE,,Columbus,OH,43204
434,S HAGUE AVE,,Columbus,OH,43204
443,S HARRIS AVE,,Columbus,OH,43204
3484,WILSON WOODS DR,B,Columbus,OH,43204
337,S HARRIS AVE,,Columbus,OH,43204
110,N HARRIS AVE,,Columbus,OH,43204
2345,QUARRY VALLEY RD,,Columbus,OH,43204
2801,LONGFIELD RD,,Columbus,OH,43204
1049,PARMA AVE,,Columbus,OH,43204
636,S HARRIS AVE,,Columbus,OH,43204
373,S WARREN AVE,,Columbus,OH,43204
95,S WARREN AVE,,Columbus,OH,43204
84,S HARRIS AVE,,Columbus,OH,43204
295,N OGDEN AVE,,Columbus,OH,43204
1535,RUNAWAY BAY DR,CN 2C,Columbus,OH,43204
1564,RUNAWAY BAY DR,CN 3C,Columbus,OH,43204
1558,RUNAWAY BAY DR,CN 1A,Columbus,OH,43204
2465,QUARRY LAKE DR,,Columbus,OH,43204
1436,CROSS CREEK DR,F,Columbus,OH,43204
605,KINGSFORD RD,,Columbus,OH,43204
1397,BRONWYN AVE,,Columbus,OH,43204
1230,BRONWYN AVE,,Columbus,OH,43204
210,S WARREN AVE,,Columbus,OH,43204
154,S WARREN AVE,,Columbus,OH,43204
26,N WARREN AVE,,Columbus,OH,43204
1382,BAY SHORE DR,CN 3B,Columbus,OH,43204
1424,BAY SHORE DR,CN 1C,Columbus,OH,43204
2145,QUARRY VALLEY RD,,Columbus,OH,43204
2704,REGINA AVE,,Columbus,OH,43204
264,N ALGONQUIN AVE,,Columbus,OH,43204
287,S ALGONQUIN AVE,,Columbus,OH,43204
2567,VANDERBERG AVE,,Columbus,OH,43204
2558,EAKIN RD,,Columbus,OH,43204
756,S RICHARDSON AVE,,Columbus,OH,43204
559,S TERRACE AVE,,Columbus,OH,43204
187,S EUREKA AVE,,Columbus,OH,43204
70,S TERRACE AVE,,Columbus,OH,43204
215,N EUREKA AVE,,Columbus,OH,43204
249,N EUREKA AVE,,Columbus,OH,43204
3344,EMELINE DR,,Columbus,OH,43204
1165,ONSLOW DR,,Columbus,OH,43204
3195,PARKSIDE RD,,Columbus,OH,43204
229,S BRINKER AVE,,Columbus,OH,43204
3255,MCKINLEY AVE,,Columbus,OH,43204
699,S TERRACE AVE,,Columbus,OH,43204
598,S TERRACE AVE,,Columbus,OH,43204
535,S EUREKA AVE,,Columbus,OH,43204
367,S EUREKA AVE,,Columbus,OH,43204
300,S EUREKA AVE,,Columbus,OH,43204
2393,APPLE ST,,Columbus,OH,43204
986,S EUREKA AVE,,Columbus,OH,43204
3010,VALLEY VIEW DR,,Columbus,OH,43204
3007,WESTMOOR CT,,Columbus,OH,43204
1327,CATALINA CT,,Columbus,OH,43204
2741,MARBLEVISTA BLVD,,Columbus,OH,43204
114,S OAKLEY AVE,,Columbus,OH,43204
19,N OAKLEY AVE,,Columbus,OH,43204
2490,HARDESTY DR S,,Columbus,OH,43204
1041,BROOKS END CT,,Columbus,OH,43204
625,S OAKLEY AVE,,Columbus,OH,43204
355,S WHEATLAND AVE,,Columbus,OH,43204
53,S WHEATLAND AVE,,Columbus,OH,43204
19,N WHEATLAND AVE,,Columbus,OH,43204
2833,ABBOTS COVE BLVD,,Columbus,OH,43204
234,S WESTMOOR AVE,,Columbus,OH,43204
458,N WESTMOOR AVE,,Columbus,OH,43204
2900,DIBBLEE AVE,,Columbus,OH,43204
2642,MARBLEVISTA BLVD,,Columbus,OH,43204
565,S WHEATLAND AVE,,Columbus,OH,43204
438,S WHEATLAND AVE,,Columbus,OH,43204
266,S WHEATLAND AVE,,Columbus,OH,43204
1356,WINESAP DR,,Columbus,OH,43204
3935,GOLDMILL WAY,,Columbus,OH,43204
1372,WESTSHIRE RD,,Columbus,OH,43204
895,S ROYS AVE,,Columbus,OH,43204
207,GUERNSEY AVE,,Columbus,OH,43204
133,N ROYS AVE,,Columbus,OH,43204
189,N ROYS AVE,,Columbus,OH,43204
1573,RASPBERRY CT,,Columbus,OH,43204
3879,FARM BROOK LN,,Columbus,OH,43204
1044,CHESTERSHIRE RD,,Columbus,OH,43204
870,S ROYS AVE,,Columbus,OH,43204
2910,CRESCENT DR,,Columbus,OH,43204
3851,FARM BROOK LN,,Columbus,OH,43204
3713,WINDWARD WAY,APT 103,Columbus,OH,43204
3784,FARM BROOK LN,,Columbus,OH,43204
98,N ROYS AVE,,Columbus,OH,43204
3823,TWIN CREEKS DR,,Columbus,OH,43204
3811,TWIN CREEKS DR,,Columbus,OH,43204
848,CHESTERSHIRE RD,,Columbus,OH,43204
120,N CHASE AVE,,Columbus,OH,43204
116,N CHASE AVE,,Columbus,OH,43204
2818,STEELE AVE,,Columbus,OH,43204
2982,RUNDELL DR,,Columbus,OH,43204
2994,MCKINLEY AVE,,Columbus,OH,43204
2674,QUARRY POINT,,Columbus,OH,43204
2650,QUARRY POINT,,Columbus,OH,43204
2571,QUARRY LAKE DR,,Columbus,OH,43204
2561,QUARRY LAKE DR,,Columbus,OH,43204
2331,MARBLEVISTA BLVD,,Columbus,OH,43204
1438,PEACH BLOSSOM CT,,Columbus,OH,43204
1422,PEACH BLOSSOM CT,,Columbus,OH,43204
818,WILTSHIRE RD,,Columbus,OH,43204
202,S POWELL AVE,,Columbus,OH,43204
2505,QUARRY VALLEY RD,,Columbus,OH,43204
1041,RACINE AVE,,Columbus,OH,43204
848,S HAGUE AVE,,Columbus,OH,43204
1396,CROSS CREEK DR,A,Columbus,OH,43204
2730,STEELE AVE,,Columbus,OH,43204
237,N HARRIS AVE,,Columbus,OH,43204
286,N HARRIS AVE,,Columbus,OH,43204
1455,RUNAWAY BAY DR,CN 2C,Columbus,OH,43204
1129,BELLFLOWER AVE,,Columbus,OH,43204
1024,RACINE AVE,,Columbus,OH,43204
851,REGINA CT,D,Columbus,OH,43204
626,S HAGUE AVE,,Columbus,OH,43204
261,S HARRIS AVE,,Columbus,OH,43204
2700,W BROAD ST,,Columbus,OH,43204
178,N HARRIS AVE,,Columbus,OH,43204
167,N WARREN AVE,,Columbus,OH,43204
861,KINGSFORD RD,UNIT D,Columbus,OH,43204
881,KINGSFORD RD,A,Columbus,OH,43204
656,KINGSFORD RD,,Columbus,OH,43204
77,N WILSON RD,,Columbus,OH,43204
2770,FISHER RD,,Columbus,OH,43204
1184,PARMA AVE,,Columbus,OH,43204
653,RACINE AVE,,Columbus,OH,43204
188,S HARRIS AVE,,Columbus,OH,43204
65,S WARREN AVE,,Columbus,OH,43204
1510,RUNAWAY BAY DR,CN 2D,Columbus,OH,43204
661,JOSEPHINE AVE,,Columbus,OH,43204
1359,BRONWYN AVE,,Columbus,OH,43204
1068,ST AGNES AVE,,Columbus,OH,43204
781,S WARREN AVE,,Columbus,OH,43204
636,RACINE AVE,,Columbus,OH,43204
168,S WARREN AVE,,Columbus,OH,43204
59,S OGDEN AVE,,Columbus,OH,43204
50,N WARREN AVE,,Columbus,OH,43204
59,N OGDEN AVE,,Columbus,OH,43204
1376,BAY SHORE DR,CN 3B,Columbus,OH,43204
638,JOSEPHINE AVE,,Columbus,OH,43204
3484,FREMONT ST,,Columbus,OH,43204
3484,SENATOR CT,,Columbus,OH,43204
791,MACLAM DR,,Columbus,OH,43204
2704,BERNADETTE RD,,Columbus,OH,43204
2693,VANDERBERG AVE,,Columbus,OH,43204
752,S WARREN AVE,,Columbus,OH,43204
2608,W BROAD ST,,Columbus,OH,43204
117,BURGESS AVE,,Columbus,OH,43204
227,DERRER RD,,Columbus,OH,43204
462,DERRER RD,,Columbus,OH,43204
342,DERRER RD,,Columbus,OH,43204
154,N WILSON RD,,Columbus,OH,43204
810,DEMOREST RD,,Columbus,OH,43204
3304,COLONY HILL LN,,Columbus,OH,43204
146,S BURGESS AVE,,Columbus,OH,43204
2520,SUTTON AVE,,Columbus,OH,43204
1409,LAKE SHORE DR,,Columbus,OH,43204
1533,LAKE SHORE DR,,Columbus,OH,43204
790,S BURGESS AVE,,Columbus,OH,43204
655,S BURGESS AVE,,Columbus,OH,43204
262,S RICHARDSON AVE,,Columbus,OH,43204
146,S RICHARDSON AVE,,Columbus,OH,43204
50,N TERRACE AVE,,Columbus,OH,43204
1261,TREVOR CT,,Columbus,OH,43204
3211,BOWDOIN CIR,,Columbus,OH,43204
358,N SOUTHAMPTON AVE,,Columbus,OH,43204
1218,EL TORO DR,,Columbus,OH,43204
1224,TREEHAVEN LN,,Columbus,OH,43204
371,N ALGONQUIN AVE,,Columbus,OH,43204
1418,LAKE SHORE DR,,Columbus,OH,43204
1441,LAKE SHORE DR,,Columbus,OH,43204
1477,CLIFF CT,C,Columbus,OH,43204
709,S RICHARDSON AVE,,Columbus,OH,43204
433,S TERRACE AVE,,Columbus,OH,43204
117,ELDON AVE,,Columbus,OH,43204
1265,LAKE SHORE DR,,Columbus,OH,43204
278,S POWELL AVE,,Columbus,OH,43204
2493,QUARRY VALLEY RD,,Columbus,OH,43204
2463,QUARRY VALLEY RD,,Columbus,OH,43204
1837,LAKE SHORE DR,,Columbus,OH,43204
841,KINGSFORD RD,UNIT D,Columbus,OH,43204
781,KINGSFORD RD,UNIT D,Columbus,OH,43204
1344,BELLFLOWER AVE,,Columbus,OH,43204
968,S HARRIS AVE,,Columbus,OH,43204
914,S HARRIS AVE,,Columbus,OH,43204
336,S POWELL AVE,,Columbus,OH,43204
745,HARRISON DR,,Columbus,OH,43204
2371,QUARRY VALLEY RD,,Columbus,OH,43204
182,RANELLE DR,,Columbus,OH,43204
831,LINDENDALE CT,,Columbus,OH,43204
2870,CHESFIELD DR,,Columbus,OH,43204
623,S HARRIS AVE,,Columbus,OH,43204
498,S HAGUE AVE,,Columbus,OH,43204
530,S HAGUE AVE,,Columbus,OH,43204
362,S HAGUE AVE,,Columbus,OH,43204
300,S HAGUE AVE,,Columbus,OH,43204
2551,FISHER RD,,Columbus,OH,43204
1811,LAKE SHORE DR,,Columbus,OH,43204
2808,ST JOSEPH AVE,,Columbus,OH,43204
130,N WILSON RD,,Columbus,OH,43204
3473,DERRER RUN DR,,Columbus,OH,43204
1929,MAPLEWAY DR,,Columbus,OH,43204
2750,VIDA PL,,Columbus,OH,43204
64,S HARRIS AVE,,Columbus,OH,43204
101,N WARREN AVE,,Columbus,OH,43204
2263,QUARRY VALLEY RD,,Columbus,OH,43204
2385,KEEP PL,,Columbus,OH,43204
1267,BRONWYN AVE,,Columbus,OH,43204
1160,ST AGNES AVE,,Columbus,OH,43204
2733,REGINA AVE,,Columbus,OH,43204
2738,W MOUND ST,,Columbus,OH,43204
727,S WARREN AVE,,Columbus,OH,43204
3450,DERRER FIELD DR,,Columbus,OH,43204
2055,BUILDERS PL,,Columbus,OH,43204
638,RACINE AVE,,Columbus,OH,43204
394,S WARREN AVE,,Columbus,OH,43204
160,S WARREN AVE,,Columbus,OH,43204
39,N OGDEN AVE,,Columbus,OH,43204
1558,RUNAWAY BAY DR,CN 3C,Columbus,OH,43204
2127,QUARRY VALLEY RD,,Columbus,OH,43204
1772,LAKE SHORE DR,,Columbus,OH,43204
2719,ST JOSEPH AVE,,Columbus,OH,43204
570,S WARREN AVE,,Columbus,OH,43204
245,S BURGESS AVE,,Columbus,OH,43204
80,S OGDEN AVE,,Columbus,OH,43204
288,N BURGESS AVE,,Columbus,OH,43204
1597,LAKE SHORE DR,,Columbus,OH,43204
2140,QUARRY VALLEY RD,,Columbus,OH,43204
1149,GEORGE'S PL,,Columbus,OH,43204
3458,RACE ST,,Columbus,OH,43204
560,TRADE RD,,Columbus,OH,43204
3312,RUDON LN,,Columbus,OH,43204
1827,SAN REMO DR,,Columbus,OH,43204
1851,SAN REMO DR,,Columbus,OH,43204
1112,DEMOREST RD,,Columbus,OH,43204
3343,SOUTH BLVD,,Columbus,OH,43204
2150,QUARRY VALLEY RD,,Columbus,OH,43204
212,S BURGESS AVE,,Columbus,OH,43204
1467,LAKE SHORE DR,,Columbus,OH,43204
1555,LAKE SHORE DR,,Columbus,OH,43204
1376,HAFTON WOODS DR,,Columbus,OH,43204
3431,MICHAEL CT,,Columbus,OH,43204
721,DEXTER AVE,,Columbus,OH,43204
3389,SULLIVANT AVE,,Columbus,OH,43204
1159,EL CID CT,,Columbus,OH,43204
616,DEXTER AVE,,Columbus,OH,43204
639,ATHENS AVE,,Columbus,OH,43204
327,N SYLVAN AVE,,Columbus,OH,43204
3237,MCKINLEY AVE,85,Columbus,OH,43204
1352,HAFTON WOODS DR,,Columbus,OH,43204
951,S RICHARDSON AVE,,Columbus,OH,43204
151,S RICHARDSON AVE,,Columbus,OH,43204
2547,W BROAD ST,,Columbus,OH,43204
1211,LAKE SHORE DR,,Columbus,OH,43204
1402,LAKE SHORE DR,C,Columbus,OH,43204
884,S RICHARDSON AVE,,Columbus,OH,43204
445,S TERRACE AVE,,Columbus,OH,43204
461,S TERRACE AVE,,Columbus,OH,43204
326,S RICHARDSON AVE,,Columbus,OH,43204
1193,PINNACLE DR,,Columbus,OH,43204
3286,SULLIVANT AVE,,Columbus,OH,43204
78,N SYLVAN AVE,,Columbus,OH,43204
1232,PINNACLE DR,,Columbus,OH,43204
115,ELDON AVE,,Columbus,OH,43204
1253,LAKE SHORE DR,UNIT B,Columbus,OH,43204
527,S TERRACE AVE,,Columbus,OH,43204
330,TERRACE AVE,,Columbus,OH,43204
338,S TERRACE AVE,,Columbus,OH,43204
156,S TERRACE AVE,,Columbus,OH,43204
258,N EUREKA AVE,,Columbus,OH,43204
110,S EUREKA AVE,,Columbus,OH,43204
837,VANDERBERG PL,,Columbus,OH,43204
1366,BAJA LN,,Columbus,OH,43204
260,S ALGONQUIN AVE,,Columbus,OH,43204
3330,MCKINLEY AVE,,Columbus,OH,43204
1168,S HAGUE AVE,,Columbus,OH,43204
2971,LA VISTA DR,,Columbus,OH,43204
788,S EUREKA AVE,,Columbus,OH,43204
775,S EUREKA AVE,,Columbus,OH,43204
602,S EUREKA AVE,,Columbus,OH,43204
564,S EUREKA AVE,,Columbus,OH,43204
511,S WAYNE AVE,,Columbus,OH,43204
253,S WAYNE AVE,,Columbus,OH,43204
2394,POMOLA ST,,Columbus,OH,43204
206,N WAYNE AVE,,Columbus,OH,43204
1335,TELHAM CT,,Columbus,OH,43204
1259,ONSLOW DR,,Columbus,OH,43204
707,SALISBURY RD,,Columbus,OH,43204
3149,WHITEHEAD RD,,Columbus,OH,43204
2767,MARBLEVISTA BLVD,,Columbus,OH,43204
2463,SPAATZ AVE,,Columbus,OH,43204
2329,W BROAD ST,,Columbus,OH,43204
255,N WHEATLAND AVE,,Columbus,OH,43204
564,S OAKLEY AVE,,Columbus,OH,43204
39,N WHEATLAND AVE,,Columbus,OH,43204
971,SALISBURY RD,,Columbus,OH,43204
3046,CRESCENT DR,,Columbus,OH,43204
2742,MARBLEVISTA BLVD,,Columbus,OH,43204
1287,GLEN COVE WAY,,Columbus,OH,43204
1335,TRADE WINDS DR,APT 305,Columbus,OH,43204
938,SALISBURY RD,,Columbus,OH,43204
2946,WESTMOOR DR,,Columbus,OH,43204
1323,CASCADE CT,,Columbus,OH,43204
3068,W MOUND ST,,Columbus,OH,43204
3016,WICKLOW RD,,Columbus,OH,43204
229,BINNS BLVD,,Columbus,OH,43204
2694,SCIOTO STATION DR,,Columbus,OH,43204
1988,MARBLE CLIFF CROSSING CT,,Columbus,OH,43204
2390,HARDESTY DR S,,Columbus,OH,43204
2329,HARDESTY DR N,,Columbus,OH,43204
1357,TRADE WINDS DR,APT 303,Columbus,OH,43204
812,BINNS BLVD,,Columbus,OH,43204
106,BINNS BLVD,,Columbus,OH,43204
2477,MARBLEVISTA BLVD,,Columbus,OH,43204
1057,HARDESTY PL E,,Columbus,OH,43204
3736,GRIMES DR,,Columbus,OH,43204
3510,WILSON WOODS DR,K,Columbus,OH,43204
1029,CHESTERSHIRE RD,,Columbus,OH,43204
2948,WICKLOW RD,,Columbus,OH,43204
241,S ROYS AVE,,Columbus,OH,43204
177,N ROYS AVE,,Columbus,OH,43204
2905,W BROAD ST,,Columbus,OH,43204
1401,PEACH BLOSSOM CT,,Columbus,OH,43204
1411,PEACH BLOSSOM CT,,Columbus,OH,43204
3458,WILSON WOODS DR,E,Columbus,OH,43204
1467,SUNFLOWER DR,,Columbus,OH,43204
1404,S HAGUE AVE,,Columbus,OH,43204
1094,WILTSHIRE RD,,Columbus,OH,43204
740,S ROYS AVE,,Columbus,OH,43204
434,S ROYS AVE,,Columbus,OH,43204
276,S ROYS AVE,,Columbus,OH,43204
1691,QUARRY TRACE,,Columbus,OH,43204
2714,QUARRY LAKE DR,,Columbus,OH,43204
1821,MARBLE CLIFF CROSSING CT,,Columbus,OH,43204
3450,WILSON WOODS DR,H,Columbus,OH,43204
398,S CHASE AVE,UNIT A,Columbus,OH,43204
343,S CHASE AVE,,Columbus,OH,43204
777,HARRISON DR,,Columbus,OH,43204
2648,QUARRY POINT,,Columbus,OH,43204
2920,LA VISTA DR,B,Columbus,OH,43204
3162,SULLIVANT AVE,,Columbus,OH,43204
152,S WESTGATE AVE,,Columbus,OH,43204
3093,W BROAD ST,,Columbus,OH,43204
3121,PARKSIDE RD,,Columbus,OH,43204
1057,BINNS BLVD,,Columbus,OH,43204
3045,PALMETTO ST,,Columbus,OH,43204
72,N HURON AVE,,Columbus,OH,43204
200,N HURON AVE,E,Columbus,OH,43204
2738,ABBOTS COVE BLVD,,Columbus,OH,43204
1367,WESTSHIRE RD,,Columbus,OH,43204
3026,SULLIVANT AVE,,Columbus,OH,43204
482,S HURON AVE,,Columbus,OH,43204
203,BINNS BLVD,,Columbus,OH,43204
144,S HURON AVE,,Columbus,OH,43204
1124,ABBOTS BLUFF CT,,Columbus,OH,43204
2717,ABBOTS LOOP CT,,Columbus,OH,43204
937,S ROYS AVE,,Columbus,OH,43204
667,BINNS BLVD,,Columbus,OH,43204
3015,SULLIVANT AVE,,Columbus,OH,43204
123,N ROYS AVE,,Columbus,OH,43204
3858,FARM BROOK LN,,Columbus,OH,43204
3729,WINDWARD WAY,APT 305,Columbus,OH,43204
2403,MARBLEVISTA BLVD,,Columbus,OH,43204
255,S CHASE AVE,B,Columbus,OH,43204
1918,LAKE SHORE DR,,Columbus,OH,43204
3660,WEST HORIZONS,APT 303,Columbus,OH,43204
3660,WEST HORIZONS,APT 204,Columbus,OH,43204
3671,WEST HORIZONS,APT 306,Columbus,OH,43204
364,S CHASE AVE,,Columbus,OH,43204
322,S CHASE AVE,,Columbus,OH,43204
5 1/2,N POWELL AVE,,Columbus,OH,43204
2822,W BROAD ST,,Columbus,OH,43204
218,N POWELL AVE,,Columbus,OH,43204
276,POWELL CIR,UNIT C,Columbus,OH,43204
718,KYLE CT,,Columbus,OH,43204
891,S HAGUE AVE,,Columbus,OH,43204
843,S HAGUE AVE,,Columbus,OH,43204
91,N HAGUE AVE,,Columbus,OH,43204
2465,QUARRY VALLEY RD,,Columbus,OH,43204
1854,LAKE SHORE DR,,Columbus,OH,43204
3492,WILSON WOODS DR,D,Columbus,OH,43204
844,S HAGUE AVE,,Columbus,OH,43204
201,S HAGUE AVE,,Columbus,OH,43204
207,N HARRIS AVE,,Columbus,OH,43204
1826,LAKE SHORE DR,,Columbus,OH,43204
3434,WILSON WOODS DR,J,Columbus,OH,43204
112,N HARRIS AVE,,Columbus,OH,43204
2271,QUARRY VALLEY RD,,Columbus,OH,43204
365,S WARREN AVE,,Columbus,OH,43204
295,S WARREN AVE,,Columbus,OH,43204
1442,BAY SHORE DR,CN 3D,Columbus,OH,43204
1781,LAKE SHORE DR,,Columbus,OH,43204
1231,BRONWYN AVE,,Columbus,OH,43204
641,S WARREN AVE,,Columbus,OH,43204
30,N WARREN AVE,,Columbus,OH,43204
275,N BURGESS AVE,,Columbus,OH,43204
310,N OGDEN AVE,,Columbus,OH,43204
690,KINGSFORD RD,A,Columbus,OH,43204
649,BRIXHAM RD,,Columbus,OH,43204
3528,SANITA CT,,Columbus,OH,43204
3291,MAPLEWAY LN,,Columbus,OH,43204
1534,RUNAWAY BAY DR,CN 2C,Columbus,OH,43204
655,S OGDEN AVE,,Columbus,OH,43204
471,S OGDEN AVE,,Columbus,OH,43204
472,S OGDEN AVE,,Columbus,OH,43204
216,S OGDEN AVE,,Columbus,OH,43204
1400,BAY SHORE DR,CN 3B,Columbus,OH,43204
2686,ST JOSEPH AVE,,Columbus,OH,43204
2686,ST PATRICK RD,,Columbus,OH,43204
80,S BURGESS AVE,,Columbus,OH,43204
108,N BURGESS AVE,,Columbus,OH,43204
1203,LAKE SHORE DR,UNIT B,Columbus,OH,43204
1465,LAKE SHORE DR,B,Columbus,OH,43204
1128,FARMHURST CT,,Columbus,OH,43204
3604,FARMHURST LN,,Columbus,OH,43204
3494,SANITA CT,,Columbus,OH,43204
3496,SANITA CT,,Columbus,OH,43204
3483,DERRER HILL DR,,Columbus,OH,43204
113,DERRER RD,,Columbus,OH,43204
728,MACLAM DR,,Columbus,OH,43204
3378,TIMBER OAK DR,,Columbus,OH,43204
3255,NATHAN CT,,Columbus,OH,43204
1098,ST JUDE AVE,,Columbus,OH,43204
428,S BURGESS AVE,,Columbus,OH,43204
1216,LAKE SHORE DR,UNIT A,Columbus,OH,43204
1213,LAKE SHORE DR,,Columbus,OH,43204
257,ELDON AVE,,Columbus,OH,43204
3464,EAKIN RD,,Columbus,OH,43204
240,N WILSON RD,UNIT 81,Columbus,OH,43204
772,DEMOREST RD,,Columbus,OH,43204
3313,RUDON LN,,Columbus,OH,43204
2424,WESTWOOD DR,,Columbus,OH,43204
1404,LAKE SHORE DR,A,Columbus,OH,43204
636,S RICHARDSON AVE,,Columbus,OH,43204
210,N EUREKA AVE,,Columbus,OH,43204
391,S EUREKA AVE,,Columbus,OH,43204
653,DEXTER AVE,,Columbus,OH,43204
1274,TREEHAVEN LN,,Columbus,OH,43204
866,STEPHEN DR W,,Columbus,OH,43204
657,ATHENS AVE,,Columbus,OH,43204
643,ATHENS AVE,,Columbus,OH,43204
201,S SYLVAN AVE,,Columbus,OH,43204
72,S SOUTHAMPTON AVE,,Columbus,OH,43204
1193,EL TORO DR,,Columbus,OH,43204
368,S EUREKA AVE,,Columbus,OH,43204
284,S EUREKA AVE,,Columbus,OH,43204
24 1/2,S EUREKA AVE,,Columbus,OH,43204
655,S EUREKA AVE,,Columbus,OH,43204
210,S WAYNE AVE,UNIT B,Columbus,OH,43204
2383,APPLE ST,,Columbus,OH,43204
20,S WAYNE AVE,,Columbus,OH,43204
44,N WAYNE AVE,,Columbus,OH,43204
212,N WAYNE AVE,,Columbus,OH,43204
2335,GLENVIEW BLVD,,Columbus,OH,43204
1261,PINNACLE DR,,Columbus,OH,43204
814,MIRIAM DR W,,Columbus,OH,43204
607,S SYLVAN AVE,,Columbus,OH,43204
336,S SYLVAN AVE,,Columbus,OH,43204
282,S SYLVAN AVE,,Columbus,OH,43204
68,N SYLVAN AVE,D,Columbus,OH,43204
160,N SYLVAN AVE,UNIT 8,Columbus,OH,43204
3319,MIRIAM DR S,,Columbus,OH,43204
125,S ALGONQUIN AVE,,Columbus,OH,43204
940,S EUREKA AVE,,Columbus,OH,43204
203,N WHEATLAND AVE,,Columbus,OH,43204
32,POWHATAN AVE,,Columbus,OH,43204
53,OREL AVE,,Columbus,OH,43204
3294,STEPHEN DR S,,Columbus,OH,43204
246,N BRINKER AVE,,Columbus,OH,43204
3243,MIRIAM DR S,,Columbus,OH,43204
291,S BRINKER AVE,,Columbus,OH,43204
1040,HARDESTY PL W,,Columbus,OH,43204
1025,BROOKS END CT,,Columbus,OH,43204
685,S OAKLEY AVE,,Columbus,OH,43204
116,S WHEATLAND AVE,,Columbus,OH,43204
1004,BROOKS END CT,,Columbus,OH,43204
721,DERRER RD,,Columbus,OH,43204
687,DERRER RD,,Columbus,OH,43204
666,DERRER RD,,Columbus,OH,43204
281,DEMOREST AVE,,Columbus,OH,43204
1411,CRISFIELD DR,,Columbus,OH,43204
1232,DEMOREST RD,,Columbus,OH,43204
1230,DEMOREST RD,,Columbus,OH,43204
980,DEMOREST RD,,Columbus,OH,43204
818,DEMOREST RD,,Columbus,OH,43204
3414,SULLIVANT AVE,,Columbus,OH,43204
135,LETCHWORTH AVE,,Columbus,OH,43204
149,LETCHWORTH AVE,,Columbus,OH,43204
473,INDUSTRY DR,,Columbus,OH,43204
2632,WICKLOW RD,,Columbus,OH,43204
270,S BURGESS AVE,,Columbus,OH,43204
66,S BURGESS AVE,,Columbus,OH,43204
2570,W BROAD ST,,Columbus,OH,43204
50,N BURGESS AVE,,Columbus,OH,43204
357,ELDON AVE,,Columbus,OH,43204
1201,LAKE SHORE DR,,Columbus,OH,43204
1209,LAKE SHORE DR,,Columbus,OH,43204
769,GLADSTONE AVE,,Columbus,OH,43204
3256,W BROAD ST,,Columbus,OH,43204
305,N SYLVAN AVE,,Columbus,OH,43204
3237,MCKINLEY AVE,80,Columbus,OH,43204
369,S RICHARDSON AVE,,Columbus,OH,43204
180,S RICHARDSON AVE,,Columbus,OH,43204
78,N TERRACE AVE,,Columbus,OH,43204
1410,LAKE SHORE DR,,Columbus,OH,43204
698,S BURGESS AVE,,Columbus,OH,43204
594,S RICHARDSON AVE,,Columbus,OH,43204
556,S RICHARDSON AVE,,Columbus,OH,43204
219,S TERRACE AVE,,Columbus,OH,43204
1253,LAKE SHORE DR,,Columbus,OH,43204
643,S SYLVAN AVE,,Columbus,OH,43204
3295,SULLIVANT AVE,UNIT J,Columbus,OH,43204
3059,JERSEY DR,,Columbus,OH,43204
3404,TRABUE RD,,Columbus,OH,43204
880,MARK PL,,Columbus,OH,43204
341,POWHATAN AVE,,Columbus,OH,43204
250,N ALGONQUIN AVE,,Columbus,OH,43204
1324,LAKE SHORE DR,UNIT A,Columbus,OH,43204
819,S TERRACE AVE,,Columbus,OH,43204
192,S TERRACE AVE,,Columbus,OH,43204
105,S EUREKA AVE,,Columbus,OH,43204
53,S EUREKA AVE,,Columbus,OH,43204
292,EUREKA AVE,,Columbus,OH,43204
1377,WILD OATS DR,,Columbus,OH,43204
3248,MARY AVE,,Columbus,OH,43204
301,S ALGONQUIN AVE,,Columbus,OH,43204
3181,PARKSIDE RD,,Columbus,OH,43204
209,S BRINKER AVE,,Columbus,OH,43204
81,N WESTGATE AVE,,Columbus,OH,43204
2520,EAKIN RD,,Columbus,OH,43204
594,S TERRACE AVE,,Columbus,OH,43204
268,S EUREKA AVE,,Columbus,OH,43204
2411,HARRISON RD,,Columbus,OH,43204
2407,PALMETTO ST,,Columbus,OH,43204
2390,POMOLA ST,,Columbus,OH,43204
187,N OAKLEY AVE,,Columbus,OH,43204
143,S WESTGATE AVE,,Columbus,OH,43204
65,S WESTGATE AVE,,Columbus,OH,43204
3096,ELLIS PL,,Columbus,OH,43204
2888,ABBOTS COVE BLVD,,Columbus,OH,43204
739,S WAYNE AVE,,Columbus,OH,43204
2348,HARDESTY CT,,Columbus,OH,43204
428,S WHEATLAND AVE,,Columbus,OH,43204
174,S WHEATLAND AVE,,Columbus,OH,43204
1340,WINESAP DR,,Columbus,OH,43204
3121,SULLIVANT AVE,,Columbus,OH,43204
198,N WESTMOOR AVE,UNIT C,Columbus,OH,43204
1120,ABBOTS LAKE CT,,Columbus,OH,43204
2701,MARBLEVISTA BLVD,,Columbus,OH,43204
3143,STEPHEN DR S,,Columbus,OH,43204
982,SALISBURY RD,,Columbus,OH,43204
2319,HARDESTY CT,,Columbus,OH,43204
2363,HARDESTY DR N,,Columbus,OH,43204
640,S WHEATLAND AVE,,Columbus,OH,43204
1507,RASPBERRY RUN DR,,Columbus,OH,43204
440,S WESTGATE AVE,,Columbus,OH,43204
143,S HURON AVE,,Columbus,OH,43204
1132,ABBOTS GREEN CIR,,Columbus,OH,43204
1317,CASCADE CT,,Columbus,OH,43204
2718,MCKINLEY AVE,,Columbus,OH,43204
486,S HURON AVE,,Columbus,OH,43204
3011,PALMETTO ST,,Columbus,OH,43204
2527,MARBLEVISTA BLVD,,Columbus,OH,43204
3713,WINDWARD WAY,APT 303,Columbus,OH,43204
604,SALISBURY RD,,Columbus,OH,43204
659,N HAGUE AVE,,Columbus,OH,43204
2655,ABBOTS LOOP CT,,Columbus,OH,43204
2958,SULLIVANT AVE,UNIT D,Columbus,OH,43204
2952,FREMONT ST,,Columbus,OH,43204
1039,HARDESTY PL E,,Columbus,OH,43204
3695,INTERCHANGE RD,,Columbus,OH,43204
3647,WEST HORIZONS,APT 104,Columbus,OH,43204
157,N CHASE AVE,,Columbus,OH,43204
1588,QUARRY VIEW,,Columbus,OH,43204
774,S ROYS AVE,,Columbus,OH,43204
2929,SULLIVANT AVE,,Columbus,OH,43204
222,S ROYS AVE,,Columbus,OH,43204
3546,WILSON WOODS DR,E,Columbus,OH,43204
3531,WILSON WOODS DR,,Columbus,OH,43204
3533,WILSON WOODS DR,,Columbus,OH,43204
71,N CHASE AVE,,Columbus,OH,43204
220,N CHASE AVE,,Columbus,OH,43204
839,WILTSHIRE RD,,Columbus,OH,43204
268,S CHASE AVE,B,Columbus,OH,43204
2678,QUARRY POINT,,Columbus,OH,43204
2564,QUARRY LAKE DR,,Columbus,OH,43204
1228,GRESHAM RD,,Columbus,OH,43204
2865,SULLIVANT AVE,,Columbus,OH,43204
3417,WILSON WOODS DR,K,Columbus,OH,43204
97,N HAGUE AVE,,Columbus,OH,43204
228,N HAGUE AVE,,Columbus,OH,43204
2507,QUARRY VALLEY RD,,Columbus,OH,43204
318,N HARRIS AVE,,Columbus,OH,43204
624,WESTBROOK CT,,Columbus,OH,43204
831,KINGSFORD RD,UNIT A,Columbus,OH,43204
3554,LINDENDALE DR,,Columbus,OH,43204
1396,CROSS CREEK DR,K,Columbus,OH,43204
744,KINGSFORD RD,,Columbus,OH,43204
617,BRIXHAM RD,,Columbus,OH,43204
1431,RUNAWAY BAY DR,CN 1D,Columbus,OH,43204
2867,NICHOLAS AVE,,Columbus,OH,43204
824,S HARRIS AVE,C,Columbus,OH,43204
766,S HARRIS AVE,,Columbus,OH,43204
184,N HARRIS AVE,,Columbus,OH,43204
1414,RUNAWAY BAY DR,CN 3B,Columbus,OH,43204
2289,QUARRY VALLEY RD,,Columbus,OH,43204
841,LINDENDALE CT,,Columbus,OH,43204
612,BRIXHAM RD,,Columbus,OH,43204
2795,ST JOSEPH AVE,,Columbus,OH,43204
925,S WARREN AVE,,Columbus,OH,43204
300,S HARRIS AVE,,Columbus,OH,43204
107,S WARREN AVE,,Columbus,OH,43204
1368,RUNAWAY BAY DR,CN 1B,Columbus,OH,43204
1523,RUNAWAY BAY DR,CN 3B,Columbus,OH,43204
3594,FARMHURST LN,,Columbus,OH,43204
678,JOSEPHINE AVE,,Columbus,OH,43204
745,S WARREN AVE,,Columbus,OH,43204
453,S WARREN AVE,,Columbus,OH,43204
166,S WARREN AVE,,Columbus,OH,43204
124,S WARREN AVE,,Columbus,OH,43204
179,N OGDEN AVE,,Columbus,OH,43204
215,DERRER RD,,Columbus,OH,43204
308,N WILSON RD,,Columbus,OH,43204
3392,TIMBER RUN DR,,Columbus,OH,43204
3309,MEDOMA DR,,Columbus,OH,43204
3285,VASALBORO WAY,,Columbus,OH,43204
771,S OGDEN AVE,,Columbus,OH,43204
584,S WARREN AVE,,Columbus,OH,43204
609,S OGDEN AVE,,Columbus,OH,43204
248,S OGDEN AVE,,Columbus,OH,43204
161,S BURGESS AVE,,Columbus,OH,43204
57,S BURGESS AVE,B,Columbus,OH,43204
2721,WOODCROFT RD,,Columbus,OH,43204
2676,ST JOSEPH AVE,,Columbus,OH,43204
2655,EAKIN RD,,Columbus,OH,43204
793,S BURGESS AVE,,Columbus,OH,43204
567,S BURGESS AVE,,Columbus,OH,43204
3968,CLAYFORD DR,,Columbus,OH,43204
2791,ABBOT'S COVE BLVD,,Columbus,OH,43204
2820,LA VISTA DR,,Columbus,OH,43204
2595,MARBLEVISTA BLVD,,Columbus,OH,43204
980,BINNS BLVD,,Columbus,OH,43204
1116,ABBOTS BLUFF CT,,Columbus,OH,43204
2796,OTTIS CT,UNIT G,Columbus,OH,43204
2551,MARBLEVISTA BLVD,,Columbus,OH,43204
2535,MARBLEVISTA BLVD,,Columbus,OH,43204
624,S OGDEN AVE,,Columbus,OH,43204
576,S OGDEN AVE,,Columbus,OH,43204
329,S BURGESS AVE,,Columbus,OH,43204
1128,ST JUDE AVE,,Columbus,OH,43204
2641,EAKIN RD,,Columbus,OH,43204
333,S RICHARDSON AVE,,Columbus,OH,43204
218,N TERRACE AVE,,Columbus,OH,43204
1277,DEER LAKE CT,,Columbus,OH,43204
3912,POPLAR BEND DR,,Columbus,OH,43204
3805,GRIMES DR,,Columbus,OH,43204
861,S ROYS AVE,,Columbus,OH,43204
766,BINNS BLVD,,Columbus,OH,43204
117,N ROYS AVE,,Columbus,OH,43204
2679,ABBOTS LOOP CT,,Columbus,OH,43204
354,S RICHARDSON AVE,,Columbus,OH,43204
179,ELDON AVE,,Columbus,OH,43204
237,ELDON AVE,,Columbus,OH,43204
1251,LAKE SHORE DR,,Columbus,OH,43204
2581,SYMINGTON AVE,,Columbus,OH,43204
95,S EUREKA AVE,,Columbus,OH,43204
2447,W BROAD ST,UNIT 3,Columbus,OH,43204
268,N EUREKA AVE,,Columbus,OH,43204
3671,WEST HORIZONS,APT 202,Columbus,OH,43204
1016,CHESTERSHIRE RD,,Columbus,OH,43204
166,GUERNSEY AVE,,Columbus,OH,43204
1590,QUARRY VIEW,,Columbus,OH,43204
1795,QUARRY VIEW,,Columbus,OH,43204
1782,QUARRY VIEW,,Columbus,OH,43204
919,WILTSHIRE RD,,Columbus,OH,43204
60,S ROYS AVE,,Columbus,OH,43204
39,N CHASE AVE,,Columbus,OH,43204
742,S TERRACE AVE,,Columbus,OH,43204
587,S EUREKA AVE,,Columbus,OH,43204
2494,SULLIVANT AVE,,Columbus,OH,43204
25,S WAYNE AVE,,Columbus,OH,43204
84,N EUREKA AVE,,Columbus,OH,43204
3660,INTERCHANGE RD,,Columbus,OH,43204
3587,INTERCHANGE RD,,Columbus,OH,43204
3679,DRAGONFLY DR,,Columbus,OH,43204
3644,GRIMES DR,,Columbus,OH,43204
1665,QUARRY TRACE,,Columbus,OH,43204
2476,EAKIN RD,,Columbus,OH,43204
2431,SULLIVANT AVE,,Columbus,OH,43204
129,N OAKLEY AVE,,Columbus,OH,43204
160,N WAYNE AVE,,Columbus,OH,43204
271,S OAKLEY AVE,,Columbus,OH,43204
150,S OAKLEY AVE,,Columbus,OH,43204
788,CHESTERSHIRE RD,,Columbus,OH,43204
45,N POWELL AVE,,Columbus,OH,43204
3002,MCKINLEY AVE,,Columbus,OH,43204
138,S OAKLEY AVE,,Columbus,OH,43204
19,S OAKLEY AVE,,Columbus,OH,43204
571,S OAKLEY AVE,,Columbus,OH,43204
643,S WHEATLAND AVE,,Columbus,OH,43204
3473,WILSON WOODS DR,,Columbus,OH,43204
2928,GRESHAM RD N,,Columbus,OH,43204
2917,BRIGGS RD,,Columbus,OH,43204
1057,S HARRIS AVE,,Columbus,OH,43204
735,WILTSHIRE RD,,Columbus,OH,43204
687,WILTSHIRE RD,,Columbus,OH,43204
268,S POWELL AVE,,Columbus,OH,43204
162,S POWELL AVE,,Columbus,OH,43204
46,S POWELL AVE,,Columbus,OH,43204
3251,MIRIAM DR S,,Columbus,OH,43204
2927,ABBOTS COVE BLVD,,Columbus,OH,43204
77,S WESTGATE AVE,,Columbus,OH,43204
3080,STEELE AVE,,Columbus,OH,43204
3066,STEELE AVE,,Columbus,OH,43204
2882,LA VISTA DR,,Columbus,OH,43204
2338,HARDESTY CT,,Columbus,OH,43204
612,S WHEATLAND AVE,,Columbus,OH,43204
3450,WILSON WOODS DR,L,Columbus,OH,43204
898,S HARRIS AVE,,Columbus,OH,43204
705,S HAGUE AVE,,Columbus,OH,43204
1437,RUNAWAY BAY DR,CN 3D,Columbus,OH,43204
2888,NICHOLAS AVE,,Columbus,OH,43204
586,S HAGUE AVE,,Columbus,OH,43204
518,S HAGUE AVE,,Columbus,OH,43204
3224,TELHAM DR,,Columbus,OH,43204
3132,MARY AVE,,Columbus,OH,43204
2843,ABBOTS COVE BLVD,,Columbus,OH,43204
3559,LINDENDALE DR,,Columbus,OH,43204
1448,RUNAWAY BAY DR,CN 1D,Columbus,OH,43204
2301,QUARRY VALLEY RD,,Columbus,OH,43204
2780,ST JOSEPH AVE,,Columbus,OH,43204
716,S HARRIS AVE,,Columbus,OH,43204
510,S HARRIS AVE,,Columbus,OH,43204
194,N HURON AVE,A,Columbus,OH,43204
825,BINNS BLVD,,Columbus,OH,43204
192,S HURON AVE,,Columbus,OH,43204
129,N HALDY AVE,,Columbus,OH,43204
234,N HALDY AVE,,Columbus,OH,43204
2021,LAKE SHORE DR,,Columbus,OH,43204
846,LINDENDALE CT,,Columbus,OH,43204
3523,SANITA CT,,Columbus,OH,43204
337,S WARREN AVE,,Columbus,OH,43204
299,N OGDEN AVE,,Columbus,OH,43204
1143,BRONWYN AVE,,Columbus,OH,43204
2756,ST JOSEPH AVE,,Columbus,OH,43204
2463,EAKIN RD,,Columbus,OH,43204
640,RACINE AVE,,Columbus,OH,43204
345,S OGDEN AVE,,Columbus,OH,43204
1332,BRONWYN AVE,,Columbus,OH,43204
3108,TELHAM DR,,Columbus,OH,43204
1075,CHESTERSHIRE RD,,Columbus,OH,43204
715,BINNS BLVD,,Columbus,OH,43204
443,BINNS BLVD,,Columbus,OH,43204
2969,FREMONT ST,,Columbus,OH,43204
187,N ROYS AVE,,Columbus,OH,43204
3500,SULLIVANT AVE,,Columbus,OH,43204
3489,WILKES CT,,Columbus,OH,43204
3489,SENATOR CT,,Columbus,OH,43204
1132,FARMHURST CT,,Columbus,OH,43204
3460,FREMONT ST,,Columbus,OH,43204
2730,HAFTON WOODS CT,,Columbus,OH,43204
247,S OGDEN AVE,,Columbus,OH,43204
25 1/2,N BURGESS AVE,,Columbus,OH,43204
2555,HARRISON RD,,Columbus,OH,43204
2440,HARRISON RD,,Columbus,OH,43204
1020,BRONWYN AVE,,Columbus,OH,43204
773,S BURGESS AVE,,Columbus,OH,43204
373,S BURGESS AVE,,Columbus,OH,43204
321,S BURGESS AVE,,Columbus,OH,43204
254,S BURGESS AVE,,Columbus,OH,43204
188,S BURGESS AVE,,Columbus,OH,43204
1201,LAKE SHORE DR,UNIT A,Columbus,OH,43204
97,S ROYS AVE,,Columbus,OH,43204
169,N CHASE AVE,,Columbus,OH,43204
2733,QUARRY LAKE DR,,Columbus,OH,43204
1946,LAKE SHORE DR,,Columbus,OH,43204
673,DERRER RD,,Columbus,OH,43204
661,DEMOREST RD,,Columbus,OH,43204
839,STEPHEN DR W,,Columbus,OH,43204
341,LETCHWORTH AVE,,Columbus,OH,43204
265,S SOUTHAMPTON AVE,,Columbus,OH,43204
3002,WOODLOOP LN,,Columbus,OH,43204
650,DEXTER AVE,,Columbus,OH,43204
679,S BURGESS AVE,,Columbus,OH,43204
440,S BURGESS AVE,,Columbus,OH,43204
439,S RICHARDSON AVE,,Columbus,OH,43204
137,S RICHARDSON AVE,,Columbus,OH,43204
2503,RIDGE AVE,,Columbus,OH,43204
1439,CLIFF CT,A,Columbus,OH,43204
2537,SULLIVANT AVE,,Columbus,OH,43204
425,S TERRACE AVE,,Columbus,OH,43204
379,S ROYS AVE,,Columbus,OH,43204
608,N HAGUE AVE,,Columbus,OH,43204
1694,QUARRY TRACE,,Columbus,OH,43204
750,CHESTERSHIRE RD,,Columbus,OH,43204
376,S CHASE AVE,,Columbus,OH,43204
26,N CHASE AVE,,Columbus,OH,43204
294,S SYLVAN AVE,,Columbus,OH,43204
309,N ALGONQUIN AVE,,Columbus,OH,43204
3237,MCKINLEY AVE,16,Columbus,OH,43204
1244,PINNACLE DR,,Columbus,OH,43204
3258,SULLIVANT AVE,,Columbus,OH,43204
47,S ALGONQUIN AVE,,Columbus,OH,43204
228,N ALGONQUIN AVE,,Columbus,OH,43204
360,N ALGONQUIN AVE,,Columbus,OH,43204
372,N ALGONQUIN AVE,,Columbus,OH,43204
184,S RICHARDSON AVE,,Columbus,OH,43204
69,TERRACE AVE,,Columbus,OH,43204
1372,LAKE SHORE DR,A,Columbus,OH,43204
785,S TERRACE AVE,,Columbus,OH,43204
67,N EUREKA AVE,,Columbus,OH,43204
199,N EUREKA AVE,,Columbus,OH,43204
118,N POWELL AVE,,Columbus,OH,43204
2616,QUARRY LAKE DR,,Columbus,OH,43204
1032,S HAGUE AVE,,Columbus,OH,43204
2970,MCKINLEY AVE,,Columbus,OH,43204
1044,S BRINKER AVE,,Columbus,OH,43204
3240,SULLIVANT AVE,,Columbus,OH,43204
3160,W BROAD ST,,Columbus,OH,43204
131,N BRINKER AVE,,Columbus,OH,43204
1182,ONSLOW DR,,Columbus,OH,43204
395,S EUREKA AVE,,Columbus,OH,43204
64,S EUREKA AVE,,Columbus,OH,43204
2493,EAKIN RD,,Columbus,OH,43204
62,N WAYNE AVE,,Columbus,OH,43204
1393,BELLFLOWER AVE,,Columbus,OH,43204
1246,BELLFLOWER AVE,,Columbus,OH,43204
654,WILTSHIRE RD,,Columbus,OH,43204
577,S HAGUE AVE,,Columbus,OH,43204
455,S HAGUE AVE,,Columbus,OH,43204
2733,SUTTON AVE,,Columbus,OH,43204
1116,BELLFLOWER AVE,,Columbus,OH,43204
957,RACINE AVE,,Columbus,OH,43204
939,RACINE AVE,,Columbus,OH,43204
921,MIRIAM DR E,,Columbus,OH,43204
154,S BRINKER AVE,,Columbus,OH,43204
2962,ABBOTS COVE BLVD,,Columbus,OH,43204
133,S WESTGATE AVE,,Columbus,OH,43204
68,S WESTGATE AVE,,Columbus,OH,43204
127,N WESTMOOR AVE,,Columbus,OH,43204
2903,ABBOTS COVE BLVD,,Columbus,OH,43204
2884,ABBOTS COVE BLVD,,Columbus,OH,43204
627,S WAYNE AVE,,Columbus,OH,43204
637,S WAYNE AVE,,Columbus,OH,43204
122,S OAKLEY AVE,,Columbus,OH,43204
134,S OAKLEY AVE,,Columbus,OH,43204
35,N OAKLEY AVE,,Columbus,OH,43204
56,N OAKLEY AVE,,Columbus,OH,43204
1040,BROOKS END CT,,Columbus,OH,43204
908,RACINE AVE,,Columbus,OH,43204
703,S HARRIS AVE,,Columbus,OH,43204
687,S HARRIS AVE,,Columbus,OH,43204
457,S HARRIS AVE,,Columbus,OH,43204
165,S HARRIS AVE,,Columbus,OH,43204
53,N HARRIS AVE,,Columbus,OH,43204
62,N HARRIS AVE,,Columbus,OH,43204
1098,PARMA AVE,,Columbus,OH,43204
2753,EAKIN RD,,Columbus,OH,43204
271,S WARREN AVE,,Columbus,OH,43204
2898,LA VISTA DR,A,Columbus,OH,43204
2743,MARBLEVISTA BLVD,,Columbus,OH,43204
946,ANTHONY DR,,Columbus,OH,43204
953,SALISBURY RD,,Columbus,OH,43204
49,S WESTMOOR AVE,,Columbus,OH,43204
2827,ABBOTS COVE BLVD,,Columbus,OH,43204
2800,SCIOTO STATION DR,,Columbus,OH,43204
2402,HARDESTY DR S,,Columbus,OH,43204
2309,HARDESTY DR N,,Columbus,OH,43204
588,S WHEATLAND AVE,,Columbus,OH,43204
600,S WHEATLAND AVE,UNIT C,Columbus,OH,43204
236,S HARRIS AVE,,Columbus,OH,43204
2694,W BROAD ST,,Columbus,OH,43204
117 1/2,N WARREN AVE,,Columbus,OH,43204
335,N OGDEN AVE,,Columbus,OH,43204
329,N OGDEN AVE,,Columbus,OH,43204
1365,RUNAWAY BAY DR,,Columbus,OH,43204
1245,BRONWYN AVE,,Columbus,OH,43204
2774,ST JOSEPH AVE,,Columbus,OH,43204
2723,EAKIN RD,,Columbus,OH,43204
711,S WARREN AVE,,Columbus,OH,43204
630,RACINE AVE,,Columbus,OH,43204
110,S WARREN AVE,,Columbus,OH,43204
1492,HIGHBROOK DR,,Columbus,OH,43204
897,SALISBURY RD,,Columbus,OH,43204
920,SALISBURY RD,,Columbus,OH,43204
3071,PARKSIDE RD,,Columbus,OH,43204
76,N HURON AVE,,Columbus,OH,43204
200,N HURON AVE,H,Columbus,OH,43204
466,N WESTMOOR AVE,,Columbus,OH,43204
115,N OGDEN AVE,,Columbus,OH,43204
2710,REGINA AVE,,Columbus,OH,43204
598,S WARREN AVE,,Columbus,OH,43204
40,S OGDEN AVE,,Columbus,OH,43204
2152,QUARRY VALLEY RD,,Columbus,OH,43204
3904,FARM BROOK LN,,Columbus,OH,43204
3910,TALCOTT DR,,Columbus,OH,43204
3892,BASIA DR,,Columbus,OH,43204
459,BINNS BLVD,,Columbus,OH,43204
46,N HALDY AVE,,Columbus,OH,43204
603,N HAGUE AVE,,Columbus,OH,43204
2723,ABBOTS LOOP CT,,Columbus,OH,43204
2669,ABBOTS LOOP CT,,Columbus,OH,43204
2538,MARBLEVISTA BLVD,,Columbus,OH,43204
1371,TRADE WINDS DR,APT 101,Columbus,OH,43204
1532,RASPBERRY RUN DR,,Columbus,OH,43204
1023,CHESTERSHIRE RD,,Columbus,OH,43204
790,S ROYS AVE,,Columbus,OH,43204
3660,WEST HORIZONS,APT 106,Columbus,OH,43204
1011,WILTSHIRE RD,,Columbus,OH,43204
592,S ROYS AVE,,Columbus,OH,43204
2943,SULLIVANT AVE,,Columbus,OH,43204
1690,QUARRY TRACE,,Columbus,OH,43204
1702,QUARRY TRACE,,Columbus,OH,43204
2687,QUARRY LAKE DR,,Columbus,OH,43204
2682,QUARRY LAKE DR,,Columbus,OH,43204
2622,QUARRY LAKE DR,,Columbus,OH,43204
1827,MARBLE CLIFF CROSSING CT,,Columbus,OH,43204
2969,DAISY LN,,Columbus,OH,43204
867,WILTSHIRE RD,,Columbus,OH,43204
404,S CHASE AVE,,Columbus,OH,43204
272,POWELL CIR,UNIT D,Columbus,OH,43204
2840,FISHER RD,D,Columbus,OH,43204
2838,FISHER RD,A,Columbus,OH,43204
1720,QUARRY TRACE,,Columbus,OH,43204
1861,LAKE SHORE DR,,Columbus,OH,43204
936,S HAGUE AVE,,Columbus,OH,43204
683,WILTSHIRE RD,,Columbus,OH,43204
3428,WILSON WOODS DR,F,Columbus,OH,43204
604,CHESTERSHIRE RD,,Columbus,OH,43204
50,S POWELL AVE,,Columbus,OH,43204
36,S POWELL AVE,,Columbus,OH,43204
1320,BELLFLOWER AVE,,Columbus,OH,43204
1116,RACINE AVE,,Columbus,OH,43204
237,S HAGUE AVE,,Columbus,OH,43204
302,N HARRIS AVE,,Columbus,OH,43204
2445,QUARRY VALLEY RD,,Columbus,OH,43204
1400,CROSS CREEK DR,I,Columbus,OH,43204
791,KINGSFORD RD,UNIT C,Columbus,OH,43204
761,KINGSFORD RD,UNIT C,Columbus,OH,43204
685,KINGSFORD RD,C3,Columbus,OH,43204
965,RACINE AVE,,Columbus,OH,43204
2815,VANDERBERG AVE,,Columbus,OH,43204
838,S HARRIS AVE,,Columbus,OH,43204
2315,QUARRY VALLEY RD,,Columbus,OH,43204
870,KINGSFORD RD,,Columbus,OH,43204
842,KINGSFORD RD,,Columbus,OH,43204
702,KINGSFORD RD,,Columbus,OH,43204
3518,EDSON DR,,Columbus,OH,43204
3492,LINDENDALE DR,,Columbus,OH,43204
854,REGINA CT,B,Columbus,OH,43204
252,S HARRIS AVE,,Columbus,OH,43204
1367,BRONWYN AVE,,Columbus,OH,43204
2749,ST JOSEPH AVE,,Columbus,OH,43204
691,S WARREN AVE,,Columbus,OH,43204
429,S WARREN AVE,,Columbus,OH,43204
36,S WARREN AVE,,Columbus,OH,43204
2640,W BROAD ST,,Columbus,OH,43204
710,JOSEPHINE AVE,,Columbus,OH,43204
3511,WESTWAY DR,,Columbus,OH,43204
98,DERRER DEN LN,,Columbus,OH,43204
114,DERRER DEN LN,,Columbus,OH,43204
3289,MAPLEWAY LN,,Columbus,OH,43204
3278,MAPLEWAY LN,,Columbus,OH,43204
159,N OGDEN AVE,,Columbus,OH,43204
1350,RUNAWAY BAY DR,CN 2C,Columbus,OH,43204
1070,BRONWYN AVE,,Columbus,OH,43204
25,S BURGESS AVE,A,Columbus,OH,43204
2585,STEELE AVE,,Columbus,OH,43204
180,N BURGESS AVE,,Columbus,OH,43204
318,N BURGESS AVE,,Columbus,OH,43204
1088,ST MATTHEW AVE,,Columbus,OH,43204
2690,ST PATRICK RD,,Columbus,OH,43204
2684,VANDERBERG AVE,,Columbus,OH,43204
3515,EAKIN RD,,Columbus,OH,43204
626,JOYFUL ST,,Columbus,OH,43204
3445,STALLING CT,,Columbus,OH,43204
3588,TRABUE RD,,Columbus,OH,43204
3446,SULLIVANT AVE,,Columbus,OH,43204
3398,CAMP CHASE DR,,Columbus,OH,43204
192,N WILSON RD,,Columbus,OH,43204
3195,EL GRECO DR,,Columbus,OH,43204
3179,EL GRECO DR,,Columbus,OH,43204
2635,SULLIVANT AVE,,Columbus,OH,43204
1465,LAKE SHORE DR,,Columbus,OH,43204
2614,EAKIN RD,,Columbus,OH,43204
1471,CLIFF CT,B,Columbus,OH,43204
480,S RICHARDSON AVE,,Columbus,OH,43204
343,S TERRACE AVE,,Columbus,OH,43204
261,S TERRACE AVE,,Columbus,OH,43204
582,DEMOREST RD,,Columbus,OH,43204
347,LETCHWORTH AVE,,Columbus,OH,43204
141,S SYLVAN AVE,,Columbus,OH,43204
3284,W BROAD ST,,Columbus,OH,43204
176,N SOUTHAMPTON AVE,,Columbus,OH,43204
39,ELDON AVE,,Columbus,OH,43204
2450,WESTWOOD DR,,Columbus,OH,43204
1235,LAKE SHORE DR,,Columbus,OH,43204
1253,LAKE SHORE DR,UNIT A,Columbus,OH,43204
1321,LAKE SHORE DR,,Columbus,OH,43204
1305,LAKE SHORE DR,,Columbus,OH,43204
1446,CLIFF CT,C,Columbus,OH,43204
382,S TERRACE AVE,,Columbus,OH,43204
42,ELDON AVE,,Columbus,OH,43204
1254,TREEHAVEN LN,,Columbus,OH,43204
821,MARK PL,,Columbus,OH,43204
618,ATHENS AVE,,Columbus,OH,43204
3203,VALLEY VIEW DR,,Columbus,OH,43204
1226,PINNACLE DR,,Columbus,OH,43204
3303,MARK CT,,Columbus,OH,43204
729,S SYLVAN AVE,,Columbus,OH,43204
183,N ALGONQUIN AVE,,Columbus,OH,43204
3237,MCKINLEY AVE,7,Columbus,OH,43204
2525,REGINA AVE,,Columbus,OH,43204
267,S EUREKA AVE,,Columbus,OH,43204
178,S EUREKA AVE,,Columbus,OH,43204
2512,KREBER AVE,,Columbus,OH,43204
2463,W MOUND ST,,Columbus,OH,43204
547,S WAYNE AVE,,Columbus,OH,43204
259,S WAYNE AVE,,Columbus,OH,43204
210,S WAYNE AVE,UNIT C,Columbus,OH,43204
3235,SULLIVANT AVE,J,Columbus,OH,43204
3220,SULLIVANT AVE,,Columbus,OH,43204
730,S EUREKA AVE,,Columbus,OH,43204
663,S WAYNE AVE,,Columbus,OH,43204
99,N WHEATLAND AVE,UNIT C,Columbus,OH,43204
2460,HARDESTY DR S,,Columbus,OH,43204
1157,ONSLOW DR,,Columbus,OH,43204
3183,RACE ST,,Columbus,OH,43204
133,S BRINKER AVE,,Columbus,OH,43204
3061,VALLEY VIEW DR,12,Columbus,OH,43204
3061,VALLEY VIEW DR,10,Columbus,OH,43204
2900,ABBOTS COVE BLVD,,Columbus,OH,43204
3122,WICKLOW RD,,Columbus,OH,43204
796,S WAYNE AVE,,Columbus,OH,43204
337,S WHEATLAND AVE,,Columbus,OH,43204
104,S WHEATLAND AVE,,Columbus,OH,43204
66,S WHEATLAND AVE,,Columbus,OH,43204
1022,BROOKS END CT,,Columbus,OH,43204
3200,TELHAM DR,,Columbus,OH,43204
3136,RACE ST,,Columbus,OH,43204
236,S WESTGATE AVE,,Columbus,OH,43204
2347,HARDESTY CT,,Columbus,OH,43204
2332,HARDESTY CT,,Columbus,OH,43204
2359,HARDESTY DR N,,Columbus,OH,43204
668,S WHEATLAND AVE,,Columbus,OH,43204
1026,SALISBURY RD,,Columbus,OH,43204
154,S WESTMOOR AVE,,Columbus,OH,43204
148,N HURON AVE,,Columbus,OH,43204
190,N HURON AVE,B,Columbus,OH,43204
2777,ABBOTS COVE BLVD,,Columbus,OH,43204
2744,SCIOTO STATION DR,,Columbus,OH,43204
1010,BINNS BLVD,,Columbus,OH,43204
3712,GRIMES DR,,Columbus,OH,43204
3707,GRIMES DR,,Columbus,OH,43204
3679,FOSSIL DR,,Columbus,OH,43204
3477,WICKLOW RD,,Columbus,OH,43204
3381,TIMBER OAK DR,,Columbus,OH,43204
1221,NATHAN DR,,Columbus,OH,43204
3658,TRABUE RD,,Columbus,OH,43204
2067,BUILDERS PL,,Columbus,OH,43204
1129,GEORGE'S PL,,Columbus,OH,43204
3321,EAKIN RD,,Columbus,OH,43204
175,POWHATAN AVE,,Columbus,OH,43204
66,N SYLVAN AVE,,Columbus,OH,43204
3183,RIDGE AVE,,Columbus,OH,43204
3561,WILSON WOODS DR,I,Columbus,OH,43204
1396,CROSS CREEK DR,I,Columbus,OH,43204
1436,CROSS CREEK DR,G,Columbus,OH,43204
3556,LINDENDALE DR,,Columbus,OH,43204
839,LINDENDALE CT,,Columbus,OH,43204
858,LINDENDALE CT,,Columbus,OH,43204
3535,SANITA CT,,Columbus,OH,43204
3514,SANITA CT,,Columbus,OH,43204
3513,SENATOR CT,,Columbus,OH,43204
3514,DERRER HILL DR,,Columbus,OH,43204
3511,DERRER FIELD DR,,Columbus,OH,43204
3276,MAPLEWAY LN,,Columbus,OH,43204
682,DERRER RD,,Columbus,OH,43204
1258,DEMOREST RD,,Columbus,OH,43204
720,DEMOREST RD,,Columbus,OH,43204
3260,COLONY HILL LN,,Columbus,OH,43204
3217,WESTMILLS DR,,Columbus,OH,43204
3373,EAKIN RD,,Columbus,OH,43204
3288,W BROAD ST,,Columbus,OH,43204
270,N SOUTHAMPTON AVE,,Columbus,OH,43204
362,N SOUTHAMPTON AVE,,Columbus,OH,43204
104,POWHATAN AVE,,Columbus,OH,43204
3120,VALLEY VIEW DR,,Columbus,OH,43204
4085,WILD ASH DR,,Columbus,OH,43204
4045,WILD ASH DR,,Columbus,OH,43204
1482,BROOKFOREST DR,,Columbus,OH,43204
4039,BROOKRUN DR,,Columbus,OH,43204
1516,HIGHBROOK DR,,Columbus,OH,43204
4016,BUSINESS PARK DR,,Columbus,OH,43204
3906,POPLAR BEND DR,,Columbus,OH,43204
3843,GRIMES DR,,Columbus,OH,43204
3817,FARM BROOK LN,,Columbus,OH,43204
886,KINGSFORD RD,,Columbus,OH,43204
3575,EDSON DR,,Columbus,OH,43204
856,LINDENDALE CT,,Columbus,OH,43204
2675,BRIAN CT,,Columbus,OH,43204
2466,QUARRY LAKE DR,,Columbus,OH,43204
2341,QUARRY VALLEY RD,,Columbus,OH,43204
723,RACINE AVE,,Columbus,OH,43204
221,N OGDEN AVE,,Columbus,OH,43204
1558,RUNAWAY BAY DR,,Columbus,OH,43204
2393,KEEP PL,,Columbus,OH,43204
1065,ST AGNES AVE,,Columbus,OH,43204
742,RACINE AVE,,Columbus,OH,43204
3523,WILKES CT,,Columbus,OH,43204
3520,DERRER HOLLOW WAY,,Columbus,OH,43204
3584,FARMHURST LN,,Columbus,OH,43204
3493,FREMONT RD,,Columbus,OH,43204
728,RACINE AVE,,Columbus,OH,43204
735,S WARREN AVE,,Columbus,OH,43204
467,S WARREN AVE,,Columbus,OH,43204
374,S WARREN AVE,,Columbus,OH,43204
271,S OGDEN AVE,,Columbus,OH,43204
311,N BURGESS AVE,,Columbus,OH,43204
1364,BAY SHORE DR,CN 2A,Columbus,OH,43204
1364,BAY SHORE DR,CN 1C,Columbus,OH,43204
1516,RUNAWAY BAY DR,CN 2B,Columbus,OH,43204
1761,LAKE SHORE DR,,Columbus,OH,43204
2718,BERNADETTE RD,,Columbus,OH,43204
109,DERRER DEN LN,,Columbus,OH,43204
3285,MAPLEWAY LN,,Columbus,OH,43204
3455,STALLING CT,,Columbus,OH,43204
229,DERRER RD,,Columbus,OH,43204
2679,SULLIVANT AVE,,Columbus,OH,43204
520,S OGDEN AVE,,Columbus,OH,43204
423,S OGDEN AVE,,Columbus,OH,43204
272,S OGDEN AVE,,Columbus,OH,43204
1115,ST MATTHEW AVE,,Columbus,OH,43204
712,S OGDEN AVE,,Columbus,OH,43204
1214,LAKE SHORE DR,UNIT B,Columbus,OH,43204
3261,MEDOMA DR,,Columbus,OH,43204
1803,SAN REMO DR,,Columbus,OH,43204
605,DEXTER AVE,,Columbus,OH,43204
202,LETCHWORTH AVE,,Columbus,OH,43204
3493,TREVOR DR,,Columbus,OH,43204
95,S SYLVAN AVE,,Columbus,OH,43204
3200,VALLEY VIEW DR,,Columbus,OH,43204
1368,HAFTON WOODS DR,,Columbus,OH,43204
2622,EAKIN RD,,Columbus,OH,43204
551,S RICHARDSON AVE,,Columbus,OH,43204
245,S RICHARDSON AVE,,Columbus,OH,43204
53,N TERRACE AVE,,Columbus,OH,43204
235,S TERRACE AVE,,Columbus,OH,43204
186,ELDON AVE,,Columbus,OH,43204
1313,PINNACLE DR,,Columbus,OH,43204
1255,PINNACLE DR,,Columbus,OH,43204
578,ATHENS AVE,,Columbus,OH,43204
3237,MCKINLEY AVE,93,Columbus,OH,43204
1255,LAKE SHORE DR,UNIT B,Columbus,OH,43204
2551,KREBER AVE,,Columbus,OH,43204
745,S TERRACE AVE,,Columbus,OH,43204
710,S RICHARDSON AVE,,Columbus,OH,43204
682,S RICHARDSON AVE,,Columbus,OH,43204
2474,MCKINLEY AVE,,Columbus,OH,43204
2500,W MOUND ST,,Columbus,OH,43204
3296,MARY AVE,,Columbus,OH,43204
32,OREL AVE,5,Columbus,OH,43204
3192,WICKLOW RD,,Columbus,OH,43204
2466,SULLIVANT AVE,,Columbus,OH,43204
80,S EUREKA AVE,,Columbus,OH,43204
32,N EUREKA AVE,,Columbus,OH,43204
852,S EUREKA AVE,,Columbus,OH,43204
317,S WAYNE AVE,,Columbus,OH,43204
248,N OAKLEY AVE,,Columbus,OH,43204
288,N OAKLEY AVE,,Columbus,OH,43204
3117,ELLIS PL,,Columbus,OH,43204
215,S OAKLEY AVE,,Columbus,OH,43204
2359,W BROAD ST,,Columbus,OH,43204
1088,HARDESTY PL W,,Columbus,OH,43204
1024,HARDESTY PL W,,Columbus,OH,43204
758,S WAYNE AVE,,Columbus,OH,43204
538,S OAKLEY AVE,,Columbus,OH,43204
3165,SULLIVANT AVE,UNIT A,Columbus,OH,43204
337,S WESTGATE AVE,,Columbus,OH,43204
122,S WESTGATE AVE,,Columbus,OH,43204
42,N WESTGATE AVE,,Columbus,OH,43204
96,N WESTGATE AVE,,Columbus,OH,43204
2900,LA VISTA DR,H,Columbus,OH,43204
82,S WHEATLAND AVE,,Columbus,OH,43204
4063,BROOKRUN DR,,Columbus,OH,43204
1302,TELHAM CT,,Columbus,OH,43204
2970,WESTMOOR CT,,Columbus,OH,43204
2870,LA VISTA DR,,Columbus,OH,43204
4054,SANDY RIDGE DR,,Columbus,OH,43204
3117,EAKIN RD,,Columbus,OH,43204
185,S HURON AVE,,Columbus,OH,43204
52,N HURON AVE,,Columbus,OH,43204
115,N HURON AVE,,Columbus,OH,43204
2788,SCIOTO STATION DR,,Columbus,OH,43204
2631,MARBLEVISTA BLVD,,Columbus,OH,43204
369,BINNS BLVD,,Columbus,OH,43204
3007,PALMETTO ST,,Columbus,OH,43204
25,BINNS BLVD,,Columbus,OH,43204
195,N HALDY AVE,,Columbus,OH,43204
2547,MARBLEVISTA BLVD,,Columbus,OH,43204
754,S WHEATLAND AVE,,Columbus,OH,43204
2586,MARBLEVISTA BLVD,,Columbus,OH,43204
171,N ROYS AVE,,Columbus,OH,43204
1832,QUARRY VIEW,,Columbus,OH,43204
3917,BUSINESS PARK DR,,Columbus,OH,43204
3825,BUSINESS PARK DR,,Columbus,OH,43204
3789,GRIMES DR,,Columbus,OH,43204
384,GUERNSEY AVE,,Columbus,OH,43204
42,N ROYS AVE,,Columbus,OH,43204
632,N HAGUE AVE,,Columbus,OH,43204
3071,MCKINLEY AVE,,Columbus,OH,43204
1772,QUARRY VIEW,,Columbus,OH,43204
700,S ROYS AVE,,Columbus,OH,43204
50,S ROYS AVE,,Columbus,OH,43204
2868,W BROAD ST,,Columbus,OH,43204
2856,W BROAD ST,,Columbus,OH,43204
2727,RUTH CT,,Columbus,OH,43204
2808,QUARRY POINT,,Columbus,OH,43204
2786,QUARRY POINT,,Columbus,OH,43204
3611,INTERCHANGE RD,,Columbus,OH,43204
1462,SUNFLOWER DR,,Columbus,OH,43204
855,WILTSHIRE RD,,Columbus,OH,43204
575,CHESTERSHIRE RD,,Columbus,OH,43204
291,S CHASE AVE,,Columbus,OH,43204
2323,MARBLEVISTA BLVD,,Columbus,OH,43204
31,N HAGUE AVE,,Columbus,OH,43204
698,WESTBROOK CT,,Columbus,OH,43204
1434,PEACH TREE CT,,Columbus,OH,43204
828,S HAGUE AVE,,Columbus,OH,43204
711,S HAGUE AVE,,Columbus,OH,43204
618,WILTSHIRE RD,,Columbus,OH,43204
2731,STEELE AVE,,Columbus,OH,43204
661,KINGSFORD RD,UNIT 1A,Columbus,OH,43204
616,WESTBROOK CT,,Columbus,OH,43204
1437,RUNAWAY BAY DR,CN 2C,Columbus,OH,43204
851,REGINA CT,B,Columbus,OH,43204
244,S HAGUE AVE,,Columbus,OH,43204
39,N HARRIS AVE,,Columbus,OH,43204
233,N WARREN AVE,,Columbus,OH,43204
201,N WARREN AVE,,Columbus,OH,43204
1305,PINNACLE DR,,Columbus,OH,43204
3307,SULLIVANT AVE,,Columbus,OH,43204
3285,SULLIVANT AVE,UNIT B,Columbus,OH,43204
347,S SYLVAN AVE,,Columbus,OH,43204
72,N SYLVAN AVE,,Columbus,OH,43204
898,MARK PL,,Columbus,OH,43204
3264,VANDERBERG AVE,,Columbus,OH,43204
3299,EAKIN RD,,Columbus,OH,43204
3246,SULLIVANT AVE,,Columbus,OH,43204
3013,LA VISTA DR,,Columbus,OH,43204
2486,EAKIN RD,,Columbus,OH,43204
539,S WAYNE AVE,,Columbus,OH,43204
536,S WAYNE AVE,,Columbus,OH,43204
190,S OAKLEY AVE,,Columbus,OH,43204
131,S OAKLEY AVE,,Columbus,OH,43204
99,N WHEATLAND AVE,,Columbus,OH,43204
3372,RIEGELWOOD CT,,Columbus,OH,43204
3280,BRIGGS RD,,Columbus,OH,43204
3344,RIEGELWOOD CT,,Columbus,OH,43204
195,N WHEATLAND AVE,,Columbus,OH,43204
555,S OAKLEY AVE,,Columbus,OH,43204
569,S WHEATLAND AVE,,Columbus,OH,43204
2240,HARPER RD,,Columbus,OH,43204
1447,BROOKFOREST DR,,Columbus,OH,43204
729,S BRINKER AVE,,Columbus,OH,43204
3177,WHITEHEAD RD,,Columbus,OH,43204
2938,LA VISTA DR,,Columbus,OH,43204
235,S WESTGATE AVE,,Columbus,OH,43204
3091,W BROAD ST,,Columbus,OH,43204
2345,W MOUND ST,,Columbus,OH,43204
2889,ABBOTS COVE BLVD,,Columbus,OH,43204
1311,CATALINA CT,,Columbus,OH,43204
2778,MARBLEVISTA BLVD,,Columbus,OH,43204
2790,MARBLEVISTA BLVD,,Columbus,OH,43204
3145,EAKIN RD,,Columbus,OH,43204
650,S WESTGATE AVE,,Columbus,OH,43204
616,S WESTGATE AVE,,Columbus,OH,43204
265,S WESTMOOR AVE,,Columbus,OH,43204
2849,ABBOTS COVE BLVD,,Columbus,OH,43204
1284,WINESAP DR,,Columbus,OH,43204
3091,SULLIVANT AVE,,Columbus,OH,43204
2597,MARBLEVISTA BLVD,,Columbus,OH,43204
2640,MARBLEVISTA BLVD,,Columbus,OH,43204
829,BINNS BLVD,,Columbus,OH,43204
3029,SULLIVANT AVE,,Columbus,OH,43204
433,BINNS BLVD,,Columbus,OH,43204
35,N HALDY AVE,,Columbus,OH,43204
2796,OTTIS CT,UNIT E,Columbus,OH,43204
1330,THACKER CT,UNIT C,Columbus,OH,43204
2590,MARBLEVISTA BLVD,,Columbus,OH,43204
927,S ROYS AVE,,Columbus,OH,43204
828,BINNS BLVD,,Columbus,OH,43204
3735,INTERCHANGE RD,,Columbus,OH,43204
3847,TRESTLE CT,,Columbus,OH,43204
581,BINNS BLVD,,Columbus,OH,43204
2948,CRESCENT DR,,Columbus,OH,43204
1844,QUARRY VIEW,,Columbus,OH,43204
664,BINNS BLVD,,Columbus,OH,43204
3671,WEST HORIZONS,APT 300,Columbus,OH,43204
3660,WEST HORIZONS,APT 105,Columbus,OH,43204
3647,WEST HORIZONS,APT 302,Columbus,OH,43204
926,CHESTERSHIRE RD,,Columbus,OH,43204
1657,QUARRY TRACE,,Columbus,OH,43204
2689,QUARRY LAKE DR,,Columbus,OH,43204
1878,LAKE SHORE DR,,Columbus,OH,43204
2955,BRIGGS RD,,Columbus,OH,43204
765,WILTSHIRE RD,,Columbus,OH,43204
1250,WARBLE DR,,Columbus,OH,43204
3583,INTERCHANGE RD,,Columbus,OH,43204
37,N POWELL AVE,,Columbus,OH,43204
91,N POWELL AVE,,Columbus,OH,43204
2946,DAISY LN,,Columbus,OH,43204
640,CHESTERSHIRE RD,,Columbus,OH,43204
584,CHESTERSHIRE RD,,Columbus,OH,43204
174 1/2,S POWELL AVE,,Columbus,OH,43204
3492,WILSON WOODS DR,G,Columbus,OH,43204
804,S HAGUE AVE,,Columbus,OH,43204
376,S POWELL AVE,,Columbus,OH,43204
92,S HAGUE AVE,,Columbus,OH,43204
1431,RUNAWAY BAY DR,CN 2A,Columbus,OH,43204
1830,LAKE SHORE DR,,Columbus,OH,43204
3417,WILSON WOODS DR,H,Columbus,OH,43204
619,S HARRIS AVE,,Columbus,OH,43204
481,S HARRIS AVE,,Columbus,OH,43204
2658,FISHER RD,,Columbus,OH,43204
1454,RUNAWAY BAY DR,,Columbus,OH,43204
430,S HARRIS AVE,,Columbus,OH,43204
164,S HARRIS AVE,,Columbus,OH,43204
685,KINGSFORD RD,B5,Columbus,OH,43204
661,KINGSFORD RD,UNIT 1D,Columbus,OH,43204
1396,CROSS CREEK DR,J,Columbus,OH,43204
77,S WARREN AVE,,Columbus,OH,43204
115,N WARREN AVE,,Columbus,OH,43204
100,N WARREN AVE,,Columbus,OH,43204
1442,BAY SHORE DR,CN 1A,Columbus,OH,43204
1492,RUNAWAY BAY DR,CN 3C,Columbus,OH,43204
1533,RUNAWAY BAY DR,,Columbus,OH,43204
1564,RUNAWAY BAY DR,CN 2B,Columbus,OH,43204
1368,BRONWYN AVE,,Columbus,OH,43204
697,S WARREN AVE,,Columbus,OH,43204
422,S WARREN AVE,,Columbus,OH,43204
215,S OGDEN AVE,,Columbus,OH,43204
3576,EDSON DR,,Columbus,OH,43204
916,BRIXHAM RD,,Columbus,OH,43204
618,BRIXHAM RD,,Columbus,OH,43204
24,S WARREN AVE,,Columbus,OH,43204
253,N BURGESS AVE,,Columbus,OH,43204
1050,ST AGNES AVE,,Columbus,OH,43204
467,S OGDEN AVE,,Columbus,OH,43204
308,N BURGESS AVE,,Columbus,OH,43204
1399,HAFTON WOODS DR,,Columbus,OH,43204
3521,SANITA CT,,Columbus,OH,43204
847,MACLAM DR,,Columbus,OH,43204
3603,FARMHURST LN,,Columbus,OH,43204
3461,STALLING CT,,Columbus,OH,43204
1931,MAPLEWAY DR,,Columbus,OH,43204
3254,MAPLEWAY LN,,Columbus,OH,43204
469,S BURGESS AVE,,Columbus,OH,43204
984,S RICHARDSON AVE,,Columbus,OH,43204
315,S RICHARDSON AVE,,Columbus,OH,43204
258,S RICHARDSON AVE,,Columbus,OH,43204
1116,ST CECELIA DR,,Columbus,OH,43204
981,HODGES DR,,Columbus,OH,43204
690,S BURGESS AVE,,Columbus,OH,43204
1255,LAKE SHORE DR,UNIT A,Columbus,OH,43204
3570,FARMHURST LN,,Columbus,OH,43204
127,DERRER RD,,Columbus,OH,43204
116,DERRER HEIGHT LN,,Columbus,OH,43204
3413,SOUTH BLVD,,Columbus,OH,43204
1323,LAKE SHORE DR,,Columbus,OH,43204
1374,LAKE SHORE DR,A,Columbus,OH,43204
430,S TERRACE AVE,,Columbus,OH,43204
338,TERRACE AVE,,Columbus,OH,43204
228,S TERRACE AVE,,Columbus,OH,43204
125,S EUREKA AVE,,Columbus,OH,43204
3400,VALLEY VIEW DR,,Columbus,OH,43204
273,LETCHWORTH AVE,,Columbus,OH,43204
86,LETCHWORTH AVE,,Columbus,OH,43204
3260,VALLEY VIEW DR,,Columbus,OH,43204
3373,MARY AVE,,Columbus,OH,43204
3078,JERSEY DR,,Columbus,OH,43204
3159,WESTMILLS DR,,Columbus,OH,43204
2526,KREBER AVE,,Columbus,OH,43204
826,S TERRACE AVE,,Columbus,OH,43204
782,S TERRACE AVE,,Columbus,OH,43204
768,S TERRACE AVE,,Columbus,OH,43204
283,S EUREKA AVE,,Columbus,OH,43204
30,N EUREKA AVE,,Columbus,OH,43204
36,N EUREKA AVE,,Columbus,OH,43204
64,N EUREKA AVE,,Columbus,OH,43204
3237,MAPLEWAY LN,,Columbus,OH,43204
3521,EAKIN RD,,Columbus,OH,43204
3390,NORTH BLVD,,Columbus,OH,43204
1322,RUNAWAY BAY DR,CN 3D,Columbus,OH,43204
1418,BAY SHORE DR,CN 3C,Columbus,OH,43204
1088,BRONWYN AVE,,Columbus,OH,43204
419,S OGDEN AVE,,Columbus,OH,43204
254,S OGDEN AVE,,Columbus,OH,43204
226,N BURGESS AVE,,Columbus,OH,43204
236,N BURGESS AVE,,Columbus,OH,43204
338,N BURGESS AVE,,Columbus,OH,43204
0,W BROAD ST,,Columbus,OH,43204
3365,TIMBER RUN DR,,Columbus,OH,43204
3267,VASALBORO WAY,,Columbus,OH,43204
1869,SAN REMO DR,,Columbus,OH,43204
681,DEMOREST RD,,Columbus,OH,43204
106,DEMOREST AVE,,Columbus,OH,43204
3301,RUDON LN,,Columbus,OH,43204
3317,BRICHAR WAY,,Columbus,OH,43204
1809,SAN REMO DR,,Columbus,OH,43204
2654,VANDERBERG AVE,,Columbus,OH,43204
322,S BURGESS AVE,,Columbus,OH,43204
2552,STEELE AVE,,Columbus,OH,43204
1205,LAKE SHORE DR,UNIT A,Columbus,OH,43204
1471,LAKE SHORE DR,,Columbus,OH,43204
208,S RICHARDSON AVE,,Columbus,OH,43204
81,N TERRACE AVE,,Columbus,OH,43204
1479,CLIFF CT,A,Columbus,OH,43204
3348,MARY AVE,,Columbus,OH,43204
3336,SULLIVANT AVE,APT,Columbus,OH,43204
3315,PARKSIDE RD,,Columbus,OH,43204
242,S SOUTHAMPTON AVE,,Columbus,OH,43204
221,N SYLVAN AVE,,Columbus,OH,43204
241,N SYLVAN AVE,,Columbus,OH,43204
3204,VALLEY VIEW DR,,Columbus,OH,43204
1480,CLIFF CT,B,Columbus,OH,43204
129,S TERRACE AVE,,Columbus,OH,43204
49,S TERRACE AVE,,Columbus,OH,43204
318,N SYLVAN AVE,,Columbus,OH,43204
3060,JERSEY DR,,Columbus,OH,43204
1355,BAJA LN,,Columbus,OH,43204
1320,RIEGELWOOD LN,,Columbus,OH,43204
3327,STEPHEN DR S,,Columbus,OH,43204
3324,STEPHEN DR S,,Columbus,OH,43204
460,S TERRACE AVE,,Columbus,OH,43204
225,S EUREKA AVE,,Columbus,OH,43204
2447,W BROAD ST,UNIT 2,Columbus,OH,43204
17,N EUREKA AVE,,Columbus,OH,43204
426,S EUREKA AVE,,Columbus,OH,43204
326,S EUREKA AVE,,Columbus,OH,43204
131,S WAYNE AVE,,Columbus,OH,43204
36,OREL AVE,,Columbus,OH,43204
3237,MCKINLEY AVE,96,Columbus,OH,43204
897,S BRINKER AVE,,Columbus,OH,43204
207,S ALGONQUIN AVE,,Columbus,OH,43204
77,S BRINKER AVE,,Columbus,OH,43204
45,S BRINKER AVE,,Columbus,OH,43204
3179,W BROAD ST,,Columbus,OH,43204
3237,MCKINLEY AVE,59,Columbus,OH,43204
451,S WAYNE AVE,,Columbus,OH,43204
194,N WAYNE AVE,,Columbus,OH,43204
181,N OAKLEY AVE,,Columbus,OH,43204
708,S EUREKA AVE,,Columbus,OH,43204
21,S OAKLEY AVE,,Columbus,OH,43204
2363,HARRISON RD,,Columbus,OH,43204
2470,HARDESTY DR S,,Columbus,OH,43204
1370,BROOKFOREST DR,,Columbus,OH,43204
3243,STEPHEN DR S,,Columbus,OH,43204
858,S BRINKER AVE,,Columbus,OH,43204
527,WESTMOOR PL,,Columbus,OH,43204
2932,ABBOTS COVE BLVD,,Columbus,OH,43204
3214,BRIGGS RD,,Columbus,OH,43204
87,N WESTMOOR AVE,UNIT B,Columbus,OH,43204
2899,ABBOTS COVE BLVD,,Columbus,OH,43204
2786,MARBLEVISTA BLVD,,Columbus,OH,43204
1028,HARDESTY PL W,,Columbus,OH,43204
1030,BROOKS END CT,,Columbus,OH,43204
991,BROOKS END CT,,Columbus,OH,43204
539,S OAKLEY AVE,,Columbus,OH,43204
430,S OAKLEY AVE,,Columbus,OH,43204
398,S OAKLEY AVE,,Columbus,OH,43204
2240,HARPER RD,,Columbus,OH,43204
2343,HARDESTY CT,,Columbus,OH,43204
32,N WESTMOOR AVE,,Columbus,OH,43204
1131,ABBOTS GREEN CIR,,Columbus,OH,43204
1326,RIVIERA CT,UNIT A,Columbus,OH,43204
1326,RIVIERA CT,UNIT C,Columbus,OH,43204
2697,MARBLEVISTA BLVD,,Columbus,OH,43204
2367,HARDESTY DR N,,Columbus,OH,43204
615,S WHEATLAND AVE,,Columbus,OH,43204
70,N HURON AVE,,Columbus,OH,43204
2958,VALLEY VIEW DR,,Columbus,OH,43204
524,N WESTMOOR AVE,,Columbus,OH,43204
1156,ABBOTS GREEN CIR,,Columbus,OH,43204
2833,LA VISTA DR,,Columbus,OH,43204
2001,MARBLE CLIFF CROSSING CT,,Columbus,OH,43204
1977,MARBLE CLIFF CROSSING CT,,Columbus,OH,43204
3879,TALCOTT DR,,Columbus,OH,43204
3005,WICKLOW RD,,Columbus,OH,43204
127,N HALDY AVE,,Columbus,OH,43204
159,N HALDY AVE,,Columbus,OH,43204
2958,FREMONT ST,,Columbus,OH,43204
3908,BUSINESS PARK DR,,Columbus,OH,43204
1384,MARCHFIELD WAY,,Columbus,OH,43204
3727,INTERCHANGE RD,,Columbus,OH,43204
94,N HALDY AVE,,Columbus,OH,43204
2721,ABBOTS LOOP CT,,Columbus,OH,43204
2487,MARBLEVISTA BLVD,,Columbus,OH,43204
1093,WILTSHIRE RD,,Columbus,OH,43204
1868,MARBLE CLIFF CROSSING CT,,Columbus,OH,43204
3647,WEST HORIZONS,APT 301,Columbus,OH,43204
3742,GIBBSTONE DR,,Columbus,OH,43204
3699,TWIN CREEKS DR,,Columbus,OH,43204
805,CHESTERSHIRE RD,,Columbus,OH,43204
2937,PARKSIDE RD,,Columbus,OH,43204
356,S ROYS AVE,,Columbus,OH,43204
144,N CHASE AVE,,Columbus,OH,43204
2780,QUARRY POINT,,Columbus,OH,43204
2628,QUARRY LAKE DR,,Columbus,OH,43204
2385,MARBLEVISTA BLVD,,Columbus,OH,43204
3581,INTERCHANGE RD,,Columbus,OH,43204
3567,WILSON WOODS DR,G,Columbus,OH,43204
947,S HAGUE AVE,,Columbus,OH,43204
740,CHESTERSHIRE RD,,Columbus,OH,43204
603,CHESTERSHIRE RD,,Columbus,OH,43204
382,S CHASE AVE,,Columbus,OH,43204
338,S CHASE AVE,C,Columbus,OH,43204
98,N POWELL AVE,,Columbus,OH,43204
2567,QUARRY LAKE DR,,Columbus,OH,43204
1436,CROSS CREEK DR,I,Columbus,OH,43204
2952,DAISY LN,,Columbus,OH,43204
1163,RACINE AVE,,Columbus,OH,43204
680,WILTSHIRE RD,,Columbus,OH,43204
65,N HAGUE AVE,,Columbus,OH,43204
685,KINGSFORD RD,B1,Columbus,OH,43204
3640,EAKIN RD,4C,Columbus,OH,43204
3561,LINDENDALE DR,,Columbus,OH,43204
723,S HAGUE AVE,,Columbus,OH,43204
730,S HAGUE AVE,,Columbus,OH,43204
699,S HAGUE AVE,,Columbus,OH,43204
589,S HAGUE AVE,,Columbus,OH,43204
2401,QUARRY VALLEY RD,,Columbus,OH,43204
938,RACINE AVE,,Columbus,OH,43204
918,RACINE AVE,,Columbus,OH,43204
482,S HAGUE AVE,,Columbus,OH,43204
406,S HAGUE AVE,,Columbus,OH,43204
2694,W BROAD ST,E,Columbus,OH,43204
143,N WARREN AVE,,Columbus,OH,43204
205,N WARREN AVE,,Columbus,OH,43204
840,KINGSFORD RD,,Columbus,OH,43204
3615,EDSON DR,,Columbus,OH,43204
1420,RUNAWAY BAY DR,CN 3A,Columbus,OH,43204
1420,RUNAWAY BAY DR,CN 2C,Columbus,OH,43204
2287,QUARRY VALLEY RD,,Columbus,OH,43204
3518,WILKES CT,,Columbus,OH,43204
3495,FREMONT RD,,Columbus,OH,43204
3479,DERRER HILL DR,,Columbus,OH,43204
3479,DERRER RUN DR,,Columbus,OH,43204
3275,MAPLEWAY LN,,Columbus,OH,43204
1889,MAPLEWAY DR,,Columbus,OH,43204
3286,MAPLEWAY LN,,Columbus,OH,43204
466,S HARRIS AVE,,Columbus,OH,43204
2721,FREMONT ST,,Columbus,OH,43204
62,N WARREN AVE,,Columbus,OH,43204
1377,RUNAWAY BAY DR,,Columbus,OH,43204
2742,ROSEDALE AVE,,Columbus,OH,43204
608,RACINE AVE,,Columbus,OH,43204
448,S WARREN AVE,,Columbus,OH,43204
264,S WARREN AVE,,Columbus,OH,43204
27,S OGDEN AVE,,Columbus,OH,43204
91,N OGDEN AVE,,Columbus,OH,43204
732,BRIXHAM RD,,Columbus,OH,43204
685,JOSEPHINE AVE,,Columbus,OH,43204
3556,SULLIVANT AVE,,Columbus,OH,43204
465,JOSEPHINE AVE,,Columbus,OH,43204
3524,WILKES CT,,Columbus,OH,43204
3511,SENATOR CT,,Columbus,OH,43204
3522,DERRER HILL DR,,Columbus,OH,43204
3482,DERRER FIELD DR,,Columbus,OH,43204
310,JOSEPHINE AVE,,Columbus,OH,43204
79,S OGDEN AVE,,Columbus,OH,43204
1322,RUNAWAY BAY DR,CN 2D,Columbus,OH,43204
1322,RUNAWAY BAY DR,CN 2C,Columbus,OH,43204
1376,BAY SHORE DR,CN 3D,Columbus,OH,43204
1406,BAY SHORE DR,CN 2C,Columbus,OH,43204
578,S WARREN AVE,,Columbus,OH,43204
3483,SANITA CT,,Columbus,OH,43204
3439,SOUTH BLVD,,Columbus,OH,43204
3287,NATHAN CT,,Columbus,OH,43204
1136,FARMHURST CT,,Columbus,OH,43204
3457,STALLING CT,,Columbus,OH,43204
35,DERRER RD,,Columbus,OH,43204
3415,SOUTH BLVD,,Columbus,OH,43204
448,S OGDEN AVE,,Columbus,OH,43204
265,S BURGESS AVE,,Columbus,OH,43204
188,S OGDEN AVE,,Columbus,OH,43204
164,S OGDEN AVE,,Columbus,OH,43204
178,N BURGESS AVE,,Columbus,OH,43204
2534,STEELE AVE,,Columbus,OH,43204
2531,STEELE AVE,,Columbus,OH,43204
3614,TRABUE RD,,Columbus,OH,43204
206,DERRER RD,,Columbus,OH,43204
1172,NATHAN DR,,Columbus,OH,43204
3292,COLONY HILL LN,,Columbus,OH,43204
3574,TRABUE RD,,Columbus,OH,43204
2676,BRIGGS RD,,Columbus,OH,43204
204,S RICHARDSON AVE,,Columbus,OH,43204
85,S RICHARDSON AVE,,Columbus,OH,43204
55,N TERRACE AVE,,Columbus,OH,43204
66,N TERRACE AVE,,Columbus,OH,43204
238,N TERRACE AVE,,Columbus,OH,43204
1216,LAKE SHORE DR,UNIT C,Columbus,OH,43204
1397,LAKE SHORE DR,,Columbus,OH,43204
1368,LAKE SHORE DR,B,Columbus,OH,43204
1443,CLIFF CT,B,Columbus,OH,43204
97,LETCHWORTH AVE,,Columbus,OH,43204
517,INDUSTRY DR,,Columbus,OH,43204
3261,COLONY VISTA LN,,Columbus,OH,43204
1810,SAN REMO DR,,Columbus,OH,43204
825,STEPHEN DR W,,Columbus,OH,43204
725,DEXTER AVE,,Columbus,OH,43204
1161,TREEHAVEN LN,,Columbus,OH,43204
3330,SULLIVANT AVE,,Columbus,OH,43204
828,S RICHARDSON AVE,,Columbus,OH,43204
1412,LAKE SHORE DR,,Columbus,OH,43204
532,TERRACE AVE,,Columbus,OH,43204
229,S EUREKA AVE,,Columbus,OH,43204
206,S TERRACE AVE,,Columbus,OH,43204
98,S TERRACE AVE,,Columbus,OH,43204
40,S TERRACE AVE,,Columbus,OH,43204
68,ELDON AVE,,Columbus,OH,43204
79,S SYLVAN AVE,,Columbus,OH,43204
3076,JERSEY DR,,Columbus,OH,43204
3356,MIRIAM DR S,,Columbus,OH,43204
3295,SULLIVANT AVE,UNIT L,Columbus,OH,43204
3271,WICKLOW RD,,Columbus,OH,43204
68,N SYLVAN AVE,F,Columbus,OH,43204
286,N SYLVAN AVE,,Columbus,OH,43204
3412,EMELINE DR,,Columbus,OH,43204
3334,STEPHEN DR S,,Columbus,OH,43204
811,S EUREKA AVE,,Columbus,OH,43204
762,S TERRACE AVE,,Columbus,OH,43204
2490,SULLIVANT AVE,,Columbus,OH,43204
291,S EUREKA AVE,,Columbus,OH,43204
87,S WAYNE AVE,,Columbus,OH,43204
148,N EUREKA AVE,,Columbus,OH,43204
340,N ALGONQUIN AVE,,Columbus,OH,43204
3237,MCKINLEY AVE,66,Columbus,OH,43204
953,S BRINKER AVE,,Columbus,OH,43204
293,S ALGONQUIN AVE,,Columbus,OH,43204
377,N BRINKER AVE,,Columbus,OH,43204
1168,N HAGUE AVE,,Columbus,OH,43204
2988,LA VISTA DR,,Columbus,OH,43204
2976,LA VISTA DR,,Columbus,OH,43204
246,N WAYNE AVE,,Columbus,OH,43204
240,N OAKLEY AVE,,Columbus,OH,43204
617,S WAYNE AVE,,Columbus,OH,43204
3341,RIEGELWOOD CT,,Columbus,OH,43204
886,S BRINKER AVE,,Columbus,OH,43204
550,S BRINKER AVE,,Columbus,OH,43204
385,S OAKLEY AVE,,Columbus,OH,43204
299,S OAKLEY AVE,,Columbus,OH,43204
160,N OAKLEY AVE,,Columbus,OH,43204
734,S WAYNE AVE,,Columbus,OH,43204
615,S OAKLEY AVE,,Columbus,OH,43204
554,S OAKLEY AVE,,Columbus,OH,43204
99,S WHEATLAND AVE,,Columbus,OH,43204
4243,TRABUE RD,,Columbus,OH,43204
1312,ONSLOW DR,,Columbus,OH,43204
926,MIRIAM DR E,,Columbus,OH,43204
3152,SULLIVANT AVE,,Columbus,OH,43204
299,S WESTGATE AVE,,Columbus,OH,43204
160,S WESTGATE AVE,,Columbus,OH,43204
515,WESTMOOR PL,,Columbus,OH,43204
2731,MARBLEVISTA BLVD,,Columbus,OH,43204
219,S WESTMOOR AVE,,Columbus,OH,43204
1010,HARDESTY PL W,,Columbus,OH,43204
1000,BROOKS END CT,,Columbus,OH,43204
2381,HARDESTY DR N,,Columbus,OH,43204
3024,OLIVE ST,,Columbus,OH,43204
53,S HURON AVE,,Columbus,OH,43204
2748,ABBOTS COVE BLVD,,Columbus,OH,43204
1359,THACKER CT,,Columbus,OH,43204
2991,W BROAD ST,,Columbus,OH,43204
2303,HARDESTY DR N,,Columbus,OH,43204
1047,HARDESTY PL E,,Columbus,OH,43204
4051,BUSINESS PARK DR,,Columbus,OH,43204
3897,BUSINESS PARK DR,,Columbus,OH,43204
894,BINNS BLVD,,Columbus,OH,43204
651,BINNS BLVD,,Columbus,OH,43204
2941,CRESCENT DR,,Columbus,OH,43204
2936,CRESCENT DR,,Columbus,OH,43204
66,N HALDY AVE,,Columbus,OH,43204
102,N HALDY AVE,,Columbus,OH,43204
113,N ROYS AVE,,Columbus,OH,43204
649,N HAGUE AVE,,Columbus,OH,43204
674,BINNS BLVD,,Columbus,OH,43204
638,BINNS BLVD,,Columbus,OH,43204
3889,BUSINESS PARK DR,,Columbus,OH,43204
3713,WINDWARD WAY,APT 204,Columbus,OH,43204
2955,SULLIVANT AVE,,Columbus,OH,43204
130,GUERNSEY AVE,,Columbus,OH,43204
1796,QUARRY VIEW,,Columbus,OH,43204
960,CHESTERSHIRE RD,,Columbus,OH,43204
472,S ROYS AVE,,Columbus,OH,43204
140,S ROYS AVE,,Columbus,OH,43204
2770,QUARRY POINT,,Columbus,OH,43204
332,S CHASE AVE,,Columbus,OH,43204
268,POWELL CIR,UNIT C,Columbus,OH,43204
3693,FOSSIL DR,,Columbus,OH,43204
3609,INTERCHANGE RD,,Columbus,OH,43204
3520,WILSON WOODS DR,A,Columbus,OH,43204
1068,S HARRIS AVE,,Columbus,OH,43204
690,WILTSHIRE RD,,Columbus,OH,43204
599,WILTSHIRE RD,,Columbus,OH,43204
445,S POWELL AVE,,Columbus,OH,43204
323,S POWELL AVE,,Columbus,OH,43204
289,S POWELL AVE,,Columbus,OH,43204
250,S POWELL AVE,UNIT C,Columbus,OH,43204
186,S POWELL AVE,,Columbus,OH,43204
64,N POWELL AVE,,Columbus,OH,43204
2751,CAROL AVE,,Columbus,OH,43204
1853,LAKE SHORE DR,,Columbus,OH,43204
3417,WILSON WOODS DR,B,Columbus,OH,43204
2908,GRESHAM RD N,,Columbus,OH,43204
2889,BRIGGS RD,,Columbus,OH,43204
106,S HAGUE AVE,,Columbus,OH,43204
50,S HAGUE AVE,,Columbus,OH,43204
2852,LONGFIELD RD,,Columbus,OH,43204
2826,VANDERBERG AVE,,Columbus,OH,43204
732,S HARRIS AVE,,Columbus,OH,43204
38,N HARRIS AVE,,Columbus,OH,43204
259,N WARREN AVE,,Columbus,OH,43204
1414,RUNAWAY BAY DR,CN 2C,Columbus,OH,43204
2313,QUARRY VALLEY RD,,Columbus,OH,43204
841,KINGSFORD RD,UNIT A,Columbus,OH,43204
3540,EDSON DR,,Columbus,OH,43204
1168,ST AGNES AVE,,Columbus,OH,43204
1124,PARMA AVE,,Columbus,OH,43204
1079,PARMA AVE,,Columbus,OH,43204
2755,EAKIN RD,O,Columbus,OH,43204
777,RACINE AVE,,Columbus,OH,43204
288,N WARREN AVE,,Columbus,OH,43204
1498,RUNAWAY BAY DR,CN 3A,Columbus,OH,43204
1523,RUNAWAY BAY DR,CN 1D,Columbus,OH,43204
2403,KEEP PL,,Columbus,OH,43204
2757,REGINA AVE,,Columbus,OH,43204
602,RACINE AVE,,Columbus,OH,43204
266,S WARREN AVE,,Columbus,OH,43204
270,S WARREN AVE,,Columbus,OH,43204
3647,WEST HORIZONS,APT 300,Columbus,OH,43204
105,N CHASE AVE,,Columbus,OH,43204
142,N CHASE AVE,,Columbus,OH,43204
215,N POWELL AVE,,Columbus,OH,43204
1653,QUARRY TRACE,,Columbus,OH,43204
2690,QUARRY LAKE DR,,Columbus,OH,43204
2903,SULLIVANT AVE,UNIT 2,Columbus,OH,43204
338,S CHASE AVE,B,Columbus,OH,43204
124,N POWELL AVE,,Columbus,OH,43204
2341,MARBLEVISTA BLVD,,Columbus,OH,43204
2929,GRESHAM RD N,,Columbus,OH,43204
911,S HAGUE AVE,,Columbus,OH,43204
817,S HAGUE AVE,,Columbus,OH,43204
726,WILTSHIRE RD,,Columbus,OH,43204
273,S CHASE AVE,B,Columbus,OH,43204
2751,STEELE AVE,,Columbus,OH,43204
1090,RACINE AVE,,Columbus,OH,43204
735,S HAGUE AVE,,Columbus,OH,43204
742,S HAGUE AVE,,Columbus,OH,43204
563,S HAGUE AVE,UNIT 04,Columbus,OH,43204
2790,FISHER RD,,Columbus,OH,43204
995,SAFIN RD,,Columbus,OH,43204
737,N WILSON RD,,Columbus,OH,43204
811,KINGSFORD RD,UNIT A,Columbus,OH,43204
2864,NICHOLAS AVE,,Columbus,OH,43204
2860,LONGFIELD RD,,Columbus,OH,43204
845,REGINA CT,C,Columbus,OH,43204
462,S HAGUE AVE,,Columbus,OH,43204
325,S HARRIS AVE,,Columbus,OH,43204
869,BRIXHAM RD,,Columbus,OH,43204
834,KINGSFORD RD,,Columbus,OH,43204
315,JOSEPHINE AVE,,Columbus,OH,43204
131,DERRER MEADOW LN,,Columbus,OH,43204
3515,DERRER FIELD DR,,Columbus,OH,43204
898,RACINE AVE,,Columbus,OH,43204
713,RACINE AVE,,Columbus,OH,43204
281,S WARREN AVE,,Columbus,OH,43204
70,S HARRIS AVE,,Columbus,OH,43204
227,N OGDEN AVE,,Columbus,OH,43204
238,N WARREN AVE,,Columbus,OH,43204
1436,BAY SHORE DR,CN 3D,Columbus,OH,43204
706,JOYFUL ST,,Columbus,OH,43204
3446,FREMONT ST,,Columbus,OH,43204
3453,DERRER RUN DR,,Columbus,OH,43204
3252,MAPLEWAY LN,,Columbus,OH,43204
767,S WARREN AVE,,Columbus,OH,43204
146,S WARREN AVE,,Columbus,OH,43204
22,N WARREN AVE,,Columbus,OH,43204
185,N OGDEN AVE,,Columbus,OH,43204
2600,FISHER RD,,Columbus,OH,43204
1358,BAY SHORE DR,CN 1C,Columbus,OH,43204
2347,KEEP PL,,Columbus,OH,43204
1768,LAKE SHORE DR,,Columbus,OH,43204
382,DERRER RD,,Columbus,OH,43204
738,FEBOR CT,,Columbus,OH,43204
1198,ROMONA PL,,Columbus,OH,43204
3273,VASALBORO WAY,,Columbus,OH,43204
421,DEMOREST AVE,,Columbus,OH,43204
457,INDUSTRY DR,,Columbus,OH,43204
2754,HAFTON WOODS CT,,Columbus,OH,43204
2735,HAFTON RD,,Columbus,OH,43204
588,S WARREN AVE,,Columbus,OH,43204
2657,SULLIVANT AVE,,Columbus,OH,43204
395,S OGDEN AVE,,Columbus,OH,43204
394,S OGDEN AVE,,Columbus,OH,43204
269,S BURGESS AVE,,Columbus,OH,43204
2639,MCKINLEY AVE,,Columbus,OH,43204
282,S BURGESS AVE,,Columbus,OH,43204
3333,W BROAD ST,7,Columbus,OH,43204
3249,COLONY VISTA LN,,Columbus,OH,43204
135,S SYLVAN AVE,,Columbus,OH,43204
130,S SOUTHAMPTON AVE,,Columbus,OH,43204
656,DEXTER AVE,,Columbus,OH,43204
2665,ROSEDALE AVE,,Columbus,OH,43204
976,S RICHARDSON AVE,,Columbus,OH,43204
804,S BURGESS AVE,,Columbus,OH,43204
757,S BURGESS AVE,,Columbus,OH,43204
715,BURGESS AVE,,Columbus,OH,43204
2576,SULLIVANT AVE,,Columbus,OH,43204
420,S BURGESS AVE,,Columbus,OH,43204
254,S RICHARDSON AVE,,Columbus,OH,43204
171,S RICHARDSON AVE,,Columbus,OH,43204
265,N ELDON AVE,,Columbus,OH,43204
1474,CLIFF CT,A,Columbus,OH,43204
975,HODGES DR,,Columbus,OH,43204
599,S SYLVAN AVE,,Columbus,OH,43204
256,S SYLVAN AVE,,Columbus,OH,43204
150,S SYLVAN AVE,,Columbus,OH,43204
68,N SYLVAN AVE,H,Columbus,OH,43204
343,N ALGONQUIN AVE,,Columbus,OH,43204
909,VANDERBERG PL,,Columbus,OH,43204
3145,RIDGE AVE,,Columbus,OH,43204
158,ELDON AVE,,Columbus,OH,43204
1327,LAKE SHORE DR,UNIT B,Columbus,OH,43204
2544,VANDERBERG AVE,,Columbus,OH,43204
692,S RICHARDSON AVE,,Columbus,OH,43204
553,S TERRACE AVE,,Columbus,OH,43204
394,S TERRACE AVE,,Columbus,OH,43204
256,S TERRACE AVE,,Columbus,OH,43204
745,POWHATAN AVE,,Columbus,OH,43204
3235,SULLIVANT AVE,A,Columbus,OH,43204
392,N BRINKER AVE,,Columbus,OH,43204
3180,RACE ST,,Columbus,OH,43204
312,S BRINKER AVE,,Columbus,OH,43204
180,S BRINKER AVE,,Columbus,OH,43204
717,S TERRACE AVE,,Columbus,OH,43204
726,S TERRACE AVE,,Columbus,OH,43204
519,S EUREKA AVE,,Columbus,OH,43204
299,S EUREKA AVE,,Columbus,OH,43204
2403 1/2,W BROAD ST,,Columbus,OH,43204
1506,BROOKFOREST DR,,Columbus,OH,43204
29,N WESTGATE AVE,,Columbus,OH,43204
3123,STEELE AVE,,Columbus,OH,43204
2936,LA VISTA DR,UNIT F,Columbus,OH,43204
2928,LA VISTA DR,B,Columbus,OH,43204
3290,MCKINLEY AVE,CATV,Columbus,OH,43204
3209,STEPHEN DR S,,Columbus,OH,43204
952,MIRIAM DR E,,Columbus,OH,43204
3165,SULLIVANT AVE,UNIT L,Columbus,OH,43204
3150,WHITEHEAD RD,,Columbus,OH,43204
2509,SYMINGTON AVE,,Columbus,OH,43204
1012,S EUREKA AVE,,Columbus,OH,43204
799,S EUREKA AVE,,Columbus,OH,43204
689,S EUREKA AVE,,Columbus,OH,43204
379,S WAYNE AVE,,Columbus,OH,43204
362,S WAYNE AVE,,Columbus,OH,43204
219,S WAYNE AVE,,Columbus,OH,43204
165,S OAKLEY AVE,,Columbus,OH,43204
4048,BROOKRUN DR,,Columbus,OH,43204
2897,ABBOTS COVE BLVD,,Columbus,OH,43204
2866,ABBOTS COVE BLVD,,Columbus,OH,43204
3122,MARY AVE,,Columbus,OH,43204
223,S WESTMOOR AVE,,Columbus,OH,43204
2424,W MOUND ST,,Columbus,OH,43204
655,S OAKLEY AVE,,Columbus,OH,43204
559,S OAKLEY AVE,,Columbus,OH,43204
650,S OAKLEY AVE,,Columbus,OH,43204
623,S WHEATLAND AVE,,Columbus,OH,43204
4031,SANDY RIDGE DR,,Columbus,OH,43204
3936,POPLAR BEND DR,,Columbus,OH,43204
3927,TALCOTT DR,,Columbus,OH,43204
3907,BASIA DR,,Columbus,OH,43204
3124,VANDERBERG AVE,,Columbus,OH,43204
2805,LA VISTA DR,,Columbus,OH,43204
2814,LA VISTA DR,,Columbus,OH,43204
3903,TALCOTT DR,,Columbus,OH,43204
3906,CIDERMILL DR,,Columbus,OH,43204
1270,GLEN COVE WAY,,Columbus,OH,43204
1381,MARCHFIELD WAY,,Columbus,OH,43204
3791,INTERCHANGE RD,,Columbus,OH,43204
1357,TRADE WINDS DR,APT 304,Columbus,OH,43204
3729,WINDWARD WAY,APT 300,Columbus,OH,43204
165,BINNS BLVD,,Columbus,OH,43204
2994,CRESCENT DR,,Columbus,OH,43204
164,N HALDY AVE,,Columbus,OH,43204
2796,OTTIS CT,UNIT H,Columbus,OH,43204
2696,SCIOTO STATION DR,,Columbus,OH,43204
1091,CHESTERSHIRE RD,,Columbus,OH,43204
970,S ROYS AVE,,Columbus,OH,43204
150,BINNS BLVD,,Columbus,OH,43204
1073,HARDESTY PL E,,Columbus,OH,43204
902,S ROYS AVE,,Columbus,OH,43204
140,GUERNSEY AVE,,Columbus,OH,43204
190,N ROYS AVE,,Columbus,OH,43204
3434,WILSON WOODS DR,D,Columbus,OH,43204
3406,WILSON WOODS DR,K,Columbus,OH,43204
168,S POWELL AVE,,Columbus,OH,43204
851,KINGSFORD RD,UNIT A,Columbus,OH,43204
3640,EAKIN RD,5A,Columbus,OH,43204
661,KINGSFORD RD,UNIT 3D,Columbus,OH,43204
233,N HARRIS AVE,,Columbus,OH,43204
328,N HARRIS AVE,,Columbus,OH,43204
1431,RUNAWAY BAY DR,CN 3C,Columbus,OH,43204
3540,LINDENDALE DR,,Columbus,OH,43204
3605,EDSON DR,,Columbus,OH,43204
3519,EDSON DR,,Columbus,OH,43204
2818,ROSEDALE AVE,,Columbus,OH,43204
854,S HARRIS AVE,,Columbus,OH,43204
766,HARRIS AVE,,Columbus,OH,43204
614,S HAGUE AVE,,Columbus,OH,43204
615,S HARRIS AVE,,Columbus,OH,43204
2694,W BROAD ST,J,Columbus,OH,43204
227,N WARREN AVE,,Columbus,OH,43204
319,JOSEPHINE AVE,,Columbus,OH,43204
3507,WILKES CT,,Columbus,OH,43204
3519,SENATOR CT,,Columbus,OH,43204
2776,REGINA AVE,,Columbus,OH,43204
758,RACINE AVE,,Columbus,OH,43204
1436,BAY SHORE DR,CN 3C,Columbus,OH,43204
2389,KEEP PL,,Columbus,OH,43204
2768,WOODCROFT RD,,Columbus,OH,43204
1153,BRONWYN AVE,,Columbus,OH,43204
2737,ST JOSEPH AVE,,Columbus,OH,43204
2740,BERNADETTE RD,,Columbus,OH,43204
483,S WARREN AVE,,Columbus,OH,43204
3498,WILKES CT,,Columbus,OH,43204
3459,SULLIVANT AVE,,Columbus,OH,43204
105,DERRER ESTATES PL,,Columbus,OH,43204
3297,VASALBORO WAY,,Columbus,OH,43204
3634,TRABUE RD,,Columbus,OH,43204
65,S OGDEN AVE,,Columbus,OH,43204
142,N OGDEN AVE,,Columbus,OH,43204
1356,RUNAWAY BAY DR,CN 3B,Columbus,OH,43204
1424,BAY SHORE DR,,Columbus,OH,43204
1534,RUNAWAY BAY DR,CN 1B,Columbus,OH,43204
2745,WOODCROFT RD,,Columbus,OH,43204
27,S BURGESS AVE,,Columbus,OH,43204
21,N BURGESS AVE,,Columbus,OH,43204
2434,HARRISON RD,,Columbus,OH,43204
502,DERRER RD,,Columbus,OH,43204
222,DERRER RD,,Columbus,OH,43204
187,DEMOREST AVE,,Columbus,OH,43204
30,DEMOREST AVE,,Columbus,OH,43204
879,STEPHEN DR W,,Columbus,OH,43204
79,S SOUTHAMPTON AVE,,Columbus,OH,43204
3300,W BROAD ST,REAR,Columbus,OH,43204
1384,HAFTON WOODS DR,,Columbus,OH,43204
439,S BURGESS AVE,,Columbus,OH,43204
278,S BURGESS AVE,,Columbus,OH,43204
110,S BURGESS AVE,,Columbus,OH,43204
2524,SUTTON AVE,,Columbus,OH,43204
3182,WESTMILLS DR,,Columbus,OH,43204
634,DEXTER AVE,,Columbus,OH,43204
182,S SOUTHAMPTON AVE,,Columbus,OH,43204
260,N SOUTHAMPTON AVE,,Columbus,OH,43204
2968,CORTONA RD,,Columbus,OH,43204
3237,MCKINLEY AVE,28,Columbus,OH,43204
1316,PINNACLE DR,,Columbus,OH,43204
2626,EAKIN RD,,Columbus,OH,43204
711,S BURGESS AVE,,Columbus,OH,43204
397,S RICHARDSON AVE,,Columbus,OH,43204
109,S RICHARDSON AVE,,Columbus,OH,43204
903,HODGES DR,,Columbus,OH,43204
203,S TERRACE AVE,,Columbus,OH,43204
1288,PINNACLE DR,,Columbus,OH,43204
570,ATHENS AVE,,Columbus,OH,43204
267,S SYLVAN AVE,,Columbus,OH,43204
274,S SYLVAN AVE,,Columbus,OH,43204
164,S SYLVAN AVE,,Columbus,OH,43204
180,N SYLVAN AVE,UNIT G,Columbus,OH,43204
339,N ALGONQUIN AVE,,Columbus,OH,43204
1169,VERA PL,,Columbus,OH,43204
94,OREL AVE,,Columbus,OH,43204
116,ELDON AVE,,Columbus,OH,43204
1253,LAKE SHORE DR,,Columbus,OH,43204
642,S RICHARDSON AVE,,Columbus,OH,43204
86,S TERRACE AVE,,Columbus,OH,43204
67,S EUREKA AVE,,Columbus,OH,43204
3243,WHITEHEAD RD,,Columbus,OH,43204
281,S ALGONQUIN AVE,,Columbus,OH,43204
359,N BRINKER AVE,,Columbus,OH,43204
379,S EUREKA AVE,,Columbus,OH,43204
2419,W BROAD ST,,Columbus,OH,43204
202,N EUREKA AVE,,Columbus,OH,43204
249,N WAYNE AVE,,Columbus,OH,43204
449,S WAYNE AVE,,Columbus,OH,43204
215,S WAYNE AVE,,Columbus,OH,43204
191,S WAYNE AVE,,Columbus,OH,43204
104,N WAYNE AVE,,Columbus,OH,43204
244,N OAKLEY AVE,,Columbus,OH,43204
2293,SCIOTO HARPER DR,,Columbus,OH,43204
280,S BRINKER AVE,,Columbus,OH,43204
83,N WESTGATE AVE,,Columbus,OH,43204
3181,VANDERBERG AVE,,Columbus,OH,43204
489,WESTMOOR PL,,Columbus,OH,43204
508,S WAYNE AVE,,Columbus,OH,43204
84,S OAKLEY AVE,,Columbus,OH,43204
2358,W BROAD ST,UNIT A,Columbus,OH,43204
2338,W BROAD ST,,Columbus,OH,43204
60,N OAKLEY AVE,,Columbus,OH,43204
46,N OAKLEY AVE,,Columbus,OH,43204
119,N WHEATLAND AVE,,Columbus,OH,43204
158,N OAKLEY AVE,,Columbus,OH,43204
220,S WESTGATE AVE,,Columbus,OH,43204
126,N WESTMOOR AVE,,Columbus,OH,43204
2675,MARBLEVISTA BLVD,,Columbus,OH,43204
638,S WAYNE AVE,,Columbus,OH,43204
349,S WHEATLAND AVE,,Columbus,OH,43204
276,S OAKLEY AVE,,Columbus,OH,43204
171,S WHEATLAND AVE,,Columbus,OH,43204
107,S WHEATLAND AVE,,Columbus,OH,43204
57,S WHEATLAND AVE,,Columbus,OH,43204
67,N WHEATLAND AVE,,Columbus,OH,43204
2428,HARDESTY DR S,,Columbus,OH,43204
2410,HARDESTY DR S,,Columbus,OH,43204
4045,BROOKRUN DR,,Columbus,OH,43204
1097,BINNS BLVD,B,Columbus,OH,43204
1029,BINNS BLVD,,Columbus,OH,43204
855,SALISBURY RD,,Columbus,OH,43204
77,N HURON AVE,B,Columbus,OH,43204
220,N HURON AVE,,Columbus,OH,43204
2621,MARBLEVISTA BLVD,,Columbus,OH,43204
3170,MCKINLEY AVE,,Columbus,OH,43204
2377,HARDESTY CT,,Columbus,OH,43204
2356,HARDESTY CT,,Columbus,OH,43204
988,BROOKS END CT,,Columbus,OH,43204
2377,HARDESTY DR N,,Columbus,OH,43204
1121,HARDESTY PL E,,Columbus,OH,43204
600,S WHEATLAND AVE,UNIT A,Columbus,OH,43204
2879,VALLEY VIEW DR,,Columbus,OH,43204
1031,HARDESTY PL E,,Columbus,OH,43204
1371,GOLDMILL WAY,,Columbus,OH,43204
1292,GLEN COVE WAY,,Columbus,OH,43204
3864,FARM BROOK LN,,Columbus,OH,43204
699,S ROYS AVE,,Columbus,OH,43204
40,N ROYS AVE,,Columbus,OH,43204
245,N POWELL AVE,,Columbus,OH,43204
1957,LAKE SHORE DR,,Columbus,OH,43204
3691,WINDWARD WAY,,Columbus,OH,43204
1078,WILTSHIRE RD,,Columbus,OH,43204
615,S ROYS AVE,,Columbus,OH,43204
2909,PARKSIDE RD,,Columbus,OH,43204
478,S ROYS AVE,,Columbus,OH,43204
218,S ROYS AVE,,Columbus,OH,43204
206,N CHASE AVE,,Columbus,OH,43204
2750,KEVIN CT,,Columbus,OH,43204
3701,TWIN CREEKS DR,,Columbus,OH,43204
2987,DAISY LN,,Columbus,OH,43204
754,CHESTERSHIRE RD,,Columbus,OH,43204
364,S CHASE AVE,A,Columbus,OH,43204
286,S CHASE AVE,B,Columbus,OH,43204
280,POWELL CIR,UNIT A,Columbus,OH,43204
2861,FISHER RD,,Columbus,OH,43204
2668,QUARRY POINT,,Columbus,OH,43204
1412,PEACH BLOSSOM CT,,Columbus,OH,43204
3510,WILSON WOODS DR,E,Columbus,OH,43204
3458,WILSON WOODS DR,A,Columbus,OH,43204
2551,QUARRY LAKE DR,,Columbus,OH,43204
2335,MARBLEVISTA BLVD,,Columbus,OH,43204
377,S POWELL AVE,,Columbus,OH,43204
192,S POWELL AVE,,Columbus,OH,43204
2785,STEELE AVE,,Columbus,OH,43204
155,N HAGUE AVE,,Columbus,OH,43204
2746,SUTTON AVE,,Columbus,OH,43204
645,WESTBROOK CT,,Columbus,OH,43204
674,WESTBROOK CT,,Columbus,OH,43204
679,S HAGUE AVE,,Columbus,OH,43204
609,S HAGUE AVE,,Columbus,OH,43204
603,S HAGUE AVE,,Columbus,OH,43204
77,S HAGUE AVE,,Columbus,OH,43204
2859,NICHOLAS AVE,,Columbus,OH,43204
401,S HARRIS AVE,,Columbus,OH,43204
689,RACINE AVE,,Columbus,OH,43204
374,S HARRIS AVE,,Columbus,OH,43204
352,S HARRIS AVE,,Columbus,OH,43204
291,S WARREN AVE,,Columbus,OH,43204
1529,RUNAWAY BAY DR,CN 3A,Columbus,OH,43204
2235,QUARRY VALLEY RD,,Columbus,OH,43204
2167,QUARRY VALLEY RD,,Columbus,OH,43204
2395,KEEP PL,,Columbus,OH,43204
761,KINGSFORD RD,UNIT B,Columbus,OH,43204
3534,FISHER RD,,Columbus,OH,43204
861,LINDENDALE CT,,Columbus,OH,43204
845,LINDENDALE CT,,Columbus,OH,43204
2761,ST PATRICK RD,,Columbus,OH,43204
2748,VANDERBERG AVE,,Columbus,OH,43204
768,S WARREN AVE,,Columbus,OH,43204
634,RACINE AVE,,Columbus,OH,43204
630,RACINE AVE,,Columbus,OH,43204
2724,VIDA PL,,Columbus,OH,43204
162,N OGDEN AVE,,Columbus,OH,43204
644,BRIXHAM RD,,Columbus,OH,43204
3542,SULLIVANT AVE,,Columbus,OH,43204
3522,SENATOR CT,,Columbus,OH,43204
3520,WILKES CT,,Columbus,OH,43204
823,MACLAM DR,,Columbus,OH,43204
107,DERRER DEN LN,,Columbus,OH,43204
2760,WOODCROFT RD,,Columbus,OH,43204
2725,REGINA AVE,,Columbus,OH,43204
720,S WARREN AVE,,Columbus,OH,43204
57,BURGESS AVE,,Columbus,OH,43204
2329,KEEP PL,,Columbus,OH,43204
2668,BERNADETTE RD,,Columbus,OH,43204
788,S OGDEN AVE,,Columbus,OH,43204
140,N BURGESS AVE,,Columbus,OH,43204
2539,WOOD AVE,,Columbus,OH,43204
2671,SCHURTZ AVE,,Columbus,OH,43204
479,S RICHARDSON AVE,,Columbus,OH,43204
3472,DERRER FIELD DR,,Columbus,OH,43204
0,W BROAD ST,,Columbus,OH,43204
3274,MAPLEWAY LN,,Columbus,OH,43204
223,DERRER RD,,Columbus,OH,43204
44,S RICHARDSON AVE,,Columbus,OH,43204
1213,LAKE SHORE DR,,Columbus,OH,43204
1482,CLIFF CT,B,Columbus,OH,43204
767,S RICHARDSON AVE,,Columbus,OH,43204
429,S TERRACE AVE,,Columbus,OH,43204
247,S TERRACE AVE,,Columbus,OH,43204
1239,LAKE SHORE DR,UNIT B,Columbus,OH,43204
1259,LAKE SHORE DR,UNIT B,Columbus,OH,43204
1297,LAKE SHORE DR,,Columbus,OH,43204
1328,LAKE SHORE DR,UNIT C,Columbus,OH,43204
1324,LAKE SHORE DR,UNIT B,Columbus,OH,43204
302,DERRER RD,,Columbus,OH,43204
668,DEMOREST RD,,Columbus,OH,43204
187,LETCHWORTH AVE,,Columbus,OH,43204
1822,SAN REMO DR,,Columbus,OH,43204
66,LETCHWORTH AVE,,Columbus,OH,43204
72,LETCHWORTH AVE,,Columbus,OH,43204
3142,EL NINO DR,,Columbus,OH,43204
3487,TREVOR DR,,Columbus,OH,43204
3328,SULLIVANT AVE,,Columbus,OH,43204
1444,CLIFF CT,A,Columbus,OH,43204
628,S RICHARDSON AVE,,Columbus,OH,43204
595,S TERRACE AVE,,Columbus,OH,43204
2461,W BROAD ST,,Columbus,OH,43204
2532,SPAATZ AVE,,Columbus,OH,43204
730,S TERRACE AVE,,Columbus,OH,43204
78,N EUREKA AVE,,Columbus,OH,43204
219,N WAYNE AVE,,Columbus,OH,43204
163,S SYLVAN AVE,,Columbus,OH,43204
2984,CORTONA RD,,Columbus,OH,43204
1175,PINNACLE DR,,Columbus,OH,43204
3300,SULLIVANT AVE,,Columbus,OH,43204
281,S SYLVAN AVE,,Columbus,OH,43204
160,N SYLVAN AVE,UNIT 9,Columbus,OH,43204
2468,SYMINGTON AVE,,Columbus,OH,43204
1134,ONSLOW DR,,Columbus,OH,43204
925,S BRINKER AVE,,Columbus,OH,43204
3135,RIDGE AVE,,Columbus,OH,43204
331,N BRINKER AVE,,Columbus,OH,43204
3237,MCKINLEY AVE,58,Columbus,OH,43204
3333,TRABUE RD,,Columbus,OH,43204
1033,BROOKS END CT,,Columbus,OH,43204
593,S OAKLEY AVE,,Columbus,OH,43204
125,S WHEATLAND AVE,,Columbus,OH,43204
645,S WHEATLAND AVE,,Columbus,OH,43204
34,N BRINKER AVE,,Columbus,OH,43204
57,N WESTGATE AVE,,Columbus,OH,43204
78,S WESTGATE AVE,,Columbus,OH,43204
139,N WESTMOOR AVE,,Columbus,OH,43204
1038,SALISBURY RD,,Columbus,OH,43204
898,ANTHONY DR,,Columbus,OH,43204
74,N WESTMOOR AVE,,Columbus,OH,43204
1312,RIVIERA CT,UNIT D,Columbus,OH,43204
2744,MARBLEVISTA BLVD,,Columbus,OH,43204
1484,HIGHBROOK DR,,Columbus,OH,43204
4024,SANDY RIDGE DR,,Columbus,OH,43204
1021,BINNS BLVD,,Columbus,OH,43204
803,SALISBURY RD,,Columbus,OH,43204
654,CRESCENT RD,,Columbus,OH,43204
3069,WICKLOW RD,,Columbus,OH,43204
3044,OLIVE ST,,Columbus,OH,43204
3033,OLIVE ST,,Columbus,OH,43204
29,N HURON AVE,,Columbus,OH,43204
2645,MARBLEVISTA BLVD,,Columbus,OH,43204
2012,MARBLE CLIFF CROSSING CT,,Columbus,OH,43204
3933,POPLAR BEND DR,,Columbus,OH,43204
1335,TRADE WINDS DR,APT 301,Columbus,OH,43204
1380,TALCOTT CT,,Columbus,OH,43204
1400,WESTSHIRE RD,,Columbus,OH,43204
53,N HALDY AVE,,Columbus,OH,43204
2522,MARBLEVISTA BLVD,,Columbus,OH,43204
2995,SULLIVANT AVE,,Columbus,OH,43204
20,BINNS BLVD,,Columbus,OH,43204
457,GUERNSEY AVE,,Columbus,OH,43204
74,N ROYS AVE,,Columbus,OH,43204
27,N CHASE AVE,,Columbus,OH,43204
284,POWELL CIR,UNIT A,Columbus,OH,43204
1902,LAKE SHORE DR,,Columbus,OH,43204
886,WILTSHIRE RD,,Columbus,OH,43204
2857,WICKLOW RD,B,Columbus,OH,43204
2861,WICKLOW RD,A,Columbus,OH,43204
267,S CHASE AVE,A,Columbus,OH,43204
2836,LA VISTA DR,,Columbus,OH,43204
2699,MARBLEVISTA BLVD,,Columbus,OH,43204
2664,MARBLEVISTA BLVD,,Columbus,OH,43204
2728,MARBLEVISTA BLVD,,Columbus,OH,43204
3187,VAUXHALL DR,,Columbus,OH,43204
4075,BROOK RUN DR,,Columbus,OH,43204
3117,VANDERBERG AVE,,Columbus,OH,43204
135,N HURON AVE,C,Columbus,OH,43204
446,N WESTMOOR AVE,,Columbus,OH,43204
2788,OTTIS CT,UNIT G,Columbus,OH,43204
2788,OTTIS CT,UNIT H,Columbus,OH,43204
3000,SULLIVANT AVE,,Columbus,OH,43204
175,N ROYS AVE,,Columbus,OH,43204
1803,QUARRY VIEW,,Columbus,OH,43204
2965,PARKSIDE RD,,Columbus,OH,43204
371,GUERNSEY AVE,,Columbus,OH,43204
79,S ROYS AVE,,Columbus,OH,43204
1592,QUARRY VIEW,,Columbus,OH,43204
2994,BRIGGS RD,,Columbus,OH,43204
925,WILTSHIRE RD,,Columbus,OH,43204
559,S ROYS AVE,UNIT,Columbus,OH,43204
84,S ROYS AVE,,Columbus,OH,43204
2727,QUARRY LAKE DR,,Columbus,OH,43204
2708,QUARRY LAKE DR,,Columbus,OH,43204
2359,MARBLEVISTA BLVD,,Columbus,OH,43204
3929,DEER LAKE WAY,,Columbus,OH,43204
3899,BUSINESS PARK DR,,Columbus,OH,43204
1371,TRADE WINDS DR,APT 200,Columbus,OH,43204
2965,RUNDELL DR,,Columbus,OH,43204
572,CHESTERSHIRE RD,,Columbus,OH,43204
441,S CHASE AVE,,Columbus,OH,43204
285,S CHASE AVE,A,Columbus,OH,43204
280,S CHASE AVE,B,Columbus,OH,43204
104,N POWELL AVE,,Columbus,OH,43204
3785,FARM BROOK LN,,Columbus,OH,43204
3784,GRIMES DR,,Columbus,OH,43204
3671,WEST HORIZONS,APT 206,Columbus,OH,43204
629,WILTSHIRE RD,,Columbus,OH,43204
2936,MCKINLEY AVE,,Columbus,OH,43204
1850,LAKE SHORE DR,,Columbus,OH,43204
3720,GRIMES DR,,Columbus,OH,43204
1124,RACINE AVE,,Columbus,OH,43204
920,S HARRIS AVE,,Columbus,OH,43204
320,S POWELL AVE,,Columbus,OH,43204
317,S HAGUE AVE,,Columbus,OH,43204
90,N HAGUE AVE,,Columbus,OH,43204
1437,RUNAWAY BAY DR,CN 1C,Columbus,OH,43204
1188,N WILSON RD,,Columbus,OH,43204
3425,WILSON WOODS DR,J,Columbus,OH,43204
622,S HAGUE AVE,,Columbus,OH,43204
1414,RUNAWAY BAY DR,,Columbus,OH,43204
1420,RUNAWAY BAY DR,CN 1D,Columbus,OH,43204
1140,PARMA AVE,,Columbus,OH,43204
3434,WILSON WOODS DR,B,Columbus,OH,43204
2763,REGINA AVE,,Columbus,OH,43204
346,S HARRIS AVE,,Columbus,OH,43204
83,N WARREN AVE,,Columbus,OH,43204
91,S WARREN AVE,,Columbus,OH,43204
2255,QUARRY VALLEY RD,,Columbus,OH,43204
2265,QUARRY VALLEY RD,,Columbus,OH,43204
480,S WARREN AVE,,Columbus,OH,43204
389,S WARREN AVE,,Columbus,OH,43204
341,S OGDEN AVE,,Columbus,OH,43204
178,S WARREN AVE,,Columbus,OH,43204
1358,BAY SHORE DR,CN 1A,Columbus,OH,43204
685,KINGSFORD RD,A4,Columbus,OH,43204
675,KINGSFORD RD,UNIT A1,Columbus,OH,43204
661,KINGSFORD RD,UNIT 3A,Columbus,OH,43204
3532,FISHER RD,,Columbus,OH,43204
728,KINGSFORD RD,,Columbus,OH,43204
1376,BAY SHORE DR,CN 3A,Columbus,OH,43204
1516,RUNAWAY BAY DR,CN 3C,Columbus,OH,43204
1307,WOODCROFT RD E,,Columbus,OH,43204
2702,ST PATRICK RD,,Columbus,OH,43204
484,S OGDEN AVE,,Columbus,OH,43204
318,S OGDEN AVE,,Columbus,OH,43204
253,S BURGESS AVE,,Columbus,OH,43204
3607,EDSON DR,,Columbus,OH,43204
884,BRIXHAM RD,,Columbus,OH,43204
3520,SANITA CT,,Columbus,OH,43204
3516,DERRER HOLLOW WAY,,Columbus,OH,43204
581,S BURGESS AVE,,Columbus,OH,43204
975,S RICHARDSON AVE,,Columbus,OH,43204
681,S BURGESS AVE,,Columbus,OH,43204
82,S RICHARDSON AVE,,Columbus,OH,43204
2528,W BROAD ST,,Columbus,OH,43204
38,N TERRACE AVE,,Columbus,OH,43204
63,N TERRACE AVE,,Columbus,OH,43204
1218,LAKE SHORE DR,UNIT C,Columbus,OH,43204
1475,CLIFF CT,B,Columbus,OH,43204
1476,CLIFF CT,A,Columbus,OH,43204
3481,WICKLOW RD,,Columbus,OH,43204
3462,DERRER CT N,,Columbus,OH,43204
101,DERRER DEN LN,,Columbus,OH,43204
3450,DERRER CT N,,Columbus,OH,43204
3258,MAPLEWAY LN,,Columbus,OH,43204
1477,CLIFF CT,A,Columbus,OH,43204
350,S RICHARDSON AVE,,Columbus,OH,43204
1333,LAKE SHORE DR,UNIT A,Columbus,OH,43204
1374,LAKE SHORE DR,B,Columbus,OH,43204
2076,BUILDERS PL,,Columbus,OH,43204
348,DEMOREST AVE,,Columbus,OH,43204
1384,CRISFIELD DR,,Columbus,OH,43204
2563,REGINA AVE,,Columbus,OH,43204
577,S TERRACE AVE,,Columbus,OH,43204
438,S TERRACE AVE,,Columbus,OH,43204
330,S TERRACE AVE,,Columbus,OH,43204
286,S TERRACE AVE,,Columbus,OH,43204
654,S TERRACE AVE,,Columbus,OH,43204
568,S TERRACE AVE,,Columbus,OH,43204
376,S EUREKA AVE,,Columbus,OH,43204
121,S WAYNE AVE,,Columbus,OH,43204
2417,W BROAD ST,,Columbus,OH,43204
859,MIRIAM DR W,,Columbus,OH,43204
3161,BOWDOIN CIR,,Columbus,OH,43204
58,N SYLVAN AVE,H,Columbus,OH,43204
168,N SYLVAN AVE,UNIT C,Columbus,OH,43204
358,N SYLVAN AVE,,Columbus,OH,43204
3258,RACE ST,,Columbus,OH,43204
48,OREL AVE,,Columbus,OH,43204
48,N EUREKA AVE,,Columbus,OH,43204
99,N WAYNE AVE,,Columbus,OH,43204
201,N WAYNE AVE,,Columbus,OH,43204
635,S EUREKA AVE,,Columbus,OH,43204
2390,W BROAD ST,,Columbus,OH,43204
153,N OAKLEY AVE,,Columbus,OH,43204
184,N WAYNE AVE,,Columbus,OH,43204
772,S EUREKA AVE,,Columbus,OH,43204
2326 1/2,W BROAD ST,,Columbus,OH,43204
1289,ONSLOW DR,,Columbus,OH,43204
402,S OAKLEY AVE,,Columbus,OH,43204
88,N BRINKER AVE,,Columbus,OH,43204
251,S WESTGATE AVE,,Columbus,OH,43204
166,S WESTGATE AVE,,Columbus,OH,43204
2771,MARBLEVISTA BLVD,,Columbus,OH,43204
3035,W BROAD ST,,Columbus,OH,43204
1105,HARDESTY PL E,,Columbus,OH,43204
2321,HARDESTY DR N,,Columbus,OH,43204
606,S WHEATLAND AVE,,Columbus,OH,43204
207,POWHATAN AVE,,Columbus,OH,43204
260,N ALGONQUIN AVE,,Columbus,OH,43204
708,POWHATAN AVE,,Columbus,OH,43204
3092,VALLEY VIEW DR,,Columbus,OH,43204
1255,LAKE SHORE DR,,Columbus,OH,43204
1311,LAKE SHORE DR,UNIT A,Columbus,OH,43204
1299,LAKE SHORE DR,,Columbus,OH,43204
1333,LAKE SHORE DR,,Columbus,OH,43204
650,S RICHARDSON AVE,,Columbus,OH,43204
57,S EUREKA AVE,,Columbus,OH,43204
1331,ONSLOW DR,,Columbus,OH,43204
941,MIRIAM DR E,,Columbus,OH,43204
3182,SULLIVANT AVE,,Columbus,OH,43204
253,S BRINKER AVE,,Columbus,OH,43204
254,S BRINKER AVE,,Columbus,OH,43204
3100,STEELE AVE,,Columbus,OH,43204
2953,LA VISTA DR,,Columbus,OH,43204
2920,LA VISTA DR,G,Columbus,OH,43204
2509,VANDERBERG AVE,,Columbus,OH,43204
2539,VANDERBERG AVE,,Columbus,OH,43204
681,S TERRACE AVE,,Columbus,OH,43204
578,S TERRACE AVE,,Columbus,OH,43204
220,S EUREKA AVE,,Columbus,OH,43204
263,S WAYNE AVE,,Columbus,OH,43204
723,S WAYNE AVE,,Columbus,OH,43204
166,N OAKLEY AVE,,Columbus,OH,43204
595,S WESTGATE AVE,,Columbus,OH,43204
501,WESTMOOR PL,,Columbus,OH,43204
2891,ABBOTS COVE BLVD,,Columbus,OH,43204
2351,EAKIN RD,REAR,Columbus,OH,43204
1046,BROOKS END CT,,Columbus,OH,43204
292,S OAKLEY AVE,,Columbus,OH,43204
1004,HARDESTY PL W,,Columbus,OH,43204
601,S WHEATLAND AVE,,Columbus,OH,43204
1565,RASPBERRY CT,,Columbus,OH,43204
1279,GLEN COVE WAY,,Columbus,OH,43204
3208,TELHAM DR,,Columbus,OH,43204
862,ANTHONY DR,,Columbus,OH,43204
3059,W BROAD ST,,Columbus,OH,43204
25,N WESTMOOR AVE,,Columbus,OH,43204
2689,MARBLEVISTA BLVD,,Columbus,OH,43204
526,S WHEATLAND AVE,,Columbus,OH,43204
2327,HARDESTY DR N,,Columbus,OH,43204
680,S WHEATLAND AVE,,Columbus,OH,43204
667,S WHEATLAND AVE,,Columbus,OH,43204
1295,WILD OATS DR,,Columbus,OH,43204
4080,BUSINESS PARK DR,REAR,Columbus,OH,43204
46,S HURON AVE,,Columbus,OH,43204
2956,VALLEY VIEW DR,,Columbus,OH,43204
379,BINNS BLVD,,Columbus,OH,43204
3003,PALMETTO ST,,Columbus,OH,43204
2976,W BROAD ST,,Columbus,OH,43204
701,BINNS BLVD,,Columbus,OH,43204
112,BINNS BLVD,,Columbus,OH,43204
319,S ROYS AVE,,Columbus,OH,43204
162,GUERNSEY AVE,,Columbus,OH,43204
177,S ROYS AVE,,Columbus,OH,43204
1273,WINESAP DR,,Columbus,OH,43204
3880,CIDERMILL DR,,Columbus,OH,43204
41,N ROYS AVE,,Columbus,OH,43204
1784,QUARRY VIEW,,Columbus,OH,43204
1768,QUARRY VIEW,,Columbus,OH,43204
2737,QUARRY LAKE DR,,Columbus,OH,43204
54,N CHASE AVE,,Columbus,OH,43204
1901,LAKE SHORE DR,,Columbus,OH,43204
3902,BUSINESS PARK DR,,Columbus,OH,43204
3713,WINDWARD WAY,APT 104,Columbus,OH,43204
3713,WINDWARD WAY,APT 102,Columbus,OH,43204
394,S CHASE AVE,UNIT A,Columbus,OH,43204
326,S CHASE AVE,,Columbus,OH,43204
232,N POWELL AVE,,Columbus,OH,43204
2850,FISHER RD,,Columbus,OH,43204
2845,FREMONT ST,,Columbus,OH,43204
188,N HAGUE AVE,,Columbus,OH,43204
2818,FISHER RD,,Columbus,OH,43204
1015,RACINE AVE,,Columbus,OH,43204
387,S HAGUE AVE,,Columbus,OH,43204
239,S HAGUE AVE,,Columbus,OH,43204
75,S HAGUE AVE,,Columbus,OH,43204
79,S HAGUE AVE,,Columbus,OH,43204
293,N HARRIS AVE,,Columbus,OH,43204
1443,RUNAWAY BAY DR,CN 3A,Columbus,OH,43204
2365,QUARRY VALLEY RD,,Columbus,OH,43204
2862,BRIGGSTON AVE,,Columbus,OH,43204
2865,BRIGGS RD,,Columbus,OH,43204
1082,BELLFLOWER AVE,,Columbus,OH,43204
925,RACINE AVE,,Columbus,OH,43204
269,S HARRIS AVE,,Columbus,OH,43204
2749,PALMETTO ST,,Columbus,OH,43204
313,N WARREN AVE,,Columbus,OH,43204
1511,RUNAWAY BAY DR,,Columbus,OH,43204
2476,QUARRY LAKE DR,,Columbus,OH,43204
685,KINGSFORD RD,C2,Columbus,OH,43204
2848,NICHOLAS AVE,,Columbus,OH,43204
926,S WARREN AVE,,Columbus,OH,43204
2765,EAKIN RD,,Columbus,OH,43204
749,RACINE AVE,,Columbus,OH,43204
674,S HARRIS AVE,,Columbus,OH,43204
416,S HARRIS AVE,,Columbus,OH,43204
232,S HARRIS AVE,,Columbus,OH,43204
1492,RUNAWAY BAY DR,CN 3B,Columbus,OH,43204
2445,QUARRY LAKE DR,,Columbus,OH,43204
2181,QUARRY VALLEY RD,,Columbus,OH,43204
2801,NICHOLAS AVE,,Columbus,OH,43204
700,RACINE AVE,,Columbus,OH,43204
3552,SULLIVANT AVE,,Columbus,OH,43204
3503,SANITA CT,,Columbus,OH,43204
3517,WILKES CT,,Columbus,OH,43204
3514,SENATOR CT,,Columbus,OH,43204
3486,DERRER HOLLOW WAY,,Columbus,OH,43204
3259,MAPLEWAY LN,,Columbus,OH,43204
617,S WARREN AVE,,Columbus,OH,43204
605,S WARREN AVE,,Columbus,OH,43204
278,S WARREN AVE,,Columbus,OH,43204
234,S WARREN AVE,,Columbus,OH,43204
157,S OGDEN AVE,,Columbus,OH,43204
1376,BAY SHORE DR,CN 3C,Columbus,OH,43204
1424,BAY SHORE DR,CN 1D,Columbus,OH,43204
689,MACLAM DR,,Columbus,OH,43204
1949,MAPLEWAY DR,,Columbus,OH,43204
255,DEMOREST AVE,,Columbus,OH,43204
83,DEMOREST AVE,,Columbus,OH,43204
841,S OGDEN AVE,,Columbus,OH,43204
726,S WARREN AVE,,Columbus,OH,43204
499,S OGDEN AVE,,Columbus,OH,43204
346,S OGDEN AVE,,Columbus,OH,43204
90,S OGDEN AVE,,Columbus,OH,43204
66,N OGDEN AVE,,Columbus,OH,43204
797,S BURGESS AVE,,Columbus,OH,43204
716,S OGDEN AVE,,Columbus,OH,43204
220,S BURGESS AVE,,Columbus,OH,43204
108,S BURGESS AVE,,Columbus,OH,43204
1409,LAKE SHORE DR,UNIT B,Columbus,OH,43204
657,S BURGESS AVE,,Columbus,OH,43204
661,S BURGESS AVE,,Columbus,OH,43204
651,S BURGESS AVE,,Columbus,OH,43204
3397,SOUTH BLVD,,Columbus,OH,43204
68,N WILSON RD,,Columbus,OH,43204
3188,EL GRECO DR,,Columbus,OH,43204
3304,COLONY HILL LN,,Columbus,OH,43204
504,TRADE RD,,Columbus,OH,43204
3331,RUDON LN,,Columbus,OH,43204
753,STEPHEN DR W,,Columbus,OH,43204
3394,BRIGGS RD,,Columbus,OH,43204
875,MIRIAM DR W,,Columbus,OH,43204
851,MIRIAM DR W,,Columbus,OH,43204
346,S BURGESS AVE,,Columbus,OH,43204
318,S RICHARDSON AVE,,Columbus,OH,43204
261,S RICHARDSON AVE,,Columbus,OH,43204
1476,CLIFF CT,C,Columbus,OH,43204
1481,CLIFF CT,B,Columbus,OH,43204
2592,EAKIN RD,,Columbus,OH,43204
450,S RICHARDSON AVE,,Columbus,OH,43204
275,S TERRACE AVE,,Columbus,OH,43204
196,ELDON AVE,,Columbus,OH,43204
226,ELDON AVE,,Columbus,OH,43204
274,S SOUTHAMPTON AVE,,Columbus,OH,43204
367,N SYLVAN AVE,,Columbus,OH,43204
3353,STEPHEN DR S,,Columbus,OH,43204
700,ATHENS AVE,,Columbus,OH,43204
691,S SYLVAN AVE,,Columbus,OH,43204
3280,WHITEHEAD RD,,Columbus,OH,43204
1214,PINNACLE DR,,Columbus,OH,43204
1467,LAKE SHORE DR,C,Columbus,OH,43204
2679,SCHURTZ AVE,,Columbus,OH,43204
2640,ROSEDALE AVE,,Columbus,OH,43204
480,S BURGESS AVE,,Columbus,OH,43204
325,S RICHARDSON AVE,,Columbus,OH,43204
299,S RICHARDSON AVE,,Columbus,OH,43204
451,DERRER RD,,Columbus,OH,43204
3454,FREMONT ST,,Columbus,OH,43204
63,S RICHARDSON AVE,,Columbus,OH,43204
200,N TERRACE AVE,,Columbus,OH,43204
1474,CLIFF CT,B,Columbus,OH,43204
538,S RICHARDSON AVE,,Columbus,OH,43204
2442,WESTWOOD DR,,Columbus,OH,43204
442,DERRER RD,,Columbus,OH,43204
287,DEMOREST AVE,,Columbus,OH,43204
3425,GREAT WESTERN BLVD,UNIT 100,Columbus,OH,43204
3350,TIMBER OAK DR,,Columbus,OH,43204
262,DEMOREST AVE,,Columbus,OH,43204
155,LETCHWORTH AVE,,Columbus,OH,43204
3232,COLONY HILL LN,,Columbus,OH,43204
3363,SULLIVANT AVE,,Columbus,OH,43204
1362,LAKE SHORE DR,B,Columbus,OH,43204
30,ELDON AVE,,Columbus,OH,43204
111,S WAYNE AVE,,Columbus,OH,43204
183,N WAYNE AVE,,Columbus,OH,43204
1229,TREEHAVEN LN,,Columbus,OH,43204
813,MARK PL,,Columbus,OH,43204
3138,VALLEY VIEW DR,,Columbus,OH,43204
2929,CORTONA RD,,Columbus,OH,43204
1000,S EUREKA AVE,,Columbus,OH,43204
640,S EUREKA AVE,,Columbus,OH,43204
86,N WAYNE AVE,,Columbus,OH,43204
1200,PINNACLE DR,,Columbus,OH,43204
893,VANDERBERG PL,,Columbus,OH,43204
3239,PARKSIDE RD,,Columbus,OH,43204
3213,W BROAD ST,,Columbus,OH,43204
3237,MCKINLEY AVE,5,Columbus,OH,43204
3226,WHITEHEAD RD,,Columbus,OH,43204
783,S WAYNE AVE,,Columbus,OH,43204
523,S OAKLEY AVE,,Columbus,OH,43204
433,S OAKLEY AVE,,Columbus,OH,43204
337,S OAKLEY AVE,,Columbus,OH,43204
53,N OAKLEY AVE,,Columbus,OH,43204
1076,HARDESTY PL W,,Columbus,OH,43204
772,S WAYNE AVE,,Columbus,OH,43204
588,S OAKLEY AVE,,Columbus,OH,43204
216,S ALGONQUIN AVE,,Columbus,OH,43204
105,N BRINKER AVE,,Columbus,OH,43204
3114,STEELE AVE,,Columbus,OH,43204
2912,ABBOTS COVE BLVD,,Columbus,OH,43204
133,S WHEATLAND AVE,,Columbus,OH,43204
2369,HARDESTY CT,,Columbus,OH,43204
2182,MCKINLEY AVE,,Columbus,OH,43204
1473,HIGHBROOK DR,,Columbus,OH,43204
1529,BROOKFOREST DR,,Columbus,OH,43204
1370,RESTWOOD CT,,Columbus,OH,43204
3160,SULLIVANT AVE,,Columbus,OH,43204
3017,WESTMOOR CT,,Columbus,OH,43204
3002,WESTMOOR DR,,Columbus,OH,43204
2879,ABBOTS COVE BLVD,,Columbus,OH,43204
2898,LA VISTA DR,C,Columbus,OH,43204
1077,HARDESTY PL E,,Columbus,OH,43204
2302,HARDESTY CT,,Columbus,OH,43204
3932,BASIA DR,,Columbus,OH,43204
3108,WICKLOW RD,,Columbus,OH,43204
175,S WESTMOOR AVE,,Columbus,OH,43204
116,N WESTMOOR AVE,,Columbus,OH,43204
2825,ABBOTS COVE BLVD,,Columbus,OH,43204
3907,BUSINESS PARK DR,,Columbus,OH,43204
449,S HURON AVE,,Columbus,OH,43204
64,S HURON AVE,,Columbus,OH,43204
1338,CASCADE CT,,Columbus,OH,43204
3009,FREMONT ST,,Columbus,OH,43204
220,S HURON AVE,,Columbus,OH,43204
252,N HALDY AVE,,Columbus,OH,43204
2795,OTTIS CT,,Columbus,OH,43204
2785,OTTIS CT,,Columbus,OH,43204
2700,SCIOTO STATION DR,,Columbus,OH,43204
3713,WINDWARD WAY,APT 207,Columbus,OH,43204
2870,DIBBLEE AVE,,Columbus,OH,43204
1893,MARBLE CLIFF CROSSING CT,,Columbus,OH,43204
3687,INTERCHANGE RD,,Columbus,OH,43204
3755,GRIMES DR,,Columbus,OH,43204
3743,GRIMES DR,,Columbus,OH,43204
3687,FOSSIL DR,,Columbus,OH,43204
841,S ROYS AVE,,Columbus,OH,43204
826,S ROYS AVE,,Columbus,OH,43204
771,S ROYS AVE,,Columbus,OH,43204
2958,SULLIVANT AVE,UNIT L,Columbus,OH,43204
2880,W BROAD ST,,Columbus,OH,43204
30,N ROYS AVE,,Columbus,OH,43204
1596,QUARRY VIEW,,Columbus,OH,43204
1798,QUARRY VIEW,,Columbus,OH,43204
1794,QUARRY VIEW,,Columbus,OH,43204
3600,INTERCHANGE RD,,Columbus,OH,43204
1113,S HAGUE AVE,,Columbus,OH,43204
995,WILTSHIRE RD,,Columbus,OH,43204
753,CHESTERSHIRE RD,,Columbus,OH,43204
600,S ROYS AVE,,Columbus,OH,43204
310,S ROYS AVE,,Columbus,OH,43204
66,S ROYS AVE,,Columbus,OH,43204
185,N POWELL AVE,,Columbus,OH,43204
3406,WILSON WOODS DR,G,Columbus,OH,43204
791,WILTSHIRE RD,,Columbus,OH,43204
776,CHESTERSHIRE RD,,Columbus,OH,43204
55,N POWELL AVE,,Columbus,OH,43204
97,N POWELL AVE,,Columbus,OH,43204
2553,QUARRY LAKE DR,,Columbus,OH,43204
1862,LAKE SHORE DR,,Columbus,OH,43204
1255,BELLFLOWER AVE,,Columbus,OH,43204
741,KINGSFORD RD,UNIT D,Columbus,OH,43204
1396,CROSS CREEK DR,C,Columbus,OH,43204
605,WILTSHIRE RD,,Columbus,OH,43204
2869,SULLIVANT AVE,A,Columbus,OH,43204
1288,BELLFLOWER AVE,,Columbus,OH,43204
420,S POWELL AVE,A,Columbus,OH,43204
92,N HAGUE AVE,,Columbus,OH,43204
2876,LONGFIELD RD,,Columbus,OH,43204
425,S HARRIS AVE,,Columbus,OH,43204
382,S HAGUE AVE,B,Columbus,OH,43204
3521,EDSON DR,,Columbus,OH,43204
3584,EDSON DR,,Columbus,OH,43204
3548,EDSON DR,,Columbus,OH,43204
3506,SENATOR CT,,Columbus,OH,43204
291,S HARRIS AVE,,Columbus,OH,43204
106,N HARRIS AVE,,Columbus,OH,43204
1414,RUNAWAY BAY DR,CN 1B,Columbus,OH,43204
1480,RUNAWAY BAY DR,,Columbus,OH,43204
637,RACINE AVE,,Columbus,OH,43204
333,S WARREN AVE,,Columbus,OH,43204
66,N WARREN AVE,,Columbus,OH,43204
1498,RUNAWAY BAY DR,CN 2D,Columbus,OH,43204
1529,RUNAWAY BAY DR,CN 2A,Columbus,OH,43204
3581,FARMHURST LN,,Columbus,OH,43204
3492,SULLIVANT AVE,,Columbus,OH,43204
241,FREMONT CT,,Columbus,OH,43204
101,DERRER HEIGHT LN,,Columbus,OH,43204
2257,QUARRY VALLEY RD,,Columbus,OH,43204
295,S OGDEN AVE,,Columbus,OH,43204
219,S OGDEN AVE,,Columbus,OH,43204
51,N OGDEN AVE,,Columbus,OH,43204
627,S OGDEN AVE,,Columbus,OH,43204
48,S OGDEN AVE,,Columbus,OH,43204
185,N BURGESS AVE,,Columbus,OH,43204
3660,WEST HORIZONS,APT 207,Columbus,OH,43204
3781,GRIMES DR,,Columbus,OH,43204
491,N POWELL AVE,,Columbus,OH,43204
1905,MARBLE CLIFF CROSSING CT,,Columbus,OH,43204
582,BINNS BLVD,,Columbus,OH,43204
59,N ROYS AVE,,Columbus,OH,43204
142,N ROYS AVE,,Columbus,OH,43204
140,N ROYS AVE,,Columbus,OH,43204
1229,WARBLE DR,,Columbus,OH,43204
3691,GRIMES DR,,Columbus,OH,43204
1776,QUARRY VIEW,,Columbus,OH,43204
646,S ROYS AVE,,Columbus,OH,43204
551,S ROYS AVE,UNIT,Columbus,OH,43204
260,S ROYS AVE,,Columbus,OH,43204
183,N POWELL AVE,,Columbus,OH,43204
3673,FOSSIL DR,,Columbus,OH,43204
3631,GRAYBECK DR,,Columbus,OH,43204
590,N HAGUE AVE,,Columbus,OH,43204
267,S CHASE AVE,,Columbus,OH,43204
279,S CHASE AVE,A,Columbus,OH,43204
3510,WILSON WOODS DR,B,Columbus,OH,43204
1444,PEACH BLOSSOM CT,,Columbus,OH,43204
768,WILTSHIRE RD,,Columbus,OH,43204
725,WILTSHIRE RD,,Columbus,OH,43204
280,S POWELL AVE,,Columbus,OH,43204
255,S POWELL AVE,,Columbus,OH,43204
112,S POWELL AVE,,Columbus,OH,43204
38,S POWELL AVE,,Columbus,OH,43204
92,N POWELL AVE,,Columbus,OH,43204
2750,RIDGE AVE,,Columbus,OH,43204
781,HARRISON DR,,Columbus,OH,43204
934,S HARRIS AVE,,Columbus,OH,43204
695,S HAGUE AVE,,Columbus,OH,43204
3640,EAKIN RD,1C,Columbus,OH,43204
3544,LINDENDALE DR,,Columbus,OH,43204
563,S HAGUE AVE,UNIT 02,Columbus,OH,43204
415,S HAGUE AVE,,Columbus,OH,43204
267,S HAGUE AVE,,Columbus,OH,43204
2741,STEELE AVE,,Columbus,OH,43204
138,N HAGUE AVE,,Columbus,OH,43204
1073,BELLFLOWER AVE,,Columbus,OH,43204
994,RACINE AVE,,Columbus,OH,43204
953,RACINE AVE,,Columbus,OH,43204
171,N WILSON RD,,Columbus,OH,43204
3589,EDSON DR,,Columbus,OH,43204
240,S HAGUE AVE,,Columbus,OH,43204
166,N HARRIS AVE,,Columbus,OH,43204
342,S HARRIS AVE,,Columbus,OH,43204
288,S HARRIS AVE,,Columbus,OH,43204
255,S WARREN AVE,,Columbus,OH,43204
269,S WARREN AVE,,Columbus,OH,43204
130,S HARRIS AVE,,Columbus,OH,43204
54,S HARRIS AVE,,Columbus,OH,43204
124,N WARREN AVE,,Columbus,OH,43204
1436,BAY SHORE DR,CN 1B,Columbus,OH,43204
3510,SANITA CT,,Columbus,OH,43204
3512,SENATOR CT,,Columbus,OH,43204
3498,SENATOR CT,,Columbus,OH,43204
1139,FARMHURST CT,,Columbus,OH,43204
3405,TIMBER OAK DR,,Columbus,OH,43204
2451,QUARRY LAKE DR,,Columbus,OH,43204
1125,ST AGNES AVE,,Columbus,OH,43204
478,S WARREN AVE,,Columbus,OH,43204
633,JOYFUL ST,,Columbus,OH,43204
1877,SAN REMO DR,,Columbus,OH,43204
741,DEMOREST RD,,Columbus,OH,43204
267,LETCHWORTH AVE,,Columbus,OH,43204
51 1/2,S OGDEN AVE,,Columbus,OH,43204
1316,RUNAWAY BAY DR,CN 2B,Columbus,OH,43204
559,S OGDEN AVE,,Columbus,OH,43204
2533,FISHER RD,,Columbus,OH,43204
441,INDUSTRY DR,,Columbus,OH,43204
484,TRADE RD,,Columbus,OH,43204
832,GLADSTONE AVE,,Columbus,OH,43204
3257,COLONY VISTA LN,,Columbus,OH,43204
3521,TREVOR DR,,Columbus,OH,43204
228,S SOUTHAMPTON AVE,,Columbus,OH,43204
3079,JERSEY DR,,Columbus,OH,43204
2718,HAFTON WOODS CT,,Columbus,OH,43204
389,S BURGESS AVE,,Columbus,OH,43204
2558,W BROAD ST,,Columbus,OH,43204
124,N BURGESS AVE,,Columbus,OH,43204
141,N TERRACE AVE,,Columbus,OH,43204
611,S BURGESS AVE,,Columbus,OH,43204
2590,SULLIVANT AVE,,Columbus,OH,43204
143,S RICHARDSON AVE,,Columbus,OH,43204
81,S RICHARDSON AVE,,Columbus,OH,43204
1441,LAKE SHORE DR,UNIT A,Columbus,OH,43204
1447,CLIFF CT,A,Columbus,OH,43204
1474,CLIFF CT,C,Columbus,OH,43204
3323,MARK CT,,Columbus,OH,43204
3296,SULLIVANT AVE,,Columbus,OH,43204
214,S SYLVAN AVE,,Columbus,OH,43204
1332,RIEGELWOOD LN,,Columbus,OH,43204
1233,RIEGELWOOD LN,,Columbus,OH,43204
3248,WHITEHEAD RD,,Columbus,OH,43204
253,POWHATAN AVE,,Columbus,OH,43204
156,POWHATAN AVE,,Columbus,OH,43204
282,N ALGONQUIN AVE,,Columbus,OH,43204
654,S BURGESS AVE,,Columbus,OH,43204
2561,SULLIVANT AVE,,Columbus,OH,43204
362,S RICHARDSON AVE,,Columbus,OH,43204
295,S TERRACE AVE,,Columbus,OH,43204
175,S TERRACE AVE,,Columbus,OH,43204
67,ELDON AVE,,Columbus,OH,43204
2561,VANDERBERG AVE,,Columbus,OH,43204
873,S BRINKER AVE,,Columbus,OH,43204
308,S ALGONQUIN AVE,,Columbus,OH,43204
98,S ALGONQUIN AVE,,Columbus,OH,43204
3098,VALLEY VIEW DR,,Columbus,OH,43204
3235,MIRIAM DR S,,Columbus,OH,43204
695,S BRINKER AVE,,Columbus,OH,43204
3080,VALLEY VIEW DR,,Columbus,OH,43204
766,S RICHARDSON AVE,,Columbus,OH,43204
188,S TERRACE AVE,,Columbus,OH,43204
159,S EUREKA AVE,,Columbus,OH,43204
163,S EUREKA AVE,,Columbus,OH,43204
292,N EUREKA AVE,,Columbus,OH,43204
2554,SPAATZ AVE,,Columbus,OH,43204
2521,KREBER AVE,,Columbus,OH,43204
2535,EAKIN RD,,Columbus,OH,43204
710,S TERRACE AVE,,Columbus,OH,43204
230,S EUREKA AVE,,Columbus,OH,43204
141,S WAYNE AVE,,Columbus,OH,43204
448,BROOKRUN DR,,Columbus,OH,43204
2939,LA VISTA DR,,Columbus,OH,43204
204,S WESTGATE AVE,,Columbus,OH,43204
2749,MARBLEVISTA BLVD,,Columbus,OH,43204
2792,MARBLEVISTA BLVD,,Columbus,OH,43204
2403,W BROAD ST,,Columbus,OH,43204
2402,W BROAD ST,,Columbus,OH,43204
40,N EUREKA AVE,,Columbus,OH,43204
72,N EUREKA AVE,,Columbus,OH,43204
281,N WAYNE AVE,,Columbus,OH,43204
2507,KREBER AVE,,Columbus,OH,43204
527,S WAYNE AVE,,Columbus,OH,43204
309,S WAYNE AVE,,Columbus,OH,43204
1358,TELHAM CT,,Columbus,OH,43204
3174,BRIGGS RD,,Columbus,OH,43204
981,SALISBURY RD,,Columbus,OH,43204
3162,VANDERBERG AVE,,Columbus,OH,43204
2813,ABBOTS COVE BLVD,,Columbus,OH,43204
703,S WAYNE AVE,,Columbus,OH,43204
643,S WAYNE AVE,,Columbus,OH,43204
594,S WAYNE AVE,,Columbus,OH,43204
365,S WHEATLAND AVE,,Columbus,OH,43204
3875,POPLAR BEND DR,,Columbus,OH,43204
1032,SALISBURY RD,,Columbus,OH,43204
3037,OLIVE ST,,Columbus,OH,43204
2750,SCIOTO STATION DR,,Columbus,OH,43204
2784,SCIOTO STATION DR,,Columbus,OH,43204
560,S WHEATLAND AVE,,Columbus,OH,43204
2281,W BROAD ST,,Columbus,OH,43204
965,BINNS BLVD,,Columbus,OH,43204
37,BINNS BLVD,,Columbus,OH,43204
31,N HALDY AVE,,Columbus,OH,43204
1330,THACKER CT,UNIT G,Columbus,OH,43204
2014,LAKE SHORE DR,,Columbus,OH,43204
642,SALISBURY RD,,Columbus,OH,43204
2976,PARKSIDE RD,,Columbus,OH,43204
352,BINNS BLVD,,Columbus,OH,43204
60,N HALDY AVE,,Columbus,OH,43204
2895,SULLIVANT AVE,UNIT 8,Columbus,OH,43204
2590,QUARRY LAKE DR,,Columbus,OH,43204
250,S POWELL AVE,UNIT B,Columbus,OH,43204
3566,WILSON WOODS DR,K,Columbus,OH,43204
3569,INTERCHANGE RD,,Columbus,OH,43204
1312,BELLFLOWER AVE,,Columbus,OH,43204
958,S HARRIS AVE,,Columbus,OH,43204
977,RACINE AVE,,Columbus,OH,43204
932,S HARRIS AVE,,Columbus,OH,43204
696,S HAGUE AVE,,Columbus,OH,43204
96,N HAGUE AVE,,Columbus,OH,43204
2847,WOODCROFT RD,,Columbus,OH,43204
3481,WILSON WOODS DR,,Columbus,OH,43204
2819,ST JOSEPH AVE,,Columbus,OH,43204
738,S HARRIS AVE,,Columbus,OH,43204
389,S HARRIS AVE,,Columbus,OH,43204
366,S HAGUE AVE,,Columbus,OH,43204
253,N WARREN AVE,,Columbus,OH,43204
332,N WARREN AVE,,Columbus,OH,43204
1454,RUNAWAY BAY DR,CN 1B,Columbus,OH,43204
1511,RUNAWAY BAY DR,CN 2D,Columbus,OH,43204
1108,PARMA AVE,,Columbus,OH,43204
2744,SULLIVANT AVE,,Columbus,OH,43204
248,S HARRIS AVE,,Columbus,OH,43204
83,S WARREN AVE,,Columbus,OH,43204
50,S HARRIS AVE,,Columbus,OH,43204
1368,RUNAWAY BAY DR,CN 1C,Columbus,OH,43204
1529,RUNAWAY BAY DR,CN 3B,Columbus,OH,43204
2185,QUARRY VALLEY RD,,Columbus,OH,43204
436,S WARREN AVE,,Columbus,OH,43204
62,S WARREN AVE,,Columbus,OH,43204
3611,EDSON DR,,Columbus,OH,43204
3549,EDSON DR,,Columbus,OH,43204
87,N OGDEN AVE,,Columbus,OH,43204
147,N OGDEN AVE,,Columbus,OH,43204
597,S OGDEN AVE,,Columbus,OH,43204
136,N OGDEN AVE,,Columbus,OH,43204
227,N BURGESS AVE,,Columbus,OH,43204
205,N BURGESS AVE,,Columbus,OH,43204
1400,BAY SHORE DR,,Columbus,OH,43204
2690,ROSEDALE AVE,,Columbus,OH,43204
595,S BURGESS AVE,,Columbus,OH,43204
3487,WESTWAY DR,,Columbus,OH,43204
3484,DERRER FIELD DR,,Columbus,OH,43204
3320,PARKSLEY CT,,Columbus,OH,43204
2639,SULLIVANT AVE,,Columbus,OH,43204
100,S BURGESS AVE,,Columbus,OH,43204
416,S BURGESS AVE,,Columbus,OH,43204
223,S RICHARDSON AVE,,Columbus,OH,43204
249,S RICHARDSON AVE,,Columbus,OH,43204
2527,W BROAD ST,,Columbus,OH,43204
1481,CLIFF CT,C,Columbus,OH,43204
130,ELDON AVE,,Columbus,OH,43204
2450,STEELE AVE,,Columbus,OH,43204
1287,LAKE SHORE DR,UNIT A,Columbus,OH,43204
689,JOYFUL ST,,Columbus,OH,43204
3457,SULLIVANT AVE,,Columbus,OH,43204
3447,STALLING CT,,Columbus,OH,43204
720,MACLAM DR,,Columbus,OH,43204
2575,SYMINGTON AVE,,Columbus,OH,43204
2570,KREBER AVE,,Columbus,OH,43204
790,S RICHARDSON AVE,,Columbus,OH,43204
702,S RICHARDSON AVE,,Columbus,OH,43204
2495,SULLIVANT AVE,,Columbus,OH,43204
3414,SULLIVANT AVE,,Columbus,OH,43204
455,DEMOREST AVE,,Columbus,OH,43204
1850,SAN REMO DR,,Columbus,OH,43204
348,LETCHWORTH AVE,,Columbus,OH,43204
163,S SOUTHAMPTON AVE,,Columbus,OH,43204
752,GLADSTONE AVE,,Columbus,OH,43204
1306,TREEHAVEN LN,,Columbus,OH,43204
71,S SYLVAN AVE,,Columbus,OH,43204
2480,SULLIVANT AVE,,Columbus,OH,43204
310,S EUREKA AVE,,Columbus,OH,43204
291,S WAYNE AVE,,Columbus,OH,43204
175,S WAYNE AVE,,Columbus,OH,43204
359,N SYLVAN AVE,,Columbus,OH,43204
3080,JERSEY DR,,Columbus,OH,43204
3174,BOWDOIN CIR,,Columbus,OH,43204
176,S SYLVAN AVE,,Columbus,OH,43204
169,POWHATAN AVE,,Columbus,OH,43204
16,S SYLVAN AVE,VRAD,Columbus,OH,43204
3237,MCKINLEY AVE,14,Columbus,OH,43204
1300,RIEGELWOOD LN,,Columbus,OH,43204
633,S WAYNE AVE,,Columbus,OH,43204
156,S OAKLEY AVE,,Columbus,OH,43204
91,N WHEATLAND AVE,,Columbus,OH,43204
207,N WHEATLAND AVE,,Columbus,OH,43204
431,S WHEATLAND AVE,,Columbus,OH,43204
328,POWHATAN AVE,,Columbus,OH,43204
150,POWHATAN AVE,,Columbus,OH,43204
3133,VALLEY VIEW DR,,Columbus,OH,43204
3061,VALLEY VIEW DR,1,Columbus,OH,43204
2346,HARDESTY CT,,Columbus,OH,43204
2322,SULLIVANT AVE,,Columbus,OH,43204
2323,SULLIVANT AVE,,Columbus,OH,43204
2301,SULLIVANT AVE,,Columbus,OH,43204
3105,W BROAD ST,,Columbus,OH,43204
36,N WESTMOOR AVE,,Columbus,OH,43204
76,N WESTMOOR AVE,,Columbus,OH,43204
2847,ABBOTS COVE BLVD,,Columbus,OH,43204
3158,STEPHEN DR S,,Columbus,OH,43204
471,S HURON AVE,,Columbus,OH,43204
433,S HURON AVE,,Columbus,OH,43204
2989,VALLEY VIEW DR,,Columbus,OH,43204
496,N WESTMOOR AVE,,Columbus,OH,43204
2789,ABBOTS COVE BLVD,,Columbus,OH,43204
972,BINNS BLVD,,Columbus,OH,43204
3071,EAKIN RD,,Columbus,OH,43204
3020,SULLIVANT AVE,,Columbus,OH,43204
3013,PARKSIDE RD,,Columbus,OH,43204
483,BINNS BLVD,,Columbus,OH,43204
324,BINNS BLVD,,Columbus,OH,43204
2939,W BROAD ST,,Columbus,OH,43204
619,N HAGUE AVE,,Columbus,OH,43204
1298,BROOKFOREST DR,,Columbus,OH,43204
2689,ABBOTS LOOP CT,,Columbus,OH,43204
576,BINNS BLVD,,Columbus,OH,43204
200,N ROYS AVE,,Columbus,OH,43204
184,N ROYS AVE,,Columbus,OH,43204
1578,QUARRY VIEW,,Columbus,OH,43204
1574,QUARRY VIEW,,Columbus,OH,43204
2744,QUARRY LAKE DR,,Columbus,OH,43204
1956,LAKE SHORE DR,,Columbus,OH,43204
1086,WILTSHIRE RD,,Columbus,OH,43204
930,CHESTERSHIRE RD,,Columbus,OH,43204
4014,BUSINESS PARK DR,,Columbus,OH,43204
789,CHESTERSHIRE RD,,Columbus,OH,43204
557,S ROYS AVE,UNIT,Columbus,OH,43204
446,S ROYS AVE,,Columbus,OH,43204
382,S ROYS AVE,,Columbus,OH,43204
1885,LAKE SHORE DR,,Columbus,OH,43204
783,WILTSHIRE RD,,Columbus,OH,43204
3820,FARM BROOK LN,,Columbus,OH,43204
3800,GRIMES DR,,Columbus,OH,43204
3012,SULLIVANT AVE,,Columbus,OH,43204
480,S HURON AVE,,Columbus,OH,43204
53,HALDY AVE,,Columbus,OH,43204
1340,THACKER CT,,Columbus,OH,43204
1340,THACKER CT,C,Columbus,OH,43204
656,SALISBURY RD,,Columbus,OH,43204
3005,SULLIVANT AVE,,Columbus,OH,43204
2924,CRESCENT DR,,Columbus,OH,43204
3671,WEST HORIZONS,APT 207,Columbus,OH,43204
3815,TWIN CREEKS DR,,Columbus,OH,43204
959,CHESTERSHIRE RD,,Columbus,OH,43204
2908,CRESCENT DR,,Columbus,OH,43204
68,N ROYS AVE,,Columbus,OH,43204
201,N CHASE AVE,,Columbus,OH,43204
1556,QUARRY VIEW,,Columbus,OH,43204
1787,QUARRY VIEW,,Columbus,OH,43204
2734,QUARRY LAKE DR,,Columbus,OH,43204
3664,DRAGONFLY DR,,Columbus,OH,43204
3520,WILSON WOODS DR,K,Columbus,OH,43204
1333,S HAGUE AVE,,Columbus,OH,43204
1003,WILTSHIRE RD,,Columbus,OH,43204
764,S ROYS AVE,,Columbus,OH,43204
460,S ROYS AVE,,Columbus,OH,43204
418,S ROYS AVE,,Columbus,OH,43204
189,N POWELL AVE,,Columbus,OH,43204
2799,QUARRY POINT,,Columbus,OH,43204
1706,QUARRY TRACE,,Columbus,OH,43204
1701,QUARRY TRACE,,Columbus,OH,43204
2686,QUARRY LAKE DR,,Columbus,OH,43204
2365,MARBLEVISTA BLVD,,Columbus,OH,43204
845,WILTSHIRE RD,,Columbus,OH,43204
338,S CHASE AVE,,Columbus,OH,43204
3434,WILSON WOODS DR,G,Columbus,OH,43204
1400,CROSS CREEK DR,C,Columbus,OH,43204
1024,S HAGUE AVE,,Columbus,OH,43204
2859,SULLIVANT AVE,,Columbus,OH,43204
220,S POWELL AVE,,Columbus,OH,43204
26,N POWELL AVE,,Columbus,OH,43204
39,N HAGUE AVE,,Columbus,OH,43204
871,KINGSFORD RD,D,Columbus,OH,43204
771,KINGSFORD RD,UNIT D,Columbus,OH,43204
850,KINGSFORD RD,,Columbus,OH,43204
2531,QUARRY VALLEY RD,,Columbus,OH,43204
2491,QUARRY VALLEY RD,,Columbus,OH,43204
808,S HAGUE AVE,,Columbus,OH,43204
799,S HARRIS AVE,,Columbus,OH,43204
328,S POWELL AVE,,Columbus,OH,43204
83,S HAGUE AVE,,Columbus,OH,43204
42,S HAGUE AVE,,Columbus,OH,43204
191,N HARRIS AVE,,Columbus,OH,43204
2747,HARRISON RD,,Columbus,OH,43204
70,N POWELL AVE,,Columbus,OH,43204
2741,CAROL AVE,,Columbus,OH,43204
673,LANCE CT,,Columbus,OH,43204
2982,MCKINLEY AVE,,Columbus,OH,43204
885,S HARRIS AVE,,Columbus,OH,43204
660,WILTSHIRE RD,,Columbus,OH,43204
384,S POWELL AVE,,Columbus,OH,43204
2742,STEELE AVE,,Columbus,OH,43204
2373,QUARRY VALLEY RD,,Columbus,OH,43204
731,BRIXHAM RD,,Columbus,OH,43204
3514,FREMONT ST,,Columbus,OH,43204
820,LINDENDALE CT,,Columbus,OH,43204
643,JOSEPHINE AVE,,Columbus,OH,43204
3497,FREMONT RD,,Columbus,OH,43204
166,N WILSON RD,,Columbus,OH,43204
2840,LONGFIELD RD,,Columbus,OH,43204
2800,VANDERBERG AVE,,Columbus,OH,43204
505,S HARRIS AVE,,Columbus,OH,43204
215,S HARRIS AVE,,Columbus,OH,43204
2836,CHESFIELD DR,,Columbus,OH,43204
943,S WARREN AVE,,Columbus,OH,43204
679,RACINE AVE,,Columbus,OH,43204
2738,SULLIVANT AVE,,Columbus,OH,43204
760,HARRIS AVE,,Columbus,OH,43204
2275,QUARRY VALLEY RD,,Columbus,OH,43204
171,S WARREN AVE,,Columbus,OH,43204
3432,TIMBER OAK DR,,Columbus,OH,43204
3333,PARKSLEY CT,,Columbus,OH,43204
3576,FARMHURST LN,,Columbus,OH,43204
3460,WESTWAY DR,,Columbus,OH,43204
3579,TRABUE RD,,Columbus,OH,43204
400,S HARRIS AVE,,Columbus,OH,43204
27,S WARREN AVE,,Columbus,OH,43204
248,N WARREN AVE,,Columbus,OH,43204
287,N OGDEN AVE,,Columbus,OH,43204
1510,RUNAWAY BAY DR,CN 1A,Columbus,OH,43204
1535,RUNAWAY BAY DR,CN 1C,Columbus,OH,43204
2231,QUARRY VALLEY RD,,Columbus,OH,43204
686,RACINE AVE,,Columbus,OH,43204
213,S OGDEN AVE,,Columbus,OH,43204
186,S WARREN AVE,,Columbus,OH,43204
66,S HARRIS AVE,,Columbus,OH,43204
2673,W BROAD ST,,Columbus,OH,43204
45,N WARREN AVE,,Columbus,OH,43204
325,N OGDEN AVE,,Columbus,OH,43204
1492,RUNAWAY BAY DR,CN 1C,Columbus,OH,43204
1498,RUNAWAY BAY DR,CN 3B,Columbus,OH,43204
2459,QUARRY LAKE DR,,Columbus,OH,43204
2755,VANDERBERG AVE,,Columbus,OH,43204
681,S WARREN AVE,,Columbus,OH,43204
85,S OGDEN AVE,,Columbus,OH,43204
681,DERRER RD,,Columbus,OH,43204
663,DERRER RD,,Columbus,OH,43204
655,DERRER RD,A,Columbus,OH,43204
324,DERRER RD,,Columbus,OH,43204
86,DERRER RD,,Columbus,OH,43204
3400,CAMP CHASE DR,C5,Columbus,OH,43204
1159,ROMONA PL,,Columbus,OH,43204
1835,SAN REMO DR,,Columbus,OH,43204
123,S OGDEN AVE,,Columbus,OH,43204
2626,W BROAD ST,,Columbus,OH,43204
1406,BAY SHORE DR,CN 2D,Columbus,OH,43204
1382,BAY SHORE DR,CN 3C,Columbus,OH,43204
1104,BRONWYN AVE,,Columbus,OH,43204
2680,SULLIVANT AVE,,Columbus,OH,43204
231,S BURGESS AVE,,Columbus,OH,43204
204,S OGDEN AVE,,Columbus,OH,43204
2600,W BROAD ST,,Columbus,OH,43204
1424,BAY SHORE DR,CN 2C,Columbus,OH,43204
1122,BRONWYN AVE,,Columbus,OH,43204
2715,EAKIN RD,,Columbus,OH,43204
755,S OGDEN AVE,,Columbus,OH,43204
398,S OGDEN AVE,,Columbus,OH,43204
24,N OGDEN AVE,,Columbus,OH,43204
143,N BURGESS AVE,,Columbus,OH,43204
1300,WOODCROFT RD E,,Columbus,OH,43204
2672,REGINA AVE,,Columbus,OH,43204
54,N BURGESS AVE,,Columbus,OH,43204
904,DEMOREST RD,,Columbus,OH,43204
598,DEMOREST RD,,Columbus,OH,43204
287,LETCHWORTH AVE,,Columbus,OH,43204
3319,RUDON LN,,Columbus,OH,43204
3172,EL GRECO DR,,Columbus,OH,43204
1801,SAN REMO DR,,Columbus,OH,43204
2527,SUTTON AVE,,Columbus,OH,43204
337,ELDON AVE,,Columbus,OH,43204
1407,LAKE SHORE DR,UNIT C,Columbus,OH,43204
2630,EAKIN RD,,Columbus,OH,43204
229,S RICHARDSON AVE,,Columbus,OH,43204
66,S RICHARDSON AVE,,Columbus,OH,43204
62,S RICHARDSON AVE,,Columbus,OH,43204
134,N TERRACE AVE,,Columbus,OH,43204
1450,CLIFF CT,A,Columbus,OH,43204
1448,CLIFF CT,B,Columbus,OH,43204
1479,CLIFF CT,B,Columbus,OH,43204
82,N BURGESS AVE,,Columbus,OH,43204
812,S BURGESS AVE,,Columbus,OH,43204
800,S BURGESS AVE,,Columbus,OH,43204
401,S RICHARDSON AVE,,Columbus,OH,43204
188,S RICHARDSON AVE,,Columbus,OH,43204
1280,TREEHAVEN LN,,Columbus,OH,43204
1252,TREVOR CT,,Columbus,OH,43204
3367,STEPHEN DR S,,Columbus,OH,43204
591,ATHENS AVE,,Columbus,OH,43204
3310,WICKLOW RD,,Columbus,OH,43204
3283,W BROAD ST,,Columbus,OH,43204
3300,W BROAD ST,,Columbus,OH,43204
3160,WESTMILLS DR,,Columbus,OH,43204
3295,SULLIVANT AVE,UNIT A,Columbus,OH,43204
649,S RICHARDSON AVE,,Columbus,OH,43204
257,S TERRACE AVE,,Columbus,OH,43204
237,S TERRACE AVE,,Columbus,OH,43204
1239,LAKE SHORE DR,,Columbus,OH,43204
1281,LAKE SHORE DR,,Columbus,OH,43204
1323,LAKE SHORE DR,,Columbus,OH,43204
1327,LAKE SHORE DR,,Columbus,OH,43204
779,S TERRACE AVE,,Columbus,OH,43204
579,S TERRACE AVE,,Columbus,OH,43204
250,S TERRACE AVE,,Columbus,OH,43204
1176,ST CECELIA DR,,Columbus,OH,43204
703,S RICHARDSON AVE,,Columbus,OH,43204
39,S TERRACE AVE,,Columbus,OH,43204
1366,LAKE SHORE DR,A,Columbus,OH,43204
1410,LAKE SHORE DR,C,Columbus,OH,43204
678,S RICHARDSON AVE,,Columbus,OH,43204
342,S TERRACE AVE,,Columbus,OH,43204
294,S TERRACE AVE,,Columbus,OH,43204
3285,SULLIVANT AVE,,Columbus,OH,43204
196,S SYLVAN AVE,,Columbus,OH,43204
62,S SYLVAN AVE,,Columbus,OH,43204
33,POWHATAN AVE,,Columbus,OH,43204
212,N SYLVAN AVE,,Columbus,OH,43204
1208,PINNACLE DR,,Columbus,OH,43204
1182,PINNACLE DR,,Columbus,OH,43204
3295,MARY AVE,,Columbus,OH,43204
3193,W BROAD ST,,Columbus,OH,43204
308,N ALGONQUIN AVE,,Columbus,OH,43204
184,S EUREKA AVE,,Columbus,OH,43204
2435,W BROAD ST,,Columbus,OH,43204
947,S EUREKA AVE,,Columbus,OH,43204
699,S EUREKA AVE,,Columbus,OH,43204
345,S WAYNE AVE,,Columbus,OH,43204
226,S WAYNE AVE,,Columbus,OH,43204
254,S WAYNE AVE,,Columbus,OH,43204
103,S EUREKA AVE,,Columbus,OH,43204
157,N EUREKA AVE,,Columbus,OH,43204
280,S EUREKA AVE,,Columbus,OH,43204
2407,HARRISON RD,,Columbus,OH,43204
1390,WILD OATS DR,,Columbus,OH,43204
1463,BROOKFOREST DR,,Columbus,OH,43204
3272,BRIGGS RD,,Columbus,OH,43204
312,N BRINKER AVE,,Columbus,OH,43204
892,S WAYNE AVE,,Columbus,OH,43204
769,S WAYNE AVE,,Columbus,OH,43204
2338 1/2,W BROAD ST,B,Columbus,OH,43204
191,N WHEATLAND AVE,,Columbus,OH,43204
254,S OAKLEY AVE,,Columbus,OH,43204
121,S WHEATLAND AVE,,Columbus,OH,43204
114,S WHEATLAND AVE,,Columbus,OH,43204
1012,HARDESTY PL W,,Columbus,OH,43204
743,S EUREKA AVE,,Columbus,OH,43204
2394,W BROAD ST,,Columbus,OH,43204
112,N WAYNE AVE,,Columbus,OH,43204
121,N OAKLEY AVE,,Columbus,OH,43204
365,S OAKLEY AVE,,Columbus,OH,43204
200,S OAKLEY AVE,,Columbus,OH,43204
142,S OAKLEY AVE,,Columbus,OH,43204
645,S BRINKER AVE,,Columbus,OH,43204
2942,LA VISTA DR,,Columbus,OH,43204
1336,ONSLOW DR,,Columbus,OH,43204
3225,STEPHEN DR S,,Columbus,OH,43204
87,N WESTMOOR AVE,UNIT C,Columbus,OH,43204
2845,ABBOTS COVE BLVD,,Columbus,OH,43204
1135,HARDESTY PL E,,Columbus,OH,43204
2380,HARDESTY DR S,,Columbus,OH,43204
2314,HARDESTY CT,,Columbus,OH,43204
2319,HARDESTY DR N,,Columbus,OH,43204
698,S WHEATLAND AVE,,Columbus,OH,43204
629,S OAKLEY AVE,,Columbus,OH,43204
264,S WHEATLAND AVE,,Columbus,OH,43204
4030,SANDY RIDGE DR,,Columbus,OH,43204
1415,ROYSTON DR,,Columbus,OH,43204
2883,ABBOTS COVE BLVD,,Columbus,OH,43204
2769,MARBLEVISTA BLVD,,Columbus,OH,43204
606,S WESTGATE AVE,,Columbus,OH,43204
1323,RIVIERA CT,,Columbus,OH,43204
624,S OAKLEY AVE,,Columbus,OH,43204
1085,HARDESTY PL E,,Columbus,OH,43204
4010,BUSINESS PARK DR,,Columbus,OH,43204
1569,RASPBERRY RUN DR,,Columbus,OH,43204
1508,RASPBERRY RUN DR,,Columbus,OH,43204
3152,STEPHEN DR S,,Columbus,OH,43204
990,SALISBURY RD,,Columbus,OH,43204
484,S WESTGATE AVE,,Columbus,OH,43204
219,S HURON AVE,,Columbus,OH,43204
135,N HURON AVE,A,Columbus,OH,43204
143,N HURON AVE,,Columbus,OH,43204
1313,CASCADE CT,,Columbus,OH,43204
2815,LA VISTA DR,,Columbus,OH,43204
2816,LA VISTA DR,,Columbus,OH,43204
3040,OLIVE ST,,Columbus,OH,43204
135,N HURON AVE,B,Columbus,OH,43204
2775,ABBOTS COVE BLVD,,Columbus,OH,43204
2745,ABBOT'S COVE BLVD,,Columbus,OH,43204
2811,LA VISTA DR,,Columbus,OH,43204
2616,MARBLEVISTA BLVD,,Columbus,OH,43204
635,SALISBURY RD,,Columbus,OH,43204
3026,WICKLOW RD,,Columbus,OH,43204
3284,SULLIVANT AVE,,Columbus,OH,43204
333,S SYLVAN AVE,,Columbus,OH,43204
1297,RIEGELWOOD LN,,Columbus,OH,43204
213,POWHATAN AVE,,Columbus,OH,43204
3237,MCKINLEY AVE,103,Columbus,OH,43204
1442,CLIFF CT,B,Columbus,OH,43204
370,TERRACE AVE,,Columbus,OH,43204
48,S TERRACE AVE,,Columbus,OH,43204
1076,CHESTERSHIRE RD,,Columbus,OH,43204
1068,CHESTERSHIRE RD,,Columbus,OH,43204
2929,PALMETTO ST,,Columbus,OH,43204
2915,PALMETTO ST,,Columbus,OH,43204
2924,OLIVE ST,,Columbus,OH,43204
1380,EMELINE CT,,Columbus,OH,43204
3374,EMELINE DR,,Columbus,OH,43204
630,POWHATAN AVE,,Columbus,OH,43204
83,S BRINKER AVE,,Columbus,OH,43204
2962,LA VISTA DR,,Columbus,OH,43204
364,S EUREKA AVE,,Columbus,OH,43204
139,N WAYNE AVE,,Columbus,OH,43204
2498,VANDERBERG AVE,,Columbus,OH,43204
763,S EUREKA AVE,,Columbus,OH,43204
632,S EUREKA AVE,,Columbus,OH,43204
318,S WAYNE AVE,,Columbus,OH,43204
3858,TRESTLE CT,,Columbus,OH,43204
1366,S HAGUE AVE,,Columbus,OH,43204
824,CHESTERSHIRE RD,,Columbus,OH,43204
774,S ROYS AVE,,Columbus,OH,43204
2792,QUARRY POINT,,Columbus,OH,43204
1699,QUARRY TRACE,,Columbus,OH,43204
387,S CHASE AVE,B,Columbus,OH,43204
300,S BRINKER AVE,,Columbus,OH,43204
119,N WESTGATE AVE,,Columbus,OH,43204
3090,STEELE AVE,,Columbus,OH,43204
469,WESTMOOR PL,,Columbus,OH,43204
3020,WESTMOOR DR,,Columbus,OH,43204
2900,LA VISTA DR,E,Columbus,OH,43204
2364,W BROAD ST,,Columbus,OH,43204
110,N WAYNE AVE,,Columbus,OH,43204
847,S WAYNE AVE,,Columbus,OH,43204
836,S WAYNE AVE,,Columbus,OH,43204
762,S EUREKA AVE,,Columbus,OH,43204
532,S WAYNE AVE,,Columbus,OH,43204
48,N OAKLEY AVE,,Columbus,OH,43204
2488,HARDESTY DR S,,Columbus,OH,43204
696,KAREN CT,,Columbus,OH,43204
697,KYLE CT,,Columbus,OH,43204
2937,RUNDELL DR,,Columbus,OH,43204
1247,BELLFLOWER AVE,,Columbus,OH,43204
75,S WESTMOOR AVE,,Columbus,OH,43204
64,N WESTMOOR AVE,,Columbus,OH,43204
48,N WESTMOOR AVE,,Columbus,OH,43204
2809,ABBOTS COVE BLVD,,Columbus,OH,43204
2860,ABBOTS COVE BLVD,,Columbus,OH,43204
1326,RIVIERA CT,UNIT B,Columbus,OH,43204
3107,EAKIN RD,,Columbus,OH,43204
3054,FREMONT ST,,Columbus,OH,43204
3038,CRESCENT DR,,Columbus,OH,43204
61,N HURON AVE,,Columbus,OH,43204
2370,HARDESTY CT,,Columbus,OH,43204
608,S OAKLEY AVE,,Columbus,OH,43204
517,S WHEATLAND AVE,,Columbus,OH,43204
1043,HARDESTY PL E,,Columbus,OH,43204
3627,GRAYBECK DR,,Columbus,OH,43204
57,BINNS BLVD,,Columbus,OH,43204
2730,SCIOTO STATION DR,,Columbus,OH,43204
2581,MARBLEVISTA BLVD,,Columbus,OH,43204
731,BINNS BLVD,,Columbus,OH,43204
432,BINNS BLVD,,Columbus,OH,43204
361,GUERNSEY AVE,,Columbus,OH,43204
92,N HALDY AVE,,Columbus,OH,43204
2880,DIBBLEE AVE,,Columbus,OH,43204
665,N HAGUE AVE,,Columbus,OH,43204
41,N HURON AVE,,Columbus,OH,43204
2746,ABBOTS COVE BLVD,,Columbus,OH,43204
1342,CASCADE CT,,Columbus,OH,43204
649,SALISBURY RD,,Columbus,OH,43204
3034,SULLIVANT AVE,,Columbus,OH,43204
137,N HALDY AVE,,Columbus,OH,43204
167,N HALDY AVE,A,Columbus,OH,43204
1330,THACKER CT,UNIT D,Columbus,OH,43204
2768,SCIOTO STATION DR,,Columbus,OH,43204
2574,MARBLEVISTA BLVD,,Columbus,OH,43204
3607,INTERCHANGE RD,,Columbus,OH,43204
1335,TRADE WINDS DR,APT 102,Columbus,OH,43204
1371,TRADE WINDS DR,APT 107,Columbus,OH,43204
776,BINNS BLVD,,Columbus,OH,43204
460,BINNS BLVD,,Columbus,OH,43204
320,BINNS BLVD,,Columbus,OH,43204
2942,CRESCENT DR,,Columbus,OH,43204
2489,MARBLEVISTA BLVD,,Columbus,OH,43204
1007,CHESTERSHIRE RD,,Columbus,OH,43204
2898,CRESCENT DR,,Columbus,OH,43204
205,N CHASE AVE,,Columbus,OH,43204
1762,QUARRY VIEW,,Columbus,OH,43204
1110,WILTSHIRE RD,,Columbus,OH,43204
841,KINGSFORD RD,,Columbus,OH,43204
791,KINGSFORD RD,UNIT A,Columbus,OH,43204
685,KINGSFORD RD,C5,Columbus,OH,43204
835,CHESTERSHIRE RD,,Columbus,OH,43204
586,S ROYS AVE,,Columbus,OH,43204
361,S ROYS AVE,,Columbus,OH,43204
3550,LINDENDALE DR,,Columbus,OH,43204
188,RANELLE DR,,Columbus,OH,43204
3568,EDSON DR,,Columbus,OH,43204
1081,S HAGUE AVE,,Columbus,OH,43204
981,S HAGUE AVE,,Columbus,OH,43204
647,CHESTERSHIRE RD,,Columbus,OH,43204
268,POWELL CIR,UNIT A,Columbus,OH,43204
275,N HAGUE AVE,,Columbus,OH,43204
3505,WILKES CT,,Columbus,OH,43204
1160,FARMHURST CT,,Columbus,OH,43204
3578,FARMHURST LN,,Columbus,OH,43204
3490,FREMONT ST,,Columbus,OH,43204
3471,DERRER CT S,,Columbus,OH,43204
1248,GRESHAM RD,,Columbus,OH,43204
194,N HAGUE AVE,,Columbus,OH,43204
280,N HAGUE AVE,,Columbus,OH,43204
677,WESTBROOK CT,,Columbus,OH,43204
787,HARRISON DR,,Columbus,OH,43204
2962,MCKINLEY AVE,,Columbus,OH,43204
3465,DERRER CT S,,Columbus,OH,43204
3492,WILKES CT,,Columbus,OH,43204
3496,SENATOR CT,,Columbus,OH,43204
119,DERRER HEIGHT LN,,Columbus,OH,43204
221,DERRER RD,,Columbus,OH,43204
3382,RUDON LN,,Columbus,OH,43204
3308,VASALBORO WAY,,Columbus,OH,43204
741,KINGSFORD RD,UNIT B,Columbus,OH,43204
946,S HARRIS AVE,,Columbus,OH,43204
588,WILTSHIRE RD,,Columbus,OH,43204
104,N HAGUE AVE,,Columbus,OH,43204
1833,LAKE SHORE DR,,Columbus,OH,43204
2828,VANDERBERG AVE,,Columbus,OH,43204
742,HARRIS AVE,,Columbus,OH,43204
585,S HARRIS AVE,,Columbus,OH,43204
460,S HAGUE AVE,,Columbus,OH,43204
672,DERRER RD,,Columbus,OH,43204
388,DERRER RD,,Columbus,OH,43204
0,W BROAD ST,,Columbus,OH,43204
3248,MEDOMA DR,,Columbus,OH,43204
381,DEMOREST AVE,,Columbus,OH,43204
222,DEMOREST AVE,,Columbus,OH,43204
3156,EL GRECO DR,,Columbus,OH,43204
570,DEMOREST RD,,Columbus,OH,43204
3555,EDSON DR,,Columbus,OH,43204
162,N HARRIS AVE,,Columbus,OH,43204
1420,RUNAWAY BAY DR,CN 2D,Columbus,OH,43204
2830,WOODCROFT RD,,Columbus,OH,43204
1170,ST AGNES AVE,,Columbus,OH,43204
2736,SULLIVANT AVE,,Columbus,OH,43204
576,DEXTER AVE,,Columbus,OH,43204
247,N SYLVAN AVE,,Columbus,OH,43204
3229,VALLEY VIEW DR,,Columbus,OH,43204
1267,PINNACLE DR,,Columbus,OH,43204
1270,PINNACLE DR,,Columbus,OH,43204
3266,WICKLOW RD,,Columbus,OH,43204
900,BRIXHAM RD,,Columbus,OH,43204
888,BRIXHAM RD,,Columbus,OH,43204
1111,DEMOREST RD,,Columbus,OH,43204
321,S WARREN AVE,,Columbus,OH,43204
228,S HARRIS AVE,,Columbus,OH,43204
2710,PALMETTO ST,,Columbus,OH,43204
25,N WARREN AVE,,Columbus,OH,43204
273,N OGDEN AVE,,Columbus,OH,43204
2793,LONGFIELD RD,,Columbus,OH,43204
1280,BRONWYN AVE,,Columbus,OH,43204
660,RACINE AVE,,Columbus,OH,43204
444,S WARREN AVE,,Columbus,OH,43204
133,S OGDEN AVE,,Columbus,OH,43204
167,N OGDEN AVE,,Columbus,OH,43204
1418,BAY SHORE DR,,Columbus,OH,43204
1361,BAJA LN,,Columbus,OH,43204
1353,BAJA LN,,Columbus,OH,43204
1305,RIEGELWOOD LN,,Columbus,OH,43204
190,POWHATAN AVE,,Columbus,OH,43204
163,S ALGONQUIN AVE,,Columbus,OH,43204
3142,RIDGE AVE,,Columbus,OH,43204
3520,RACE ST,,Columbus,OH,43204
3481,SENATOR CT,,Columbus,OH,43204
3482,DERRER HOLLOW WAY,,Columbus,OH,43204
713,MACLAM DR,,Columbus,OH,43204
2111,BUILDERS PL,,Columbus,OH,43204
715,JOYFUL ST,,Columbus,OH,43204
3482,SULLIVANT AVE,,Columbus,OH,43204
3450,FREMONT ST,,Columbus,OH,43204
225,DERRER RD,,Columbus,OH,43204
3457,GREAT WESTERN BLVD,UNIT 100,Columbus,OH,43204
2742,HAFTON WOODS CT,,Columbus,OH,43204
571,S OGDEN AVE,,Columbus,OH,43204
432,S OGDEN AVE,,Columbus,OH,43204
36,S OGDEN AVE,,Columbus,OH,43204
44,S OGDEN AVE,,Columbus,OH,43204
33,S BURGESS AVE,,Columbus,OH,43204
254,N BURGESS AVE,,Columbus,OH,43204
1400,BAY SHORE DR,CN 1A,Columbus,OH,43204
2964,ABBOTS COVE BLVD,,Columbus,OH,43204
3400,TIMBER RUN DR,,Columbus,OH,43204
3442,PARKSIDE RD,,Columbus,OH,43204
153,DEMOREST AVE,,Columbus,OH,43204
3351,RUDON LN,,Columbus,OH,43204
336,DEMOREST AVE,,Columbus,OH,43204
295,LETCHWORTH AVE,,Columbus,OH,43204
2684,REGINA AVE,,Columbus,OH,43204
2681,VANDERBERG AVE,,Columbus,OH,43204
1465,LAKE SHORE DR,C,Columbus,OH,43204
2642,EAKIN RD,,Columbus,OH,43204
748,S BURGESS AVE,,Columbus,OH,43204
685,S BURGESS AVE,,Columbus,OH,43204
3147,SULLIVANT AVE,,Columbus,OH,43204
2964,WESTMOOR CT,,Columbus,OH,43204
1832,SAN REMO DR,,Columbus,OH,43204
3117,JERSEY DR,,Columbus,OH,43204
3393,STEPHEN DR S,,Columbus,OH,43204
819,MIRIAM DR W,,Columbus,OH,43204
3338,SULLIVANT AVE,APT,Columbus,OH,43204
3281,W BROAD ST,,Columbus,OH,43204
633,S BURGESS AVE,,Columbus,OH,43204
451,S RICHARDSON AVE,,Columbus,OH,43204
211,S RICHARDSON AVE,,Columbus,OH,43204
183,S RICHARDSON AVE,,Columbus,OH,43204
1213,LAKE SHORE DR,UNIT A,Columbus,OH,43204
1160,ST CECELIA DR,,Columbus,OH,43204
878,S RICHARDSON AVE,,Columbus,OH,43204
674,S BURGESS AVE,,Columbus,OH,43204
2735,VANDERBERG AVE,,Columbus,OH,43204
795,S WARREN AVE,,Columbus,OH,43204
721,S WARREN AVE,,Columbus,OH,43204
632,RACINE AVE,,Columbus,OH,43204
430,S WARREN AVE,APT A,Columbus,OH,43204
233,S OGDEN AVE,,Columbus,OH,43204
130,S WARREN AVE,,Columbus,OH,43204
2654,W BROAD ST,3,Columbus,OH,43204
328,N OGDEN AVE,,Columbus,OH,43204
1322,RUNAWAY BAY DR,,Columbus,OH,43204
1356,RUNAWAY BAY DR,CN 3A,Columbus,OH,43204
698,JOYFUL ST,,Columbus,OH,43204
3473,GREAT WESTERN BLVD,UNIT 100,Columbus,OH,43204
1157,GEORGE'S PL,,Columbus,OH,43204
698,DERRER RD,,Columbus,OH,43204
3400,CAMP CHASE DR,A4,Columbus,OH,43204
1823,SAN REMO DR,,Columbus,OH,43204
847,S OGDEN AVE,,Columbus,OH,43204
276,S OGDEN AVE,,Columbus,OH,43204
187,S BURGESS AVE,,Columbus,OH,43204
71,N BURGESS AVE,,Columbus,OH,43204
2577,STEELE AVE,,Columbus,OH,43204
2664,EAKIN RD,,Columbus,OH,43204
640,S OGDEN AVE,,Columbus,OH,43204
1214,LAKE SHORE DR,,Columbus,OH,43204
2663,SCHURTZ AVE,,Columbus,OH,43204
175,LETCHWORTH AVE,,Columbus,OH,43204
109,LETCHWORTH AVE,,Columbus,OH,43204
78,DEMOREST AVE,,Columbus,OH,43204
3355,SOUTH BLVD,,Columbus,OH,43204
3051,CORTONA RD,,Columbus,OH,43204
314,LETCHWORTH AVE,,Columbus,OH,43204
182,LETCHWORTH AVE,,Columbus,OH,43204
3140,EL GRECO DR,,Columbus,OH,43204
3041,CORTONA RD,,Columbus,OH,43204
811,MIRIAM DR W,,Columbus,OH,43204
726,DEXTER AVE,,Columbus,OH,43204
964,S RICHARDSON AVE,,Columbus,OH,43204
74,S RICHARDSON AVE,,Columbus,OH,43204
28,S RICHARDSON AVE,,Columbus,OH,43204
90,N TERRACE AVE,,Columbus,OH,43204
1211,LAKE SHORE DR,,Columbus,OH,43204
1401,LAKE SHORE DR,,Columbus,OH,43204
1454,CLIFF CT,A,Columbus,OH,43204
1478,CLIFF CT,A,Columbus,OH,43204
2543,SULLIVANT AVE,,Columbus,OH,43204
2560,SULLIVANT AVE,,Columbus,OH,43204
453,S TERRACE AVE,,Columbus,OH,43204
422,S RICHARDSON AVE,,Columbus,OH,43204
3334,SULLIVANT AVE,APT,Columbus,OH,43204
155,S SYLVAN AVE,,Columbus,OH,43204
1248,TREEHAVEN LN,,Columbus,OH,43204
651,S SYLVAN AVE,,Columbus,OH,43204
364,N SYLVAN AVE,,Columbus,OH,43204
3070,EL PASO DR,,Columbus,OH,43204
3237,MCKINLEY AVE,40,Columbus,OH,43204
151,S TERRACE AVE,,Columbus,OH,43204
1297,LAKE SHORE DR,B,Columbus,OH,43204
2523,SULLIVANT AVE,,Columbus,OH,43204
364,S TERRACE AVE,,Columbus,OH,43204
66,S TERRACE AVE,,Columbus,OH,43204
74,S TERRACE AVE,,Columbus,OH,43204
62,S TERRACE AVE,,Columbus,OH,43204
254,N EUREKA AVE,,Columbus,OH,43204
3245,SULLIVANT AVE,F,Columbus,OH,43204
2535,KREBER AVE,,Columbus,OH,43204
2360,WESTWOOD DR,,Columbus,OH,43204
580,S EUREKA AVE,,Columbus,OH,43204
287,N OAKLEY AVE,,Columbus,OH,43204
268,N OAKLEY AVE,,Columbus,OH,43204
881,S BRINKER AVE,,Columbus,OH,43204
57,N BRINKER AVE,,Columbus,OH,43204
3088,VALLEY VIEW DR,,Columbus,OH,43204
318,S BRINKER AVE,,Columbus,OH,43204
198,S BRINKER AVE,,Columbus,OH,43204
697,S WAYNE AVE,,Columbus,OH,43204
546,S WAYNE AVE,,Columbus,OH,43204
2401,SULLIVANT AVE,,Columbus,OH,43204
423,S OAKLEY AVE,,Columbus,OH,43204
400,S WAYNE AVE,,Columbus,OH,43204
98,N OAKLEY AVE,,Columbus,OH,43204
3222,BRIGGS RD,,Columbus,OH,43204
123,N WESTMOOR AVE,,Columbus,OH,43204
2909,ABBOTS COVE BLVD,,Columbus,OH,43204
2900,LA VISTA DR,C,Columbus,OH,43204
2830,MARBLEVISTA BLVD,,Columbus,OH,43204
609,S OAKLEY AVE,,Columbus,OH,43204
537,S OAKLEY AVE,,Columbus,OH,43204
434,S OAKLEY AVE,,Columbus,OH,43204
295,S WHEATLAND AVE,,Columbus,OH,43204
2308,W BROAD ST,,Columbus,OH,43204
15,N WESTMOOR AVE,,Columbus,OH,43204
1560,N HAGUE AVE,,Columbus,OH,43204
2667,MARBLEVISTA BLVD,,Columbus,OH,43204
3060,FREMONT ST,,Columbus,OH,43204
28,N HURON AVE,,Columbus,OH,43204
170,N HURON AVE,,Columbus,OH,43204
2686,MARBLEVISTA BLVD,,Columbus,OH,43204
1395,WESTSHIRE RD,,Columbus,OH,43204
3032,SULLIVANT AVE,,Columbus,OH,43204
1401,WINESAP DR,,Columbus,OH,43204
3939,POPLAR BEND DR,,Columbus,OH,43204
3945,DEER LAKE WAY,,Columbus,OH,43204
1086,ABBOTS BLUFF CT,,Columbus,OH,43204
1126,ABBOTS BLUFF CT,,Columbus,OH,43204
1330,THACKER CT,,Columbus,OH,43204
591,BINNS BLVD,,Columbus,OH,43204
2971,PALMETTO ST,,Columbus,OH,43204
38,BINNS BLVD,,Columbus,OH,43204
601,N HAGUE AVE,,Columbus,OH,43204
803,S ROYS AVE,,Columbus,OH,43204
800,S ROYS AVE,,Columbus,OH,43204
191,S ROYS AVE,,Columbus,OH,43204
152,N ROYS AVE,,Columbus,OH,43204
3938,FARM BROOK LN,,Columbus,OH,43204
3935,TALCOTT DR,,Columbus,OH,43204
3903,CIDERMILL DR,,Columbus,OH,43204
1405,MARCHFIELD WAY,,Columbus,OH,43204
3003,DAISY LN,,Columbus,OH,43204
662,S ROYS AVE,,Columbus,OH,43204
45,N CHASE AVE,,Columbus,OH,43204
1877,LAKE SHORE DR,,Columbus,OH,43204
1470,SUNFLOWER DR,,Columbus,OH,43204
1225,GRESHAM RD,,Columbus,OH,43204
934,WILTSHIRE RD,,Columbus,OH,43204
879,WILTSHIRE RD,,Columbus,OH,43204
262,S CHASE AVE,B,Columbus,OH,43204
3546,WILSON WOODS DR,B,Columbus,OH,43204
3597,INTERCHANGE RD,,Columbus,OH,43204
114,N POWELL AVE,,Columbus,OH,43204
2646,QUARRY POINT,,Columbus,OH,43204
2614,QUARRY LAKE DR,,Columbus,OH,43204
2339,MARBLEVISTA BLVD,,Columbus,OH,43204
1122,S HARRIS AVE,,Columbus,OH,43204
678,WESTBROOK CT,,Columbus,OH,43204
3450,WILSON WOODS DR,I,Columbus,OH,43204
1052,S HARRIS AVE,,Columbus,OH,43204
854,S HAGUE AVE,,Columbus,OH,43204
183,S HAGUE AVE,,Columbus,OH,43204
1461,RUNAWAY BAY DR,,Columbus,OH,43204
930,RACINE AVE,,Columbus,OH,43204
503,S HARRIS AVE,,Columbus,OH,43204
192,S HAGUE AVE,,Columbus,OH,43204
111,N HARRIS AVE,,Columbus,OH,43204
118,N HARRIS AVE,,Columbus,OH,43204
130,N HARRIS AVE,,Columbus,OH,43204
3623,EDSON DR,,Columbus,OH,43204
102,DERRER DEN LN,,Columbus,OH,43204
2833,CHESFIELD DR,,Columbus,OH,43204
684,S HARRIS AVE,,Columbus,OH,43204
440,S HARRIS AVE,,Columbus,OH,43204
71,N WARREN AVE,,Columbus,OH,43204
2805,BRIGGSTON AVE,,Columbus,OH,43204
1117,ST AGNES AVE,,Columbus,OH,43204
2757,ST JOSEPH AVE,,Columbus,OH,43204
2726,BERNADETTE RD,,Columbus,OH,43204
999,CHESTERSHIRE RD,,Columbus,OH,43204
874,S ROYS AVE,,Columbus,OH,43204
616,BINNS BLVD,,Columbus,OH,43204
2762,QUARRY LAKE DR,,Columbus,OH,43204
4000,BUSINESS PARK DR,,Columbus,OH,43204
3911,POPLAR BEND DR,,Columbus,OH,43204
633,S ROYS AVE,,Columbus,OH,43204
228,S ROYS AVE,,Columbus,OH,43204
211,N POWELL AVE,,Columbus,OH,43204
1687,QUARRY TRACE,,Columbus,OH,43204
2353,MARBLEVISTA BLVD,,Columbus,OH,43204
1357,TRADE WINDS DR,APT 302,Columbus,OH,43204
393,S CHASE AVE,B,Columbus,OH,43204
355,S CHASE AVE,,Columbus,OH,43204
321,S CHASE AVE,,Columbus,OH,43204
2836,W BROAD ST,,Columbus,OH,43204
158,N POWELL AVE,,Columbus,OH,43204
3589,INTERCHANGE RD,,Columbus,OH,43204
3665,FOSSIL DR,,Columbus,OH,43204
3651,DRAGONFLY DR,,Columbus,OH,43204
691,WESTBROOK CT,,Columbus,OH,43204
2461,QUARRY VALLEY RD,,Columbus,OH,43204
3538,WILSON WOODS DR,F,Columbus,OH,43204
3561,WILSON WOODS DR,A,Columbus,OH,43204
3541,WILSON WOODS DR,,Columbus,OH,43204
2825,SULLIVANT AVE,,Columbus,OH,43204
563,S HAGUE AVE,UNIT 01,Columbus,OH,43204
420,S POWELL AVE,B,Columbus,OH,43204
640,WESTBROOK CT,,Columbus,OH,43204
655,LANCE CT,,Columbus,OH,43204
1431,RUNAWAY BAY DR,CN 1A,Columbus,OH,43204
1455,RUNAWAY BAY DR,CN 2A,Columbus,OH,43204
2841,LONGFIELD RD,,Columbus,OH,43204
624,S HAGUE AVE,,Columbus,OH,43204
342,S HAGUE AVE,D,Columbus,OH,43204
57,S HARRIS AVE,,Columbus,OH,43204
2285,QUARRY VALLEY RD,,Columbus,OH,43204
3458,WILSON WOODS DR,L,Columbus,OH,43204
3425,WILSON WOODS DR,E,Columbus,OH,43204
1430,CROSS CREEK DR,A,Columbus,OH,43204
2833,BRIGGSTON AVE,,Columbus,OH,43204
1166,ST AGNES AVE,,Columbus,OH,43204
1436,BAY SHORE DR,CN 2C,Columbus,OH,43204
2441,QUARRY LAKE DR,,Columbus,OH,43204
2153,QUARRY VALLEY RD,,Columbus,OH,43204
220,S WARREN AVE,,Columbus,OH,43204
216,N OGDEN AVE,,Columbus,OH,43204
795,BRIXHAM RD,,Columbus,OH,43204
3619,EDSON DR,,Columbus,OH,43204
3532,WICKLOW RD,,Columbus,OH,43204
1109,BRONWYN AVE,,Columbus,OH,43204
587,S OGDEN AVE,,Columbus,OH,43204
468,S OGDEN AVE,,Columbus,OH,43204
49,S BURGESS AVE,,Columbus,OH,43204
79,N BURGESS AVE,,Columbus,OH,43204
298,N BURGESS AVE,,Columbus,OH,43204
3519,DERRER FIELD DR,,Columbus,OH,43204
103,DERRER HEIGHT LN,,Columbus,OH,43204
3505,SULLIVANT AVE,,Columbus,OH,43204
3452,STALLING CT,,Columbus,OH,43204
1400,HAFTON WOODS DR,,Columbus,OH,43204
580,S OGDEN AVE,,Columbus,OH,43204
2621,SULLIVANT AVE,,Columbus,OH,43204
349,S BURGESS AVE,,Columbus,OH,43204
293,S BURGESS AVE,,Columbus,OH,43204
156,S BURGESS AVE,,Columbus,OH,43204
54,S BURGESS AVE,,Columbus,OH,43204
2610,EAKIN RD,,Columbus,OH,43204
754,S BURGESS AVE,,Columbus,OH,43204
463,S RICHARDSON AVE,,Columbus,OH,43204
334,S BURGESS AVE,,Columbus,OH,43204
93,DERRER ESTATES PL,,Columbus,OH,43204
712,DERRER RD,,Columbus,OH,43204
3429,GREAT WESTERN BLVD,UNIT 100,Columbus,OH,43204
314,DEMOREST AVE,,Columbus,OH,43204
1836,SAN REMO DR,,Columbus,OH,43204
1273,TREVOR CT,,Columbus,OH,43204
1179,TREEHAVEN LN,,Columbus,OH,43204
203,S RICHARDSON AVE,,Columbus,OH,43204
98,S RICHARDSON AVE,,Columbus,OH,43204
1452,CLIFF CT,A,Columbus,OH,43204
863,STEPHEN DR W,,Columbus,OH,43204
328,LETCHWORTH AVE,,Columbus,OH,43204
1302,LOWLAND CT,,Columbus,OH,43204
853,MARK PL,,Columbus,OH,43204
3308,SULLIVANT AVE,,Columbus,OH,43204
683,S RICHARDSON AVE,,Columbus,OH,43204
365,S TERRACE AVE,,Columbus,OH,43204
309,S TERRACE AVE,,Columbus,OH,43204
1283,LAKE SHORE DR,UNIT B,Columbus,OH,43204
3264,MARY AVE,,Columbus,OH,43204
687,POWHATAN AVE,,Columbus,OH,43204
378,N BRINKER AVE,,Columbus,OH,43204
2991,LA VISTA DR,,Columbus,OH,43204
2513,KREBER AVE,,Columbus,OH,43204
746,S TERRACE AVE,,Columbus,OH,43204
450,S EUREKA AVE,,Columbus,OH,43204
429,S EUREKA AVE,,Columbus,OH,43204
204,S EUREKA AVE,,Columbus,OH,43204
257,N WAYNE AVE,,Columbus,OH,43204
639,S EUREKA AVE,,Columbus,OH,43204
524,S EUREKA AVE,,Columbus,OH,43204
177,S WAYNE AVE,,Columbus,OH,43204
3321,ONSLOW CT,,Columbus,OH,43204
959,MIRIAM DR E,,Columbus,OH,43204
292,S BRINKER AVE,,Columbus,OH,43204
1245,ONSLOW DR,,Columbus,OH,43204
1230,ONSLOW DR,,Columbus,OH,43204
331,S WESTGATE AVE,,Columbus,OH,43204
169,S WESTGATE AVE,,Columbus,OH,43204
90,N WESTGATE AVE,,Columbus,OH,43204
159,N OAKLEY AVE,,Columbus,OH,43204
542,S WAYNE AVE,,Columbus,OH,43204
65,S OAKLEY AVE,,Columbus,OH,43204
3155,EAKIN RD,,Columbus,OH,43204
3238,MCKINLEY AVE,,Columbus,OH,43204
2680,MARBLEVISTA BLVD,,Columbus,OH,43204
686,S WAYNE AVE,,Columbus,OH,43204
344,S OAKLEY AVE,,Columbus,OH,43204
2362,HARDESTY CT,,Columbus,OH,43204
260,S WHEATLAND AVE,,Columbus,OH,43204
905,SALISBURY RD,,Columbus,OH,43204
461,S HURON AVE,,Columbus,OH,43204
891,BINNS BLVD,,Columbus,OH,43204
1107,HARDESTY PL E,,Columbus,OH,43204
590,S WHEATLAND AVE,,Columbus,OH,43204
2255,HARPER RD,,Columbus,OH,43204
917,S ROYS AVE,,Columbus,OH,43204
455,BINNS BLVD,,Columbus,OH,43204
2975,WICKLOW RD,,Columbus,OH,43204
2976,WICKLOW RD,,Columbus,OH,43204
2936,OLIVE ST,,Columbus,OH,43204
2701,ABBOTS LOOP CT,,Columbus,OH,43204
1828,QUARRY VIEW,,Columbus,OH,43204
2534,MARBLEVISTA BLVD,,Columbus,OH,43204
1053,HARDESTY PL E,,Columbus,OH,43204
3608,GRAYBECK DR,,Columbus,OH,43204
333,S HAGUE AVE,,Columbus,OH,43204
171,S HAGUE AVE,,Columbus,OH,43204
159,S HAGUE AVE,,Columbus,OH,43204
157,N HARRIS AVE,,Columbus,OH,43204
725,HARRISON DR,,Columbus,OH,43204
2377,QUARRY VALLEY RD,,Columbus,OH,43204
1415,PEACH BLOSSOM CT,,Columbus,OH,43204
1436,PEACH BLOSSOM CT,,Columbus,OH,43204
670,S HAGUE AVE,,Columbus,OH,43204
381,S HARRIS AVE,,Columbus,OH,43204
1420,RUNAWAY BAY DR,CN 2A,Columbus,OH,43204
1095,PARMA AVE,,Columbus,OH,43204
3428,WILSON WOODS DR,K,Columbus,OH,43204
3410,WILSON WOODS DR,C,Columbus,OH,43204
1396,CROSS CREEK DR,L,Columbus,OH,43204
1058,BELLFLOWER AVE,,Columbus,OH,43204
1060,PARMA AVE,,Columbus,OH,43204
2781,ST JOSEPH AVE,,Columbus,OH,43204
2779,REGINA AVE,,Columbus,OH,43204
854,REGINA CT,,Columbus,OH,43204
2755,EAKIN RD,L,Columbus,OH,43204
2762,VANDERBERG AVE,,Columbus,OH,43204
394,S HARRIS AVE,,Columbus,OH,43204
377,S WARREN AVE,,Columbus,OH,43204
1430,CROSS CREEK DR,B,Columbus,OH,43204
1430,CROSS CREEK DR,G,Columbus,OH,43204
861,KINGSFORD RD,UNIT B,Columbus,OH,43204
697,BRIXHAM RD,,Columbus,OH,43204
1109,ST AGNES AVE,,Columbus,OH,43204
622,RACINE AVE,,Columbus,OH,43204
600,RACINE AVE,,Columbus,OH,43204
118,N OGDEN AVE,,Columbus,OH,43204
2192,QUARRY VALLEY RD,,Columbus,OH,43204
1127,BRONWYN AVE,,Columbus,OH,43204
1119,BRONWYN AVE,,Columbus,OH,43204
2713,ST JOSEPH AVE,,Columbus,OH,43204
2698,REGINA AVE,,Columbus,OH,43204
2685,SULLIVANT AVE,,Columbus,OH,43204
267,S OGDEN AVE,,Columbus,OH,43204
31,S BURGESS AVE,,Columbus,OH,43204
2581,STEELE AVE,,Columbus,OH,43204
2726,WOODCROFT RD,,Columbus,OH,43204
192,S BURGESS AVE,,Columbus,OH,43204
2525,RIDGE AVE,,Columbus,OH,43204
2700,MCKINLEY AVE,,Columbus,OH,43204
2563,FREMONT ST,,Columbus,OH,43204
191,S RICHARDSON AVE,,Columbus,OH,43204
2516,W BROAD ST,A,Columbus,OH,43204
2507,RIDGE AVE,,Columbus,OH,43204
701,JOSEPHINE AVE,,Columbus,OH,43204
3522,FREMONT ST,,Columbus,OH,43204
3499,SENATOR CT,,Columbus,OH,43204
62,N WILSON RD,,Columbus,OH,43204
3516,WICKLOW RD,,Columbus,OH,43204
3485,SENATOR CT,,Columbus,OH,43204
164,N WILSON RD,,Columbus,OH,43204
1439,LAKE SHORE DR,,Columbus,OH,43204
2580,EAKIN RD,,Columbus,OH,43204
811,S RICHARDSON AVE,,Columbus,OH,43204
814,S RICHARDSON AVE,,Columbus,OH,43204
89,S TERRACE AVE,,Columbus,OH,43204
211,ELDON AVE,,Columbus,OH,43204
1293,LAKE SHORE DR,UNIT A,Columbus,OH,43204
3453,STALLING CT,,Columbus,OH,43204
3413,CAMP CHASE DR,,Columbus,OH,43204
2574,VANDERBERG AVE,,Columbus,OH,43204
2562,EAKIN RD,,Columbus,OH,43204
100,ELDON AVE,,Columbus,OH,43204
162,N EUREKA AVE,,Columbus,OH,43204
234,N EUREKA AVE,,Columbus,OH,43204
853,S EUREKA AVE,,Columbus,OH,43204
810,S TERRACE AVE,,Columbus,OH,43204
174,DERRER RD,,Columbus,OH,43204
90,DERRER RD,,Columbus,OH,43204
3400,CAMP CHASE DR,B1,Columbus,OH,43204
3360,TIMBER RUN DR,,Columbus,OH,43204
227,LETCHWORTH AVE,,Columbus,OH,43204
3360,VALLEY VIEW DR,,Columbus,OH,43204
819,STEPHEN DR W,,Columbus,OH,43204
92,LETCHWORTH AVE,,Columbus,OH,43204
40,LETCHWORTH AVE,,Columbus,OH,43204
46,LETCHWORTH AVE,,Columbus,OH,43204
3333,W BROAD ST,3,Columbus,OH,43204
3333,W BROAD ST,10,Columbus,OH,43204
772,S TERRACE AVE,,Columbus,OH,43204
539,S EUREKA AVE,,Columbus,OH,43204
319,S EUREKA AVE,,Columbus,OH,43204
52,S EUREKA AVE,,Columbus,OH,43204
69,N WAYNE AVE,,Columbus,OH,43204
195,N WAYNE AVE,,Columbus,OH,43204
2382,WESTWOOD DR,,Columbus,OH,43204
608,S EUREKA AVE,,Columbus,OH,43204
624,S EUREKA AVE,,Columbus,OH,43204
429,S WAYNE AVE,,Columbus,OH,43204
3321,WICKLOW RD,EST2,Columbus,OH,43204
170,S SOUTHAMPTON AVE,,Columbus,OH,43204
3180,BOWDOIN CIR,,Columbus,OH,43204
2979,CORTONA RD,,Columbus,OH,43204
3413,TRABUE RD,,Columbus,OH,43204
255,S SYLVAN AVE,,Columbus,OH,43204
333,S WAYNE AVE,,Columbus,OH,43204
2384 1/2,W BROAD ST,C,Columbus,OH,43204
433 1/2,S OAKLEY AVE,,Columbus,OH,43204
378,S WHEATLAND AVE,,Columbus,OH,43204
1281,RIEGELWOOD LN,,Columbus,OH,43204
1201,RIEGELWOOD LN,,Columbus,OH,43204
282,POWHATAN AVE,,Columbus,OH,43204
130,POWHATAN AVE,,Columbus,OH,43204
199,N ALGONQUIN AVE,,Columbus,OH,43204
3147,VALLEY VIEW DR,,Columbus,OH,43204
3369,TRABUE RD,,Columbus,OH,43204
101,N BRINKER AVE,,Columbus,OH,43204
2990,ABBOTS COVE BLVD,,Columbus,OH,43204
282,S WHEATLAND AVE,,Columbus,OH,43204
1109,HARDESTY PL E,,Columbus,OH,43204
2357,HARDESTY DR N,,Columbus,OH,43204
1150,N HAGUE AVE,,Columbus,OH,43204
123,S BRINKER AVE,,Columbus,OH,43204
32,N BRINKER AVE,,Columbus,OH,43204
44,N BRINKER AVE,,Columbus,OH,43204
3104,STEELE AVE,,Columbus,OH,43204
2920,LA VISTA DR,H,Columbus,OH,43204
64,N WESTGATE AVE,,Columbus,OH,43204
933,SALISBURY RD,,Columbus,OH,43204
46,N WESTMOOR AVE,,Columbus,OH,43204
1312,RIVIERA CT,,Columbus,OH,43204
74,N HURON AVE,,Columbus,OH,43204
1404,ROYSTON DR,,Columbus,OH,43204
4038,BUSINESS PARK DR,,Columbus,OH,43204
1371,TRADE WINDS DR,APT 103,Columbus,OH,43204
159,N HURON AVE,,Columbus,OH,43204
606,CRESCENT RD,,Columbus,OH,43204
181,BINNS BLVD,,Columbus,OH,43204
2572,MARBLEVISTA BLVD,,Columbus,OH,43204
54,N HALDY AVE,,Columbus,OH,43204
75,N ROYS AVE,,Columbus,OH,43204
633,N HAGUE AVE,,Columbus,OH,43204
2542,MARBLEVISTA BLVD,,Columbus,OH,43204
3836,GRIMES DR,,Columbus,OH,43204
3713,WINDWARD WAY,APT 106,Columbus,OH,43204
1881,MARBLE CLIFF CROSSING CT,,Columbus,OH,43204
926,S ROYS AVE,,Columbus,OH,43204
146,N ROYS AVE,,Columbus,OH,43204
3042,MCKINLEY AVE,,Columbus,OH,43204
937,S HAGUE AVE,,Columbus,OH,43204
363,S CHASE AVE,B,Columbus,OH,43204
7 1/2,N POWELL AVE,,Columbus,OH,43204
2658,QUARRY POINT,,Columbus,OH,43204
2550,QUARRY LAKE DR,,Columbus,OH,43204
1185,N WILSON RD,,Columbus,OH,43204
1215,WARBLE DR,,Columbus,OH,43204
200,N HAGUE AVE,,Columbus,OH,43204
2808,FISHER RD,,Columbus,OH,43204
540,TRADE RD,,Columbus,OH,43204
3299,COLONY HILL LN,,Columbus,OH,43204
615,DEXTER AVE,,Columbus,OH,43204
321,LETCHWORTH AVE,,Columbus,OH,43204
201,S SOUTHAMPTON AVE,,Columbus,OH,43204
32,LETCHWORTH AVE,,Columbus,OH,43204
3134,EL NINO DR,,Columbus,OH,43204
3011,WOODLOOP LN,,Columbus,OH,43204
3085,JERSEY DR,,Columbus,OH,43204
163,S WAYNE AVE,,Columbus,OH,43204
2369,W BROAD ST,,Columbus,OH,43204
48,N WAYNE AVE,,Columbus,OH,43204
3329,MIRIAM DR S,,Columbus,OH,43204
3272,WICKLOW RD,,Columbus,OH,43204
160,N SYLVAN AVE,UNIT 3,Columbus,OH,43204
323,N ALGONQUIN AVE,,Columbus,OH,43204
3150,VALLEY VIEW DR,,Columbus,OH,43204
59,OREL AVE,,Columbus,OH,43204
1343,BAJA LN,,Columbus,OH,43204
3237,MCKINLEY AVE,63,Columbus,OH,43204
607,S WAYNE AVE,,Columbus,OH,43204
119,S OAKLEY AVE,,Columbus,OH,43204
98,S OAKLEY AVE,,Columbus,OH,43204
78,N OAKLEY AVE,,Columbus,OH,43204
605,S OAKLEY AVE,,Columbus,OH,43204
460,S OAKLEY AVE,,Columbus,OH,43204
267,S WHEATLAND AVE,,Columbus,OH,43204
106,S WHEATLAND AVE,,Columbus,OH,43204
914,VANDERBERG PL,,Columbus,OH,43204
3261,MCKINLEY AVE,,Columbus,OH,43204
3324,ONSLOW CT,,Columbus,OH,43204
870,S BRINKER AVE,,Columbus,OH,43204
782,S BRINKER AVE,,Columbus,OH,43204
204,S BRINKER AVE,,Columbus,OH,43204
2926,ABBOTS COVE BLVD,,Columbus,OH,43204
71,S WHEATLAND AVE,,Columbus,OH,43204
2373,HARDESTY CT,,Columbus,OH,43204
2354,HARDESTY CT,,Columbus,OH,43204
268,S WHEATLAND AVE,,Columbus,OH,43204
683,S WHEATLAND AVE,,Columbus,OH,43204
682,S WHEATLAND AVE,,Columbus,OH,43204
1387,BROOKFOREST DR,,Columbus,OH,43204
3196,MIRIAM DR N,,Columbus,OH,43204
56,S WESTGATE AVE,,Columbus,OH,43204
3090,W BROAD ST,,Columbus,OH,43204
42,N WESTGATE AVE,C,Columbus,OH,43204
3182,BRIGGS RD,,Columbus,OH,43204
500,S WESTGATE AVE,B,Columbus,OH,43204
259,S WESTMOOR AVE,,Columbus,OH,43204
2966,WESTMOOR DR,,Columbus,OH,43204
1144,ABBOTS LAKE CT,,Columbus,OH,43204
1363,ROYSTON DR,,Columbus,OH,43204
487,S HURON AVE,,Columbus,OH,43204
421,S HURON AVE,,Columbus,OH,43204
2569,MARBLEVISTA BLVD,,Columbus,OH,43204
1080,BINNS BLVD,,Columbus,OH,43204
196,N HALDY AVE,,Columbus,OH,43204
2526,MARBLEVISTA BLVD,,Columbus,OH,43204
1377,WINESAP DR,,Columbus,OH,43204
792,BINNS BLVD,,Columbus,OH,43204
741,BINNS BLVD,,Columbus,OH,43204
3011,SULLIVANT AVE,,Columbus,OH,43204
38,N HALDY AVE,,Columbus,OH,43204
651,N HAGUE AVE,,Columbus,OH,43204
631,N HAGUE AVE,,Columbus,OH,43204
991,CHESTERSHIRE RD,,Columbus,OH,43204
680,BINNS BLVD,,Columbus,OH,43204
2953,SULLIVANT AVE,,Columbus,OH,43204
2916,OLIVE ST,,Columbus,OH,43204
1744,QUARRY VIEW,,Columbus,OH,43204
3887,TALCOTT DR,,Columbus,OH,43204
3912,BUSINESS PARK DR,,Columbus,OH,43204
3729,WINDWARD WAY,APT 103,Columbus,OH,43204
570,S ROYS AVE,,Columbus,OH,43204
132,N CHASE AVE,,Columbus,OH,43204
2810,QUARRY POINT,,Columbus,OH,43204
2632,QUARRY LAKE DR,,Columbus,OH,43204
3751,INTERCHANGE RD,,Columbus,OH,43204
3812,GRIMES DR,,Columbus,OH,43204
2973,RUNDELL DR,,Columbus,OH,43204
1029,S HAGUE AVE,,Columbus,OH,43204
1021,S HAGUE AVE,,Columbus,OH,43204
2895,SULLIVANT AVE,UNIT 2,Columbus,OH,43204
403,S CHASE AVE,A,Columbus,OH,43204
292,S CHASE AVE,,Columbus,OH,43204
291,N HAGUE AVE,,Columbus,OH,43204
3647,WEST HORIZONS,APT 107,Columbus,OH,43204
2580,QUARRY LAKE DR,,Columbus,OH,43204
91,S POWELL AVE,,Columbus,OH,43204
48,S POWELL AVE,,Columbus,OH,43204
685,WESTBROOK CT,,Columbus,OH,43204
2680,CRAIG CT,,Columbus,OH,43204
1391,CARTER CT,,Columbus,OH,43204
3623,GRAYBECK DR,,Columbus,OH,43204
511,S HAGUE AVE,,Columbus,OH,43204
215,N HARRIS AVE,,Columbus,OH,43204
283,N HARRIS AVE,,Columbus,OH,43204
644,WESTBROOK CT,,Columbus,OH,43204
662,LANCE CT,,Columbus,OH,43204
1431,RUNAWAY BAY DR,CN 1C,Columbus,OH,43204
2407,QUARRY VALLEY RD,,Columbus,OH,43204
1821,LAKE SHORE DR,,Columbus,OH,43204
2831,WOODCROFT RD,,Columbus,OH,43204
1183,PARMA AVE,,Columbus,OH,43204
905,RACINE AVE,,Columbus,OH,43204
753,S HARRIS AVE,,Columbus,OH,43204
486,S HAGUE AVE,,Columbus,OH,43204
433,S HARRIS AVE,,Columbus,OH,43204
19,S HARRIS AVE,,Columbus,OH,43204
38 1/2,N HARRIS AVE,,Columbus,OH,43204
121,N HARRIS AVE,,Columbus,OH,43204
99,N HARRIS AVE,,Columbus,OH,43204
1400,CROSS CREEK DR,L,Columbus,OH,43204
504,S HARRIS AVE,,Columbus,OH,43204
284,S HARRIS AVE,,Columbus,OH,43204
2431,QUARRY LAKE DR,,Columbus,OH,43204
2686,WICKLOW RD,,Columbus,OH,43204
1382,BAY SHORE DR,CN 2A,Columbus,OH,43204
1406,BAY SHORE DR,CN 1B,Columbus,OH,43204
710,N WILSON RD,,Columbus,OH,43204
882,KINGSFORD RD,,Columbus,OH,43204
1142,BRONWYN AVE,,Columbus,OH,43204
677,S OGDEN AVE,,Columbus,OH,43204
440,S OGDEN AVE,,Columbus,OH,43204
35,S BURGESS AVE,C,Columbus,OH,43204
1392,HAFTON WOODS DR,,Columbus,OH,43204
614,S OGDEN AVE,,Columbus,OH,43204
545,S BURGESS AVE,,Columbus,OH,43204
326,S BURGESS AVE,,Columbus,OH,43204
3605,EAKIN RD,,Columbus,OH,43204
3587,EDSON DR,,Columbus,OH,43204
3538,EDSON DR,,Columbus,OH,43204
393,JOSEPHINE AVE,,Columbus,OH,43204
3524,SENATOR CT,,Columbus,OH,43204
313,S BURGESS AVE,,Columbus,OH,43204
160,S BURGESS AVE,,Columbus,OH,43204
185,N TERRACE AVE,,Columbus,OH,43204
1212,LAKE SHORE DR,UNIT B,Columbus,OH,43204
740,S BURGESS AVE,,Columbus,OH,43204
110,N TERRACE AVE,,Columbus,OH,43204
138,N TERRACE AVE,,Columbus,OH,43204
1399,LAKE SHORE DR,UNIT A,Columbus,OH,43204
1441,CLIFF CT,,Columbus,OH,43204
631,JOSEPHINE AVE,,Columbus,OH,43204
719,MACLAM DR,,Columbus,OH,43204
714,JOYFUL ST,,Columbus,OH,43204
642,DERRER RD,,Columbus,OH,43204
190,DERRER RD,,Columbus,OH,43204
810,S RICHARDSON AVE,,Columbus,OH,43204
193,S TERRACE AVE,,Columbus,OH,43204
89,ELDON AVE,,Columbus,OH,43204
1281,LAKE SHORE DR,A,Columbus,OH,43204
2565,KREBER AVE,,Columbus,OH,43204
2566,VANDERBERG AVE,,Columbus,OH,43204
236,S TERRACE AVE,,Columbus,OH,43204
203,S EUREKA AVE,,Columbus,OH,43204
3671,WEST HORIZONS,APT 105,Columbus,OH,43204
576,S ROYS AVE,,Columbus,OH,43204
582,S ROYS AVE,,Columbus,OH,43204
2816,STEELE AVE,,Columbus,OH,43204
2409,MARBLEVISTA BLVD,,Columbus,OH,43204
3683,FOSSIL DR,,Columbus,OH,43204
842,WILTSHIRE RD,,Columbus,OH,43204
677,CHESTERSHIRE RD,,Columbus,OH,43204
2895,SULLIVANT AVE,UNIT 6,Columbus,OH,43204
221,N HAGUE AVE,,Columbus,OH,43204
713,KYLE CT,,Columbus,OH,43204
706,KYLE CT,,Columbus,OH,43204
2584,QUARRY LAKE DR,,Columbus,OH,43204
995,S HARRIS AVE,,Columbus,OH,43204
759,S HAGUE AVE,,Columbus,OH,43204
273,S CHASE AVE,A,Columbus,OH,43204
266,S POWELL AVE,,Columbus,OH,43204
180,S POWELL AVE,B,Columbus,OH,43204
133,N HAGUE AVE,,Columbus,OH,43204
288,N HAGUE AVE,,Columbus,OH,43204
697,WESTBROOK CT,,Columbus,OH,43204
1360,BELLFLOWER AVE,,Columbus,OH,43204
1215,BELLFLOWER AVE,,Columbus,OH,43204
949,S HARRIS AVE,,Columbus,OH,43204
2856,VANDERBERG AVE,,Columbus,OH,43204
285,S HAGUE AVE,,Columbus,OH,43204
100,N HAGUE AVE,,Columbus,OH,43204
2733,STEELE AVE,,Columbus,OH,43204
296,N HARRIS AVE,,Columbus,OH,43204
631,LANCE CT,,Columbus,OH,43204
615,LANCE CT,,Columbus,OH,43204
3641,EAKIN RD,UNIT C,Columbus,OH,43204
820,N WILSON RD,,Columbus,OH,43204
1461,RUNAWAY BAY DR,CN 2A,Columbus,OH,43204
2868,LONGFIELD RD,,Columbus,OH,43204
1142,BELLFLOWER AVE,,Columbus,OH,43204
926,RACINE AVE,,Columbus,OH,43204
844,S HARRIS AVE,,Columbus,OH,43204
787,S HARRIS AVE,,Columbus,OH,43204
514,S HAGUE AVE,,Columbus,OH,43204
39,N WILSON RD,,Columbus,OH,43204
3564,EDSON DR,,Columbus,OH,43204
3550,EDSON DR,,Columbus,OH,43204
827,LINDENDALE CT,,Columbus,OH,43204
1180,PARMA AVE,,Columbus,OH,43204
314,S HARRIS AVE,,Columbus,OH,43204
1492,RUNAWAY BAY DR,CN 1B,Columbus,OH,43204
1492,RUNAWAY BAY DR,,Columbus,OH,43204
2247,QUARRY VALLEY RD,,Columbus,OH,43204
3493,SANITA CT,,Columbus,OH,43204
2745,EAKIN RD,,Columbus,OH,43204
589,S WARREN AVE,,Columbus,OH,43204
486,S WARREN AVE,,Columbus,OH,43204
309,S OGDEN AVE,,Columbus,OH,43204
153,S OGDEN AVE,,Columbus,OH,43204
114,N OGDEN AVE,,Columbus,OH,43204
1418,BAY SHORE DR,CN 2B,Columbus,OH,43204
1406,BAY SHORE DR,CN 2B,Columbus,OH,43204
3452,FREMONT ST,,Columbus,OH,43204
3469,GREAT WESTERN BLVD,UNIT 100,Columbus,OH,43204
3606,TRABUE RD,,Columbus,OH,43204
208,DERRER RD,,Columbus,OH,43204
1055,BRONWYN AVE,,Columbus,OH,43204
664,S WARREN AVE,,Columbus,OH,43204
227,S BURGESS AVE,,Columbus,OH,43204
2649,EAKIN RD,,Columbus,OH,43204
1740,LAKE SHORE DR,,Columbus,OH,43204
665,S BURGESS AVE,,Columbus,OH,43204
455,S RICHARDSON AVE,,Columbus,OH,43204
427,S RICHARDSON AVE,,Columbus,OH,43204
362,S BURGESS AVE,,Columbus,OH,43204
244,N TERRACE AVE,,Columbus,OH,43204
1450,CLIFF CT,C,Columbus,OH,43204
387,DEMOREST AVE,,Columbus,OH,43204
1846,SAN REMO DR,,Columbus,OH,43204
883,MIRIAM DR W,,Columbus,OH,43204
233,S SYLVAN AVE,,Columbus,OH,43204
3240,JOAN RD,,Columbus,OH,43204
251,N SYLVAN AVE,,Columbus,OH,43204
319,N SYLVAN AVE,,Columbus,OH,43204
1481,CLIFF CT,A,Columbus,OH,43204
2588,EAKIN RD,,Columbus,OH,43204
1301,LAKE SHORE DR,,Columbus,OH,43204
1305,LAKE SHORE DR,UNIT A,Columbus,OH,43204
1331,LAKE SHORE DR,UNIT B,Columbus,OH,43204
646,S RICHARDSON AVE,,Columbus,OH,43204
573,S TERRACE AVE,,Columbus,OH,43204
3305,RACE ST,,Columbus,OH,43204
585,S SYLVAN AVE,,Columbus,OH,43204
3295,SULLIVANT AVE,UNIT O,Columbus,OH,43204
344,N SYLVAN AVE,,Columbus,OH,43204
3050,JERSEY DR,,Columbus,OH,43204
3237,MCKINLEY AVE,17,Columbus,OH,43204
77,N EUREKA AVE,,Columbus,OH,43204
264,N EUREKA AVE,,Columbus,OH,43204
843,S EUREKA AVE,,Columbus,OH,43204
721,S TERRACE AVE,,Columbus,OH,43204
52,N EUREKA AVE,,Columbus,OH,43204
3288,MARY AVE,,Columbus,OH,43204
669,POWHATAN AVE,,Columbus,OH,43204
3237,MCKINLEY AVE,9,Columbus,OH,43204
109,N BRINKER AVE,,Columbus,OH,43204
1395,RESTWOOD CT,,Columbus,OH,43204
226,N WAYNE AVE,,Columbus,OH,43204
285,N WAYNE AVE,,Columbus,OH,43204
560,S EUREKA AVE,,Columbus,OH,43204
183,S WAYNE AVE,,Columbus,OH,43204
773,S WAYNE AVE,,Columbus,OH,43204
653,S WAYNE AVE,,Columbus,OH,43204
514,S WAYNE AVE,,Columbus,OH,43204
61,S OAKLEY AVE,,Columbus,OH,43204
1181,ONSLOW DR,,Columbus,OH,43204
225,S BRINKER AVE,,Columbus,OH,43204
1068,HARDESTY PL W,,Columbus,OH,43204
619,S OAKLEY AVE,,Columbus,OH,43204
157,S WHEATLAND AVE,,Columbus,OH,43204
50,S WHEATLAND AVE,,Columbus,OH,43204
3056,STEELE AVE,A,Columbus,OH,43204
3021,WESTMOOR CT,,Columbus,OH,43204
3158,MARY AVE,,Columbus,OH,43204
3121,WICKLOW RD,,Columbus,OH,43204
77,N WESTMOOR AVE,,Columbus,OH,43204
94,N WESTMOOR AVE,D,Columbus,OH,43204
479,N WESTMOOR AVE,,Columbus,OH,43204
2829,ABBOTS COVE BLVD,,Columbus,OH,43204
611,S WHEATLAND AVE,,Columbus,OH,43204
430,S WHEATLAND AVE,,Columbus,OH,43204
2324,HARDESTY CT,,Columbus,OH,43204
2325,HARDESTY CT,,Columbus,OH,43204
4025,SANDY RIDGE DR,,Columbus,OH,43204
3164,BRIGGS RD,,Columbus,OH,43204
111,N HURON AVE,,Columbus,OH,43204
2340,HARDESTY CT,,Columbus,OH,43204
2305,HARDESTY DR N,,Columbus,OH,43204
1348,WINESAP DR,,Columbus,OH,43204
3930,CIDERMILL DR,,Columbus,OH,43204
3839,POPLAR BEND DR,,Columbus,OH,43204
1500,RASPBERRY RUN DR,,Columbus,OH,43204
848,SALISBURY RD,,Columbus,OH,43204
356,S HURON AVE,,Columbus,OH,43204
360,S HURON AVE,,Columbus,OH,43204
211,BINNS BLVD,,Columbus,OH,43204
192,N HALDY AVE,,Columbus,OH,43204
228,N HALDY AVE,,Columbus,OH,43204
2903,DIBBLEE AVE,,Columbus,OH,43204
2727,ABBOTS LOOP CT,,Columbus,OH,43204
1952,MARBLE CLIFF CROSSING CT,,Columbus,OH,43204
689,BINNS BLVD,,Columbus,OH,43204
3799,INTERCHANGE RD,,Columbus,OH,43204
1357,TRADE WINDS DR,APT 105,Columbus,OH,43204
3713,WINDWARD WAY,APT 105,Columbus,OH,43204
1408,CIDERMILL CT,,Columbus,OH,43204
2949,CRESCENT DR,,Columbus,OH,43204
52,N ROYS AVE,,Columbus,OH,43204
155,N CHASE AVE,,Columbus,OH,43204
1326,RIVIERA CT,UNIT F,Columbus,OH,43204
77,N HURON AVE,D,Columbus,OH,43204
200,N HURON AVE,G,Columbus,OH,43204
3027,PARKSIDE RD,,Columbus,OH,43204
176,S HURON AVE,,Columbus,OH,43204
2970,W BROAD ST,,Columbus,OH,43204
2796,OTTIS CT,UNIT B,Columbus,OH,43204
1490,BROOKFOREST DR,,Columbus,OH,43204
2684,SCIOTO STATION DR,,Columbus,OH,43204
3003,PARKSIDE RD,,Columbus,OH,43204
3000,WICKLOW RD,,Columbus,OH,43204
376,BINNS BLVD,,Columbus,OH,43204
2935,CRESCENT DR,,Columbus,OH,43204
617,N HAGUE AVE,,Columbus,OH,43204
2513,MARBLEVISTA BLVD,,Columbus,OH,43204
976,CHESTERSHIRE RD,,Columbus,OH,43204
1802,QUARRY VIEW,,Columbus,OH,43204
1756,QUARRY VIEW,,Columbus,OH,43204
706,S ROYS AVE,,Columbus,OH,43204
642,S ROYS AVE,,Columbus,OH,43204
244,S ROYS AVE,,Columbus,OH,43204
2788,QUARRY POINT,,Columbus,OH,43204
2903,SULLIVANT AVE,UNIT 5,Columbus,OH,43204
369,S CHASE AVE,B,Columbus,OH,43204
316,S CHASE AVE,D,Columbus,OH,43204
322,S CHASE AVE,,Columbus,OH,43204
3647,WEST HORIZONS,APT 206,Columbus,OH,43204
285,N HAGUE AVE,,Columbus,OH,43204
2719,RUTH CT,,Columbus,OH,43204
1087,HARRIS AVE,,Columbus,OH,43204
821,S HAGUE AVE,,Columbus,OH,43204
108,S POWELL AVE,,Columbus,OH,43204
3740,GRIMES DR,,Columbus,OH,43204
3711,GRIMES DR,,Columbus,OH,43204
3675,DRAGONFLY DR,,Columbus,OH,43204
1049,RACINE AVE,,Columbus,OH,43204
979,RACINE AVE,,Columbus,OH,43204
1467,RUNAWAY BAY DR,CN 1A,Columbus,OH,43204
2858,WOODCROFT RD,,Columbus,OH,43204
940,RACINE AVE,,Columbus,OH,43204
721,S HARRIS AVE,,Columbus,OH,43204
616,S HAGUE AVE,,Columbus,OH,43204
361,S HARRIS AVE,,Columbus,OH,43204
1423,RUNAWAY BAY DR,,Columbus,OH,43204
1820,LAKE SHORE DR,,Columbus,OH,43204
458,S HARRIS AVE,,Columbus,OH,43204
260,N WARREN AVE,,Columbus,OH,43204
2768,ST PATRICK RD,,Columbus,OH,43204
786,S WARREN AVE,,Columbus,OH,43204
180,N OGDEN AVE,,Columbus,OH,43204
331,N BURGESS AVE,,Columbus,OH,43204
2675,SULLIVANT AVE,,Columbus,OH,43204
261,S BURGESS AVE,,Columbus,OH,43204
154,S OGDEN AVE,,Columbus,OH,43204
811,KINGSFORD RD,,Columbus,OH,43204
761,KINGSFORD RD,UNIT D,Columbus,OH,43204
3536,LINDENDALE DR,,Columbus,OH,43204
91,N BURGESS AVE,,Columbus,OH,43204
2695,ST PATRICK RD,,Columbus,OH,43204
612,S OGDEN AVE,,Columbus,OH,43204
599,S BURGESS AVE,,Columbus,OH,43204
90,S BURGESS AVE,,Columbus,OH,43204
1199,LAKE SHORE DR,UNIT A,Columbus,OH,43204
1405,LAKE SHORE DR,,Columbus,OH,43204
1467,LAKE SHORE DR,,Columbus,OH,43204
705,BRIXHAM RD,,Columbus,OH,43204
595,KINGSFORD RD,,Columbus,OH,43204
3569,EDSON DR,,Columbus,OH,43204
256,RANELLE DR,,Columbus,OH,43204
3516,DERRER HILL DR,,Columbus,OH,43204
2574,SULLIVANT AVE,A,Columbus,OH,43204
415,S RICHARDSON AVE,,Columbus,OH,43204
253,S RICHARDSON AVE,,Columbus,OH,43204
240,S RICHARDSON AVE,,Columbus,OH,43204
909,HODGES DR,,Columbus,OH,43204
759,S RICHARDSON AVE,,Columbus,OH,43204
183,S TERRACE AVE,,Columbus,OH,43204
79,S TERRACE AVE,,Columbus,OH,43204
1143,FARMHURST CT,,Columbus,OH,43204
426,JOSEPHINE AVE,,Columbus,OH,43204
3456,DERRER FIELD DR,,Columbus,OH,43204
3441,SOUTH BLVD,,Columbus,OH,43204
162,N WILSON RD,,Columbus,OH,43204
759,MACLAM DR,,Columbus,OH,43204
532,S TERRACE AVE,,Columbus,OH,43204
424,S TERRACE AVE,,Columbus,OH,43204
392,S TERRACE AVE,,Columbus,OH,43204
175,S EUREKA AVE,,Columbus,OH,43204
2370,SCIOTO HARPER DR,,Columbus,OH,43204
821,S EUREKA AVE,,Columbus,OH,43204
2461,SULLIVANT AVE,,Columbus,OH,43204
3461,EAKIN RD,,Columbus,OH,43204
1223,ROMONA PL,,Columbus,OH,43204
3279,MEDOMA DR,,Columbus,OH,43204
446,S EUREKA AVE,,Columbus,OH,43204
147,S EUREKA AVE,,Columbus,OH,43204
125,S WAYNE AVE,,Columbus,OH,43204
2435,SULLIVANT AVE,,Columbus,OH,43204
2402,PALMETTO ST,,Columbus,OH,43204
180,N WAYNE AVE,,Columbus,OH,43204
251,N OAKLEY AVE,,Columbus,OH,43204
228,N OAKLEY AVE,,Columbus,OH,43204
283,N OAKLEY AVE,,Columbus,OH,43204
758,DEMOREST RD,,Columbus,OH,43204
208,DEMOREST AVE,,Columbus,OH,43204
37,LETCHWORTH AVE,,Columbus,OH,43204
1852,SAN REMO DR,,Columbus,OH,43204
3333,W BROAD ST,17,Columbus,OH,43204
3208,VALLEY VIEW DR,,Columbus,OH,43204
3478,TREVOR DR,,Columbus,OH,43204
3333,PARKSIDE RD,,Columbus,OH,43204
327,S SOUTHAMPTON AVE,,Columbus,OH,43204
210,S SOUTHAMPTON AVE,,Columbus,OH,43204
52,S SOUTHAMPTON AVE,,Columbus,OH,43204
2474,SPAATZ AVE,,Columbus,OH,43204
398,S WAYNE AVE,,Columbus,OH,43204
357,S OAKLEY AVE,,Columbus,OH,43204
162,S OAKLEY AVE,,Columbus,OH,43204
110,S OAKLEY AVE,,Columbus,OH,43204
68,S OAKLEY AVE,,Columbus,OH,43204
2324,W BROAD ST,,Columbus,OH,43204
3191,BOWDOIN CIR,,Columbus,OH,43204
3237,MCKINLEY AVE,31,Columbus,OH,43204
1265,RIEGELWOOD LN,,Columbus,OH,43204
1220,PINNACLE DR,,Columbus,OH,43204
816,MARK PL,,Columbus,OH,43204
3186,JOAN RD,,Columbus,OH,43204
2480,HARDESTY DR S,,Columbus,OH,43204
1037,BROOKS END CT,,Columbus,OH,43204
635,S OAKLEY AVE,,Columbus,OH,43204
263,S WHEATLAND AVE,,Columbus,OH,43204
41,N WHEATLAND AVE,,Columbus,OH,43204
2235,MCKINLEY AVE,,Columbus,OH,43204
3237,MCKINLEY AVE,105,Columbus,OH,43204
3248,MIRIAM DR S,,Columbus,OH,43204
605,S WHEATLAND AVE,,Columbus,OH,43204
232,S WHEATLAND AVE,,Columbus,OH,43204
244,S WHEATLAND AVE,,Columbus,OH,43204
2353,HARDESTY DR N,,Columbus,OH,43204
137,S WESTGATE AVE,,Columbus,OH,43204
2383,W BROAD ST,,Columbus,OH,43204
2451,WICKLOW RD,,Columbus,OH,43204
3123,EL GRECO DR,,Columbus,OH,43204
3116,EL GRECO DR,,Columbus,OH,43204
3132,EL GRECO DR,,Columbus,OH,43204
3340,SULLIVANT AVE,APT,Columbus,OH,43204
1115,DEMOREST RD,,Columbus,OH,43204
85,N WILSON RD,,Columbus,OH,43204
3490,TRABUE RD,UNIT H,Columbus,OH,43204
3490,TRABUE RD,UNIT C,Columbus,OH,43204
3490,TRABUE RD,UNIT B,Columbus,OH,43204
3490,TRABUE RD,UNIT G,Columbus,OH,43204
3490,TRABUE RD,UNIT A,Columbus,OH,43204
3490,TRABUE RD,,Columbus,OH,43204
3490,TRABUE RD,UNIT E,Columbus,OH,43204
3490,TRABUE RD,UNIT D,Columbus,OH,43204
148,N WILSON RD,,Columbus,OH,43204
664,N HAGUE AVE,UNIT C,Columbus,OH,43204
664,N HAGUE AVE,UNIT D,Columbus,OH,43204
660,N HAGUE AVE,,Columbus,OH,43204
664,N HAGUE AVE,UNIT B,Columbus,OH,43204
664,N HAGUE AVE,UNIT A,Columbus,OH,43204
668,N HAGUE AVE,,Columbus,OH,43204
3164,MCKINLEY AVE,,Columbus,OH,43204
1898,QUARRY CREST DR,,Columbus,OH,43204
1595,LAKE SHORE DR,,Columbus,OH,43204
1645,LAKE SHORE DR,,Columbus,OH,43204
2468,HARRISON RD,,Columbus,OH,43204
94,I-70 E,,Columbus,OH,43204
93,I-70 W TO I-270,,Columbus,OH,43204
95,I-70 E,,Columbus,OH,43204
95,I-70 W,,Columbus,OH,43204
94,I-70 W,,Columbus,OH,43204
2804,HARRISON RD,,Columbus,OH,43204
2800,HARRISON RD,,Columbus,OH,43204
95,I-70 W OVERPASS N HAGUE AVE,,Columbus,OH,43204
95,I-70 E OVERPASS N HAGUE AVE,,Columbus,OH,43204
4361,TRABUE RD,,Columbus,OH,43204
96,I-70 E,,Columbus,OH,43204
95,I-70 W OVERPASS FISHER RD,,Columbus,OH,43204
95,I-70 E UNDERPASS HARRISON RD,,Columbus,OH,43204
95,I-70 W UNDERPASS HARRISON RD,,Columbus,OH,43204
96,I-70 E OVERPASS HARPER RD,,Columbus,OH,43204
96,I-70 W,,Columbus,OH,43204
96,I-70 W UNDERPASS I-670,,Columbus,OH,43204
95,I-70 E OVERPASS FISHER RD,,Columbus,OH,43204
96,I-70 W OVERPASS HARPER RD,,Columbus,OH,43204
125,S HARRIS AVE,,Columbus,OH,43204
272,S EUREKA AVE,,Columbus,OH,43204
243,S WHEATLAND AVE,,Columbus,OH,43204
242,S OGDEN AVE,,Columbus,OH,43204
2393,PLUM ST,,Columbus,OH,43204
276,S WHEATLAND AVE,,Columbus,OH,43204
992,N WILSON RD,,Columbus,OH,43204
2447,W MOUND ST,,Columbus,OH,43204
2449,W MOUND ST,,Columbus,OH,43204
2453,W MOUND ST,,Columbus,OH,43204
2665,QUARRY VALLEY RD,,Columbus,OH,43204
2040,QUARRY CREST DR,,Columbus,OH,43204
2645,QUARRY VALLEY RD,,Columbus,OH,43204
1906,QUARRY CREST DR,,Columbus,OH,43204
2014,QUARRY CREST DR,,Columbus,OH,43204
2775,QUARRY VALLEY RD,,Columbus,OH,43204
1940,QUARRY CREST DR,,Columbus,OH,43204
1966,QUARRY CREST DR,,Columbus,OH,43204
2769,QUARRY VALLEY RD,,Columbus,OH,43204
2667,QUARRY VALLEY RD,,Columbus,OH,43204
2555,QUARRY VALLEY RD,,Columbus,OH,43204
3000,W 5TH AVE,,Columbus,OH,43204
2707,QUARRY VALLEY RD,,Columbus,OH,43204
2585,QUARRY VALLEY RD,,Columbus,OH,43204
2797,QUARRY VALLEY RD,,Columbus,OH,43204
2637,QUARRY VALLEY RD,,Columbus,OH,43204
2655,QUARRY VALLEY RD,,Columbus,OH,43204
2010,QUARRY CREST DR,,Columbus,OH,43204
2765,QUARRY VALLEY RD,,Columbus,OH,43204
2032,QUARRY CREST DR,,Columbus,OH,43204
2799,QUARRY VALLEY RD,,Columbus,OH,43204
2036,QUARRY CREST DR,,Columbus,OH,43204
2639,QUARRY VALLEY RD,,Columbus,OH,43204
2683,QUARRY VALLEY RD,,Columbus,OH,43204
2563,QUARRY VALLEY RD,,Columbus,OH,43204
1980,QUARRY CREST DR,,Columbus,OH,43204
2687,QUARRY VALLEY RD,,Columbus,OH,43204
2605,QUARRY VALLEY RD,,Columbus,OH,43204
2567,QUARRY VALLEY RD,,Columbus,OH,43204
2599,QUARRY VALLEY RD,,Columbus,OH,43204
2046,QUARRY CREST DR,,Columbus,OH,43204
1930,QUARRY CREST DR,,Columbus,OH,43204
1948,QUARRY CREST DR,,Columbus,OH,43204
2038,QUARRY CREST DR,,Columbus,OH,43204
2725,QUARRY VALLEY RD,,Columbus,OH,43204
2625,QUARRY VALLEY RD,,Columbus,OH,43204
2008,QUARRY CREST DR,,Columbus,OH,43204
2002,QUARRY CREST DR,,Columbus,OH,43204
1994,QUARRY CREST DR,,Columbus,OH,43204
1924,QUARRY CREST DR,,Columbus,OH,43204
2609,QUARRY VALLEY RD,,Columbus,OH,43204
2795,QUARRY VALLEY RD,,Columbus,OH,43204
2597,QUARRY VALLEY RD,,Columbus,OH,43204
2006,QUARRY CREST DR,,Columbus,OH,43204
2629,QUARRY VALLEY RD,,Columbus,OH,43204
2020,QUARRY CREST DR,,Columbus,OH,43204
2759,QUARRY VALLEY RD,,Columbus,OH,43204
1964,QUARRY CREST DR,,Columbus,OH,43204
2767,QUARRY VALLEY RD,,Columbus,OH,43204
2657,QUARRY VALLEY RD,,Columbus,OH,43204
1998,QUARRY CREST DR,,Columbus,OH,43204
1970,QUARRY CREST DR,,Columbus,OH,43204
1928,QUARRY CREST DR,,Columbus,OH,43204
2675,QUARRY VALLEY RD,,Columbus,OH,43204
1952,QUARRY CREST DR,,Columbus,OH,43204
2785,QUARRY VALLEY RD,,Columbus,OH,43204
2004,QUARRY CREST DR,,Columbus,OH,43204
2729,QUARRY VALLEY RD,,Columbus,OH,43204
2593,QUARRY VALLEY RD,,Columbus,OH,43204
2577,QUARRY VALLEY RD,,Columbus,OH,43204
1956,QUARRY CREST DR,,Columbus,OH,43204
2615,QUARRY VALLEY RD,,Columbus,OH,43204
2763,QUARRY VALLEY RD,,Columbus,OH,43204
2569,QUARRY VALLEY RD,,Columbus,OH,43204
2034,QUARRY CREST DR,,Columbus,OH,43204
2633,QUARRY VALLEY RD,,Columbus,OH,43204
2717,QUARRY VALLEY RD,,Columbus,OH,43204
2719,QUARRY VALLEY RD,,Columbus,OH,43204
1916,QUARRY CREST DR,,Columbus,OH,43204
2685,QUARRY VALLEY RD,,Columbus,OH,43204
1930 1/2,QUARRY CREST DR,,Columbus,OH,43204
1992,QUARRY CREST DR,,Columbus,OH,43204
2653,QUARRY VALLEY RD,,Columbus,OH,43204
2659,QUARRY VALLEY RD,,Columbus,OH,43204
1912,QUARRY CREST DR,,Columbus,OH,43204
2647,QUARRY VALLEY RD,,Columbus,OH,43204
1920,QUARRY CREST DR,,Columbus,OH,43204
1926,QUARRY CREST DR,,Columbus,OH,43204
2713,QUARRY VALLEY RD,,Columbus,OH,43204
2705,QUARRY VALLEY RD,,Columbus,OH,43204
1968,QUARRY CREST DR,,Columbus,OH,43204
1902,QUARRY CREST DR,,Columbus,OH,43204
2695,QUARRY VALLEY RD,,Columbus,OH,43204
2000,QUARRY CREST DR,,Columbus,OH,43204
2617,QUARRY VALLEY RD,,Columbus,OH,43204
2557,QUARRY VALLEY RD,,Columbus,OH,43204
2603,QUARRY VALLEY RD,,Columbus,OH,43204
2777,QUARRY VALLEY RD,,Columbus,OH,43204
2573,QUARRY VALLEY RD,,Columbus,OH,43204
2789,QUARRY VALLEY RD,,Columbus,OH,43204
1942,QUARRY CREST DR,,Columbus,OH,43204
2028,QUARRY CREST DR,,Columbus,OH,43204
2579,QUARRY VALLEY RD,,Columbus,OH,43204
2026,QUARRY CREST DR,,Columbus,OH,43204
2723,QUARRY VALLEY RD,,Columbus,OH,43204
2715,QUARRY VALLEY RD,,Columbus,OH,43204
2663,QUARRY VALLEY RD,,Columbus,OH,43204
2727,QUARRY VALLEY RD,,Columbus,OH,43204
2607,QUARRY VALLEY RD,,Columbus,OH,43204
1958,QUARRY CREST DR,,Columbus,OH,43204
2689,QUARRY VALLEY RD,,Columbus,OH,43204
1986,QUARRY CREST DR,,Columbus,OH,43204
1900,QUARRY CREST DR,,Columbus,OH,43204
2575,QUARRY VALLEY RD,,Columbus,OH,43204
1962,QUARRY CREST DR,,Columbus,OH,43204
1954,QUARRY CREST DR,,Columbus,OH,43204
2627,QUARRY VALLEY RD,,Columbus,OH,43204
2048,QUARRY CREST DR,,Columbus,OH,43204
2697,QUARRY VALLEY RD,,Columbus,OH,43204
2050,QUARRY CREST DR,,Columbus,OH,43204
1982,QUARRY CREST DR,,Columbus,OH,43204
1988,QUARRY CREST DR,,Columbus,OH,43204
1996,QUARRY CREST DR,,Columbus,OH,43204
2623,QUARRY VALLEY RD,,Columbus,OH,43204
2753,QUARRY VALLEY RD,,Columbus,OH,43204
2635,QUARRY VALLEY RD,,Columbus,OH,43204
2757,QUARRY VALLEY RD,,Columbus,OH,43204
2565,QUARRY VALLEY RD,,Columbus,OH,43204
2699,QUARRY VALLEY RD,,Columbus,OH,43204
1908,QUARRY CREST DR,,Columbus,OH,43204
2747,QUARRY VALLEY RD,,Columbus,OH,43204
2793,QUARRY VALLEY RD,,Columbus,OH,43204
2587,QUARRY VALLEY RD,,Columbus,OH,43204
2022,QUARRY CREST DR,,Columbus,OH,43204
1918,QUARRY CREST DR,,Columbus,OH,43204
2693,QUARRY VALLEY RD,,Columbus,OH,43204
2044,QUARRY CREST DR,,Columbus,OH,43204
2677,QUARRY VALLEY RD,,Columbus,OH,43204
1914,QUARRY CREST DR,,Columbus,OH,43204
2745,QUARRY VALLEY RD,,Columbus,OH,43204
2595,QUARRY VALLEY RD,,Columbus,OH,43204
2755,QUARRY VALLEY RD,,Columbus,OH,43204
1960,QUARRY CREST DR,,Columbus,OH,43204
2787,QUARRY VALLEY RD,,Columbus,OH,43204
1922,QUARRY CREST DR,,Columbus,OH,43204
2783,QUARRY VALLEY RD,,Columbus,OH,43204
2042,QUARRY CREST DR,,Columbus,OH,43204
1946,QUARRY CREST DR,,Columbus,OH,43204
2494,STEELE AVE,,Columbus,OH,43204
23,N WESTGATE AVE,,Columbus,OH,43204
3561,SULLIVANT AVE,,Columbus,OH,43204
3000,W BROAD ST,APT B,Columbus,OH,43204
3000,W BROAD ST,APT C,Columbus,OH,43204
3000,W BROAD ST,APT A,Columbus,OH,43204
3000,W BROAD ST,APT D,Columbus,OH,43204
3004,W 5TH AVE,,Columbus,OH,43204
2760,W BROAD ST,,Columbus,OH,43204
3695,WINDWARD WAY,,Columbus,OH,43204
533,S HAGUE AVE,,Columbus,OH,43204
2402 1/2,W BROAD ST,,Columbus,OH,43204
1668,N WILSON RD,,Columbus,OH,43204
1437,CROSS CREEK DR,,Columbus,OH,43204
522,S BURGESS AVE,,Columbus,OH,43204
473,S WHEATLAND AVE,,Columbus,OH,43204
1027,BRONWYN AVE,,Columbus,OH,43204
549,S WESTGATE AVE,,Columbus,OH,43204
1396,N WILSON RD,,Columbus,OH,43204
2367,EAKIN RD,,Columbus,OH,43204
393,S WESTGATE AVE,,Columbus,OH,43204
2887,BRIGGS RD,,Columbus,OH,43204
2881,W BROAD ST,,Columbus,OH,43204
2877,W BROAD ST,,Columbus,OH,43204
2883,W BROAD ST,,Columbus,OH,43204
2369,HARRISON RD,,Columbus,OH,43204
270,N WILSON RD,,Columbus,OH,43204
2358,W BROAD ST,UNIT C,Columbus,OH,43204
2358,W BROAD ST,UNIT B,Columbus,OH,43204
2358,W BROAD ST,UNIT D,Columbus,OH,43204
2843,W MOUND ST,,Columbus,OH,43204
826,S WAYNE AVE,,Columbus,OH,43204
2527 1/2,W BROAD ST,,Columbus,OH,43204
3890,TWIN CREEKS DR,,Columbus,OH,43204
3820,TWIN CREEKS DR,,Columbus,OH,43204
3850,TWIN CREEKS DR,,Columbus,OH,43204
3840,TWIN CREEKS DR,,Columbus,OH,43204
1642,N WILSON RD,,Columbus,OH,43204
1627,GILMORE PARK AVE,CN 203,Columbus,OH,43204
1655,GILMORE PARK AVE,CN 203,Columbus,OH,43204
1581,GILMORE PARK AVE,CN 108,Columbus,OH,43204
1581,GILMORE PARK AVE,CN 103,Columbus,OH,43204
1627,GILMORE PARK AVE,CN 202,Columbus,OH,43204
1627,GILMORE PARK AVE,CN 206,Columbus,OH,43204
1610,GILMORE PARK AVE,,Columbus,OH,43204
1605,GILMORE PARK AVE,CN 107,Columbus,OH,43204
1616,GILMORE PARK AVE,,Columbus,OH,43204
1673,GILMORE PARK AVE,,Columbus,OH,43204
1655,GILMORE PARK AVE,CN 104,Columbus,OH,43204
1581,GILMORE PARK AVE,CN 106,Columbus,OH,43204
1605,GILMORE PARK AVE,CN 104,Columbus,OH,43204
1605,GILMORE PARK AVE,CN 206,Columbus,OH,43204
1655,GILMORE PARK AVE,,Columbus,OH,43204
1627,GILMORE PARK AVE,CN 108,Columbus,OH,43204
1581,GILMORE PARK AVE,CN 107,Columbus,OH,43204
1655,GILMORE PARK AVE,CN 101,Columbus,OH,43204
1605,GILMORE PARK AVE,CN 202,Columbus,OH,43204
1605,GILMORE PARK AVE,CN 102,Columbus,OH,43204
1605,GILMORE PARK AVE,CN 201,Columbus,OH,43204
1605,GILMORE PARK AVE,,Columbus,OH,43204
1605,GILMORE PARK AVE,CN 204,Columbus,OH,43204
1627,GILMORE PARK AVE,CN 106,Columbus,OH,43204
1581,GILMORE PARK AVE,CN 201,Columbus,OH,43204
1655,GILMORE PARK AVE,CN 204,Columbus,OH,43204
1655,GILMORE PARK AVE,CN 103,Columbus,OH,43204
1668,GILMORE PARK AVE,,Columbus,OH,43204
1581,GILMORE PARK AVE,CN 208,Columbus,OH,43204
1655,GILMORE PARK AVE,CN 202,Columbus,OH,43204
1581,GILMORE PARK AVE,CN 104,Columbus,OH,43204
1581,GILMORE PARK AVE,CN 105,Columbus,OH,43204
1655,GILMORE PARK AVE,CN 102,Columbus,OH,43204
1581,GILMORE PARK AVE,CN 205,Columbus,OH,43204
1627,GILMORE PARK AVE,CN 104,Columbus,OH,43204
1581,GILMORE PARK AVE,CN 203,Columbus,OH,43204
1570,N WILSON RD,,Columbus,OH,43204
1605,GILMORE PARK AVE,CN 203,Columbus,OH,43204
1646,N WILSON RD,,Columbus,OH,43204
1605,GILMORE PARK AVE,CN 108,Columbus,OH,43204
1605,GILMORE PARK AVE,CN 207,Columbus,OH,43204
1581,GILMORE PARK AVE,CN 102,Columbus,OH,43204
1627,GILMORE PARK AVE,CN 105,Columbus,OH,43204
1662,GILMORE PARK AVE,,Columbus,OH,43204
1627,GILMORE PARK AVE,CN 107,Columbus,OH,43204
1627,GILMORE PARK AVE,,Columbus,OH,43204
1605,GILMORE PARK AVE,CN 103,Columbus,OH,43204
1627,GILMORE PARK AVE,CN 205,Columbus,OH,43204
1612,GILMORE PARK AVE,,Columbus,OH,43204
1581,GILMORE PARK AVE,CN 204,Columbus,OH,43204
1627,GILMORE PARK AVE,CN 201,Columbus,OH,43204
1627,GILMORE PARK AVE,CN 207,Columbus,OH,43204
1581,GILMORE PARK AVE,CN 202,Columbus,OH,43204
1581,GILMORE PARK AVE,CN 206,Columbus,OH,43204
1655,GILMORE PARK AVE,CN 201,Columbus,OH,43204
1605,GILMORE PARK AVE,CN 101,Columbus,OH,43204
1581,GILMORE PARK AVE,CN 207,Columbus,OH,43204
1605,GILMORE PARK AVE,CN 208,Columbus,OH,43204
1605,GILMORE PARK AVE,CN 106,Columbus,OH,43204
2985,VALLEY VIEW DR,,Columbus,OH,43204
1605,GILMORE PARK AVE,CN 205,Columbus,OH,43204
1671,GILMORE PARK AVE,,Columbus,OH,43204
1605,GILMORE PARK AVE,CN 105,Columbus,OH,43204
1576,GILMORE PARK AVE,,Columbus,OH,43204
1627,GILMORE PARK AVE,CN 101,Columbus,OH,43204
1581,GILMORE PARK AVE,CN 101,Columbus,OH,43204
1627,GILMORE PARK AVE,CN 208,Columbus,OH,43204
1581,GILMORE PARK AVE,,Columbus,OH,43204
1627,GILMORE PARK AVE,CN 204,Columbus,OH,43204
1627,GILMORE PARK AVE,CN 103,Columbus,OH,43204
1627,GILMORE PARK AVE,CN 102,Columbus,OH,43204
363,N EUREKA AVE,,Columbus,OH,43204
3600,TRABUE RD,,Columbus,OH,43204
3590,TRABUE RD,,Columbus,OH,43204
607,ATHENS AVE,,Columbus,OH,43204
770,HARRISON DR,UNIT G1,Columbus,OH,43204
1311,STORMY LN,APT 201,Columbus,OH,43204
1311,STORMY LN,APT 204,Columbus,OH,43204
1312,STORMY LN,APT 202,Columbus,OH,43204
1355,STORMY LN,APT 201,Columbus,OH,43204
2911,GOODEN WAY,,Columbus,OH,43204
1312,STORMY LN,,Columbus,OH,43204
2907,GOODEN WAY,,Columbus,OH,43204
1312,STORMY LN,APT 304,Columbus,OH,43204
1402,STORMY LN,,Columbus,OH,43204
1326,STORMY LN,APT 303,Columbus,OH,43204
1392,STORMY LN,,Columbus,OH,43204
2960,GOODEN WAY,,Columbus,OH,43204
1350,TRAUNER DR,,Columbus,OH,43204
2982,GOODEN WAY,,Columbus,OH,43204
1297,TRAUNER DR,,Columbus,OH,43204
2903,GOODEN WAY,,Columbus,OH,43204
2901,GOODEN WAY,,Columbus,OH,43204
1363,TRAUNER DR,,Columbus,OH,43204
1326,STORMY LN,,Columbus,OH,43204
1326,STORMY LN,APT 301,Columbus,OH,43204
1311,STORMY LN,APT 303,Columbus,OH,43204
1367,TRAUNER DR,,Columbus,OH,43204
1325,STORMY LN,APT 203,Columbus,OH,43204
1361,TRAUNER DR,,Columbus,OH,43204
1331,TRAUNER DR,,Columbus,OH,43204
1338,TRAUNER DR,,Columbus,OH,43204
1355,TRAUNER DR,,Columbus,OH,43204
1369,STORMY LN,APT 303,Columbus,OH,43204
2971,GOODEN WAY,,Columbus,OH,43204
1351,TRAUNER DR,,Columbus,OH,43204
1355,STORMY LN,APT 202,Columbus,OH,43204
2967,GOODEN WAY,,Columbus,OH,43204
1305,STORMY LN,,Columbus,OH,43204
2973,GOODEN WAY,,Columbus,OH,43204
1364,STORMY LN,,Columbus,OH,43204
2998,GOODEN WAY,,Columbus,OH,43204
1369,STORMY LN,APT 302,Columbus,OH,43204
2992,GOODEN WAY,APT 202,Columbus,OH,43204
2991,GOODEN WAY,APT 302,Columbus,OH,43204
3278,LOWELL DR,,Columbus,OH,43204
1369,STORMY LN,APT 204,Columbus,OH,43204
1332,TRAUNER DR,,Columbus,OH,43204
1338,STORMY LN,,Columbus,OH,43204
2947,GOODEN WAY,,Columbus,OH,43204
1360,STORMY LN,,Columbus,OH,43204
1340,STORMY LN,,Columbus,OH,43204
1355,STORMY LN,APT 302,Columbus,OH,43204
2955,GOODEN WAY,,Columbus,OH,43204
1369,STORMY LN,APT 201,Columbus,OH,43204
2899,GOODEN WAY,,Columbus,OH,43204
1388,STORMY LN,,Columbus,OH,43204
1312,STORMY LN,APT 102,Columbus,OH,43204
1312,STORMY LN,APT 101,Columbus,OH,43204
1353,TRAUNER DR,,Columbus,OH,43204
2991,GOODEN WAY,APT 201,Columbus,OH,43204
2953,GOODEN WAY,,Columbus,OH,43204
1355,STORMY LN,APT 301,Columbus,OH,43204
1370,STORMY LN,,Columbus,OH,43204
1378,STORMY LN,,Columbus,OH,43204
1369,STORMY LN,APT 103,Columbus,OH,43204
1326,STORMY LN,APT 202,Columbus,OH,43204
1325,STORMY LN,,Columbus,OH,43204
2927,GOODEN WAY,,Columbus,OH,43204
1358,STORMY LN,,Columbus,OH,43204
3881,TWIN CREEKS DR,,Columbus,OH,43204
1344,STORMY LN,,Columbus,OH,43204
1311,STORMY LN,APT 101,Columbus,OH,43204
2917,GOODEN WAY,,Columbus,OH,43204
2931,GOODEN WAY,,Columbus,OH,43204
1396,STORMY LN,,Columbus,OH,43204
1365,TRAUNER DR,,Columbus,OH,43204
1386,STORMY LN,,Columbus,OH,43204
1325,STORMY LN,APT 302,Columbus,OH,43204
2961,GOODEN WAY,,Columbus,OH,43204
1334,STORMY LN,,Columbus,OH,43204
1357,TRAUNER DR,,Columbus,OH,43204
1325,STORMY LN,APT 204,Columbus,OH,43204
2949,GOODEN WAY,,Columbus,OH,43204
1348,STORMY LN,,Columbus,OH,43204
1382,STORMY LN,,Columbus,OH,43204
1311,STORMY LN,APT 202,Columbus,OH,43204
1326,STORMY LN,APT 204,Columbus,OH,43204
1326,STORMY LN,APT 101,Columbus,OH,43204
3000,GOODEN WAY,,Columbus,OH,43204
1328,TRAUNER DR,,Columbus,OH,43204
1326,STORMY LN,APT 203,Columbus,OH,43204
3004,GOODEN WAY,,Columbus,OH,43204
1390,STORMY LN,,Columbus,OH,43204
1355,STORMY LN,,Columbus,OH,43204
1325,STORMY LN,APT 201,Columbus,OH,43204
2991,GOODEN WAY,,Columbus,OH,43204
1349,STORMY LN,,Columbus,OH,43204
2977,GOODEN WAY,,Columbus,OH,43204
1354,STORMY LN,,Columbus,OH,43204
2991,GOODEN WAY,APT 202,Columbus,OH,43204
1311,STORMY LN,APT 102,Columbus,OH,43204
1366,STORMY LN,,Columbus,OH,43204
1355,STORMY LN,APT 204,Columbus,OH,43204
1325,STORMY LN,APT 104,Columbus,OH,43204
2897,GOODEN WAY,,Columbus,OH,43204
2986,GOODEN WAY,,Columbus,OH,43204
1355,STORMY LN,APT 103,Columbus,OH,43204
1342,TRAUNER DR,,Columbus,OH,43204
1332,GOODEN WAY,,Columbus,OH,43204
2915,GOODEN WAY,,Columbus,OH,43204
2997,GOODEN WAY,,Columbus,OH,43204
1334,TRAUNER DR,,Columbus,OH,43204
3883,TWIN CREEKS DR,,Columbus,OH,43204
1350,STORMY LN,,Columbus,OH,43204
1312,STORMY LN,APT 103,Columbus,OH,43204
2959,GOODEN WAY,,Columbus,OH,43204
2933,GOODEN WAY,,Columbus,OH,43204
2996,GOODEN WAY,,Columbus,OH,43204
1324,TRAUNER DR,,Columbus,OH,43204
1346,STORMY LN,,Columbus,OH,43204
2991,GOODEN WAY,APT 301,Columbus,OH,43204
1359,TRAUNER DR,,Columbus,OH,43204
1369,STORMY LN,APT 203,Columbus,OH,43204
1312,STORMY LN,APT 301,Columbus,OH,43204
1312,STORMY LN,APT 302,Columbus,OH,43204
1311,STORMY LN,,Columbus,OH,43204
2963,GOODEN WAY,,Columbus,OH,43204
1371,TRAUNER DR,,Columbus,OH,43204
1340,TRAUNER DR,,Columbus,OH,43204
1380,STORMY LN,,Columbus,OH,43204
1369,STORMY LN,APT 301,Columbus,OH,43204
2965,GOODEN WAY,,Columbus,OH,43204
1326,STORMY LN,APT 302,Columbus,OH,43204
1311,STORMY LN,APT 103,Columbus,OH,43204
1355,STORMY LN,APT 303,Columbus,OH,43204
2975,GOODEN WAY,,Columbus,OH,43204
1325,STORMY LN,APT 102,Columbus,OH,43204
1311,STORMY LN,APT 302,Columbus,OH,43204
1325,STORMY LN,APT 304,Columbus,OH,43204
2913,GOODEN WAY,,Columbus,OH,43204
1325,STORMY LN,APT 202,Columbus,OH,43204
1274,N HAGUE AVE,,Columbus,OH,43204
1355,STORMY LN,APT 102,Columbus,OH,43204
2988,GOODEN WAY,,Columbus,OH,43204
2992,GOODEN WAY,APT 201,Columbus,OH,43204
1325,STORMY LN,APT 101,Columbus,OH,43204
2993,GOODEN WAY,,Columbus,OH,43204
1369,STORMY LN,APT 101,Columbus,OH,43204
1311,STORMY LN,APT 301,Columbus,OH,43204
1373,TRAUNER DR,,Columbus,OH,43204
1355,STORMY LN,APT 304,Columbus,OH,43204
1325,STORMY LN,APT 301,Columbus,OH,43204
2943,GOODEN WAY,,Columbus,OH,43204
2984,GOODEN WAY,,Columbus,OH,43204
1345,TRAUNER DR,,Columbus,OH,43204
2981,GOODEN WAY,,Columbus,OH,43204
2990,GOODEN WAY,,Columbus,OH,43204
1368,STORMY LN,,Columbus,OH,43204
1336,TRAUNER DR,,Columbus,OH,43204
1355,STORMY LN,APT 203,Columbus,OH,43204
2994,GOODEN WAY,,Columbus,OH,43204
1326,STORMY LN,APT 104,Columbus,OH,43204
1312,STORMY LN,APT 203,Columbus,OH,43204
1311,STORMY LN,APT 104,Columbus,OH,43204
1311,STORMY LN,APT 203,Columbus,OH,43204
2939,GOODEN WAY,,Columbus,OH,43204
2969,GOODEN WAY,,Columbus,OH,43204
2945,GOODEN WAY,,Columbus,OH,43204
1312,STORMY LN,APT 303,Columbus,OH,43204
2989,GOODEN WAY,,Columbus,OH,43204
1344,TRAUNER DR,,Columbus,OH,43204
1369,STORMY LN,APT 304,Columbus,OH,43204
1326,STORMY LN,APT 103,Columbus,OH,43204
1369,STORMY LN,APT 202,Columbus,OH,43204
2935,GOODEN WAY,,Columbus,OH,43204
1326,STORMY LN,APT 304,Columbus,OH,43204
1398,STORMY LN,,Columbus,OH,43204
1369,TRAUNER DR,,Columbus,OH,43204
2925,GOODEN WAY,,Columbus,OH,43204
2983,GOODEN WAY,,Columbus,OH,43204
1311,STORMY LN,APT 304,Columbus,OH,43204
1312,STORMY LN,APT 104,Columbus,OH,43204
1372,STORMY LN,,Columbus,OH,43204
1375,TRAUNER DR,,Columbus,OH,43204
1312,STORMY LN,APT 204,Columbus,OH,43204
2941,GOODEN WAY,,Columbus,OH,43204
2992,GOODEN WAY,APT 301,Columbus,OH,43204
1342,STORMY LN,,Columbus,OH,43204
1355,STORMY LN,APT 101,Columbus,OH,43204
2929,GOODEN WAY,,Columbus,OH,43204
1346,TRAUNER DR,,Columbus,OH,43204
2905,GOODEN WAY,,Columbus,OH,43204
1369,STORMY LN,APT 102,Columbus,OH,43204
2995,GOODEN WAY,,Columbus,OH,43204
1384,STORMY LN,,Columbus,OH,43204
1374,STORMY LN,,Columbus,OH,43204
1326,STORMY LN,APT 201,Columbus,OH,43204
1400,STORMY LN,,Columbus,OH,43204
2921,GOODEN WAY,,Columbus,OH,43204
1330,TRAUNER DR,,Columbus,OH,43204
2937,GOODEN WAY,,Columbus,OH,43204
3001,GOODEN WAY,,Columbus,OH,43204
1369,STORMY LN,,Columbus,OH,43204
2909,GOODEN WAY,,Columbus,OH,43204
1325,STORMY LN,APT 103,Columbus,OH,43204
2919,GOODEN WAY,,Columbus,OH,43204
1312,STORMY LN,APT 201,Columbus,OH,43204
1352,STORMY LN,,Columbus,OH,43204
1326,TRAUNER DR,,Columbus,OH,43204
1325,STORMY LN,APT 303,Columbus,OH,43204
1355,STORMY LN,APT 104,Columbus,OH,43204
2987,GOODEN WAY,,Columbus,OH,43204
2985,GOODEN WAY,,Columbus,OH,43204
2999,GOODEN WAY,,Columbus,OH,43204
3003,GOODEN WAY,,Columbus,OH,43204
3002,GOODEN WAY,,Columbus,OH,43204
1362,STORMY LN,,Columbus,OH,43204
1326,STORMY LN,APT 102,Columbus,OH,43204
2992,GOODEN WAY,APT 302,Columbus,OH,43204
2957,GOODEN WAY,,Columbus,OH,43204
1369,STORMY LN,APT 104,Columbus,OH,43204
1394,STORMY LN,,Columbus,OH,43204
2664,FISHER RD,,Columbus,OH,43204
1320,TRAUNER DR,,Columbus,OH,43204
3560,CLIME RD,UNIT E,Columbus,OH,43204
3570,CLIME RD,UNIT A,Columbus,OH,43204
3570,CLIME RD,UNIT B,Columbus,OH,43204
3570,CLIME RD,,Columbus,OH,43204
3560,CLIME RD,UNIT D,Columbus,OH,43204
3570,CLIME RD,UNIT E,Columbus,OH,43204
2956,GOODEN WAY,,Columbus,OH,43204
3570,CLIME RD,UNIT D,Columbus,OH,43204
3570,CLIME RD,UNIT F,Columbus,OH,43204
3570,CLIME RD,UNIT G,Columbus,OH,43204
3570,CLIME RD,UNIT H,Columbus,OH,43204
3570,CLIME RD,UNIT C,Columbus,OH,43204
690,HARRISON DR,,Columbus,OH,43204
2586,SULLIVANT AVE,,Columbus,OH,43204
2407,STEELE AVE,,Columbus,OH,43204
2196,MCKINLEY AVE,,Columbus,OH,43204
2438,HARRISON RD,,Columbus,OH,43204
2589,FISHER RD,,Columbus,OH,43204
2585,FISHER RD,,Columbus,OH,43204
2905,ANGELO JOSEPH LN,,Columbus,OH,43204
3020,ANGELO JOSEPH LN,,Columbus,OH,43204
2954,ANGELO JOSEPH LN,,Columbus,OH,43204
2964,ANGELO JOSEPH LN,,Columbus,OH,43204
2895,ANGELO JOSEPH LN,,Columbus,OH,43204
2935,ANGELO JOSEPH LN,,Columbus,OH,43204
2961,ANGELO JOSEPH LN,,Columbus,OH,43204
3229,MCKINLEY AVE,,Columbus,OH,43204
2991,ANGELO JOSEPH LN,,Columbus,OH,43204
2981,ANGELO JOSEPH LN,,Columbus,OH,43204
2914,ANGELO JOSEPH LN,,Columbus,OH,43204
2966,ANGELO JOSEPH LN,,Columbus,OH,43204
2900,ANGELO JOSEPH LN,,Columbus,OH,43204
3225,MCKINLEY AVE,,Columbus,OH,43204
3001,ANGELO JOSEPH LN,,Columbus,OH,43204
3024,ANGELO JOSEPH LN,,Columbus,OH,43204
2910,ANGELO JOSEPH LN,,Columbus,OH,43204
2915,ANGELO JOSEPH LN,,Columbus,OH,43204
3141,MCKINLEY AVE,,Columbus,OH,43204
2956,ANGELO JOSEPH LN,,Columbus,OH,43204
2960,ANGELO JOSEPH LN,,Columbus,OH,43204
2925,ANGELO JOSEPH LN,,Columbus,OH,43204
3231,MCKINLEY AVE,,Columbus,OH,43204
3028,ANGELO JOSEPH LN,,Columbus,OH,43204
3255,MCKINLEY AVE,APT 340,Columbus,OH,43204
3255,MCKINLEY AVE,APT 228,Columbus,OH,43204
3255,MCKINLEY AVE,APT 438,Columbus,OH,43204
3255,MCKINLEY AVE,APT 163,Columbus,OH,43204
3255,MCKINLEY AVE,APT 439,Columbus,OH,43204
3255,MCKINLEY AVE,APT 368,Columbus,OH,43204
3255,MCKINLEY AVE,APT 215,Columbus,OH,43204
3255,MCKINLEY AVE,APT 433,Columbus,OH,43204
3255,MCKINLEY AVE,APT 110,Columbus,OH,43204
3255,MCKINLEY AVE,APT 148,Columbus,OH,43204
3255,MCKINLEY AVE,APT 457,Columbus,OH,43204
3255,MCKINLEY AVE,APT 129,Columbus,OH,43204
3255,MCKINLEY AVE,APT 416,Columbus,OH,43204
3255,MCKINLEY AVE,APT 424,Columbus,OH,43204
3255,MCKINLEY AVE,APT 112,Columbus,OH,43204
3255,MCKINLEY AVE,APT 107,Columbus,OH,43204
3255,MCKINLEY AVE,APT 360,Columbus,OH,43204
3255,MCKINLEY AVE,APT 263,Columbus,OH,43204
3255,MCKINLEY AVE,APT 233,Columbus,OH,43204
3255,MCKINLEY AVE,APT 115,Columbus,OH,43204
3255,MCKINLEY AVE,APT 246,Columbus,OH,43204
3255,MCKINLEY AVE,APT 465,Columbus,OH,43204
3255,MCKINLEY AVE,APT 117,Columbus,OH,43204
3255,MCKINLEY AVE,APT 140,Columbus,OH,43204
3255,MCKINLEY AVE,APT 414,Columbus,OH,43204
3255,MCKINLEY AVE,APT 313,Columbus,OH,43204
3255,MCKINLEY AVE,APT 143,Columbus,OH,43204
3255,MCKINLEY AVE,APT 130,Columbus,OH,43204
3255,MCKINLEY AVE,APT 322,Columbus,OH,43204
3255,MCKINLEY AVE,APT 168,Columbus,OH,43204
3255,MCKINLEY AVE,APT 231,Columbus,OH,43204
3255,MCKINLEY AVE,APT 105,Columbus,OH,43204
3255,MCKINLEY AVE,APT 459,Columbus,OH,43204
3255,MCKINLEY AVE,APT 346,Columbus,OH,43204
3255,MCKINLEY AVE,APT 150,Columbus,OH,43204
3271,MCKINLEY AVE,,Columbus,OH,43204
3255,MCKINLEY AVE,APT 307,Columbus,OH,43204
3255,MCKINLEY AVE,APT 449,Columbus,OH,43204
3255,MCKINLEY AVE,APT 261,Columbus,OH,43204
3255,MCKINLEY AVE,APT 331,Columbus,OH,43204
3255,MCKINLEY AVE,APT 462,Columbus,OH,43204
3255,MCKINLEY AVE,APT 243,Columbus,OH,43204
3255,MCKINLEY AVE,APT 256,Columbus,OH,43204
3255,MCKINLEY AVE,APT 418,Columbus,OH,43204
3255,MCKINLEY AVE,APT 106,Columbus,OH,43204
3255,MCKINLEY AVE,APT 444,Columbus,OH,43204
3255,MCKINLEY AVE,APT 249,Columbus,OH,43204
3255,MCKINLEY AVE,APT 320,Columbus,OH,43204
3255,MCKINLEY AVE,APT 356,Columbus,OH,43204
3255,MCKINLEY AVE,APT 205,Columbus,OH,43204
3255,MCKINLEY AVE,APT 206,Columbus,OH,43204
3255,MCKINLEY AVE,APT 453,Columbus,OH,43204
3255,MCKINLEY AVE,APT 224,Columbus,OH,43204
3255,MCKINLEY AVE,APT 319,Columbus,OH,43204
3255,MCKINLEY AVE,APT 156,Columbus,OH,43204
3255,MCKINLEY AVE,APT 232,Columbus,OH,43204
3255,MCKINLEY AVE,APT 212,Columbus,OH,43204
3255,MCKINLEY AVE,APT 159,Columbus,OH,43204
3255,MCKINLEY AVE,APT 165,Columbus,OH,43204
3255,MCKINLEY AVE,APT 354,Columbus,OH,43204
3255,MCKINLEY AVE,APT 310,Columbus,OH,43204
3255,MCKINLEY AVE,APT 441,Columbus,OH,43204
3237,MCKINLEY AVE,,Columbus,OH,43204
3255,MCKINLEY AVE,APT 451,Columbus,OH,43204
3255,MCKINLEY AVE,APT 415,Columbus,OH,43204
3255,MCKINLEY AVE,APT 365,Columbus,OH,43204
3255,MCKINLEY AVE,APT 362,Columbus,OH,43204
3255,MCKINLEY AVE,APT 167,Columbus,OH,43204
3255,MCKINLEY AVE,APT 154,Columbus,OH,43204
3255,MCKINLEY AVE,APT 202,Columbus,OH,43204
3255,MCKINLEY AVE,APT 268,Columbus,OH,43204
3255,MCKINLEY AVE,APT 241,Columbus,OH,43204
3255,MCKINLEY AVE,APT 207,Columbus,OH,43204
3255,MCKINLEY AVE,APT 155,Columbus,OH,43204
3255,MCKINLEY AVE,APT 404,Columbus,OH,43204
3255,MCKINLEY AVE,APT 258,Columbus,OH,43204
3255,MCKINLEY AVE,APT 412,Columbus,OH,43204
3255,MCKINLEY AVE,APT 402,Columbus,OH,43204
3255,MCKINLEY AVE,APT 123,Columbus,OH,43204
3255,MCKINLEY AVE,APT 454,Columbus,OH,43204
3255,MCKINLEY AVE,APT 317,Columbus,OH,43204
3255,MCKINLEY AVE,APT 336,Columbus,OH,43204
3255,MCKINLEY AVE,APT 160,Columbus,OH,43204
3275,MCKINLEY AVE,,Columbus,OH,43204
3251,MCKINLEY AVE,,Columbus,OH,43204
3255,MCKINLEY AVE,APT 203,Columbus,OH,43204
3255,MCKINLEY AVE,APT 366,Columbus,OH,43204
3255,MCKINLEY AVE,APT 244,Columbus,OH,43204
3255,MCKINLEY AVE,APT 455,Columbus,OH,43204
3255,MCKINLEY AVE,APT 428,Columbus,OH,43204
3255,MCKINLEY AVE,,Columbus,OH,43204
3255,MCKINLEY AVE,APT 266,Columbus,OH,43204
3255,MCKINLEY AVE,APT 427,Columbus,OH,43204
3255,MCKINLEY AVE,APT 108,Columbus,OH,43204
3255,MCKINLEY AVE,APT 312,Columbus,OH,43204
3241,MCKINLEY AVE,,Columbus,OH,43204
3255,MCKINLEY AVE,APT 153,Columbus,OH,43204
3255,MCKINLEY AVE,APT 358,Columbus,OH,43204
3255,MCKINLEY AVE,APT 113,Columbus,OH,43204
3255,MCKINLEY AVE,APT 208,Columbus,OH,43204
3255,MCKINLEY AVE,APT 413,Columbus,OH,43204
3255,MCKINLEY AVE,APT 469,Columbus,OH,43204
3255,MCKINLEY AVE,APT 164,Columbus,OH,43204
3255,MCKINLEY AVE,APT 138,Columbus,OH,43204
3255,MCKINLEY AVE,APT 333,Columbus,OH,43204
3255,MCKINLEY AVE,APT 217,Columbus,OH,43204
3255,MCKINLEY AVE,APT 166,Columbus,OH,43204
3255,MCKINLEY AVE,APT 369,Columbus,OH,43204
3255,MCKINLEY AVE,APT 201,Columbus,OH,43204
3255,MCKINLEY AVE,APT 464,Columbus,OH,43204
3255,MCKINLEY AVE,APT 302,Columbus,OH,43204
3255,MCKINLEY AVE,APT 421,Columbus,OH,43204
3255,MCKINLEY AVE,APT 348,Columbus,OH,43204
3255,MCKINLEY AVE,APT 226,Columbus,OH,43204
3255,MCKINLEY AVE,APT 436,Columbus,OH,43204
3255,MCKINLEY AVE,APT 314,Columbus,OH,43204
3255,MCKINLEY AVE,APT 448,Columbus,OH,43204
3245,MCKINLEY AVE,,Columbus,OH,43204
3255,MCKINLEY AVE,APT 255,Columbus,OH,43204
3255,MCKINLEY AVE,APT 363,Columbus,OH,43204
3255,MCKINLEY AVE,APT 220,Columbus,OH,43204
3255,MCKINLEY AVE,APT 329,Columbus,OH,43204
3255,MCKINLEY AVE,APT 334,Columbus,OH,43204
3255,MCKINLEY AVE,APT 104,Columbus,OH,43204
3255,MCKINLEY AVE,APT 216,Columbus,OH,43204
3255,MCKINLEY AVE,APT 142,Columbus,OH,43204
3255,MCKINLEY AVE,APT 323,Columbus,OH,43204
3255,MCKINLEY AVE,APT 352,Columbus,OH,43204
3249,MCKINLEY AVE,,Columbus,OH,43204
3255,MCKINLEY AVE,APT 116,Columbus,OH,43204
3265,MCKINLEY AVE,,Columbus,OH,43204
3255,MCKINLEY AVE,APT 426,Columbus,OH,43204
3255,MCKINLEY AVE,APT 118,Columbus,OH,43204
3255,MCKINLEY AVE,APT 434,Columbus,OH,43204
3255,MCKINLEY AVE,APT 338,Columbus,OH,43204
3255,MCKINLEY AVE,APT 443,Columbus,OH,43204
3255,MCKINLEY AVE,APT 239,Columbus,OH,43204
3255,MCKINLEY AVE,APT 359,Columbus,OH,43204
3255,MCKINLEY AVE,APT 146,Columbus,OH,43204
3255,MCKINLEY AVE,APT 332,Columbus,OH,43204
3255,MCKINLEY AVE,APT 238,Columbus,OH,43204
3255,MCKINLEY AVE,APT 211,Columbus,OH,43204
3255,MCKINLEY AVE,APT 364,Columbus,OH,43204
3255,MCKINLEY AVE,APT 221,Columbus,OH,43204
3255,MCKINLEY AVE,APT 147,Columbus,OH,43204
3255,MCKINLEY AVE,APT 460,Columbus,OH,43204
3255,MCKINLEY AVE,APT 141,Columbus,OH,43204
3255,MCKINLEY AVE,APT 349,Columbus,OH,43204
3255,MCKINLEY AVE,APT 445,Columbus,OH,43204
3255,MCKINLEY AVE,APT 321,Columbus,OH,43204
3255,MCKINLEY AVE,APT 461,Columbus,OH,43204
3255,MCKINLEY AVE,APT 417,Columbus,OH,43204
3255,MCKINLEY AVE,APT 303,Columbus,OH,43204
3255,MCKINLEY AVE,APT 408,Columbus,OH,43204
3255,MCKINLEY AVE,APT 311,Columbus,OH,43204
3263,MCKINLEY AVE,,Columbus,OH,43204
3255,MCKINLEY AVE,APT 419,Columbus,OH,43204
3255,MCKINLEY AVE,APT 318,Columbus,OH,43204
3255,MCKINLEY AVE,APT 269,Columbus,OH,43204
3255,MCKINLEY AVE,APT 127,Columbus,OH,43204
3255,MCKINLEY AVE,APT 144,Columbus,OH,43204
3255,MCKINLEY AVE,APT 254,Columbus,OH,43204
3255,MCKINLEY AVE,APT 350,Columbus,OH,43204
3255,MCKINLEY AVE,APT 345,Columbus,OH,43204
3255,MCKINLEY AVE,APT 157,Columbus,OH,43204
3255,MCKINLEY AVE,APT 120,Columbus,OH,43204
3255,MCKINLEY AVE,APT 316,Columbus,OH,43204
3255,MCKINLEY AVE,APT 169,Columbus,OH,43204
3255,MCKINLEY AVE,APT 431,Columbus,OH,43204
3255,MCKINLEY AVE,APT 337,Columbus,OH,43204
3255,MCKINLEY AVE,APT 325,Columbus,OH,43204
3255,MCKINLEY AVE,APT 119,Columbus,OH,43204
3255,MCKINLEY AVE,APT 124,Columbus,OH,43204
3255,MCKINLEY AVE,APT 218,Columbus,OH,43204
3255,MCKINLEY AVE,APT 122,Columbus,OH,43204
3255,MCKINLEY AVE,APT 347,Columbus,OH,43204
3255,MCKINLEY AVE,APT 262,Columbus,OH,43204
3255,MCKINLEY AVE,APT 240,Columbus,OH,43204
3255,MCKINLEY AVE,APT 139,Columbus,OH,43204
3255,MCKINLEY AVE,APT 343,Columbus,OH,43204
3255,MCKINLEY AVE,APT 131,Columbus,OH,43204
3279,MCKINLEY AVE,,Columbus,OH,43204
3255,MCKINLEY AVE,APT 245,Columbus,OH,43204
3255,MCKINLEY AVE,APT 435,Columbus,OH,43204
3255,MCKINLEY AVE,APT 101,Columbus,OH,43204
3255,MCKINLEY AVE,APT 410,Columbus,OH,43204
3255,MCKINLEY AVE,APT 149,Columbus,OH,43204
3255,MCKINLEY AVE,APT 102,Columbus,OH,43204
3255,MCKINLEY AVE,APT 204,Columbus,OH,43204
3255,MCKINLEY AVE,APT 430,Columbus,OH,43204
3255,MCKINLEY AVE,APT 158,Columbus,OH,43204
3255,MCKINLEY AVE,APT 250,Columbus,OH,43204
3255,MCKINLEY AVE,APT 330,Columbus,OH,43204
3255,MCKINLEY AVE,APT 214,Columbus,OH,43204
3259,MCKINLEY AVE,,Columbus,OH,43204
3255,MCKINLEY AVE,APT 342,Columbus,OH,43204
3233,MCKINLEY AVE,,Columbus,OH,43204
3255,MCKINLEY AVE,APT 227,Columbus,OH,43204
3255,MCKINLEY AVE,APT 456,Columbus,OH,43204
3255,MCKINLEY AVE,APT 260,Columbus,OH,43204
3255,MCKINLEY AVE,APT 145,Columbus,OH,43204
3255,MCKINLEY AVE,APT 432,Columbus,OH,43204
3255,MCKINLEY AVE,APT 447,Columbus,OH,43204
3255,MCKINLEY AVE,APT 429,Columbus,OH,43204
3255,MCKINLEY AVE,APT 425,Columbus,OH,43204
3255,MCKINLEY AVE,APT 463,Columbus,OH,43204
3255,MCKINLEY AVE,APT 126,Columbus,OH,43204
3255,MCKINLEY AVE,APT 437,Columbus,OH,43204
3255,MCKINLEY AVE,APT 109,Columbus,OH,43204
3255,MCKINLEY AVE,APT 114,Columbus,OH,43204
3255,MCKINLEY AVE,APT 264,Columbus,OH,43204
3255,MCKINLEY AVE,APT 468,Columbus,OH,43204
3255,MCKINLEY AVE,APT 341,Columbus,OH,43204
3255,MCKINLEY AVE,APT 301,Columbus,OH,43204
3255,MCKINLEY AVE,APT 327,Columbus,OH,43204
3255,MCKINLEY AVE,APT 339,Columbus,OH,43204
3255,MCKINLEY AVE,APT 466,Columbus,OH,43204
3255,MCKINLEY AVE,APT 420,Columbus,OH,43204
3255,MCKINLEY AVE,APT 103,Columbus,OH,43204
3255,MCKINLEY AVE,APT 335,Columbus,OH,43204
3255,MCKINLEY AVE,APT 121,Columbus,OH,43204
3255,MCKINLEY AVE,APT 411,Columbus,OH,43204
3255,MCKINLEY AVE,APT 223,Columbus,OH,43204
3255,MCKINLEY AVE,APT 242,Columbus,OH,43204
3255,MCKINLEY AVE,APT 309,Columbus,OH,43204
3255,MCKINLEY AVE,APT 267,Columbus,OH,43204
3255,MCKINLEY AVE,APT 357,Columbus,OH,43204
3255,MCKINLEY AVE,APT 213,Columbus,OH,43204
3255,MCKINLEY AVE,APT 128,Columbus,OH,43204
3255,MCKINLEY AVE,APT 162,Columbus,OH,43204
3255,MCKINLEY AVE,APT 367,Columbus,OH,43204
3255,MCKINLEY AVE,APT 308,Columbus,OH,43204
3255,MCKINLEY AVE,APT 401,Columbus,OH,43204
3255,MCKINLEY AVE,APT 133,Columbus,OH,43204
3255,MCKINLEY AVE,APT 326,Columbus,OH,43204
3255,MCKINLEY AVE,APT 353,Columbus,OH,43204
3255,MCKINLEY AVE,APT 253,Columbus,OH,43204
3255,MCKINLEY AVE,APT 328,Columbus,OH,43204
3255,MCKINLEY AVE,APT 151,Columbus,OH,43204
3255,MCKINLEY AVE,APT 452,Columbus,OH,43204
3255,MCKINLEY AVE,APT 209,Columbus,OH,43204
3255,MCKINLEY AVE,APT 361,Columbus,OH,43204
3255,MCKINLEY AVE,APT 111,Columbus,OH,43204
3255,MCKINLEY AVE,APT 351,Columbus,OH,43204
3255,MCKINLEY AVE,APT 403,Columbus,OH,43204
3255,MCKINLEY AVE,APT 259,Columbus,OH,43204
3255,MCKINLEY AVE,APT 222,Columbus,OH,43204
3255,MCKINLEY AVE,APT 152,Columbus,OH,43204
3255,MCKINLEY AVE,APT 446,Columbus,OH,43204
3255,MCKINLEY AVE,APT 467,Columbus,OH,43204
3255,MCKINLEY AVE,APT 407,Columbus,OH,43204
3255,MCKINLEY AVE,APT 315,Columbus,OH,43204
3255,MCKINLEY AVE,APT 161,Columbus,OH,43204
3255,MCKINLEY AVE,APT 257,Columbus,OH,43204
3255,MCKINLEY AVE,APT 423,Columbus,OH,43204
3255,MCKINLEY AVE,APT 219,Columbus,OH,43204
3255,MCKINLEY AVE,APT 132,Columbus,OH,43204
3255,MCKINLEY AVE,APT 230,Columbus,OH,43204
3255,MCKINLEY AVE,APT 409,Columbus,OH,43204
3255,MCKINLEY AVE,APT 440,Columbus,OH,43204
3255,MCKINLEY AVE,APT 406,Columbus,OH,43204
3255,MCKINLEY AVE,APT 248,Columbus,OH,43204
3255,MCKINLEY AVE,APT 210,Columbus,OH,43204
3255,MCKINLEY AVE,APT 324,Columbus,OH,43204
3255,MCKINLEY AVE,APT 251,Columbus,OH,43204
3255,MCKINLEY AVE,APT 422,Columbus,OH,43204
3255,MCKINLEY AVE,APT 247,Columbus,OH,43204
3255,MCKINLEY AVE,APT 405,Columbus,OH,43204
3257,MCKINLEY AVE,,Columbus,OH,43204
3255,MCKINLEY AVE,APT 125,Columbus,OH,43204
3255,MCKINLEY AVE,APT 229,Columbus,OH,43204
3255,MCKINLEY AVE,APT 355,Columbus,OH,43204
3255,MCKINLEY AVE,APT 450,Columbus,OH,43204
3255,MCKINLEY AVE,APT 344,Columbus,OH,43204
3255,MCKINLEY AVE,APT 265,Columbus,OH,43204
3255,MCKINLEY AVE,APT 306,Columbus,OH,43204
3255,MCKINLEY AVE,APT 252,Columbus,OH,43204
3255,MCKINLEY AVE,APT 225,Columbus,OH,43204
3255,MCKINLEY AVE,APT 305,Columbus,OH,43204
3255,MCKINLEY AVE,APT 442,Columbus,OH,43204
3255,MCKINLEY AVE,APT 304,Columbus,OH,43204
3255,MCKINLEY AVE,APT 458,Columbus,OH,43204
2529,FISHER RD,,Columbus,OH,43204
2190,MCKINLEY AVE,,Columbus,OH,43204
845,N WILSON RD,,Columbus,OH,43204
2857,VALLEY VIEW DR,,Columbus,OH,43204
2227,MCKINLEY AVE,,Columbus,OH,43204
231,N WHEATLAND AVE,,Columbus,OH,43204
235,N WHEATLAND AVE,,Columbus,OH,43204
231,N WHEATLAND AVE,,Columbus,OH,43204
3388,TRABUE RD,,Columbus,OH,43204
2451,SCIOTO HARPER DR,,Columbus,OH,43204
2455,SCIOTO HARPER DR,,Columbus,OH,43204
2463,SCIOTO HARPER DR,,Columbus,OH,43204
2411,SCIOTO HARPER DR,,Columbus,OH,43204
2459,SCIOTO HARPER DR,,Columbus,OH,43204
2443,SCIOTO HARPER DR,,Columbus,OH,43204
2435,SCIOTO HARPER DR,,Columbus,OH,43204
2427,SCIOTO HARPER DR,,Columbus,OH,43204
2431,SCIOTO HARPER DR,,Columbus,OH,43204
2415,SCIOTO HARPER DR,,Columbus,OH,43204
2437,SCIOTO HARPER DR,,Columbus,OH,43204
2407,SCIOTO HARPER DR,,Columbus,OH,43204
2467,SCIOTO HARPER DR,,Columbus,OH,43204
2439,SCIOTO HARPER DR,,Columbus,OH,43204
2447,SCIOTO HARPER DR,,Columbus,OH,43204
2425 1/2,W BROAD ST,,Columbus,OH,43204
2427 1/2,W BROAD ST,,Columbus,OH,43204
2342,PALMETTO ST,,Columbus,OH,43204
2429 1/2,W BROAD ST,,Columbus,OH,43204
997,N HAGUE AVE,,Columbus,OH,43204
3538,TRABUE RD,,Columbus,OH,43204
2464,W BROAD ST,,Columbus,OH,43204
406 1/2,S HAGUE AVE,,Columbus,OH,43204
862,REGINA CT,,Columbus,OH,43204
3305,SOUTH BLVD,,Columbus,OH,43204
3130,TRABUE RD,,Columbus,OH,43204
3078,VALLEY VIEW DR,,Columbus,OH,43204
3082,VALLEY VIEW DR,,Columbus,OH,43204
3084,VALLEY VIEW DR,,Columbus,OH,43204
3090,VALLEY VIEW DR,,Columbus,OH,43204
3092,VALLEY VIEW DR,,Columbus,OH,43204
3086,VALLEY VIEW DR,,Columbus,OH,43204
3072,VALLEY VIEW DR,,Columbus,OH,43204
3088,VALLEY VIEW DR,,Columbus,OH,43204
3070,VALLEY VIEW DR,,Columbus,OH,43204
3074,VALLEY VIEW DR,,Columbus,OH,43204
3080,VALLEY VIEW DR,,Columbus,OH,43204
3094,VALLEY VIEW DR,,Columbus,OH,43204
3076,VALLEY VIEW DR,,Columbus,OH,43204
4,N WESTGATE AVE,,Columbus,OH,43204
5,N CHASE AVE,,Columbus,OH,43204
90,S WHEATLAND AVE,,Columbus,OH,43204
853,KINGSFORD RD,,Columbus,OH,43204
3061,OLIVE ST,,Columbus,OH,43204
1105,DEMOREST RD,,Columbus,OH,43204
312,S WHEATLAND AVE,,Columbus,OH,43204
707,S HAGUE AVE,,Columbus,OH,43204
664,S OAKLEY AVE,,Columbus,OH,43204
2957,WICKLOW RD,,Columbus,OH,43204
92,DERRER RD,,Columbus,OH,43204
304,S HAGUE AVE,,Columbus,OH,43204
117,POWHATAN AVE,,Columbus,OH,43204
871,S HAGUE AVE,,Columbus,OH,43204
969,S HAGUE AVE,,Columbus,OH,43204
164,N EUREKA AVE,,Columbus,OH,43204
739,KINGSFORD RD,,Columbus,OH,43204
1241,DEMOREST RD,,Columbus,OH,43204
1038,BRONWYN AVE,,Columbus,OH,43204
3498,FREMONT ST,,Columbus,OH,43204
249,S WESTGATE AVE,,Columbus,OH,43204
2951,SULLIVANT AVE,,Columbus,OH,43204
75,N SYLVAN AVE,,Columbus,OH,43204
3027,BRIGGS RD,,Columbus,OH,43204
966,HODGES DR,,Columbus,OH,43204
548,S HAGUE AVE,,Columbus,OH,43204
3301,MARK CT,,Columbus,OH,43204
304,S EUREKA AVE,,Columbus,OH,43204
2600,FREMONT ST,,Columbus,OH,43204
200,N ALGONQUIN AVE,,Columbus,OH,43204
1391,CORNERSTONE CROSSING DR,CN 306,Columbus,OH,43204
4142,SUNSTONE AVE,CN 305,Columbus,OH,43204
1438,TRABUE CROSSING DR,CN 206,Columbus,OH,43204
4152,COLEY GLEN DR,CN 303,Columbus,OH,43204
4152,COLEY GLEN DR,CN 102,Columbus,OH,43204
4152,COLEY GLEN DR,CN 104,Columbus,OH,43204
4159,BLAKEDALE DR,,Columbus,OH,43204
4142,SUNSTONE AVE,CN 302,Columbus,OH,43204
4159,BLAKEDALE DR,CN 207,Columbus,OH,43204
1337,CORNERSTONE CROSSING DR,CN 208,Columbus,OH,43204
1438,TRABUE CROSSING DR,CN 104,Columbus,OH,43204
4147,ANN LAUREN AVE,UNIT 107,Columbus,OH,43204
1337,CORNERSTONE CROSSING DR,CN 303,Columbus,OH,43204
4147,ANN LAUREN AVE,UNIT 301,Columbus,OH,43204
1476,TRABUE CROSSING DR,,Columbus,OH,43204
4152,COLEY GLEN DR,CN 207,Columbus,OH,43204
4152,COLEY GLEN DR,CN 205,Columbus,OH,43204
1476,TRABUE CROSSING DR,CN 106,Columbus,OH,43204
1476,TRABUE CROSSING DR,CN 105,Columbus,OH,43204
1476,TRABUE CROSSING DR,CN 103,Columbus,OH,43204
1391,CORNERSTONE CROSSING DR,CN 305,Columbus,OH,43204
4142,SUNSTONE AVE,CN 202,Columbus,OH,43204
4147,ANN LAUREN AVE,UNIT 103,Columbus,OH,43204
1476,TRABUE CROSSING DR,CN 201,Columbus,OH,43204
1438,TRABUE CROSSING DR,CN 205,Columbus,OH,43204
4137,SUNSTONE AVE,,Columbus,OH,43204
4152,COLEY GLEN DR,CN 304,Columbus,OH,43204
1438,TRABUE CROSSING DR,CN 201,Columbus,OH,43204
1337,CORNERSTONE CROSSING DR,CN 101,Columbus,OH,43204
4152,COLEY GLEN DR,CN 302,Columbus,OH,43204
4142,SUNSTONE AVE,CN 204,Columbus,OH,43204
4142,SUNSTONE AVE,CN 306,Columbus,OH,43204
4152,COLEY GLEN DR,CN 203,Columbus,OH,43204
1337,CORNERSTONE CROSSING DR,,Columbus,OH,43204
4159,BLAKEDALE DR,CN 204,Columbus,OH,43204
1391,CORNERSTONE CROSSING DR,CN 302,Columbus,OH,43204
4159,BLAKEDALE DR,CN 303,Columbus,OH,43204
4147,ANN LAUREN AVE,UNIT 207,Columbus,OH,43204
4147,ANN LAUREN AVE,,Columbus,OH,43204
4159,BLAKEDALE DR,CN 103,Columbus,OH,43204
4147,ANN LAUREN AVE,UNIT 206,Columbus,OH,43204
1476,TRABUE CROSSING DR,CN 204,Columbus,OH,43204
4159,BLAKEDALE DR,CN 308,Columbus,OH,43204
4142,SUNSTONE AVE,CN 301,Columbus,OH,43204
1391,CORNERSTONE CROSSING DR,CN 204,Columbus,OH,43204
1476,TRABUE CROSSING DR,CN 208,Columbus,OH,43204
4142,SUNSTONE AVE,CN 308,Columbus,OH,43204
4142,SUNSTONE AVE,CN 203,Columbus,OH,43204
4147,ANN LAUREN AVE,UNIT 205,Columbus,OH,43204
4152,COLEY GLEN DR,CN 308,Columbus,OH,43204
1458,CORNERSTONE CROSSING DR,,Columbus,OH,43204
4147,ANN LAUREN AVE,UNIT 306,Columbus,OH,43204
4159,BLAKEDALE DR,CN 302,Columbus,OH,43204
4142,SUNSTONE AVE,CN 207,Columbus,OH,43204
4140,ANN LAUREN AVE,,Columbus,OH,43204
4147,ANN LAUREN AVE,UNIT 303,Columbus,OH,43204
1391,CORNERSTONE CROSSING DR,CN 304,Columbus,OH,43204
1438,TRABUE CROSSING DR,CN 106,Columbus,OH,43204
1438,TRABUE CROSSING DR,CN 107,Columbus,OH,43204
1337,CORNERSTONE CROSSING DR,CN 308,Columbus,OH,43204
1438,TRABUE CROSSING DR,CN 306,Columbus,OH,43204
4159,BLAKEDALE DR,CN 203,Columbus,OH,43204
4159,BLAKEDALE DR,CN 201,Columbus,OH,43204
4142,SUNSTONE AVE,CN 304,Columbus,OH,43204
4147,ANN LAUREN AVE,UNIT 203,Columbus,OH,43204
1438,TRABUE CROSSING DR,CN 302,Columbus,OH,43204
1337,CORNERSTONE CROSSING DR,CN 302,Columbus,OH,43204
4152,COLEY GLEN DR,,Columbus,OH,43204
1476,TRABUE CROSSING DR,CN 207,Columbus,OH,43204
1391,CORNERSTONE CROSSING DR,CN 105,Columbus,OH,43204
4142,SUNSTONE AVE,CN 103,Columbus,OH,43204
1476,TRABUE CROSSING DR,CN 205,Columbus,OH,43204
4147,ANN LAUREN AVE,UNIT 108,Columbus,OH,43204
4159,BLAKEDALE DR,CN 202,Columbus,OH,43204
1391,CORNERSTONE CROSSING DR,CN 203,Columbus,OH,43204
4152,COLEY GLEN DR,CN 108,Columbus,OH,43204
1476,TRABUE CROSSING DR,CN 301,Columbus,OH,43204
1337,CORNERSTONE CROSSING DR,CN 305,Columbus,OH,43204
1438,TRABUE CROSSING DR,,Columbus,OH,43204
1438,TRABUE CROSSING DR,CN 303,Columbus,OH,43204
4142,SUNSTONE AVE,,Columbus,OH,43204
1391,CORNERSTONE CROSSING DR,CN 307,Columbus,OH,43204
4142,SUNSTONE AVE,CN 307,Columbus,OH,43204
1438,TRABUE CROSSING DR,CN 307,Columbus,OH,43204
1438,TRABUE CROSSING DR,CN 304,Columbus,OH,43204
1438,TRABUE CROSSING DR,CN 208,Columbus,OH,43204
1337,CORNERSTONE CROSSING DR,CN 304,Columbus,OH,43204
4142,SUNSTONE AVE,CN 104,Columbus,OH,43204
1391,CORNERSTONE CROSSING DR,CN 205,Columbus,OH,43204
1476,TRABUE CROSSING DR,CN 307,Columbus,OH,43204
1391,CORNERSTONE CROSSING DR,CN 208,Columbus,OH,43204
4152,COLEY GLEN DR,CN 306,Columbus,OH,43204
4147,SUNSTONE AVE,,Columbus,OH,43204
4147,ANN LAUREN AVE,UNIT 305,Columbus,OH,43204
4152,COLEY GLEN DR,CN 101,Columbus,OH,43204
1391,CORNERSTONE CROSSING DR,CN 207,Columbus,OH,43204
4142,SUNSTONE AVE,CN 206,Columbus,OH,43204
1391,CORNERSTONE CROSSING DR,CN 206,Columbus,OH,43204
4147,ANN LAUREN AVE,UNIT 105,Columbus,OH,43204
1337,CORNERSTONE CROSSING DR,CN 202,Columbus,OH,43204
1337,CORNERSTONE CROSSING DR,CN 204,Columbus,OH,43204
4152,COLEY GLEN DR,CN 307,Columbus,OH,43204
4142,SUNSTONE AVE,CN 107,Columbus,OH,43204
1391,CORNERSTONE CROSSING DR,CN 301,Columbus,OH,43204
1337,CORNERSTONE CROSSING DR,CN 306,Columbus,OH,43204
1438,TRABUE CROSSING DR,CN 305,Columbus,OH,43204
4147,ANN LAUREN AVE,UNIT 208,Columbus,OH,43204
4142,SUNSTONE AVE,CN 102,Columbus,OH,43204
4159,BLAKEDALE DR,CN 305,Columbus,OH,43204
4142,SUNSTONE AVE,CN 208,Columbus,OH,43204
4142,SUNSTONE AVE,CN 108,Columbus,OH,43204
1391,CORNERSTONE CROSSING DR,CN 303,Columbus,OH,43204
1476,TRABUE CROSSING DR,CN 304,Columbus,OH,43204
4159,BLAKEDALE DR,CN 104,Columbus,OH,43204
1337,CORNERSTONE CROSSING DR,CN 106,Columbus,OH,43204
1438,TRABUE CROSSING DR,CN 308,Columbus,OH,43204
1391,CORNERSTONE CROSSING DR,CN 308,Columbus,OH,43204
1476,TRABUE CROSSING DR,CN 104,Columbus,OH,43204
4159,BLAKEDALE DR,CN 206,Columbus,OH,43204
4152,COLEY GLEN DR,CN 202,Columbus,OH,43204
4142,SUNSTONE AVE,CN 205,Columbus,OH,43204
4152,COLEY GLEN DR,CN 201,Columbus,OH,43204
4159,BLAKEDALE DR,CN 205,Columbus,OH,43204
4147,ANN LAUREN AVE,UNIT 204,Columbus,OH,43204
1337,CORNERSTONE CROSSING DR,CN 201,Columbus,OH,43204
1391,CORNERSTONE CROSSING DR,,Columbus,OH,43204
1337,CORNERSTONE CROSSING DR,CN 104,Columbus,OH,43204
1476,TRABUE CROSSING DR,CN 306,Columbus,OH,43204
4159,BLAKEDALE DR,CN 307,Columbus,OH,43204
1391,CORNERSTONE CROSSING DR,CN 201,Columbus,OH,43204
1438,TRABUE CROSSING DR,CN 105,Columbus,OH,43204
1337,CORNERSTONE CROSSING DR,CN 307,Columbus,OH,43204
4147,ANN LAUREN AVE,UNIT 106,Columbus,OH,43204
1438,TRABUE CROSSING DR,CN 202,Columbus,OH,43204
1476,TRABUE CROSSING DR,CN 107,Columbus,OH,43204
4152,COLEY GLEN DR,CN 206,Columbus,OH,43204
4159,BLAKEDALE DR,CN 102,Columbus,OH,43204
1476,TRABUE CROSSING DR,CN 308,Columbus,OH,43204
1476,TRABUE CROSSING DR,CN 302,Columbus,OH,43204
4147,ANN LAUREN AVE,UNIT 302,Columbus,OH,43204
4159,BLAKEDALE DR,CN 107,Columbus,OH,43204
4159,BLAKEDALE DR,CN 106,Columbus,OH,43204
4159,BLAKEDALE DR,CN 306,Columbus,OH,43204
1438,TRABUE CROSSING DR,CN 102,Columbus,OH,43204
4148,BLAKEDALE DR,,Columbus,OH,43204
4147,ANN LAUREN AVE,UNIT 304,Columbus,OH,43204
1391,CORNERSTONE CROSSING DR,CN 202,Columbus,OH,43204
1337,CORNERSTONE CROSSING DR,CN 205,Columbus,OH,43204
4152,COLEY GLEN DR,CN 208,Columbus,OH,43204
4152,COLEY GLEN DR,CN 107,Columbus,OH,43204
1391,CORNERSTONE CROSSING DR,CN 102,Columbus,OH,43204
4152,COLEY GLEN DR,CN 103,Columbus,OH,43204
1391,CORNERSTONE CROSSING DR,CN 103,Columbus,OH,43204
1337,CORNERSTONE CROSSING DR,CN 108,Columbus,OH,43204
1446,CORNERSTONE CROSSING DR,,Columbus,OH,43204
4147,ANN LAUREN AVE,UNIT 308,Columbus,OH,43204
1391,CORNERSTONE CROSSING DR,CN 108,Columbus,OH,43204
4159,BLAKEDALE DR,CN 208,Columbus,OH,43204
1337,CORNERSTONE CROSSING DR,CN 207,Columbus,OH,43204
4142,SUNSTONE AVE,CN 105,Columbus,OH,43204
4159,BLAKEDALE DR,CN 301,Columbus,OH,43204
1391,CORNERSTONE CROSSING DR,CN 101,Columbus,OH,43204
1476,TRABUE CROSSING DR,CN 203,Columbus,OH,43204
1438,TRABUE CROSSING DR,CN 204,Columbus,OH,43204
1476,TRABUE CROSSING DR,CN 102,Columbus,OH,43204
1476,TRABUE CROSSING DR,CN 206,Columbus,OH,43204
1337,CORNERSTONE CROSSING DR,CN 203,Columbus,OH,43204
4142,SUNSTONE AVE,CN 101,Columbus,OH,43204
4152,COLEY GLEN DR,CN 105,Columbus,OH,43204
4142,SUNSTONE AVE,CN 303,Columbus,OH,43204
4147,ANN LAUREN AVE,UNIT 104,Columbus,OH,43204
4152,COLEY GLEN DR,CN 305,Columbus,OH,43204
1476,TRABUE CROSSING DR,CN 303,Columbus,OH,43204
4159,BLAKEDALE DR,CN 101,Columbus,OH,43204
1337,CORNERSTONE CROSSING DR,CN 107,Columbus,OH,43204
1391,CORNERSTONE CROSSING DR,CN 107,Columbus,OH,43204
4147,ANN LAUREN AVE,UNIT 201,Columbus,OH,43204
4159,BLAKEDALE DR,CN 108,Columbus,OH,43204
1438,TRABUE CROSSING DR,CN 301,Columbus,OH,43204
4147,ANN LAUREN AVE,UNIT 101,Columbus,OH,43204
1438,TRABUE CROSSING DR,CN 101,Columbus,OH,43204
4159,BLAKEDALE DR,CN 105,Columbus,OH,43204
1476,TRABUE CROSSING DR,CN 202,Columbus,OH,43204
1337,CORNERSTONE CROSSING DR,CN 301,Columbus,OH,43204
1391,CORNERSTONE CROSSING DR,CN 104,Columbus,OH,43204
1438,TRABUE CROSSING DR,CN 207,Columbus,OH,43204
1438,TRABUE CROSSING DR,CN 108,Columbus,OH,43204
4147,ANN LAUREN AVE,UNIT 307,Columbus,OH,43204
1337,CORNERSTONE CROSSING DR,CN 206,Columbus,OH,43204
4152,COLEY GLEN DR,CN 301,Columbus,OH,43204
4152,COLEY GLEN DR,CN 106,Columbus,OH,43204
1337,CORNERSTONE CROSSING DR,CN 102,Columbus,OH,43204
1337,CORNERSTONE CROSSING DR,CN 105,Columbus,OH,43204
1476,TRABUE CROSSING DR,CN 108,Columbus,OH,43204
4145,COLEY GLEN DR,,Columbus,OH,43204
1337,CORNERSTONE CROSSING DR,CN 103,Columbus,OH,43204
4162,BLAKEDALE DR,,Columbus,OH,43204
1438,TRABUE CROSSING DR,CN 203,Columbus,OH,43204
1438,TRABUE CROSSING DR,CN 103,Columbus,OH,43204
1476,TRABUE CROSSING DR,CN 101,Columbus,OH,43204
4142,SUNSTONE AVE,CN 201,Columbus,OH,43204
4142,SUNSTONE AVE,CN 106,Columbus,OH,43204
4147,ANN LAUREN AVE,UNIT 102,Columbus,OH,43204
4147,ANN LAUREN AVE,UNIT 202,Columbus,OH,43204
4152,COLEY GLEN DR,CN 204,Columbus,OH,43204
1391,CORNERSTONE CROSSING DR,CN 106,Columbus,OH,43204
1390,CORNERSTONE CROSSING DR,,Columbus,OH,43204
1476,TRABUE CROSSING DR,CN 305,Columbus,OH,43204
4159,BLAKEDALE DR,CN 304,Columbus,OH,43204
250,S WILSON RD,,Columbus,OH,43204
363,S BRINKER AVE,,Columbus,OH,43204
36,S BURGESS AVE,,Columbus,OH,43204
552,KINGSFORD RD,,Columbus,OH,43204
1055,S EUREKA AVE,,Columbus,OH,43204
2768,SUTTON AVE,,Columbus,OH,43204
840,BINNS BLVD,,Columbus,OH,43204
149,N HALDY AVE,,Columbus,OH,43204
2762,OLIVE ST,,Columbus,OH,43204
3436,FREMONT ST,,Columbus,OH,43204
2439,W BROAD ST,,Columbus,OH,43204
106,S BURGESS AVE,,Columbus,OH,43204
2993,PALMETTO ST,,Columbus,OH,43204
170,N BURGESS AVE,,Columbus,OH,43204
3374,PALMETTO ST,,Columbus,OH,43204
2901,BRIGGS RD,,Columbus,OH,43204
739,S WARREN AVE,,Columbus,OH,43204
738,DEMOREST RD,,Columbus,OH,43204
475,S OAKLEY AVE,,Columbus,OH,43204
3382,SULLIVANT AVE,,Columbus,OH,43204
3159,BRIGGS RD,,Columbus,OH,43204
2314,W BROAD ST,,Columbus,OH,43204
2439,W MOUND ST,,Columbus,OH,43204
2517,SULLIVANT AVE,,Columbus,OH,43204
3139,W MOUND ST,,Columbus,OH,43204
2603,W MOUND ST,,Columbus,OH,43204
2968,OLIVE ST,,Columbus,OH,43204
2703,W BROAD ST,,Columbus,OH,43204
3351,OLIVE ST,,Columbus,OH,43204
3022,W MOUND ST,,Columbus,OH,43204
14,N BURGESS AVE,,Columbus,OH,43204
2978,W BROAD ST,,Columbus,OH,43204
676,S TERRACE AVE,,Columbus,OH,43204
527,S OGDEN AVE,,Columbus,OH,43204
224,DERRER RD,,Columbus,OH,43204
2415,OLIVE ST,,Columbus,OH,43204
634,KINGSFORD RD,,Columbus,OH,43204
3326,W BROAD ST,,Columbus,OH,43204
3251,SULLIVANT AVE,,Columbus,OH,43204
2717,BERNADETTE RD,,Columbus,OH,43204
827,KINGSFORD RD,,Columbus,OH,43204
546,CRESCENT RD,,Columbus,OH,43204
2768,GRACE ST,,Columbus,OH,43204
779,KINGSFORD RD,,Columbus,OH,43204
722,JOSEPHINE AVE,,Columbus,OH,43204
809,KINGSFORD RD,,Columbus,OH,43204
2543,FISHER RD,,Columbus,OH,43204
90,DERRER RD,,Columbus,OH,43204
243,POWHATAN AVE,,Columbus,OH,43204
1075,BINNS BLVD,,Columbus,OH,43204
1340,CORNERSTONE CROSSING DR,,Columbus,OH,43204
2469,HARRISON RD OVERPASS I-70,,Columbus,OH,43204
3156,LA VISTA DR,,Columbus,OH,43204
320,N SOUTHAMPTON AVE,,Columbus,OH,43204
3425,OLIVE ST,,Columbus,OH,43204
529,S OGDEN AVE,,Columbus,OH,43204
513,S RICHARDSON AVE,,Columbus,OH,43204
472,S WAYNE AVE,,Columbus,OH,43204
3370,TRABUE RD,,Columbus,OH,43204
3370,TRABUE RD,UNIT A,Columbus,OH,43204
3370,TRABUE RD,UNIT D,Columbus,OH,43204
3370,TRABUE RD,UNIT E,Columbus,OH,43204
3370,TRABUE RD,UNIT SIGN,Columbus,OH,43204
3370,TRABUE RD,UNIT C,Columbus,OH,43204
3370,TRABUE RD,UNIT B,Columbus,OH,43204
13,N RICHARDSON AVE,,Columbus,OH,43204
15,S WESTGATE AVE,,Columbus,OH,43204
88,DERRER RD,,Columbus,OH,43204
398,DERRER RD,,Columbus,OH,43204
510,BINNS BLVD,,Columbus,OH,43204
551,S RICHARDSON AVE,UNIT SHTR,Columbus,OH,43204
3333,CHIPPEWA ST,,Columbus,OH,43204
342,N SOUTHAMPTON AVE,,Columbus,OH,43204
163,N POWELL AVE,,Columbus,OH,43204
157,N POWELL AVE,,Columbus,OH,43204
2373,STEELE AVE,,Columbus,OH,43204
532,S WESTGATE AVE,,Columbus,OH,43204
2447,W BROAD ST,UNIT 9,Columbus,OH,43204
3003,VALLEY VIEW DR,,Columbus,OH,43204
3394,SULLIVANT AVE,,Columbus,OH,43204
2447,W BROAD ST,UNIT 10,Columbus,OH,43204
2447,W BROAD ST,UNIT 8,Columbus,OH,43204
2447,W BROAD ST,UNIT 11,Columbus,OH,43204
2447,W BROAD ST,UNIT 7,Columbus,OH,43204
200,S BURGESS AVE,,Columbus,OH,43204
3432,DERRER HILL DR,,Columbus,OH,43204
932,BRIXHAM RD,,Columbus,OH,43204
3015,VALLEY VIEW DR,,Columbus,OH,43204
750 1/2,S HAGUE AVE,,Columbus,OH,43204
2981,CRESCENT DR,,Columbus,OH,43204
345,N OGDEN AVE,,Columbus,OH,43204
2415,W MOUND ST,,Columbus,OH,43204
2424,STEELE AVE,,Columbus,OH,43204
3156,LA VISTA DR,UNIT SLTR,Columbus,OH,43204
2415,W MOUND ST,UNIT SLTR,Columbus,OH,43204
36,N SYLVAN AVE,,Columbus,OH,43204
2301,W 5TH AVE,,Columbus,OH,43204
3230,W BROAD ST,,Columbus,OH,43204
2925,ANGELO JOSEPH LN,APT 106,Columbus,OH,43204
2960,ANGELO JOSEPH LN,APT 101,Columbus,OH,43204
3001,ANGELO JOSEPH LN,APT 203,Columbus,OH,43204
2925,ANGELO JOSEPH LN,APT 206,Columbus,OH,43204
2915,ANGELO JOSEPH LN,APT 206,Columbus,OH,43204
2981,ANGELO JOSEPH LN,APT 306,Columbus,OH,43204
2961,ANGELO JOSEPH LN,APT 302,Columbus,OH,43204
3001,ANGELO JOSEPH LN,APT 208,Columbus,OH,43204
2960,ANGELO JOSEPH LN,APT 104,Columbus,OH,43204
2935,ANGELO JOSEPH LN,APT 102,Columbus,OH,43204
2981,ANGELO JOSEPH LN,APT 305,Columbus,OH,43204
2925,ANGELO JOSEPH LN,APT 306,Columbus,OH,43204
2935,ANGELO JOSEPH LN,APT 204,Columbus,OH,43204
2925,ANGELO JOSEPH LN,APT 102,Columbus,OH,43204
2925,ANGELO JOSEPH LN,APT 305,Columbus,OH,43204
2935,ANGELO JOSEPH LN,APT 208,Columbus,OH,43204
2915,ANGELO JOSEPH LN,APT 208,Columbus,OH,43204
2981,ANGELO JOSEPH LN,APT 206,Columbus,OH,43204
2915,ANGELO JOSEPH LN,APT 201,Columbus,OH,43204
2895,ANGELO JOSEPH LN,APT 106,Columbus,OH,43204
2960,ANGELO JOSEPH LN,APT 208,Columbus,OH,43204
2961,ANGELO JOSEPH LN,APT 305,Columbus,OH,43204
2960,ANGELO JOSEPH LN,APT 106,Columbus,OH,43204
2961,ANGELO JOSEPH LN,APT 101,Columbus,OH,43204
1308,N WILSON RD,,Columbus,OH,43204
2895,ANGELO JOSEPH LN,APT 102,Columbus,OH,43204
3001,ANGELO JOSEPH LN,APT 304,Columbus,OH,43204
2915,ANGELO JOSEPH LN,APT 306,Columbus,OH,43204
2991,ANGELO JOSEPH LN,APT 208,Columbus,OH,43204
2895,ANGELO JOSEPH LN,APT 308,Columbus,OH,43204
2915,ANGELO JOSEPH LN,APT 101,Columbus,OH,43204
2925,ANGELO JOSEPH LN,APT 307,Columbus,OH,43204
2991,ANGELO JOSEPH LN,APT 305,Columbus,OH,43204
2981,ANGELO JOSEPH LN,APT 204,Columbus,OH,43204
2961,ANGELO JOSEPH LN,APT 102,Columbus,OH,43204
2925,ANGELO JOSEPH LN,APT 201,Columbus,OH,43204
1274,N WILSON RD,,Columbus,OH,43204
2915,ANGELO JOSEPH LN,APT 103,Columbus,OH,43204
2960,ANGELO JOSEPH LN,APT 205,Columbus,OH,43204
2991,ANGELO JOSEPH LN,APT 106,Columbus,OH,43204
2915,ANGELO JOSEPH LN,APT 304,Columbus,OH,43204
2935,ANGELO JOSEPH LN,APT 207,Columbus,OH,43204
3001,ANGELO JOSEPH LN,APT 305,Columbus,OH,43204
2935,ANGELO JOSEPH LN,APT 304,Columbus,OH,43204
2991,ANGELO JOSEPH LN,APT 205,Columbus,OH,43204
2981,ANGELO JOSEPH LN,APT 202,Columbus,OH,43204
2991,ANGELO JOSEPH LN,APT 108,Columbus,OH,43204
2991,ANGELO JOSEPH LN,APT 102,Columbus,OH,43204
2925,ANGELO JOSEPH LN,APT 302,Columbus,OH,43204
2981,ANGELO JOSEPH LN,APT 308,Columbus,OH,43204
2960,ANGELO JOSEPH LN,APT 305,Columbus,OH,43204
2991,ANGELO JOSEPH LN,APT 306,Columbus,OH,43204
2960,ANGELO JOSEPH LN,APT 202,Columbus,OH,43204
2960,ANGELO JOSEPH LN,APT 203,Columbus,OH,43204
3001,ANGELO JOSEPH LN,APT 301,Columbus,OH,43204
2925,ANGELO JOSEPH LN,APT 103,Columbus,OH,43204
2935,ANGELO JOSEPH LN,APT 104,Columbus,OH,43204
2895,ANGELO JOSEPH LN,APT 306,Columbus,OH,43204
1312,N WILSON RD,,Columbus,OH,43204
2961,ANGELO JOSEPH LN,APT 204,Columbus,OH,43204
2961,ANGELO JOSEPH LN,APT 208,Columbus,OH,43204
2960,ANGELO JOSEPH LN,APT 307,Columbus,OH,43204
2935,ANGELO JOSEPH LN,APT 205,Columbus,OH,43204
2915,ANGELO JOSEPH LN,APT 204,Columbus,OH,43204
3001,ANGELO JOSEPH LN,APT 306,Columbus,OH,43204
2895,ANGELO JOSEPH LN,APT 201,Columbus,OH,43204
2981,ANGELO JOSEPH LN,APT 101,Columbus,OH,43204
2925,ANGELO JOSEPH LN,APT 105,Columbus,OH,43204
2895,ANGELO JOSEPH LN,APT 304,Columbus,OH,43204
2895,ANGELO JOSEPH LN,APT 302,Columbus,OH,43204
2961,ANGELO JOSEPH LN,APT 303,Columbus,OH,43204
2915,ANGELO JOSEPH LN,APT 302,Columbus,OH,43204
2981,ANGELO JOSEPH LN,APT 301,Columbus,OH,43204
2915,ANGELO JOSEPH LN,APT 205,Columbus,OH,43204
2895,ANGELO JOSEPH LN,APT 208,Columbus,OH,43204
2960,ANGELO JOSEPH LN,APT 304,Columbus,OH,43204
3001,ANGELO JOSEPH LN,APT 101,Columbus,OH,43204
2961,ANGELO JOSEPH LN,APT 306,Columbus,OH,43204
2991,ANGELO JOSEPH LN,APT 206,Columbus,OH,43204
2925,ANGELO JOSEPH LN,APT 207,Columbus,OH,43204
3001,ANGELO JOSEPH LN,APT 204,Columbus,OH,43204
2925,ANGELO JOSEPH LN,APT 308,Columbus,OH,43204
2895,ANGELO JOSEPH LN,APT 301,Columbus,OH,43204
2960,ANGELO JOSEPH LN,APT 306,Columbus,OH,43204
2935,ANGELO JOSEPH LN,APT 101,Columbus,OH,43204
2960,ANGELO JOSEPH LN,APT 102,Columbus,OH,43204
2925,ANGELO JOSEPH LN,APT 101,Columbus,OH,43204
2895,ANGELO JOSEPH LN,APT 101,Columbus,OH,43204
1264,N WILSON RD,,Columbus,OH,43204
2895,ANGELO JOSEPH LN,APT 103,Columbus,OH,43204
2960,ANGELO JOSEPH LN,APT 204,Columbus,OH,43204
1282,N WILSON RD,,Columbus,OH,43204
2960,ANGELO JOSEPH LN,APT 207,Columbus,OH,43204
2991,ANGELO JOSEPH LN,APT 103,Columbus,OH,43204
2981,ANGELO JOSEPH LN,APT 105,Columbus,OH,43204
2935,ANGELO JOSEPH LN,APT 107,Columbus,OH,43204
2935,ANGELO JOSEPH LN,APT 202,Columbus,OH,43204
2981,ANGELO JOSEPH LN,APT 205,Columbus,OH,43204
2925,ANGELO JOSEPH LN,APT 107,Columbus,OH,43204
2960,ANGELO JOSEPH LN,APT 301,Columbus,OH,43204
2961,ANGELO JOSEPH LN,APT 105,Columbus,OH,43204
3001,ANGELO JOSEPH LN,APT 105,Columbus,OH,43204
2991,ANGELO JOSEPH LN,APT 307,Columbus,OH,43204
2960,ANGELO JOSEPH LN,APT 103,Columbus,OH,43204
2991,ANGELO JOSEPH LN,APT 107,Columbus,OH,43204
1266,N WILSON RD,,Columbus,OH,43204
2961,ANGELO JOSEPH LN,APT 205,Columbus,OH,43204
2981,ANGELO JOSEPH LN,APT 104,Columbus,OH,43204
2935,ANGELO JOSEPH LN,APT 201,Columbus,OH,43204
2960,ANGELO JOSEPH LN,APT 206,Columbus,OH,43204
2960,ANGELO JOSEPH LN,APT 308,Columbus,OH,43204
2915,ANGELO JOSEPH LN,APT 107,Columbus,OH,43204
2991,ANGELO JOSEPH LN,APT 303,Columbus,OH,43204
2961,ANGELO JOSEPH LN,APT 201,Columbus,OH,43204
1290,N WILSON RD,,Columbus,OH,43204
2925,ANGELO JOSEPH LN,APT 203,Columbus,OH,43204
2981,ANGELO JOSEPH LN,APT 207,Columbus,OH,43204
2935,ANGELO JOSEPH LN,APT 305,Columbus,OH,43204
2895,ANGELO JOSEPH LN,APT 104,Columbus,OH,43204
3001,ANGELO JOSEPH LN,APT 302,Columbus,OH,43204
2925,ANGELO JOSEPH LN,APT 204,Columbus,OH,43204
2981,ANGELO JOSEPH LN,APT 106,Columbus,OH,43204
1260,N WILSON RD,,Columbus,OH,43204
2961,ANGELO JOSEPH LN,APT 206,Columbus,OH,43204
2981,ANGELO JOSEPH LN,APT 108,Columbus,OH,43204
2915,ANGELO JOSEPH LN,APT 105,Columbus,OH,43204
3001,ANGELO JOSEPH LN,APT 108,Columbus,OH,43204
2991,ANGELO JOSEPH LN,APT 104,Columbus,OH,43204
2981,ANGELO JOSEPH LN,APT 203,Columbus,OH,43204
2925,ANGELO JOSEPH LN,APT 304,Columbus,OH,43204
3001,ANGELO JOSEPH LN,APT 205,Columbus,OH,43204
2935,ANGELO JOSEPH LN,APT 306,Columbus,OH,43204
2961,ANGELO JOSEPH LN,APT 304,Columbus,OH,43204
2915,ANGELO JOSEPH LN,APT 104,Columbus,OH,43204
2961,ANGELO JOSEPH LN,APT 103,Columbus,OH,43204
2895,ANGELO JOSEPH LN,APT 203,Columbus,OH,43204
2925,ANGELO JOSEPH LN,APT 208,Columbus,OH,43204
2895,ANGELO JOSEPH LN,APT 207,Columbus,OH,43204
2961,ANGELO JOSEPH LN,APT 307,Columbus,OH,43204
3001,ANGELO JOSEPH LN,APT 308,Columbus,OH,43204
2925,ANGELO JOSEPH LN,APT 202,Columbus,OH,43204
2925,ANGELO JOSEPH LN,APT 205,Columbus,OH,43204
2915,ANGELO JOSEPH LN,APT 108,Columbus,OH,43204
1300,N WILSON RD,,Columbus,OH,43204
2981,ANGELO JOSEPH LN,APT 103,Columbus,OH,43204
2915,ANGELO JOSEPH LN,APT 102,Columbus,OH,43204
2991,ANGELO JOSEPH LN,APT 101,Columbus,OH,43204
2960,ANGELO JOSEPH LN,APT 108,Columbus,OH,43204
2895,ANGELO JOSEPH LN,APT 204,Columbus,OH,43204
2915,ANGELO JOSEPH LN,APT 305,Columbus,OH,43204
3001,ANGELO JOSEPH LN,APT 307,Columbus,OH,43204
2925,ANGELO JOSEPH LN,APT 104,Columbus,OH,43204
785,S EUREKA AVE,,Columbus,OH,43204
1294,N WILSON RD,,Columbus,OH,43204
2895,ANGELO JOSEPH LN,APT 107,Columbus,OH,43204
2960,ANGELO JOSEPH LN,APT 105,Columbus,OH,43204
3001,ANGELO JOSEPH LN,APT 206,Columbus,OH,43204
3001,ANGELO JOSEPH LN,APT 202,Columbus,OH,43204
2935,ANGELO JOSEPH LN,APT 302,Columbus,OH,43204
2960,ANGELO JOSEPH LN,APT 303,Columbus,OH,43204
2991,ANGELO JOSEPH LN,APT 308,Columbus,OH,43204
2991,ANGELO JOSEPH LN,APT 304,Columbus,OH,43204
2895,ANGELO JOSEPH LN,APT 202,Columbus,OH,43204
2961,ANGELO JOSEPH LN,APT 108,Columbus,OH,43204
2915,ANGELO JOSEPH LN,APT 106,Columbus,OH,43204
2895,ANGELO JOSEPH LN,APT 303,Columbus,OH,43204
2991,ANGELO JOSEPH LN,APT 207,Columbus,OH,43204
2981,ANGELO JOSEPH LN,APT 304,Columbus,OH,43204
2935,ANGELO JOSEPH LN,APT 303,Columbus,OH,43204
2991,ANGELO JOSEPH LN,APT 302,Columbus,OH,43204
2935,ANGELO JOSEPH LN,APT 203,Columbus,OH,43204
2895,ANGELO JOSEPH LN,APT 108,Columbus,OH,43204
2935,ANGELO JOSEPH LN,APT 206,Columbus,OH,43204
2991,ANGELO JOSEPH LN,APT 105,Columbus,OH,43204
2961,ANGELO JOSEPH LN,APT 301,Columbus,OH,43204
2960,ANGELO JOSEPH LN,APT 107,Columbus,OH,43204
2935,ANGELO JOSEPH LN,APT 106,Columbus,OH,43204
2981,ANGELO JOSEPH LN,APT 307,Columbus,OH,43204
2961,ANGELO JOSEPH LN,APT 207,Columbus,OH,43204
2981,ANGELO JOSEPH LN,APT 302,Columbus,OH,43204
2961,ANGELO JOSEPH LN,APT 202,Columbus,OH,43204
3001,ANGELO JOSEPH LN,APT 104,Columbus,OH,43204
3001,ANGELO JOSEPH LN,APT 106,Columbus,OH,43204
2991,ANGELO JOSEPH LN,APT 301,Columbus,OH,43204
2981,ANGELO JOSEPH LN,APT 303,Columbus,OH,43204
2961,ANGELO JOSEPH LN,APT 308,Columbus,OH,43204
2895,ANGELO JOSEPH LN,APT 305,Columbus,OH,43204
2915,ANGELO JOSEPH LN,APT 303,Columbus,OH,43204
2960,ANGELO JOSEPH LN,APT 201,Columbus,OH,43204
2895,ANGELO JOSEPH LN,APT 206,Columbus,OH,43204
2981,ANGELO JOSEPH LN,APT 208,Columbus,OH,43204
1272,N WILSON RD,,Columbus,OH,43204
3001,ANGELO JOSEPH LN,APT 103,Columbus,OH,43204
2895,ANGELO JOSEPH LN,APT 105,Columbus,OH,43204
3001,ANGELO JOSEPH LN,APT 207,Columbus,OH,43204
3001,ANGELO JOSEPH LN,APT 201,Columbus,OH,43204
2915,ANGELO JOSEPH LN,APT 207,Columbus,OH,43204
2915,ANGELO JOSEPH LN,APT 202,Columbus,OH,43204
2895,ANGELO JOSEPH LN,APT 205,Columbus,OH,43204
2960,ANGELO JOSEPH LN,APT 302,Columbus,OH,43204
2915,ANGELO JOSEPH LN,APT 308,Columbus,OH,43204
2925,ANGELO JOSEPH LN,APT 303,Columbus,OH,43204
3001,ANGELO JOSEPH LN,APT 107,Columbus,OH,43204
2935,ANGELO JOSEPH LN,APT 301,Columbus,OH,43204
2991,ANGELO JOSEPH LN,APT 203,Columbus,OH,43204
2961,ANGELO JOSEPH LN,APT 203,Columbus,OH,43204
1280,N WILSON RD,,Columbus,OH,43204
2991,ANGELO JOSEPH LN,APT 202,Columbus,OH,43204
2991,ANGELO JOSEPH LN,APT 201,Columbus,OH,43204
3001,ANGELO JOSEPH LN,APT 102,Columbus,OH,43204
2991,ANGELO JOSEPH LN,APT 204,Columbus,OH,43204
2935,ANGELO JOSEPH LN,APT 307,Columbus,OH,43204
2925,ANGELO JOSEPH LN,APT 108,Columbus,OH,43204
2915,ANGELO JOSEPH LN,APT 307,Columbus,OH,43204
2961,ANGELO JOSEPH LN,APT 104,Columbus,OH,43204
2935,ANGELO JOSEPH LN,APT 108,Columbus,OH,43204
3001,ANGELO JOSEPH LN,APT 303,Columbus,OH,43204
2915,ANGELO JOSEPH LN,APT 203,Columbus,OH,43204
2915,ANGELO JOSEPH LN,APT 301,Columbus,OH,43204
2961,ANGELO JOSEPH LN,APT 107,Columbus,OH,43204
2895,ANGELO JOSEPH LN,APT 307,Columbus,OH,43204
1302,N WILSON RD,,Columbus,OH,43204
2981,ANGELO JOSEPH LN,APT 201,Columbus,OH,43204
2935,ANGELO JOSEPH LN,APT 103,Columbus,OH,43204
2935,ANGELO JOSEPH LN,APT 308,Columbus,OH,43204
2981,ANGELO JOSEPH LN,APT 107,Columbus,OH,43204
2935,ANGELO JOSEPH LN,APT 105,Columbus,OH,43204
2961,ANGELO JOSEPH LN,APT 106,Columbus,OH,43204
2981,ANGELO JOSEPH LN,APT 102,Columbus,OH,43204
2925,ANGELO JOSEPH LN,APT 301,Columbus,OH,43204
2927,LA VISTA DR,,Columbus,OH,43204
2400,GLENVIEW BLVD,,Columbus,OH,43204
625,S RICHARDSON AVE,,Columbus,OH,43204
2929,LA VISTA DR,,Columbus,OH,43204
2791,HOPPER WAY,UNIT 308,Columbus,OH,43204
2791,HOPPER WAY,UNIT 219,Columbus,OH,43204
2868,HOPPER WAY,UNIT 503,Columbus,OH,43204
2868,HOPPER WAY,UNIT 327,Columbus,OH,43204
2791,HOPPER WAY,UNIT 301,Columbus,OH,43204
2868,HOPPER WAY,UNIT 437,Columbus,OH,43204
2791,HOPPER WAY,UNIT 235,Columbus,OH,43204
2791,HOPPER WAY,UNIT 233,Columbus,OH,43204
2868,HOPPER WAY,UNIT 416,Columbus,OH,43204
2868,HOPPER WAY,UNIT 310,Columbus,OH,43204
2791,HOPPER WAY,UNIT 104,Columbus,OH,43204
2791,HOPPER WAY,UNIT 421,Columbus,OH,43204
2791,HOPPER WAY,UNIT 113,Columbus,OH,43204
2868,HOPPER WAY,UNIT 111,Columbus,OH,43204
2868,HOPPER WAY,UNIT 414,Columbus,OH,43204
2868,HOPPER WAY,UNIT 522,Columbus,OH,43204
2791,HOPPER WAY,UNIT 211,Columbus,OH,43204
2868,HOPPER WAY,UNIT 432,Columbus,OH,43204
2868,HOPPER WAY,UNIT 115,Columbus,OH,43204
2868,HOPPER WAY,UNIT 107,Columbus,OH,43204
2791,HOPPER WAY,UNIT 209,Columbus,OH,43204
2791,HOPPER WAY,UNIT 402,Columbus,OH,43204
2791,HOPPER WAY,UNIT 117,Columbus,OH,43204
2791,HOPPER WAY,UNIT 201,Columbus,OH,43204
2791,HOPPER WAY,UNIT 109,Columbus,OH,43204
2791,HOPPER WAY,UNIT 438,Columbus,OH,43204
2868,HOPPER WAY,UNIT 332,Columbus,OH,43204
2868,HOPPER WAY,UNIT 412,Columbus,OH,43204
2868,HOPPER WAY,UNIT 513,Columbus,OH,43204
2791,HOPPER WAY,UNIT 433,Columbus,OH,43204
2791,HOPPER WAY,UNIT 324,Columbus,OH,43204
2791,HOPPER WAY,UNIT 112,Columbus,OH,43204
2868,HOPPER WAY,UNIT 319,Columbus,OH,43204
2868,HOPPER WAY,UNIT 520,Columbus,OH,43204
2868,HOPPER WAY,UNIT 322,Columbus,OH,43204
2868,HOPPER WAY,UNIT 309,Columbus,OH,43204
2868,HOPPER WAY,UNIT 313,Columbus,OH,43204
2868,HOPPER WAY,UNIT 329,Columbus,OH,43204
2868,HOPPER WAY,UNIT 316,Columbus,OH,43204
2791,HOPPER WAY,UNIT 218,Columbus,OH,43204
2791,HOPPER WAY,UNIT 111,Columbus,OH,43204
2791,HOPPER WAY,UNIT 125,Columbus,OH,43204
2868,HOPPER WAY,UNIT 315,Columbus,OH,43204
2868,HOPPER WAY,UNIT 205,Columbus,OH,43204
2791,HOPPER WAY,UNIT 116,Columbus,OH,43204
2868,HOPPER WAY,UNIT 207,Columbus,OH,43204
2791,HOPPER WAY,UNIT 331,Columbus,OH,43204
2868,HOPPER WAY,UNIT 402,Columbus,OH,43204
2791,HOPPER WAY,UNIT 408,Columbus,OH,43204
2791,HOPPER WAY,UNIT 313,Columbus,OH,43204
2868,HOPPER WAY,UNIT 135,Columbus,OH,43204
2868,HOPPER WAY,UNIT 211,Columbus,OH,43204
2868,HOPPER WAY,UNIT 406,Columbus,OH,43204
2868,HOPPER WAY,UNIT 328,Columbus,OH,43204
2791,HOPPER WAY,UNIT 401,Columbus,OH,43204
2868,HOPPER WAY,UNIT 105,Columbus,OH,43204
2791,HOPPER WAY,UNIT 422,Columbus,OH,43204
2791,HOPPER WAY,UNIT 207,Columbus,OH,43204
2868,HOPPER WAY,UNIT 127,Columbus,OH,43204
2791,HOPPER WAY,UNIT 322,Columbus,OH,43204
2791,HOPPER WAY,UNIT 135,Columbus,OH,43204
2791,HOPPER WAY,UNIT 114,Columbus,OH,43204
2868,HOPPER WAY,UNIT 434,Columbus,OH,43204
2791,HOPPER WAY,UNIT 223,Columbus,OH,43204
2791,HOPPER WAY,UNIT 427,Columbus,OH,43204
2791,HOPPER WAY,UNIT 225,Columbus,OH,43204
2791,HOPPER WAY,UNIT 423,Columbus,OH,43204
2791,HOPPER WAY,UNIT 404,Columbus,OH,43204
2791,HOPPER WAY,UNIT 110,Columbus,OH,43204
2868,HOPPER WAY,UNIT 505,Columbus,OH,43204
2791,HOPPER WAY,UNIT 417,Columbus,OH,43204
2791,HOPPER WAY,UNIT 424,Columbus,OH,43204
2868,HOPPER WAY,UNIT 529,Columbus,OH,43204
2791,HOPPER WAY,UNIT 307,Columbus,OH,43204
2868,HOPPER WAY,UNIT 324,Columbus,OH,43204
2791,HOPPER WAY,UNIT 208,Columbus,OH,43204
2791,HOPPER WAY,UNIT 214,Columbus,OH,43204
2791,HOPPER WAY,UNIT 237,Columbus,OH,43204
2868,HOPPER WAY,UNIT 516,Columbus,OH,43204
2791,HOPPER WAY,UNIT 411,Columbus,OH,43204
2868,HOPPER WAY,UNIT 526,Columbus,OH,43204
2791,HOPPER WAY,UNIT 238,Columbus,OH,43204
2868,HOPPER WAY,UNIT 334,Columbus,OH,43204
2791,HOPPER WAY,UNIT 329,Columbus,OH,43204
2791,HOPPER WAY,UNIT 333,Columbus,OH,43204
2868,HOPPER WAY,UNIT 424,Columbus,OH,43204
2791,HOPPER WAY,UNIT 212,Columbus,OH,43204
2791,HOPPER WAY,UNIT 334,Columbus,OH,43204
2868,HOPPER WAY,UNIT 311,Columbus,OH,43204
2868,HOPPER WAY,UNIT 330,Columbus,OH,43204
2791,HOPPER WAY,UNIT 206,Columbus,OH,43204
2868,HOPPER WAY,UNIT 508,Columbus,OH,43204
2868,HOPPER WAY,UNIT 511,Columbus,OH,43204
2791,HOPPER WAY,UNIT 434,Columbus,OH,43204
2791,HOPPER WAY,UNIT 102,Columbus,OH,43204
2791,HOPPER WAY,UNIT 221,Columbus,OH,43204
2791,HOPPER WAY,,Columbus,OH,43204
2868,HOPPER WAY,UNIT 404,Columbus,OH,43204
2791,HOPPER WAY,UNIT 335,Columbus,OH,43204
2791,HOPPER WAY,UNIT 129,Columbus,OH,43204
2791,HOPPER WAY,UNIT 436,Columbus,OH,43204
2868,HOPPER WAY,UNIT 229,Columbus,OH,43204
2868,HOPPER WAY,UNIT 403,Columbus,OH,43204
2791,HOPPER WAY,UNIT 320,Columbus,OH,43204
2791,HOPPER WAY,UNIT 315,Columbus,OH,43204
2791,HOPPER WAY,UNIT 222,Columbus,OH,43204
2791,HOPPER WAY,UNIT 339,Columbus,OH,43204
2868,HOPPER WAY,UNIT 235,Columbus,OH,43204
2868,HOPPER WAY,UNIT 337,Columbus,OH,43204
2868,HOPPER WAY,UNIT 305,Columbus,OH,43204
2791,HOPPER WAY,UNIT 318,Columbus,OH,43204
2868,HOPPER WAY,UNIT 427,Columbus,OH,43204
2791,HOPPER WAY,UNIT 309,Columbus,OH,43204
2791,HOPPER WAY,UNIT 105,Columbus,OH,43204
2791,HOPPER WAY,UNIT 229,Columbus,OH,43204
2868,HOPPER WAY,UNIT 428,Columbus,OH,43204
2791,HOPPER WAY,UNIT 431,Columbus,OH,43204
2868,HOPPER WAY,UNIT 537,Columbus,OH,43204
2868,HOPPER WAY,UNIT 419,Columbus,OH,43204
2868,HOPPER WAY,UNIT 415,Columbus,OH,43204
2791,HOPPER WAY,UNIT 325,Columbus,OH,43204
2868,HOPPER WAY,UNIT 524,Columbus,OH,43204
2791,HOPPER WAY,UNIT 310,Columbus,OH,43204
2868,HOPPER WAY,UNIT 410,Columbus,OH,43204
2868,HOPPER WAY,UNIT 421,Columbus,OH,43204
2791,HOPPER WAY,UNIT 409,Columbus,OH,43204
2791,HOPPER WAY,UNIT 122,Columbus,OH,43204
2791,HOPPER WAY,UNIT 134,Columbus,OH,43204
2868,HOPPER WAY,UNIT 527,Columbus,OH,43204
2868,HOPPER WAY,UNIT 409,Columbus,OH,43204
2868,HOPPER WAY,UNIT 227,Columbus,OH,43204
2791,HOPPER WAY,UNIT 103,Columbus,OH,43204
2868,HOPPER WAY,UNIT 530,Columbus,OH,43204
2791,HOPPER WAY,UNIT 220,Columbus,OH,43204
2868,HOPPER WAY,UNIT 521,Columbus,OH,43204
2791,HOPPER WAY,UNIT 311,Columbus,OH,43204
2791,HOPPER WAY,UNIT 126,Columbus,OH,43204
2791,HOPPER WAY,UNIT 118,Columbus,OH,43204
2791,HOPPER WAY,UNIT 231,Columbus,OH,43204
2791,HOPPER WAY,UNIT 419,Columbus,OH,43204
2791,HOPPER WAY,UNIT 410,Columbus,OH,43204
2791,HOPPER WAY,UNIT 127,Columbus,OH,43204
2868,HOPPER WAY,UNIT 422,Columbus,OH,43204
2791,HOPPER WAY,UNIT 121,Columbus,OH,43204
2791,HOPPER WAY,UNIT 137,Columbus,OH,43204
2868,HOPPER WAY,UNIT 507,Columbus,OH,43204
2791,HOPPER WAY,UNIT 217,Columbus,OH,43204
2791,HOPPER WAY,UNIT 138,Columbus,OH,43204
2791,HOPPER WAY,UNIT 403,Columbus,OH,43204
2791,HOPPER WAY,UNIT 124,Columbus,OH,43204
2791,HOPPER WAY,UNIT 413,Columbus,OH,43204
2791,HOPPER WAY,UNIT 123,Columbus,OH,43204
2791,HOPPER WAY,UNIT 337,Columbus,OH,43204
2868,HOPPER WAY,UNIT 312,Columbus,OH,43204
2868,HOPPER WAY,UNIT 221,Columbus,OH,43204
2791,HOPPER WAY,UNIT 425,Columbus,OH,43204
2868,HOPPER WAY,,Columbus,OH,43204
2791,HOPPER WAY,UNIT 227,Columbus,OH,43204
2791,HOPPER WAY,UNIT 439,Columbus,OH,43204
2868,HOPPER WAY,UNIT 528,Columbus,OH,43204
2791,HOPPER WAY,UNIT 202,Columbus,OH,43204
2868,HOPPER WAY,UNIT 121,Columbus,OH,43204
2868,HOPPER WAY,UNIT 113,Columbus,OH,43204
2868,HOPPER WAY,UNIT 302,Columbus,OH,43204
2868,HOPPER WAY,UNIT 335,Columbus,OH,43204
2868,HOPPER WAY,UNIT 314,Columbus,OH,43204
2868,HOPPER WAY,UNIT 514,Columbus,OH,43204
2791,HOPPER WAY,UNIT 321,Columbus,OH,43204
2868,HOPPER WAY,UNIT 506,Columbus,OH,43204
2791,HOPPER WAY,UNIT 338,Columbus,OH,43204
2791,HOPPER WAY,UNIT 239,Columbus,OH,43204
2791,HOPPER WAY,UNIT 305,Columbus,OH,43204
2868,HOPPER WAY,UNIT 413,Columbus,OH,43204
2791,HOPPER WAY,UNIT 405,Columbus,OH,43204
2868,HOPPER WAY,UNIT 307,Columbus,OH,43204
2791,HOPPER WAY,UNIT 106,Columbus,OH,43204
2868,HOPPER WAY,UNIT 320,Columbus,OH,43204
2791,HOPPER WAY,UNIT 303,Columbus,OH,43204
2791,HOPPER WAY,UNIT 312,Columbus,OH,43204
2791,HOPPER WAY,UNIT 101,Columbus,OH,43204
2868,HOPPER WAY,UNIT 209,Columbus,OH,43204
2868,HOPPER WAY,UNIT 213,Columbus,OH,43204
2868,HOPPER WAY,UNIT 535,Columbus,OH,43204
2791,HOPPER WAY,UNIT 327,Columbus,OH,43204
2868,HOPPER WAY,UNIT 408,Columbus,OH,43204
2868,HOPPER WAY,UNIT 109,Columbus,OH,43204
2868,HOPPER WAY,UNIT 502,Columbus,OH,43204
2868,HOPPER WAY,UNIT 129,Columbus,OH,43204
2868,HOPPER WAY,UNIT 237,Columbus,OH,43204
2791,HOPPER WAY,UNIT 412,Columbus,OH,43204
2868,HOPPER WAY,UNIT 532,Columbus,OH,43204
2868,HOPPER WAY,UNIT WTR,Columbus,OH,43204
2791,HOPPER WAY,UNIT 136,Columbus,OH,43204
2791,HOPPER WAY,UNIT 420,Columbus,OH,43204
2791,HOPPER WAY,UNIT 139,Columbus,OH,43204
2868,HOPPER WAY,UNIT 515,Columbus,OH,43204
2791,HOPPER WAY,UNIT 429,Columbus,OH,43204
2791,HOPPER WAY,UNIT 314,Columbus,OH,43204
2868,HOPPER WAY,UNIT 215,Columbus,OH,43204
2791,HOPPER WAY,UNIT 205,Columbus,OH,43204
2791,HOPPER WAY,UNIT 415,Columbus,OH,43204
2868,HOPPER WAY,UNIT 420,Columbus,OH,43204
2791,HOPPER WAY,UNIT 216,Columbus,OH,43204
2791,HOPPER WAY,UNIT 210,Columbus,OH,43204
2868,HOPPER WAY,UNIT 308,Columbus,OH,43204
2791,HOPPER WAY,UNIT 302,Columbus,OH,43204
2634,BRIGGS RD,,Columbus,OH,43204
2868,HOPPER WAY,UNIT 510,Columbus,OH,43204
2791,HOPPER WAY,UNIT 306,Columbus,OH,43204
2868,HOPPER WAY,UNIT 426,Columbus,OH,43204
2791,HOPPER WAY,UNIT 319,Columbus,OH,43204
2791,HOPPER WAY,UNIT 120,Columbus,OH,43204
2791,HOPPER WAY,UNIT 437,Columbus,OH,43204
2791,HOPPER WAY,UNIT 336,Columbus,OH,43204
2791,HOPPER WAY,UNIT 407,Columbus,OH,43204
2868,HOPPER WAY,UNIT 326,Columbus,OH,43204
2791,HOPPER WAY,UNIT 119,Columbus,OH,43204
2791,HOPPER WAY,UNIT 203,Columbus,OH,43204
2791,HOPPER WAY,UNIT 224,Columbus,OH,43204
2791,HOPPER WAY,UNIT 234,Columbus,OH,43204
2868,HOPPER WAY,UNIT 304,Columbus,OH,43204
2868,HOPPER WAY,UNIT 430,Columbus,OH,43204
2791,HOPPER WAY,UNIT 107,Columbus,OH,43204
2868,HOPPER WAY,UNIT 203,Columbus,OH,43204
2791,HOPPER WAY,UNIT WTR,Columbus,OH,43204
2791,HOPPER WAY,UNIT 204,Columbus,OH,43204
2791,HOPPER WAY,UNIT 131,Columbus,OH,43204
2868,HOPPER WAY,UNIT 429,Columbus,OH,43204
2868,HOPPER WAY,UNIT 504,Columbus,OH,43204
2791,HOPPER WAY,UNIT 406,Columbus,OH,43204
2868,HOPPER WAY,UNIT 407,Columbus,OH,43204
2791,HOPPER WAY,UNIT 133,Columbus,OH,43204
2791,HOPPER WAY,UNIT 215,Columbus,OH,43204
2791,HOPPER WAY,UNIT 323,Columbus,OH,43204
2868,HOPPER WAY,UNIT 509,Columbus,OH,43204
2868,HOPPER WAY,UNIT 411,Columbus,OH,43204
2791,HOPPER WAY,UNIT 435,Columbus,OH,43204
2868,HOPPER WAY,UNIT 306,Columbus,OH,43204
2868,HOPPER WAY,UNIT 321,Columbus,OH,43204
2791,HOPPER WAY,UNIT 115,Columbus,OH,43204
2791,HOPPER WAY,UNIT 416,Columbus,OH,43204
2791,HOPPER WAY,UNIT 304,Columbus,OH,43204
2868,HOPPER WAY,UNIT 103,Columbus,OH,43204
2868,HOPPER WAY,UNIT 519,Columbus,OH,43204
2791,HOPPER WAY,UNIT 213,Columbus,OH,43204
2791,HOPPER WAY,UNIT 418,Columbus,OH,43204
2868,HOPPER WAY,UNIT 512,Columbus,OH,43204
2868,HOPPER WAY,UNIT 405,Columbus,OH,43204
2791,HOPPER WAY,UNIT 236,Columbus,OH,43204
2868,HOPPER WAY,UNIT 534,Columbus,OH,43204
2791,HOPPER WAY,UNIT 414,Columbus,OH,43204
2791,HOPPER WAY,UNIT 316,Columbus,OH,43204
2868,HOPPER WAY,UNIT 303,Columbus,OH,43204
2868,HOPPER WAY,UNIT 137,Columbus,OH,43204
2791,HOPPER WAY,UNIT 317,Columbus,OH,43204
2868,HOPPER WAY,UNIT 435,Columbus,OH,43204
123,S TERRACE AVE,,Columbus,OH,43204
2675,ST JOSEPH AVE,,Columbus,OH,43204
915,STEPHEN DR W,,Columbus,OH,43204
54,S WESTMOOR AVE,,Columbus,OH,43204
2950,PALMETTO ST,,Columbus,OH,43204
2905,CRESCENT DR,,Columbus,OH,43204
2943,WICKLOW RD,,Columbus,OH,43204
339,N OGDEN AVE,,Columbus,OH,43204
96 1/2,N HAGUE AVE,,Columbus,OH,43204
94 1/2,N HAGUE AVE,,Columbus,OH,43204
3390,TRABUE RD,,Columbus,OH,43204
19,N ROYS AVE,,Columbus,OH,43204
2177,MCKINLEY AVE,UNIT A,Columbus,OH,43204
2071,BUILDERS PL,,Columbus,OH,43204
1488,N WILSON RD,,Columbus,OH,43204
3465,BRIGGS RD,,Franklin Twp,OH,43204
944,BINNS BLVD,,Columbus,OH,43204
740,N WILSON RD,,Columbus,OH,43204
744,N WILSON RD,,Columbus,OH,43204
96,DERRER RD,,Columbus,OH,43204
762,N WILSON RD,,Columbus,OH,43204
748,N WILSON RD,,Columbus,OH,43204
2593,FISHER RD,,Columbus,OH,43204
2863,MCKINLEY AVE,UNIT TNK1,Columbus,OH,43204
2863,MCKINLEY AVE,,Columbus,OH,43204
2863,MCKINLEY AVE,UNIT TNK2,Columbus,OH,43204
3014 1/2,W BROAD ST,,Columbus,OH,43204
2352,W BROAD ST,,Columbus,OH,43204
54,S OAKLEY AVE,,Columbus,OH,43204
2354,W BROAD ST,,Columbus,OH,43204
671,N HAGUE AVE,UNIT WATR,Columbus,OH,43204
671,N HAGUE AVE,UNIT SIGN,Columbus,OH,43204
671,N HAGUE AVE,,Columbus,OH,43204
2780,FISHER RD,,Columbus,OH,43204
107,S WHEATLAND AVE,,Columbus,OH,43204
39,N WAYNE AVE,UNIT REAR,Columbus,OH,43204
3503,ENTERPRISE AVE,,Columbus,OH,43204
120,N EUREKA AVE,,Columbus,OH,43204
3135 1/2,SULLIVANT AVE,,Columbus,OH,43204
149 1/2,S OGDEN AVE,,Columbus,OH,43204
443,S HARRIS AVE,,Columbus,OH,43204
4,N OGDEN AVE,,Columbus,OH,43204
110,S HARRIS AVE,,Columbus,OH,43204
223,S HAGUE AVE,,Columbus,OH,43204
772,S WHEATLAND AVE,,Columbus,OH,43204
984,N WILSON RD,,Columbus,OH,43204
93,S BURGESS AVE,UNIT B,Columbus,OH,43204
415,S EUREKA AVE,,Columbus,OH,43204
520,S HARRIS AVE,A,Columbus,OH,43204
343,S RICHARDSON AVE,,Columbus,OH,43204
520,S HARRIS AVE,C,Columbus,OH,43204
93,S BURGESS AVE,UNIT D,Columbus,OH,43204
2696,SULLIVANT AVE,UNIT B,Columbus,OH,43204
93,S BURGESS AVE,UNIT C,Columbus,OH,43204
93,S BURGESS AVE,UNIT A,Columbus,OH,43204
323 1/2,S OGDEN AVE,,Columbus,OH,43204
88 1/2,S WARREN AVE,,Columbus,OH,43204
2456,W BROAD ST,UNIT B,Columbus,OH,43204
2456,W BROAD ST,UNIT D,Columbus,OH,43204
126,N BURGESS AVE,,Columbus,OH,43204
2456,W BROAD ST,UNIT A,Columbus,OH,43204
2456,W BROAD ST,UNIT C,Columbus,OH,43204
845,N WILSON RD,UNIT REST,Columbus,OH,43204
845,BINNS BLVD,,Columbus,OH,43204
307 1/2,N OGDEN AVE,,Columbus,OH,43204
2696,SULLIVANT AVE,UNIT A,Columbus,OH,43204
19,S WHEATLAND AVE,,Columbus,OH,43204
2475,SULLIVANT AVE,,Columbus,OH,43204
2692,W MOUND ST,,Columbus,OH,43204
2475 1/2,SULLIVANT AVE,,Columbus,OH,43204
2473 1/2,SULLIVANT AVE,,Columbus,OH,43204
2606,MCKINLEY AVE,,Columbus,OH,43204
2749,W BROAD ST,,Columbus,OH,43204
2457,W BROAD ST,,Columbus,OH,43204
2240,LARRISON DR,UNIT POOL,Columbus,OH,43204
2240,LARRISON DR,,Columbus,OH,43204
3069,W BROAD ST,,Columbus,OH,43204
2467,SAFFORD AVE,,Columbus,OH,43204
2465,SAFFORD AVE,,Columbus,OH,43204
117,N WARREN AVE,,Columbus,OH,43204
356,N BURGESS AVE,,Columbus,OH,43204
960,DEMOREST RD,,Columbus,OH,43204
3064,W BROAD ST,,Columbus,OH,43204
3062,W BROAD ST,,Columbus,OH,43204
352,N BURGESS AVE,,Columbus,OH,43204
3485,FREMONT ST,4,Columbus,OH,43204
3485,FREMONT ST,3,Columbus,OH,43204
2614,W BROAD ST,,Columbus,OH,43204
3060,W BROAD ST,,Columbus,OH,43204
191,N WAYNE AVE,,Columbus,OH,43204
3495,FREMONT ST,B,Columbus,OH,43204
3070,W BROAD ST,,Columbus,OH,43204
110,S WHEATLAND AVE,,Columbus,OH,43204
958 1/2,DEMOREST RD,B,Columbus,OH,43204
95,N WESTMOOR AVE,,Columbus,OH,43204
3068,W BROAD ST,,Columbus,OH,43204
3495,FREMONT ST,D,Columbus,OH,43204
3485,FREMONT ST,1,Columbus,OH,43204
960 1/2,DEMOREST RD,B,Columbus,OH,43204
3495,FREMONT ST,E,Columbus,OH,43204
3495,FREMONT ST,,Columbus,OH,43204
3505,FREMONT ST,,Columbus,OH,43204
960 1/2,DEMOREST RD,A,Columbus,OH,43204
960 1/2,DEMOREST RD,D,Columbus,OH,43204
3495,FREMONT ST,F,Columbus,OH,43204
958 1/2,DEMOREST RD,D,Columbus,OH,43204
958,DEMOREST RD,,Columbus,OH,43204
3505,FREMONT ST,B,Columbus,OH,43204
3485,FREMONT ST,2,Columbus,OH,43204
3495,FREMONT ST,C,Columbus,OH,43204
962,DEMOREST RD,,Columbus,OH,43204
3505,FREMONT ST,C,Columbus,OH,43204
57,N WHEATLAND AVE,,Columbus,OH,43204
3505,FREMONT ST,D,Columbus,OH,43204
3495,FREMONT ST,A,Columbus,OH,43204
958 1/2,DEMOREST RD,C,Columbus,OH,43204
3058,W BROAD ST,,Columbus,OH,43204
3505,FREMONT ST,A,Columbus,OH,43204
358,N BURGESS AVE,,Columbus,OH,43204
960 1/2,DEMOREST RD,C,Columbus,OH,43204
958 1/2,DEMOREST RD,A,Columbus,OH,43204
354,N BURGESS AVE,,Columbus,OH,43204
3485,FREMONT ST,,Columbus,OH,43204
2430,W MOUND ST,,Columbus,OH,43204
3060 1/2,W BROAD ST,,Columbus,OH,43204
191 1/2,N WAYNE AVE,,Columbus,OH,43204
57,N WHEATLAND AVE,,Columbus,OH,43204
110,S WHEATLAND AVE,,Columbus,OH,43204
1060,WOODS WATERS DR,UNIT 302,Columbus,OH,43204
1055,GHOST TREE DR,UNIT 305,Columbus,OH,43204
1070,GHOST TREE DR,UNIT 202,Columbus,OH,43204
1070,GHOST TREE DR,UNIT 301,Columbus,OH,43204
2370,NINEBARK DR,UNIT 206,Columbus,OH,43204
2370,NINEBARK DR,UNIT 104,Columbus,OH,43204
2300,LARRISON DR,UNIT 206,Columbus,OH,43204
1050,WOODS WATERS DR,UNIT 205,Columbus,OH,43204
2360,NINEBARK DR,UNIT 205,Columbus,OH,43204
2360,NINEBARK DR,UNIT 103,Columbus,OH,43204
1035,GHOST TREE DR,UNIT 109,Columbus,OH,43204
1055,GHOST TREE DR,UNIT 302,Columbus,OH,43204
1035,GHOST TREE DR,UNIT 104,Columbus,OH,43204
1050,WOODS WATERS DR,UNIT 301,Columbus,OH,43204
2350,NINEBARK DR,UNIT 203,Columbus,OH,43204
2360,NINEBARK DR,UNIT 105,Columbus,OH,43204
1090,WOODS WATERS DR,UNIT 207,Columbus,OH,43204
1070,GHOST TREE DR,UNIT 302,Columbus,OH,43204
1070,GHOST TREE DR,UNIT 210,Columbus,OH,43204
1055,GHOST TREE DR,UNIT 107,Columbus,OH,43204
2370,NINEBARK DR,UNIT 209,Columbus,OH,43204
1090,WOODS WATERS DR,UNIT 102,Columbus,OH,43204
1050,WOODS WATERS DR,UNIT 305,Columbus,OH,43204
1055,GHOST TREE DR,UNIT 208,Columbus,OH,43204
2300,LARRISON DR,UNIT 110,Columbus,OH,43204
1090,WOODS WATERS DR,UNIT 110,Columbus,OH,43204
1075,GHOST TREE DR,UNIT 110,Columbus,OH,43204
1045,GHOST TREE DR,,Columbus,OH,43204
2360,NINEBARK DR,UNIT 209,Columbus,OH,43204
1070,GHOST TREE DR,,Columbus,OH,43204
1060,WOODS WATERS DR,UNIT 105,Columbus,OH,43204
1075,GHOST TREE DR,UNIT 301,Columbus,OH,43204
2360,NINEBARK DR,UNIT 301,Columbus,OH,43204
1035,GHOST TREE DR,UNIT 301,Columbus,OH,43204
1060,WOODS WATERS DR,UNIT 207,Columbus,OH,43204
1075,GHOST TREE DR,,Columbus,OH,43204
1060,WOODS WATERS DR,,Columbus,OH,43204
1045,GHOST TREE DR,UNIT 102,Columbus,OH,43204
2320,LARRISON DR,UNIT 108,Columbus,OH,43204
2360,NINEBARK DR,UNIT 310,Columbus,OH,43204
2300,LARRISON DR,UNIT 107,Columbus,OH,43204
1045,GHOST TREE DR,UNIT 202,Columbus,OH,43204
1090,WOODS WATERS DR,UNIT 212,Columbus,OH,43204
2300,LARRISON DR,UNIT 302,Columbus,OH,43204
1075,GHOST TREE DR,UNIT 310,Columbus,OH,43204
1090,WOODS WATERS DR,,Columbus,OH,43204
1070,GHOST TREE DR,UNIT 310,Columbus,OH,43204
2370,NINEBARK DR,UNIT 205,Columbus,OH,43204
1090,WOODS WATERS DR,UNIT 209,Columbus,OH,43204
1090,WOODS WATERS DR,UNIT 306,Columbus,OH,43204
1035,GHOST TREE DR,UNIT 308,Columbus,OH,43204
1045,GHOST TREE DR,UNIT 208,Columbus,OH,43204
1015,GHOST TREE DR,UNIT 208,Columbus,OH,43204
2370,NINEBARK DR,UNIT 106,Columbus,OH,43204
1075,GHOST TREE DR,UNIT 106,Columbus,OH,43204
2360,NINEBARK DR,UNIT 201,Columbus,OH,43204
1090,WOODS WATERS DR,UNIT 311,Columbus,OH,43204
1050,WOODS WATERS DR,UNIT 307,Columbus,OH,43204
2360,NINEBARK DR,UNIT 304,Columbus,OH,43204
1060,WOODS WATERS DR,UNIT 305,Columbus,OH,43204
1050,WOODS WATERS DR,UNIT 101,Columbus,OH,43204
1075,GHOST TREE DR,UNIT 210,Columbus,OH,43204
1070,GHOST TREE DR,UNIT 309,Columbus,OH,43204
2300,LARRISON DR,UNIT 105,Columbus,OH,43204
1090,WOODS WATERS DR,UNIT 214,Columbus,OH,43204
2370,NINEBARK DR,UNIT 307,Columbus,OH,43204
1050,WOODS WATERS DR,UNIT 304,Columbus,OH,43204
1090,WOODS WATERS DR,UNIT 308,Columbus,OH,43204
1075,GHOST TREE DR,UNIT 305,Columbus,OH,43204
2360,NINEBARK DR,UNIT 102,Columbus,OH,43204
1035,GHOST TREE DR,UNIT 307,Columbus,OH,43204
1045,GHOST TREE DR,UNIT 303,Columbus,OH,43204
1015,GHOST TREE DR,UNIT 303,Columbus,OH,43204
2370,NINEBARK DR,UNIT 301,Columbus,OH,43204
1015,GHOST TREE DR,UNIT 101,Columbus,OH,43204
1045,GHOST TREE DR,UNIT 105,Columbus,OH,43204
2300,LARRISON DR,UNIT 209,Columbus,OH,43204
1070,GHOST TREE DR,UNIT 105,Columbus,OH,43204
1070,GHOST TREE DR,UNIT 201,Columbus,OH,43204
1060,WOODS WATERS DR,UNIT 201,Columbus,OH,43204
2320,LARRISON DR,UNIT 201,Columbus,OH,43204
1035,GHOST TREE DR,UNIT 107,Columbus,OH,43204
1075,GHOST TREE DR,UNIT 207,Columbus,OH,43204
2370,NINEBARK DR,UNIT 207,Columbus,OH,43204
2320,LARRISON DR,UNIT 306,Columbus,OH,43204
1090,WOODS WATERS DR,UNIT 210,Columbus,OH,43204
1070,GHOST TREE DR,UNIT 106,Columbus,OH,43204
1015,GHOST TREE DR,UNIT 302,Columbus,OH,43204
1055,GHOST TREE DR,UNIT 308,Columbus,OH,43204
1015,GHOST TREE DR,UNIT 102,Columbus,OH,43204
1055,GHOST TREE DR,UNIT 108,Columbus,OH,43204
1045,GHOST TREE DR,UNIT 304,Columbus,OH,43204
1035,GHOST TREE DR,UNIT 203,Columbus,OH,43204
1070,GHOST TREE DR,UNIT 203,Columbus,OH,43204
1045,GHOST TREE DR,UNIT 306,Columbus,OH,43204
1090,WOODS WATERS DR,UNIT 201,Columbus,OH,43204
1035,GHOST TREE DR,UNIT 106,Columbus,OH,43204
2350,NINEBARK DR,UNIT 201,Columbus,OH,43204
1075,GHOST TREE DR,UNIT 107,Columbus,OH,43204
2300,LARRISON DR,UNIT 309,Columbus,OH,43204
2300,LARRISON DR,UNIT 103,Columbus,OH,43204
1075,GHOST TREE DR,UNIT 209,Columbus,OH,43204
1075,GHOST TREE DR,UNIT 204,Columbus,OH,43204
1070,GHOST TREE DR,UNIT 204,Columbus,OH,43204
1075,GHOST TREE DR,UNIT 103,Columbus,OH,43204
2350,NINEBARK DR,UNIT 102,Columbus,OH,43204
1070,GHOST TREE DR,UNIT 207,Columbus,OH,43204
505,S WHEATLAND AVE,,Columbus,OH,43204
1035,GHOST TREE DR,UNIT 304,Columbus,OH,43204
1090,WOODS WATERS DR,UNIT 303,Columbus,OH,43204
1050,WOODS WATERS DR,UNIT 201,Columbus,OH,43204
2320,LARRISON DR,UNIT 105,Columbus,OH,43204
1055,GHOST TREE DR,UNIT 102,Columbus,OH,43204
2350,NINEBARK DR,UNIT 109,Columbus,OH,43204
1015,GHOST TREE DR,UNIT 109,Columbus,OH,43204
2350,NINEBARK DR,,Columbus,OH,43204
1050,WOODS WATERS DR,UNIT 303,Columbus,OH,43204
1045,GHOST TREE DR,UNIT 104,Columbus,OH,43204
2320,LARRISON DR,UNIT 310,Columbus,OH,43204
1015,GHOST TREE DR,UNIT 201,Columbus,OH,43204
1090,WOODS WATERS DR,UNIT 109,Columbus,OH,43204
1055,GHOST TREE DR,UNIT 204,Columbus,OH,43204
1075,GHOST TREE DR,UNIT 101,Columbus,OH,43204
2360,NINEBARK DR,UNIT 108,Columbus,OH,43204
1060,WOODS WATERS DR,UNIT 206,Columbus,OH,43204
1060,WOODS WATERS DR,UNIT 307,Columbus,OH,43204
1015,GHOST TREE DR,UNIT 203,Columbus,OH,43204
2320,LARRISON DR,UNIT 302,Columbus,OH,43204
2350,NINEBARK DR,UNIT 210,Columbus,OH,43204
1060,WOODS WATERS DR,UNIT 103,Columbus,OH,43204
2350,NINEBARK DR,UNIT 303,Columbus,OH,43204
1055,GHOST TREE DR,UNIT 303,Columbus,OH,43204
1060,WOODS WATERS DR,UNIT 204,Columbus,OH,43204
1015,GHOST TREE DR,UNIT 307,Columbus,OH,43204
1055,GHOST TREE DR,,Columbus,OH,43204
1060,WOODS WATERS DR,UNIT 104,Columbus,OH,43204
2350,NINEBARK DR,UNIT 310,Columbus,OH,43204
1045,GHOST TREE DR,UNIT 106,Columbus,OH,43204
1060,WOODS WATERS DR,UNIT 102,Columbus,OH,43204
1055,GHOST TREE DR,UNIT 306,Columbus,OH,43204
1055,GHOST TREE DR,UNIT 207,Columbus,OH,43204
1090,WOODS WATERS DR,UNIT 203,Columbus,OH,43204
2370,NINEBARK DR,UNIT 108,Columbus,OH,43204
1035,GHOST TREE DR,UNIT 202,Columbus,OH,43204
2350,NINEBARK DR,UNIT 301,Columbus,OH,43204
2300,LARRISON DR,UNIT 210,Columbus,OH,43204
1015,GHOST TREE DR,UNIT 108,Columbus,OH,43204
1050,WOODS WATERS DR,UNIT 102,Columbus,OH,43204
2320,LARRISON DR,UNIT 203,Columbus,OH,43204
2300,LARRISON DR,UNIT 204,Columbus,OH,43204
1050,WOODS WATERS DR,UNIT 105,Columbus,OH,43204
1055,GHOST TREE DR,UNIT 304,Columbus,OH,43204
1090,WOODS WATERS DR,UNIT 108,Columbus,OH,43204
1045,GHOST TREE DR,UNIT 305,Columbus,OH,43204
2370,NINEBARK DR,UNIT 201,Columbus,OH,43204
2350,NINEBARK DR,UNIT 209,Columbus,OH,43204
1050,WOODS WATERS DR,UNIT 107,Columbus,OH,43204
1090,WOODS WATERS DR,UNIT 112,Columbus,OH,43204
2370,NINEBARK DR,UNIT 305,Columbus,OH,43204
1035,GHOST TREE DR,UNIT 303,Columbus,OH,43204
1015,GHOST TREE DR,UNIT 204,Columbus,OH,43204
1060,WOODS WATERS DR,UNIT 107,Columbus,OH,43204
1090,WOODS WATERS DR,UNIT 211,Columbus,OH,43204
1035,GHOST TREE DR,UNIT 206,Columbus,OH,43204
1060,WOODS WATERS DR,UNIT 205,Columbus,OH,43204
1070,GHOST TREE DR,UNIT 306,Columbus,OH,43204
1015,GHOST TREE DR,UNIT 104,Columbus,OH,43204
2320,LARRISON DR,UNIT 206,Columbus,OH,43204
1035,GHOST TREE DR,UNIT 309,Columbus,OH,43204
1075,GHOST TREE DR,UNIT 201,Columbus,OH,43204
1015,GHOST TREE DR,UNIT 301,Columbus,OH,43204
1050,WOODS WATERS DR,UNIT 204,Columbus,OH,43204
2350,NINEBARK DR,UNIT 107,Columbus,OH,43204
2320,LARRISON DR,UNIT 208,Columbus,OH,43204
1015,GHOST TREE DR,UNIT 309,Columbus,OH,43204
1055,GHOST TREE DR,UNIT 105,Columbus,OH,43204
1045,GHOST TREE DR,UNIT 101,Columbus,OH,43204
1050,WOODS WATERS DR,UNIT 108,Columbus,OH,43204
2350,NINEBARK DR,UNIT 302,Columbus,OH,43204
2360,NINEBARK DR,UNIT 109,Columbus,OH,43204
2320,LARRISON DR,UNIT 304,Columbus,OH,43204
1015,GHOST TREE DR,UNIT 205,Columbus,OH,43204
1075,GHOST TREE DR,UNIT 306,Columbus,OH,43204
1015,GHOST TREE DR,UNIT 209,Columbus,OH,43204
1090,WOODS WATERS DR,UNIT 106,Columbus,OH,43204
1070,GHOST TREE DR,UNIT 104,Columbus,OH,43204
1050,WOODS WATERS DR,UNIT 207,Columbus,OH,43204
2300,LARRISON DR,UNIT 109,Columbus,OH,43204
1045,GHOST TREE DR,UNIT 307,Columbus,OH,43204
1045,GHOST TREE DR,UNIT 201,Columbus,OH,43204
2360,NINEBARK DR,UNIT 202,Columbus,OH,43204
2300,LARRISON DR,UNIT 310,Columbus,OH,43204
1075,GHOST TREE DR,UNIT 208,Columbus,OH,43204
2300,LARRISON DR,UNIT 205,Columbus,OH,43204
2300,LARRISON DR,UNIT 101,Columbus,OH,43204
1060,WOODS WATERS DR,UNIT 303,Columbus,OH,43204
2360,NINEBARK DR,UNIT 104,Columbus,OH,43204
1090,WOODS WATERS DR,UNIT 208,Columbus,OH,43204
2360,NINEBARK DR,UNIT 107,Columbus,OH,43204
2360,NINEBARK DR,UNIT 210,Columbus,OH,43204
2370,NINEBARK DR,UNIT 110,Columbus,OH,43204
2370,NINEBARK DR,UNIT 204,Columbus,OH,43204
1090,WOODS WATERS DR,UNIT 302,Columbus,OH,43204
2320,LARRISON DR,UNIT 207,Columbus,OH,43204
1015,GHOST TREE DR,UNIT 107,Columbus,OH,43204
2360,NINEBARK DR,UNIT 306,Columbus,OH,43204
1075,GHOST TREE DR,UNIT 303,Columbus,OH,43204
1035,GHOST TREE DR,UNIT 102,Columbus,OH,43204
2320,LARRISON DR,UNIT 305,Columbus,OH,43204
2350,NINEBARK DR,UNIT 306,Columbus,OH,43204
1035,GHOST TREE DR,UNIT 209,Columbus,OH,43204
2370,NINEBARK DR,UNIT 105,Columbus,OH,43204
2300,LARRISON DR,UNIT 303,Columbus,OH,43204
1055,GHOST TREE DR,UNIT 201,Columbus,OH,43204
1035,GHOST TREE DR,UNIT 105,Columbus,OH,43204
1035,GHOST TREE DR,UNIT 101,Columbus,OH,43204
1055,GHOST TREE DR,UNIT 202,Columbus,OH,43204
2370,NINEBARK DR,UNIT 303,Columbus,OH,43204
2300,LARRISON DR,,Columbus,OH,43204
1090,WOODS WATERS DR,UNIT 314,Columbus,OH,43204
2300,LARRISON DR,UNIT 304,Columbus,OH,43204
1035,GHOST TREE DR,UNIT 108,Columbus,OH,43204
1050,WOODS WATERS DR,UNIT 106,Columbus,OH,43204
1045,GHOST TREE DR,UNIT 207,Columbus,OH,43204
1035,GHOST TREE DR,UNIT 208,Columbus,OH,43204
1050,WOODS WATERS DR,,Columbus,OH,43204
2360,NINEBARK DR,UNIT 101,Columbus,OH,43204
1045,GHOST TREE DR,UNIT 204,Columbus,OH,43204
1070,GHOST TREE DR,UNIT 303,Columbus,OH,43204
1055,GHOST TREE DR,UNIT 206,Columbus,OH,43204
1035,GHOST TREE DR,UNIT 310,Columbus,OH,43204
1090,WOODS WATERS DR,UNIT 113,Columbus,OH,43204
1075,GHOST TREE DR,UNIT 302,Columbus,OH,43204
2360,NINEBARK DR,UNIT 303,Columbus,OH,43204
1070,GHOST TREE DR,UNIT 208,Columbus,OH,43204
1035,GHOST TREE DR,UNIT 306,Columbus,OH,43204
1060,WOODS WATERS DR,UNIT 308,Columbus,OH,43204
1055,GHOST TREE DR,UNIT 203,Columbus,OH,43204
1055,GHOST TREE DR,UNIT 103,Columbus,OH,43204
2320,LARRISON DR,UNIT 303,Columbus,OH,43204
2320,LARRISON DR,UNIT 202,Columbus,OH,43204
1075,GHOST TREE DR,UNIT 104,Columbus,OH,43204
2360,NINEBARK DR,UNIT 208,Columbus,OH,43204
2350,NINEBARK DR,UNIT 108,Columbus,OH,43204
1075,GHOST TREE DR,UNIT 205,Columbus,OH,43204
1090,WOODS WATERS DR,UNIT 103,Columbus,OH,43204
1055,GHOST TREE DR,UNIT 205,Columbus,OH,43204
1075,GHOST TREE DR,UNIT 309,Columbus,OH,43204
1015,GHOST TREE DR,UNIT 207,Columbus,OH,43204
1070,GHOST TREE DR,UNIT 205,Columbus,OH,43204
1090,WOODS WATERS DR,UNIT 213,Columbus,OH,43204
1050,WOODS WATERS DR,UNIT 206,Columbus,OH,43204
1035,GHOST TREE DR,,Columbus,OH,43204
2320,LARRISON DR,UNIT 106,Columbus,OH,43204
2360,NINEBARK DR,UNIT 307,Columbus,OH,43204
1035,GHOST TREE DR,UNIT 205,Columbus,OH,43204
2300,LARRISON DR,UNIT 203,Columbus,OH,43204
2300,LARRISON DR,UNIT 208,Columbus,OH,43204
2360,NINEBARK DR,,Columbus,OH,43204
1050,WOODS WATERS DR,UNIT 104,Columbus,OH,43204
2370,NINEBARK DR,UNIT 208,Columbus,OH,43204
2370,NINEBARK DR,UNIT 101,Columbus,OH,43204
2360,NINEBARK DR,UNIT 309,Columbus,OH,43204
2320,LARRISON DR,UNIT 309,Columbus,OH,43204
1045,GHOST TREE DR,UNIT 203,Columbus,OH,43204
1045,GHOST TREE DR,UNIT 205,Columbus,OH,43204
1015,GHOST TREE DR,UNIT 206,Columbus,OH,43204
1050,WOODS WATERS DR,UNIT 202,Columbus,OH,43204
1035,GHOST TREE DR,UNIT 201,Columbus,OH,43204
1045,GHOST TREE DR,UNIT 308,Columbus,OH,43204
1055,GHOST TREE DR,UNIT 301,Columbus,OH,43204
1070,GHOST TREE DR,UNIT 305,Columbus,OH,43204
1045,GHOST TREE DR,UNIT 108,Columbus,OH,43204
2320,LARRISON DR,UNIT 209,Columbus,OH,43204
2320,LARRISON DR,UNIT 110,Columbus,OH,43204
1035,GHOST TREE DR,UNIT 103,Columbus,OH,43204
2350,NINEBARK DR,UNIT 304,Columbus,OH,43204
2360,NINEBARK DR,UNIT 207,Columbus,OH,43204
2300,LARRISON DR,UNIT 305,Columbus,OH,43204
1060,WOODS WATERS DR,UNIT 108,Columbus,OH,43204
1050,WOODS WATERS DR,UNIT 302,Columbus,OH,43204
2320,LARRISON DR,UNIT 301,Columbus,OH,43204
1055,GHOST TREE DR,UNIT 106,Columbus,OH,43204
1035,GHOST TREE DR,UNIT 207,Columbus,OH,43204
1070,GHOST TREE DR,UNIT 206,Columbus,OH,43204
1090,WOODS WATERS DR,UNIT 309,Columbus,OH,43204
1015,GHOST TREE DR,UNIT 210,Columbus,OH,43204
1045,GHOST TREE DR,UNIT 302,Columbus,OH,43204
2300,LARRISON DR,UNIT 102,Columbus,OH,43204
2320,LARRISON DR,,Columbus,OH,43204
2300,LARRISON DR,UNIT 201,Columbus,OH,43204
1015,GHOST TREE DR,,Columbus,OH,43204
1090,WOODS WATERS DR,UNIT 301,Columbus,OH,43204
2350,NINEBARK DR,UNIT 105,Columbus,OH,43204
2320,LARRISON DR,UNIT 107,Columbus,OH,43204
1045,GHOST TREE DR,UNIT 107,Columbus,OH,43204
2370,NINEBARK DR,,Columbus,OH,43204
1090,WOODS WATERS DR,UNIT 107,Columbus,OH,43204
1090,WOODS WATERS DR,UNIT 305,Columbus,OH,43204
1045,GHOST TREE DR,UNIT 301,Columbus,OH,43204
2300,LARRISON DR,UNIT 104,Columbus,OH,43204
1070,GHOST TREE DR,UNIT 102,Columbus,OH,43204
1090,WOODS WATERS DR,UNIT 114,Columbus,OH,43204
1090,WOODS WATERS DR,UNIT 202,Columbus,OH,43204
1015,GHOST TREE DR,UNIT 110,Columbus,OH,43204
2360,NINEBARK DR,UNIT 110,Columbus,OH,43204
2320,LARRISON DR,UNIT 103,Columbus,OH,43204
2370,NINEBARK DR,UNIT 203,Columbus,OH,43204
2370,NINEBARK DR,UNIT 210,Columbus,OH,43204
1070,GHOST TREE DR,UNIT 209,Columbus,OH,43204
2240,LARRISON DR,UNIT TRSH,Columbus,OH,43204
2300,LARRISON DR,UNIT 207,Columbus,OH,43204
1050,WOODS WATERS DR,UNIT 306,Columbus,OH,43204
2370,NINEBARK DR,UNIT 309,Columbus,OH,43204
1090,WOODS WATERS DR,UNIT 204,Columbus,OH,43204
1015,GHOST TREE DR,UNIT 106,Columbus,OH,43204
1090,WOODS WATERS DR,UNIT 105,Columbus,OH,43204
1090,WOODS WATERS DR,UNIT 101,Columbus,OH,43204
2350,NINEBARK DR,UNIT 104,Columbus,OH,43204
2360,NINEBARK DR,UNIT 308,Columbus,OH,43204
1075,GHOST TREE DR,UNIT 202,Columbus,OH,43204
2350,NINEBARK DR,UNIT 305,Columbus,OH,43204
1060,WOODS WATERS DR,UNIT 101,Columbus,OH,43204
1015,GHOST TREE DR,UNIT 105,Columbus,OH,43204
2370,NINEBARK DR,UNIT 304,Columbus,OH,43204
2360,NINEBARK DR,UNIT 204,Columbus,OH,43204
2300,LARRISON DR,UNIT 301,Columbus,OH,43204
2350,NINEBARK DR,UNIT 309,Columbus,OH,43204
1090,WOODS WATERS DR,UNIT 304,Columbus,OH,43204
1075,GHOST TREE DR,UNIT 102,Columbus,OH,43204
1060,WOODS WATERS DR,UNIT 208,Columbus,OH,43204
1050,WOODS WATERS DR,UNIT 203,Columbus,OH,43204
1070,GHOST TREE DR,UNIT 108,Columbus,OH,43204
1090,WOODS WATERS DR,UNIT 312,Columbus,OH,43204
1035,GHOST TREE DR,UNIT 204,Columbus,OH,43204
1070,GHOST TREE DR,UNIT 304,Columbus,OH,43204
1090,WOODS WATERS DR,UNIT 313,Columbus,OH,43204
1070,GHOST TREE DR,UNIT 101,Columbus,OH,43204
2320,LARRISON DR,UNIT 101,Columbus,OH,43204
2350,NINEBARK DR,UNIT 206,Columbus,OH,43204
1060,WOODS WATERS DR,UNIT 202,Columbus,OH,43204
1035,GHOST TREE DR,UNIT 305,Columbus,OH,43204
1015,GHOST TREE DR,UNIT 202,Columbus,OH,43204
2370,NINEBARK DR,UNIT 103,Columbus,OH,43204
1075,GHOST TREE DR,UNIT 206,Columbus,OH,43204
1055,GHOST TREE DR,UNIT 101,Columbus,OH,43204
2350,NINEBARK DR,UNIT 103,Columbus,OH,43204
1090,WOODS WATERS DR,UNIT 206,Columbus,OH,43204
2320,LARRISON DR,UNIT 109,Columbus,OH,43204
1075,GHOST TREE DR,UNIT 108,Columbus,OH,43204
2320,LARRISON DR,UNIT 308,Columbus,OH,43204
2350,NINEBARK DR,UNIT 106,Columbus,OH,43204
2370,NINEBARK DR,UNIT 306,Columbus,OH,43204
1055,GHOST TREE DR,UNIT 307,Columbus,OH,43204
2350,NINEBARK DR,UNIT 208,Columbus,OH,43204
1015,GHOST TREE DR,UNIT 305,Columbus,OH,43204
1015,GHOST TREE DR,UNIT 306,Columbus,OH,43204
2360,NINEBARK DR,UNIT 302,Columbus,OH,43204
2300,LARRISON DR,UNIT 202,Columbus,OH,43204
2320,LARRISON DR,UNIT 307,Columbus,OH,43204
1090,WOODS WATERS DR,UNIT 307,Columbus,OH,43204
2370,NINEBARK DR,UNIT 109,Columbus,OH,43204
2350,NINEBARK DR,UNIT 204,Columbus,OH,43204
1015,GHOST TREE DR,UNIT 308,Columbus,OH,43204
1035,GHOST TREE DR,UNIT 302,Columbus,OH,43204
2370,NINEBARK DR,UNIT 102,Columbus,OH,43204
1070,GHOST TREE DR,UNIT 308,Columbus,OH,43204
2300,LARRISON DR,UNIT 306,Columbus,OH,43204
1035,GHOST TREE DR,UNIT 210,Columbus,OH,43204
2360,NINEBARK DR,UNIT 305,Columbus,OH,43204
1070,GHOST TREE DR,UNIT 109,Columbus,OH,43204
1075,GHOST TREE DR,UNIT 203,Columbus,OH,43204
2370,NINEBARK DR,UNIT 310,Columbus,OH,43204
1090,WOODS WATERS DR,UNIT 310,Columbus,OH,43204
2350,NINEBARK DR,UNIT 207,Columbus,OH,43204
2370,NINEBARK DR,UNIT 302,Columbus,OH,43204
2320,LARRISON DR,UNIT 210,Columbus,OH,43204
1090,WOODS WATERS DR,UNIT 104,Columbus,OH,43204
2350,NINEBARK DR,UNIT 110,Columbus,OH,43204
2320,LARRISON DR,UNIT 205,Columbus,OH,43204
1090,WOODS WATERS DR,UNIT 205,Columbus,OH,43204
1070,GHOST TREE DR,UNIT 307,Columbus,OH,43204
1090,WOODS WATERS DR,UNIT 111,Columbus,OH,43204
1075,GHOST TREE DR,UNIT 304,Columbus,OH,43204
1075,GHOST TREE DR,UNIT 307,Columbus,OH,43204
1015,GHOST TREE DR,UNIT 304,Columbus,OH,43204
2360,NINEBARK DR,UNIT 106,Columbus,OH,43204
1045,GHOST TREE DR,UNIT 103,Columbus,OH,43204
2370,NINEBARK DR,UNIT 202,Columbus,OH,43204
1050,WOODS WATERS DR,UNIT 103,Columbus,OH,43204
2350,NINEBARK DR,UNIT 202,Columbus,OH,43204
2360,NINEBARK DR,UNIT 203,Columbus,OH,43204
1070,GHOST TREE DR,UNIT 110,Columbus,OH,43204
2320,LARRISON DR,UNIT 104,Columbus,OH,43204
2360,NINEBARK DR,UNIT 206,Columbus,OH,43204
1060,WOODS WATERS DR,UNIT 106,Columbus,OH,43204
1075,GHOST TREE DR,UNIT 105,Columbus,OH,43204
2300,LARRISON DR,UNIT 307,Columbus,OH,43204
2320,LARRISON DR,UNIT 204,Columbus,OH,43204
1060,WOODS WATERS DR,UNIT 306,Columbus,OH,43204
2300,LARRISON DR,UNIT 308,Columbus,OH,43204
1015,GHOST TREE DR,UNIT 103,Columbus,OH,43204
2350,NINEBARK DR,UNIT 101,Columbus,OH,43204
1015,GHOST TREE DR,UNIT 310,Columbus,OH,43204
2350,NINEBARK DR,UNIT 307,Columbus,OH,43204
2350,NINEBARK DR,UNIT 205,Columbus,OH,43204
2370,NINEBARK DR,UNIT 308,Columbus,OH,43204
1075,GHOST TREE DR,UNIT 109,Columbus,OH,43204
2300,LARRISON DR,UNIT 106,Columbus,OH,43204
1045,GHOST TREE DR,UNIT 206,Columbus,OH,43204
1035,GHOST TREE DR,UNIT 110,Columbus,OH,43204
1060,WOODS WATERS DR,UNIT 203,Columbus,OH,43204
2370,NINEBARK DR,UNIT 107,Columbus,OH,43204
1050,WOODS WATERS DR,UNIT 208,Columbus,OH,43204
1055,GHOST TREE DR,UNIT 104,Columbus,OH,43204
1060,WOODS WATERS DR,UNIT 304,Columbus,OH,43204
1070,GHOST TREE DR,UNIT 103,Columbus,OH,43204
1060,WOODS WATERS DR,UNIT 301,Columbus,OH,43204
1070,GHOST TREE DR,UNIT 107,Columbus,OH,43204
2300,LARRISON DR,UNIT 108,Columbus,OH,43204
1050,WOODS WATERS DR,UNIT 308,Columbus,OH,43204
1075,GHOST TREE DR,UNIT 308,Columbus,OH,43204
61,S RICHARDSON AVE,UNIT B,Columbus,OH,43204
61,S RICHARDSON AVE,UNIT C,Columbus,OH,43204
2969,ABBOTS COVE BLVD,,Columbus,OH,43204
2989,ABBOTS COVE BLVD,,Columbus,OH,43204
2959,ABBOTS COVE BLVD,,Columbus,OH,43204
2921,ABBOTS COVE BLVD,,Columbus,OH,43204
2961,ABBOTS COVE BLVD,,Columbus,OH,43204
2877,ABBOTS COVE BLVD,,Columbus,OH,43204
2987,ABBOTS COVE BLVD,,Columbus,OH,43204
2919,ABBOTS COVE BLVD,,Columbus,OH,43204
2917,ABBOTS COVE BLVD,,Columbus,OH,43204
2965,ABBOTS COVE BLVD,,Columbus,OH,43204
2915,ABBOTS COVE BLVD,,Columbus,OH,43204
2947,ABBOTS COVE BLVD,,Columbus,OH,43204
2975,ABBOTS COVE BLVD,,Columbus,OH,43204
2977,ABBOTS COVE BLVD,,Columbus,OH,43204
2949,ABBOTS COVE BLVD,,Columbus,OH,43204
2955,ABBOTS COVE BLVD,,Columbus,OH,43204
2837,ABBOTS COVE BLVD,,Columbus,OH,43204
2985,ABBOTS COVE BLVD,,Columbus,OH,43204
2981,ABBOTS COVE BLVD,,Columbus,OH,43204
2967,ABBOTS COVE BLVD,,Columbus,OH,43204
2923,ABBOTS COVE BLVD,,Columbus,OH,43204
2839,ABBOTS COVE BLVD,,Columbus,OH,43204
2819,ABBOTS COVE BLVD,,Columbus,OH,43204
2963,ABBOTS COVE BLVD,,Columbus,OH,43204
2973,ABBOTS COVE BLVD,,Columbus,OH,43204
2971,ABBOTS COVE BLVD,,Columbus,OH,43204
2945,ABBOTS COVE BLVD,,Columbus,OH,43204
2500,W 5TH AVE,,Columbus,OH,43204
994,S ROYS AVE,,Columbus,OH,43204
2983,ABBOTS COVE BLVD,,Columbus,OH,43204
2841,ABBOTS COVE BLVD,,Columbus,OH,43204
2913,ABBOTS COVE BLVD,,Columbus,OH,43204
2951,ABBOTS COVE BLVD,,Columbus,OH,43204
2925,ABBOTS COVE BLVD,,Columbus,OH,43204
2943,ABBOTS COVE BLVD,,Columbus,OH,43204
2859,ABBOTS COVE BLVD,,Columbus,OH,43204
2953,ABBOTS COVE BLVD,,Columbus,OH,43204
2957,ABBOTS COVE BLVD,,Columbus,OH,43204
2979,ABBOTS COVE BLVD,,Columbus,OH,43204
2895,ABBOTS COVE BLVD,,Columbus,OH,43204
994,S ROYS AVE,,Columbus,OH,43204